[w5:kl:pro] IP mode=tor
[w5:kl:pro] Starting Tor gen=1 socks=127.0.0.1:19055 (try 1)
[w5:kl:pro] tor: Aug 05 08:51:52.212 [warn] Fixing permissions on directory /tmp/lll-tor-w5
[w5:kl:pro] tor: Aug 05 08:51:52.000 [notice] Bootstrapped 0% (starting): Starting
[w5:kl:pro] tor: Aug 05 08:51:53.000 [notice] Bootstrapped 5% (conn): Connecting to a relay
[w5:kl:pro] tor: Aug 05 08:51:53.000 [notice] Bootstrapped 10% (conn_done): Connected to a relay
[w5:kl:pro] tor: Aug 05 08:52:19.000 [notice] Bootstrapped 14% (handshake): Handshaking with a relay
[w5:kl:pro] tor: Aug 05 08:52:19.000 [notice] Bootstrapped 15% (handshake_done): Handshake with a relay done
Aug 05 08:52:19.000 [notice] Bootstrapped 20% (onehop_create): Estab
[w5:kl:pro] tor: Aug 05 08:52:20.000 [notice] Bootstrapped 25% (requesting_status): Asking for networkstatus consensus
[w5:kl:pro] tor: Aug 05 08:52:20.000 [notice] Bootstrapped 30% (loading_status): Loading networkstatus consensus
[w5:kl:pro] tor: Aug 05 08:52:22.000 [notice] Bootstrapped 40% (loading_keys): Loading authority key certs
[w5:kl:pro] tor: Aug 05 08:52:22.000 [notice] Bootstrapped 45% (requesting_descriptors): Asking for relay descriptors
Aug 05 08:52:22.000 [notice] I learned some more directory 
[w5:kl:pro] tor: Aug 05 08:52:24.000 [notice] Bootstrapped 50% (loading_descriptors): Loading relay descriptors
[w5:kl:pro] tor: Aug 05 08:54:49.000 [notice] Bootstrapped 55% (loading_descriptors): Loading relay descriptors
[w5:kl:pro] tor: Aug 05 08:54:57.000 [notice] Bootstrapped 61% (loading_descriptors): Loading relay descriptors
[w5:kl:pro] tor: Aug 05 08:54:58.000 [notice] Bootstrapped 67% (loading_descriptors): Loading relay descriptors
[w5:kl:pro] tor: Aug 05 08:55:02.000 [notice] Bootstrapped 75% (enough_dirinfo): Loaded enough directory info to build circuits
[w5:kl:pro] tor: Aug 05 08:55:03.000 [notice] Bootstrapped 80% (ap_conn): Connecting to a relay to build circuits
[w5:kl:pro] tor: Aug 05 08:55:03.000 [notice] Bootstrapped 90% (ap_handshake_done): Handshake finished with a relay to build circuits
Aug 05 08:55:03.000 [notice] Bootstrapped 9
[w5:kl:pro] tor: Aug 05 08:55:04.000 [notice] Bootstrapped 100% (done): Done
[w5:kl:pro] Tor ready on 19055 exit=193.189.100.197
[w5:kl:pro] Launching persistent Chrome profile /tmp/lll-pw-w5-r0
[w5:kl:pro] Proxy tor#1 socks5://127.0.0.1:19055
[w5:kl:pro] Opening https://lastletterlibrary.com
[w5:kl:pro] Library mode=pro
[w5:kl:pro] Managed Turnstile token (len=816, 20182ms, remount)
[w5:kl:pro] Search mode=direct (skip UI Wait Ns… gate)
[w5:kl:pro] Browser exit IP=109.70.100.14 (unique)
[w5:kl:pro] Loaded 2712 prefixes, 19748 words; queue=0
[w5:kl:pro] Saved 19,748 worker words
[w5:kl:pro] Worker done. prefixes=2712 words=19748
[w5:kl:pro] Tor exited code=0

--- respawn 2026-08-05T13:55:56.005Z ---
[w5:kl:pro] IP mode=tor
[w5:kl:pro] Cleaned 1 old rotated profile(s)
[w5:kl:pro] Starting Tor gen=1 socks=127.0.0.1:19055 (try 1)
[w5:kl:pro] tor: Aug 05 08:55:56.666 [notice] Opened Socks listener connection (ready) on 127.0.0.1:19055
Aug 05 08:55:56.666 [warn] Fixing permissions on directory /tmp/lll-tor
[w5:kl:pro] tor: Aug 05 08:55:56.000 [notice] Bootstrapped 0% (starting): Starting
[w5:kl:pro] tor: Aug 05 08:55:57.000 [notice] Bootstrapped 5% (conn): Connecting to a relay
[w5:kl:pro] tor: Aug 05 08:55:57.000 [notice] Bootstrapped 10% (conn_done): Connected to a relay
[w5:kl:pro] tor: Aug 05 08:55:58.000 [notice] Bootstrapped 14% (handshake): Handshaking with a relay
[w5:kl:pro] tor: Aug 05 08:55:58.000 [notice] Bootstrapped 15% (handshake_done): Handshake with a relay done
[w5:kl:pro] tor: Aug 05 08:55:58.000 [notice] Bootstrapped 20% (onehop_create): Establishing an encrypted directory connection
[w5:kl:pro] tor: Aug 05 08:55:58.000 [notice] Bootstrapped 25% (requesting_status): Asking for networkstatus consensus
[w5:kl:pro] tor: Aug 05 08:55:58.000 [notice] Bootstrapped 30% (loading_status): Loading networkstatus consensus
[w5:kl:pro] tor: Aug 05 08:56:00.000 [notice] Bootstrapped 40% (loading_keys): Loading authority key certs
[w5:kl:pro] tor: Aug 05 08:56:01.000 [notice] Bootstrapped 45% (requesting_descriptors): Asking for relay descriptors
Aug 05 08:56:01.000 [notice] I learned some more directory 
[w5:kl:pro] tor: Aug 05 08:56:04.000 [notice] Bootstrapped 50% (loading_descriptors): Loading relay descriptors
[w5:kl:pro] tor: Aug 05 08:56:16.000 [notice] Bootstrapped 55% (loading_descriptors): Loading relay descriptors
[w5:kl:pro] tor: Aug 05 08:56:16.000 [notice] Bootstrapped 61% (loading_descriptors): Loading relay descriptors
[w5:kl:pro] tor: Aug 05 08:56:17.000 [notice] Bootstrapped 67% (loading_descriptors): Loading relay descriptors
[w5:kl:pro] tor: Aug 05 08:56:27.000 [notice] Bootstrapped 75% (enough_dirinfo): Loaded enough directory info to build circuits
[w5:kl:pro] tor: Aug 05 08:56:28.000 [notice] Bootstrapped 90% (ap_handshake_done): Handshake finished with a relay to build circuits
Aug 05 08:56:28.000 [notice] Bootstrapped 9
[w5:kl:pro] tor: Aug 05 08:56:35.000 [notice] Bootstrapped 100% (done): Done
[w5:kl:pro] Tor ready on 19055 exit=5.255.102.26
[w5:kl:pro] Launching persistent Chrome profile /tmp/lll-pw-w5-r0
[w5:kl:pro] Proxy tor#1 socks5://127.0.0.1:19055
[w5:kl:pro] Opening https://lastletterlibrary.com
[w5:kl:pro] Library mode=pro
[w5:kl:pro] Site Turnstile remint timed out (25569ms)
[w5:kl:pro] Search mode=direct (skip UI Wait Ns… gate)
[w5:kl:pro] Browser exit IP=192.42.116.54 (unique)
[w5:kl:pro] Loaded 2712 prefixes, 19748 words; queue=0
[w5:kl:pro] Saved 19,748 worker words
[w5:kl:pro] Worker done. prefixes=2712 words=19748
[w5:kl:pro] Site Turnstile remint timed out (8568ms)
[w5:kl:pro] Tor exited code=0

--- respawn 2026-08-05T13:58:13.408Z ---
[w5:kl:pro] IP mode=tor
[w5:kl:pro] Cleaned 1 old rotated profile(s)
[w5:kl:pro] Starting Tor gen=1 socks=127.0.0.1:19055 (try 1)
[w5:kl:pro] tor: Aug 05 08:58:15.068 [notice] Opened Socks listener connection (ready) on 127.0.0.1:19055
Aug 05 08:58:15.069 [warn] Fixing permissions on directory /tmp/lll-tor
[w5:kl:pro] tor: Aug 05 08:58:15.000 [notice] Bootstrapped 0% (starting): Starting
[w5:kl:pro] tor: Aug 05 08:58:16.000 [notice] Bootstrapped 5% (conn): Connecting to a relay
[w5:kl:pro] tor: Aug 05 08:58:16.000 [notice] Bootstrapped 10% (conn_done): Connected to a relay
[w5:kl:pro] tor: Aug 05 08:58:17.000 [notice] Bootstrapped 14% (handshake): Handshaking with a relay
[w5:kl:pro] tor: Aug 05 08:58:17.000 [notice] Bootstrapped 15% (handshake_done): Handshake with a relay done
[w5:kl:pro] tor: Aug 05 08:58:17.000 [notice] Bootstrapped 20% (onehop_create): Establishing an encrypted directory connection
Aug 05 08:58:18.000 [notice] Bootstrapped 25% (req
[w5:kl:pro] tor: Aug 05 08:58:18.000 [notice] Bootstrapped 30% (loading_status): Loading networkstatus consensus
[w5:kl:pro] tor: Aug 05 08:58:23.000 [notice] Bootstrapped 40% (loading_keys): Loading authority key certs
[w5:kl:pro] tor: Aug 05 08:58:24.000 [notice] Bootstrapped 45% (requesting_descriptors): Asking for relay descriptors
Aug 05 08:58:24.000 [notice] I learned some more directory 
[w5:kl:pro] tor: Aug 05 08:58:25.000 [notice] Bootstrapped 50% (loading_descriptors): Loading relay descriptors
[w5:kl:pro] IP mode=tor
[w5:kl:pro] Starting Tor gen=1 socks=127.0.0.1:19055 (try 1)
[w5:kl:pro] tor: Aug 05 09:00:20.921 [notice] Opened Socks listener connection (ready) on 127.0.0.1:19055
Aug 05 09:00:20.921 [warn] Fixing permissions on directory /tmp/lll-tor
[w5:kl:pro] tor: Aug 05 09:00:21.000 [notice] Bootstrapped 0% (starting): Starting
[w5:kl:pro] tor: Aug 05 09:00:22.000 [notice] Bootstrapped 5% (conn): Connecting to a relay
[w5:kl:pro] tor: Aug 05 09:00:22.000 [notice] Bootstrapped 10% (conn_done): Connected to a relay
[w5:kl:pro] tor: Aug 05 09:00:23.000 [notice] Bootstrapped 14% (handshake): Handshaking with a relay
[w5:kl:pro] tor: Aug 05 09:00:23.000 [notice] Bootstrapped 15% (handshake_done): Handshake with a relay done
Aug 05 09:00:23.000 [notice] Bootstrapped 20% (onehop_create): Estab
[w5:kl:pro] tor: Aug 05 09:00:24.000 [notice] Bootstrapped 25% (requesting_status): Asking for networkstatus consensus
[w5:kl:pro] tor: Aug 05 09:00:24.000 [notice] Bootstrapped 30% (loading_status): Loading networkstatus consensus
[w5:kl:pro] tor: Aug 05 09:00:27.000 [notice] Bootstrapped 40% (loading_keys): Loading authority key certs
[w5:kl:pro] tor: Aug 05 09:00:28.000 [notice] Bootstrapped 45% (requesting_descriptors): Asking for relay descriptors
Aug 05 09:00:28.000 [notice] I learned some more directory 
[w5:kl:pro] tor: Aug 05 09:00:28.000 [notice] Bootstrapped 50% (loading_descriptors): Loading relay descriptors
[w5:kl:pro] tor: Aug 05 09:00:38.000 [notice] Bootstrapped 55% (loading_descriptors): Loading relay descriptors
[w5:kl:pro] tor: Aug 05 09:00:38.000 [notice] Bootstrapped 61% (loading_descriptors): Loading relay descriptors
[w5:kl:pro] tor: Aug 05 09:00:38.000 [notice] Bootstrapped 67% (loading_descriptors): Loading relay descriptors
[w5:kl:pro] tor: Aug 05 09:00:38.000 [notice] Bootstrapped 75% (enough_dirinfo): Loaded enough directory info to build circuits
[w5:kl:pro] tor: Aug 05 09:00:39.000 [notice] Bootstrapped 90% (ap_handshake_done): Handshake finished with a relay to build circuits
Aug 05 09:00:39.000 [notice] Bootstrapped 9
[w5:kl:pro] tor: Aug 05 09:00:39.000 [notice] Bootstrapped 100% (done): Done
[w5:kl:pro] Tor ready on 19055 exit=45.66.35.37
[w5:kl:pro] Launching persistent Chrome profile /tmp/lll-pw-w5-r0
[w5:kl:pro] Proxy tor#1 socks5://127.0.0.1:19055
[w5:kl:pro] Opening https://lastletterlibrary.com
[w5:kl:pro] Library mode=pro
[w5:kl:pro] Managed Turnstile token (len=816, 17084ms, remount)
[w5:kl:pro] Search mode=direct (skip UI Wait Ns… gate)
[w5:kl:pro] Browser exit IP=192.42.116.59 (unique)
[w5:kl:pro] Loaded 2712 prefixes, 19748 words; queue=0
[w5:kl:pro] Saved 19,748 worker words
[w5:kl:pro] Worker done. prefixes=2712 words=19748
[w5:kl:pro] Tor exited code=0
--- helper respawn 2026-08-05T20:57:57Z (p-queue assist for w7) ---
[w5:kl:pro] IP mode=tor
[w5:kl:pro] Cleaned 1 old rotated profile(s)
[w5:kl:pro] Starting Tor gen=1 socks=127.0.0.1:19055 (try 1)
[w5:kl:pro] tor: Aug 05 15:57:58.942 [warn] Fixing permissions on directory /tmp/lll-tor-w5
[w5:kl:pro] tor: Aug 05 15:57:59.000 [notice] Bootstrapped 0% (starting): Starting
[w5:kl:pro] tor: Aug 05 15:58:00.000 [notice] Bootstrapped 5% (conn): Connecting to a relay
Aug 05 15:58:00.000 [notice] Bootstrapped 10% (conn_done): Connected to a relay
[w5:kl:pro] tor: Aug 05 15:58:01.000 [notice] Bootstrapped 14% (handshake): Handshaking with a relay
[w5:kl:pro] tor: Aug 05 15:58:02.000 [notice] Bootstrapped 15% (handshake_done): Handshake with a relay done
[w5:kl:pro] tor: Aug 05 15:58:02.000 [notice] Bootstrapped 20% (onehop_create): Establishing an encrypted directory connection
[w5:kl:pro] tor: Aug 05 15:58:02.000 [notice] Bootstrapped 25% (requesting_status): Asking for networkstatus consensus
[w5:kl:pro] tor: Aug 05 15:58:02.000 [notice] Bootstrapped 30% (loading_status): Loading networkstatus consensus
[w5:kl:pro] tor: Aug 05 15:58:05.000 [notice] Bootstrapped 40% (loading_keys): Loading authority key certs
[w5:kl:pro] tor: Aug 05 15:58:05.000 [notice] Bootstrapped 45% (requesting_descriptors): Asking for relay descriptors
Aug 05 15:58:05.000 [notice] I learned some more directory 
[w5:kl:pro] tor: Aug 05 15:58:06.000 [notice] Bootstrapped 50% (loading_descriptors): Loading relay descriptors

--- p-helper start 2026-08-05T21:02:37.432Z queue=131 ---
[w5:kl:pro] IP mode=tor
[w5:kl:pro] Starting Tor gen=1 socks=127.0.0.1:19055 (try 1)
[w5:kl:pro] tor: Aug 05 16:02:39.051 [notice] Opened Socks listener connection (ready) on 127.0.0.1:19055
Aug 05 16:02:39.051 [warn] Fixing permissions on directory /tmp/lll-tor
[w5:kl:pro] tor: Aug 05 16:02:39.000 [notice] Bootstrapped 0% (starting): Starting
[w5:kl:pro] tor: Aug 05 16:02:40.000 [notice] Bootstrapped 5% (conn): Connecting to a relay
[w5:kl:pro] tor: Aug 05 16:02:40.000 [notice] Bootstrapped 10% (conn_done): Connected to a relay
[w5:kl:pro] tor: Aug 05 16:02:41.000 [notice] Bootstrapped 14% (handshake): Handshaking with a relay
[w5:kl:pro] tor: Aug 05 16:02:41.000 [notice] Bootstrapped 15% (handshake_done): Handshake with a relay done
Aug 05 16:02:41.000 [notice] Bootstrapped 20% (onehop_create): Estab
[w5:kl:pro] tor: Aug 05 16:02:41.000 [notice] Bootstrapped 25% (requesting_status): Asking for networkstatus consensus
[w5:kl:pro] tor: Aug 05 16:02:41.000 [notice] Bootstrapped 30% (loading_status): Loading networkstatus consensus
[w5:kl:pro] tor: Aug 05 16:02:42.000 [notice] Bootstrapped 40% (loading_keys): Loading authority key certs
[w5:kl:pro] tor: Aug 05 16:02:43.000 [notice] Bootstrapped 45% (requesting_descriptors): Asking for relay descriptors
Aug 05 16:02:43.000 [notice] I learned some more directory 
[w5:kl:pro] tor: Aug 05 16:02:43.000 [notice] Bootstrapped 50% (loading_descriptors): Loading relay descriptors

--- p-helper start 2026-08-05T21:04:48.423Z queue=131 ---
[w5:kl:pro] IP mode=list
[w5:kl:pro] Launching persistent Chrome profile /tmp/lll-pw-w5-r0
[w5:kl:pro] Proxy list#6 socks5://102.36.127.231:1080
[w5:kl:pro] Opening https://lastletterlibrary.com
[w5:kl:pro] Library mode=pro
[w5:kl:pro] Search mode=direct (skip UI Wait Ns… gate)
[w5:kl:pro] Loaded 2712 prefixes, 19748 words; queue=131
[w5:kl:pro] Searching "plad" | queue=130 | words=19748
[w5:kl:pro] heartbeat words=19748 queue=130 rotation=0 idle=60s
[w5:kl:pro] heartbeat words=19748 queue=130 rotation=0 idle=120s
[w5:kl:pro] Failed "plad" attempt 1: No Turnstile token for direct search
[w5:kl:pro] Saved 19,748 worker words
[w5:kl:pro] Turnstile miss — soft reload before rotate
[w5:kl:pro] Soft reload failed: page.goto: net::ERR_TIMED_OUT at https://lastletterlibrary.com/
Call log:
  - navigating to "https://lastletterlibrary.c
[w5:kl:pro] Searching "plad" | queue=130 | words=19748
[w5:kl:pro] heartbeat words=19748 queue=130 rotation=0 idle=25s
[w5:kl:pro] Turnstile token present (len=816)
[w5:kl:pro] Site Turnstile token (22819ms)
[w5:kl:pro] [api] 200 mode=pro startsWith=plad
[w5:kl:pro] [api] 200 mode=pro startsWith=plad (820ms direct)
[w5:kl:pro] "plad" → 2 records, 2 words
[w5:kl:pro] "plad" branch complete
[w5:kl:pro] Saved 19,750 worker words
[w5:kl:pro] Searching "plai" | queue=129 | words=19750
[w5:kl:pro] Pacing 13s before "plai" (gap=15500ms)
[w5:kl:pro] heartbeat words=19750 queue=129 rotation=0 idle=6s

--- p-helper start 2026-08-05T21:10:06.292Z queue=130 ---
[w5:kl:pro] IP mode=list
[w5:kl:pro] Cleaned 1 old rotated profile(s)
[w5:kl:pro] Launching persistent Chrome profile /tmp/lll-pw-w5-r0
[w5:kl:pro] Proxy list#6 socks5://102.36.127.231:1080
[w5:kl:pro] Opening https://lastletterlibrary.com
[w5:kl:pro] page.goto failed attempt 1: page.goto: net::ERR_TIMED_OUT at https://lastletterlibrary.com/
Call log:
  - navigating to "https://lastletterlibrary.c
[w5:kl:pro] page.goto failed attempt 2: page.goto: net::ERR_TIMED_OUT at https://lastletterlibrary.com/
Call log:
  - navigating to "https://lastletterlibrary.c
[w5:kl:pro] page.goto failed attempt 3: page.goto: net::ERR_TIMED_OUT at https://lastletterlibrary.com/
Call log:
  - navigating to "https://lastletterlibrary.c
[w5:kl:pro] Launch failed attempt 1: page.goto: net::ERR_TIMED_OUT at https://lastletterlibrary.com/
Call log:
  - navigating to "https://lastletterlibrary.com/", waiting until "domcontentloaded"

[w5:kl:pro] Rotating IP (#1, try 1) after launch: page.goto: net::ERR_TIMED_OUT at https://lastletterlibrary.c → list#7 socks5://102.69.146.59:7080
[w5:kl:pro] Launching persistent Chrome profile /tmp/lll-pw-w5-r1
[w5:kl:pro] Proxy list#7 socks5://102.69.146.59:7080
[w5:kl:pro] Opening https://lastletterlibrary.com

--- p-helper daemon start 2026-08-05T21:13:34Z queue=130 ---
[w5:kl:pro] IP mode=list
[w5:kl:pro] Cleaned 2 old rotated profile(s)
[w5:kl:pro] Launching persistent Chrome profile /tmp/lll-pw-w5-r0
[w5:kl:pro] Proxy list#6 socks5://102.36.127.231:1080
[w5:kl:pro] Opening https://lastletterlibrary.com
[w5:kl:pro] Library mode=pro
[w5:kl:pro] Search mode=direct (skip UI Wait Ns… gate)
[w5:kl:pro] Loaded 2713 prefixes, 19750 words; queue=130
[w5:kl:pro] Searching "plai" | queue=129 | words=19750
[w5:kl:pro] heartbeat words=19750 queue=129 rotation=0 idle=60s
[w5:kl:pro] heartbeat words=19750 queue=129 rotation=0 idle=120s
[w5:kl:pro] Failed "plai" attempt 1: No Turnstile token for direct search
[w5:kl:pro] Saved 19,750 worker words
[w5:kl:pro] Turnstile miss — soft reload before rotate
[w5:kl:pro] Soft reload mint failed — rotating immediately
[w5:kl:pro] Rotating IP (#1, try 1) after No Turnstile token for direct search → list#7 socks5://102.69.146.59:7080
[w5:kl:pro] Launching persistent Chrome profile /tmp/lll-pw-w5-r1
[w5:kl:pro] Proxy list#7 socks5://102.69.146.59:7080
[w5:kl:pro] Opening https://lastletterlibrary.com
[w5:kl:pro] heartbeat words=19750 queue=130 rotation=1 idle=15s
[w5:kl:pro] Library mode=pro
[w5:kl:pro] Search mode=direct (skip UI Wait Ns… gate)
[w5:kl:pro] Cleaned 1 old rotated profile(s)
[w5:kl:pro] Searching "plai" | queue=129 | words=19750
[w5:kl:pro] heartbeat words=19750 queue=129 rotation=1 idle=24s
[w5:kl:pro] heartbeat words=19750 queue=129 rotation=1 idle=85s
[w5:kl:pro] Failed "plai" attempt 1: No Turnstile token for direct search
[w5:kl:pro] Saved 19,750 worker words
[w5:kl:pro] Turnstile miss — soft reload before rotate
[w5:kl:pro] heartbeat words=19750 queue=130 rotation=1 idle=22s
[w5:kl:pro] Soft reload failed: page.goto: net::ERR_TIMED_OUT at https://lastletterlibrary.com/
Call log:
  - navigating to "https://lastletterlibrary.c
[w5:kl:pro] Searching "plai" | queue=129 | words=19750
[w5:kl:pro] heartbeat words=19750 queue=129 rotation=1 idle=48s
[w5:kl:pro] heartbeat words=19750 queue=129 rotation=1 idle=108s
[w5:kl:pro] Failed "plai" attempt 2: No Turnstile token for direct search
[w5:kl:pro] Saved 19,750 worker words
[w5:kl:pro] Turnstile miss — soft reload before rotate
[w5:kl:pro] heartbeat words=19750 queue=130 rotation=1 idle=30s
[w5:kl:pro] Soft reload failed: page.goto: net::ERR_TIMED_OUT at https://lastletterlibrary.com/
Call log:
  - navigating to "https://lastletterlibrary.c
[w5:kl:pro] Rotating IP (#2, try 1) after No Turnstile token for direct search → list#8 socks5://103.1.224.34:18080
[w5:kl:pro] Launching persistent Chrome profile /tmp/lll-pw-w5-r2
[w5:kl:pro] Proxy list#8 socks5://103.1.224.34:18080
[w5:kl:pro] Opening https://lastletterlibrary.com
[w5:kl:pro] page.goto failed attempt 1: page.goto: net::ERR_SOCKS_CONNECTION_FAILED at https://lastletterlibrary.com/
Call log:
  - navigating to "https://lastl
[w5:kl:pro] page.goto failed attempt 2: page.goto: net::ERR_SOCKS_CONNECTION_FAILED at https://lastletterlibrary.com/
Call log:
  - navigating to "https://lastl
[w5:kl:pro] page.goto failed attempt 3: page.goto: net::ERR_SOCKS_CONNECTION_FAILED at https://lastletterlibrary.com/
Call log:
  - navigating to "https://lastl
[w5:kl:pro] rotateIp attempt 1 failed: page.goto: net::ERR_SOCKS_CONNECTION_FAILED at https://lastletterlibrary.com/
Call log:
  - navigating to "https://lastletterlibrary.com/", waiting until "domco
[w5:kl:pro] Rotating IP (#3, try 2) after No Turnstile token for direct search → list#9 socks5://103.111.136.82:8199
[w5:kl:pro] Launching persistent Chrome profile /tmp/lll-pw-w5-r3
[w5:kl:pro] Proxy list#9 socks5://103.111.136.82:8199
[w5:kl:pro] Opening https://lastletterlibrary.com
[w5:kl:pro] page.goto failed attempt 1: page.goto: net::ERR_TIMED_OUT at https://lastletterlibrary.com/
Call log:
  - navigating to "https://lastletterlibrary.c
[w5:kl:pro] heartbeat words=19750 queue=130 rotation=3 idle=6s
[w5:kl:pro] Library mode=pro
[w5:kl:pro] Search mode=direct (skip UI Wait Ns… gate)
[w5:kl:pro] Cleaned 2 old rotated profile(s)
[w5:kl:pro] Searching "plai" | queue=129 | words=19750
[w5:kl:pro] heartbeat words=19750 queue=129 rotation=3 idle=44s
[w5:kl:pro] heartbeat words=19750 queue=129 rotation=3 idle=104s
[w5:kl:pro] Failed "plai" attempt 2: No Turnstile token for direct search
[w5:kl:pro] Saved 19,750 worker words
[w5:kl:pro] Turnstile miss — soft reload before rotate
[w5:kl:pro] Soft reload failed: page.goto: net::ERR_TIMED_OUT at https://lastletterlibrary.com/
Call log:
  - navigating to "https://lastletterlibrary.c
[w5:kl:pro] Rotating IP (#4, try 1) after No Turnstile token for direct search → list#10 socks5://103.121.120.242:1080
[w5:kl:pro] Launching persistent Chrome profile /tmp/lll-pw-w5-r4
[w5:kl:pro] Proxy list#10 socks5://103.121.120.242:1080
[w5:kl:pro] Opening https://lastletterlibrary.com
[w5:kl:pro] heartbeat words=19750 queue=130 rotation=4 idle=6s
[w5:kl:pro] page.goto failed attempt 1: page.goto: net::ERR_SOCKS_CONNECTION_FAILED at https://lastletterlibrary.com/
Call log:
  - navigating to "https://lastl
[w5:kl:pro] page.goto failed attempt 2: page.goto: net::ERR_SOCKS_CONNECTION_FAILED at https://lastletterlibrary.com/
Call log:
  - navigating to "https://lastl
[w5:kl:pro] page.goto failed attempt 3: page.goto: net::ERR_TIMED_OUT at https://lastletterlibrary.com/
Call log:
  - navigating to "https://lastletterlibrary.c
[w5:kl:pro] rotateIp attempt 1 failed: page.goto: net::ERR_TIMED_OUT at https://lastletterlibrary.com/
Call log:
  - navigating to "https://lastletterlibrary.com/", waiting until "domcontentloaded"

[w5:kl:pro] Rotating IP (#5, try 2) after No Turnstile token for direct search → list#11 socks5://103.134.220.49:1080
[w5:kl:pro] Launching persistent Chrome profile /tmp/lll-pw-w5-r5
[w5:kl:pro] Proxy list#11 socks5://103.134.220.49:1080
[w5:kl:pro] Opening https://lastletterlibrary.com
[w5:kl:pro] page.goto failed attempt 1: page.goto: net::ERR_SOCKS_CONNECTION_FAILED at https://lastletterlibrary.com/
Call log:
  - navigating to "https://lastl
[w5:kl:pro] Library mode=pro
[w5:kl:pro] Search mode=direct (skip UI Wait Ns… gate)
[w5:kl:pro] heartbeat words=19750 queue=130 rotation=5 idle=1s
[w5:kl:pro] Cleaned 2 old rotated profile(s)
[w5:kl:pro] Searching "plai" | queue=129 | words=19750
[w5:kl:pro] heartbeat words=19750 queue=129 rotation=5 idle=60s
[w5:kl:pro] heartbeat words=19750 queue=129 rotation=5 idle=120s
[w5:kl:pro] Failed "plai" attempt 2: No Turnstile token for direct search
[w5:kl:pro] Saved 19,750 worker words
[w5:kl:pro] Turnstile miss — soft reload before rotate
[w5:kl:pro] Soft reload failed: page.goto: net::ERR_TIMED_OUT at https://lastletterlibrary.com/
Call log:
  - navigating to "https://lastletterlibrary.c
[w5:kl:pro] Rotating IP (#6, try 1) after No Turnstile token for direct search → list#12 socks5://103.142.255.33:69
[w5:kl:pro] Launching persistent Chrome profile /tmp/lll-pw-w5-r6
[w5:kl:pro] Proxy list#12 socks5://103.142.255.33:69
[w5:kl:pro] Opening https://lastletterlibrary.com
[w5:kl:pro] heartbeat words=19750 queue=130 rotation=6 idle=21s
[w5:kl:pro] Library mode=pro
[w5:kl:pro] Search mode=direct (skip UI Wait Ns… gate)
[w5:kl:pro] Cleaned 1 old rotated profile(s)
[w5:kl:pro] Searching "plai" | queue=129 | words=19750
[w5:kl:pro] Managed Turnstile token (len=816, 14038ms, remount)
[w5:kl:pro] [api] 200 mode=pro startsWith=plai
[w5:kl:pro] [api] 200 mode=pro startsWith=plai (994ms direct)
[w5:kl:pro] "plai" → 83 records, 83 words
[w5:kl:pro] "plai" branch complete
[w5:kl:pro] Saved 19,833 worker words
[w5:kl:pro] Searching "plan" | queue=128 | words=19833
[w5:kl:pro] Pacing 15s before "plan" (gap=15500ms)
[w5:kl:pro] Managed Turnstile token (len=816, 7129ms, reset)
[w5:kl:pro] heartbeat words=19833 queue=128 rotation=6 idle=2s
[w5:kl:pro] [api] 200 mode=pro startsWith=plan
[w5:kl:pro] [api] 200 mode=pro startsWith=plan (805ms direct)
[w5:kl:pro] "plan" → 100 records, 100 words (incl. exact "plan")
[w5:kl:pro] Pacing 15s before "plan" (gap=15500ms)
[w5:kl:pro] Managed Turnstile token (len=816, 12761ms, reset)
[w5:kl:pro] [api] 200 mode=pro startsWith=plan
[w5:kl:pro] [api] 200 mode=pro startsWith=plan sort=alphabetical:desc (830ms direct)
[w5:kl:pro] "plan" full page ends at "plangents" (next='g'); skip 16 covered groups → 12 children reverse Z→A ends at "planography" (lo='o' hi='x'); skip 8 middle + 100 new words
[w5:kl:pro] Saved 20,033 worker words
[w5:kl:pro] Searching "plas" | queue=139 | words=20033
[w5:kl:pro] Pacing 13s before "plas" (gap=15500ms)
[w5:kl:pro] Managed Turnstile token (len=816, 10796ms, reset)
[w5:kl:pro] [api] 429 mode=pro startsWith=plas
[w5:kl:pro] [api] 429 mode=pro startsWith=plas (786ms direct)
[w5:kl:pro] Learned server gap ≈ 15500ms (wait hint 2000ms)
[w5:kl:pro] Rate limited — inline wait 2000ms then retry "plas"
[w5:kl:pro] Managed Turnstile token (len=816, 16257ms, reset)
[w5:kl:pro] [api] 200 mode=pro startsWith=plas
[w5:kl:pro] [api] 200 mode=pro startsWith=plas (905ms direct)
[w5:kl:pro] "plas" → 100 records, 100 words
[w5:kl:pro] Pacing 15s before "plas" (gap=15500ms)
[w5:kl:pro] heartbeat words=20133 queue=139 rotation=6 idle=5s
[w5:kl:pro] Managed Turnstile token (len=816, 12049ms, reset)
[w5:kl:pro] [api] 200 mode=pro startsWith=plas
[w5:kl:pro] [api] 200 mode=pro startsWith=plas sort=alphabetical:desc (864ms direct)
[w5:kl:pro] "plas" full page ends at "plasmosoma" (next='m'); skip 14 covered groups → 14 children reverse Z→A ends at "plasterboards" (lo='t' hi='t'); skip 0 middle + 100 new words
[w5:kl:pro] Saved 20,233 worker words; shared last.txt now 362,186
[w5:kl:pro] Searching "plax" | queue=152 | words=20233
[w5:kl:pro] Pacing 9s before "plax" (gap=15500ms)
[w5:kl:pro] Managed Turnstile token (len=816, 15842ms, reset)
[w5:kl:pro] [api] 200 mode=pro startsWith=plax
[w5:kl:pro] [api] 200 mode=pro startsWith=plax (892ms direct)
[w5:kl:pro] "plax" → 0 records, 0 words
[w5:kl:pro] "plax" branch complete
[w5:kl:pro] Saved 20,233 worker words
[w5:kl:pro] Searching "pled" | queue=151 | words=20233
[w5:kl:pro] Pacing 14s before "pled" (gap=15500ms)
[w5:kl:pro] Turnstile token present (len=816)
[w5:kl:pro] Site Turnstile token (19708ms)
[w5:kl:pro] [api] 200 mode=pro startsWith=pled
[w5:kl:pro] [api] 200 mode=pro startsWith=pled (819ms direct)
[w5:kl:pro] "pled" → 21 records, 21 words (incl. exact "pled")
[w5:kl:pro] "pled" branch complete
[w5:kl:pro] Saved 20,254 worker words
[w5:kl:pro] Searching "plei" | queue=150 | words=20254
[w5:kl:pro] Pacing 15s before "plei" (gap=15500ms)
[w5:kl:pro] heartbeat words=20254 queue=150 rotation=6 idle=11s
[w5:kl:pro] Managed Turnstile token (len=816, 13379ms, remount)
[w5:kl:pro] [api] 200 mode=pro startsWith=plei
[w5:kl:pro] [api] 200 mode=pro startsWith=plei (851ms direct)
[w5:kl:pro] "plei" → 38 records, 38 words
[w5:kl:pro] "plei" branch complete
[w5:kl:pro] Saved 20,292 worker words
[w5:kl:pro] Searching "plen" | queue=149 | words=20292
[w5:kl:pro] Pacing 15s before "plen" (gap=15500ms)
[w5:kl:pro] Managed Turnstile token (len=816, 7196ms, reset)
[w5:kl:pro] [api] 200 mode=pro startsWith=plen
[w5:kl:pro] [api] 200 mode=pro startsWith=plen (896ms direct)
[w5:kl:pro] "plen" → 67 records, 67 words
[w5:kl:pro] "plen" branch complete
[w5:kl:pro] Saved 20,359 worker words
[w5:kl:pro] Searching "ples" | queue=148 | words=20359
[w5:kl:pro] Pacing 15s before "ples" (gap=15500ms)
[w5:kl:pro] Managed Turnstile token (len=816, 15343ms, reset)
[w5:kl:pro] [api] 200 mode=pro startsWith=ples
[w5:kl:pro] [api] 200 mode=pro startsWith=ples (806ms direct)
[w5:kl:pro] "ples" → 28 records, 28 words
[w5:kl:pro] "ples" branch complete
[w5:kl:pro] Saved 20,387 worker words
[w5:kl:pro] Searching "pliu" | queue=147 | words=20387
[w5:kl:pro] Pacing 14s before "pliu" (gap=15500ms)
[w5:kl:pro] Managed Turnstile token (len=816, 12571ms, reset)
[w5:kl:pro] [api] 200 mode=pro startsWith=pliu
[w5:kl:pro] [api] 200 mode=pro startsWith=pliu (1407ms direct)
[w5:kl:pro] "pliu" → 0 records, 0 words
[w5:kl:pro] "pliu" branch complete
[w5:kl:pro] Saved 20,387 worker words
[w5:kl:pro] Searching "pliz" | queue=146 | words=20387
[w5:kl:pro] Pacing 14s before "pliz" (gap=15500ms)
[w5:kl:pro] heartbeat words=20387 queue=146 rotation=6 idle=8s
[w5:kl:pro] Managed Turnstile token (len=816, 8781ms, reset)
[w5:kl:pro] [api] 200 mode=pro startsWith=pliz
[w5:kl:pro] [api] 200 mode=pro startsWith=pliz (827ms direct)
[w5:kl:pro] "pliz" → 0 records, 0 words
[w5:kl:pro] "pliz" branch complete
[w5:kl:pro] Saved 20,387 worker words
[w5:kl:pro] Searching "plum" | queue=145 | words=20387
[w5:kl:pro] Pacing 15s before "plum" (gap=15500ms)
[w5:kl:pro] Site Turnstile remint timed out (27266ms)
[w5:kl:pro] heartbeat words=20387 queue=145 rotation=6 idle=26s
[w5:kl:pro] Site Turnstile remint timed out (26298ms)
[w5:kl:pro] Site Turnstile remint timed out (25828ms)
[w5:kl:pro] Turnstile mint hard timeout after 28000ms
[w5:kl:pro] Failed "plum" attempt 1: No Turnstile token for direct search
[w5:kl:pro] Turnstile token present (len=816)
[w5:kl:pro] Site Turnstile token (30332ms)
[w5:kl:pro] Saved 20,387 worker words; shared last.txt now 363,234
[w5:kl:pro] Turnstile miss — soft reload before rotate
[w5:kl:pro] heartbeat words=20387 queue=146 rotation=6 idle=2s
[w5:kl:pro] Site Turnstile remint timed out (9586ms)
[w5:kl:pro] Soft reload mint failed — rotating immediately
[w5:kl:pro] Rotating IP (#7, try 1) after No Turnstile token for direct search → list#13 socks5://103.153.159.217:80
[w5:kl:pro] Launching persistent Chrome profile /tmp/lll-pw-w5-r7
[w5:kl:pro] Proxy list#13 socks5://103.153.159.217:80
[w5:kl:pro] Opening https://lastletterlibrary.com
[w5:kl:pro] page.goto failed attempt 1: page.goto: net::ERR_CONNECTION_RESET at https://lastletterlibrary.com/
Call log:
  - navigating to "https://lastletterli
[w5:kl:pro] page.goto failed attempt 2: page.goto: net::ERR_CONNECTION_RESET at https://lastletterlibrary.com/
Call log:
  - navigating to "https://lastletterli
[w5:kl:pro] heartbeat words=20387 queue=146 rotation=7 idle=4s
[w5:kl:pro] page.goto failed attempt 3: page.goto: net::ERR_CONNECTION_RESET at https://lastletterlibrary.com/
Call log:
  - navigating to "https://lastletterli
[w5:kl:pro] rotateIp attempt 1 failed: page.goto: net::ERR_CONNECTION_RESET at https://lastletterlibrary.com/
Call log:
  - navigating to "https://lastletterlibrary.com/", waiting until "domcontentlo
[w5:kl:pro] Rotating IP (#8, try 2) after No Turnstile token for direct search → list#14 socks5://103.155.62.130:1080
[w5:kl:pro] Launching persistent Chrome profile /tmp/lll-pw-w5-r8
[w5:kl:pro] Proxy list#14 socks5://103.155.62.130:1080
[w5:kl:pro] Opening https://lastletterlibrary.com
[w5:kl:pro] Library mode=pro
[w5:kl:pro] heartbeat words=20387 queue=146 rotation=8 idle=0s
[w5:kl:pro] Site Turnstile remint timed out (26584ms)
[w5:kl:pro] Search mode=direct (skip UI Wait Ns… gate)
[w5:kl:pro] Cleaned 2 old rotated profile(s)
[w5:kl:pro] Searching "plum" | queue=145 | words=20387
[w5:kl:pro] Site Turnstile remint timed out (23242ms)
[w5:kl:pro] heartbeat words=20387 queue=145 rotation=8 idle=10s
[w5:kl:pro] Site Turnstile remint timed out (22946ms)
[w5:kl:pro] Site Turnstile remint timed out (22811ms)
[w5:kl:pro] Site Turnstile remint timed out (22556ms)
[w5:kl:pro] Failed "plum" attempt 1: No Turnstile token for direct search
[w5:kl:pro] Saved 20,387 worker words
[w5:kl:pro] Turnstile miss — soft reload before rotate
[w5:kl:pro] heartbeat words=20387 queue=146 rotation=8 idle=1s
[w5:kl:pro] Soft reload failed: page.goto: net::ERR_TIMED_OUT at https://lastletterlibrary.com/
Call log:
  - navigating to "https://lastletterlibrary.c
[w5:kl:pro] Searching "plum" | queue=145 | words=20387
[w5:kl:pro] heartbeat words=20387 queue=145 rotation=8 idle=29s
[w5:kl:pro] Custom Search panel missing (attempt 1); retrying
[w5:kl:pro] heartbeat words=20387 queue=145 rotation=8 idle=28s
[w5:kl:pro] Site Turnstile remint timed out (24093ms)
[w5:kl:pro] Managed Turnstile token (len=816, 10213ms, remount)
[w5:kl:pro] [api] 200 mode=pro startsWith=plum
[w5:kl:pro] [api] 200 mode=pro startsWith=plum (1042ms direct)
[w5:kl:pro] "plum" → 100 records, 100 words (incl. exact "plum")
[w5:kl:pro] Pacing 13s before "plum" (gap=15500ms)
[w5:kl:pro] Managed Turnstile token (len=816, 17459ms, reset)
[w5:kl:pro] [api] 200 mode=pro startsWith=plum
[w5:kl:pro] [api] 200 mode=pro startsWith=plum sort=alphabetical:desc (763ms direct)
[w5:kl:pro] "plum" full page ends at "plumiera" (next='i'); skip 26 covered groups → 2 children reverse Z→A ends at "plumcake" (lo='c' hi='y'); skip 21 middle + 70 new words
[w5:kl:pro] Saved 20,557 worker words
[w5:kl:pro] Searching "plur" | queue=146 | words=20557
[w5:kl:pro] Pacing 14s before "plur" (gap=15500ms)
[w5:kl:pro] Managed Turnstile token (len=816, 14515ms, reset)
[w5:kl:pro] [api] 200 mode=pro startsWith=plur
[w5:kl:pro] [api] 200 mode=pro startsWith=plur (1100ms direct)
[w5:kl:pro] "plur" → 92 records, 92 words (incl. exact "plur")
[w5:kl:pro] "plur" branch complete
[w5:kl:pro] Saved 20,649 worker words
[w5:kl:pro] Searching "pluy" | queue=145 | words=20649
[w5:kl:pro] Pacing 14s before "pluy" (gap=15500ms)
[w5:kl:pro] heartbeat words=20649 queue=145 rotation=8 idle=8s
[w5:kl:pro] Managed Turnstile token (len=816, 18394ms, reset)
[w5:kl:pro] [api] 200 mode=pro startsWith=pluy
[w5:kl:pro] [api] 200 mode=pro startsWith=pluy (765ms direct)
[w5:kl:pro] "pluy" → 0 records, 0 words
[w5:kl:pro] "pluy" branch complete
[w5:kl:pro] Saved 20,649 worker words
[w5:kl:pro] Searching "pnex" | queue=144 | words=20649
[w5:kl:pro] Pacing 13s before "pnex" (gap=15500ms)
[w5:kl:pro] Managed Turnstile token (len=816, 11820ms, reset)
[w5:kl:pro] [api] 200 mode=pro startsWith=pnex
[w5:kl:pro] [api] 200 mode=pro startsWith=pnex (1185ms direct)
[w5:kl:pro] "pnex" → 0 records, 0 words
[w5:kl:pro] "pnex" branch complete
[w5:kl:pro] Saved 20,649 worker words
[w5:kl:pro] Searching "poet" | queue=143 | words=20649
[w5:kl:pro] Pacing 13s before "poet" (gap=15500ms)
[w5:kl:pro] Managed Turnstile token (len=816, 8615ms, reset)
[w5:kl:pro] [api] 200 mode=pro startsWith=poet
[w5:kl:pro] [api] 200 mode=pro startsWith=poet (771ms direct)
[w5:kl:pro] "poet" → 72 records, 72 words (incl. exact "poet")
[w5:kl:pro] "poet" branch complete
[w5:kl:pro] Saved 20,721 worker words
[w5:kl:pro] Searching "poey" | queue=142 | words=20721
[w5:kl:pro] Pacing 15s before "poey" (gap=15500ms)
[w5:kl:pro] Managed Turnstile token (len=816, 12188ms, reset)
[w5:kl:pro] [api] 200 mode=pro startsWith=poey
[w5:kl:pro] [api] 200 mode=pro startsWith=poey (1131ms direct)
[w5:kl:pro] "poey" → 0 records, 0 words
[w5:kl:pro] "poey" branch complete
[w5:kl:pro] Saved 20,721 worker words
[w5:kl:pro] Searching "poiq" | queue=141 | words=20721
[w5:kl:pro] Pacing 13s before "poiq" (gap=15500ms)
[w5:kl:pro] heartbeat words=20721 queue=141 rotation=8 idle=1s
[w5:kl:pro] Managed Turnstile token (len=816, 11349ms, reset)
[w5:kl:pro] [api] 200 mode=pro startsWith=poiq
[w5:kl:pro] [api] 200 mode=pro startsWith=poiq (1072ms direct)
[w5:kl:pro] "poiq" → 0 records, 0 words
[w5:kl:pro] "poiq" branch complete
[w5:kl:pro] Saved 20,721 worker words; shared last.txt now 365,514
[w5:kl:pro] Searching "poiv" | queue=140 | words=20721
[w5:kl:pro] Pacing 9s before "poiv" (gap=15500ms)
[w5:kl:pro] Turnstile token present (len=816)
[w5:kl:pro] Site Turnstile token (22344ms)
[w5:kl:pro] [api] 200 mode=pro startsWith=poiv
[w5:kl:pro] [api] 200 mode=pro startsWith=poiv (1548ms direct)
[w5:kl:pro] "poiv" → 1 records, 1 words
[w5:kl:pro] "poiv" branch complete
[w5:kl:pro] Saved 20,722 worker words
[w5:kl:pro] Searching "pole" | queue=139 | words=20722
[w5:kl:pro] Pacing 14s before "pole" (gap=15500ms)
[w5:kl:pro] heartbeat words=20722 queue=139 rotation=8 idle=22s
[w5:kl:pro] Turnstile mint hard timeout after 28000ms
[w5:kl:pro] Site Turnstile remint timed out (30571ms)
[w5:kl:pro] Managed Turnstile token (len=816, 15542ms, remount)
[w5:kl:pro] [api] 200 mode=pro startsWith=pole
[w5:kl:pro] [api] 200 mode=pro startsWith=pole (793ms direct)
[w5:kl:pro] "pole" → 69 records, 69 words (incl. exact "pole")
[w5:kl:pro] "pole" branch complete
[w5:kl:pro] Saved 20,791 worker words
[w5:kl:pro] Searching "polj" | queue=138 | words=20791
[w5:kl:pro] Pacing 15s before "polj" (gap=15500ms)
[w5:kl:pro] Turnstile mint hard timeout after 28000ms
[w5:kl:pro] Site Turnstile remint timed out (32392ms)
[w5:kl:pro] heartbeat words=20791 queue=138 rotation=8 idle=5s
[w5:kl:pro] Site Turnstile remint timed out (24439ms)
[w5:kl:pro] Turnstile mint hard timeout after 28000ms
[w5:kl:pro] Site Turnstile remint timed out (30243ms)
[w5:kl:pro] heartbeat words=20791 queue=138 rotation=8 idle=15s
[w5:kl:pro] Turnstile mint hard timeout after 28000ms
[w5:kl:pro] Failed "polj" attempt 1: No Turnstile token for direct search
[w5:kl:pro] Site Turnstile remint timed out (34729ms)
[w5:kl:pro] Saved 20,791 worker words
[w5:kl:pro] Turnstile miss — soft reload before rotate
[w5:kl:pro] Soft reload failed: page.goto: net::ERR_TIMED_OUT at https://lastletterlibrary.com/
Call log:
  - navigating to "https://lastletterlibrary.c
[w5:kl:pro] Searching "polj" | queue=138 | words=20791
[w5:kl:pro] heartbeat words=20791 queue=138 rotation=8 idle=1s
[w5:kl:pro] heartbeat words=20791 queue=138 rotation=8 idle=61s
[w5:kl:pro] Custom Search panel missing (attempt 1); retrying
[w5:kl:pro] Custom Search panel missing (attempt 2); retrying
[w5:kl:pro] heartbeat words=20791 queue=138 rotation=8 idle=7s
[w5:kl:pro] Managed Turnstile token (len=816, 23213ms, remount)
[w5:kl:pro] [api] 200 mode=pro startsWith=polj
[w5:kl:pro] [api] 200 mode=pro startsWith=polj (1121ms direct)
[w5:kl:pro] "polj" → 2 records, 2 words
[w5:kl:pro] "polj" branch complete
[w5:kl:pro] Saved 20,793 worker words
[w5:kl:pro] Searching "polo" | queue=137 | words=20793
[w5:kl:pro] Pacing 13s before "polo" (gap=15500ms)
[w5:kl:pro] Managed Turnstile token (len=816, 9943ms, reset)
[w5:kl:pro] [api] 200 mode=pro startsWith=polo
[w5:kl:pro] [api] 200 mode=pro startsWith=polo (802ms direct)
[w5:kl:pro] "polo" → 35 records, 35 words (incl. exact "polo")
[w5:kl:pro] "polo" branch complete
[w5:kl:pro] Saved 20,828 worker words
[w5:kl:pro] Searching "polt" | queue=136 | words=20828
[w5:kl:pro] Pacing 14s before "polt" (gap=15500ms)
[w5:kl:pro] heartbeat words=20828 queue=136 rotation=8 idle=8s
[w5:kl:pro] Managed Turnstile token (len=816, 8151ms, reset)
[w5:kl:pro] [api] 200 mode=pro startsWith=polt
[w5:kl:pro] [api] 200 mode=pro startsWith=polt (788ms direct)
[w5:kl:pro] "polt" → 26 records, 26 words (incl. exact "polt")
[w5:kl:pro] "polt" branch complete
[w5:kl:pro] Saved 20,854 worker words
[w5:kl:pro] Searching "poly" | queue=135 | words=20854
[w5:kl:pro] Pacing 14s before "poly" (gap=15500ms)
[w5:kl:pro] Managed Turnstile token (len=816, 14004ms, reset)
[w5:kl:pro] [api] 200 mode=pro startsWith=poly
[w5:kl:pro] [api] 200 mode=pro startsWith=poly (1246ms direct)
[w5:kl:pro] "poly" → 100 records, 100 words (incl. exact "poly")
[w5:kl:pro] Pacing 14s before "poly" (gap=15500ms)
[w5:kl:pro] Managed Turnstile token (len=816, 8967ms, reset)
[w5:kl:pro] [api] 200 mode=pro startsWith=poly
[w5:kl:pro] [api] 200 mode=pro startsWith=poly sort=alphabetical:desc (1163ms direct)
[w5:kl:pro] "poly" full page ends at "polybasicity" (next='b'); skip 8 covered groups → 20 children reverse Z→A ends at "polythely" (lo='t' hi='z'); skip 5 middle + 100 new words
[w5:kl:pro] Saved 21,054 worker words
[w5:kl:pro] Searching "pomz" | queue=154 | words=21054
[w5:kl:pro] Pacing 15s before "pomz" (gap=15500ms)
[w5:kl:pro] Managed Turnstile token (len=816, 9523ms, reset)
[w5:kl:pro] [api] 200 mode=pro startsWith=pomz
[w5:kl:pro] [api] 200 mode=pro startsWith=pomz (805ms direct)
[w5:kl:pro] "pomz" → 0 records, 0 words
[w5:kl:pro] "pomz" branch complete
[w5:kl:pro] Saved 21,054 worker words; shared last.txt now 366,355
[w5:kl:pro] Searching "poni" | queue=153 | words=21054
[w5:kl:pro] Pacing 9s before "poni" (gap=15500ms)
[w5:kl:pro] heartbeat words=21054 queue=153 rotation=8 idle=0s
[w5:kl:pro] Managed Turnstile token (len=816, 11459ms, reset)
[w5:kl:pro] [api] 200 mode=pro startsWith=poni
[w5:kl:pro] [api] 200 mode=pro startsWith=poni (810ms direct)
[w5:kl:pro] "poni" → 8 records, 8 words
[w5:kl:pro] "poni" branch complete
[w5:kl:pro] Saved 21,062 worker words
[w5:kl:pro] Searching "ponn" | queue=152 | words=21062
[w5:kl:pro] Pacing 14s before "ponn" (gap=15500ms)
[w5:kl:pro] Site Turnstile remint timed out (24534ms)
[w5:kl:pro] Managed Turnstile token (len=816, 17027ms, remount)
[w5:kl:pro] [api] 200 mode=pro startsWith=ponn
[w5:kl:pro] [api] 200 mode=pro startsWith=ponn (1837ms direct)
[w5:kl:pro] "ponn" → 0 records, 0 words
[w5:kl:pro] "ponn" branch complete
[w5:kl:pro] Saved 21,062 worker words
[w5:kl:pro] Searching "poox" | queue=151 | words=21062
[w5:kl:pro] Pacing 13s before "poox" (gap=15500ms)
[w5:kl:pro] heartbeat words=21062 queue=151 rotation=8 idle=6s
[w5:kl:pro] Managed Turnstile token (len=816, 16225ms, reset)
[w5:kl:pro] [api] 200 mode=pro startsWith=poox
[w5:kl:pro] [api] 200 mode=pro startsWith=poox (771ms direct)
[w5:kl:pro] "poox" → 0 records, 0 words
[w5:kl:pro] "poox" branch complete
[w5:kl:pro] Saved 21,062 worker words
[w5:kl:pro] Searching "popx" | queue=150 | words=21062
[w5:kl:pro] Pacing 14s before "popx" (gap=15500ms)
[w5:kl:pro] Turnstile mint hard timeout after 28000ms
[w5:kl:pro] Site Turnstile remint timed out (33071ms)
[w5:kl:pro] heartbeat words=21062 queue=150 rotation=8 idle=16s
[w5:kl:pro] Turnstile mint hard timeout after 28000ms
[w5:kl:pro] Turnstile token present (len=816)
[w5:kl:pro] Site Turnstile token (29273ms)
[w5:kl:pro] Turnstile mint hard timeout after 28000ms
[w5:kl:pro] Site Turnstile remint timed out (29429ms)
[w5:kl:pro] heartbeat words=21062 queue=150 rotation=8 idle=23s
[w5:kl:pro] Turnstile token present (len=816)
[w5:kl:pro] Site Turnstile token (24756ms)
[w5:kl:pro] [api] 200 mode=pro startsWith=popx
[w5:kl:pro] [api] 200 mode=pro startsWith=popx (22597ms direct)
[w5:kl:pro] "popx" → 0 records, 0 words
[w5:kl:pro] "popx" branch complete
[w5:kl:pro] Saved 21,062 worker words
[w5:kl:pro] Searching "pork" | queue=149 | words=21062
[w5:kl:pro] Managed Turnstile token (len=816, 16407ms, remount)
[w5:kl:pro] [api] 200 mode=pro startsWith=pork
[w5:kl:pro] [api] 200 mode=pro startsWith=pork (909ms direct)
[w5:kl:pro] "pork" → 32 records, 32 words (incl. exact "pork")
[w5:kl:pro] "pork" branch complete
[w5:kl:pro] Saved 21,094 worker words
[w5:kl:pro] Searching "porp" | queue=148 | words=21094
[w5:kl:pro] Pacing 10s before "porp" (gap=15500ms)
[w5:kl:pro] heartbeat words=21094 queue=148 rotation=8 idle=13s
[w5:kl:pro] Managed Turnstile token (len=816, 16844ms, reset)
[w5:kl:pro] [api] 200 mode=pro startsWith=porp
[w5:kl:pro] [api] 200 mode=pro startsWith=porp (784ms direct)
[w5:kl:pro] "porp" → 57 records, 57 words
[w5:kl:pro] "porp" branch complete
[w5:kl:pro] Saved 21,151 worker words
[w5:kl:pro] Searching "porz" | queue=147 | words=21151
[w5:kl:pro] Pacing 15s before "porz" (gap=15500ms)
[w5:kl:pro] Managed Turnstile token (len=816, 9514ms, reset)
[w5:kl:pro] [api] 200 mode=pro startsWith=porz
[w5:kl:pro] [api] 200 mode=pro startsWith=porz (738ms direct)
[w5:kl:pro] "porz" → 1 records, 1 words
[w5:kl:pro] "porz" branch complete
[w5:kl:pro] Saved 21,152 worker words
[w5:kl:pro] Searching "poss" | queue=146 | words=21152
[w5:kl:pro] Pacing 15s before "poss" (gap=15500ms)
[w5:kl:pro] Managed Turnstile token (len=816, 5830ms, reset)
[w5:kl:pro] [api] 200 mode=pro startsWith=poss
[w5:kl:pro] [api] 200 mode=pro startsWith=poss (854ms direct)
[w5:kl:pro] "poss" → 79 records, 79 words (incl. exact "poss")
[w5:kl:pro] "poss" branch complete
[w5:kl:pro] Saved 21,231 worker words; shared last.txt now 366,687
[w5:kl:pro] Searching "potf" | queue=145 | words=21231
[w5:kl:pro] Pacing 10s before "potf" (gap=15500ms)
[w5:kl:pro] Managed Turnstile token (len=816, 8557ms, reset)
[w5:kl:pro] [api] 200 mode=pro startsWith=potf
[w5:kl:pro] [api] 200 mode=pro startsWith=potf (839ms direct)
[w5:kl:pro] "potf" → 2 records, 2 words
[w5:kl:pro] "potf" branch complete
[w5:kl:pro] Saved 21,233 worker words
[w5:kl:pro] Searching "potk" | queue=144 | words=21233
[w5:kl:pro] Pacing 15s before "potk" (gap=15500ms)
[w5:kl:pro] Managed Turnstile token (len=816, 8373ms, reset)
[w5:kl:pro] heartbeat words=21233 queue=144 rotation=8 idle=4s
[w5:kl:pro] [api] 200 mode=pro startsWith=potk
[w5:kl:pro] [api] 200 mode=pro startsWith=potk (734ms direct)
[w5:kl:pro] "potk" → 0 records, 0 words
[w5:kl:pro] "potk" branch complete
[w5:kl:pro] Saved 21,233 worker words
[w5:kl:pro] Searching "potz" | queue=143 | words=21233
[w5:kl:pro] Pacing 15s before "potz" (gap=15500ms)
[w5:kl:pro] Site Turnstile remint timed out (22784ms)
[w5:kl:pro] Turnstile token present (len=816)
[w5:kl:pro] Site Turnstile token (18716ms)
[w5:kl:pro] [api] 200 mode=pro startsWith=potz
[w5:kl:pro] [api] 200 mode=pro startsWith=potz (1048ms direct)
[w5:kl:pro] "potz" → 2 records, 2 words
[w5:kl:pro] "potz" branch complete
[w5:kl:pro] Saved 21,235 worker words
[w5:kl:pro] Searching "pouw" | queue=142 | words=21235
[w5:kl:pro] Pacing 13s before "pouw" (gap=15500ms)
[w5:kl:pro] heartbeat words=21235 queue=142 rotation=8 idle=13s
[w5:kl:pro] Turnstile token present (len=816)
[w5:kl:pro] Site Turnstile token (26003ms)
[w5:kl:pro] [api] 200 mode=pro startsWith=pouw
[w5:kl:pro] [api] 200 mode=pro startsWith=pouw (923ms direct)
[w5:kl:pro] "pouw" → 0 records, 0 words
[w5:kl:pro] "pouw" branch complete
[w5:kl:pro] Saved 21,235 worker words
[w5:kl:pro] Searching "poww" | queue=141 | words=21235
[w5:kl:pro] Pacing 13s before "poww" (gap=15500ms)
[w5:kl:pro] Managed Turnstile token (len=816, 18971ms, remount)
[w5:kl:pro] [api] 200 mode=pro startsWith=poww
[w5:kl:pro] [api] 200 mode=pro startsWith=poww (1395ms direct)
[w5:kl:pro] "poww" → 8 records, 8 words
[w5:kl:pro] "poww" branch complete
[w5:kl:pro] Saved 21,243 worker words
[w5:kl:pro] Searching "praf" | queue=140 | words=21243
[w5:kl:pro] Pacing 13s before "praf" (gap=15500ms)
[w5:kl:pro] heartbeat words=21243 queue=140 rotation=8 idle=24s
[w5:kl:pro] Turnstile mint hard timeout after 28000ms
[w5:kl:pro] Site Turnstile remint timed out (25735ms)
[w5:kl:pro] Managed Turnstile token (len=816, 6520ms, remount)
[w5:kl:pro] [api] 200 mode=pro startsWith=praf
[w5:kl:pro] [api] 200 mode=pro startsWith=praf (1029ms direct)
[w5:kl:pro] "praf" → 0 records, 0 words
[w5:kl:pro] "praf" branch complete
[w5:kl:pro] Saved 21,243 worker words
[w5:kl:pro] Searching "prak" | queue=139 | words=21243
[w5:kl:pro] Pacing 15s before "prak" (gap=15500ms)
[w5:kl:pro] Managed Turnstile token (len=816, 7595ms, reset)
[w5:kl:pro] [api] 200 mode=pro startsWith=prak
[w5:kl:pro] [api] 200 mode=pro startsWith=prak (1038ms direct)
[w5:kl:pro] "prak" → 5 records, 5 words
[w5:kl:pro] "prak" branch complete
[w5:kl:pro] Saved 21,248 worker words
[w5:kl:pro] Searching "prap" | queue=138 | words=21248
[w5:kl:pro] Pacing 13s before "prap" (gap=15500ms)
[w5:kl:pro] heartbeat words=21248 queue=138 rotation=8 idle=7s
[w5:kl:pro] Managed Turnstile token (len=816, 15576ms, reset)
[w5:kl:pro] [api] 200 mode=pro startsWith=prap
[w5:kl:pro] [api] 200 mode=pro startsWith=prap (884ms direct)
[w5:kl:pro] "prap" → 0 records, 0 words
[w5:kl:pro] "prap" branch complete
[w5:kl:pro] Saved 21,248 worker words; shared last.txt now 366,926
[w5:kl:pro] Searching "praz" | queue=137 | words=21248
[w5:kl:pro] Pacing 8s before "praz" (gap=15500ms)
[w5:kl:pro] Managed Turnstile token (len=816, 8801ms, reset)
[w5:kl:pro] [api] 429 mode=pro startsWith=praz
[w5:kl:pro] [api] 429 mode=pro startsWith=praz (860ms direct)
[w5:kl:pro] Learned server gap ≈ 15500ms (wait hint 2000ms)
[w5:kl:pro] Rate limited — inline wait 2000ms then retry "praz"
[w5:kl:pro] Managed Turnstile token (len=816, 15145ms, reset)
[w5:kl:pro] [api] 200 mode=pro startsWith=praz
[w5:kl:pro] [api] 200 mode=pro startsWith=praz (758ms direct)
[w5:kl:pro] "praz" → 4 records, 4 words
[w5:kl:pro] "praz" branch complete
[w5:kl:pro] Saved 21,252 worker words
[w5:kl:pro] Searching "pred" | queue=136 | words=21252
[w5:kl:pro] Pacing 13s before "pred" (gap=15500ms)
[w5:kl:pro] Managed Turnstile token (len=816, 15623ms, reset)
[w5:kl:pro] [api] 200 mode=pro startsWith=pred
[w5:kl:pro] [api] 200 mode=pro startsWith=pred (888ms direct)
[w5:kl:pro] "pred" → 100 records, 100 words (incl. exact "pred")
[w5:kl:pro] Pacing 15s before "pred" (gap=15500ms)
[w5:kl:pro] heartbeat words=21352 queue=136 rotation=8 idle=1s
[w5:kl:pro] Managed Turnstile token (len=816, 14849ms, reset)
[w5:kl:pro] [api] 200 mode=pro startsWith=pred
[w5:kl:pro] [api] 200 mode=pro startsWith=pred sort=alphabetical:desc (864ms direct)
[w5:kl:pro] "pred" full page ends at "predefiance" (next='e'); skip 21 covered groups → 7 children reverse Z→A ends at "predistributed" (lo='i' hi='y'); skip 15 middle + 100 new words
[w5:kl:pro] Saved 21,452 worker words
[w5:kl:pro] Searching "prei" | queue=142 | words=21452
[w5:kl:pro] Pacing 13s before "prei" (gap=15500ms)
[w5:kl:pro] Managed Turnstile token (len=816, 17275ms, reset)
[w5:kl:pro] [api] 200 mode=pro startsWith=prei
[w5:kl:pro] [api] 200 mode=pro startsWith=prei (909ms direct)
[w5:kl:pro] "prei" → 100 records, 100 words
[w5:kl:pro] Pacing 15s before "prei" (gap=15500ms)
[w5:kl:pro] Turnstile token present (len=816)
[w5:kl:pro] Site Turnstile token (21480ms)
[w5:kl:pro] [api] 200 mode=pro startsWith=prei
[w5:kl:pro] [api] 200 mode=pro startsWith=prei sort=alphabetical:desc (1047ms direct)
[w5:kl:pro] "prei" full page ends at "preindicated" (next='n'); skip 19 covered groups → 9 children reverse Z→A ends at "preinsertion" (lo='n' hi='s'); skip 4 middle + 100 new words
[w5:kl:pro] Saved 21,652 worker words
[w5:kl:pro] Searching "pren" | queue=150 | words=21652
[w5:kl:pro] Pacing 15s before "pren" (gap=15500ms)
[w5:kl:pro] heartbeat words=21652 queue=150 rotation=8 idle=3s
[w5:kl:pro] Turnstile token present (len=816)
[w5:kl:pro] Site Turnstile token (25766ms)
[w5:kl:pro] [api] 200 mode=pro startsWith=pren
[w5:kl:pro] [api] 200 mode=pro startsWith=pren (1108ms direct)
[w5:kl:pro] "pren" → 96 records, 96 words
[w5:kl:pro] "pren" branch complete
[w5:kl:pro] Saved 21,748 worker words
[w5:kl:pro] Searching "pres" | queue=149 | words=21748
[w5:kl:pro] Pacing 13s before "pres" (gap=15500ms)
[w5:kl:pro] Turnstile mint hard timeout after 28000ms
[w5:kl:pro] heartbeat words=21748 queue=149 rotation=8 idle=8s
[w5:kl:pro] Turnstile mint hard timeout after 28000ms
[w5:kl:pro] Site Turnstile remint timed out (34586ms)
[w5:kl:pro] Managed Turnstile token (len=816, 13771ms, remount)
[w5:kl:pro] [api] 200 mode=pro startsWith=pres
[w5:kl:pro] [api] 200 mode=pro startsWith=pres (2031ms direct)
[w5:kl:pro] "pres" → 100 records, 100 words
[w5:kl:pro] Pacing 14s before "pres" (gap=15500ms)
[w5:kl:pro] Managed Turnstile token (len=816, 7694ms, reset)
[w5:kl:pro] heartbeat words=21848 queue=149 rotation=8 idle=15s
[w5:kl:pro] "pres" reverse search failed (page.evaluate: TypeError: Failed to fetch
    at eval (eval at evaluate (:311:30); forward-only
[w5:kl:pro] "pres" full page ends at "preschedules" (next='c'); skip 4 covered groups → 24 children from presc..
[w5:kl:pro] Saved 21,848 worker words
[w5:kl:pro] Searching "prid" | queue=172 | words=21848
[w5:kl:pro] Turnstile token present (len=816)
[w5:kl:pro] Site Turnstile token (18917ms)
[w5:kl:pro] heartbeat words=21848 queue=172 rotation=8 idle=18s
[w5:kl:pro] Failed "prid" attempt 1: page.evaluate: TypeError: Failed to fetch
    at eval (eval at evaluate (:311:30), <anonymous>:11:27)
    at UtilityScript.evaluate (<anonymous>:313:16)
    at UtilityScript.<anonymous> (<anonymous>:1:44)
[w5:kl:pro] Saved 21,848 worker words
[w5:kl:pro] Searching "prid" | queue=172 | words=21848
[w5:kl:pro] Managed Turnstile token (len=816, 8246ms, remount)
[w5:kl:pro] Failed "prid" attempt 2: page.evaluate: TypeError: Failed to fetch
    at eval (eval at evaluate (:311:30), <anonymous>:11:27)
    at UtilityScript.evaluate (<anonymous>:313:16)
    at UtilityScript.<anonymous> (<anonymous>:1:44)
[w5:kl:pro] Saved 21,848 worker words
[w5:kl:pro] heartbeat words=21848 queue=173 rotation=9 idle=5s
[w5:kl:pro] Rotating IP (#9, try 1) after page.evaluate: TypeError: Failed to fetch
    at eval (eval at evaluate (:311:30 → list#15 socks5://103.157.78.22:8199
[w5:kl:pro] Launching persistent Chrome profile /tmp/lll-pw-w5-r9
[w5:kl:pro] Proxy list#15 socks5://103.157.78.22:8199
[w5:kl:pro] Site Turnstile remint timed out (451551ms)
[w5:kl:pro] Site Turnstile remint timed out (221053ms)
[w5:kl:pro] Opening https://lastletterlibrary.com
[w5:kl:pro] page.goto failed attempt 1: page.goto: net::ERR_TIMED_OUT at https://lastletterlibrary.com/
Call log:
  - navigating to "https://lastletterlibrary.c
[w5:kl:pro] heartbeat words=21848 queue=173 rotation=9 idle=25s
[w5:kl:pro] page.goto failed attempt 2: page.goto: net::ERR_SOCKS_CONNECTION_FAILED at https://lastletterlibrary.com/
Call log:
  - navigating to "https://lastl
[w5:kl:pro] page.goto failed attempt 3: page.goto: net::ERR_TIMED_OUT at https://lastletterlibrary.com/
Call log:
  - navigating to "https://lastletterlibrary.c
[w5:kl:pro] rotateIp attempt 1 failed: page.goto: net::ERR_TIMED_OUT at https://lastletterlibrary.com/
Call log:
  - navigating to "https://lastletterlibrary.com/", waiting until "domcontentloaded"

[w5:kl:pro] Rotating IP (#10, try 2) after page.evaluate: TypeError: Failed to fetch
    at eval (eval at evaluate (:311:30 → list#16 socks5://103.162.57.42:1080
[w5:kl:pro] Launching persistent Chrome profile /tmp/lll-pw-w5-r10
[w5:kl:pro] Proxy list#16 socks5://103.162.57.42:1080
[w5:kl:pro] Opening https://lastletterlibrary.com
[w5:kl:pro] heartbeat words=21848 queue=173 rotation=10 idle=12s
[w5:kl:pro] page.goto failed attempt 1: page.goto: net::ERR_TIMED_OUT at https://lastletterlibrary.com/
Call log:
  - navigating to "https://lastletterlibrary.c
[w5:kl:pro] heartbeat words=21848 queue=173 rotation=10 idle=42s
[w5:kl:pro] Library mode=pro
[w5:kl:pro] Search mode=direct (skip UI Wait Ns… gate)
[w5:kl:pro] Cleaned 2 old rotated profile(s)
[w5:kl:pro] Searching "prid" | queue=172 | words=21848
[w5:kl:pro] heartbeat words=21848 queue=172 rotation=10 idle=39s
[w5:kl:pro] heartbeat words=21848 queue=172 rotation=10 idle=100s
[w5:kl:pro] Failed "prid" attempt 3: No Turnstile token for direct search
[w5:kl:pro] Deferring stuck "prid" to end of queue after 3 failures (No Turnstile token for direct search)
[w5:kl:pro] Saved 21,848 worker words; shared last.txt now 369,327
[w5:kl:pro] Rotating IP (#11, try 1) after No Turnstile token for direct search → list#17 socks5://103.165.128.75:1080
[w5:kl:pro] Launching persistent Chrome profile /tmp/lll-pw-w5-r11
[w5:kl:pro] Proxy list#17 socks5://103.165.128.75:1080
[w5:kl:pro] Opening https://lastletterlibrary.com
[w5:kl:pro] heartbeat words=21848 queue=173 rotation=11 idle=14s
[w5:kl:pro] Library mode=pro
[w5:kl:pro] Search mode=direct (skip UI Wait Ns… gate)
[w5:kl:pro] Cleaned 1 old rotated profile(s)
[w5:kl:pro] Searching "prid" | queue=172 | words=21848
[w5:kl:pro] heartbeat words=21848 queue=172 rotation=11 idle=52s
[w5:kl:pro] heartbeat words=21848 queue=172 rotation=11 idle=112s
[w5:kl:pro] Failed "prid" attempt 3: No Turnstile token for direct search
[w5:kl:pro] Deferring stuck "prid" to end of queue after 3 failures (No Turnstile token for direct search)
[w5:kl:pro] Saved 21,848 worker words
[w5:kl:pro] Rotating IP (#12, try 1) after No Turnstile token for direct search → list#18 socks5://103.171.92.242:9050
[w5:kl:pro] Launching persistent Chrome profile /tmp/lll-pw-w5-r12
[w5:kl:pro] Proxy list#18 socks5://103.171.92.242:9050
[w5:kl:pro] Opening https://lastletterlibrary.com
[w5:kl:pro] page.goto failed attempt 1: page.goto: net::ERR_TIMED_OUT at https://lastletterlibrary.com/
Call log:
  - navigating to "https://lastletterlibrary.c
[w5:kl:pro] heartbeat words=21848 queue=173 rotation=12 idle=12s
[w5:kl:pro] page.goto failed attempt 2: page.goto: net::ERR_TIMED_OUT at https://lastletterlibrary.com/
Call log:
  - navigating to "https://lastletterlibrary.c
[w5:kl:pro] page.goto failed attempt 3: page.goto: net::ERR_TIMED_OUT at https://lastletterlibrary.com/
Call log:
  - navigating to "https://lastletterlibrary.c
[w5:kl:pro] rotateIp attempt 1 failed: page.goto: net::ERR_TIMED_OUT at https://lastletterlibrary.com/
Call log:
  - navigating to "https://lastletterlibrary.com/", waiting until "domcontentloaded"

[w5:kl:pro] Rotating IP (#13, try 2) after No Turnstile token for direct search → list#19 socks5://103.172.70.13:1083
[w5:kl:pro] Launching persistent Chrome profile /tmp/lll-pw-w5-r13
[w5:kl:pro] Proxy list#19 socks5://103.172.70.13:1083
[w5:kl:pro] Opening https://lastletterlibrary.com
[w5:kl:pro] heartbeat words=21848 queue=173 rotation=13 idle=1s
[w5:kl:pro] page.goto failed attempt 1: page.goto: net::ERR_TIMED_OUT at https://lastletterlibrary.com/
Call log:
  - navigating to "https://lastletterlibrary.c
[w5:kl:pro] heartbeat words=21848 queue=173 rotation=13 idle=31s
[w5:kl:pro] page.goto failed attempt 2: page.goto: net::ERR_TIMED_OUT at https://lastletterlibrary.com/
Call log:
  - navigating to "https://lastletterlibrary.c
[w5:kl:pro] page.goto failed attempt 3: page.goto: net::ERR_TIMED_OUT at https://lastletterlibrary.com/
Call log:
  - navigating to "https://lastletterlibrary.c
[w5:kl:pro] rotateIp attempt 2 failed: page.goto: net::ERR_TIMED_OUT at https://lastletterlibrary.com/
Call log:
  - navigating to "https://lastletterlibrary.com/", waiting until "domcontentloaded"

[w5:kl:pro] Rotating IP (#14, try 3) after No Turnstile token for direct search → list#20 socks5://103.174.122.197:8199
[w5:kl:pro] Launching persistent Chrome profile /tmp/lll-pw-w5-r14
[w5:kl:pro] Proxy list#20 socks5://103.174.122.197:8199
[w5:kl:pro] Opening https://lastletterlibrary.com
[w5:kl:pro] heartbeat words=21848 queue=173 rotation=14 idle=17s
[w5:kl:pro] Library mode=pro
[w5:kl:pro] Search mode=direct (skip UI Wait Ns… gate)
[w5:kl:pro] Cleaned 3 old rotated profile(s)
[w5:kl:pro] Searching "prid" | queue=172 | words=21848
[w5:kl:pro] heartbeat words=21848 queue=172 rotation=14 idle=34s
[w5:kl:pro] heartbeat words=21848 queue=172 rotation=14 idle=94s
[w5:kl:pro] Failed "prid" attempt 3: No Turnstile token for direct search
[w5:kl:pro] Deferring stuck "prid" to end of queue after 3 failures (No Turnstile token for direct search)
[w5:kl:pro] Saved 21,848 worker words
[w5:kl:pro] Rotating IP (#15, try 1) after No Turnstile token for direct search → list#21 socks5://103.180.123.111:1080
[w5:kl:pro] Launching persistent Chrome profile /tmp/lll-pw-w5-r15
[w5:kl:pro] Proxy list#21 socks5://103.180.123.111:1080
[w5:kl:pro] Opening https://lastletterlibrary.com
[w5:kl:pro] heartbeat words=21848 queue=173 rotation=15 idle=26s
[w5:kl:pro] page.goto failed attempt 1: page.goto: net::ERR_TIMED_OUT at https://lastletterlibrary.com/
Call log:
  - navigating to "https://lastletterlibrary.c
[w5:kl:pro] page.goto failed attempt 2: page.goto: net::ERR_TIMED_OUT at https://lastletterlibrary.com/
Call log:
  - navigating to "https://lastletterlibrary.c
[w5:kl:pro] heartbeat words=21848 queue=173 rotation=15 idle=25s
[w5:kl:pro] heartbeat words=21848 queue=173 rotation=15 idle=85s
[w5:kl:pro] heartbeat words=21848 queue=173 rotation=15 idle=145s
[w5:kl:pro] heartbeat words=21848 queue=173 rotation=15 idle=205s
[w5:kl:pro] No search progress for 180s — respawning worker
[w5:kl:pro] Saved 21,848 worker words

--- p-helper daemon start 2026-08-05T22:26:56Z queue=173 ---
[w5:kl:pro] IP mode=list
[w5:kl:pro] Cleaned 2 old rotated profile(s)
[w5:kl:pro] Launching persistent Chrome profile /tmp/lll-pw-w5-r0
[w5:kl:pro] Proxy list#6 socks5://102.36.127.231:1080
[w5:kl:pro] Opening https://lastletterlibrary.com
[w5:kl:pro] Library mode=pro
[w5:kl:pro] Search mode=direct (skip UI Wait Ns… gate)
[w5:kl:pro] Loaded 2866 prefixes, 21848 words; queue=173
[w5:kl:pro] Searching "prid" | queue=172 | words=21848
[w5:kl:pro] heartbeat words=21848 queue=172 rotation=0 idle=60s
[w5:kl:pro] heartbeat words=21848 queue=172 rotation=0 idle=120s
[w5:kl:pro] Failed "prid" attempt 1: No Turnstile token for direct search
[w5:kl:pro] Saved 21,848 worker words
[w5:kl:pro] Turnstile miss — soft reload before rotate
[w5:kl:pro] Soft reload failed: page.goto: net::ERR_TIMED_OUT at https://lastletterlibrary.com/
Call log:
  - navigating to "https://lastletterlibrary.c
[w5:kl:pro] Searching "prid" | queue=172 | words=21848
[w5:kl:pro] heartbeat words=21848 queue=172 rotation=0 idle=24s
[w5:kl:pro] Custom Search panel missing (attempt 1); retrying
[w5:kl:pro] heartbeat words=21848 queue=172 rotation=0 idle=23s
[w5:kl:pro] Site Turnstile remint timed out (27750ms)
[w5:kl:pro] Managed Turnstile token (len=794, 11737ms, remount)
[w5:kl:pro] [api] 200 mode=pro startsWith=prid
[w5:kl:pro] [api] 200 mode=pro startsWith=prid (762ms direct)
[w5:kl:pro] "prid" → 15 records, 15 words
[w5:kl:pro] "prid" branch complete
[w5:kl:pro] Saved 21,863 worker words
[w5:kl:pro] Searching "prii" | queue=171 | words=21863
[w5:kl:pro] Pacing 9s before "prii" (gap=15500ms)
[w5:kl:pro] Managed Turnstile token (len=816, 19147ms, reset)
[w5:kl:pro] [api] 200 mode=pro startsWith=prii
[w5:kl:pro] [api] 200 mode=pro startsWith=prii (653ms direct)
[w5:kl:pro] "prii" → 0 records, 0 words
[w5:kl:pro] "prii" branch complete
[w5:kl:pro] Saved 21,863 worker words
[w5:kl:pro] Searching "prin" | queue=170 | words=21863
[w5:kl:pro] Pacing 14s before "prin" (gap=15500ms)
[w5:kl:pro] heartbeat words=21863 queue=170 rotation=0 idle=4s
[w5:kl:pro] Managed Turnstile token (len=816, 16683ms, reset)
[w5:kl:pro] [api] 200 mode=pro startsWith=prin
[w5:kl:pro] [api] 200 mode=pro startsWith=prin (678ms direct)
[w5:kl:pro] "prin" → 100 records, 100 words (incl. exact "prin")
[w5:kl:pro] Pacing 13s before "prin" (gap=15500ms)
[w5:kl:pro] Managed Turnstile token (len=816, 16119ms, reset)
[w5:kl:pro] [api] 200 mode=pro startsWith=prin
[w5:kl:pro] [api] 200 mode=pro startsWith=prin sort=alphabetical:desc (632ms direct)
[w5:kl:pro] "prin" full page ends at "printerdom" (next='t'); skip 21 covered groups → 7 children reverse Z→A ends at "princelinesses" (lo='c' hi='t'); skip 16 middle + 23 new words
[w5:kl:pro] Saved 21,986 worker words
[w5:kl:pro] Searching "pris" | queue=176 | words=21986
[w5:kl:pro] Pacing 14s before "pris" (gap=15500ms)
[w5:kl:pro] Managed Turnstile token (len=816, 17201ms, reset)
[w5:kl:pro] [api] 200 mode=pro startsWith=pris
[w5:kl:pro] [api] 200 mode=pro startsWith=pris (651ms direct)
[w5:kl:pro] "pris" → 75 records, 75 words
[w5:kl:pro] "pris" branch complete
[w5:kl:pro] Saved 22,061 worker words
[w5:kl:pro] Searching "prob" | queue=175 | words=22061
[w5:kl:pro] Pacing 13s before "prob" (gap=15500ms)
[w5:kl:pro] heartbeat words=22061 queue=175 rotation=0 idle=8s
[w5:kl:pro] Managed Turnstile token (len=816, 21896ms, reset)
[w5:kl:pro] [api] 200 mode=pro startsWith=prob
[w5:kl:pro] [api] 200 mode=pro startsWith=prob (670ms direct)
[w5:kl:pro] "prob" → 100 records, 100 words (incl. exact "prob")
[w5:kl:pro] Pacing 14s before "prob" (gap=15500ms)
[w5:kl:pro] Turnstile mint hard timeout after 28000ms
[w5:kl:pro] heartbeat words=22161 queue=175 rotation=0 idle=20s
[w5:kl:pro] Turnstile mint hard timeout after 28000ms
[w5:kl:pro] Site Turnstile remint timed out (45884ms)
[w5:kl:pro] Turnstile mint hard timeout after 28000ms
[w5:kl:pro] Site Turnstile remint timed out (36280ms)
[w5:kl:pro] heartbeat words=22161 queue=175 rotation=0 idle=11s
[w5:kl:pro] Turnstile mint hard timeout after 28000ms
[w5:kl:pro] "prob" reverse search failed (No Turnstile token for direct search); forward-only
[w5:kl:pro] "prob" full page ends at "probonding" (next='o'); skip 16 covered groups → 12 children from probo..
[w5:kl:pro] Saved 22,161 worker words
[w5:kl:pro] Searching "prog" | queue=186 | words=22161
[w5:kl:pro] Site Turnstile remint timed out (28792ms)
[w5:kl:pro] Managed Turnstile token (len=816, 6532ms, remount)
[w5:kl:pro] [api] 200 mode=pro startsWith=prog
[w5:kl:pro] [api] 200 mode=pro startsWith=prog (2361ms direct)
[w5:kl:pro] "prog" → 100 records, 100 words (incl. exact "prog")
[w5:kl:pro] Pacing 14s before "prog" (gap=15500ms)
[w5:kl:pro] Managed Turnstile token (len=816, 7554ms, reset)
[w5:kl:pro] [api] 429 mode=pro startsWith=prog
[w5:kl:pro] [api] 429 mode=pro startsWith=prog sort=alphabetical:desc (644ms direct)
[w5:kl:pro] Learned server gap ≈ 15500ms (wait hint 3000ms)
[w5:kl:pro] Rate limited — inline wait 3000ms then retry "prog"
[w5:kl:pro] Managed Turnstile token (len=794, 6694ms, reset)
[w5:kl:pro] [api] 200 mode=pro startsWith=prog
[w5:kl:pro] [api] 200 mode=pro startsWith=prog sort=alphabetical:desc (886ms direct)
[w5:kl:pro] "prog" full page ends at "programma" (next='r'); skip 26 covered groups → 2 children reverse Z→A ends at "prognosis" (lo='n' hi='y'); skip 10 middle + 64 new words
[w5:kl:pro] Saved 22,325 worker words
[w5:kl:pro] Searching "prol" | queue=187 | words=22325
[w5:kl:pro] Pacing 15s before "prol" (gap=15500ms)
[w5:kl:pro] Managed Turnstile token (len=794, 6347ms, reset)
[w5:kl:pro] [api] 200 mode=pro startsWith=prol
[w5:kl:pro] [api] 200 mode=pro startsWith=prol (626ms direct)
[w5:kl:pro] "prol" → 100 records, 100 words
[w5:kl:pro] Pacing 15s before "prol" (gap=15500ms)
[w5:kl:pro] heartbeat words=22425 queue=187 rotation=0 idle=5s
[w5:kl:pro] Managed Turnstile token (len=816, 6488ms, reset)
[w5:kl:pro] [api] 200 mode=pro startsWith=prol
[w5:kl:pro] [api] 200 mode=pro startsWith=prol sort=alphabetical:desc (628ms direct)
[w5:kl:pro] "prol" full page ends at "proliferant" (next='i'); skip 25 covered groups → 3 children reverse Z→A ends at "prolificly" (lo='i' hi='y'); skip 15 middle + 100 new words
[w5:kl:pro] Saved 22,525 worker words; shared last.txt now 374,094
[w5:kl:pro] Searching "proq" | queue=189 | words=22525
[w5:kl:pro] Pacing 15s before "proq" (gap=15500ms)
[w5:kl:pro] Managed Turnstile token (len=816, 9703ms, reset)
[w5:kl:pro] [api] 200 mode=pro startsWith=proq
[w5:kl:pro] [api] 200 mode=pro startsWith=proq (631ms direct)
[w5:kl:pro] "proq" → 1 records, 1 words
[w5:kl:pro] "proq" branch complete
[w5:kl:pro] Saved 22,526 worker words
[w5:kl:pro] Searching "prov" | queue=188 | words=22526
[w5:kl:pro] Pacing 15s before "prov" (gap=15500ms)
[w5:kl:pro] Managed Turnstile token (len=816, 6375ms, reset)
[w5:kl:pro] [api] 200 mode=pro startsWith=prov
[w5:kl:pro] [api] 200 mode=pro startsWith=prov (610ms direct)
[w5:kl:pro] "prov" → 100 records, 100 words (incl. exact "prov")
[w5:kl:pro] Pacing 15s before "prov" (gap=15500ms)
[w5:kl:pro] Managed Turnstile token (len=816, 7039ms, reset)
[w5:kl:pro] [api] 200 mode=pro startsWith=prov
[w5:kl:pro] [api] 200 mode=pro startsWith=prov sort=alphabetical:desc (612ms direct)
[w5:kl:pro] "prov" full page ends at "providentialisms" (next='i'); skip 15 covered groups → 13 children reverse Z→A ends at "provincialises" (lo='i' hi='o'); skip 5 middle + 100 new words
[w5:kl:pro] Saved 22,726 worker words
[w5:kl:pro] Searching "pruw" | queue=200 | words=22726
[w5:kl:pro] Pacing 15s before "pruw" (gap=15500ms)
[w5:kl:pro] heartbeat words=22726 queue=200 rotation=0 idle=3s
[w5:kl:pro] Managed Turnstile token (len=816, 6548ms, remount)
[w5:kl:pro] [api] 200 mode=pro startsWith=pruw
[w5:kl:pro] [api] 200 mode=pro startsWith=pruw (620ms direct)
[w5:kl:pro] "pruw" → 0 records, 0 words
[w5:kl:pro] "pruw" branch complete
[w5:kl:pro] Saved 22,726 worker words
[w5:kl:pro] Searching "psev" | queue=199 | words=22726
[w5:kl:pro] Pacing 15s before "psev" (gap=15500ms)
[w5:kl:pro] Managed Turnstile token (len=816, 8767ms, reset)
[w5:kl:pro] [api] 200 mode=pro startsWith=psev
[w5:kl:pro] [api] 200 mode=pro startsWith=psev (640ms direct)
[w5:kl:pro] "psev" → 0 records, 0 words
[w5:kl:pro] "psev" branch complete
[w5:kl:pro] Saved 22,726 worker words
[w5:kl:pro] Searching "psyc" | queue=198 | words=22726
[w5:kl:pro] Pacing 15s before "psyc" (gap=15500ms)
[w5:kl:pro] Managed Turnstile token (len=816, 13042ms, reset)
[w5:kl:pro] [api] 200 mode=pro startsWith=psyc
[w5:kl:pro] [api] 200 mode=pro startsWith=psyc (764ms direct)
[w5:kl:pro] "psyc" → 100 records, 100 words
[w5:kl:pro] Pacing 15s before "psyc" (gap=15500ms)
[w5:kl:pro] heartbeat words=22826 queue=198 rotation=0 idle=16s
[w5:kl:pro] Turnstile token present (len=816)
[w5:kl:pro] Site Turnstile token (23363ms)
[w5:kl:pro] [api] 200 mode=pro startsWith=psyc
[w5:kl:pro] [api] 200 mode=pro startsWith=psyc sort=alphabetical:desc (803ms direct)
[w5:kl:pro] "psyc" full page ends at "psychobabble" (next='h'); skip 20 covered groups → 8 children reverse Z→A ends at "psychoprophylactic" (lo='h' hi='t'); skip 11 middle + 100 new words
[w5:kl:pro] Saved 22,926 worker words
[w5:kl:pro] Searching "pter" | queue=205 | words=22926
[w5:kl:pro] Pacing 14s before "pter" (gap=15500ms)
[w5:kl:pro] Turnstile mint hard timeout after 28000ms
[w5:kl:pro] heartbeat words=22926 queue=205 rotation=0 idle=37s
[w5:kl:pro] Turnstile mint hard timeout after 28000ms
[w5:kl:pro] Site Turnstile remint timed out (93288ms)
[w5:kl:pro] Site Turnstile remint timed out (76183ms)
[w5:kl:pro] Managed Turnstile token (len=816, 13950ms, remount)
[w5:kl:pro] heartbeat words=22926 queue=205 rotation=0 idle=19s
[w5:kl:pro] Failed "pter" attempt 1: page.evaluate: TypeError: Failed to fetch
    at eval (eval at evaluate (:311:30), <anonymous>:11:27)
    at UtilityScript.evaluate (<anonymous>:313:16)
    at UtilityScript.<anonymous> (<anonymous>:1:44)
[w5:kl:pro] Saved 22,926 worker words
[w5:kl:pro] Searching "pter" | queue=205 | words=22926
[w5:kl:pro] Managed Turnstile token (len=816, 14952ms, reset)
[w5:kl:pro] heartbeat words=22926 queue=205 rotation=0 idle=30s
[w5:kl:pro] Failed "pter" attempt 2: page.evaluate: TypeError: Failed to fetch
    at eval (eval at evaluate (:311:30), <anonymous>:11:27)
    at UtilityScript.evaluate (<anonymous>:313:16)
    at UtilityScript.<anonymous> (<anonymous>:1:44)
[w5:kl:pro] Saved 22,926 worker words
[w5:kl:pro] Site Turnstile remint timed out (494837ms)
[w5:kl:pro] Rotating IP (#1, try 1) after page.evaluate: TypeError: Failed to fetch
    at eval (eval at evaluate (:311:30 → list#7 socks5://102.69.146.59:7080
[w5:kl:pro] Launching persistent Chrome profile /tmp/lll-pw-w5-r1
[w5:kl:pro] Proxy list#7 socks5://102.69.146.59:7080
[w5:kl:pro] Opening https://lastletterlibrary.com
[w5:kl:pro] heartbeat words=22926 queue=206 rotation=1 idle=15s
[w5:kl:pro] heartbeat words=22926 queue=206 rotation=1 idle=76s
[w5:kl:pro] Library mode=pro
[w5:kl:pro] Turnstile mint hard timeout after 28000ms
[w5:kl:pro] Search mode=direct (skip UI Wait Ns… gate)
[w5:kl:pro] Site Turnstile remint timed out (31492ms)
[w5:kl:pro] Cleaned 1 old rotated profile(s)
[w5:kl:pro] Searching "pter" | queue=205 | words=22926
[w5:kl:pro] heartbeat words=22926 queue=205 rotation=1 idle=13s
[w5:kl:pro] Site Turnstile remint timed out (27679ms)
[w5:kl:pro] Site Turnstile remint timed out (22452ms)
[w5:kl:pro] Site Turnstile remint timed out (23944ms)
[w5:kl:pro] heartbeat words=22926 queue=205 rotation=1 idle=3s
[w5:kl:pro] Site Turnstile remint timed out (27591ms)
[w5:kl:pro] Failed "pter" attempt 3: No Turnstile token for direct search
[w5:kl:pro] Deferring stuck "pter" to end of queue after 3 failures (No Turnstile token for direct search)
[w5:kl:pro] Saved 22,926 worker words; shared last.txt now 376,865
[w5:kl:pro] heartbeat words=22926 queue=206 rotation=2 idle=6s
[w5:kl:pro] Rotating IP (#2, try 1) after No Turnstile token for direct search → list#8 socks5://103.1.224.34:18080
[w5:kl:pro] Launching persistent Chrome profile /tmp/lll-pw-w5-r2
[w5:kl:pro] Proxy list#8 socks5://103.1.224.34:18080
[w5:kl:pro] Opening https://lastletterlibrary.com
[w5:kl:pro] page.goto failed attempt 1: page.goto: net::ERR_SOCKS_CONNECTION_FAILED at https://lastletterlibrary.com/
Call log:
  - navigating to "https://lastl
[w5:kl:pro] page.goto failed attempt 2: page.goto: net::ERR_SOCKS_CONNECTION_FAILED at https://lastletterlibrary.com/
Call log:
  - navigating to "https://lastl
[w5:kl:pro] page.goto failed attempt 3: page.goto: net::ERR_SOCKS_CONNECTION_FAILED at https://lastletterlibrary.com/
Call log:
  - navigating to "https://lastl
[w5:kl:pro] rotateIp attempt 1 failed: page.goto: net::ERR_SOCKS_CONNECTION_FAILED at https://lastletterlibrary.com/
Call log:
  - navigating to "https://lastletterlibrary.com/", waiting until "domco
[w5:kl:pro] Rotating IP (#3, try 2) after No Turnstile token for direct search → list#9 socks5://103.111.136.82:8199
[w5:kl:pro] Launching persistent Chrome profile /tmp/lll-pw-w5-r3
[w5:kl:pro] Proxy list#9 socks5://103.111.136.82:8199
[w5:kl:pro] heartbeat words=22926 queue=206 rotation=3 idle=2s
[w5:kl:pro] Opening https://lastletterlibrary.com
[w5:kl:pro] page.goto failed attempt 1: page.goto: net::ERR_TIMED_OUT at https://lastletterlibrary.com/
Call log:
  - navigating to "https://lastletterlibrary.c
[w5:kl:pro] heartbeat words=22926 queue=206 rotation=3 idle=25s
[w5:kl:pro] heartbeat words=22926 queue=206 rotation=3 idle=85s
[w5:kl:pro] heartbeat words=22926 queue=206 rotation=3 idle=146s
[w5:kl:pro] heartbeat words=22926 queue=206 rotation=3 idle=206s
[w5:kl:pro] No search progress for 180s — respawning worker
[w5:kl:pro] Saved 22,926 worker words

--- p-helper daemon start 2026-08-05T22:52:52Z queue=206 ---
[w5:kl:pro] Error: Tor is required for workers (resolved PROXY_MODE=list); set REQUIRE_TOR=0 only for an isolated local test
    at main (file:///Users/mac/Downloads/LastLetter-main/lll-security-audit/audit.mjs:2578:11)

--- p-helper daemon start 2026-08-05T22:54:01Z queue=206 ---
[w5:kl:pro] Error: Tor is required for workers (resolved PROXY_MODE=list); set REQUIRE_TOR=0 only for an isolated local test
    at main (file:///Users/mac/Downloads/LastLetter-main/lll-security-audit/audit.mjs:2629:11)

--- p-helper daemon start 2026-08-05T22:55:21Z queue=206 ---
[w5:kl:pro] Error: Tor is required for workers (resolved PROXY_MODE=list); set REQUIRE_TOR=0 only for an isolated local test
    at main (file:///Users/mac/Downloads/LastLetter-main/lll-security-audit/audit.mjs:2647:11)

--- p-helper daemon start 2026-08-05T22:56:41Z queue=206 ---
[w5:kl:pro] Error: Tor is required for workers (resolved PROXY_MODE=list); set REQUIRE_TOR=0 only for an isolated local test
    at main (file:///Users/mac/Downloads/LastLetter-main/lll-security-audit/audit.mjs:2647:11)
[w5:kl:pro] IP mode=tor
[w5:kl:pro] Cleaned 3 old rotated profile(s)
[w5:kl:pro] Starting persistent Tor socks=127.0.0.1:19055 control=127.0.0.1:29055
[w5:kl:pro] tor: Aug 05 17:58:08.471 [warn] Fixing permissions on directory /tmp/lll-tor-w5
[w5:kl:pro] tor: Aug 05 17:58:08.000 [notice] Bootstrapped 0% (starting): Starting
[w5:kl:pro] tor: Aug 05 17:58:09.000 [notice] Bootstrapped 5% (conn): Connecting to a relay
[w5:kl:pro] tor: Aug 05 17:58:09.000 [notice] Bootstrapped 10% (conn_done): Connected to a relay
[w5:kl:pro] tor: Aug 05 17:58:10.000 [notice] Bootstrapped 14% (handshake): Handshaking with a relay
[w5:kl:pro] tor: Aug 05 17:58:11.000 [notice] Bootstrapped 15% (handshake_done): Handshake with a relay done
Aug 05 17:58:11.000 [notice] Bootstrapped 20% (onehop_create): Estab
[w5:kl:pro] tor: Aug 05 17:58:11.000 [notice] Bootstrapped 25% (requesting_status): Asking for networkstatus consensus
[w5:kl:pro] tor: Aug 05 17:58:11.000 [notice] Bootstrapped 30% (loading_status): Loading networkstatus consensus
[w5:kl:pro] tor: Aug 05 17:58:12.000 [notice] Bootstrapped 40% (loading_keys): Loading authority key certs
[w5:kl:pro] tor: Aug 05 17:58:12.000 [notice] Bootstrapped 45% (requesting_descriptors): Asking for relay descriptors
Aug 05 17:58:12.000 [notice] I learned some more directory 
[w5:kl:pro] tor: Aug 05 17:58:13.000 [notice] Bootstrapped 50% (loading_descriptors): Loading relay descriptors
[w5:kl:pro] tor: Aug 05 17:58:20.000 [notice] Bootstrapped 55% (loading_descriptors): Loading relay descriptors
[w5:kl:pro] tor: Aug 05 17:58:20.000 [notice] Bootstrapped 61% (loading_descriptors): Loading relay descriptors
[w5:kl:pro] tor: Aug 05 17:58:21.000 [notice] Bootstrapped 67% (loading_descriptors): Loading relay descriptors
[w5:kl:pro] tor: Aug 05 17:58:21.000 [notice] Bootstrapped 75% (enough_dirinfo): Loaded enough directory info to build circuits
[w5:kl:pro] tor: Aug 05 17:58:21.000 [notice] Bootstrapped 90% (ap_handshake_done): Handshake finished with a relay to build circuits
Aug 05 17:58:21.000 [notice] Bootstrapped 9
[w5:kl:pro] tor: Aug 05 17:58:22.000 [notice] Bootstrapped 100% (done): Done
[w5:kl:pro] Tor ready on 19055 exit=185.220.101.12
[w5:kl:pro] Launching persistent Chrome profile /tmp/lll-pw-w5-r0
[w5:kl:pro] Proxy tor#1 socks5://127.0.0.1:19055
[w5:kl:pro] Opening https://lastletterlibrary.com
[w5:kl:pro] Library mode=pro
[w5:kl:pro] Managed Turnstile token (len=816, 5833ms, remount)
[w5:kl:pro] Search mode=direct (skip UI Wait Ns… gate)
[w5:kl:pro] Loaded 3001 prefixes, 22926 words; queue=206
[w5:kl:pro] Searching "pter" | queue=205 | words=22926
[w5:kl:pro] [api] 200 mode=pro startsWith=pter
[w5:kl:pro] [api] 200 mode=pro startsWith=pter (751ms direct)
[w5:kl:pro] "pter" → 100 records, 100 words
[w5:kl:pro] Pacing 15s before "pter" (gap=15500ms)
[w5:kl:pro] Site Turnstile remint timed out (22366ms)
[w5:kl:pro] "pter" reverse search failed (No Turnstile token for direct search); forward-only
[w5:kl:pro] "pter" full page ends at "pteropodal" (next='o'); skip 16 covered groups → 12 children from ptero..
[w5:kl:pro] Saved 23,026 worker words
[w5:kl:pro] Searching "ptew" | queue=216 | words=23026
[w5:kl:pro] Managed Turnstile token (len=816, 4296ms, remount)
[w5:kl:pro] [api] 200 mode=pro startsWith=ptew
[w5:kl:pro] [api] 200 mode=pro startsWith=ptew (492ms direct)
[w5:kl:pro] "ptew" → 0 records, 0 words
[w5:kl:pro] "ptew" branch complete
[w5:kl:pro] Saved 23,026 worker words
[w5:kl:pro] Searching "pulm" | queue=215 | words=23026
[w5:kl:pro] Pacing 15s before "pulm" (gap=15500ms)
[w5:kl:pro] Site Turnstile remint timed out (22888ms)
[w5:kl:pro] Failed "pulm" attempt 1: No Turnstile token for direct search
[w5:kl:pro] Saved 23,026 worker words
[w5:kl:pro] Turnstile miss — soft reload before rotate
[w5:kl:pro] heartbeat words=23026 queue=216 rotation=0 idle=32s
[w5:kl:pro] Turnstile token present (len=816)
[w5:kl:pro] Site Turnstile token (9652ms)
[w5:kl:pro] Searching "pulm" | queue=215 | words=23026
[w5:kl:pro] [api] 200 mode=pro startsWith=pulm
[w5:kl:pro] [api] 200 mode=pro startsWith=pulm (549ms direct)
[w5:kl:pro] "pulm" → 41 records, 41 words
[w5:kl:pro] "pulm" branch complete
[w5:kl:pro] Saved 23,067 worker words
[w5:kl:pro] Searching "pulr" | queue=214 | words=23067
[w5:kl:pro] Pacing 15s before "pulr" (gap=15500ms)
[w5:kl:pro] Managed Turnstile token (len=816, 6788ms, remount)
[w5:kl:pro] [api] 200 mode=pro startsWith=pulr
[w5:kl:pro] [api] 200 mode=pro startsWith=pulr (553ms direct)
[w5:kl:pro] "pulr" → 0 records, 0 words
[w5:kl:pro] "pulr" branch complete
[w5:kl:pro] Saved 23,067 worker words
[w5:kl:pro] Searching "punc" | queue=213 | words=23067
[w5:kl:pro] Pacing 15s before "punc" (gap=15500ms)
[w5:kl:pro] Site Turnstile remint timed out (23029ms)
[w5:kl:pro] Failed "punc" attempt 1: No Turnstile token for direct search
[w5:kl:pro] Saved 23,067 worker words
[w5:kl:pro] Turnstile miss — soft reload before rotate
[w5:kl:pro] Turnstile token present (len=816)
[w5:kl:pro] Site Turnstile token (8274ms)
[w5:kl:pro] Searching "punc" | queue=213 | words=23067
[w5:kl:pro] [api] 200 mode=pro startsWith=punc
[w5:kl:pro] [api] 200 mode=pro startsWith=punc (496ms direct)
[w5:kl:pro] "punc" → 100 records, 100 words
[w5:kl:pro] Pacing 15s before "punc" (gap=15500ms)
[w5:kl:pro] Managed Turnstile token (len=816, 6056ms, remount)
[w5:kl:pro] heartbeat words=23167 queue=213 rotation=0 idle=42s
[w5:kl:pro] [api] 200 mode=pro startsWith=punc
[w5:kl:pro] [api] 200 mode=pro startsWith=punc sort=alphabetical:desc (609ms direct)
[w5:kl:pro] "punc" full page ends at "puncturations" (next='t'); skip 21 covered groups → 7 children reverse Z→A ends at "punchballs" (lo='h' hi='t'); skip 11 middle + 9 new words
[w5:kl:pro] Saved 23,176 worker words
[w5:kl:pro] Searching "punh" | queue=219 | words=23176
[w5:kl:pro] Pacing 15s before "punh" (gap=15500ms)
[w5:kl:pro] Site Turnstile remint timed out (22363ms)
[w5:kl:pro] Failed "punh" attempt 1: No Turnstile token for direct search
[w5:kl:pro] Saved 23,176 worker words; shared last.txt now 381,003
[w5:kl:pro] Turnstile miss — soft reload before rotate
[w5:kl:pro] Turnstile token present (len=816)
[w5:kl:pro] Site Turnstile token (5304ms)
[w5:kl:pro] Searching "punh" | queue=219 | words=23176
[w5:kl:pro] [api] 200 mode=pro startsWith=punh
[w5:kl:pro] [api] 200 mode=pro startsWith=punh (417ms direct)
[w5:kl:pro] "punh" → 0 records, 0 words
[w5:kl:pro] "punh" branch complete
[w5:kl:pro] Saved 23,176 worker words
[w5:kl:pro] Searching "pupv" | queue=218 | words=23176
[w5:kl:pro] Pacing 15s before "pupv" (gap=15500ms)
[w5:kl:pro] Managed Turnstile token (len=816, 4799ms, remount)
[w5:kl:pro] [api] 200 mode=pro startsWith=pupv
[w5:kl:pro] [api] 200 mode=pro startsWith=pupv (447ms direct)
[w5:kl:pro] "pupv" → 0 records, 0 words
[w5:kl:pro] "pupv" branch complete
[w5:kl:pro] Saved 23,176 worker words
[w5:kl:pro] Searching "puri" | queue=217 | words=23176
[w5:kl:pro] Pacing 15s before "puri" (gap=15500ms)
[w5:kl:pro] heartbeat words=23176 queue=217 rotation=0 idle=6s
[w5:kl:pro] Site Turnstile remint timed out (22343ms)
[w5:kl:pro] Failed "puri" attempt 1: No Turnstile token for direct search
[w5:kl:pro] Saved 23,176 worker words
[w5:kl:pro] Turnstile miss — soft reload before rotate
[w5:kl:pro] Managed Turnstile token (len=816, 4275ms, remount)
[w5:kl:pro] Searching "puri" | queue=217 | words=23176
[w5:kl:pro] [api] 200 mode=pro startsWith=puri
[w5:kl:pro] [api] 200 mode=pro startsWith=puri (411ms direct)
[w5:kl:pro] "puri" → 55 records, 55 words (incl. exact "puri")
[w5:kl:pro] "puri" branch complete
[w5:kl:pro] Saved 23,231 worker words
[w5:kl:pro] Searching "purn" | queue=216 | words=23231
[w5:kl:pro] Pacing 15s before "purn" (gap=15500ms)
[w5:kl:pro] Site Turnstile remint timed out (23946ms)
[w5:kl:pro] Failed "purn" attempt 1: No Turnstile token for direct search
[w5:kl:pro] Saved 23,231 worker words
[w5:kl:pro] Turnstile miss — soft reload before rotate
[w5:kl:pro] Turnstile token present (len=816)
[w5:kl:pro] Site Turnstile token (7225ms)
[w5:kl:pro] Searching "purn" | queue=216 | words=23231
[w5:kl:pro] [api] 200 mode=pro startsWith=purn
[w5:kl:pro] [api] 200 mode=pro startsWith=purn (520ms direct)
[w5:kl:pro] "purn" → 0 records, 0 words
[w5:kl:pro] "purn" branch complete
[w5:kl:pro] Saved 23,231 worker words
[w5:kl:pro] Searching "purw" | queue=215 | words=23231
[w5:kl:pro] Pacing 15s before "purw" (gap=15500ms)
[w5:kl:pro] heartbeat words=23231 queue=215 rotation=0 idle=2s
[w5:kl:pro] Managed Turnstile token (len=816, 5480ms, remount)
[w5:kl:pro] [api] 200 mode=pro startsWith=purw
[w5:kl:pro] [api] 200 mode=pro startsWith=purw (439ms direct)
[w5:kl:pro] "purw" → 1 records, 1 words
[w5:kl:pro] "purw" branch complete
[w5:kl:pro] Saved 23,232 worker words
[w5:kl:pro] Searching "putz" | queue=214 | words=23232
[w5:kl:pro] Pacing 16s before "putz" (gap=15500ms)
[w5:kl:pro] Site Turnstile remint timed out (22694ms)
[w5:kl:pro] Failed "putz" attempt 1: No Turnstile token for direct search
[w5:kl:pro] Saved 23,232 worker words; shared last.txt now 381,751
[w5:kl:pro] Turnstile miss — soft reload before rotate
[w5:kl:pro] Turnstile token present (len=816)
[w5:kl:pro] Site Turnstile token (6051ms)
[w5:kl:pro] Searching "putz" | queue=214 | words=23232
[w5:kl:pro] [api] 200 mode=pro startsWith=putz
[w5:kl:pro] [api] 200 mode=pro startsWith=putz (432ms direct)
[w5:kl:pro] "putz" → 4 records, 4 words (incl. exact "putz")
[w5:kl:pro] "putz" branch complete
[w5:kl:pro] Saved 23,236 worker words
[w5:kl:pro] Searching "pyri" | queue=213 | words=23236
[w5:kl:pro] Pacing 14s before "pyri" (gap=15500ms)
[w5:kl:pro] Managed Turnstile token (len=816, 8270ms, remount)
[w5:kl:pro] heartbeat words=23236 queue=213 rotation=0 idle=11s
[w5:kl:pro] [api] 200 mode=pro startsWith=pyri
[w5:kl:pro] [api] 200 mode=pro startsWith=pyri (480ms direct)
[w5:kl:pro] "pyri" → 56 records, 56 words
[w5:kl:pro] "pyri" branch complete
[w5:kl:pro] Saved 23,292 worker words
[w5:kl:pro] Searching "pyrn" | queue=212 | words=23292
[w5:kl:pro] Pacing 15s before "pyrn" (gap=15500ms)
[w5:kl:pro] Site Turnstile remint timed out (24240ms)
[w5:kl:pro] Failed "pyrn" attempt 1: No Turnstile token for direct search
[w5:kl:pro] Saved 23,292 worker words
[w5:kl:pro] Turnstile miss — soft reload before rotate
[w5:kl:pro] Turnstile token present (len=816)
[w5:kl:pro] Site Turnstile token (6343ms)
[w5:kl:pro] Searching "pyrn" | queue=212 | words=23292
[w5:kl:pro] [api] 200 mode=pro startsWith=pyrn
[w5:kl:pro] [api] 200 mode=pro startsWith=pyrn (399ms direct)
[w5:kl:pro] "pyrn" → 0 records, 0 words
[w5:kl:pro] "pyrn" branch complete
[w5:kl:pro] Saved 23,292 worker words
[w5:kl:pro] Searching "pachz" | queue=211 | words=23292
[w5:kl:pro] Pacing 16s before "pachz" (gap=15500ms)
[w5:kl:pro] Managed Turnstile token (len=816, 4300ms, remount)
[w5:kl:pro] [api] 200 mode=pro startsWith=pachz
[w5:kl:pro] [api] 200 mode=pro startsWith=pachz (468ms direct)
[w5:kl:pro] "pachz" → 0 records, 0 words
[w5:kl:pro] "pachz" branch complete
[w5:kl:pro] Saved 23,292 worker words
[w5:kl:pro] Searching "palai" | queue=210 | words=23292
[w5:kl:pro] Pacing 15s before "palai" (gap=15500ms)
[w5:kl:pro] Graceful shutdown on SIGTERM
[w5:kl:pro] Saved 23,292 worker words
[w5:kl:pro] Tor exited code=0
[w5:kl:pro] IP mode=tor
[w5:kl:pro] Cleaned 1 old rotated profile(s)
[w5:kl:pro] Starting persistent Tor socks=127.0.0.1:19055 control=127.0.0.1:29055
[w5:kl:pro] tor: Aug 05 18:05:19.000 [notice] Bootstrapped 0% (starting): Starting
[w5:kl:pro] tor: Aug 05 18:05:21.000 [notice] Bootstrapped 5% (conn): Connecting to a relay
[w5:kl:pro] tor: Aug 05 18:05:21.000 [notice] Bootstrapped 10% (conn_done): Connected to a relay
[w5:kl:pro] tor: Aug 05 18:05:21.000 [notice] Bootstrapped 14% (handshake): Handshaking with a relay
[w5:kl:pro] tor: Aug 05 18:05:22.000 [notice] Bootstrapped 15% (handshake_done): Handshake with a relay done
Aug 05 18:05:22.000 [notice] Bootstrapped 75% (enough_dirinfo): Load
[w5:kl:pro] tor: Aug 05 18:05:22.000 [notice] Bootstrapped 95% (circuit_create): Establishing a Tor circuit
[w5:kl:pro] tor: Aug 05 18:05:22.000 [notice] Bootstrapped 100% (done): Done
[w5:kl:pro] Tor ready on 19055 exit=192.42.116.66
[w5:kl:pro] Launching persistent Chrome profile /tmp/lll-pw-w5-r0
[w5:kl:pro] Proxy tor#1 socks5://127.0.0.1:19055
[w5:kl:pro] Opening https://lastletterlibrary.com
[w5:kl:pro] Library mode=pro
[w5:kl:pro] Managed Turnstile token (len=816, 6644ms, remount)
[w5:kl:pro] Search mode=direct (skip UI Wait Ns… gate)
[w5:kl:pro] Loaded 3052 prefixes, 23292 words; queue=210
[w5:kl:pro] Searching "palan" | queue=209 | words=23292
[w5:kl:pro] [api] 200 mode=pro startsWith=palan
[w5:kl:pro] [api] 200 mode=pro startsWith=palan (657ms direct)
[w5:kl:pro] "palan" → 15 records, 15 words
[w5:kl:pro] "palan" branch complete
[w5:kl:pro] Saved 23,307 worker words
[w5:kl:pro] Searching "palas" | queue=208 | words=23307
[w5:kl:pro] Pacing 15s before "palas" (gap=15500ms)
[w5:kl:pro] Site Turnstile remint timed out (22439ms)
[w5:kl:pro] Failed "palas" attempt 1: No Turnstile token for direct search
[w5:kl:pro] Saved 23,307 worker words
[w5:kl:pro] Turnstile miss — soft reload before rotate
[w5:kl:pro] Turnstile token present (len=816)
[w5:kl:pro] Site Turnstile token (5357ms)
[w5:kl:pro] Searching "palas" | queue=208 | words=23307
[w5:kl:pro] [api] 200 mode=pro startsWith=palas
[w5:kl:pro] [api] 200 mode=pro startsWith=palas (541ms direct)
[w5:kl:pro] "palas" → 2 records, 2 words (incl. exact "palas")
[w5:kl:pro] "palas" branch complete
[w5:kl:pro] Saved 23,309 worker words
[w5:kl:pro] Searching "palex" | queue=207 | words=23309
[w5:kl:pro] Pacing 15s before "palex" (gap=15500ms)
[w5:kl:pro] Managed Turnstile token (len=816, 6733ms, remount)
[w5:kl:pro] [api] 200 mode=pro startsWith=palex
[w5:kl:pro] [api] 200 mode=pro startsWith=palex (519ms direct)
[w5:kl:pro] "palex" → 0 records, 0 words
[w5:kl:pro] "palex" branch complete
[w5:kl:pro] Saved 23,309 worker words
[w5:kl:pro] Searching "palmy" | queue=206 | words=23309
[w5:kl:pro] Pacing 15s before "palmy" (gap=15500ms)
[w5:kl:pro] heartbeat words=23309 queue=206 rotation=0 idle=14s
[w5:kl:pro] Site Turnstile remint timed out (22493ms)
[w5:kl:pro] Failed "palmy" attempt 1: No Turnstile token for direct search
[w5:kl:pro] Saved 23,309 worker words
[w5:kl:pro] Turnstile miss — soft reload before rotate
[w5:kl:pro] Site Turnstile remint timed out (11306ms)
[w5:kl:pro] Soft reload mint failed — rotating immediately
[w5:kl:pro] Tor NEWNYM gen=1; waiting 8000ms
[w5:kl:pro] Tor ready on 19055 exit=23.129.64.178
[w5:kl:pro] Rotating IP (#1, try 1) after No Turnstile token for direct search → tor#2 socks5://127.0.0.1:19055
[w5:kl:pro] Launching persistent Chrome profile /tmp/lll-pw-w5-r1
[w5:kl:pro] Proxy tor#2 socks5://127.0.0.1:19055
[w5:kl:pro] Opening https://lastletterlibrary.com
[w5:kl:pro] Library mode=pro
[w5:kl:pro] heartbeat words=23309 queue=207 rotation=1 idle=74s
[w5:kl:pro] Managed Turnstile token (len=816, 10510ms, remount)
[w5:kl:pro] Search mode=direct (skip UI Wait Ns… gate)
[w5:kl:pro] Cleaned 1 old rotated profile(s)
[w5:kl:pro] Searching "palmy" | queue=206 | words=23309
[w5:kl:pro] [api] 200 mode=pro startsWith=palmy
[w5:kl:pro] [api] 200 mode=pro startsWith=palmy (849ms direct)
[w5:kl:pro] "palmy" → 5 records, 5 words (incl. exact "palmy")
[w5:kl:pro] "palmy" branch complete
[w5:kl:pro] Saved 23,314 worker words
[w5:kl:pro] Searching "pandz" | queue=205 | words=23314
[w5:kl:pro] Pacing 15s before "pandz" (gap=15500ms)
[w5:kl:pro] Site Turnstile remint timed out (22479ms)
[w5:kl:pro] Failed "pandz" attempt 1: No Turnstile token for direct search
[w5:kl:pro] Saved 23,314 worker words
[w5:kl:pro] Turnstile miss — soft reload before rotate
[w5:kl:pro] Turnstile token present (len=816)
[w5:kl:pro] Site Turnstile token (9563ms)
[w5:kl:pro] Searching "pandz" | queue=205 | words=23314
[w5:kl:pro] [api] 200 mode=pro startsWith=pandz
[w5:kl:pro] [api] 200 mode=pro startsWith=pandz (590ms direct)
[w5:kl:pro] "pandz" → 0 records, 0 words
[w5:kl:pro] "pandz" branch complete
[w5:kl:pro] heartbeat words=23314 queue=205 rotation=1 idle=54s
[w5:kl:pro] Turnstile mint hard timeout after 28000ms
[w5:kl:pro] Saved 23,314 worker words; shared last.txt now 383,458
[w5:kl:pro] Searching "pantl" | queue=204 | words=23314
[w5:kl:pro] Graceful shutdown on SIGTERM
[w5:kl:pro] Saved 23,314 worker words
[w5:kl:pro] Tor exited code=0
[w5:kl:pro] IP mode=tor
[w5:kl:pro] Cleaned 1 old rotated profile(s)
[w5:kl:pro] Starting persistent Tor socks=127.0.0.1:19055 control=127.0.0.1:29055
[w5:kl:pro] tor: Aug 05 18:09:49.000 [notice] Bootstrapped 0% (starting): Starting
[w5:kl:pro] tor: Aug 05 18:09:51.000 [notice] Bootstrapped 5% (conn): Connecting to a relay
[w5:kl:pro] tor: Aug 05 18:09:51.000 [notice] Bootstrapped 10% (conn_done): Connected to a relay
[w5:kl:pro] tor: Aug 05 18:09:52.000 [notice] Bootstrapped 14% (handshake): Handshaking with a relay
[w5:kl:pro] tor: Aug 05 18:09:52.000 [notice] Bootstrapped 15% (handshake_done): Handshake with a relay done
Aug 05 18:09:52.000 [notice] Bootstrapped 75% (enough_dirinfo): Load
[w5:kl:pro] tor: Aug 05 18:09:53.000 [notice] Bootstrapped 100% (done): Done
[w5:kl:pro] Tor ready on 19055 exit=185.220.101.132
[w5:kl:pro] Launching persistent Chrome profile /tmp/lll-pw-w5-r0
[w5:kl:pro] Proxy tor#1 socks5://127.0.0.1:19055
[w5:kl:pro] Opening https://lastletterlibrary.com
[w5:kl:pro] Library mode=pro
[w5:kl:pro] Managed Turnstile token (len=816, 7751ms, remount)
[w5:kl:pro] Search mode=direct (skip UI Wait Ns… gate)
[w5:kl:pro] Loaded 3057 prefixes, 23314 words; queue=204
[w5:kl:pro] Searching "pantz" | queue=203 | words=23314
[w5:kl:pro] [api] 200 mode=pro startsWith=pantz
[w5:kl:pro] [api] 200 mode=pro startsWith=pantz (503ms direct)
[w5:kl:pro] "pantz" → 0 records, 0 words
[w5:kl:pro] "pantz" branch complete
[w5:kl:pro] Saved 23,314 worker words
[w5:kl:pro] Searching "parag" | queue=202 | words=23314
[w5:kl:pro] Pacing 15s before "parag" (gap=15500ms)
[w5:kl:pro] Managed Turnstile token (len=816, 4618ms, remount)
[w5:kl:pro] [api] 200 mode=pro startsWith=parag
[w5:kl:pro] [api] 200 mode=pro startsWith=parag (579ms direct)
[w5:kl:pro] "parag" → 90 records, 90 words
[w5:kl:pro] "parag" branch complete
[w5:kl:pro] Saved 23,404 worker words
[w5:kl:pro] Searching "paral" | queue=201 | words=23404
[w5:kl:pro] Pacing 15s before "paral" (gap=15500ms)
[w5:kl:pro] Managed Turnstile token (len=816, 4782ms, remount)
[w5:kl:pro] [api] 200 mode=pro startsWith=paral
[w5:kl:pro] [api] 200 mode=pro startsWith=paral (721ms direct)
[w5:kl:pro] "paral" → 100 records, 100 words
[w5:kl:pro] Pacing 14s before "paral" (gap=15500ms)
[w5:kl:pro] Turnstile token present (len=837)
[w5:kl:pro] Site Turnstile token (20119ms)
[w5:kl:pro] [api] 200 mode=pro startsWith=paral
[w5:kl:pro] [api] 200 mode=pro startsWith=paral sort=alphabetical:desc (567ms direct)
[w5:kl:pro] "paral" full page ends at "parallepipedous" (next='l'); skip 25 covered groups → 3 children reverse Z→A ends at "parallelepipedonal" (lo='l' hi='y'); skip 12 middle + 51 new words
[w5:kl:pro] Saved 23,555 worker words
[w5:kl:pro] Searching "paraq" | queue=203 | words=23555
[w5:kl:pro] Pacing 15s before "paraq" (gap=15500ms)
[w5:kl:pro] Managed Turnstile token (len=816, 6198ms, remount)
[w5:kl:pro] heartbeat words=23555 queue=203 rotation=0 idle=6s
[w5:kl:pro] [api] 200 mode=pro startsWith=paraq
[w5:kl:pro] [api] 200 mode=pro startsWith=paraq (697ms direct)
[w5:kl:pro] "paraq" → 9 records, 9 words
[w5:kl:pro] "paraq" branch complete
[w5:kl:pro] Saved 23,564 worker words
[w5:kl:pro] Searching "paren" | queue=202 | words=23564
[w5:kl:pro] Pacing 12s before "paren" (gap=15500ms)
[w5:kl:pro] Managed Turnstile token (len=816, 17171ms, remount)
[w5:kl:pro] [api] 200 mode=pro startsWith=paren
[w5:kl:pro] [api] 200 mode=pro startsWith=paren (750ms direct)
[w5:kl:pro] "paren" → 68 records, 68 words (incl. exact "paren")
[w5:kl:pro] "paren" branch complete
[w5:kl:pro] Saved 23,632 worker words
[w5:kl:pro] Searching "parez" | queue=201 | words=23632
[w5:kl:pro] Pacing 8s before "parez" (gap=15500ms)
[w5:kl:pro] Graceful shutdown on SIGTERM
[w5:kl:pro] Saved 23,632 worker words
[w5:kl:pro] Tor exited code=0
[w5:kl:pro] IP mode=tor
[w5:kl:pro] Cleaned 1 old rotated profile(s)
[w5:kl:pro] Starting persistent Tor socks=127.0.0.1:19055 control=127.0.0.1:29055
[w5:kl:pro] tor: Aug 05 18:12:37.000 [notice] Bootstrapped 0% (starting): Starting
[w5:kl:pro] tor: Aug 05 18:12:38.000 [notice] Bootstrapped 5% (conn): Connecting to a relay
[w5:kl:pro] tor: Aug 05 18:12:38.000 [notice] Bootstrapped 10% (conn_done): Connected to a relay
[w5:kl:pro] tor: Aug 05 18:12:39.000 [notice] Bootstrapped 14% (handshake): Handshaking with a relay
[w5:kl:pro] tor: Aug 05 18:12:39.000 [notice] Bootstrapped 15% (handshake_done): Handshake with a relay done
Aug 05 18:12:39.000 [notice] Bootstrapped 75% (enough_dirinfo): Load
[w5:kl:pro] tor: Aug 05 18:12:40.000 [notice] Bootstrapped 100% (done): Done
[w5:kl:pro] Tor ready on 19055 exit=192.42.116.14
[w5:kl:pro] Launching persistent Chrome profile /tmp/lll-pw-w5-r0
[w5:kl:pro] Proxy tor#1 socks5://127.0.0.1:19055
[w5:kl:pro] Opening https://lastletterlibrary.com
[w5:kl:pro] Library mode=pro
[w5:kl:pro] Site Turnstile remint timed out (22341ms)
[w5:kl:pro] Search mode=direct (skip UI Wait Ns… gate)
[w5:kl:pro] Loaded 3087 prefixes, 23632 words; queue=201
[w5:kl:pro] Searching "pariz" | queue=200 | words=23632
[w5:kl:pro] Managed Turnstile miss (15101ms)
[w5:kl:pro] Failed "pariz" attempt 1: No Turnstile token for direct search
[w5:kl:pro] Saved 23,632 worker words
[w5:kl:pro] Turnstile miss — soft reload before rotate
[w5:kl:pro] Turnstile token present (len=837)
[w5:kl:pro] Site Turnstile token (6957ms)
[w5:kl:pro] Searching "pariz" | queue=200 | words=23632
[w5:kl:pro] [api] 200 mode=pro startsWith=pariz
[w5:kl:pro] [api] 200 mode=pro startsWith=pariz (452ms direct)
[w5:kl:pro] "pariz" → 0 records, 0 words
[w5:kl:pro] "pariz" branch complete
[w5:kl:pro] Saved 23,632 worker words
[w5:kl:pro] Searching "partz" | queue=199 | words=23632
[w5:kl:pro] Pacing 15s before "partz" (gap=15500ms)
[w5:kl:pro] Managed Turnstile miss (15021ms)
[w5:kl:pro] Managed Turnstile miss (15195ms)
[w5:kl:pro] Failed "partz" attempt 1: No Turnstile token for direct search
[w5:kl:pro] Saved 23,632 worker words
[w5:kl:pro] Turnstile miss — soft reload before rotate
[w5:kl:pro] heartbeat words=23632 queue=200 rotation=0 idle=36s
[w5:kl:pro] Site Turnstile remint timed out (9864ms)
[w5:kl:pro] Soft reload mint failed — rotating immediately
[w5:kl:pro] Tor NEWNYM gen=1; waiting 8000ms
[w5:kl:pro] Tor ready on 19055 exit=192.42.116.42
[w5:kl:pro] Rotating IP (#1, try 1) after No Turnstile token for direct search → tor#2 socks5://127.0.0.1:19055
[w5:kl:pro] Launching persistent Chrome profile /tmp/lll-pw-w5-r1
[w5:kl:pro] Proxy tor#2 socks5://127.0.0.1:19055
[w5:kl:pro] Opening https://lastletterlibrary.com
[w5:kl:pro] page.goto failed attempt 1: page.goto: net::ERR_TIMED_OUT at https://lastletterlibrary.com/
Call log:
  - navigating to "https://lastletterlibrary.c
[w5:kl:pro] heartbeat words=23632 queue=200 rotation=1 idle=96s
[w5:kl:pro] page.goto failed attempt 2: page.goto: net::ERR_TIMED_OUT at https://lastletterlibrary.com/
Call log:
  - navigating to "https://lastletterlibrary.c
[w5:kl:pro] page.goto failed attempt 3: page.goto: net::ERR_SOCKET_NOT_CONNECTED at https://lastletterlibrary.com/
Call log:
  - navigating to "https://lastlett
[w5:kl:pro] rotateIp attempt 1 failed: page.goto: net::ERR_SOCKET_NOT_CONNECTED at https://lastletterlibrary.com/
Call log:
  - navigating to "https://lastletterlibrary.com/", waiting until "domconte
[w5:kl:pro] heartbeat words=23632 queue=200 rotation=2 idle=156s
[w5:kl:pro] Tor NEWNYM gen=2; waiting 8000ms
[w5:kl:pro] Tor ready on 19055 exit=185.220.101.191
[w5:kl:pro] Rotating IP (#2, try 2) after No Turnstile token for direct search → tor#3 socks5://127.0.0.1:19055
[w5:kl:pro] Launching persistent Chrome profile /tmp/lll-pw-w5-r2
[w5:kl:pro] Proxy tor#3 socks5://127.0.0.1:19055
[w5:kl:pro] Opening https://lastletterlibrary.com
[w5:kl:pro] Library mode=pro
[w5:kl:pro] Turnstile token present (len=816)
[w5:kl:pro] Site Turnstile token (24761ms)
[w5:kl:pro] Search mode=direct (skip UI Wait Ns… gate)
[w5:kl:pro] Cleaned 2 old rotated profile(s)
[w5:kl:pro] Searching "partz" | queue=199 | words=23632
[w5:kl:pro] [api] 200 mode=pro startsWith=partz
[w5:kl:pro] [api] 200 mode=pro startsWith=partz (772ms direct)
[w5:kl:pro] "partz" → 2 records, 2 words
[w5:kl:pro] "partz" branch complete
[w5:kl:pro] Saved 23,634 worker words
[w5:kl:pro] Searching "pastz" | queue=198 | words=23634
[w5:kl:pro] Pacing 14s before "pastz" (gap=15500ms)
[w5:kl:pro] heartbeat words=23634 queue=198 rotation=2 idle=6s
[w5:kl:pro] Managed Turnstile miss (15432ms)
[w5:kl:pro] Failed "pastz" attempt 1: No Turnstile token for direct search
[w5:kl:pro] Saved 23,634 worker words
[w5:kl:pro] Turnstile miss — soft reload before rotate
[w5:kl:pro] Site Turnstile remint timed out (9431ms)
[w5:kl:pro] Soft reload mint failed — rotating immediately
[w5:kl:pro] Tor NEWNYM gen=3; waiting 8000ms
[w5:kl:pro] Tor ready on 19055 exit=185.220.101.135
[w5:kl:pro] Rotating IP (#3, try 1) after No Turnstile token for direct search → tor#4 socks5://127.0.0.1:19055
[w5:kl:pro] Launching persistent Chrome profile /tmp/lll-pw-w5-r3
[w5:kl:pro] Proxy tor#4 socks5://127.0.0.1:19055
[w5:kl:pro] Opening https://lastletterlibrary.com
[w5:kl:pro] Library mode=pro
[w5:kl:pro] heartbeat words=23634 queue=199 rotation=3 idle=66s
[w5:kl:pro] Site Turnstile remint timed out (22753ms)
[w5:kl:pro] Search mode=direct (skip UI Wait Ns… gate)
[w5:kl:pro] Cleaned 1 old rotated profile(s)
[w5:kl:pro] Searching "pastz" | queue=198 | words=23634
[w5:kl:pro] Managed Turnstile miss (15361ms)
[w5:kl:pro] Failed "pastz" attempt 1: No Turnstile token for direct search
[w5:kl:pro] Saved 23,634 worker words
[w5:kl:pro] Turnstile miss — soft reload before rotate
[w5:kl:pro] Site Turnstile remint timed out (10039ms)
[w5:kl:pro] Soft reload mint failed — rotating immediately
[w5:kl:pro] Tor NEWNYM gen=4; waiting 8000ms
[w5:kl:pro] Tor ready on 19055 exit=185.220.101.128
[w5:kl:pro] Rotating IP (#4, try 1) after No Turnstile token for direct search → tor#5 socks5://127.0.0.1:19055
[w5:kl:pro] Launching persistent Chrome profile /tmp/lll-pw-w5-r4
[w5:kl:pro] Proxy tor#5 socks5://127.0.0.1:19055
[w5:kl:pro] Opening https://lastletterlibrary.com
[w5:kl:pro] Library mode=pro
[w5:kl:pro] heartbeat words=23634 queue=199 rotation=4 idle=126s
[w5:kl:pro] Site Turnstile remint timed out (22513ms)
[w5:kl:pro] Search mode=direct (skip UI Wait Ns… gate)
[w5:kl:pro] Cleaned 1 old rotated profile(s)
[w5:kl:pro] Searching "pastz" | queue=198 | words=23634
[w5:kl:pro] Managed Turnstile miss (15944ms)
[w5:kl:pro] Failed "pastz" attempt 1: No Turnstile token for direct search
[w5:kl:pro] Saved 23,634 worker words
[w5:kl:pro] Turnstile miss — soft reload before rotate
[w5:kl:pro] Site Turnstile remint timed out (12686ms)
[w5:kl:pro] Soft reload mint failed — rotating immediately
[w5:kl:pro] Tor NEWNYM gen=5; waiting 8000ms
[w5:kl:pro] Tor ready on 19055 exit=192.42.116.59
[w5:kl:pro] Rotating IP (#5, try 1) after No Turnstile token for direct search → tor#6 socks5://127.0.0.1:19055
[w5:kl:pro] Launching persistent Chrome profile /tmp/lll-pw-w5-r5
[w5:kl:pro] Proxy tor#6 socks5://127.0.0.1:19055
[w5:kl:pro] Opening https://lastletterlibrary.com
[w5:kl:pro] heartbeat words=23634 queue=199 rotation=5 idle=186s
[w5:kl:pro] No successful search for 180s — respawning worker
[w5:kl:pro] Graceful shutdown on watchdog
[w5:kl:pro] Saved 23,634 worker words; shared last.txt now 387,392
[w5:kl:pro] page.goto failed attempt 1: page.goto: net::ERR_ABORTED at https://lastletterlibrary.com/
Call log:
  - navigating to "https://lastletterlibrary.com
[w5:kl:pro] Tor exited code=0

--- respawn 2026-08-05T23:20:18.936Z ---
[w5:kl:pro] IP mode=tor
[w5:kl:pro] Cleaned 2 old rotated profile(s)
[w5:kl:pro] Starting persistent Tor socks=127.0.0.1:19055 control=127.0.0.1:29055
[w5:kl:pro] tor: Aug 05 18:20:27.000 [notice] Bootstrapped 0% (starting): Starting
[w5:kl:pro] tor: Aug 05 18:20:36.000 [notice] Bootstrapped 5% (conn): Connecting to a relay
[w5:kl:pro] tor: Aug 05 18:20:37.000 [notice] New control connection opened from 127.0.0.1.
Aug 05 18:20:37.000 [notice] Bootstrapped 10% (conn_done): Connected to a relay
[w5:kl:pro] tor: Aug 05 18:20:37.000 [notice] Bootstrapped 14% (handshake): Handshaking with a relay
[w5:kl:pro] tor: Aug 05 18:20:37.000 [notice] Bootstrapped 15% (handshake_done): Handshake with a relay done
Aug 05 18:20:37.000 [notice] Bootstrapped 75% (enough_dirinfo): Load
[w5:kl:pro] tor: Aug 05 18:20:39.000 [notice] Bootstrapped 100% (done): Done
[w5:kl:pro] Tor ready on 19055 exit=109.70.100.6
[w5:kl:pro] Launching persistent Chrome profile /tmp/lll-pw-w5-r0
[w5:kl:pro] Proxy tor#1 socks5://127.0.0.1:19055
[w5:kl:pro] Opening https://lastletterlibrary.com
[w5:kl:pro] Library mode=pro
[w5:kl:pro] Turnstile token present (len=816)
[w5:kl:pro] Site Turnstile token (21578ms)
[w5:kl:pro] Search mode=direct (skip UI Wait Ns… gate)
[w5:kl:pro] Loaded 3089 prefixes, 23634 words; queue=199
[w5:kl:pro] Searching "pastz" | queue=198 | words=23634
[w5:kl:pro] [api] 200 mode=pro startsWith=pastz
[w5:kl:pro] [api] 200 mode=pro startsWith=pastz (834ms direct)
[w5:kl:pro] "pastz" → 0 records, 0 words
[w5:kl:pro] "pastz" branch complete
[w5:kl:pro] Saved 23,634 worker words
[w5:kl:pro] Searching "paths" | queue=197 | words=23634
[w5:kl:pro] Pacing 14s before "paths" (gap=15500ms)
[w5:kl:pro] Managed Turnstile token (len=816, 8698ms, remount)
[w5:kl:pro] [api] 200 mode=pro startsWith=paths
[w5:kl:pro] [api] 200 mode=pro startsWith=paths (566ms direct)
[w5:kl:pro] "paths" → 1 records, 1 words (incl. exact "paths")
[w5:kl:pro] "paths" branch complete
[w5:kl:pro] Saved 23,635 worker words
[w5:kl:pro] Searching "pathx" | queue=196 | words=23635
[w5:kl:pro] Pacing 15s before "pathx" (gap=15500ms)
[w5:kl:pro] Managed Turnstile token (len=816, 11765ms, remount)
[w5:kl:pro] [api] 200 mode=pro startsWith=pathx
[w5:kl:pro] [api] 200 mode=pro startsWith=pathx (624ms direct)
[w5:kl:pro] "pathx" → 0 records, 0 words
[w5:kl:pro] "pathx" branch complete
[w5:kl:pro] Saved 23,635 worker words
[w5:kl:pro] Searching "patrv" | queue=195 | words=23635
[w5:kl:pro] Pacing 11s before "patrv" (gap=15500ms)
[w5:kl:pro] Managed Turnstile token (len=816, 15717ms, remount)
[w5:kl:pro] [api] 200 mode=pro startsWith=patrv
[w5:kl:pro] [api] 200 mode=pro startsWith=patrv (751ms direct)
[w5:kl:pro] "patrv" → 0 records, 0 words
[w5:kl:pro] "patrv" branch complete
[w5:kl:pro] Saved 23,635 worker words
[w5:kl:pro] Searching "pedat" | queue=194 | words=23635
[w5:kl:pro] Pacing 14s before "pedat" (gap=15500ms)
[w5:kl:pro] heartbeat words=23635 queue=194 rotation=0 idle=9s
[w5:kl:pro] Managed Turnstile token (len=816, 14960ms, remount)
[w5:kl:pro] [api] 200 mode=pro startsWith=pedat
[w5:kl:pro] [api] 200 mode=pro startsWith=pedat (550ms direct)
[w5:kl:pro] "pedat" → 14 records, 14 words
[w5:kl:pro] "pedat" branch complete
[w5:kl:pro] Saved 23,649 worker words
[w5:kl:pro] Searching "peday" | queue=193 | words=23649
[w5:kl:pro] Pacing 15s before "peday" (gap=15500ms)
[w5:kl:pro] Managed Turnstile token (len=816, 7950ms, remount)
[w5:kl:pro] [api] 200 mode=pro startsWith=peday
[w5:kl:pro] [api] 200 mode=pro startsWith=peday (650ms direct)
[w5:kl:pro] "peday" → 0 records, 0 words
[w5:kl:pro] "peday" branch complete
[w5:kl:pro] Saved 23,649 worker words
[w5:kl:pro] Searching "pediz" | queue=192 | words=23649
[w5:kl:pro] Pacing 14s before "pediz" (gap=15500ms)
[w5:kl:pro] Managed Turnstile token (len=816, 12265ms, remount)
[w5:kl:pro] [api] 200 mode=pro startsWith=pediz
[w5:kl:pro] [api] 200 mode=pro startsWith=pediz (566ms direct)
[w5:kl:pro] "pediz" → 0 records, 0 words
[w5:kl:pro] "pediz" branch complete
[w5:kl:pro] Saved 23,649 worker words
[w5:kl:pro] Searching "pentc" | queue=191 | words=23649
[w5:kl:pro] Pacing 15s before "pentc" (gap=15500ms)
[w5:kl:pro] Managed Turnstile miss (15176ms)
[w5:kl:pro] Failed "pentc" attempt 1: No Turnstile token for direct search
[w5:kl:pro] heartbeat words=23649 queue=192 rotation=0 idle=22s
[w5:kl:pro] Saved 23,649 worker words; shared last.txt now 388,703
[w5:kl:pro] Turnstile miss — soft reload before rotate
[w5:kl:pro] Site Turnstile remint timed out (12965ms)
[w5:kl:pro] Soft reload mint failed — rotating immediately
[w5:kl:pro] Tor NEWNYM gen=1; waiting 8000ms
[w5:kl:pro] Tor ready on 19055 exit=192.42.116.109
[w5:kl:pro] Rotating IP (#1, try 1) after No Turnstile token for direct search → tor#2 socks5://127.0.0.1:19055
[w5:kl:pro] Launching persistent Chrome profile /tmp/lll-pw-w5-r1
[w5:kl:pro] Proxy tor#2 socks5://127.0.0.1:19055
[w5:kl:pro] Opening https://lastletterlibrary.com
[w5:kl:pro] heartbeat words=23649 queue=192 rotation=1 idle=82s
[w5:kl:pro] Library mode=pro
[w5:kl:pro] Managed Turnstile token (len=816, 12606ms, remount)
[w5:kl:pro] Search mode=direct (skip UI Wait Ns… gate)
[w5:kl:pro] Cleaned 1 old rotated profile(s)
[w5:kl:pro] Searching "pentc" | queue=191 | words=23649
[w5:kl:pro] [api] 200 mode=pro startsWith=pentc
[w5:kl:pro] [api] 200 mode=pro startsWith=pentc (800ms direct)
[w5:kl:pro] "pentc" → 0 records, 0 words
[w5:kl:pro] "pentc" branch complete
[w5:kl:pro] Saved 23,649 worker words
[w5:kl:pro] Searching "percy" | queue=190 | words=23649
[w5:kl:pro] Pacing 13s before "percy" (gap=15500ms)
[w5:kl:pro] Managed Turnstile token (len=816, 9454ms, remount)
[w5:kl:pro] [api] 200 mode=pro startsWith=percy
[w5:kl:pro] [api] 200 mode=pro startsWith=percy (677ms direct)
[w5:kl:pro] "percy" → 2 records, 2 words (incl. exact "percy")
[w5:kl:pro] "percy" branch complete
[w5:kl:pro] Saved 23,651 worker words
[w5:kl:pro] Searching "perfo" | queue=189 | words=23651
[w5:kl:pro] Pacing 15s before "perfo" (gap=15500ms)
[w5:kl:pro] Managed Turnstile token (len=816, 6559ms, remount)
[w5:kl:pro] [api] 200 mode=pro startsWith=perfo
[w5:kl:pro] [api] 200 mode=pro startsWith=perfo (651ms direct)
[w5:kl:pro] "perfo" → 41 records, 41 words
[w5:kl:pro] "perfo" branch complete
[w5:kl:pro] Saved 23,692 worker words
[w5:kl:pro] Searching "perft" | queue=188 | words=23692
[w5:kl:pro] Pacing 15s before "perft" (gap=15500ms)
[w5:kl:pro] Managed Turnstile token (len=816, 6449ms, remount)
[w5:kl:pro] heartbeat words=23692 queue=188 rotation=1 idle=8s
[w5:kl:pro] [api] 200 mode=pro startsWith=perft
[w5:kl:pro] [api] 200 mode=pro startsWith=perft (652ms direct)
[w5:kl:pro] "perft" → 0 records, 0 words
[w5:kl:pro] "perft" branch complete
[w5:kl:pro] Saved 23,692 worker words
[w5:kl:pro] Searching "perfy" | queue=187 | words=23692
[w5:kl:pro] Pacing 15s before "perfy" (gap=15500ms)
[w5:kl:pro] Managed Turnstile token (len=816, 11172ms, remount)
[w5:kl:pro] [api] 200 mode=pro startsWith=perfy
[w5:kl:pro] [api] 200 mode=pro startsWith=perfy (796ms direct)
[w5:kl:pro] "perfy" → 0 records, 0 words
[w5:kl:pro] "perfy" branch complete
[w5:kl:pro] Saved 23,692 worker words
[w5:kl:pro] Searching "perif" | queue=186 | words=23692
[w5:kl:pro] Pacing 15s before "perif" (gap=15500ms)
[w5:kl:pro] Managed Turnstile token (len=816, 14038ms, remount)
[w5:kl:pro] [api] 200 mode=pro startsWith=perif
[w5:kl:pro] [api] 200 mode=pro startsWith=perif (748ms direct)
[w5:kl:pro] "perif" → 4 records, 4 words
[w5:kl:pro] "perif" branch complete
[w5:kl:pro] Saved 23,696 worker words
[w5:kl:pro] Searching "perik" | queue=185 | words=23696
[w5:kl:pro] Pacing 15s before "perik" (gap=15500ms)
[w5:kl:pro] Managed Turnstile token (len=816, 12387ms, remount)
[w5:kl:pro] [api] 200 mode=pro startsWith=perik
[w5:kl:pro] [api] 200 mode=pro startsWith=perik (660ms direct)
[w5:kl:pro] "perik" → 4 records, 4 words
[w5:kl:pro] "perik" branch complete
[w5:kl:pro] Saved 23,700 worker words
[w5:kl:pro] Searching "perip" | queue=184 | words=23700
[w5:kl:pro] Pacing 15s before "perip" (gap=15500ms)
[w5:kl:pro] heartbeat words=23700 queue=184 rotation=1 idle=5s
[w5:kl:pro] Managed Turnstile token (len=816, 7300ms, remount)
[w5:kl:pro] [api] 200 mode=pro startsWith=perip
[w5:kl:pro] [api] 200 mode=pro startsWith=perip (659ms direct)
[w5:kl:pro] "perip" → 100 records, 100 words
[w5:kl:pro] Pacing 15s before "perip" (gap=15500ms)
[w5:kl:pro] Managed Turnstile miss (16745ms)
[w5:kl:pro] "perip" reverse search failed (No Turnstile token for direct search); forward-only
[w5:kl:pro] "perip" full page ends at "peripter" (next='t'); skip 21 covered groups → 7 children from peript..
[w5:kl:pro] Saved 23,800 worker words; shared last.txt now 390,667
[w5:kl:pro] Searching "periz" | queue=190 | words=23800
[w5:kl:pro] Managed Turnstile miss (15152ms)
[w5:kl:pro] Failed "periz" attempt 1: No Turnstile token for direct search
[w5:kl:pro] Saved 23,800 worker words
[w5:kl:pro] Turnstile miss — soft reload before rotate
[w5:kl:pro] heartbeat words=23800 queue=191 rotation=1 idle=30s
[w5:kl:pro] Site Turnstile remint timed out (10474ms)
[w5:kl:pro] Soft reload mint failed — rotating immediately
[w5:kl:pro] Tor NEWNYM gen=2; waiting 8000ms
[w5:kl:pro] Tor ready on 19055 exit=185.225.69.222
[w5:kl:pro] Rotating IP (#2, try 1) after No Turnstile token for direct search → tor#3 socks5://127.0.0.1:19055
[w5:kl:pro] Launching persistent Chrome profile /tmp/lll-pw-w5-r2
[w5:kl:pro] Proxy tor#3 socks5://127.0.0.1:19055
[w5:kl:pro] Opening https://lastletterlibrary.com
[w5:kl:pro] Library mode=pro
[w5:kl:pro] Managed Turnstile token (len=816, 10778ms, remount)
[w5:kl:pro] Search mode=direct (skip UI Wait Ns… gate)
[w5:kl:pro] Cleaned 1 old rotated profile(s)
[w5:kl:pro] Searching "periz" | queue=190 | words=23800
[w5:kl:pro] [api] 200 mode=pro startsWith=periz
[w5:kl:pro] [api] 200 mode=pro startsWith=periz (827ms direct)
[w5:kl:pro] "periz" → 1 records, 1 words
[w5:kl:pro] "periz" branch complete
[w5:kl:pro] Saved 23,801 worker words
[w5:kl:pro] Searching "permm" | queue=189 | words=23801
[w5:kl:pro] Pacing 12s before "permm" (gap=15500ms)
[w5:kl:pro] Managed Turnstile token (len=816, 10399ms, remount)
[w5:kl:pro] [api] 200 mode=pro startsWith=permm
[w5:kl:pro] [api] 200 mode=pro startsWith=permm (726ms direct)
[w5:kl:pro] "permm" → 0 records, 0 words
[w5:kl:pro] "permm" branch complete
[w5:kl:pro] Saved 23,801 worker words
[w5:kl:pro] Searching "permr" | queue=188 | words=23801
[w5:kl:pro] Pacing 11s before "permr" (gap=15500ms)
[w5:kl:pro] heartbeat words=23801 queue=188 rotation=2 idle=6s
[w5:kl:pro] Managed Turnstile token (len=816, 11736ms, remount)
[w5:kl:pro] [api] 429 mode=pro startsWith=permr
[w5:kl:pro] [api] 429 mode=pro startsWith=permr (720ms direct)
[w5:kl:pro] Learned server gap ≈ 15500ms (wait hint 2000ms)
[w5:kl:pro] Rate limited — inline wait 2000ms then retry "permr"
[w5:kl:pro] Managed Turnstile miss (15268ms)
[w5:kl:pro] Failed "permr" attempt 1: No Turnstile token for direct search
[w5:kl:pro] Saved 23,801 worker words
[w5:kl:pro] Turnstile miss — soft reload before rotate
[w5:kl:pro] Turnstile token present (len=816)
[w5:kl:pro] Site Turnstile token (14791ms)
[w5:kl:pro] Searching "permr" | queue=188 | words=23801
[w5:kl:pro] [api] 200 mode=pro startsWith=permr
[w5:kl:pro] [api] 200 mode=pro startsWith=permr (641ms direct)
[w5:kl:pro] "permr" → 0 records, 0 words
[w5:kl:pro] "permr" branch complete
[w5:kl:pro] Saved 23,801 worker words
[w5:kl:pro] Searching "permw" | queue=187 | words=23801
[w5:kl:pro] Pacing 13s before "permw" (gap=15500ms)
[w5:kl:pro] Managed Turnstile token (len=816, 14768ms, remount)
[w5:kl:pro] [api] 200 mode=pro startsWith=permw
[w5:kl:pro] [api] 200 mode=pro startsWith=permw (993ms direct)
[w5:kl:pro] "permw" → 0 records, 0 words
[w5:kl:pro] "permw" branch complete
[w5:kl:pro] Saved 23,801 worker words
[w5:kl:pro] Searching "persi" | queue=186 | words=23801
[w5:kl:pro] Pacing 14s before "persi" (gap=15500ms)
[w5:kl:pro] heartbeat words=23801 queue=186 rotation=2 idle=3s
[w5:kl:pro] Managed Turnstile token (len=816, 13357ms, remount)
[w5:kl:pro] [api] 200 mode=pro startsWith=persi
[w5:kl:pro] [api] 200 mode=pro startsWith=persi (548ms direct)
[w5:kl:pro] "persi" → 56 records, 56 words
[w5:kl:pro] "persi" branch complete
[w5:kl:pro] Saved 23,857 worker words
[w5:kl:pro] Searching "persn" | queue=185 | words=23857
[w5:kl:pro] Pacing 15s before "persn" (gap=15500ms)
[w5:kl:pro] Managed Turnstile token (len=816, 9186ms, remount)
[w5:kl:pro] [api] 200 mode=pro startsWith=persn
[w5:kl:pro] [api] 200 mode=pro startsWith=persn (557ms direct)
[w5:kl:pro] "persn" → 5 records, 5 words
[w5:kl:pro] "persn" branch complete
[w5:kl:pro] Saved 23,862 worker words; shared last.txt now 392,019
[w5:kl:pro] Searching "petro" | queue=184 | words=23862
[w5:kl:pro] Pacing 15s before "petro" (gap=15500ms)
[w5:kl:pro] Managed Turnstile miss (15156ms)
[w5:kl:pro] Failed "petro" attempt 1: No Turnstile token for direct search
[w5:kl:pro] Saved 23,862 worker words
[w5:kl:pro] Turnstile miss — soft reload before rotate
[w5:kl:pro] heartbeat words=23862 queue=185 rotation=2 idle=34s
[w5:kl:pro] Turnstile mint hard timeout after 15000ms
[w5:kl:pro] Soft reload mint failed — rotating immediately
[w5:kl:pro] Tor NEWNYM gen=3; waiting 8000ms
[w5:kl:pro] Tor ready on 19055 exit=185.243.218.233
[w5:kl:pro] Rotating IP (#3, try 1) after No Turnstile token for direct search → tor#4 socks5://127.0.0.1:19055
[w5:kl:pro] Launching persistent Chrome profile /tmp/lll-pw-w5-r3
[w5:kl:pro] Proxy tor#4 socks5://127.0.0.1:19055
[w5:kl:pro] Opening https://lastletterlibrary.com
[w5:kl:pro] Library mode=pro
[w5:kl:pro] Turnstile token present (len=837)
[w5:kl:pro] Site Turnstile token (19932ms)
[w5:kl:pro] Search mode=direct (skip UI Wait Ns… gate)
[w5:kl:pro] Cleaned 1 old rotated profile(s)
[w5:kl:pro] Searching "petro" | queue=184 | words=23862
[w5:kl:pro] [api] 200 mode=pro startsWith=petro
[w5:kl:pro] [api] 200 mode=pro startsWith=petro (698ms direct)
[w5:kl:pro] "petro" → 100 records, 100 words (incl. exact "petro")
[w5:kl:pro] Pacing 15s before "petro" (gap=15500ms)
[w5:kl:pro] heartbeat words=23962 queue=184 rotation=3 idle=94s
[w5:kl:pro] Managed Turnstile miss (15405ms)
[w5:kl:pro] "petro" reverse search failed (No Turnstile token for direct search); forward-only
[w5:kl:pro] "petro" full page ends at "petrosal" (next='s'); skip 20 covered groups → 8 children from petros..
[w5:kl:pro] Saved 23,962 worker words
[w5:kl:pro] Searching "petry" | queue=191 | words=23962
[w5:kl:pro] Managed Turnstile miss (15478ms)
[w5:kl:pro] Failed "petry" attempt 1: No Turnstile token for direct search
[w5:kl:pro] Saved 23,962 worker words
[w5:kl:pro] Turnstile miss — soft reload before rotate
[w5:kl:pro] Site Turnstile remint timed out (13447ms)
[w5:kl:pro] Soft reload mint failed — rotating immediately
[w5:kl:pro] Tor NEWNYM gen=4; waiting 8000ms
[w5:kl:pro] heartbeat words=23962 queue=192 rotation=4 idle=53s
[w5:kl:pro] Tor ready on 19055 exit=107.189.13.253
[w5:kl:pro] Rotating IP (#4, try 1) after No Turnstile token for direct search → tor#5 socks5://127.0.0.1:19055
[w5:kl:pro] Launching persistent Chrome profile /tmp/lll-pw-w5-r4
[w5:kl:pro] Proxy tor#5 socks5://127.0.0.1:19055
[w5:kl:pro] Opening https://lastletterlibrary.com
[w5:kl:pro] Library mode=pro
[w5:kl:pro] Site Turnstile remint timed out (22420ms)
[w5:kl:pro] Search mode=direct (skip UI Wait Ns… gate)
[w5:kl:pro] Cleaned 1 old rotated profile(s)
[w5:kl:pro] Searching "petry" | queue=191 | words=23962
[w5:kl:pro] Managed Turnstile miss (15151ms)
[w5:kl:pro] Failed "petry" attempt 1: No Turnstile token for direct search
[w5:kl:pro] Saved 23,962 worker words
[w5:kl:pro] Turnstile miss — soft reload before rotate
[w5:kl:pro] heartbeat words=23962 queue=192 rotation=4 idle=113s
[w5:kl:pro] Site Turnstile remint timed out (10375ms)
[w5:kl:pro] Soft reload mint failed — rotating immediately
[w5:kl:pro] Tor NEWNYM gen=5; waiting 8000ms
[w5:kl:pro] Tor ready on 19055 exit=192.42.116.48
[w5:kl:pro] Rotating IP (#5, try 1) after No Turnstile token for direct search → tor#6 socks5://127.0.0.1:19055
[w5:kl:pro] Launching persistent Chrome profile /tmp/lll-pw-w5-r5
[w5:kl:pro] Proxy tor#6 socks5://127.0.0.1:19055
[w5:kl:pro] Opening https://lastletterlibrary.com
[w5:kl:pro] Library mode=pro
[w5:kl:pro] Site Turnstile remint timed out (23286ms)
[w5:kl:pro] Search mode=direct (skip UI Wait Ns… gate)
[w5:kl:pro] Cleaned 1 old rotated profile(s)
[w5:kl:pro] Searching "petry" | queue=191 | words=23962
[w5:kl:pro] heartbeat words=23962 queue=191 rotation=5 idle=173s
[w5:kl:pro] Managed Turnstile miss (15156ms)
[w5:kl:pro] Failed "petry" attempt 1: No Turnstile token for direct search
[w5:kl:pro] Saved 23,962 worker words
[w5:kl:pro] Turnstile miss — soft reload before rotate
[w5:kl:pro] Site Turnstile remint timed out (10457ms)
[w5:kl:pro] Soft reload mint failed — rotating immediately
[w5:kl:pro] Tor NEWNYM gen=6; waiting 8000ms
[w5:kl:pro] Tor ready on 19055 exit=150.40.126.103
[w5:kl:pro] Rotating IP (#6, try 1) after No Turnstile token for direct search → tor#7 socks5://127.0.0.1:19055
[w5:kl:pro] Launching persistent Chrome profile /tmp/lll-pw-w5-r6
[w5:kl:pro] Proxy tor#7 socks5://127.0.0.1:19055
[w5:kl:pro] Opening https://lastletterlibrary.com
[w5:kl:pro] Library mode=pro
[w5:kl:pro] Managed Turnstile token (len=816, 8699ms, remount)
[w5:kl:pro] Search mode=direct (skip UI Wait Ns… gate)
[w5:kl:pro] Cleaned 1 old rotated profile(s)
[w5:kl:pro] Searching "petry" | queue=191 | words=23962
[w5:kl:pro] [api] 200 mode=pro startsWith=petry
[w5:kl:pro] [api] 200 mode=pro startsWith=petry (653ms direct)
[w5:kl:pro] "petry" → 0 records, 0 words
[w5:kl:pro] "petry" branch complete
[w5:kl:pro] Saved 23,962 worker words
[w5:kl:pro] Searching "phalo" | queue=190 | words=23962
[w5:kl:pro] Pacing 15s before "phalo" (gap=15500ms)
[w5:kl:pro] Managed Turnstile token (len=816, 5724ms, remount)
[w5:kl:pro] heartbeat words=23962 queue=190 rotation=6 idle=14s
[w5:kl:pro] [api] 200 mode=pro startsWith=phalo
[w5:kl:pro] [api] 200 mode=pro startsWith=phalo (492ms direct)
[w5:kl:pro] "phalo" → 0 records, 0 words
[w5:kl:pro] "phalo" branch complete
[w5:kl:pro] Saved 23,962 worker words
[w5:kl:pro] Searching "phalt" | queue=189 | words=23962
[w5:kl:pro] Pacing 15s before "phalt" (gap=15500ms)
[w5:kl:pro] Managed Turnstile token (len=816, 6054ms, remount)
[w5:kl:pro] [api] 200 mode=pro startsWith=phalt
[w5:kl:pro] [api] 200 mode=pro startsWith=phalt (523ms direct)
[w5:kl:pro] "phalt" → 0 records, 0 words
[w5:kl:pro] "phalt" branch complete
[w5:kl:pro] Saved 23,962 worker words; shared last.txt now 394,082
[w5:kl:pro] Searching "phaly" | queue=188 | words=23962
[w5:kl:pro] Pacing 11s before "phaly" (gap=15500ms)
[w5:kl:pro] Managed Turnstile token (len=816, 6958ms, remount)
[w5:kl:pro] [api] 200 mode=pro startsWith=phaly
[w5:kl:pro] [api] 200 mode=pro startsWith=phaly (485ms direct)
[w5:kl:pro] "phaly" → 0 records, 0 words
[w5:kl:pro] "phaly" branch complete
[w5:kl:pro] Saved 23,962 worker words
[w5:kl:pro] Searching "phanw" | queue=187 | words=23962
[w5:kl:pro] Pacing 15s before "phanw" (gap=15500ms)
[w5:kl:pro] Managed Turnstile token (len=816, 4404ms, remount)
[w5:kl:pro] [api] 200 mode=pro startsWith=phanw
[w5:kl:pro] [api] 200 mode=pro startsWith=phanw (479ms direct)
[w5:kl:pro] "phanw" → 0 records, 0 words
[w5:kl:pro] "phanw" branch complete
[w5:kl:pro] Saved 23,962 worker words
[w5:kl:pro] Searching "phary" | queue=186 | words=23962
[w5:kl:pro] Pacing 15s before "phary" (gap=15500ms)
[w5:kl:pro] heartbeat words=23962 queue=186 rotation=6 idle=12s
[w5:kl:pro] Managed Turnstile miss (15138ms)
[w5:kl:pro] Failed "phary" attempt 1: No Turnstile token for direct search
[w5:kl:pro] Saved 23,962 worker words
[w5:kl:pro] Turnstile miss — soft reload before rotate
[w5:kl:pro] Site Turnstile remint timed out (11018ms)
[w5:kl:pro] Soft reload mint failed — rotating immediately
[w5:kl:pro] Tor NEWNYM gen=7; waiting 8000ms
[w5:kl:pro] Tor ready on 19055 exit=171.25.193.20
[w5:kl:pro] Rotating IP (#7, try 1) after No Turnstile token for direct search → tor#8 socks5://127.0.0.1:19055
[w5:kl:pro] Launching persistent Chrome profile /tmp/lll-pw-w5-r7
[w5:kl:pro] Proxy tor#8 socks5://127.0.0.1:19055
[w5:kl:pro] Opening https://lastletterlibrary.com
[w5:kl:pro] Library mode=pro
[w5:kl:pro] heartbeat words=23962 queue=187 rotation=7 idle=72s
[w5:kl:pro] Turnstile mint hard timeout after 28000ms
[w5:kl:pro] Search mode=direct (skip UI Wait Ns… gate)
[w5:kl:pro] Cleaned 1 old rotated profile(s)
[w5:kl:pro] Searching "phary" | queue=186 | words=23962
[w5:kl:pro] Managed Turnstile miss (15531ms)
[w5:kl:pro] Failed "phary" attempt 1: No Turnstile token for direct search
[w5:kl:pro] Saved 23,962 worker words
[w5:kl:pro] Turnstile miss — soft reload before rotate
[w5:kl:pro] Site Turnstile remint timed out (9473ms)
[w5:kl:pro] Soft reload mint failed — rotating immediately
[w5:kl:pro] Tor NEWNYM gen=8; waiting 8000ms
[w5:kl:pro] Tor ready on 19055 exit=45.84.107.33
[w5:kl:pro] Rotating IP (#8, try 1) after No Turnstile token for direct search → tor#9 socks5://127.0.0.1:19055
[w5:kl:pro] Launching persistent Chrome profile /tmp/lll-pw-w5-r8
[w5:kl:pro] Proxy tor#9 socks5://127.0.0.1:19055
[w5:kl:pro] Opening https://lastletterlibrary.com
[w5:kl:pro] Library mode=pro
[w5:kl:pro] heartbeat words=23962 queue=187 rotation=8 idle=133s
[w5:kl:pro] Managed Turnstile token (len=816, 6591ms, remount)
[w5:kl:pro] Search mode=direct (skip UI Wait Ns… gate)
[w5:kl:pro] Cleaned 1 old rotated profile(s)
[w5:kl:pro] Searching "phary" | queue=186 | words=23962
[w5:kl:pro] [api] 200 mode=pro startsWith=phary
[w5:kl:pro] [api] 200 mode=pro startsWith=phary (555ms direct)
[w5:kl:pro] "phary" → 83 records, 83 words
[w5:kl:pro] "phary" branch complete
[w5:kl:pro] Saved 24,045 worker words
[w5:kl:pro] Searching "phenr" | queue=185 | words=24045
[w5:kl:pro] Pacing 15s before "phenr" (gap=15500ms)
[w5:kl:pro] Managed Turnstile token (len=816, 4908ms, remount)
[w5:kl:pro] [api] 200 mode=pro startsWith=phenr
[w5:kl:pro] [api] 200 mode=pro startsWith=phenr (497ms direct)
[w5:kl:pro] "phenr" → 0 records, 0 words
[w5:kl:pro] "phenr" branch complete
[w5:kl:pro] Saved 24,045 worker words
[w5:kl:pro] Searching "phenw" | queue=184 | words=24045
[w5:kl:pro] Pacing 14s before "phenw" (gap=15500ms)
[w5:kl:pro] Managed Turnstile miss (15922ms)
[w5:kl:pro] Failed "phenw" attempt 1: No Turnstile token for direct search
[w5:kl:pro] Saved 24,045 worker words
[w5:kl:pro] Turnstile miss — soft reload before rotate
[w5:kl:pro] Managed Turnstile token (len=816, 4836ms, remount)
[w5:kl:pro] Searching "phenw" | queue=184 | words=24045
[w5:kl:pro] [api] 200 mode=pro startsWith=phenw
[w5:kl:pro] [api] 200 mode=pro startsWith=phenw (458ms direct)
[w5:kl:pro] "phenw" → 0 records, 0 words
[w5:kl:pro] "phenw" branch complete
[w5:kl:pro] Saved 24,045 worker words; shared last.txt now 395,186
[w5:kl:pro] Searching "philj" | queue=183 | words=24045
[w5:kl:pro] Pacing 12s before "philj" (gap=15500ms)
[w5:kl:pro] Managed Turnstile token (len=816, 6048ms, remount)
[w5:kl:pro] heartbeat words=24045 queue=183 rotation=8 idle=13s
[w5:kl:pro] [api] 200 mode=pro startsWith=philj
[w5:kl:pro] [api] 200 mode=pro startsWith=philj (595ms direct)
[w5:kl:pro] "philj" → 0 records, 0 words
[w5:kl:pro] "philj" branch complete
[w5:kl:pro] Saved 24,045 worker words
[w5:kl:pro] Searching "philo" | queue=182 | words=24045
[w5:kl:pro] Pacing 13s before "philo" (gap=15500ms)
[w5:kl:pro] Managed Turnstile token (len=816, 11185ms, remount)
[w5:kl:pro] [api] 200 mode=pro startsWith=philo
[w5:kl:pro] [api] 200 mode=pro startsWith=philo (862ms direct)
[w5:kl:pro] "philo" → 100 records, 100 words
[w5:kl:pro] Pacing 14s before "philo" (gap=15500ms)
[w5:kl:pro] Managed Turnstile token (len=816, 9246ms, remount)
[w5:kl:pro] [api] 200 mode=pro startsWith=philo
[w5:kl:pro] [api] 200 mode=pro startsWith=philo sort=alphabetical:desc (500ms direct)
[w5:kl:pro] "philo" full page ends at "philonium" (next='n'); skip 24 covered groups → 4 children reverse Z→A ends at "philopig" (lo='p' hi='z'); skip 9 middle + 100 new words
[w5:kl:pro] Saved 24,245 worker words
[w5:kl:pro] Searching "phlew" | queue=185 | words=24245
[w5:kl:pro] Pacing 15s before "phlew" (gap=15500ms)
[w5:kl:pro] Managed Turnstile token (len=816, 3992ms, remount)
[w5:kl:pro] [api] 429 mode=pro startsWith=phlew
[w5:kl:pro] [api] 429 mode=pro startsWith=phlew (453ms direct)
[w5:kl:pro] Learned server gap ≈ 15500ms (wait hint 2000ms)
[w5:kl:pro] Rate limited — inline wait 2000ms then retry "phlew"
[w5:kl:pro] Managed Turnstile token (len=816, 4136ms, remount)
[w5:kl:pro] [api] 200 mode=pro startsWith=phlew
[w5:kl:pro] [api] 200 mode=pro startsWith=phlew (507ms direct)
[w5:kl:pro] "phlew" → 0 records, 0 words
[w5:kl:pro] "phlew" branch complete
[w5:kl:pro] Saved 24,245 worker words
[w5:kl:pro] Searching "phonf" | queue=184 | words=24245
[w5:kl:pro] Pacing 15s before "phonf" (gap=15500ms)
[w5:kl:pro] Managed Turnstile token (len=816, 3378ms, remount)
[w5:kl:pro] heartbeat words=24245 queue=184 rotation=8 idle=10s
[w5:kl:pro] [api] 200 mode=pro startsWith=phonf
[w5:kl:pro] [api] 200 mode=pro startsWith=phonf (458ms direct)
[w5:kl:pro] "phonf" → 0 records, 0 words
[w5:kl:pro] "phonf" branch complete
[w5:kl:pro] Saved 24,245 worker words
[w5:kl:pro] Searching "phonk" | queue=183 | words=24245
[w5:kl:pro] Pacing 15s before "phonk" (gap=15500ms)
[w5:kl:pro] Managed Turnstile token (len=816, 4564ms, remount)
[w5:kl:pro] [api] 200 mode=pro startsWith=phonk
[w5:kl:pro] [api] 200 mode=pro startsWith=phonk (553ms direct)
[w5:kl:pro] "phonk" → 2 records, 2 words (incl. exact "phonk")
[w5:kl:pro] "phonk" branch complete
[w5:kl:pro] Saved 24,247 worker words
[w5:kl:pro] Searching "phosp" | queue=182 | words=24247
[w5:kl:pro] Pacing 7s before "phosp" (gap=15500ms)
[w5:kl:pro] Managed Turnstile miss (17852ms)
[w5:kl:pro] Failed "phosp" attempt 1: No Turnstile token for direct search
[w5:kl:pro] Saved 24,247 worker words
[w5:kl:pro] Turnstile miss — soft reload before rotate
[w5:kl:pro] heartbeat words=24247 queue=183 rotation=8 idle=32s
[w5:kl:pro] Site Turnstile remint timed out (14224ms)
[w5:kl:pro] Soft reload mint failed — rotating immediately
[w5:kl:pro] Tor NEWNYM gen=9; waiting 8000ms
[w5:kl:pro] Tor ready on 19055 exit=192.42.116.107
[w5:kl:pro] Rotating IP (#9, try 1) after No Turnstile token for direct search → tor#10 socks5://127.0.0.1:19055
[w5:kl:pro] Launching persistent Chrome profile /tmp/lll-pw-w5-r9
[w5:kl:pro] Proxy tor#10 socks5://127.0.0.1:19055
[w5:kl:pro] Opening https://lastletterlibrary.com
[w5:kl:pro] Library mode=pro
[w5:kl:pro] Turnstile token present (len=816)
[w5:kl:pro] Site Turnstile token (23050ms)
[w5:kl:pro] Search mode=direct (skip UI Wait Ns… gate)
[w5:kl:pro] Cleaned 1 old rotated profile(s)
[w5:kl:pro] Searching "phosp" | queue=182 | words=24247
[w5:kl:pro] [api] 200 mode=pro startsWith=phosp
[w5:kl:pro] [api] 200 mode=pro startsWith=phosp (997ms direct)
[w5:kl:pro] "phosp" → 100 records, 100 words
[w5:kl:pro] Pacing 15s before "phosp" (gap=15500ms)
[w5:kl:pro] Managed Turnstile token (len=816, 11219ms, remount)
[w5:kl:pro] heartbeat words=24347 queue=182 rotation=9 idle=92s
[w5:kl:pro] [api] 200 mode=pro startsWith=phosp
[w5:kl:pro] [api] 200 mode=pro startsWith=phosp sort=alphabetical:desc (808ms direct)
[w5:kl:pro] "phosp" full page ends at "phosphomolybdate" (next='h'); skip 9 covered groups → 19 children reverse Z→A ends at "phosphor" (lo='h' hi='h'); skip 0 middle + 100 new words
[w5:kl:pro] Saved 24,447 worker words
[w5:kl:pro] Searching "phosw" | queue=200 | words=24447
[w5:kl:pro] Pacing 15s before "phosw" (gap=15500ms)
[w5:kl:pro] Managed Turnstile token (len=816, 14301ms, remount)
[w5:kl:pro] [api] 200 mode=pro startsWith=phosw
[w5:kl:pro] [api] 200 mode=pro startsWith=phosw (943ms direct)
[w5:kl:pro] "phosw" → 0 records, 0 words
[w5:kl:pro] "phosw" branch complete
[w5:kl:pro] Saved 24,447 worker words; shared last.txt now 395,945
[w5:kl:pro] Searching "photu" | queue=199 | words=24447
[w5:kl:pro] Pacing 9s before "photu" (gap=15500ms)
[w5:kl:pro] Managed Turnstile token (len=816, 11274ms, remount)
[w5:kl:pro] [api] 200 mode=pro startsWith=photu
[w5:kl:pro] [api] 200 mode=pro startsWith=photu (746ms direct)
[w5:kl:pro] "photu" → 1 records, 1 words
[w5:kl:pro] "photu" branch complete
[w5:kl:pro] Saved 24,448 worker words
[w5:kl:pro] Searching "photz" | queue=198 | words=24448
[w5:kl:pro] Pacing 15s before "photz" (gap=15500ms)
[w5:kl:pro] Managed Turnstile token (len=816, 10811ms, remount)
[w5:kl:pro] [api] 200 mode=pro startsWith=photz
[w5:kl:pro] [api] 200 mode=pro startsWith=photz (742ms direct)
[w5:kl:pro] "photz" → 0 records, 0 words
[w5:kl:pro] "photz" branch complete
[w5:kl:pro] Saved 24,448 worker words
[w5:kl:pro] Searching "phylx" | queue=197 | words=24448
[w5:kl:pro] Pacing 15s before "phylx" (gap=15500ms)
[w5:kl:pro] heartbeat words=24448 queue=197 rotation=9 idle=10s
[w5:kl:pro] Managed Turnstile token (len=816, 11474ms, remount)
[w5:kl:pro] [api] 200 mode=pro startsWith=phylx
[w5:kl:pro] [api] 200 mode=pro startsWith=phylx (914ms direct)
[w5:kl:pro] "phylx" → 0 records, 0 words
[w5:kl:pro] "phylx" branch complete
[w5:kl:pro] Saved 24,448 worker words
[w5:kl:pro] Searching "physp" | queue=196 | words=24448
[w5:kl:pro] Pacing 15s before "physp" (gap=15500ms)
[w5:kl:pro] Managed Turnstile miss (15128ms)
[w5:kl:pro] Failed "physp" attempt 1: No Turnstile token for direct search
[w5:kl:pro] Saved 24,448 worker words
[w5:kl:pro] Turnstile miss — soft reload before rotate
[w5:kl:pro] Site Turnstile remint timed out (11674ms)
[w5:kl:pro] Soft reload mint failed — rotating immediately
[w5:kl:pro] Tor NEWNYM gen=10; waiting 8000ms
[w5:kl:pro] Tor ready on 19055 exit=45.84.107.74
[w5:kl:pro] Rotating IP (#10, try 1) after No Turnstile token for direct search → tor#11 socks5://127.0.0.1:19055
[w5:kl:pro] Launching persistent Chrome profile /tmp/lll-pw-w5-r10
[w5:kl:pro] Proxy tor#11 socks5://127.0.0.1:19055
[w5:kl:pro] Opening https://lastletterlibrary.com
[w5:kl:pro] Library mode=pro
[w5:kl:pro] Managed Turnstile token (len=816, 5891ms, remount)
[w5:kl:pro] Search mode=direct (skip UI Wait Ns… gate)
[w5:kl:pro] Cleaned 1 old rotated profile(s)
[w5:kl:pro] Searching "physp" | queue=196 | words=24448
[w5:kl:pro] [api] 200 mode=pro startsWith=physp
[w5:kl:pro] [api] 200 mode=pro startsWith=physp (503ms direct)
[w5:kl:pro] "physp" → 0 records, 0 words
[w5:kl:pro] "physp" branch complete
[w5:kl:pro] Saved 24,448 worker words
[w5:kl:pro] Searching "physu" | queue=195 | words=24448
[w5:kl:pro] Pacing 15s before "physu" (gap=15500ms)
[w5:kl:pro] heartbeat words=24448 queue=195 rotation=10 idle=0s
[w5:kl:pro] Managed Turnstile token (len=816, 5475ms, remount)
[w5:kl:pro] [api] 200 mode=pro startsWith=physu
[w5:kl:pro] [api] 200 mode=pro startsWith=physu (610ms direct)
[w5:kl:pro] "physu" → 0 records, 0 words
[w5:kl:pro] "physu" branch complete
[w5:kl:pro] Saved 24,448 worker words
[w5:kl:pro] Searching "physz" | queue=194 | words=24448
[w5:kl:pro] Pacing 14s before "physz" (gap=15500ms)
[w5:kl:pro] Managed Turnstile token (len=816, 6422ms, remount)
[w5:kl:pro] [api] 200 mode=pro startsWith=physz
[w5:kl:pro] [api] 200 mode=pro startsWith=physz (478ms direct)
[w5:kl:pro] "physz" → 0 records, 0 words
[w5:kl:pro] "physz" branch complete
[w5:kl:pro] Saved 24,448 worker words
[w5:kl:pro] Searching "pickz" | queue=193 | words=24448
[w5:kl:pro] Pacing 14s before "pickz" (gap=15500ms)
[w5:kl:pro] Managed Turnstile token (len=816, 7142ms, remount)
[w5:kl:pro] [api] 200 mode=pro startsWith=pickz
[w5:kl:pro] [api] 200 mode=pro startsWith=pickz (579ms direct)
[w5:kl:pro] "pickz" → 0 records, 0 words
[w5:kl:pro] "pickz" branch complete
[w5:kl:pro] Saved 24,448 worker words; shared last.txt now 397,285
[w5:kl:pro] Searching "plang" | queue=192 | words=24448
[w5:kl:pro] Pacing 12s before "plang" (gap=15500ms)
[w5:kl:pro] Managed Turnstile token (len=816, 6255ms, remount)
[w5:kl:pro] heartbeat words=24448 queue=192 rotation=10 idle=11s
[w5:kl:pro] [api] 200 mode=pro startsWith=plang
[w5:kl:pro] [api] 200 mode=pro startsWith=plang (479ms direct)
[w5:kl:pro] "plang" → 9 records, 9 words (incl. exact "plang")
[w5:kl:pro] "plang" branch complete
[w5:kl:pro] Saved 24,451 worker words
[w5:kl:pro] Searching "planh" | queue=191 | words=24451
[w5:kl:pro] Pacing 13s before "planh" (gap=15500ms)
[w5:kl:pro] Managed Turnstile token (len=816, 11198ms, remount)
[w5:kl:pro] [api] 200 mode=pro startsWith=planh
[w5:kl:pro] [api] 200 mode=pro startsWith=planh (722ms direct)
[w5:kl:pro] "planh" → 0 records, 0 words
[w5:kl:pro] "planh" branch complete
[w5:kl:pro] Saved 24,451 worker words
[w5:kl:pro] Searching "plani" | queue=190 | words=24451
[w5:kl:pro] Pacing 13s before "plani" (gap=15500ms)
[w5:kl:pro] Managed Turnstile token (len=816, 7116ms, remount)
[w5:kl:pro] [api] 429 mode=pro startsWith=plani
[w5:kl:pro] [api] 429 mode=pro startsWith=plani (446ms direct)
[w5:kl:pro] Learned server gap ≈ 15500ms (wait hint 2000ms)
[w5:kl:pro] Rate limited — inline wait 2000ms then retry "plani"
[w5:kl:pro] Managed Turnstile token (len=816, 3836ms, remount)
[w5:kl:pro] [api] 200 mode=pro startsWith=plani
[w5:kl:pro] [api] 200 mode=pro startsWith=plani (418ms direct)
[w5:kl:pro] "plani" → 45 records, 45 words
[w5:kl:pro] "plani" branch complete
[w5:kl:pro] Saved 24,496 worker words
[w5:kl:pro] Searching "planj" | queue=189 | words=24496
[w5:kl:pro] Pacing 16s before "planj" (gap=15500ms)
[w5:kl:pro] Managed Turnstile token (len=816, 3890ms, remount)
[w5:kl:pro] [api] 200 mode=pro startsWith=planj
[w5:kl:pro] [api] 200 mode=pro startsWith=planj (469ms direct)
[w5:kl:pro] "planj" → 0 records, 0 words
[w5:kl:pro] "planj" branch complete
[w5:kl:pro] Saved 24,496 worker words
[w5:kl:pro] Searching "plank" | queue=188 | words=24496
[w5:kl:pro] Pacing 15s before "plank" (gap=15500ms)
[w5:kl:pro] Managed Turnstile token (len=816, 4156ms, remount)
[w5:kl:pro] heartbeat words=24496 queue=188 rotation=10 idle=7s
[w5:kl:pro] [api] 200 mode=pro startsWith=plank
[w5:kl:pro] [api] 200 mode=pro startsWith=plank (475ms direct)
[w5:kl:pro] "plank" → 28 records, 28 words (incl. exact "plank")
[w5:kl:pro] "plank" branch complete
[w5:kl:pro] Saved 24,524 worker words
[w5:kl:pro] Searching "planl" | queue=187 | words=24524
[w5:kl:pro] Pacing 15s before "planl" (gap=15500ms)
[w5:kl:pro] Managed Turnstile token (len=816, 12874ms, remount)
[w5:kl:pro] [api] 200 mode=pro startsWith=planl
[w5:kl:pro] [api] 200 mode=pro startsWith=planl (532ms direct)
[w5:kl:pro] "planl" → 4 records, 4 words
[w5:kl:pro] "planl" branch complete
[w5:kl:pro] Saved 24,528 worker words
[w5:kl:pro] Searching "planm" | queue=186 | words=24528
[w5:kl:pro] Pacing 15s before "planm" (gap=15500ms)
[w5:kl:pro] Managed Turnstile miss (15103ms)
[w5:kl:pro] Failed "planm" attempt 1: No Turnstile token for direct search
[w5:kl:pro] Saved 24,528 worker words
[w5:kl:pro] Turnstile miss — soft reload before rotate
[w5:kl:pro] Turnstile token present (len=816)
[w5:kl:pro] Site Turnstile token (9993ms)
[w5:kl:pro] Searching "planm" | queue=186 | words=24528
[w5:kl:pro] [api] 200 mode=pro startsWith=planm
[w5:kl:pro] [api] 200 mode=pro startsWith=planm (492ms direct)
[w5:kl:pro] "planm" → 0 records, 0 words
[w5:kl:pro] "planm" branch complete
[w5:kl:pro] Saved 24,528 worker words; shared last.txt now 398,130
[w5:kl:pro] Searching "plann" | queue=185 | words=24528
[w5:kl:pro] Pacing 14s before "plann" (gap=15500ms)
[w5:kl:pro] heartbeat words=24528 queue=185 rotation=10 idle=7s
[w5:kl:pro] Managed Turnstile token (len=816, 8614ms, remount)
[w5:kl:pro] [api] 200 mode=pro startsWith=plann
[w5:kl:pro] [api] 200 mode=pro startsWith=plann (468ms direct)
[w5:kl:pro] "plann" → 5 records, 5 words
[w5:kl:pro] "plann" branch complete
[w5:kl:pro] Saved 24,533 worker words
[w5:kl:pro] Searching "plano" | queue=184 | words=24533
[w5:kl:pro] Pacing 15s before "plano" (gap=15500ms)
[w5:kl:pro] Managed Turnstile miss (15282ms)
[w5:kl:pro] Failed "plano" attempt 1: No Turnstile token for direct search
[w5:kl:pro] Saved 24,533 worker words
[w5:kl:pro] Turnstile miss — soft reload before rotate
[w5:kl:pro] Site Turnstile remint timed out (10335ms)
[w5:kl:pro] Soft reload mint failed — rotating immediately
[w5:kl:pro] Tor NEWNYM gen=11; waiting 8000ms
[w5:kl:pro] Tor ready on 19055 exit=192.42.116.145
[w5:kl:pro] Rotating IP (#11, try 1) after No Turnstile token for direct search → tor#12 socks5://127.0.0.1:19055
[w5:kl:pro] Launching persistent Chrome profile /tmp/lll-pw-w5-r11
[w5:kl:pro] Proxy tor#12 socks5://127.0.0.1:19055
[w5:kl:pro] Opening https://lastletterlibrary.com
[w5:kl:pro] Library mode=pro
[w5:kl:pro] Managed Turnstile token (len=816, 3821ms, remount)
[w5:kl:pro] Search mode=direct (skip UI Wait Ns… gate)
[w5:kl:pro] Cleaned 1 old rotated profile(s)
[w5:kl:pro] Searching "plano" | queue=184 | words=24533
[w5:kl:pro] [api] 200 mode=pro startsWith=plano
[w5:kl:pro] [api] 200 mode=pro startsWith=plano (504ms direct)
[w5:kl:pro] "plano" → 45 records, 45 words
[w5:kl:pro] "plano" branch complete
[w5:kl:pro] Saved 24,553 worker words
[w5:kl:pro] Searching "planx" | queue=183 | words=24553
[w5:kl:pro] Pacing 14s before "planx" (gap=15500ms)
[w5:kl:pro] heartbeat words=24553 queue=183 rotation=11 idle=1s
[w5:kl:pro] Managed Turnstile token (len=816, 5320ms, remount)
[w5:kl:pro] [api] 200 mode=pro startsWith=planx
[w5:kl:pro] [api] 200 mode=pro startsWith=planx (512ms direct)
[w5:kl:pro] "planx" → 2 records, 2 words
[w5:kl:pro] "planx" branch complete
[w5:kl:pro] Saved 24,553 worker words
[w5:kl:pro] Searching "plany" | queue=182 | words=24553
[w5:kl:pro] Pacing 13s before "plany" (gap=15500ms)
[w5:kl:pro] Managed Turnstile miss (15335ms)
[w5:kl:pro] Failed "plany" attempt 1: No Turnstile token for direct search
[w5:kl:pro] Saved 24,553 worker words
[w5:kl:pro] Turnstile miss — soft reload before rotate
[w5:kl:pro] Turnstile token present (len=816)
[w5:kl:pro] Site Turnstile token (6749ms)
[w5:kl:pro] Searching "plany" | queue=182 | words=24553
[w5:kl:pro] [api] 200 mode=pro startsWith=plany
[w5:kl:pro] [api] 200 mode=pro startsWith=plany (449ms direct)
[w5:kl:pro] "plany" → 0 records, 0 words
[w5:kl:pro] "plany" branch complete
[w5:kl:pro] Saved 24,553 worker words
[w5:kl:pro] Searching "planz" | queue=181 | words=24553
[w5:kl:pro] Pacing 15s before "planz" (gap=15500ms)
[w5:kl:pro] Managed Turnstile token (len=816, 5083ms, remount)
[w5:kl:pro] [api] 200 mode=pro startsWith=planz
[w5:kl:pro] [api] 200 mode=pro startsWith=planz (607ms direct)
[w5:kl:pro] "planz" → 0 records, 0 words
[w5:kl:pro] "planz" branch complete
[w5:kl:pro] Saved 24,553 worker words
[w5:kl:pro] Searching "plasm" | queue=180 | words=24553
[w5:kl:pro] Pacing 14s before "plasm" (gap=15500ms)
[w5:kl:pro] heartbeat words=24553 queue=180 rotation=11 idle=3s
[w5:kl:pro] Managed Turnstile miss (15238ms)
[w5:kl:pro] Failed "plasm" attempt 1: No Turnstile token for direct search
[w5:kl:pro] Saved 24,553 worker words; shared last.txt now 399,703
[w5:kl:pro] Turnstile miss — soft reload before rotate
[w5:kl:pro] Turnstile token present (len=794)
[w5:kl:pro] Site Turnstile token (8749ms)
[w5:kl:pro] Searching "plasm" | queue=180 | words=24553
[w5:kl:pro] [api] 200 mode=pro startsWith=plasm
[w5:kl:pro] [api] 200 mode=pro startsWith=plasm (505ms direct)
[w5:kl:pro] "plasm" → 91 records, 91 words (incl. exact "plasm")
[w5:kl:pro] "plasm" branch complete
[w5:kl:pro] Saved 24,558 worker words
[w5:kl:pro] Searching "plasn" | queue=179 | words=24558
[w5:kl:pro] Pacing 15s before "plasn" (gap=15500ms)
[w5:kl:pro] Managed Turnstile token (len=794, 5330ms, remount)
[w5:kl:pro] [api] 200 mode=pro startsWith=plasn
[w5:kl:pro] [api] 200 mode=pro startsWith=plasn (449ms direct)
[w5:kl:pro] "plasn" → 0 records, 0 words
[w5:kl:pro] "plasn" branch complete
[w5:kl:pro] Saved 24,558 worker words
[w5:kl:pro] Searching "plaso" | queue=178 | words=24558
[w5:kl:pro] Pacing 15s before "plaso" (gap=15500ms)
[w5:kl:pro] Managed Turnstile token (len=816, 9841ms, remount)
[w5:kl:pro] heartbeat words=24558 queue=178 rotation=11 idle=12s
[w5:kl:pro] [api] 200 mode=pro startsWith=plaso
[w5:kl:pro] [api] 200 mode=pro startsWith=plaso (466ms direct)
[w5:kl:pro] "plaso" → 1 records, 1 words
[w5:kl:pro] "plaso" branch complete
[w5:kl:pro] Saved 24,559 worker words
[w5:kl:pro] Searching "plasp" | queue=177 | words=24559
[w5:kl:pro] Pacing 14s before "plasp" (gap=15500ms)
[w5:kl:pro] Managed Turnstile token (len=816, 15035ms, remount)
[w5:kl:pro] [api] 200 mode=pro startsWith=plasp
[w5:kl:pro] [api] 200 mode=pro startsWith=plasp (488ms direct)
[w5:kl:pro] "plasp" → 0 records, 0 words
[w5:kl:pro] "plasp" branch complete
[w5:kl:pro] Saved 24,559 worker words
[w5:kl:pro] Searching "plasq" | queue=176 | words=24559
[w5:kl:pro] Pacing 14s before "plasq" (gap=15500ms)
[w5:kl:pro] Managed Turnstile miss (15536ms)
[w5:kl:pro] Failed "plasq" attempt 1: No Turnstile token for direct search
[w5:kl:pro] Saved 24,559 worker words
[w5:kl:pro] Turnstile miss — soft reload before rotate
[w5:kl:pro] Managed Turnstile token (len=794, 4848ms, remount)
[w5:kl:pro] Searching "plasq" | queue=176 | words=24559
[w5:kl:pro] [api] 200 mode=pro startsWith=plasq
[w5:kl:pro] [api] 200 mode=pro startsWith=plasq (473ms direct)
[w5:kl:pro] "plasq" → 0 records, 0 words
[w5:kl:pro] "plasq" branch complete
[w5:kl:pro] Saved 24,559 worker words
[w5:kl:pro] Searching "plasr" | queue=175 | words=24559
[w5:kl:pro] Pacing 15s before "plasr" (gap=15500ms)
[w5:kl:pro] Managed Turnstile miss (15736ms)
[w5:kl:pro] Failed "plasr" attempt 1: No Turnstile token for direct search
[w5:kl:pro] Saved 24,559 worker words
[w5:kl:pro] Turnstile miss — soft reload before rotate
[w5:kl:pro] heartbeat words=24559 queue=176 rotation=11 idle=18s
[w5:kl:pro] Site Turnstile remint timed out (13478ms)
[w5:kl:pro] Soft reload mint failed — rotating immediately
[w5:kl:pro] Tor NEWNYM gen=12; waiting 8000ms
[w5:kl:pro] Tor ready on 19055 exit=147.90.234.116
[w5:kl:pro] Rotating IP (#12, try 1) after No Turnstile token for direct search → tor#13 socks5://127.0.0.1:19055
[w5:kl:pro] Launching persistent Chrome profile /tmp/lll-pw-w5-r12
[w5:kl:pro] Proxy tor#13 socks5://127.0.0.1:19055
[w5:kl:pro] Opening https://lastletterlibrary.com
[w5:kl:pro] Library mode=pro
[w5:kl:pro] Managed Turnstile token (len=816, 14017ms, remount)
[w5:kl:pro] Search mode=direct (skip UI Wait Ns… gate)
[w5:kl:pro] Cleaned 1 old rotated profile(s)
[w5:kl:pro] Searching "plasr" | queue=175 | words=24559
[w5:kl:pro] [api] 200 mode=pro startsWith=plasr
[w5:kl:pro] [api] 200 mode=pro startsWith=plasr (716ms direct)
[w5:kl:pro] "plasr" → 0 records, 0 words
[w5:kl:pro] "plasr" branch complete
[w5:kl:pro] heartbeat words=24559 queue=175 rotation=12 idle=78s
[w5:kl:pro] Saved 24,559 worker words; shared last.txt now 400,708
[w5:kl:pro] Searching "plass" | queue=174 | words=24559
[w5:kl:pro] Managed Turnstile token (len=816, 14634ms, remount)
[w5:kl:pro] [api] 200 mode=pro startsWith=plass
[w5:kl:pro] [api] 200 mode=pro startsWith=plass (620ms direct)
[w5:kl:pro] "plass" → 2 records, 2 words (incl. exact "plass")
[w5:kl:pro] "plass" branch complete
[w5:kl:pro] Saved 24,561 worker words
[w5:kl:pro] Searching "plast" | queue=173 | words=24561
[w5:kl:pro] Pacing 15s before "plast" (gap=15500ms)
[w5:kl:pro] Managed Turnstile token (len=816, 8199ms, remount)
[w5:kl:pro] [api] 200 mode=pro startsWith=plast
[w5:kl:pro] [api] 200 mode=pro startsWith=plast (567ms direct)
[w5:kl:pro] "plast" → 100 records, 100 words (incl. exact "plast")
[w5:kl:pro] Pacing 15s before "plast" (gap=15500ms)
[w5:kl:pro] Managed Turnstile token (len=816, 5480ms, remount)
[w5:kl:pro] [api] 200 mode=pro startsWith=plast
[w5:kl:pro] [api] 200 mode=pro startsWith=plast sort=alphabetical:desc (575ms direct)
[w5:kl:pro] "plast" full page ends at "plastosome" (next='o'); skip 19 covered groups → 9 children reverse Z→A ends at "plasterboards" (lo='e' hi='r'); skip 12 middle + 0 new words
[w5:kl:pro] Saved 24,567 worker words
[w5:kl:pro] Searching "plasu" | queue=181 | words=24567
[w5:kl:pro] Pacing 15s before "plasu" (gap=15500ms)
[w5:kl:pro] Managed Turnstile token (len=816, 10312ms, remount)
[w5:kl:pro] [api] 200 mode=pro startsWith=plasu
[w5:kl:pro] [api] 200 mode=pro startsWith=plasu (714ms direct)
[w5:kl:pro] "plasu" → 0 records, 0 words
[w5:kl:pro] "plasu" branch complete
[w5:kl:pro] Saved 24,567 worker words
[w5:kl:pro] Searching "plasv" | queue=180 | words=24567
[w5:kl:pro] Pacing 14s before "plasv" (gap=15500ms)
[w5:kl:pro] Managed Turnstile token (len=816, 9777ms, remount)
[w5:kl:pro] heartbeat words=24567 queue=180 rotation=12 idle=10s
[w5:kl:pro] [api] 200 mode=pro startsWith=plasv
[w5:kl:pro] [api] 200 mode=pro startsWith=plasv (618ms direct)
[w5:kl:pro] "plasv" → 0 records, 0 words
[w5:kl:pro] "plasv" branch complete
[w5:kl:pro] Saved 24,567 worker words
[w5:kl:pro] Searching "plasw" | queue=179 | words=24567
[w5:kl:pro] Pacing 13s before "plasw" (gap=15500ms)
[w5:kl:pro] Managed Turnstile token (len=816, 10990ms, remount)
[w5:kl:pro] [api] 200 mode=pro startsWith=plasw
[w5:kl:pro] [api] 200 mode=pro startsWith=plasw (618ms direct)
[w5:kl:pro] "plasw" → 0 records, 0 words
[w5:kl:pro] "plasw" branch complete
[w5:kl:pro] Saved 24,567 worker words
[w5:kl:pro] Searching "plasx" | queue=178 | words=24567
[w5:kl:pro] Pacing 15s before "plasx" (gap=15500ms)
[w5:kl:pro] Managed Turnstile token (len=816, 4758ms, remount)
[w5:kl:pro] [api] 200 mode=pro startsWith=plasx
[w5:kl:pro] [api] 200 mode=pro startsWith=plasx (594ms direct)
[w5:kl:pro] "plasx" → 0 records, 0 words
[w5:kl:pro] "plasx" branch complete
[w5:kl:pro] Saved 24,567 worker words
[w5:kl:pro] Searching "plasy" | queue=177 | words=24567
[w5:kl:pro] Pacing 14s before "plasy" (gap=15500ms)
[w5:kl:pro] Managed Turnstile token (len=816, 8596ms, remount)
[w5:kl:pro] [api] 200 mode=pro startsWith=plasy
[w5:kl:pro] [api] 200 mode=pro startsWith=plasy (565ms direct)
[w5:kl:pro] "plasy" → 0 records, 0 words
[w5:kl:pro] "plasy" branch complete
[w5:kl:pro] Saved 24,567 worker words
[w5:kl:pro] Searching "plasz" | queue=176 | words=24567
[w5:kl:pro] Pacing 15s before "plasz" (gap=15500ms)
[w5:kl:pro] heartbeat words=24567 queue=176 rotation=12 idle=8s
[w5:kl:pro] Managed Turnstile miss (15306ms)
[w5:kl:pro] Failed "plasz" attempt 1: No Turnstile token for direct search
[w5:kl:pro] Saved 24,567 worker words; shared last.txt now 401,691
[w5:kl:pro] Turnstile miss — soft reload before rotate
[w5:kl:pro] Site Turnstile remint timed out (12380ms)
[w5:kl:pro] Soft reload mint failed — rotating immediately
[w5:kl:pro] Tor NEWNYM gen=13; waiting 8000ms
[w5:kl:pro] Tor ready on 19055 exit=109.70.100.10
[w5:kl:pro] Rotating IP (#13, try 1) after No Turnstile token for direct search → tor#14 socks5://127.0.0.1:19055
[w5:kl:pro] Launching persistent Chrome profile /tmp/lll-pw-w5-r13
[w5:kl:pro] Proxy tor#14 socks5://127.0.0.1:19055
[w5:kl:pro] Opening https://lastletterlibrary.com
[w5:kl:pro] Library mode=pro
[w5:kl:pro] Managed Turnstile token (len=816, 8408ms, remount)
[w5:kl:pro] Search mode=direct (skip UI Wait Ns… gate)
[w5:kl:pro] Cleaned 1 old rotated profile(s)
[w5:kl:pro] Searching "plasz" | queue=176 | words=24567
[w5:kl:pro] [api] 200 mode=pro startsWith=plasz
[w5:kl:pro] [api] 200 mode=pro startsWith=plasz (588ms direct)
[w5:kl:pro] "plasz" → 0 records, 0 words
[w5:kl:pro] "plasz" branch complete
[w5:kl:pro] Saved 24,567 worker words
[w5:kl:pro] Searching "plumy" | queue=175 | words=24567
[w5:kl:pro] Pacing 15s before "plumy" (gap=15500ms)
[w5:kl:pro] heartbeat words=24567 queue=175 rotation=13 idle=5s
[w5:kl:pro] Managed Turnstile token (len=816, 8960ms, remount)
[w5:kl:pro] [api] 200 mode=pro startsWith=plumy
[w5:kl:pro] [api] 200 mode=pro startsWith=plumy (729ms direct)
[w5:kl:pro] "plumy" → 1 records, 1 words (incl. exact "plumy")
[w5:kl:pro] "plumy" branch complete
[w5:kl:pro] Saved 24,567 worker words
[w5:kl:pro] Searching "plumz" | queue=174 | words=24567
[w5:kl:pro] Pacing 12s before "plumz" (gap=15500ms)
[w5:kl:pro] Managed Turnstile token (len=816, 11990ms, remount)
[w5:kl:pro] [api] 200 mode=pro startsWith=plumz
[w5:kl:pro] [api] 200 mode=pro startsWith=plumz (650ms direct)
[w5:kl:pro] "plumz" → 0 records, 0 words
[w5:kl:pro] "plumz" branch complete
[w5:kl:pro] Saved 24,567 worker words
[w5:kl:pro] Searching "polyb" | queue=173 | words=24567
[w5:kl:pro] Pacing 13s before "polyb" (gap=15500ms)
[w5:kl:pro] Managed Turnstile token (len=816, 6630ms, remount)
[w5:kl:pro] [api] 429 mode=pro startsWith=polyb
[w5:kl:pro] [api] 429 mode=pro startsWith=polyb (455ms direct)
[w5:kl:pro] Learned server gap ≈ 15500ms (wait hint 2000ms)
[w5:kl:pro] Rate limited — inline wait 2000ms then retry "polyb"
[w5:kl:pro] Managed Turnstile token (len=816, 4035ms, remount)
[w5:kl:pro] [api] 200 mode=pro startsWith=polyb
[w5:kl:pro] [api] 200 mode=pro startsWith=polyb (454ms direct)
[w5:kl:pro] "polyb" → 31 records, 31 words
[w5:kl:pro] "polyb" branch complete
[w5:kl:pro] Saved 24,592 worker words
[w5:kl:pro] Searching "polyc" | queue=172 | words=24592
[w5:kl:pro] Pacing 15s before "polyc" (gap=15500ms)
[w5:kl:pro] Managed Turnstile token (len=816, 7312ms, remount)
[w5:kl:pro] heartbeat words=24592 queue=172 rotation=13 idle=14s
[w5:kl:pro] [api] 200 mode=pro startsWith=polyc
[w5:kl:pro] [api] 200 mode=pro startsWith=polyc (520ms direct)
[w5:kl:pro] "polyc" → 100 records, 100 words
[w5:kl:pro] Pacing 15s before "polyc" (gap=15500ms)
[w5:kl:pro] Managed Turnstile token (len=816, 10623ms, remount)
[w5:kl:pro] [api] 200 mode=pro startsWith=polyc
[w5:kl:pro] [api] 200 mode=pro startsWith=polyc sort=alphabetical:desc (811ms direct)
[w5:kl:pro] "polyc" full page ends at "polyconic" (next='o'); skip 26 covered groups → 2 children reverse Z→A ends at "polychotomy" (lo='h' hi='y'); skip 16 middle + 42 new words
[w5:kl:pro] Saved 24,734 worker words
[w5:kl:pro] Searching "polyd" | queue=173 | words=24734
[w5:kl:pro] Pacing 14s before "polyd" (gap=15500ms)
[w5:kl:pro] Managed Turnstile token (len=816, 7380ms, remount)
[w5:kl:pro] [api] 200 mode=pro startsWith=polyd
[w5:kl:pro] [api] 200 mode=pro startsWith=polyd (446ms direct)
[w5:kl:pro] "polyd" → 44 records, 44 words
[w5:kl:pro] "polyd" branch complete
[w5:kl:pro] Saved 24,778 worker words
[w5:kl:pro] Searching "polye" | queue=172 | words=24778
[w5:kl:pro] Pacing 16s before "polye" (gap=15500ms)
[w5:kl:pro] Managed Turnstile token (len=816, 3843ms, remount)
[w5:kl:pro] [api] 200 mode=pro startsWith=polye
[w5:kl:pro] [api] 200 mode=pro startsWith=polye (596ms direct)
[w5:kl:pro] "polye" → 42 records, 42 words
[w5:kl:pro] "polye" branch complete
[w5:kl:pro] Saved 24,820 worker words
[w5:kl:pro] Searching "polyf" | queue=171 | words=24820
[w5:kl:pro] Pacing 15s before "polyf" (gap=15500ms)
[w5:kl:pro] Managed Turnstile token (len=816, 10513ms, remount)
[w5:kl:pro] heartbeat words=24820 queue=171 rotation=13 idle=11s
[w5:kl:pro] [api] 200 mode=pro startsWith=polyf
[w5:kl:pro] [api] 200 mode=pro startsWith=polyf (509ms direct)
[w5:kl:pro] "polyf" → 6 records, 6 words
[w5:kl:pro] "polyf" branch complete
[w5:kl:pro] Saved 24,826 worker words; shared last.txt now 402,966
[w5:kl:pro] Searching "polyg" | queue=170 | words=24826
[w5:kl:pro] Pacing 13s before "polyg" (gap=15500ms)
[w5:kl:pro] Managed Turnstile token (len=816, 14360ms, remount)
[w5:kl:pro] [api] 200 mode=pro startsWith=polyg
[w5:kl:pro] [api] 200 mode=pro startsWith=polyg (528ms direct)
[w5:kl:pro] "polyg" → 100 records, 100 words
[w5:kl:pro] Pacing 15s before "polyg" (gap=15500ms)
[w5:kl:pro] Managed Turnstile miss (15095ms)
[w5:kl:pro] "polyg" reverse search failed (No Turnstile token for direct search); forward-only
[w5:kl:pro] "polyg" full page ends at "polygonum" (next='o'); skip 16 covered groups → 12 children from polygo..
[w5:kl:pro] Saved 24,926 worker words
[w5:kl:pro] Searching "polyh" | queue=181 | words=24926
[w5:kl:pro] Managed Turnstile token (len=816, 3784ms, remount)
[w5:kl:pro] [api] 200 mode=pro startsWith=polyh
[w5:kl:pro] [api] 200 mode=pro startsWith=polyh (463ms direct)
[w5:kl:pro] "polyh" → 43 records, 43 words
[w5:kl:pro] "polyh" branch complete
[w5:kl:pro] Saved 24,969 worker words
[w5:kl:pro] Searching "polyi" | queue=180 | words=24969
[w5:kl:pro] Pacing 15s before "polyi" (gap=15500ms)
[w5:kl:pro] Managed Turnstile token (len=816, 3931ms, remount)
[w5:kl:pro] [api] 200 mode=pro startsWith=polyi
[w5:kl:pro] [api] 200 mode=pro startsWith=polyi (585ms direct)
[w5:kl:pro] "polyi" → 13 records, 13 words
[w5:kl:pro] "polyi" branch complete
[w5:kl:pro] Saved 24,982 worker words
[w5:kl:pro] Searching "polyj" | queue=179 | words=24982
[w5:kl:pro] Pacing 14s before "polyj" (gap=15500ms)
[w5:kl:pro] heartbeat words=24982 queue=179 rotation=13 idle=5s
[w5:kl:pro] Managed Turnstile token (len=816, 8558ms, remount)
[w5:kl:pro] [api] 200 mode=pro startsWith=polyj
[w5:kl:pro] [api] 200 mode=pro startsWith=polyj (546ms direct)
[w5:kl:pro] "polyj" → 0 records, 0 words
[w5:kl:pro] "polyj" branch complete
[w5:kl:pro] Saved 24,982 worker words
[w5:kl:pro] Searching "polyk" | queue=178 | words=24982
[w5:kl:pro] Pacing 13s before "polyk" (gap=15500ms)
[w5:kl:pro] Managed Turnstile miss (15906ms)
[w5:kl:pro] Failed "polyk" attempt 1: No Turnstile token for direct search
[w5:kl:pro] Saved 24,982 worker words
[w5:kl:pro] Turnstile miss — soft reload before rotate
[w5:kl:pro] Site Turnstile remint timed out (11200ms)
[w5:kl:pro] Soft reload mint failed — rotating immediately
[w5:kl:pro] Tor NEWNYM gen=14; waiting 8000ms
[w5:kl:pro] heartbeat words=24982 queue=179 rotation=14 idle=48s
[w5:kl:pro] Tor ready on 19055 exit=192.42.116.107
[w5:kl:pro] Rotating IP (#14, try 1) after No Turnstile token for direct search → tor#15 socks5://127.0.0.1:19055
[w5:kl:pro] Launching persistent Chrome profile /tmp/lll-pw-w5-r14
[w5:kl:pro] Proxy tor#15 socks5://127.0.0.1:19055
[w5:kl:pro] Opening https://lastletterlibrary.com
[w5:kl:pro] Library mode=pro
[w5:kl:pro] Managed Turnstile token (len=816, 5397ms, remount)
[w5:kl:pro] Search mode=direct (skip UI Wait Ns… gate)
[w5:kl:pro] Cleaned 1 old rotated profile(s)
[w5:kl:pro] Searching "polyk" | queue=178 | words=24982
[w5:kl:pro] [api] 200 mode=pro startsWith=polyk
[w5:kl:pro] [api] 200 mode=pro startsWith=polyk (727ms direct)
[w5:kl:pro] "polyk" → 1 records, 1 words
[w5:kl:pro] "polyk" branch complete
[w5:kl:pro] Saved 24,983 worker words
[w5:kl:pro] Searching "polyl" | queue=177 | words=24983
[w5:kl:pro] Pacing 15s before "polyl" (gap=15500ms)
[w5:kl:pro] Managed Turnstile token (len=816, 7043ms, remount)
[w5:kl:pro] [api] 200 mode=pro startsWith=polyl
[w5:kl:pro] [api] 200 mode=pro startsWith=polyl (468ms direct)
[w5:kl:pro] "polyl" → 15 records, 15 words
[w5:kl:pro] "polyl" branch complete
[w5:kl:pro] Saved 24,998 worker words
[w5:kl:pro] Searching "polym" | queue=176 | words=24998
[w5:kl:pro] Pacing 15s before "polym" (gap=15500ms)
[w5:kl:pro] Managed Turnstile token (len=816, 4503ms, remount)
[w5:kl:pro] [api] 200 mode=pro startsWith=polym
[w5:kl:pro] [api] 200 mode=pro startsWith=polym (477ms direct)
[w5:kl:pro] "polym" → 100 records, 100 words
[w5:kl:pro] Pacing 15s before "polym" (gap=15500ms)
[w5:kl:pro] Managed Turnstile token (len=816, 7092ms, remount)
[w5:kl:pro] heartbeat words=25098 queue=176 rotation=14 idle=29s
[w5:kl:pro] [api] 200 mode=pro startsWith=polym
[w5:kl:pro] [api] 200 mode=pro startsWith=polym sort=alphabetical:desc (519ms direct)
[w5:kl:pro] "polym" full page ends at "polymorphically" (next='o'); skip 26 covered groups → 2 children reverse Z→A ends at "polymelian" (lo='e' hi='y'); skip 19 middle + 26 new words
[w5:kl:pro] Saved 25,124 worker words; shared last.txt now 403,821
[w5:kl:pro] Searching "polyn" | queue=177 | words=25124
[w5:kl:pro] Pacing 8s before "polyn" (gap=15500ms)
[w5:kl:pro] Managed Turnstile token (len=816, 10578ms, remount)
[w5:kl:pro] [api] 200 mode=pro startsWith=polyn
[w5:kl:pro] [api] 200 mode=pro startsWith=polyn (486ms direct)
[w5:kl:pro] "polyn" → 43 records, 43 words
[w5:kl:pro] "polyn" branch complete
[w5:kl:pro] Saved 25,167 worker words
[w5:kl:pro] Searching "polyo" | queue=176 | words=25167
[w5:kl:pro] Pacing 14s before "polyo" (gap=15500ms)
[w5:kl:pro] Managed Turnstile token (len=816, 7565ms, remount)
[w5:kl:pro] [api] 200 mode=pro startsWith=polyo
[w5:kl:pro] [api] 200 mode=pro startsWith=polyo (514ms direct)
[w5:kl:pro] "polyo" → 51 records, 51 words
[w5:kl:pro] "polyo" branch complete
[w5:kl:pro] Saved 25,218 worker words
[w5:kl:pro] Searching "polyp" | queue=175 | words=25218
[w5:kl:pro] Pacing 15s before "polyp" (gap=15500ms)
[w5:kl:pro] Managed Turnstile token (len=816, 4005ms, remount)
[w5:kl:pro] [api] 200 mode=pro startsWith=polyp
[w5:kl:pro] [api] 200 mode=pro startsWith=polyp (511ms direct)
[w5:kl:pro] "polyp" → 100 records, 100 words (incl. exact "polyp")
[w5:kl:pro] Pacing 15s before "polyp" (gap=15500ms)
[w5:kl:pro] Managed Turnstile token (len=816, 5222ms, remount)
[w5:kl:pro] heartbeat words=25318 queue=175 rotation=14 idle=27s
[w5:kl:pro] [api] 200 mode=pro startsWith=polyp
[w5:kl:pro] [api] 200 mode=pro startsWith=polyp sort=alphabetical:desc (478ms direct)
[w5:kl:pro] "polyp" full page ends at "polyphyodont" (next='h'); skip 20 covered groups → 8 children reverse Z→A ends at "polypides" (lo='i' hi='u'); skip 11 middle + 100 new words
[w5:kl:pro] Saved 25,418 worker words
[w5:kl:pro] Searching "polyq" | queue=182 | words=25418
[w5:kl:pro] Pacing 15s before "polyq" (gap=15500ms)
[w5:kl:pro] Managed Turnstile token (len=816, 4919ms, remount)
[w5:kl:pro] [api] 200 mode=pro startsWith=polyq
[w5:kl:pro] [api] 200 mode=pro startsWith=polyq (517ms direct)
[w5:kl:pro] "polyq" → 0 records, 0 words
[w5:kl:pro] "polyq" branch complete
[w5:kl:pro] Saved 25,418 worker words
[w5:kl:pro] Searching "polyr" | queue=181 | words=25418
[w5:kl:pro] Pacing 15s before "polyr" (gap=15500ms)
[w5:kl:pro] Managed Turnstile token (len=816, 7098ms, remount)
[w5:kl:pro] [api] 200 mode=pro startsWith=polyr
[w5:kl:pro] [api] 200 mode=pro startsWith=polyr (589ms direct)
[w5:kl:pro] "polyr" → 14 records, 14 words
[w5:kl:pro] "polyr" branch complete
[w5:kl:pro] Saved 25,432 worker words
[w5:kl:pro] Searching "polys" | queue=180 | words=25432
[w5:kl:pro] Pacing 10s before "polys" (gap=15500ms)
[w5:kl:pro] Managed Turnstile token (len=816, 10918ms, remount)
[w5:kl:pro] [api] 200 mode=pro startsWith=polys
[w5:kl:pro] [api] 200 mode=pro startsWith=polys (585ms direct)
[w5:kl:pro] "polys" → 100 records, 100 words (incl. exact "polys")
[w5:kl:pro] Pacing 15s before "polys" (gap=15500ms)
[w5:kl:pro] Managed Turnstile token (len=816, 4343ms, remount)
[w5:kl:pro] heartbeat words=25532 queue=180 rotation=14 idle=20s
[w5:kl:pro] [api] 200 mode=pro startsWith=polys
[w5:kl:pro] [api] 200 mode=pro startsWith=polys sort=alphabetical:desc (528ms direct)
[w5:kl:pro] "polys" full page ends at "polystylisms" (next='t'); skip 26 covered groups → 2 children reverse Z→A ends at "polysomies" (lo='o' hi='y'); skip 9 middle + 48 new words
[w5:kl:pro] Saved 25,580 worker words
[w5:kl:pro] Searching "polyt" | queue=181 | words=25580
[w5:kl:pro] Pacing 14s before "polyt" (gap=15500ms)
[w5:kl:pro] Managed Turnstile miss (15611ms)
[w5:kl:pro] Failed "polyt" attempt 1: No Turnstile token for direct search
[w5:kl:pro] Saved 25,580 worker words
[w5:kl:pro] Turnstile miss — soft reload before rotate
[w5:kl:pro] Site Turnstile remint timed out (13282ms)
[w5:kl:pro] Soft reload mint failed — rotating immediately
[w5:kl:pro] Tor NEWNYM gen=15; waiting 8000ms
[w5:kl:pro] Tor ready on 19055 exit=171.25.193.82
[w5:kl:pro] Rotating IP (#15, try 1) after No Turnstile token for direct search → tor#16 socks5://127.0.0.1:19055
[w5:kl:pro] Launching persistent Chrome profile /tmp/lll-pw-w5-r15
[w5:kl:pro] Proxy tor#16 socks5://127.0.0.1:19055
[w5:kl:pro] Opening https://lastletterlibrary.com
[w5:kl:pro] heartbeat words=25580 queue=182 rotation=15 idle=52s
[w5:kl:pro] Library mode=pro
[w5:kl:pro] Site Turnstile remint timed out (23561ms)
[w5:kl:pro] Search mode=direct (skip UI Wait Ns… gate)
[w5:kl:pro] Cleaned 1 old rotated profile(s)
[w5:kl:pro] Searching "polyt" | queue=181 | words=25580
[w5:kl:pro] Managed Turnstile miss (15050ms)
[w5:kl:pro] Failed "polyt" attempt 1: No Turnstile token for direct search
[w5:kl:pro] Saved 25,580 worker words; shared last.txt now 405,192
[w5:kl:pro] Turnstile miss — soft reload before rotate
[w5:kl:pro] Site Turnstile remint timed out (9390ms)
[w5:kl:pro] Soft reload mint failed — rotating immediately
[w5:kl:pro] Tor NEWNYM gen=16; waiting 8000ms
[w5:kl:pro] heartbeat words=25580 queue=182 rotation=16 idle=112s
[w5:kl:pro] Tor ready on 19055 exit=185.100.85.24
[w5:kl:pro] Rotating IP (#16, try 1) after No Turnstile token for direct search → tor#17 socks5://127.0.0.1:19055
[w5:kl:pro] Launching persistent Chrome profile /tmp/lll-pw-w5-r16
[w5:kl:pro] Proxy tor#17 socks5://127.0.0.1:19055
[w5:kl:pro] Opening https://lastletterlibrary.com
[w5:kl:pro] Library mode=pro
[w5:kl:pro] Managed Turnstile token (len=816, 5308ms, remount)
[w5:kl:pro] Search mode=direct (skip UI Wait Ns… gate)
[w5:kl:pro] Cleaned 1 old rotated profile(s)
[w5:kl:pro] Searching "polyt" | queue=181 | words=25580
[w5:kl:pro] [api] 200 mode=pro startsWith=polyt
[w5:kl:pro] [api] 200 mode=pro startsWith=polyt (574ms direct)
[w5:kl:pro] "polyt" → 74 records, 74 words
[w5:kl:pro] "polyt" branch complete
[w5:kl:pro] Saved 25,606 worker words
[w5:kl:pro] Searching "polyz" | queue=180 | words=25606
[w5:kl:pro] Pacing 15s before "polyz" (gap=15500ms)
[w5:kl:pro] Managed Turnstile token (len=816, 3736ms, remount)
[w5:kl:pro] [api] 200 mode=pro startsWith=polyz
[w5:kl:pro] [api] 200 mode=pro startsWith=polyz (497ms direct)
[w5:kl:pro] "polyz" → 19 records, 19 words
[w5:kl:pro] "polyz" branch complete
[w5:kl:pro] Saved 25,606 worker words
[w5:kl:pro] Searching "prede" | queue=179 | words=25606
[w5:kl:pro] Pacing 15s before "prede" (gap=15500ms)
[w5:kl:pro] Managed Turnstile token (len=794, 4115ms, remount)
[w5:kl:pro] [api] 200 mode=pro startsWith=prede
[w5:kl:pro] [api] 200 mode=pro startsWith=prede (502ms direct)
[w5:kl:pro] "prede" → 100 records, 100 words
[w5:kl:pro] Pacing 15s before "prede" (gap=15500ms)
[w5:kl:pro] Managed Turnstile token (len=816, 5457ms, remount)
[w5:kl:pro] heartbeat words=25646 queue=179 rotation=16 idle=26s
[w5:kl:pro] [api] 200 mode=pro startsWith=prede
[w5:kl:pro] [api] 200 mode=pro startsWith=prede sort=alphabetical:desc (513ms direct)
[w5:kl:pro] "prede" full page ends at "predella" (next='l'); skip 15 covered groups → 13 children reverse Z→A ends at "predesertion" (lo='s' hi='v'); skip 2 middle + 100 new words
[w5:kl:pro] Saved 25,746 worker words
[w5:kl:pro] Searching "predf" | queue=191 | words=25746
[w5:kl:pro] Pacing 15s before "predf" (gap=15500ms)
[w5:kl:pro] Managed Turnstile token (len=816, 6784ms, remount)
[w5:kl:pro] [api] 200 mode=pro startsWith=predf
[w5:kl:pro] [api] 200 mode=pro startsWith=predf (498ms direct)
[w5:kl:pro] "predf" → 0 records, 0 words
[w5:kl:pro] "predf" branch complete
[w5:kl:pro] Saved 25,746 worker words
[w5:kl:pro] Searching "predg" | queue=190 | words=25746
[w5:kl:pro] Pacing 15s before "predg" (gap=15500ms)
[w5:kl:pro] Managed Turnstile token (len=816, 6319ms, remount)
[w5:kl:pro] [api] 200 mode=pro startsWith=predg
[w5:kl:pro] [api] 200 mode=pro startsWith=predg (682ms direct)
[w5:kl:pro] "predg" → 0 records, 0 words
[w5:kl:pro] "predg" branch complete
[w5:kl:pro] Saved 25,746 worker words
[w5:kl:pro] Searching "predh" | queue=189 | words=25746
[w5:kl:pro] Pacing 15s before "predh" (gap=15500ms)
[w5:kl:pro] Managed Turnstile token (len=816, 5589ms, remount)
[w5:kl:pro] [api] 200 mode=pro startsWith=predh
[w5:kl:pro] [api] 200 mode=pro startsWith=predh (505ms direct)
[w5:kl:pro] "predh" → 0 records, 0 words
[w5:kl:pro] "predh" branch complete
[w5:kl:pro] Saved 25,746 worker words
[w5:kl:pro] Searching "predi" | queue=188 | words=25746
[w5:kl:pro] Pacing 15s before "predi" (gap=15500ms)
[w5:kl:pro] Managed Turnstile token (len=816, 5567ms, remount)
[w5:kl:pro] heartbeat words=25746 queue=188 rotation=16 idle=8s
[w5:kl:pro] [api] 200 mode=pro startsWith=predi
[w5:kl:pro] [api] 200 mode=pro startsWith=predi (681ms direct)
[w5:kl:pro] "predi" → 100 records, 100 words
[w5:kl:pro] Pacing 15s before "predi" (gap=15500ms)
[w5:kl:pro] Managed Turnstile token (len=816, 10432ms, remount)
[w5:kl:pro] [api] 200 mode=pro startsWith=predi
[w5:kl:pro] [api] 200 mode=pro startsWith=predi sort=alphabetical:desc (555ms direct)
[w5:kl:pro] "predi" full page ends at "predirection" (next='r'); skip 21 covered groups → 7 children reverse Z→A ends at "prediscouragement" (lo='s' hi='v'); skip 2 middle + 78 new words
[w5:kl:pro] Saved 25,924 worker words
[w5:kl:pro] Searching "predy" | queue=194 | words=25924
[w5:kl:pro] Pacing 15s before "predy" (gap=15500ms)
[w5:kl:pro] Managed Turnstile token (len=816, 13089ms, remount)
[w5:kl:pro] [api] 200 mode=pro startsWith=predy
[w5:kl:pro] [api] 200 mode=pro startsWith=predy (690ms direct)
[w5:kl:pro] "predy" → 4 records, 4 words (incl. exact "predy")
[w5:kl:pro] "predy" branch complete
[w5:kl:pro] Saved 25,924 worker words; shared last.txt now 406,425
[w5:kl:pro] Searching "predz" | queue=193 | words=25924
[w5:kl:pro] Pacing 7s before "predz" (gap=15500ms)
[w5:kl:pro] Managed Turnstile token (len=816, 9953ms, remount)
[w5:kl:pro] [api] 429 mode=pro startsWith=predz
[w5:kl:pro] [api] 429 mode=pro startsWith=predz (532ms direct)
[w5:kl:pro] Learned server gap ≈ 15500ms (wait hint 2000ms)
[w5:kl:pro] Rate limited — inline wait 2000ms then retry "predz"
[w5:kl:pro] heartbeat words=25924 queue=193 rotation=16 idle=13s
[w5:kl:pro] Managed Turnstile miss (15062ms)
[w5:kl:pro] Failed "predz" attempt 1: No Turnstile token for direct search
[w5:kl:pro] Saved 25,924 worker words
[w5:kl:pro] Turnstile miss — soft reload before rotate
[w5:kl:pro] Managed Turnstile token (len=816, 4531ms, remount)
[w5:kl:pro] Searching "predz" | queue=193 | words=25924
[w5:kl:pro] [api] 200 mode=pro startsWith=predz
[w5:kl:pro] [api] 200 mode=pro startsWith=predz (477ms direct)
[w5:kl:pro] "predz" → 0 records, 0 words
[w5:kl:pro] "predz" branch complete
[w5:kl:pro] Saved 25,924 worker words
[w5:kl:pro] Searching "prein" | queue=192 | words=25924
[w5:kl:pro] Pacing 15s before "prein" (gap=15500ms)
[w5:kl:pro] Managed Turnstile token (len=816, 4285ms, remount)
[w5:kl:pro] [api] 200 mode=pro startsWith=prein
[w5:kl:pro] [api] 200 mode=pro startsWith=prein (534ms direct)
[w5:kl:pro] "prein" → 100 records, 100 words
[w5:kl:pro] Pacing 15s before "prein" (gap=15500ms)
[w5:kl:pro] Managed Turnstile token (len=816, 4239ms, remount)
[w5:kl:pro] [api] 200 mode=pro startsWith=prein
[w5:kl:pro] [api] 200 mode=pro startsWith=prein sort=alphabetical:desc (516ms direct)
[w5:kl:pro] "prein" full page ends at "preinsert" (next='s'); skip 23 covered groups → 5 children reverse Z→A ends at "preinjurious" (lo='j' hi='v'); skip 11 middle + 2 new words
[w5:kl:pro] Saved 25,988 worker words
[w5:kl:pro] Searching "preis" | queue=196 | words=25988
[w5:kl:pro] Pacing 15s before "preis" (gap=15500ms)
[w5:kl:pro] Managed Turnstile token (len=816, 12214ms, remount)
[w5:kl:pro] heartbeat words=25988 queue=196 rotation=16 idle=13s
[w5:kl:pro] [api] 200 mode=pro startsWith=preis
[w5:kl:pro] [api] 200 mode=pro startsWith=preis (593ms direct)
[w5:kl:pro] "preis" → 6 records, 6 words
[w5:kl:pro] "preis" branch complete
[w5:kl:pro] Saved 25,988 worker words
[w5:kl:pro] Searching "preit" | queue=195 | words=25988
[w5:kl:pro] Pacing 15s before "preit" (gap=15500ms)
[w5:kl:pro] Managed Turnstile token (len=816, 12173ms, remount)
[w5:kl:pro] [api] 200 mode=pro startsWith=preit
[w5:kl:pro] [api] 200 mode=pro startsWith=preit (522ms direct)
[w5:kl:pro] "preit" → 0 records, 0 words
[w5:kl:pro] "preit" branch complete
[w5:kl:pro] Saved 25,988 worker words
[w5:kl:pro] Searching "preiu" | queue=194 | words=25988
[w5:kl:pro] Pacing 15s before "preiu" (gap=15500ms)
[w5:kl:pro] Managed Turnstile token (len=816, 5974ms, remount)
[w5:kl:pro] [api] 200 mode=pro startsWith=preiu
[w5:kl:pro] [api] 200 mode=pro startsWith=preiu (556ms direct)
[w5:kl:pro] "preiu" → 0 records, 0 words
[w5:kl:pro] "preiu" branch complete
[w5:kl:pro] Saved 25,988 worker words
[w5:kl:pro] Searching "preiv" | queue=193 | words=25988
[w5:kl:pro] Pacing 15s before "preiv" (gap=15500ms)
[w5:kl:pro] Managed Turnstile token (len=816, 11340ms, remount)
[w5:kl:pro] [api] 200 mode=pro startsWith=preiv
[w5:kl:pro] [api] 200 mode=pro startsWith=preiv (496ms direct)
[w5:kl:pro] "preiv" → 0 records, 0 words
[w5:kl:pro] "preiv" branch complete
[w5:kl:pro] Saved 25,988 worker words
[w5:kl:pro] Searching "preiw" | queue=192 | words=25988
[w5:kl:pro] Pacing 15s before "preiw" (gap=15500ms)
[w5:kl:pro] Managed Turnstile token (len=816, 7260ms, remount)
[w5:kl:pro] heartbeat words=25988 queue=192 rotation=16 idle=11s
[w5:kl:pro] [api] 200 mode=pro startsWith=preiw
[w5:kl:pro] [api] 200 mode=pro startsWith=preiw (557ms direct)
[w5:kl:pro] "preiw" → 0 records, 0 words
[w5:kl:pro] "preiw" branch complete
[w5:kl:pro] Saved 25,988 worker words; shared last.txt now 407,766
[w5:kl:pro] Searching "preix" | queue=191 | words=25988
[w5:kl:pro] Pacing 15s before "preix" (gap=15500ms)
[w5:kl:pro] Managed Turnstile miss (15076ms)
[w5:kl:pro] Failed "preix" attempt 1: No Turnstile token for direct search
[w5:kl:pro] Saved 25,988 worker words
[w5:kl:pro] Turnstile miss — soft reload before rotate
[w5:kl:pro] Turnstile token present (len=816)
[w5:kl:pro] Site Turnstile token (9038ms)
[w5:kl:pro] Searching "preix" | queue=191 | words=25988
[w5:kl:pro] [api] 200 mode=pro startsWith=preix
[w5:kl:pro] [api] 200 mode=pro startsWith=preix (474ms direct)
[w5:kl:pro] "preix" → 0 records, 0 words
[w5:kl:pro] "preix" branch complete
[w5:kl:pro] Saved 25,988 worker words
[w5:kl:pro] Searching "preiy" | queue=190 | words=25988
[w5:kl:pro] Pacing 15s before "preiy" (gap=15500ms)
[w5:kl:pro] Managed Turnstile token (len=816, 5210ms, remount)
[w5:kl:pro] [api] 200 mode=pro startsWith=preiy
[w5:kl:pro] [api] 200 mode=pro startsWith=preiy (664ms direct)
[w5:kl:pro] "preiy" → 0 records, 0 words
[w5:kl:pro] "preiy" branch complete
[w5:kl:pro] Saved 25,988 worker words
[w5:kl:pro] Searching "preiz" | queue=189 | words=25988
[w5:kl:pro] Pacing 15s before "preiz" (gap=15500ms)
[w5:kl:pro] Managed Turnstile token (len=816, 7357ms, remount)
[w5:kl:pro] heartbeat words=25988 queue=189 rotation=16 idle=14s
[w5:kl:pro] [api] 200 mode=pro startsWith=preiz
[w5:kl:pro] [api] 200 mode=pro startsWith=preiz (536ms direct)
[w5:kl:pro] "preiz" → 0 records, 0 words
[w5:kl:pro] "preiz" branch complete
[w5:kl:pro] Saved 25,988 worker words
[w5:kl:pro] Searching "presc" | queue=188 | words=25988
[w5:kl:pro] Pacing 15s before "presc" (gap=15500ms)
[w5:kl:pro] Managed Turnstile token (len=816, 13213ms, remount)
[w5:kl:pro] [api] 200 mode=pro startsWith=presc
[w5:kl:pro] [api] 200 mode=pro startsWith=presc (663ms direct)
[w5:kl:pro] "presc" → 62 records, 62 words
[w5:kl:pro] "presc" branch complete
[w5:kl:pro] Saved 26,043 worker words
[w5:kl:pro] Searching "presd" | queue=187 | words=26043
[w5:kl:pro] Pacing 15s before "presd" (gap=15500ms)
[w5:kl:pro] Managed Turnstile token (len=816, 7937ms, remount)
[w5:kl:pro] [api] 200 mode=pro startsWith=presd
[w5:kl:pro] [api] 200 mode=pro startsWith=presd (685ms direct)
[w5:kl:pro] "presd" → 0 records, 0 words
[w5:kl:pro] "presd" branch complete
[w5:kl:pro] Saved 26,043 worker words
[w5:kl:pro] Searching "prese" | queue=186 | words=26043
[w5:kl:pro] Pacing 15s before "prese" (gap=15500ms)
[w5:kl:pro] Managed Turnstile miss (15421ms)
[w5:kl:pro] Failed "prese" attempt 1: No Turnstile token for direct search
[w5:kl:pro] Saved 26,043 worker words
[w5:kl:pro] Turnstile miss — soft reload before rotate
[w5:kl:pro] heartbeat words=26043 queue=187 rotation=16 idle=27s
[w5:kl:pro] Site Turnstile remint timed out (12744ms)
[w5:kl:pro] Soft reload mint failed — rotating immediately
[w5:kl:pro] Tor NEWNYM gen=17; waiting 8000ms
[w5:kl:pro] Tor ready on 19055 exit=185.233.100.23
[w5:kl:pro] Rotating IP (#17, try 1) after No Turnstile token for direct search → tor#18 socks5://127.0.0.1:19055
[w5:kl:pro] Launching persistent Chrome profile /tmp/lll-pw-w5-r17
[w5:kl:pro] Proxy tor#18 socks5://127.0.0.1:19055
[w5:kl:pro] Opening https://lastletterlibrary.com
[w5:kl:pro] Library mode=pro
[w5:kl:pro] Managed Turnstile token (len=816, 7659ms, remount)
[w5:kl:pro] Search mode=direct (skip UI Wait Ns… gate)
[w5:kl:pro] Cleaned 1 old rotated profile(s)
[w5:kl:pro] Searching "prese" | queue=186 | words=26043
[w5:kl:pro] [api] 200 mode=pro startsWith=prese
[w5:kl:pro] [api] 200 mode=pro startsWith=prese (734ms direct)
[w5:kl:pro] "prese" → 100 records, 100 words (incl. exact "prese")
[w5:kl:pro] Pacing 15s before "prese" (gap=15500ms)
[w5:kl:pro] Managed Turnstile token (len=816, 5256ms, remount)
[w5:kl:pro] [api] 200 mode=pro startsWith=prese
[w5:kl:pro] [api] 200 mode=pro startsWith=prese sort=alphabetical:desc (665ms direct)
[w5:kl:pro] "prese" full page ends at "preseparator" (next='p'); skip 25 covered groups → 3 children reverse Z→A ends at "present" (lo='n' hi='x'); skip 9 middle + 37 new words
[w5:kl:pro] Saved 26,180 worker words; shared last.txt now 408,637
[w5:kl:pro] Searching "presf" | queue=188 | words=26180
[w5:kl:pro] Pacing 8s before "presf" (gap=15500ms)
[w5:kl:pro] heartbeat words=26180 queue=188 rotation=17 idle=5s
[w5:kl:pro] Managed Turnstile token (len=816, 11336ms, remount)
[w5:kl:pro] [api] 200 mode=pro startsWith=presf
[w5:kl:pro] [api] 200 mode=pro startsWith=presf (740ms direct)
[w5:kl:pro] "presf" → 0 records, 0 words
[w5:kl:pro] "presf" branch complete
[w5:kl:pro] Saved 26,180 worker words
[w5:kl:pro] Searching "presg" | queue=187 | words=26180
[w5:kl:pro] Pacing 12s before "presg" (gap=15500ms)
[w5:kl:pro] Managed Turnstile token (len=816, 10758ms, remount)
[w5:kl:pro] [api] 200 mode=pro startsWith=presg
[w5:kl:pro] [api] 200 mode=pro startsWith=presg (665ms direct)
[w5:kl:pro] "presg" → 0 records, 0 words
[w5:kl:pro] "presg" branch complete
[w5:kl:pro] Saved 26,180 worker words
[w5:kl:pro] Searching "presh" | queue=186 | words=26180
[w5:kl:pro] Pacing 15s before "presh" (gap=15500ms)
[w5:kl:pro] Managed Turnstile token (len=816, 5734ms, remount)
[w5:kl:pro] [api] 200 mode=pro startsWith=presh
[w5:kl:pro] [api] 200 mode=pro startsWith=presh (622ms direct)
[w5:kl:pro] "presh" → 29 records, 29 words
[w5:kl:pro] "presh" branch complete
[w5:kl:pro] Saved 26,209 worker words
[w5:kl:pro] Searching "presi" | queue=185 | words=26209
[w5:kl:pro] Pacing 15s before "presi" (gap=15500ms)
[w5:kl:pro] Managed Turnstile token (len=816, 9694ms, remount)
[w5:kl:pro] [api] 200 mode=pro startsWith=presi
[w5:kl:pro] [api] 200 mode=pro startsWith=presi (639ms direct)
[w5:kl:pro] "presi" → 58 records, 58 words
[w5:kl:pro] "presi" branch complete
[w5:kl:pro] Saved 26,267 worker words
[w5:kl:pro] Searching "presj" | queue=184 | words=26267
[w5:kl:pro] Pacing 15s before "presj" (gap=15500ms)
[w5:kl:pro] heartbeat words=26267 queue=184 rotation=17 idle=9s
[w5:kl:pro] Managed Turnstile token (len=816, 9323ms, remount)
[w5:kl:pro] [api] 200 mode=pro startsWith=presj
[w5:kl:pro] [api] 200 mode=pro startsWith=presj (661ms direct)
[w5:kl:pro] "presj" → 0 records, 0 words
[w5:kl:pro] "presj" branch complete
[w5:kl:pro] Saved 26,267 worker words
[w5:kl:pro] Searching "presk" | queue=183 | words=26267
[w5:kl:pro] Pacing 15s before "presk" (gap=15500ms)
[w5:kl:pro] Managed Turnstile token (len=816, 6182ms, remount)
[w5:kl:pro] [api] 200 mode=pro startsWith=presk
[w5:kl:pro] [api] 200 mode=pro startsWith=presk (682ms direct)
[w5:kl:pro] "presk" → 0 records, 0 words
[w5:kl:pro] "presk" branch complete
[w5:kl:pro] Saved 26,267 worker words
[w5:kl:pro] Searching "presl" | queue=182 | words=26267
[w5:kl:pro] Pacing 15s before "presl" (gap=15500ms)
[w5:kl:pro] Managed Turnstile token (len=816, 12668ms, remount)
[w5:kl:pro] [api] 200 mode=pro startsWith=presl
[w5:kl:pro] [api] 200 mode=pro startsWith=presl (674ms direct)
[w5:kl:pro] "presl" → 8 records, 8 words
[w5:kl:pro] "presl" branch complete
[w5:kl:pro] Saved 26,275 worker words
[w5:kl:pro] Searching "presm" | queue=181 | words=26275
[w5:kl:pro] Pacing 15s before "presm" (gap=15500ms)
[w5:kl:pro] Managed Turnstile token (len=816, 11615ms, remount)
[w5:kl:pro] [api] 200 mode=pro startsWith=presm
[w5:kl:pro] [api] 200 mode=pro startsWith=presm (675ms direct)
[w5:kl:pro] "presm" → 1 records, 1 words
[w5:kl:pro] "presm" branch complete
[w5:kl:pro] Saved 26,276 worker words; shared last.txt now 409,006
[w5:kl:pro] Searching "presn" | queue=180 | words=26276
[w5:kl:pro] Pacing 14s before "presn" (gap=15500ms)
[w5:kl:pro] heartbeat words=26276 queue=180 rotation=17 idle=6s
[w5:kl:pro] Managed Turnstile miss (15110ms)
[w5:kl:pro] Failed "presn" attempt 1: No Turnstile token for direct search
[w5:kl:pro] Saved 26,276 worker words
[w5:kl:pro] Turnstile miss — soft reload before rotate
[w5:kl:pro] Site Turnstile remint timed out (10344ms)
[w5:kl:pro] Soft reload mint failed — rotating immediately
[w5:kl:pro] Tor NEWNYM gen=18; waiting 8000ms
[w5:kl:pro] Tor ready on 19055 exit=45.84.107.17
[w5:kl:pro] Rotating IP (#18, try 1) after No Turnstile token for direct search → tor#19 socks5://127.0.0.1:19055
[w5:kl:pro] Launching persistent Chrome profile /tmp/lll-pw-w5-r18
[w5:kl:pro] Proxy tor#19 socks5://127.0.0.1:19055
[w5:kl:pro] Opening https://lastletterlibrary.com
[w5:kl:pro] Library mode=pro
[w5:kl:pro] Managed Turnstile token (len=816, 11000ms, remount)
[w5:kl:pro] Search mode=direct (skip UI Wait Ns… gate)
[w5:kl:pro] Cleaned 1 old rotated profile(s)
[w5:kl:pro] Searching "presn" | queue=180 | words=26276
[w5:kl:pro] [api] 200 mode=pro startsWith=presn
[w5:kl:pro] [api] 200 mode=pro startsWith=presn (685ms direct)
[w5:kl:pro] "presn" → 0 records, 0 words
[w5:kl:pro] "presn" branch complete
[w5:kl:pro] Saved 26,276 worker words
[w5:kl:pro] Searching "preso" | queue=179 | words=26276
[w5:kl:pro] Pacing 15s before "preso" (gap=15500ms)
[w5:kl:pro] heartbeat words=26276 queue=179 rotation=18 idle=2s
[w5:kl:pro] Managed Turnstile token (len=816, 7989ms, remount)
[w5:kl:pro] [api] 200 mode=pro startsWith=preso
[w5:kl:pro] [api] 200 mode=pro startsWith=preso (568ms direct)
[w5:kl:pro] "preso" → 26 records, 26 words
[w5:kl:pro] "preso" branch complete
[w5:kl:pro] Saved 26,302 worker words
[w5:kl:pro] Searching "presp" | queue=178 | words=26302
[w5:kl:pro] Pacing 15s before "presp" (gap=15500ms)
[w5:kl:pro] Managed Turnstile token (len=816, 6911ms, remount)
[w5:kl:pro] [api] 200 mode=pro startsWith=presp
[w5:kl:pro] [api] 200 mode=pro startsWith=presp (592ms direct)
[w5:kl:pro] "presp" → 37 records, 37 words
[w5:kl:pro] "presp" branch complete
[w5:kl:pro] Saved 26,339 worker words
[w5:kl:pro] Searching "presq" | queue=177 | words=26339
[w5:kl:pro] Pacing 15s before "presq" (gap=15500ms)
[w5:kl:pro] Managed Turnstile token (len=816, 8940ms, remount)
[w5:kl:pro] [api] 200 mode=pro startsWith=presq
[w5:kl:pro] [api] 200 mode=pro startsWith=presq (641ms direct)
[w5:kl:pro] "presq" → 0 records, 0 words
[w5:kl:pro] "presq" branch complete
[w5:kl:pro] Saved 26,339 worker words
[w5:kl:pro] Searching "presr" | queue=176 | words=26339
[w5:kl:pro] Pacing 15s before "presr" (gap=15500ms)
[w5:kl:pro] Managed Turnstile token (len=816, 5390ms, remount)
[w5:kl:pro] [api] 200 mode=pro startsWith=presr
[w5:kl:pro] [api] 200 mode=pro startsWith=presr (597ms direct)
[w5:kl:pro] "presr" → 0 records, 0 words
[w5:kl:pro] "presr" branch complete
[w5:kl:pro] Saved 26,339 worker words
[w5:kl:pro] Searching "press" | queue=175 | words=26339
[w5:kl:pro] Pacing 15s before "press" (gap=15500ms)
[w5:kl:pro] heartbeat words=26339 queue=175 rotation=18 idle=1s
[w5:kl:pro] Managed Turnstile token (len=816, 5522ms, remount)
[w5:kl:pro] [api] 200 mode=pro startsWith=press
[w5:kl:pro] [api] 200 mode=pro startsWith=press (574ms direct)
[w5:kl:pro] "press" → 77 records, 77 words (incl. exact "press")
[w5:kl:pro] "press" branch complete
[w5:kl:pro] Saved 26,416 worker words
[w5:kl:pro] Searching "prest" | queue=174 | words=26416
[w5:kl:pro] Pacing 15s before "prest" (gap=15500ms)
[w5:kl:pro] Managed Turnstile token (len=816, 8219ms, remount)
[w5:kl:pro] [api] 200 mode=pro startsWith=prest
[w5:kl:pro] [api] 200 mode=pro startsWith=prest (554ms direct)
[w5:kl:pro] "prest" → 100 records, 100 words (incl. exact "prest")
[w5:kl:pro] Pacing 15s before "prest" (gap=15500ms)
[w5:kl:pro] Managed Turnstile token (len=816, 8355ms, remount)
[w5:kl:pro] [api] 200 mode=pro startsWith=prest
[w5:kl:pro] [api] 200 mode=pro startsWith=prest sort=alphabetical:desc (574ms direct)
[w5:kl:pro] "prest" full page ends at "prestudied" (next='u'); skip 22 covered groups → 6 children reverse Z→A ends at "prestamped" (lo='a' hi='u'); skip 19 middle + 5 new words
[w5:kl:pro] Saved 26,521 worker words; shared last.txt now 409,552
[w5:kl:pro] Searching "presu" | queue=179 | words=26521
[w5:kl:pro] Pacing 15s before "presu" (gap=15500ms)
[w5:kl:pro] Managed Turnstile token (len=816, 6719ms, remount)
[w5:kl:pro] heartbeat words=26521 queue=179 rotation=18 idle=14s
[w5:kl:pro] [api] 200 mode=pro startsWith=presu
[w5:kl:pro] [api] 200 mode=pro startsWith=presu (555ms direct)
[w5:kl:pro] "presu" → 100 records, 100 words
[w5:kl:pro] Pacing 15s before "presu" (gap=15500ms)
[w5:kl:pro] Managed Turnstile token (len=816, 7826ms, remount)
[w5:kl:pro] [api] 200 mode=pro startsWith=presu
[w5:kl:pro] [api] 200 mode=pro startsWith=presu sort=alphabetical:desc (561ms direct)
[w5:kl:pro] "presu" full page ends at "presuppress" (next='p'); skip 21 covered groups → 7 children reverse Z→A ends at "presuccessfully" (lo='c' hi='t'); skip 16 middle + 29 new words
[w5:kl:pro] Saved 26,650 worker words
[w5:kl:pro] Searching "presv" | queue=185 | words=26650
[w5:kl:pro] Pacing 15s before "presv" (gap=15500ms)
[w5:kl:pro] Managed Turnstile token (len=816, 10623ms, remount)
[w5:kl:pro] [api] 200 mode=pro startsWith=presv
[w5:kl:pro] [api] 200 mode=pro startsWith=presv (595ms direct)
[w5:kl:pro] "presv" → 0 records, 0 words
[w5:kl:pro] "presv" branch complete
[w5:kl:pro] Saved 26,650 worker words
[w5:kl:pro] Searching "presw" | queue=184 | words=26650
[w5:kl:pro] Pacing 15s before "presw" (gap=15500ms)
[w5:kl:pro] Managed Turnstile miss (15122ms)
[w5:kl:pro] Failed "presw" attempt 1: No Turnstile token for direct search
[w5:kl:pro] Saved 26,650 worker words
[w5:kl:pro] Turnstile miss — soft reload before rotate
[w5:kl:pro] heartbeat words=26650 queue=185 rotation=18 idle=28s
[w5:kl:pro] Site Turnstile remint timed out (12302ms)
[w5:kl:pro] Soft reload mint failed — rotating immediately
[w5:kl:pro] Tor NEWNYM gen=19; waiting 8000ms
[w5:kl:pro] Tor ready on 19055 exit=185.220.101.16
[w5:kl:pro] Rotating IP (#19, try 1) after No Turnstile token for direct search → tor#20 socks5://127.0.0.1:19055
[w5:kl:pro] Launching persistent Chrome profile /tmp/lll-pw-w5-r19
[w5:kl:pro] Proxy tor#20 socks5://127.0.0.1:19055
[w5:kl:pro] Opening https://lastletterlibrary.com
[w5:kl:pro] Library mode=pro
[w5:kl:pro] Site Turnstile remint timed out (22927ms)
[w5:kl:pro] Search mode=direct (skip UI Wait Ns… gate)
[w5:kl:pro] Cleaned 1 old rotated profile(s)
[w5:kl:pro] Searching "presw" | queue=184 | words=26650
[w5:kl:pro] Managed Turnstile miss (15314ms)
[w5:kl:pro] Failed "presw" attempt 1: No Turnstile token for direct search
[w5:kl:pro] Saved 26,650 worker words
[w5:kl:pro] Turnstile miss — soft reload before rotate
[w5:kl:pro] heartbeat words=26650 queue=185 rotation=19 idle=88s
[w5:kl:pro] Site Turnstile remint timed out (10057ms)
[w5:kl:pro] Soft reload mint failed — rotating immediately
[w5:kl:pro] Tor NEWNYM gen=20; waiting 8000ms
[w5:kl:pro] Tor ready on 19055 exit=5.255.110.120
[w5:kl:pro] Rotating IP (#20, try 1) after No Turnstile token for direct search → tor#21 socks5://127.0.0.1:19055
[w5:kl:pro] Launching persistent Chrome profile /tmp/lll-pw-w5-r20
[w5:kl:pro] Proxy tor#21 socks5://127.0.0.1:19055
[w5:kl:pro] Opening https://lastletterlibrary.com
[w5:kl:pro] Library mode=pro
[w5:kl:pro] Site Turnstile remint timed out (22345ms)
[w5:kl:pro] Search mode=direct (skip UI Wait Ns… gate)
[w5:kl:pro] Cleaned 1 old rotated profile(s)
[w5:kl:pro] Searching "presw" | queue=184 | words=26650
[w5:kl:pro] heartbeat words=26650 queue=184 rotation=20 idle=148s
[w5:kl:pro] Managed Turnstile miss (15067ms)
[w5:kl:pro] Failed "presw" attempt 1: No Turnstile token for direct search
[w5:kl:pro] Saved 26,650 worker words
[w5:kl:pro] Turnstile miss — soft reload before rotate
[w5:kl:pro] Site Turnstile remint timed out (9617ms)
[w5:kl:pro] Soft reload mint failed — rotating immediately
[w5:kl:pro] Tor NEWNYM gen=21; waiting 8000ms
[w5:kl:pro] Tor ready on 19055 exit=192.42.116.67
[w5:kl:pro] Rotating IP (#21, try 1) after No Turnstile token for direct search → tor#22 socks5://127.0.0.1:19055
[w5:kl:pro] Launching persistent Chrome profile /tmp/lll-pw-w5-r21
[w5:kl:pro] Proxy tor#22 socks5://127.0.0.1:19055
[w5:kl:pro] Opening https://lastletterlibrary.com
[w5:kl:pro] Library mode=pro
[w5:kl:pro] Managed Turnstile token (len=816, 8968ms, remount)
[w5:kl:pro] Search mode=direct (skip UI Wait Ns… gate)
[w5:kl:pro] Cleaned 1 old rotated profile(s)
[w5:kl:pro] Searching "presw" | queue=184 | words=26650
[w5:kl:pro] [api] 200 mode=pro startsWith=presw
[w5:kl:pro] [api] 200 mode=pro startsWith=presw (440ms direct)
[w5:kl:pro] "presw" → 5 records, 5 words
[w5:kl:pro] "presw" branch complete
[w5:kl:pro] Saved 26,655 worker words
[w5:kl:pro] Searching "presx" | queue=183 | words=26655
[w5:kl:pro] Pacing 15s before "presx" (gap=15500ms)
[w5:kl:pro] Managed Turnstile token (len=816, 6724ms, remount)
[w5:kl:pro] [api] 200 mode=pro startsWith=presx
[w5:kl:pro] [api] 200 mode=pro startsWith=presx (503ms direct)
[w5:kl:pro] "presx" → 0 records, 0 words
[w5:kl:pro] "presx" branch complete
[w5:kl:pro] Saved 26,655 worker words
[w5:kl:pro] Searching "presy" | queue=182 | words=26655
[w5:kl:pro] Pacing 15s before "presy" (gap=15500ms)
[w5:kl:pro] heartbeat words=26655 queue=182 rotation=21 idle=4s
[w5:kl:pro] Managed Turnstile token (len=816, 5155ms, remount)
[w5:kl:pro] [api] 200 mode=pro startsWith=presy
[w5:kl:pro] [api] 200 mode=pro startsWith=presy (629ms direct)
[w5:kl:pro] "presy" → 18 records, 18 words
[w5:kl:pro] "presy" branch complete
[w5:kl:pro] Saved 26,673 worker words; shared last.txt now 409,885
[w5:kl:pro] Searching "presz" | queue=181 | words=26673
[w5:kl:pro] Pacing 12s before "presz" (gap=15500ms)
[w5:kl:pro] Managed Turnstile token (len=816, 6625ms, remount)
[w5:kl:pro] [api] 200 mode=pro startsWith=presz
[w5:kl:pro] [api] 200 mode=pro startsWith=presz (1236ms direct)
[w5:kl:pro] "presz" → 0 records, 0 words
[w5:kl:pro] "presz" branch complete
[w5:kl:pro] Saved 26,673 worker words
[w5:kl:pro] Searching "print" | queue=180 | words=26673
[w5:kl:pro] Pacing 14s before "print" (gap=15500ms)
[w5:kl:pro] Managed Turnstile token (len=816, 8788ms, remount)
[w5:kl:pro] [api] 429 mode=pro startsWith=print
[w5:kl:pro] [api] 429 mode=pro startsWith=print (492ms direct)
[w5:kl:pro] Learned server gap ≈ 15500ms (wait hint 2000ms)
[w5:kl:pro] Rate limited — inline wait 2000ms then retry "print"
[w5:kl:pro] Managed Turnstile token (len=816, 8554ms, remount)
[w5:kl:pro] [api] 200 mode=pro startsWith=print
[w5:kl:pro] [api] 200 mode=pro startsWith=print (426ms direct)
[w5:kl:pro] "print" → 34 records, 34 words (incl. exact "print")
[w5:kl:pro] "print" branch complete
[w5:kl:pro] Saved 26,673 worker words
[w5:kl:pro] Searching "prinu" | queue=179 | words=26673
[w5:kl:pro] Pacing 16s before "prinu" (gap=15500ms)
[w5:kl:pro] Managed Turnstile token (len=816, 3694ms, remount)
[w5:kl:pro] heartbeat words=26673 queue=179 rotation=21 idle=8s
[w5:kl:pro] [api] 200 mode=pro startsWith=prinu
[w5:kl:pro] [api] 200 mode=pro startsWith=prinu (457ms direct)
[w5:kl:pro] "prinu" → 0 records, 0 words
[w5:kl:pro] "prinu" branch complete
[w5:kl:pro] Saved 26,673 worker words
[w5:kl:pro] Searching "prinv" | queue=178 | words=26673
[w5:kl:pro] Pacing 15s before "prinv" (gap=15500ms)
[w5:kl:pro] Managed Turnstile token (len=816, 4510ms, remount)
[w5:kl:pro] [api] 200 mode=pro startsWith=prinv
[w5:kl:pro] [api] 200 mode=pro startsWith=prinv (446ms direct)
[w5:kl:pro] "prinv" → 0 records, 0 words
[w5:kl:pro] "prinv" branch complete
[w5:kl:pro] Saved 26,673 worker words
[w5:kl:pro] Searching "prinw" | queue=177 | words=26673
[w5:kl:pro] Pacing 15s before "prinw" (gap=15500ms)
[w5:kl:pro] Managed Turnstile token (len=816, 3836ms, remount)
[w5:kl:pro] [api] 200 mode=pro startsWith=prinw
[w5:kl:pro] [api] 200 mode=pro startsWith=prinw (452ms direct)
[w5:kl:pro] "prinw" → 0 records, 0 words
[w5:kl:pro] "prinw" branch complete
[w5:kl:pro] Saved 26,673 worker words
[w5:kl:pro] Searching "prinx" | queue=176 | words=26673
[w5:kl:pro] Pacing 15s before "prinx" (gap=15500ms)
[w5:kl:pro] Managed Turnstile token (len=816, 11182ms, remount)
[w5:kl:pro] [api] 200 mode=pro startsWith=prinx
[w5:kl:pro] [api] 200 mode=pro startsWith=prinx (484ms direct)
[w5:kl:pro] "prinx" → 0 records, 0 words
[w5:kl:pro] "prinx" branch complete
[w5:kl:pro] Saved 26,673 worker words
[w5:kl:pro] Searching "priny" | queue=175 | words=26673
[w5:kl:pro] Pacing 15s before "priny" (gap=15500ms)
[w5:kl:pro] Managed Turnstile token (len=816, 5636ms, remount)
[w5:kl:pro] heartbeat words=26673 queue=175 rotation=21 idle=6s
[w5:kl:pro] [api] 200 mode=pro startsWith=priny
[w5:kl:pro] [api] 200 mode=pro startsWith=priny (458ms direct)
[w5:kl:pro] "priny" → 0 records, 0 words
[w5:kl:pro] "priny" branch complete
[w5:kl:pro] Saved 26,673 worker words
[w5:kl:pro] Searching "prinz" | queue=174 | words=26673
[w5:kl:pro] Pacing 15s before "prinz" (gap=15500ms)
[w5:kl:pro] Managed Turnstile token (len=816, 5381ms, remount)
[w5:kl:pro] [api] 200 mode=pro startsWith=prinz
[w5:kl:pro] [api] 200 mode=pro startsWith=prinz (464ms direct)
[w5:kl:pro] "prinz" → 0 records, 0 words
[w5:kl:pro] "prinz" branch complete
[w5:kl:pro] Saved 26,673 worker words; shared last.txt now 410,270
[w5:kl:pro] Searching "probo" | queue=173 | words=26673
[w5:kl:pro] Pacing 15s before "probo" (gap=15500ms)
[w5:kl:pro] Managed Turnstile token (len=816, 8871ms, remount)
[w5:kl:pro] [api] 200 mode=pro startsWith=probo
[w5:kl:pro] [api] 200 mode=pro startsWith=probo (460ms direct)
[w5:kl:pro] "probo" → 28 records, 28 words
[w5:kl:pro] "probo" branch complete
[w5:kl:pro] Saved 26,700 worker words
[w5:kl:pro] Searching "probp" | queue=172 | words=26700
[w5:kl:pro] Pacing 15s before "probp" (gap=15500ms)
[w5:kl:pro] Managed Turnstile token (len=816, 4151ms, remount)
[w5:kl:pro] [api] 200 mode=pro startsWith=probp
[w5:kl:pro] [api] 200 mode=pro startsWith=probp (486ms direct)
[w5:kl:pro] "probp" → 0 records, 0 words
[w5:kl:pro] "probp" branch complete
[w5:kl:pro] Saved 26,700 worker words
[w5:kl:pro] Searching "probq" | queue=171 | words=26700
[w5:kl:pro] Pacing 15s before "probq" (gap=15500ms)
[w5:kl:pro] heartbeat words=26700 queue=171 rotation=21 idle=4s
[w5:kl:pro] Managed Turnstile token (len=816, 11840ms, remount)
[w5:kl:pro] [api] 200 mode=pro startsWith=probq
[w5:kl:pro] [api] 200 mode=pro startsWith=probq (507ms direct)
[w5:kl:pro] "probq" → 0 records, 0 words
[w5:kl:pro] "probq" branch complete
[w5:kl:pro] Saved 26,700 worker words
[w5:kl:pro] Searching "probr" | queue=170 | words=26700
[w5:kl:pro] Pacing 15s before "probr" (gap=15500ms)
[w5:kl:pro] Managed Turnstile token (len=816, 7639ms, remount)
[w5:kl:pro] [api] 200 mode=pro startsWith=probr
[w5:kl:pro] [api] 200 mode=pro startsWith=probr (648ms direct)
[w5:kl:pro] "probr" → 3 records, 3 words
[w5:kl:pro] "probr" branch complete
[w5:kl:pro] Saved 26,703 worker words
[w5:kl:pro] Searching "probs" | queue=169 | words=26703
[w5:kl:pro] Pacing 15s before "probs" (gap=15500ms)
[w5:kl:pro] Managed Turnstile token (len=816, 11815ms, remount)
[w5:kl:pro] [api] 200 mode=pro startsWith=probs
[w5:kl:pro] [api] 200 mode=pro startsWith=probs (535ms direct)
[w5:kl:pro] "probs" → 1 records, 1 words (incl. exact "probs")
[w5:kl:pro] "probs" branch complete
[w5:kl:pro] Saved 26,704 worker words
[w5:kl:pro] Searching "probt" | queue=168 | words=26704
[w5:kl:pro] Pacing 15s before "probt" (gap=15500ms)
[w5:kl:pro] Managed Turnstile token (len=816, 14177ms, remount)
[w5:kl:pro] [api] 200 mode=pro startsWith=probt
[w5:kl:pro] [api] 200 mode=pro startsWith=probt (464ms direct)
[w5:kl:pro] "probt" → 0 records, 0 words
[w5:kl:pro] "probt" branch complete
[w5:kl:pro] Saved 26,704 worker words
[w5:kl:pro] Searching "probu" | queue=167 | words=26704
[w5:kl:pro] Pacing 15s before "probu" (gap=15500ms)
[w5:kl:pro] heartbeat words=26704 queue=167 rotation=21 idle=2s
[w5:kl:pro] Managed Turnstile token (len=816, 5498ms, remount)
[w5:kl:pro] [api] 200 mode=pro startsWith=probu
[w5:kl:pro] [api] 200 mode=pro startsWith=probu (452ms direct)
[w5:kl:pro] "probu" → 5 records, 5 words
[w5:kl:pro] "probu" branch complete
[w5:kl:pro] Saved 26,709 worker words
[w5:kl:pro] Searching "probv" | queue=166 | words=26709
[w5:kl:pro] Pacing 15s before "probv" (gap=15500ms)
[w5:kl:pro] Managed Turnstile token (len=816, 4886ms, remount)
[w5:kl:pro] [api] 200 mode=pro startsWith=probv
[w5:kl:pro] [api] 200 mode=pro startsWith=probv (477ms direct)
[w5:kl:pro] "probv" → 0 records, 0 words
[w5:kl:pro] "probv" branch complete
[w5:kl:pro] Saved 26,709 worker words; shared last.txt now 410,547
[w5:kl:pro] Searching "probw" | queue=165 | words=26709
[w5:kl:pro] Pacing 15s before "probw" (gap=15500ms)
[w5:kl:pro] Managed Turnstile token (len=816, 5381ms, remount)
[w5:kl:pro] [api] 200 mode=pro startsWith=probw
[w5:kl:pro] [api] 200 mode=pro startsWith=probw (479ms direct)
[w5:kl:pro] "probw" → 0 records, 0 words
[w5:kl:pro] "probw" branch complete
[w5:kl:pro] Saved 26,709 worker words
[w5:kl:pro] Searching "probx" | queue=164 | words=26709
[w5:kl:pro] Pacing 15s before "probx" (gap=15500ms)
[w5:kl:pro] Managed Turnstile token (len=816, 4654ms, remount)
[w5:kl:pro] [api] 200 mode=pro startsWith=probx
[w5:kl:pro] [api] 200 mode=pro startsWith=probx (479ms direct)
[w5:kl:pro] "probx" → 0 records, 0 words
[w5:kl:pro] "probx" branch complete
[w5:kl:pro] Saved 26,709 worker words
[w5:kl:pro] Searching "proby" | queue=163 | words=26709
[w5:kl:pro] Pacing 15s before "proby" (gap=15500ms)
[w5:kl:pro] heartbeat words=26709 queue=163 rotation=21 idle=0s
[w5:kl:pro] Managed Turnstile token (len=816, 14042ms, remount)
[w5:kl:pro] [api] 200 mode=pro startsWith=proby
[w5:kl:pro] [api] 200 mode=pro startsWith=proby (491ms direct)
[w5:kl:pro] "proby" → 0 records, 0 words
[w5:kl:pro] "proby" branch complete
[w5:kl:pro] Saved 26,709 worker words
[w5:kl:pro] Searching "probz" | queue=162 | words=26709
[w5:kl:pro] Pacing 15s before "probz" (gap=15500ms)
[w5:kl:pro] Managed Turnstile token (len=816, 13627ms, remount)
[w5:kl:pro] [api] 200 mode=pro startsWith=probz
[w5:kl:pro] [api] 200 mode=pro startsWith=probz (656ms direct)
[w5:kl:pro] "probz" → 0 records, 0 words
[w5:kl:pro] "probz" branch complete
[w5:kl:pro] Saved 26,709 worker words
[w5:kl:pro] Searching "progy" | queue=161 | words=26709
[w5:kl:pro] Pacing 15s before "progy" (gap=15500ms)
[w5:kl:pro] Managed Turnstile token (len=816, 7323ms, remount)
[w5:kl:pro] [api] 200 mode=pro startsWith=progy
[w5:kl:pro] [api] 200 mode=pro startsWith=progy (444ms direct)
[w5:kl:pro] "progy" → 7 records, 7 words
[w5:kl:pro] "progy" branch complete
[w5:kl:pro] Saved 26,709 worker words
[w5:kl:pro] Searching "progz" | queue=160 | words=26709
[w5:kl:pro] Pacing 15s before "progz" (gap=15500ms)
[w5:kl:pro] Managed Turnstile token (len=816, 6528ms, remount)
[w5:kl:pro] heartbeat words=26709 queue=160 rotation=21 idle=14s
[w5:kl:pro] [api] 200 mode=pro startsWith=progz
[w5:kl:pro] [api] 200 mode=pro startsWith=progz (443ms direct)
[w5:kl:pro] "progz" → 0 records, 0 words
[w5:kl:pro] "progz" branch complete
[w5:kl:pro] Saved 26,709 worker words
[w5:kl:pro] Searching "proli" | queue=159 | words=26709
[w5:kl:pro] Pacing 15s before "proli" (gap=15500ms)
[w5:kl:pro] Managed Turnstile token (len=816, 4889ms, remount)
[w5:kl:pro] [api] 200 mode=pro startsWith=proli
[w5:kl:pro] [api] 200 mode=pro startsWith=proli (463ms direct)
[w5:kl:pro] "proli" → 49 records, 49 words
[w5:kl:pro] "proli" branch complete
[w5:kl:pro] Saved 26,731 worker words
[w5:kl:pro] Searching "proly" | queue=158 | words=26731
[w5:kl:pro] Pacing 15s before "proly" (gap=15500ms)
[w5:kl:pro] Managed Turnstile token (len=816, 6839ms, remount)
[w5:kl:pro] Failed "proly" attempt 1: page.evaluate: TypeError: Failed to fetch
    at eval (eval at evaluate (:311:30), <anonymous>:11:27)
    at UtilityScript.evaluate (<anonymous>:313:16)
    at UtilityScript.<anonymous> (<anonymous>:1:44)
[w5:kl:pro] Saved 26,731 worker words; shared last.txt now 411,058
[w5:kl:pro] Tor NEWNYM gen=22; waiting 8000ms
[w5:kl:pro] heartbeat words=26731 queue=159 rotation=22 idle=42s
[w5:kl:pro] Tor exit IP probe failed (try 1/6)
[w5:kl:pro] Tor NEWNYM gen=23; waiting 8000ms
[w5:kl:pro] Tor exit IP probe failed (try 2/6)
[w5:kl:pro] Tor NEWNYM gen=24; waiting 8000ms
[w5:kl:pro] heartbeat words=26731 queue=159 rotation=22 idle=102s
[w5:kl:pro] Tor exit IP probe failed (try 3/6)
[w5:kl:pro] Tor NEWNYM gen=25; waiting 8000ms
[w5:kl:pro] heartbeat words=26731 queue=159 rotation=22 idle=162s
[w5:kl:pro] Tor ready on 19055 exit=185.220.101.3
[w5:kl:pro] Rotating IP (#22, try 1) after page.evaluate: TypeError: Failed to fetch
    at eval (eval at evaluate (:311:30 → tor#23 socks5://127.0.0.1:19055
[w5:kl:pro] Launching persistent Chrome profile /tmp/lll-pw-w5-r22
[w5:kl:pro] Proxy tor#23 socks5://127.0.0.1:19055
[w5:kl:pro] Opening https://lastletterlibrary.com
[w5:kl:pro] Library mode=pro
[w5:kl:pro] Managed Turnstile token (len=816, 8071ms, remount)
[w5:kl:pro] Search mode=direct (skip UI Wait Ns… gate)
[w5:kl:pro] Cleaned 1 old rotated profile(s)
[w5:kl:pro] Searching "proly" | queue=158 | words=26731
[w5:kl:pro] [api] 200 mode=pro startsWith=proly
[w5:kl:pro] [api] 200 mode=pro startsWith=proly (1253ms direct)
[w5:kl:pro] "proly" → 1 records, 1 words
[w5:kl:pro] "proly" branch complete
[w5:kl:pro] Saved 26,731 worker words
[w5:kl:pro] Searching "prolz" | queue=157 | words=26731
[w5:kl:pro] Pacing 15s before "prolz" (gap=15500ms)
[w5:kl:pro] Managed Turnstile token (len=816, 10111ms, remount)
[w5:kl:pro] [api] 200 mode=pro startsWith=prolz
[w5:kl:pro] [api] 200 mode=pro startsWith=prolz (889ms direct)
[w5:kl:pro] "prolz" → 0 records, 0 words
[w5:kl:pro] "prolz" branch complete
[w5:kl:pro] Saved 26,731 worker words
[w5:kl:pro] Searching "provi" | queue=156 | words=26731
[w5:kl:pro] Pacing 15s before "provi" (gap=15500ms)
[w5:kl:pro] Managed Turnstile token (len=816, 4190ms, remount)
[w5:kl:pro] heartbeat words=26731 queue=156 rotation=22 idle=27s
[w5:kl:pro] Failed "provi" attempt 1: page.evaluate: TypeError: Failed to fetch
    at eval (eval at evaluate (:311:30), <anonymous>:11:27)
    at UtilityScript.evaluate (<anonymous>:313:16)
    at UtilityScript.<anonymous> (<anonymous>:1:44)
[w5:kl:pro] Saved 26,731 worker words
[w5:kl:pro] Tor NEWNYM gen=26; waiting 8000ms
[w5:kl:pro] Tor ready on 19055 exit=185.220.100.240
[w5:kl:pro] Rotating IP (#23, try 1) after page.evaluate: TypeError: Failed to fetch
    at eval (eval at evaluate (:311:30 → tor#24 socks5://127.0.0.1:19055
[w5:kl:pro] Launching persistent Chrome profile /tmp/lll-pw-w5-r23
[w5:kl:pro] Proxy tor#24 socks5://127.0.0.1:19055
[w5:kl:pro] Opening https://lastletterlibrary.com
[w5:kl:pro] Library mode=pro
[w5:kl:pro] heartbeat words=26731 queue=157 rotation=23 idle=87s
[w5:kl:pro] Site Turnstile remint timed out (22864ms)
[w5:kl:pro] Search mode=direct (skip UI Wait Ns… gate)
[w5:kl:pro] Cleaned 1 old rotated profile(s)
[w5:kl:pro] Searching "provi" | queue=156 | words=26731
[w5:kl:pro] Managed Turnstile miss (15058ms)
[w5:kl:pro] Failed "provi" attempt 1: No Turnstile token for direct search
[w5:kl:pro] Saved 26,731 worker words
[w5:kl:pro] Turnstile miss — soft reload before rotate
[w5:kl:pro] Turnstile token present (len=837)
[w5:kl:pro] Site Turnstile token (6640ms)
[w5:kl:pro] Searching "provi" | queue=156 | words=26731
[w5:kl:pro] [api] 200 mode=pro startsWith=provi
[w5:kl:pro] [api] 200 mode=pro startsWith=provi (533ms direct)
[w5:kl:pro] "provi" → 90 records, 90 words
[w5:kl:pro] "provi" branch complete
[w5:kl:pro] Saved 26,749 worker words
[w5:kl:pro] Searching "provo" | queue=155 | words=26749
[w5:kl:pro] Pacing 15s before "provo" (gap=15500ms)
[w5:kl:pro] Managed Turnstile miss (15053ms)
[w5:kl:pro] Failed "provo" attempt 1: No Turnstile token for direct search
[w5:kl:pro] Saved 26,749 worker words
[w5:kl:pro] Turnstile miss — soft reload before rotate
[w5:kl:pro] Site Turnstile remint timed out (9454ms)
[w5:kl:pro] Soft reload mint failed — rotating immediately
[w5:kl:pro] Tor NEWNYM gen=27; waiting 8000ms
[w5:kl:pro] heartbeat words=26749 queue=156 rotation=24 idle=27s
[w5:kl:pro] Tor ready on 19055 exit=109.70.100.12
[w5:kl:pro] Rotating IP (#24, try 1) after No Turnstile token for direct search → tor#25 socks5://127.0.0.1:19055
[w5:kl:pro] Launching persistent Chrome profile /tmp/lll-pw-w5-r24
[w5:kl:pro] Proxy tor#25 socks5://127.0.0.1:19055
[w5:kl:pro] Opening https://lastletterlibrary.com
[w5:kl:pro] Library mode=pro
[w5:kl:pro] Turnstile token present (len=837)
[w5:kl:pro] Site Turnstile token (19310ms)
[w5:kl:pro] Search mode=direct (skip UI Wait Ns… gate)
[w5:kl:pro] Cleaned 1 old rotated profile(s)
[w5:kl:pro] Searching "provo" | queue=155 | words=26749
[w5:kl:pro] [api] 200 mode=pro startsWith=provo
[w5:kl:pro] [api] 200 mode=pro startsWith=provo (485ms direct)
[w5:kl:pro] "provo" → 42 records, 42 words
[w5:kl:pro] "provo" branch complete
[w5:kl:pro] Saved 26,749 worker words
[w5:kl:pro] Searching "provp" | queue=154 | words=26749
[w5:kl:pro] Pacing 15s before "provp" (gap=15500ms)
[w5:kl:pro] Managed Turnstile token (len=816, 3476ms, remount)
[w5:kl:pro] [api] 200 mode=pro startsWith=provp
[w5:kl:pro] [api] 200 mode=pro startsWith=provp (329ms direct)
[w5:kl:pro] "provp" → 0 records, 0 words
[w5:kl:pro] "provp" branch complete
[w5:kl:pro] Saved 26,749 worker words; shared last.txt now 411,551
[w5:kl:pro] Searching "provq" | queue=153 | words=26749
[w5:kl:pro] Pacing 15s before "provq" (gap=15500ms)
[w5:kl:pro] Managed Turnstile token (len=816, 3980ms, remount)
[w5:kl:pro] heartbeat words=26749 queue=153 rotation=24 idle=11s
[w5:kl:pro] [api] 200 mode=pro startsWith=provq
[w5:kl:pro] [api] 200 mode=pro startsWith=provq (495ms direct)
[w5:kl:pro] "provq" → 0 records, 0 words
[w5:kl:pro] "provq" branch complete
[w5:kl:pro] Saved 26,749 worker words
[w5:kl:pro] Searching "provr" | queue=152 | words=26749
[w5:kl:pro] Pacing 15s before "provr" (gap=15500ms)
[w5:kl:pro] Managed Turnstile token (len=816, 5643ms, remount)
[w5:kl:pro] [api] 200 mode=pro startsWith=provr
[w5:kl:pro] [api] 200 mode=pro startsWith=provr (527ms direct)
[w5:kl:pro] "provr" → 0 records, 0 words
[w5:kl:pro] "provr" branch complete
[w5:kl:pro] Saved 26,749 worker words
[w5:kl:pro] Searching "provs" | queue=151 | words=26749
[w5:kl:pro] Pacing 15s before "provs" (gap=15500ms)
[w5:kl:pro] Managed Turnstile token (len=816, 3327ms, remount)
[w5:kl:pro] [api] 200 mode=pro startsWith=provs
[w5:kl:pro] [api] 200 mode=pro startsWith=provs (404ms direct)
[w5:kl:pro] "provs" → 0 records, 0 words
[w5:kl:pro] "provs" branch complete
[w5:kl:pro] Saved 26,749 worker words
[w5:kl:pro] Searching "provt" | queue=150 | words=26749
[w5:kl:pro] Pacing 15s before "provt" (gap=15500ms)
[w5:kl:pro] Managed Turnstile token (len=816, 6610ms, remount)
[w5:kl:pro] [api] 200 mode=pro startsWith=provt
[w5:kl:pro] [api] 200 mode=pro startsWith=provt (543ms direct)
[w5:kl:pro] "provt" → 0 records, 0 words
[w5:kl:pro] "provt" branch complete
[w5:kl:pro] Saved 26,749 worker words
[w5:kl:pro] Searching "provu" | queue=149 | words=26749
[w5:kl:pro] Pacing 15s before "provu" (gap=15500ms)
[w5:kl:pro] heartbeat words=26749 queue=149 rotation=24 idle=9s
[w5:kl:pro] Managed Turnstile token (len=816, 9254ms, remount)
[w5:kl:pro] [api] 200 mode=pro startsWith=provu
[w5:kl:pro] [api] 200 mode=pro startsWith=provu (337ms direct)
[w5:kl:pro] "provu" → 0 records, 0 words
[w5:kl:pro] "provu" branch complete
[w5:kl:pro] Saved 26,749 worker words
[w5:kl:pro] Searching "provv" | queue=148 | words=26749
[w5:kl:pro] Pacing 16s before "provv" (gap=15500ms)
[w5:kl:pro] Managed Turnstile token (len=816, 3586ms, remount)
[w5:kl:pro] [api] 200 mode=pro startsWith=provv
[w5:kl:pro] [api] 200 mode=pro startsWith=provv (341ms direct)
[w5:kl:pro] "provv" → 0 records, 0 words
[w5:kl:pro] "provv" branch complete
[w5:kl:pro] Saved 26,749 worker words
[w5:kl:pro] Searching "provw" | queue=147 | words=26749
[w5:kl:pro] Pacing 16s before "provw" (gap=15500ms)
[w5:kl:pro] Managed Turnstile token (len=816, 3880ms, remount)
[w5:kl:pro] [api] 200 mode=pro startsWith=provw
[w5:kl:pro] [api] 200 mode=pro startsWith=provw (329ms direct)
[w5:kl:pro] "provw" → 0 records, 0 words
[w5:kl:pro] "provw" branch complete
[w5:kl:pro] Saved 26,749 worker words
[w5:kl:pro] Searching "provx" | queue=146 | words=26749
[w5:kl:pro] Pacing 16s before "provx" (gap=15500ms)
[w5:kl:pro] Managed Turnstile token (len=816, 4297ms, remount)
[w5:kl:pro] [api] 200 mode=pro startsWith=provx
[w5:kl:pro] [api] 200 mode=pro startsWith=provx (328ms direct)
[w5:kl:pro] "provx" → 0 records, 0 words
[w5:kl:pro] "provx" branch complete
[w5:kl:pro] Saved 26,749 worker words; shared last.txt now 412,237
[w5:kl:pro] Searching "provy" | queue=145 | words=26749
[w5:kl:pro] Pacing 15s before "provy" (gap=15500ms)
[w5:kl:pro] Managed Turnstile token (len=816, 4808ms, remount)
[w5:kl:pro] heartbeat words=26749 queue=145 rotation=24 idle=7s
[w5:kl:pro] [api] 200 mode=pro startsWith=provy
[w5:kl:pro] [api] 200 mode=pro startsWith=provy (354ms direct)
[w5:kl:pro] "provy" → 0 records, 0 words
[w5:kl:pro] "provy" branch complete
[w5:kl:pro] Saved 26,749 worker words
[w5:kl:pro] Searching "provz" | queue=144 | words=26749
[w5:kl:pro] Pacing 15s before "provz" (gap=15500ms)
[w5:kl:pro] Managed Turnstile token (len=816, 4575ms, remount)
[w5:kl:pro] [api] 200 mode=pro startsWith=provz
[w5:kl:pro] [api] 200 mode=pro startsWith=provz (374ms direct)
[w5:kl:pro] "provz" → 0 records, 0 words
[w5:kl:pro] "provz" branch complete
[w5:kl:pro] Saved 26,749 worker words
[w5:kl:pro] Searching "psych" | queue=143 | words=26749
[w5:kl:pro] Pacing 16s before "psych" (gap=15500ms)
[w5:kl:pro] Managed Turnstile token (len=816, 5599ms, remount)
[w5:kl:pro] [api] 200 mode=pro startsWith=psych
[w5:kl:pro] [api] 200 mode=pro startsWith=psych (489ms direct)
[w5:kl:pro] "psych" → 100 records, 100 words (incl. exact "psych")
[w5:kl:pro] Pacing 15s before "psych" (gap=15500ms)
[w5:kl:pro] Managed Turnstile token (len=816, 8725ms, remount)
[w5:kl:pro] [api] 200 mode=pro startsWith=psych
[w5:kl:pro] [api] 200 mode=pro startsWith=psych sort=alphabetical:desc (538ms direct)
[w5:kl:pro] "psych" full page ends at "psychobabble" (next='o'); skip 21 covered groups → 7 children reverse Z→A ends at "psychopomps" (lo='o' hi='u'); skip 5 middle + 1 new words
[w5:kl:pro] Saved 26,750 worker words
[w5:kl:pro] Searching "psyct" | queue=149 | words=26750
[w5:kl:pro] Pacing 15s before "psyct" (gap=15500ms)
[w5:kl:pro] heartbeat words=26750 queue=149 rotation=24 idle=5s
[w5:kl:pro] Managed Turnstile token (len=816, 7559ms, remount)
[w5:kl:pro] [api] 200 mode=pro startsWith=psyct
[w5:kl:pro] [api] 200 mode=pro startsWith=psyct (463ms direct)
[w5:kl:pro] "psyct" → 1 records, 1 words
[w5:kl:pro] "psyct" branch complete
[w5:kl:pro] Saved 26,750 worker words
[w5:kl:pro] Searching "psycu" | queue=148 | words=26750
[w5:kl:pro] Pacing 15s before "psycu" (gap=15500ms)
[w5:kl:pro] Managed Turnstile token (len=816, 9831ms, remount)
[w5:kl:pro] [api] 200 mode=pro startsWith=psycu
[w5:kl:pro] [api] 200 mode=pro startsWith=psycu (394ms direct)
[w5:kl:pro] "psycu" → 0 records, 0 words
[w5:kl:pro] "psycu" branch complete
[w5:kl:pro] Saved 26,750 worker words
[w5:kl:pro] Searching "psycv" | queue=147 | words=26750
[w5:kl:pro] Pacing 15s before "psycv" (gap=15500ms)
[w5:kl:pro] Managed Turnstile token (len=816, 13408ms, remount)
[w5:kl:pro] [api] 200 mode=pro startsWith=psycv
[w5:kl:pro] [api] 200 mode=pro startsWith=psycv (372ms direct)
[w5:kl:pro] "psycv" → 0 records, 0 words
[w5:kl:pro] "psycv" branch complete
[w5:kl:pro] Saved 26,750 worker words
[w5:kl:pro] Searching "psycw" | queue=146 | words=26750
[w5:kl:pro] Pacing 15s before "psycw" (gap=15500ms)
[w5:kl:pro] Managed Turnstile token (len=816, 12537ms, remount)
[w5:kl:pro] [api] 200 mode=pro startsWith=psycw
[w5:kl:pro] [api] 200 mode=pro startsWith=psycw (773ms direct)
[w5:kl:pro] "psycw" → 0 records, 0 words
[w5:kl:pro] "psycw" branch complete
[w5:kl:pro] Saved 26,750 worker words
[w5:kl:pro] Searching "psycx" | queue=145 | words=26750
[w5:kl:pro] Pacing 15s before "psycx" (gap=15500ms)
[w5:kl:pro] heartbeat words=26750 queue=145 rotation=24 idle=3s
[w5:kl:pro] Managed Turnstile token (len=816, 14226ms, remount)
[w5:kl:pro] [api] 200 mode=pro startsWith=psycx
[w5:kl:pro] [api] 200 mode=pro startsWith=psycx (374ms direct)
[w5:kl:pro] "psycx" → 0 records, 0 words
[w5:kl:pro] "psycx" branch complete
[w5:kl:pro] Saved 26,750 worker words; shared last.txt now 413,162
[w5:kl:pro] Searching "psycy" | queue=144 | words=26750
[w5:kl:pro] Pacing 15s before "psycy" (gap=15500ms)
[w5:kl:pro] Managed Turnstile token (len=816, 4815ms, remount)
[w5:kl:pro] [api] 200 mode=pro startsWith=psycy
[w5:kl:pro] [api] 200 mode=pro startsWith=psycy (595ms direct)
[w5:kl:pro] "psycy" → 0 records, 0 words
[w5:kl:pro] "psycy" branch complete
[w5:kl:pro] Saved 26,750 worker words
[w5:kl:pro] Searching "psycz" | queue=143 | words=26750
[w5:kl:pro] Pacing 15s before "psycz" (gap=15500ms)
[w5:kl:pro] Managed Turnstile token (len=816, 6592ms, remount)
[w5:kl:pro] [api] 200 mode=pro startsWith=psycz
[w5:kl:pro] [api] 200 mode=pro startsWith=psycz (538ms direct)
[w5:kl:pro] "psycz" → 0 records, 0 words
[w5:kl:pro] "psycz" branch complete
[w5:kl:pro] Saved 26,750 worker words
[w5:kl:pro] Searching "ptero" | queue=142 | words=26750
[w5:kl:pro] Pacing 15s before "ptero" (gap=15500ms)
[w5:kl:pro] Managed Turnstile token (len=816, 7125ms, remount)
[w5:kl:pro] [api] 200 mode=pro startsWith=ptero
[w5:kl:pro] [api] 200 mode=pro startsWith=ptero (407ms direct)
[w5:kl:pro] "ptero" → 80 records, 80 words
[w5:kl:pro] "ptero" branch complete
[w5:kl:pro] Saved 26,777 worker words
[w5:kl:pro] Searching "pterp" | queue=141 | words=26777
[w5:kl:pro] Pacing 15s before "pterp" (gap=15500ms)
[w5:kl:pro] heartbeat words=26777 queue=141 rotation=24 idle=1s
[w5:kl:pro] Managed Turnstile token (len=816, 10118ms, remount)
[w5:kl:pro] [api] 200 mode=pro startsWith=pterp
[w5:kl:pro] [api] 200 mode=pro startsWith=pterp (928ms direct)
[w5:kl:pro] "pterp" → 0 records, 0 words
[w5:kl:pro] "pterp" branch complete
[w5:kl:pro] Saved 26,777 worker words
[w5:kl:pro] Searching "pterq" | queue=140 | words=26777
[w5:kl:pro] Pacing 14s before "pterq" (gap=15500ms)
[w5:kl:pro] Managed Turnstile token (len=816, 10499ms, remount)
[w5:kl:pro] [api] 429 mode=pro startsWith=pterq
[w5:kl:pro] [api] 429 mode=pro startsWith=pterq (493ms direct)
[w5:kl:pro] Learned server gap ≈ 15500ms (wait hint 2000ms)
[w5:kl:pro] Rate limited — inline wait 2000ms then retry "pterq"
[w5:kl:pro] Managed Turnstile token (len=816, 8301ms, remount)
[w5:kl:pro] [api] 200 mode=pro startsWith=pterq
[w5:kl:pro] [api] 200 mode=pro startsWith=pterq (591ms direct)
[w5:kl:pro] "pterq" → 0 records, 0 words
[w5:kl:pro] "pterq" branch complete
[w5:kl:pro] Saved 26,777 worker words
[w5:kl:pro] Searching "pterr" | queue=139 | words=26777
[w5:kl:pro] Pacing 15s before "pterr" (gap=15500ms)
[w5:kl:pro] Managed Turnstile miss (15092ms)
[w5:kl:pro] Failed "pterr" attempt 1: No Turnstile token for direct search
[w5:kl:pro] Saved 26,777 worker words
[w5:kl:pro] Turnstile miss — soft reload before rotate
[w5:kl:pro] heartbeat words=26777 queue=140 rotation=24 idle=21s
[w5:kl:pro] Turnstile token present (len=816)
[w5:kl:pro] Site Turnstile token (8953ms)
[w5:kl:pro] Searching "pterr" | queue=139 | words=26777
[w5:kl:pro] [api] 200 mode=pro startsWith=pterr
[w5:kl:pro] [api] 200 mode=pro startsWith=pterr (470ms direct)
[w5:kl:pro] "pterr" → 0 records, 0 words
[w5:kl:pro] "pterr" branch complete
[w5:kl:pro] Saved 26,777 worker words
[w5:kl:pro] Searching "pters" | queue=138 | words=26777
[w5:kl:pro] Pacing 15s before "pters" (gap=15500ms)
[w5:kl:pro] Managed Turnstile token (len=816, 3872ms, remount)
[w5:kl:pro] [api] 200 mode=pro startsWith=pters
[w5:kl:pro] [api] 200 mode=pro startsWith=pters (404ms direct)
[w5:kl:pro] "pters" → 0 records, 0 words
[w5:kl:pro] "pters" branch complete
[w5:kl:pro] Saved 26,777 worker words; shared last.txt now 413,448
[w5:kl:pro] Searching "ptert" | queue=137 | words=26777
[w5:kl:pro] Pacing 15s before "ptert" (gap=15500ms)
[w5:kl:pro] Managed Turnstile token (len=816, 5295ms, remount)
[w5:kl:pro] [api] 200 mode=pro startsWith=ptert
[w5:kl:pro] [api] 200 mode=pro startsWith=ptert (339ms direct)
[w5:kl:pro] "ptert" → 0 records, 0 words
[w5:kl:pro] "ptert" branch complete
[w5:kl:pro] Saved 26,777 worker words
[w5:kl:pro] Searching "pteru" | queue=136 | words=26777
[w5:kl:pro] Pacing 16s before "pteru" (gap=15500ms)
[w5:kl:pro] Managed Turnstile token (len=816, 4916ms, remount)
[w5:kl:pro] [api] 200 mode=pro startsWith=pteru
[w5:kl:pro] [api] 200 mode=pro startsWith=pteru (354ms direct)
[w5:kl:pro] "pteru" → 0 records, 0 words
[w5:kl:pro] "pteru" branch complete
[w5:kl:pro] Saved 26,777 worker words
[w5:kl:pro] Searching "pterv" | queue=135 | words=26777
[w5:kl:pro] Pacing 16s before "pterv" (gap=15500ms)
[w5:kl:pro] Managed Turnstile token (len=816, 6786ms, remount)
[w5:kl:pro] heartbeat words=26777 queue=135 rotation=24 idle=9s
[w5:kl:pro] [api] 200 mode=pro startsWith=pterv
[w5:kl:pro] [api] 200 mode=pro startsWith=pterv (491ms direct)
[w5:kl:pro] "pterv" → 0 records, 0 words
[w5:kl:pro] "pterv" branch complete
[w5:kl:pro] Saved 26,777 worker words
[w5:kl:pro] Searching "pterw" | queue=134 | words=26777
[w5:kl:pro] Pacing 15s before "pterw" (gap=15500ms)
[w5:kl:pro] Managed Turnstile miss (15151ms)
[w5:kl:pro] Failed "pterw" attempt 1: No Turnstile token for direct search
[w5:kl:pro] Saved 26,777 worker words
[w5:kl:pro] Turnstile miss — soft reload before rotate
[w5:kl:pro] Site Turnstile remint timed out (9858ms)
[w5:kl:pro] Soft reload mint failed — rotating immediately
[w5:kl:pro] Tor NEWNYM gen=28; waiting 8000ms
[w5:kl:pro] Tor ready on 19055 exit=192.42.116.17
[w5:kl:pro] Rotating IP (#25, try 1) after No Turnstile token for direct search → tor#26 socks5://127.0.0.1:19055
[w5:kl:pro] Launching persistent Chrome profile /tmp/lll-pw-w5-r25
[w5:kl:pro] Proxy tor#26 socks5://127.0.0.1:19055
[w5:kl:pro] Opening https://lastletterlibrary.com
[w5:kl:pro] Library mode=pro
[w5:kl:pro] Managed Turnstile token (len=816, 5260ms, remount)
[w5:kl:pro] Search mode=direct (skip UI Wait Ns… gate)
[w5:kl:pro] Cleaned 1 old rotated profile(s)
[w5:kl:pro] Searching "pterw" | queue=134 | words=26777
[w5:kl:pro] [api] 200 mode=pro startsWith=pterw
[w5:kl:pro] [api] 200 mode=pro startsWith=pterw (813ms direct)
[w5:kl:pro] "pterw" → 0 records, 0 words
[w5:kl:pro] "pterw" branch complete
[w5:kl:pro] Saved 26,777 worker words
[w5:kl:pro] Searching "pterx" | queue=133 | words=26777
[w5:kl:pro] Pacing 15s before "pterx" (gap=15500ms)
[w5:kl:pro] heartbeat words=26777 queue=133 rotation=25 idle=1s
[w5:kl:pro] Managed Turnstile token (len=816, 5246ms, remount)
[w5:kl:pro] [api] 200 mode=pro startsWith=pterx
[w5:kl:pro] [api] 200 mode=pro startsWith=pterx (483ms direct)
[w5:kl:pro] "pterx" → 0 records, 0 words
[w5:kl:pro] "pterx" branch complete
[w5:kl:pro] Saved 26,777 worker words
[w5:kl:pro] Searching "ptery" | queue=132 | words=26777
[w5:kl:pro] Pacing 15s before "ptery" (gap=15500ms)
[w5:kl:pro] Managed Turnstile token (len=816, 3704ms, remount)
[w5:kl:pro] [api] 200 mode=pro startsWith=ptery
[w5:kl:pro] [api] 200 mode=pro startsWith=ptery (474ms direct)
[w5:kl:pro] "ptery" → 43 records, 43 words
[w5:kl:pro] "ptery" branch complete
[w5:kl:pro] Saved 26,820 worker words
[w5:kl:pro] Searching "pterz" | queue=131 | words=26820
[w5:kl:pro] Pacing 15s before "pterz" (gap=15500ms)
[w5:kl:pro] Managed Turnstile token (len=816, 4031ms, remount)
[w5:kl:pro] [api] 200 mode=pro startsWith=pterz
[w5:kl:pro] [api] 200 mode=pro startsWith=pterz (492ms direct)
[w5:kl:pro] "pterz" → 0 records, 0 words
[w5:kl:pro] "pterz" branch complete
[w5:kl:pro] Saved 26,820 worker words; shared last.txt now 414,227
[w5:kl:pro] Searching "punct" | queue=130 | words=26820
[w5:kl:pro] Pacing 15s before "punct" (gap=15500ms)
[w5:kl:pro] Managed Turnstile token (len=816, 4117ms, remount)
[w5:kl:pro] heartbeat words=26820 queue=130 rotation=25 idle=15s
[w5:kl:pro] [api] 200 mode=pro startsWith=punct
[w5:kl:pro] [api] 200 mode=pro startsWith=punct (458ms direct)
[w5:kl:pro] "punct" → 71 records, 71 words (incl. exact "punct")
[w5:kl:pro] "punct" branch complete
[w5:kl:pro] Saved 26,820 worker words
[w5:kl:pro] Searching "puncu" | queue=129 | words=26820
[w5:kl:pro] Pacing 15s before "puncu" (gap=15500ms)
[w5:kl:pro] Managed Turnstile token (len=816, 4531ms, remount)
[w5:kl:pro] [api] 200 mode=pro startsWith=puncu
[w5:kl:pro] [api] 200 mode=pro startsWith=puncu (468ms direct)
[w5:kl:pro] "puncu" → 0 records, 0 words
[w5:kl:pro] "puncu" branch complete
[w5:kl:pro] Saved 26,820 worker words
[w5:kl:pro] Searching "puncv" | queue=128 | words=26820
[w5:kl:pro] Pacing 15s before "puncv" (gap=15500ms)
[w5:kl:pro] Managed Turnstile token (len=816, 4372ms, remount)
[w5:kl:pro] [api] 200 mode=pro startsWith=puncv
[w5:kl:pro] [api] 200 mode=pro startsWith=puncv (516ms direct)
[w5:kl:pro] "puncv" → 0 records, 0 words
[w5:kl:pro] "puncv" branch complete
[w5:kl:pro] Saved 26,820 worker words
[w5:kl:pro] Searching "puncw" | queue=127 | words=26820
[w5:kl:pro] Pacing 15s before "puncw" (gap=15500ms)
[w5:kl:pro] Managed Turnstile token (len=816, 5801ms, remount)
[w5:kl:pro] [api] 200 mode=pro startsWith=puncw
[w5:kl:pro] [api] 200 mode=pro startsWith=puncw (522ms direct)
[w5:kl:pro] "puncw" → 0 records, 0 words
[w5:kl:pro] "puncw" branch complete
[w5:kl:pro] Saved 26,820 worker words
[w5:kl:pro] Searching "puncx" | queue=126 | words=26820
[w5:kl:pro] Pacing 15s before "puncx" (gap=15500ms)
[w5:kl:pro] Managed Turnstile token (len=816, 8292ms, remount)
[w5:kl:pro] heartbeat words=26820 queue=126 rotation=25 idle=13s
[w5:kl:pro] [api] 200 mode=pro startsWith=puncx
[w5:kl:pro] [api] 200 mode=pro startsWith=puncx (469ms direct)
[w5:kl:pro] "puncx" → 0 records, 0 words
[w5:kl:pro] "puncx" branch complete
[w5:kl:pro] Saved 26,820 worker words
[w5:kl:pro] Searching "puncy" | queue=125 | words=26820
[w5:kl:pro] Pacing 15s before "puncy" (gap=15500ms)
[w5:kl:pro] Managed Turnstile token (len=816, 8015ms, remount)
[w5:kl:pro] [api] 200 mode=pro startsWith=puncy
[w5:kl:pro] [api] 200 mode=pro startsWith=puncy (452ms direct)
[w5:kl:pro] "puncy" → 0 records, 0 words
[w5:kl:pro] "puncy" branch complete
[w5:kl:pro] Saved 26,820 worker words
[w5:kl:pro] Searching "puncz" | queue=124 | words=26820
[w5:kl:pro] Pacing 15s before "puncz" (gap=15500ms)
[w5:kl:pro] Managed Turnstile token (len=816, 3998ms, remount)
[w5:kl:pro] [api] 200 mode=pro startsWith=puncz
[w5:kl:pro] [api] 200 mode=pro startsWith=puncz (498ms direct)
[w5:kl:pro] "puncz" → 0 records, 0 words
[w5:kl:pro] "puncz" branch complete
[w5:kl:pro] Saved 26,820 worker words
[w5:kl:pro] Searching "parall" | queue=123 | words=26820
[w5:kl:pro] Pacing 15s before "parall" (gap=15500ms)
[w5:kl:pro] Managed Turnstile token (len=816, 11082ms, remount)
[w5:kl:pro] [api] 200 mode=pro startsWith=parall
[w5:kl:pro] [api] 200 mode=pro startsWith=parall (649ms direct)
[w5:kl:pro] "parall" → 62 records, 62 words
[w5:kl:pro] "parall" branch complete
[w5:kl:pro] Saved 26,820 worker words; shared last.txt now 414,467
[w5:kl:pro] Searching "paraly" | queue=122 | words=26820
[w5:kl:pro] Pacing 15s before "paraly" (gap=15500ms)
[w5:kl:pro] Managed Turnstile token (len=816, 6000ms, remount)
[w5:kl:pro] heartbeat words=26820 queue=122 rotation=25 idle=11s
[w5:kl:pro] [api] 200 mode=pro startsWith=paraly
[w5:kl:pro] [api] 200 mode=pro startsWith=paraly (474ms direct)
[w5:kl:pro] "paraly" → 28 records, 28 words
[w5:kl:pro] "paraly" branch complete
[w5:kl:pro] Saved 26,820 worker words
[w5:kl:pro] Searching "paralz" | queue=121 | words=26820
[w5:kl:pro] Pacing 15s before "paralz" (gap=15500ms)
[w5:kl:pro] Managed Turnstile token (len=816, 8146ms, remount)
[w5:kl:pro] [api] 200 mode=pro startsWith=paralz
[w5:kl:pro] [api] 200 mode=pro startsWith=paralz (501ms direct)
[w5:kl:pro] "paralz" → 0 records, 0 words
[w5:kl:pro] "paralz" branch complete
[w5:kl:pro] Saved 26,820 worker words
[w5:kl:pro] Searching "peript" | queue=120 | words=26820
[w5:kl:pro] Pacing 15s before "peript" (gap=15500ms)
[w5:kl:pro] Managed Turnstile token (len=816, 13451ms, remount)
[w5:kl:pro] [api] 200 mode=pro startsWith=peript
[w5:kl:pro] [api] 200 mode=pro startsWith=peript (646ms direct)
[w5:kl:pro] "peript" → 8 records, 8 words
[w5:kl:pro] "peript" branch complete
[w5:kl:pro] Saved 26,827 worker words
[w5:kl:pro] Searching "peripu" | queue=119 | words=26827
[w5:kl:pro] Pacing 15s before "peripu" (gap=15500ms)
[w5:kl:pro] Managed Turnstile miss (15150ms)
[w5:kl:pro] Failed "peripu" attempt 1: No Turnstile token for direct search
[w5:kl:pro] Saved 26,827 worker words
[w5:kl:pro] Turnstile miss — soft reload before rotate
[w5:kl:pro] heartbeat words=26827 queue=120 rotation=25 idle=25s
[w5:kl:pro] Turnstile token present (len=816)
[w5:kl:pro] Site Turnstile token (11622ms)
[w5:kl:pro] Searching "peripu" | queue=119 | words=26827
[w5:kl:pro] [api] 200 mode=pro startsWith=peripu
[w5:kl:pro] [api] 200 mode=pro startsWith=peripu (501ms direct)
[w5:kl:pro] "peripu" → 0 records, 0 words
[w5:kl:pro] "peripu" branch complete
[w5:kl:pro] Saved 26,827 worker words
[w5:kl:pro] Searching "peripv" | queue=118 | words=26827
[w5:kl:pro] Pacing 15s before "peripv" (gap=15500ms)
[w5:kl:pro] Managed Turnstile token (len=816, 4352ms, remount)
[w5:kl:pro] [api] 200 mode=pro startsWith=peripv
[w5:kl:pro] [api] 200 mode=pro startsWith=peripv (500ms direct)
[w5:kl:pro] "peripv" → 0 records, 0 words
[w5:kl:pro] "peripv" branch complete
[w5:kl:pro] Saved 26,827 worker words
[w5:kl:pro] Searching "peripw" | queue=117 | words=26827
[w5:kl:pro] Pacing 15s before "peripw" (gap=15500ms)
[w5:kl:pro] Managed Turnstile token (len=816, 5125ms, remount)
[w5:kl:pro] [api] 200 mode=pro startsWith=peripw
[w5:kl:pro] [api] 200 mode=pro startsWith=peripw (462ms direct)
[w5:kl:pro] "peripw" → 0 records, 0 words
[w5:kl:pro] "peripw" branch complete
[w5:kl:pro] Saved 26,827 worker words
[w5:kl:pro] Searching "peripx" | queue=116 | words=26827
[w5:kl:pro] Pacing 15s before "peripx" (gap=15500ms)
[w5:kl:pro] Managed Turnstile token (len=816, 5948ms, remount)
[w5:kl:pro] [api] 200 mode=pro startsWith=peripx
[w5:kl:pro] [api] 200 mode=pro startsWith=peripx (488ms direct)
[w5:kl:pro] "peripx" → 0 records, 0 words
[w5:kl:pro] "peripx" branch complete
[w5:kl:pro] Saved 26,827 worker words; shared last.txt now 414,828
[w5:kl:pro] Searching "peripy" | queue=115 | words=26827
[w5:kl:pro] Pacing 14s before "peripy" (gap=15500ms)
[w5:kl:pro] heartbeat words=26827 queue=115 rotation=25 idle=7s
[w5:kl:pro] Managed Turnstile token (len=816, 9203ms, remount)
[w5:kl:pro] [api] 200 mode=pro startsWith=peripy
[w5:kl:pro] [api] 200 mode=pro startsWith=peripy (503ms direct)
[w5:kl:pro] "peripy" → 2 records, 2 words
[w5:kl:pro] "peripy" branch complete
[w5:kl:pro] Saved 26,829 worker words
[w5:kl:pro] Searching "peripz" | queue=114 | words=26829
[w5:kl:pro] Pacing 15s before "peripz" (gap=15500ms)
[w5:kl:pro] Managed Turnstile token (len=794, 6575ms, remount)
[w5:kl:pro] [api] 200 mode=pro startsWith=peripz
[w5:kl:pro] [api] 200 mode=pro startsWith=peripz (507ms direct)
[w5:kl:pro] "peripz" → 0 records, 0 words
[w5:kl:pro] "peripz" branch complete
[w5:kl:pro] Saved 26,829 worker words
[w5:kl:pro] Searching "petros" | queue=113 | words=26829
[w5:kl:pro] Pacing 15s before "petros" (gap=15500ms)
[w5:kl:pro] Managed Turnstile token (len=816, 8420ms, remount)
[w5:kl:pro] [api] 200 mode=pro startsWith=petros
[w5:kl:pro] [api] 200 mode=pro startsWith=petros (507ms direct)
[w5:kl:pro] "petros" → 17 records, 17 words
[w5:kl:pro] "petros" branch complete
[w5:kl:pro] Saved 26,844 worker words
[w5:kl:pro] Searching "petrot" | queue=112 | words=26844
[w5:kl:pro] Pacing 15s before "petrot" (gap=15500ms)
[w5:kl:pro] Managed Turnstile miss (15078ms)
[w5:kl:pro] Failed "petrot" attempt 1: No Turnstile token for direct search
[w5:kl:pro] Saved 26,844 worker words
[w5:kl:pro] Turnstile miss — soft reload before rotate
[w5:kl:pro] heartbeat words=26844 queue=113 rotation=25 idle=22s
[w5:kl:pro] Site Turnstile remint timed out (10431ms)
[w5:kl:pro] Soft reload mint failed — rotating immediately
[w5:kl:pro] Tor NEWNYM gen=29; waiting 8000ms
[w5:kl:pro] Tor ready on 19055 exit=192.42.116.103
[w5:kl:pro] Rotating IP (#26, try 1) after No Turnstile token for direct search → tor#27 socks5://127.0.0.1:19055
[w5:kl:pro] Launching persistent Chrome profile /tmp/lll-pw-w5-r26
[w5:kl:pro] Proxy tor#27 socks5://127.0.0.1:19055
[w5:kl:pro] Opening https://lastletterlibrary.com
[w5:kl:pro] Library mode=pro
[w5:kl:pro] Managed Turnstile token (len=816, 18734ms, remount)
[w5:kl:pro] Search mode=direct (skip UI Wait Ns… gate)
[w5:kl:pro] Cleaned 1 old rotated profile(s)
[w5:kl:pro] Searching "petrot" | queue=112 | words=26844
[w5:kl:pro] [api] 200 mode=pro startsWith=petrot
[w5:kl:pro] [api] 200 mode=pro startsWith=petrot (999ms direct)
[w5:kl:pro] "petrot" → 1 records, 1 words
[w5:kl:pro] "petrot" branch complete
[w5:kl:pro] Saved 26,845 worker words
[w5:kl:pro] Searching "petrou" | queue=111 | words=26845
[w5:kl:pro] Pacing 15s before "petrou" (gap=15500ms)
[w5:kl:pro] heartbeat words=26845 queue=111 rotation=26 idle=10s
[w5:kl:pro] Managed Turnstile token (len=816, 14143ms, remount)
[w5:kl:pro] [api] 200 mode=pro startsWith=petrou
[w5:kl:pro] [api] 200 mode=pro startsWith=petrou (904ms direct)
[w5:kl:pro] "petrou" → 1 records, 1 words
[w5:kl:pro] "petrou" branch complete
[w5:kl:pro] Saved 26,846 worker words
[w5:kl:pro] Searching "petrov" | queue=110 | words=26846
[w5:kl:pro] Pacing 15s before "petrov" (gap=15500ms)
[w5:kl:pro] Managed Turnstile miss (15061ms)
[w5:kl:pro] Failed "petrov" attempt 1: No Turnstile token for direct search
[w5:kl:pro] Saved 26,846 worker words
[w5:kl:pro] Turnstile miss — soft reload before rotate
[w5:kl:pro] Site Turnstile remint timed out (10398ms)
[w5:kl:pro] Soft reload mint failed — rotating immediately
[w5:kl:pro] Tor NEWNYM gen=30; waiting 8000ms
[w5:kl:pro] Tor ready on 19055 exit=192.42.116.109
[w5:kl:pro] Rotating IP (#27, try 1) after No Turnstile token for direct search → tor#28 socks5://127.0.0.1:19055
[w5:kl:pro] Launching persistent Chrome profile /tmp/lll-pw-w5-r27
[w5:kl:pro] Proxy tor#28 socks5://127.0.0.1:19055
[w5:kl:pro] Opening https://lastletterlibrary.com
[w5:kl:pro] Library mode=pro
[w5:kl:pro] Managed Turnstile token (len=816, 5720ms, remount)
[w5:kl:pro] Search mode=direct (skip UI Wait Ns… gate)
[w5:kl:pro] Cleaned 1 old rotated profile(s)
[w5:kl:pro] Searching "petrov" | queue=110 | words=26846
[w5:kl:pro] [api] 200 mode=pro startsWith=petrov
[w5:kl:pro] [api] 200 mode=pro startsWith=petrov (453ms direct)
[w5:kl:pro] "petrov" → 2 records, 2 words
[w5:kl:pro] "petrov" branch complete
[w5:kl:pro] Saved 26,848 worker words; shared last.txt now 415,134
[w5:kl:pro] Searching "petrow" | queue=109 | words=26848
[w5:kl:pro] Pacing 15s before "petrow" (gap=15500ms)
[w5:kl:pro] heartbeat words=26848 queue=109 rotation=27 idle=3s
[w5:kl:pro] Managed Turnstile token (len=816, 4987ms, remount)
[w5:kl:pro] [api] 200 mode=pro startsWith=petrow
[w5:kl:pro] [api] 200 mode=pro startsWith=petrow (506ms direct)
[w5:kl:pro] "petrow" → 0 records, 0 words
[w5:kl:pro] "petrow" branch complete
[w5:kl:pro] Saved 26,848 worker words
[w5:kl:pro] Searching "petrox" | queue=108 | words=26848
[w5:kl:pro] Pacing 15s before "petrox" (gap=15500ms)
[w5:kl:pro] Managed Turnstile token (len=816, 6493ms, remount)
[w5:kl:pro] [api] 200 mode=pro startsWith=petrox
[w5:kl:pro] [api] 200 mode=pro startsWith=petrox (556ms direct)
[w5:kl:pro] "petrox" → 1 records, 1 words
[w5:kl:pro] "petrox" branch complete
[w5:kl:pro] Saved 26,849 worker words
[w5:kl:pro] Searching "petroy" | queue=107 | words=26849
[w5:kl:pro] Pacing 15s before "petroy" (gap=15500ms)
[w5:kl:pro] Managed Turnstile token (len=816, 6342ms, remount)
[w5:kl:pro] [api] 200 mode=pro startsWith=petroy
[w5:kl:pro] [api] 200 mode=pro startsWith=petroy (497ms direct)
[w5:kl:pro] "petroy" → 0 records, 0 words
[w5:kl:pro] "petroy" branch complete
[w5:kl:pro] Saved 26,849 worker words
[w5:kl:pro] Searching "petroz" | queue=106 | words=26849
[w5:kl:pro] Pacing 15s before "petroz" (gap=15500ms)
[w5:kl:pro] Managed Turnstile token (len=794, 5208ms, remount)
[w5:kl:pro] [api] 200 mode=pro startsWith=petroz
[w5:kl:pro] [api] 200 mode=pro startsWith=petroz (493ms direct)
[w5:kl:pro] "petroz" → 0 records, 0 words
[w5:kl:pro] "petroz" branch complete
[w5:kl:pro] Saved 26,849 worker words
[w5:kl:pro] Searching "philon" | queue=105 | words=26849
[w5:kl:pro] Pacing 15s before "philon" (gap=15500ms)
[w5:kl:pro] heartbeat words=26849 queue=105 rotation=27 idle=2s
[w5:kl:pro] Managed Turnstile token (len=816, 6351ms, remount)
[w5:kl:pro] [api] 200 mode=pro startsWith=philon
[w5:kl:pro] [api] 200 mode=pro startsWith=philon (558ms direct)
[w5:kl:pro] "philon" → 9 records, 9 words
[w5:kl:pro] "philon" branch complete
[w5:kl:pro] Saved 26,850 worker words
[w5:kl:pro] Searching "philoo" | queue=104 | words=26850
[w5:kl:pro] Pacing 15s before "philoo" (gap=15500ms)
[w5:kl:pro] Managed Turnstile token (len=816, 5499ms, remount)
[w5:kl:pro] [api] 200 mode=pro startsWith=philoo
[w5:kl:pro] [api] 200 mode=pro startsWith=philoo (455ms direct)
[w5:kl:pro] "philoo" → 0 records, 0 words
[w5:kl:pro] "philoo" branch complete
[w5:kl:pro] Saved 26,850 worker words
[w5:kl:pro] Searching "philop" | queue=103 | words=26850
[w5:kl:pro] Pacing 15s before "philop" (gap=15500ms)
[w5:kl:pro] Managed Turnstile token (len=816, 5884ms, remount)
[w5:kl:pro] [api] 200 mode=pro startsWith=philop
[w5:kl:pro] [api] 200 mode=pro startsWith=philop (543ms direct)
[w5:kl:pro] "philop" → 26 records, 26 words
[w5:kl:pro] "philop" branch complete
[w5:kl:pro] Saved 26,860 worker words
[w5:kl:pro] Searching "philoz" | queue=102 | words=26860
[w5:kl:pro] Pacing 15s before "philoz" (gap=15500ms)
[w5:kl:pro] heartbeat words=26860 queue=102 rotation=27 idle=15s
[w5:kl:pro] Managed Turnstile miss (15304ms)
[w5:kl:pro] Failed "philoz" attempt 1: No Turnstile token for direct search
[w5:kl:pro] Saved 26,860 worker words; shared last.txt now 415,626
[w5:kl:pro] Turnstile miss — soft reload before rotate
[w5:kl:pro] Turnstile token present (len=816)
[w5:kl:pro] Site Turnstile token (9367ms)
[w5:kl:pro] Searching "philoz" | queue=102 | words=26860
[w5:kl:pro] [api] 200 mode=pro startsWith=philoz
[w5:kl:pro] [api] 200 mode=pro startsWith=philoz (587ms direct)
[w5:kl:pro] "philoz" → 3 records, 3 words
[w5:kl:pro] "philoz" branch complete
[w5:kl:pro] Saved 26,860 worker words
[w5:kl:pro] Searching "phosph" | queue=101 | words=26860
[w5:kl:pro] Pacing 15s before "phosph" (gap=15500ms)
[w5:kl:pro] Managed Turnstile token (len=816, 4474ms, remount)
[w5:kl:pro] [api] 200 mode=pro startsWith=phosph
[w5:kl:pro] [api] 200 mode=pro startsWith=phosph (501ms direct)
[w5:kl:pro] "phosph" → 100 records, 100 words
[w5:kl:pro] Pacing 15s before "phosph" (gap=15500ms)
[w5:kl:pro] Managed Turnstile token (len=816, 5068ms, remount)
[w5:kl:pro] [api] 200 mode=pro startsWith=phosph
[w5:kl:pro] [api] 200 mode=pro startsWith=phosph sort=alphabetical:desc (484ms direct)
[w5:kl:pro] "phosph" full page ends at "phosphomolybdate" (next='o'); skip 25 covered groups → 3 children reverse Z→A ends at "phosphor" (lo='o' hi='y'); skip 9 middle + 0 new words
[w5:kl:pro] Saved 26,860 worker words
[w5:kl:pro] Searching "phospi" | queue=103 | words=26860
[w5:kl:pro] Pacing 15s before "phospi" (gap=15500ms)
[w5:kl:pro] Managed Turnstile token (len=816, 4305ms, remount)
[w5:kl:pro] heartbeat words=26860 queue=103 rotation=27 idle=15s
[w5:kl:pro] [api] 200 mode=pro startsWith=phospi
[w5:kl:pro] [api] 200 mode=pro startsWith=phospi (597ms direct)
[w5:kl:pro] "phospi" → 0 records, 0 words
[w5:kl:pro] "phospi" branch complete
[w5:kl:pro] Saved 26,860 worker words
[w5:kl:pro] Searching "phospj" | queue=102 | words=26860
[w5:kl:pro] Pacing 15s before "phospj" (gap=15500ms)
[w5:kl:pro] Managed Turnstile token (len=816, 4211ms, remount)
[w5:kl:pro] [api] 200 mode=pro startsWith=phospj
[w5:kl:pro] [api] 200 mode=pro startsWith=phospj (589ms direct)
[w5:kl:pro] "phospj" → 0 records, 0 words
[w5:kl:pro] "phospj" branch complete
[w5:kl:pro] Saved 26,860 worker words
[w5:kl:pro] Searching "phospk" | queue=101 | words=26860
[w5:kl:pro] Pacing 15s before "phospk" (gap=15500ms)
[w5:kl:pro] Managed Turnstile token (len=816, 11839ms, remount)
[w5:kl:pro] [api] 200 mode=pro startsWith=phospk
[w5:kl:pro] [api] 200 mode=pro startsWith=phospk (476ms direct)
[w5:kl:pro] "phospk" → 0 records, 0 words
[w5:kl:pro] "phospk" branch complete
[w5:kl:pro] Saved 26,860 worker words
[w5:kl:pro] Searching "phospl" | queue=100 | words=26860
[w5:kl:pro] Pacing 15s before "phospl" (gap=15500ms)
[w5:kl:pro] Managed Turnstile miss (15150ms)
[w5:kl:pro] Failed "phospl" attempt 1: No Turnstile token for direct search
[w5:kl:pro] Saved 26,860 worker words
[w5:kl:pro] Turnstile miss — soft reload before rotate
[w5:kl:pro] Turnstile token present (len=816)
[w5:kl:pro] Site Turnstile token (6397ms)
[w5:kl:pro] Searching "phospl" | queue=100 | words=26860
[w5:kl:pro] [api] 200 mode=pro startsWith=phospl
[w5:kl:pro] [api] 200 mode=pro startsWith=phospl (616ms direct)
[w5:kl:pro] "phospl" → 0 records, 0 words
[w5:kl:pro] "phospl" branch complete
[w5:kl:pro] Saved 26,860 worker words
[w5:kl:pro] Searching "phospm" | queue=99 | words=26860
[w5:kl:pro] Pacing 15s before "phospm" (gap=15500ms)
[w5:kl:pro] heartbeat words=26860 queue=99 rotation=27 idle=4s
[w5:kl:pro] Managed Turnstile token (len=816, 5883ms, remount)
[w5:kl:pro] [api] 200 mode=pro startsWith=phospm
[w5:kl:pro] [api] 200 mode=pro startsWith=phospm (479ms direct)
[w5:kl:pro] "phospm" → 0 records, 0 words
[w5:kl:pro] "phospm" branch complete
[w5:kl:pro] Saved 26,860 worker words; shared last.txt now 415,886
[w5:kl:pro] Searching "phospn" | queue=98 | words=26860
[w5:kl:pro] Pacing 14s before "phospn" (gap=15500ms)
[w5:kl:pro] Managed Turnstile token (len=816, 9313ms, remount)
[w5:kl:pro] [api] 200 mode=pro startsWith=phospn
[w5:kl:pro] [api] 200 mode=pro startsWith=phospn (526ms direct)
[w5:kl:pro] "phospn" → 0 records, 0 words
[w5:kl:pro] "phospn" branch complete
[w5:kl:pro] Saved 26,860 worker words
[w5:kl:pro] Searching "phospo" | queue=97 | words=26860
[w5:kl:pro] Pacing 15s before "phospo" (gap=15500ms)
[w5:kl:pro] Managed Turnstile miss (15162ms)
[w5:kl:pro] Failed "phospo" attempt 1: No Turnstile token for direct search
[w5:kl:pro] Saved 26,860 worker words
[w5:kl:pro] Turnstile miss — soft reload before rotate
[w5:kl:pro] Turnstile token present (len=816)
[w5:kl:pro] Site Turnstile token (5446ms)
[w5:kl:pro] Searching "phospo" | queue=97 | words=26860
[w5:kl:pro] [api] 200 mode=pro startsWith=phospo
[w5:kl:pro] [api] 200 mode=pro startsWith=phospo (445ms direct)
[w5:kl:pro] "phospo" → 0 records, 0 words
[w5:kl:pro] "phospo" branch complete
[w5:kl:pro] Saved 26,860 worker words
[w5:kl:pro] Searching "phospp" | queue=96 | words=26860
[w5:kl:pro] Pacing 15s before "phospp" (gap=15500ms)
[w5:kl:pro] Managed Turnstile token (len=816, 3523ms, remount)
[w5:kl:pro] heartbeat words=26860 queue=96 rotation=27 idle=10s
[w5:kl:pro] [api] 200 mode=pro startsWith=phospp
[w5:kl:pro] [api] 200 mode=pro startsWith=phospp (522ms direct)
[w5:kl:pro] "phospp" → 0 records, 0 words
[w5:kl:pro] "phospp" branch complete
[w5:kl:pro] Saved 26,860 worker words
[w5:kl:pro] Searching "phospq" | queue=95 | words=26860
[w5:kl:pro] Pacing 15s before "phospq" (gap=15500ms)
[w5:kl:pro] Managed Turnstile token (len=816, 6077ms, remount)
[w5:kl:pro] [api] 200 mode=pro startsWith=phospq
[w5:kl:pro] [api] 200 mode=pro startsWith=phospq (467ms direct)
[w5:kl:pro] "phospq" → 0 records, 0 words
[w5:kl:pro] "phospq" branch complete
[w5:kl:pro] Saved 26,860 worker words
[w5:kl:pro] Searching "phospr" | queue=94 | words=26860
[w5:kl:pro] Pacing 15s before "phospr" (gap=15500ms)
[w5:kl:pro] Managed Turnstile token (len=816, 6583ms, remount)
[w5:kl:pro] [api] 200 mode=pro startsWith=phospr
[w5:kl:pro] [api] 200 mode=pro startsWith=phospr (479ms direct)
[w5:kl:pro] "phospr" → 0 records, 0 words
[w5:kl:pro] "phospr" branch complete
[w5:kl:pro] Saved 26,860 worker words
[w5:kl:pro] Searching "phosps" | queue=93 | words=26860
[w5:kl:pro] Pacing 15s before "phosps" (gap=15500ms)
[w5:kl:pro] Managed Turnstile token (len=816, 13288ms, remount)
[w5:kl:pro] [api] 200 mode=pro startsWith=phosps
[w5:kl:pro] [api] 200 mode=pro startsWith=phosps (578ms direct)
[w5:kl:pro] "phosps" → 0 records, 0 words
[w5:kl:pro] "phosps" branch complete
[w5:kl:pro] Saved 26,860 worker words
[w5:kl:pro] Searching "phospt" | queue=92 | words=26860
[w5:kl:pro] Pacing 15s before "phospt" (gap=15500ms)
[w5:kl:pro] heartbeat words=26860 queue=92 rotation=27 idle=8s
[w5:kl:pro] Managed Turnstile token (len=816, 13819ms, remount)
[w5:kl:pro] [api] 200 mode=pro startsWith=phospt
[w5:kl:pro] [api] 200 mode=pro startsWith=phospt (454ms direct)
[w5:kl:pro] "phospt" → 0 records, 0 words
[w5:kl:pro] "phospt" branch complete
[w5:kl:pro] Saved 26,860 worker words; shared last.txt now 416,188
[w5:kl:pro] Searching "phospu" | queue=91 | words=26860
[w5:kl:pro] Pacing 15s before "phospu" (gap=15500ms)
[w5:kl:pro] Managed Turnstile token (len=816, 4870ms, remount)
[w5:kl:pro] [api] 200 mode=pro startsWith=phospu
[w5:kl:pro] [api] 200 mode=pro startsWith=phospu (534ms direct)
[w5:kl:pro] "phospu" → 0 records, 0 words
[w5:kl:pro] "phospu" branch complete
[w5:kl:pro] Saved 26,860 worker words
[w5:kl:pro] Searching "phospv" | queue=90 | words=26860
[w5:kl:pro] Pacing 15s before "phospv" (gap=15500ms)
[w5:kl:pro] Managed Turnstile token (len=816, 9277ms, remount)
[w5:kl:pro] [api] 200 mode=pro startsWith=phospv
[w5:kl:pro] [api] 200 mode=pro startsWith=phospv (536ms direct)
[w5:kl:pro] "phospv" → 0 records, 0 words
[w5:kl:pro] "phospv" branch complete
[w5:kl:pro] Saved 26,860 worker words
[w5:kl:pro] Searching "phospw" | queue=89 | words=26860
[w5:kl:pro] Pacing 15s before "phospw" (gap=15500ms)
[w5:kl:pro] Managed Turnstile token (len=816, 10727ms, remount)
[w5:kl:pro] [api] 200 mode=pro startsWith=phospw
[w5:kl:pro] [api] 200 mode=pro startsWith=phospw (535ms direct)
[w5:kl:pro] "phospw" → 0 records, 0 words
[w5:kl:pro] "phospw" branch complete
[w5:kl:pro] Saved 26,860 worker words
[w5:kl:pro] Searching "phospx" | queue=88 | words=26860
[w5:kl:pro] Pacing 15s before "phospx" (gap=15500ms)
[w5:kl:pro] heartbeat words=26860 queue=88 rotation=27 idle=6s
[w5:kl:pro] Managed Turnstile miss (15118ms)
[w5:kl:pro] Failed "phospx" attempt 1: No Turnstile token for direct search
[w5:kl:pro] Saved 26,860 worker words
[w5:kl:pro] Turnstile miss — soft reload before rotate
[w5:kl:pro] Managed Turnstile token (len=816, 4277ms, remount)
[w5:kl:pro] Searching "phospx" | queue=88 | words=26860
[w5:kl:pro] [api] 200 mode=pro startsWith=phospx
[w5:kl:pro] [api] 200 mode=pro startsWith=phospx (589ms direct)
[w5:kl:pro] "phospx" → 0 records, 0 words
[w5:kl:pro] "phospx" branch complete
[w5:kl:pro] Saved 26,860 worker words
[w5:kl:pro] Searching "phospy" | queue=87 | words=26860
[w5:kl:pro] Pacing 15s before "phospy" (gap=15500ms)
[w5:kl:pro] Managed Turnstile token (len=816, 4550ms, remount)
[w5:kl:pro] [api] 200 mode=pro startsWith=phospy
[w5:kl:pro] [api] 200 mode=pro startsWith=phospy (680ms direct)
[w5:kl:pro] "phospy" → 0 records, 0 words
[w5:kl:pro] "phospy" branch complete
[w5:kl:pro] Saved 26,860 worker words
[w5:kl:pro] Searching "phospz" | queue=86 | words=26860
[w5:kl:pro] Pacing 15s before "phospz" (gap=15500ms)
[w5:kl:pro] Managed Turnstile token (len=816, 8094ms, remount)
[w5:kl:pro] [api] 200 mode=pro startsWith=phospz
[w5:kl:pro] [api] 200 mode=pro startsWith=phospz (468ms direct)
[w5:kl:pro] "phospz" → 0 records, 0 words
[w5:kl:pro] "phospz" branch complete
[w5:kl:pro] Saved 26,860 worker words
[w5:kl:pro] Searching "plastr" | queue=85 | words=26860
[w5:kl:pro] Pacing 15s before "plastr" (gap=15500ms)
[w5:kl:pro] Managed Turnstile token (len=816, 8885ms, remount)
[w5:kl:pro] heartbeat words=26860 queue=85 rotation=27 idle=13s
[w5:kl:pro] [api] 200 mode=pro startsWith=plastr
[w5:kl:pro] [api] 200 mode=pro startsWith=plastr (645ms direct)
[w5:kl:pro] "plastr" → 5 records, 5 words
[w5:kl:pro] "plastr" branch complete
[w5:kl:pro] Saved 26,860 worker words; shared last.txt now 416,710
[w5:kl:pro] Searching "plasts" | queue=84 | words=26860
[w5:kl:pro] Pacing 8s before "plasts" (gap=15500ms)
[w5:kl:pro] Managed Turnstile miss (15504ms)
[w5:kl:pro] Failed "plasts" attempt 1: No Turnstile token for direct search
[w5:kl:pro] Saved 26,860 worker words
[w5:kl:pro] Turnstile miss — soft reload before rotate
[w5:kl:pro] Turnstile token present (len=816)
[w5:kl:pro] Site Turnstile token (11812ms)
[w5:kl:pro] Searching "plasts" | queue=84 | words=26860
[w5:kl:pro] [api] 200 mode=pro startsWith=plasts
[w5:kl:pro] [api] 200 mode=pro startsWith=plasts (667ms direct)
[w5:kl:pro] "plasts" → 0 records, 0 words
[w5:kl:pro] "plasts" branch complete
[w5:kl:pro] Saved 26,860 worker words
[w5:kl:pro] Searching "plastt" | queue=83 | words=26860
[w5:kl:pro] Pacing 15s before "plastt" (gap=15500ms)
[w5:kl:pro] Managed Turnstile token (len=816, 4307ms, remount)
[w5:kl:pro] [api] 200 mode=pro startsWith=plastt
[w5:kl:pro] [api] 200 mode=pro startsWith=plastt (482ms direct)
[w5:kl:pro] "plastt" → 0 records, 0 words
[w5:kl:pro] "plastt" branch complete
[w5:kl:pro] Saved 26,860 worker words
[w5:kl:pro] Searching "plastu" | queue=82 | words=26860
[w5:kl:pro] Pacing 15s before "plastu" (gap=15500ms)
[w5:kl:pro] Managed Turnstile token (len=816, 5040ms, remount)
[w5:kl:pro] heartbeat words=26860 queue=82 rotation=27 idle=11s
[w5:kl:pro] [api] 200 mode=pro startsWith=plastu
[w5:kl:pro] [api] 200 mode=pro startsWith=plastu (495ms direct)
[w5:kl:pro] "plastu" → 0 records, 0 words
[w5:kl:pro] "plastu" branch complete
[w5:kl:pro] Saved 26,860 worker words
[w5:kl:pro] Searching "plastv" | queue=81 | words=26860
[w5:kl:pro] Pacing 15s before "plastv" (gap=15500ms)
[w5:kl:pro] Managed Turnstile miss (15238ms)
[w5:kl:pro] Failed "plastv" attempt 1: No Turnstile token for direct search
[w5:kl:pro] Saved 26,860 worker words
[w5:kl:pro] Turnstile miss — soft reload before rotate
[w5:kl:pro] Site Turnstile remint timed out (9928ms)
[w5:kl:pro] Soft reload mint failed — rotating immediately
[w5:kl:pro] Tor NEWNYM gen=31; waiting 8000ms
[w5:kl:pro] Tor ready on 19055 exit=185.220.101.10
[w5:kl:pro] Rotating IP (#28, try 1) after No Turnstile token for direct search → tor#29 socks5://127.0.0.1:19055
[w5:kl:pro] Launching persistent Chrome profile /tmp/lll-pw-w5-r28
[w5:kl:pro] Proxy tor#29 socks5://127.0.0.1:19055
[w5:kl:pro] Opening https://lastletterlibrary.com
[w5:kl:pro] Library mode=pro
[w5:kl:pro] heartbeat words=26860 queue=82 rotation=28 idle=56s
[w5:kl:pro] Site Turnstile remint timed out (23987ms)
[w5:kl:pro] Search mode=direct (skip UI Wait Ns… gate)
[w5:kl:pro] Cleaned 1 old rotated profile(s)
[w5:kl:pro] Searching "plastv" | queue=81 | words=26860
[w5:kl:pro] Managed Turnstile miss (15070ms)
[w5:kl:pro] Failed "plastv" attempt 1: No Turnstile token for direct search
[w5:kl:pro] Saved 26,860 worker words
[w5:kl:pro] Turnstile miss — soft reload before rotate
[w5:kl:pro] Site Turnstile remint timed out (9743ms)
[w5:kl:pro] Soft reload mint failed — rotating immediately
[w5:kl:pro] Tor NEWNYM gen=32; waiting 8000ms
[w5:kl:pro] Tor ready on 19055 exit=171.25.193.46
[w5:kl:pro] Rotating IP (#29, try 1) after No Turnstile token for direct search → tor#30 socks5://127.0.0.1:19055
[w5:kl:pro] Launching persistent Chrome profile /tmp/lll-pw-w5-r29
[w5:kl:pro] Proxy tor#30 socks5://127.0.0.1:19055
[w5:kl:pro] Opening https://lastletterlibrary.com
[w5:kl:pro] Library mode=pro
[w5:kl:pro] heartbeat words=26860 queue=82 rotation=29 idle=116s
[w5:kl:pro] Turnstile token present (len=837)
[w5:kl:pro] Site Turnstile token (20233ms)
[w5:kl:pro] Search mode=direct (skip UI Wait Ns… gate)
[w5:kl:pro] Cleaned 1 old rotated profile(s)
[w5:kl:pro] Searching "plastv" | queue=81 | words=26860
[w5:kl:pro] [api] 200 mode=pro startsWith=plastv
[w5:kl:pro] [api] 200 mode=pro startsWith=plastv (576ms direct)
[w5:kl:pro] "plastv" → 0 records, 0 words
[w5:kl:pro] "plastv" branch complete
[w5:kl:pro] Saved 26,860 worker words
[w5:kl:pro] Searching "plastw" | queue=80 | words=26860
[w5:kl:pro] Pacing 15s before "plastw" (gap=15500ms)
[w5:kl:pro] Managed Turnstile miss (15140ms)
[w5:kl:pro] Failed "plastw" attempt 1: No Turnstile token for direct search
[w5:kl:pro] Saved 26,860 worker words; shared last.txt now 417,303
[w5:kl:pro] Turnstile miss — soft reload before rotate
[w5:kl:pro] Site Turnstile remint timed out (9442ms)
[w5:kl:pro] Soft reload mint failed — rotating immediately
[w5:kl:pro] Tor NEWNYM gen=33; waiting 8000ms
[w5:kl:pro] heartbeat words=26860 queue=81 rotation=30 idle=41s
[w5:kl:pro] Tor ready on 19055 exit=185.220.101.34
[w5:kl:pro] Rotating IP (#30, try 1) after No Turnstile token for direct search → tor#31 socks5://127.0.0.1:19055
[w5:kl:pro] Launching persistent Chrome profile /tmp/lll-pw-w5-r30
[w5:kl:pro] Proxy tor#31 socks5://127.0.0.1:19055
[w5:kl:pro] Opening https://lastletterlibrary.com
[w5:kl:pro] Library mode=pro
[w5:kl:pro] Site Turnstile remint timed out (23035ms)
[w5:kl:pro] Search mode=direct (skip UI Wait Ns… gate)
[w5:kl:pro] Cleaned 1 old rotated profile(s)
[w5:kl:pro] Searching "plastw" | queue=80 | words=26860
[w5:kl:pro] Managed Turnstile miss (15147ms)
[w5:kl:pro] Failed "plastw" attempt 1: No Turnstile token for direct search
[w5:kl:pro] Saved 26,860 worker words
[w5:kl:pro] Turnstile miss — soft reload before rotate
[w5:kl:pro] heartbeat words=26860 queue=81 rotation=30 idle=101s
[w5:kl:pro] Site Turnstile remint timed out (9389ms)
[w5:kl:pro] Soft reload mint failed — rotating immediately
[w5:kl:pro] Tor NEWNYM gen=34; waiting 8000ms
[w5:kl:pro] Tor ready on 19055 exit=192.42.116.59
[w5:kl:pro] Rotating IP (#31, try 1) after No Turnstile token for direct search → tor#32 socks5://127.0.0.1:19055
[w5:kl:pro] Launching persistent Chrome profile /tmp/lll-pw-w5-r31
[w5:kl:pro] Proxy tor#32 socks5://127.0.0.1:19055
[w5:kl:pro] Opening https://lastletterlibrary.com
[w5:kl:pro] Library mode=pro
[w5:kl:pro] Managed Turnstile token (len=816, 4452ms, remount)
[w5:kl:pro] Search mode=direct (skip UI Wait Ns… gate)
[w5:kl:pro] Cleaned 1 old rotated profile(s)
[w5:kl:pro] Searching "plastw" | queue=80 | words=26860
[w5:kl:pro] [api] 200 mode=pro startsWith=plastw
[w5:kl:pro] [api] 200 mode=pro startsWith=plastw (566ms direct)
[w5:kl:pro] "plastw" → 0 records, 0 words
[w5:kl:pro] "plastw" branch complete
[w5:kl:pro] Saved 26,860 worker words
[w5:kl:pro] Searching "plastx" | queue=79 | words=26860
[w5:kl:pro] Pacing 15s before "plastx" (gap=15500ms)
[w5:kl:pro] Managed Turnstile token (len=816, 3496ms, remount)
[w5:kl:pro] [api] 200 mode=pro startsWith=plastx
[w5:kl:pro] [api] 200 mode=pro startsWith=plastx (556ms direct)
[w5:kl:pro] "plastx" → 0 records, 0 words
[w5:kl:pro] "plastx" branch complete
[w5:kl:pro] Saved 26,860 worker words
[w5:kl:pro] Searching "plasty" | queue=78 | words=26860
[w5:kl:pro] Pacing 15s before "plasty" (gap=15500ms)
[w5:kl:pro] Managed Turnstile token (len=816, 5301ms, remount)
[w5:kl:pro] [api] 200 mode=pro startsWith=plasty
[w5:kl:pro] [api] 200 mode=pro startsWith=plasty (457ms direct)
[w5:kl:pro] "plasty" → 0 records, 0 words
[w5:kl:pro] "plasty" branch complete
[w5:kl:pro] Saved 26,860 worker words
[w5:kl:pro] Searching "plastz" | queue=77 | words=26860
[w5:kl:pro] Pacing 15s before "plastz" (gap=15500ms)
[w5:kl:pro] Managed Turnstile token (len=816, 3742ms, remount)
[w5:kl:pro] heartbeat words=26860 queue=77 rotation=31 idle=6s
[w5:kl:pro] [api] 200 mode=pro startsWith=plastz
[w5:kl:pro] [api] 200 mode=pro startsWith=plastz (486ms direct)
[w5:kl:pro] "plastz" → 0 records, 0 words
[w5:kl:pro] "plastz" branch complete
[w5:kl:pro] Saved 26,860 worker words
[w5:kl:pro] Searching "polycy" | queue=76 | words=26860
[w5:kl:pro] Pacing 15s before "polycy" (gap=15500ms)
[w5:kl:pro] Managed Turnstile token (len=816, 5792ms, remount)
[w5:kl:pro] [api] 200 mode=pro startsWith=polycy
[w5:kl:pro] [api] 200 mode=pro startsWith=polycy (627ms direct)
[w5:kl:pro] "polycy" → 13 records, 13 words
[w5:kl:pro] "polycy" branch complete
[w5:kl:pro] Saved 26,860 worker words
[w5:kl:pro] Searching "polycz" | queue=75 | words=26860
[w5:kl:pro] Pacing 15s before "polycz" (gap=15500ms)
[w5:kl:pro] Managed Turnstile token (len=816, 6236ms, remount)
[w5:kl:pro] [api] 200 mode=pro startsWith=polycz
[w5:kl:pro] [api] 200 mode=pro startsWith=polycz (474ms direct)
[w5:kl:pro] "polycz" → 0 records, 0 words
[w5:kl:pro] "polycz" branch complete
[w5:kl:pro] Saved 26,860 worker words
[w5:kl:pro] Searching "polygo" | queue=74 | words=26860
[w5:kl:pro] Pacing 15s before "polygo" (gap=15500ms)
[w5:kl:pro] Managed Turnstile token (len=816, 7983ms, remount)
[w5:kl:pro] [api] 200 mode=pro startsWith=polygo
[w5:kl:pro] [api] 200 mode=pro startsWith=polygo (593ms direct)
[w5:kl:pro] "polygo" → 24 records, 24 words
[w5:kl:pro] "polygo" branch complete
[w5:kl:pro] Saved 26,863 worker words; shared last.txt now 417,649
[w5:kl:pro] Searching "polygp" | queue=73 | words=26863
[w5:kl:pro] Pacing 13s before "polygp" (gap=15500ms)
[w5:kl:pro] heartbeat words=26863 queue=73 rotation=31 idle=2s
[w5:kl:pro] Managed Turnstile token (len=816, 11929ms, remount)
[w5:kl:pro] [api] 429 mode=pro startsWith=polygp
[w5:kl:pro] [api] 429 mode=pro startsWith=polygp (540ms direct)
[w5:kl:pro] Learned server gap ≈ 15500ms (wait hint 2000ms)
[w5:kl:pro] Rate limited — inline wait 2000ms then retry "polygp"
[w5:kl:pro] Managed Turnstile miss (15037ms)
[w5:kl:pro] Failed "polygp" attempt 1: No Turnstile token for direct search
[w5:kl:pro] Saved 26,863 worker words
[w5:kl:pro] Turnstile miss — soft reload before rotate
[w5:kl:pro] Managed Turnstile token (len=816, 4979ms, remount)
[w5:kl:pro] Searching "polygp" | queue=73 | words=26863
[w5:kl:pro] [api] 200 mode=pro startsWith=polygp
[w5:kl:pro] [api] 200 mode=pro startsWith=polygp (483ms direct)
[w5:kl:pro] "polygp" → 0 records, 0 words
[w5:kl:pro] "polygp" branch complete
[w5:kl:pro] Saved 26,863 worker words
[w5:kl:pro] Searching "polygq" | queue=72 | words=26863
[w5:kl:pro] Pacing 15s before "polygq" (gap=15500ms)
[w5:kl:pro] Managed Turnstile token (len=816, 9091ms, remount)
[w5:kl:pro] [api] 200 mode=pro startsWith=polygq
[w5:kl:pro] [api] 200 mode=pro startsWith=polygq (491ms direct)
[w5:kl:pro] "polygq" → 0 records, 0 words
[w5:kl:pro] "polygq" branch complete
[w5:kl:pro] Saved 26,863 worker words
[w5:kl:pro] Searching "polygr" | queue=71 | words=26863
[w5:kl:pro] Pacing 15s before "polygr" (gap=15500ms)
[w5:kl:pro] Managed Turnstile token (len=816, 8665ms, remount)
[w5:kl:pro] heartbeat words=26863 queue=71 rotation=31 idle=11s
[w5:kl:pro] [api] 200 mode=pro startsWith=polygr
[w5:kl:pro] [api] 200 mode=pro startsWith=polygr (510ms direct)
[w5:kl:pro] "polygr" → 16 records, 16 words
[w5:kl:pro] "polygr" branch complete
[w5:kl:pro] Saved 26,879 worker words
[w5:kl:pro] Searching "polygs" | queue=70 | words=26879
[w5:kl:pro] Pacing 15s before "polygs" (gap=15500ms)
[w5:kl:pro] Managed Turnstile miss (15223ms)
[w5:kl:pro] Failed "polygs" attempt 1: No Turnstile token for direct search
[w5:kl:pro] Saved 26,879 worker words
[w5:kl:pro] Turnstile miss — soft reload before rotate
[w5:kl:pro] Turnstile token present (len=816)
[w5:kl:pro] Site Turnstile token (11821ms)
[w5:kl:pro] Searching "polygs" | queue=70 | words=26879
[w5:kl:pro] [api] 200 mode=pro startsWith=polygs
[w5:kl:pro] [api] 200 mode=pro startsWith=polygs (500ms direct)
[w5:kl:pro] "polygs" → 0 records, 0 words
[w5:kl:pro] "polygs" branch complete
[w5:kl:pro] Saved 26,879 worker words
[w5:kl:pro] Searching "polygt" | queue=69 | words=26879
[w5:kl:pro] Pacing 15s before "polygt" (gap=15500ms)
[w5:kl:pro] Managed Turnstile token (len=816, 3838ms, remount)
[w5:kl:pro] [api] 200 mode=pro startsWith=polygt
[w5:kl:pro] [api] 200 mode=pro startsWith=polygt (455ms direct)
[w5:kl:pro] "polygt" → 0 records, 0 words
[w5:kl:pro] "polygt" branch complete
[w5:kl:pro] Saved 26,879 worker words
[w5:kl:pro] Searching "polygu" | queue=68 | words=26879
[w5:kl:pro] Pacing 15s before "polygu" (gap=15500ms)
[w5:kl:pro] Managed Turnstile token (len=816, 5189ms, remount)
[w5:kl:pro] heartbeat words=26879 queue=68 rotation=31 idle=10s
[w5:kl:pro] [api] 200 mode=pro startsWith=polygu
[w5:kl:pro] [api] 200 mode=pro startsWith=polygu (469ms direct)
[w5:kl:pro] "polygu" → 0 records, 0 words
[w5:kl:pro] "polygu" branch complete
[w5:kl:pro] Saved 26,879 worker words; shared last.txt now 417,923
[w5:kl:pro] Searching "polygv" | queue=67 | words=26879
[w5:kl:pro] Pacing 15s before "polygv" (gap=15500ms)
[w5:kl:pro] Managed Turnstile miss (15057ms)
[w5:kl:pro] Failed "polygv" attempt 1: No Turnstile token for direct search
[w5:kl:pro] Saved 26,879 worker words
[w5:kl:pro] Turnstile miss — soft reload before rotate
[w5:kl:pro] Turnstile token present (len=816)
[w5:kl:pro] Site Turnstile token (6929ms)
[w5:kl:pro] Searching "polygv" | queue=67 | words=26879
[w5:kl:pro] [api] 200 mode=pro startsWith=polygv
[w5:kl:pro] [api] 200 mode=pro startsWith=polygv (417ms direct)
[w5:kl:pro] "polygv" → 0 records, 0 words
[w5:kl:pro] "polygv" branch complete
[w5:kl:pro] Saved 26,879 worker words
[w5:kl:pro] Searching "polygw" | queue=66 | words=26879
[w5:kl:pro] Pacing 15s before "polygw" (gap=15500ms)
[w5:kl:pro] Managed Turnstile token (len=816, 4822ms, remount)
[w5:kl:pro] [api] 200 mode=pro startsWith=polygw
[w5:kl:pro] [api] 200 mode=pro startsWith=polygw (476ms direct)
[w5:kl:pro] "polygw" → 0 records, 0 words
[w5:kl:pro] "polygw" branch complete
[w5:kl:pro] Saved 26,879 worker words
[w5:kl:pro] Searching "polygx" | queue=65 | words=26879
[w5:kl:pro] Pacing 15s before "polygx" (gap=15500ms)
[w5:kl:pro] Managed Turnstile token (len=816, 5789ms, remount)
[w5:kl:pro] heartbeat words=26879 queue=65 rotation=31 idle=15s
[w5:kl:pro] [api] 200 mode=pro startsWith=polygx
[w5:kl:pro] [api] 200 mode=pro startsWith=polygx (551ms direct)
[w5:kl:pro] "polygx" → 0 records, 0 words
[w5:kl:pro] "polygx" branch complete
[w5:kl:pro] Saved 26,879 worker words
[w5:kl:pro] Searching "polygy" | queue=64 | words=26879
[w5:kl:pro] Pacing 15s before "polygy" (gap=15500ms)
[w5:kl:pro] Managed Turnstile token (len=816, 6831ms, remount)
[w5:kl:pro] [api] 200 mode=pro startsWith=polygy
[w5:kl:pro] [api] 200 mode=pro startsWith=polygy (472ms direct)
[w5:kl:pro] "polygy" → 15 records, 15 words
[w5:kl:pro] "polygy" branch complete
[w5:kl:pro] Saved 26,894 worker words
[w5:kl:pro] Searching "polygz" | queue=63 | words=26894
[w5:kl:pro] Pacing 15s before "polygz" (gap=15500ms)
[w5:kl:pro] Managed Turnstile miss (15073ms)
[w5:kl:pro] Failed "polygz" attempt 1: No Turnstile token for direct search
[w5:kl:pro] Saved 26,894 worker words
[w5:kl:pro] Turnstile miss — soft reload before rotate
[w5:kl:pro] Managed Turnstile token (len=816, 3829ms, remount)
[w5:kl:pro] Searching "polygz" | queue=63 | words=26894
[w5:kl:pro] [api] 200 mode=pro startsWith=polygz
[w5:kl:pro] [api] 200 mode=pro startsWith=polygz (425ms direct)
[w5:kl:pro] "polygz" → 0 records, 0 words
[w5:kl:pro] "polygz" branch complete
[w5:kl:pro] Saved 26,894 worker words
[w5:kl:pro] Searching "polymy" | queue=62 | words=26894
[w5:kl:pro] Pacing 16s before "polymy" (gap=15500ms)
[w5:kl:pro] Managed Turnstile token (len=816, 3477ms, remount)
[w5:kl:pro] [api] 200 mode=pro startsWith=polymy
[w5:kl:pro] [api] 200 mode=pro startsWith=polymy (508ms direct)
[w5:kl:pro] "polymy" → 13 records, 13 words
[w5:kl:pro] "polymy" branch complete
[w5:kl:pro] Saved 26,894 worker words; shared last.txt now 418,324
[w5:kl:pro] Searching "polymz" | queue=61 | words=26894
[w5:kl:pro] Pacing 15s before "polymz" (gap=15500ms)
[w5:kl:pro] Managed Turnstile token (len=816, 7434ms, remount)
[w5:kl:pro] heartbeat words=26894 queue=61 rotation=31 idle=8s
[w5:kl:pro] [api] 200 mode=pro startsWith=polymz
[w5:kl:pro] [api] 200 mode=pro startsWith=polymz (456ms direct)
[w5:kl:pro] "polymz" → 0 records, 0 words
[w5:kl:pro] "polymz" branch complete
[w5:kl:pro] Saved 26,894 worker words
[w5:kl:pro] Searching "polyph" | queue=60 | words=26894
[w5:kl:pro] Pacing 15s before "polyph" (gap=15500ms)
[w5:kl:pro] Managed Turnstile token (len=816, 4110ms, remount)
[w5:kl:pro] [api] 200 mode=pro startsWith=polyph
[w5:kl:pro] [api] 200 mode=pro startsWith=polyph (461ms direct)
[w5:kl:pro] "polyph" → 73 records, 73 words
[w5:kl:pro] "polyph" branch complete
[w5:kl:pro] Saved 26,894 worker words
[w5:kl:pro] Searching "polypi" | queue=59 | words=26894
[w5:kl:pro] Pacing 15s before "polypi" (gap=15500ms)
[w5:kl:pro] Managed Turnstile token (len=816, 3837ms, remount)
[w5:kl:pro] [api] 200 mode=pro startsWith=polypi
[w5:kl:pro] [api] 200 mode=pro startsWith=polypi (470ms direct)
[w5:kl:pro] "polypi" → 17 records, 17 words (incl. exact "polypi")
[w5:kl:pro] "polypi" branch complete
[w5:kl:pro] Saved 26,897 worker words
[w5:kl:pro] Searching "polypu" | queue=58 | words=26897
[w5:kl:pro] Pacing 15s before "polypu" (gap=15500ms)
[w5:kl:pro] Managed Turnstile token (len=816, 6666ms, remount)
[w5:kl:pro] [api] 200 mode=pro startsWith=polypu
[w5:kl:pro] [api] 200 mode=pro startsWith=polypu (628ms direct)
[w5:kl:pro] "polypu" → 2 records, 2 words
[w5:kl:pro] "polypu" branch complete
[w5:kl:pro] Saved 26,897 worker words
[w5:kl:pro] Searching "polypv" | queue=57 | words=26897
[w5:kl:pro] Pacing 15s before "polypv" (gap=15500ms)
[w5:kl:pro] heartbeat words=26897 queue=57 rotation=31 idle=6s
[w5:kl:pro] Managed Turnstile token (len=816, 12447ms, remount)
[w5:kl:pro] [api] 200 mode=pro startsWith=polypv
[w5:kl:pro] [api] 200 mode=pro startsWith=polypv (537ms direct)
[w5:kl:pro] "polypv" → 0 records, 0 words
[w5:kl:pro] "polypv" branch complete
[w5:kl:pro] Saved 26,897 worker words
[w5:kl:pro] Searching "polypw" | queue=56 | words=26897
[w5:kl:pro] Pacing 15s before "polypw" (gap=15500ms)
[w5:kl:pro] Managed Turnstile token (len=816, 8181ms, remount)
[w5:kl:pro] [api] 200 mode=pro startsWith=polypw
[w5:kl:pro] [api] 200 mode=pro startsWith=polypw (462ms direct)
[w5:kl:pro] "polypw" → 0 records, 0 words
[w5:kl:pro] "polypw" branch complete
[w5:kl:pro] Saved 26,897 worker words
[w5:kl:pro] Searching "polypx" | queue=55 | words=26897
[w5:kl:pro] Pacing 15s before "polypx" (gap=15500ms)
[w5:kl:pro] Managed Turnstile token (len=816, 4020ms, remount)
[w5:kl:pro] [api] 200 mode=pro startsWith=polypx
[w5:kl:pro] [api] 200 mode=pro startsWith=polypx (526ms direct)
[w5:kl:pro] "polypx" → 0 records, 0 words
[w5:kl:pro] "polypx" branch complete
[w5:kl:pro] Saved 26,897 worker words
[w5:kl:pro] Searching "polypy" | queue=54 | words=26897
[w5:kl:pro] Pacing 15s before "polypy" (gap=15500ms)
[w5:kl:pro] Managed Turnstile token (len=816, 6809ms, remount)
[w5:kl:pro] [api] 200 mode=pro startsWith=polypy
[w5:kl:pro] [api] 200 mode=pro startsWith=polypy (496ms direct)
[w5:kl:pro] "polypy" → 0 records, 0 words
[w5:kl:pro] "polypy" branch complete
[w5:kl:pro] Saved 26,897 worker words; shared last.txt now 418,449
[w5:kl:pro] Searching "polypz" | queue=53 | words=26897
[w5:kl:pro] Pacing 15s before "polypz" (gap=15500ms)
[w5:kl:pro] heartbeat words=26897 queue=53 rotation=31 idle=4s
[w5:kl:pro] Managed Turnstile token (len=816, 7274ms, remount)
[w5:kl:pro] [api] 200 mode=pro startsWith=polypz
[w5:kl:pro] [api] 200 mode=pro startsWith=polypz (498ms direct)
[w5:kl:pro] "polypz" → 0 records, 0 words
[w5:kl:pro] "polypz" branch complete
[w5:kl:pro] Saved 26,897 worker words
[w5:kl:pro] Searching "polysy" | queue=52 | words=26897
[w5:kl:pro] Pacing 15s before "polysy" (gap=15500ms)
[w5:kl:pro] Managed Turnstile token (len=816, 10563ms, remount)
[w5:kl:pro] [api] 200 mode=pro startsWith=polysy
[w5:kl:pro] [api] 200 mode=pro startsWith=polysy (497ms direct)
[w5:kl:pro] "polysy" → 34 records, 34 words
[w5:kl:pro] "polysy" branch complete
[w5:kl:pro] Saved 26,897 worker words
[w5:kl:pro] Searching "polysz" | queue=51 | words=26897
[w5:kl:pro] Pacing 15s before "polysz" (gap=15500ms)
[w5:kl:pro] Managed Turnstile token (len=816, 13475ms, remount)
[w5:kl:pro] [api] 200 mode=pro startsWith=polysz
[w5:kl:pro] [api] 200 mode=pro startsWith=polysz (506ms direct)
[w5:kl:pro] "polysz" → 0 records, 0 words
[w5:kl:pro] "polysz" branch complete
[w5:kl:pro] Saved 26,897 worker words
[w5:kl:pro] Searching "predel" | queue=50 | words=26897
[w5:kl:pro] Pacing 15s before "predel" (gap=15500ms)
[w5:kl:pro] Managed Turnstile token (len=816, 4017ms, remount)
[w5:kl:pro] [api] 200 mode=pro startsWith=predel
[w5:kl:pro] [api] 200 mode=pro startsWith=predel (459ms direct)
[w5:kl:pro] "predel" → 27 records, 27 words
[w5:kl:pro] "predel" branch complete
[w5:kl:pro] Saved 26,903 worker words
[w5:kl:pro] Searching "predem" | queue=49 | words=26903
[w5:kl:pro] Pacing 15s before "predem" (gap=15500ms)
[w5:kl:pro] heartbeat words=26903 queue=49 rotation=31 idle=2s
[w5:kl:pro] Managed Turnstile token (len=816, 3785ms, remount)
[w5:kl:pro] [api] 200 mode=pro startsWith=predem
[w5:kl:pro] [api] 200 mode=pro startsWith=predem (460ms direct)
[w5:kl:pro] "predem" → 8 records, 8 words
[w5:kl:pro] "predem" branch complete
[w5:kl:pro] Saved 26,911 worker words
[w5:kl:pro] Searching "preden" | queue=48 | words=26911
[w5:kl:pro] Pacing 15s before "preden" (gap=15500ms)
[w5:kl:pro] Managed Turnstile token (len=816, 3951ms, remount)
[w5:kl:pro] [api] 200 mode=pro startsWith=preden
[w5:kl:pro] [api] 200 mode=pro startsWith=preden (491ms direct)
[w5:kl:pro] "preden" → 8 records, 8 words
[w5:kl:pro] "preden" branch complete
[w5:kl:pro] Saved 26,919 worker words
[w5:kl:pro] Searching "predeo" | queue=47 | words=26919
[w5:kl:pro] Pacing 15s before "predeo" (gap=15500ms)
[w5:kl:pro] Managed Turnstile token (len=816, 4499ms, remount)
[w5:kl:pro] [api] 200 mode=pro startsWith=predeo
[w5:kl:pro] [api] 200 mode=pro startsWith=predeo (554ms direct)
[w5:kl:pro] "predeo" → 0 records, 0 words
[w5:kl:pro] "predeo" branch complete
[w5:kl:pro] Saved 26,919 worker words
[w5:kl:pro] Searching "predep" | queue=46 | words=26919
[w5:kl:pro] Pacing 15s before "predep" (gap=15500ms)
[w5:kl:pro] Managed Turnstile token (len=816, 3696ms, remount)
[w5:kl:pro] [api] 200 mode=pro startsWith=predep
[w5:kl:pro] [api] 200 mode=pro startsWith=predep (459ms direct)
[w5:kl:pro] "predep" → 25 records, 25 words
[w5:kl:pro] "predep" branch complete
[w5:kl:pro] heartbeat words=26944 queue=46 rotation=31 idle=16s
[w5:kl:pro] Saved 26,944 worker words; shared last.txt now 418,766
[w5:kl:pro] Searching "predeq" | queue=45 | words=26944
[w5:kl:pro] Pacing 15s before "predeq" (gap=15500ms)
[w5:kl:pro] Managed Turnstile token (len=816, 4087ms, remount)
[w5:kl:pro] [api] 200 mode=pro startsWith=predeq
[w5:kl:pro] [api] 200 mode=pro startsWith=predeq (498ms direct)
[w5:kl:pro] "predeq" → 0 records, 0 words
[w5:kl:pro] "predeq" branch complete
[w5:kl:pro] Saved 26,944 worker words
[w5:kl:pro] Searching "preder" | queue=44 | words=26944
[w5:kl:pro] Pacing 15s before "preder" (gap=15500ms)
[w5:kl:pro] Managed Turnstile token (len=816, 4247ms, remount)
[w5:kl:pro] [api] 200 mode=pro startsWith=preder
[w5:kl:pro] [api] 200 mode=pro startsWith=preder (661ms direct)
[w5:kl:pro] "preder" → 4 records, 4 words
[w5:kl:pro] "preder" branch complete
[w5:kl:pro] Saved 26,948 worker words
[w5:kl:pro] Searching "predes" | queue=43 | words=26948
[w5:kl:pro] Pacing 15s before "predes" (gap=15500ms)
[w5:kl:pro] Managed Turnstile token (len=816, 10005ms, remount)
[w5:kl:pro] [api] 200 mode=pro startsWith=predes
[w5:kl:pro] [api] 200 mode=pro startsWith=predes (496ms direct)
[w5:kl:pro] "predes" → 63 records, 63 words
[w5:kl:pro] "predes" branch complete
[w5:kl:pro] Saved 26,956 worker words
[w5:kl:pro] Searching "predev" | queue=42 | words=26956
[w5:kl:pro] Pacing 15s before "predev" (gap=15500ms)
[w5:kl:pro] Managed Turnstile token (len=816, 4641ms, remount)
[w5:kl:pro] heartbeat words=26956 queue=42 rotation=31 idle=13s
[w5:kl:pro] [api] 200 mode=pro startsWith=predev
[w5:kl:pro] [api] 200 mode=pro startsWith=predev (593ms direct)
[w5:kl:pro] "predev" → 17 records, 17 words
[w5:kl:pro] "predev" branch complete
[w5:kl:pro] Saved 26,956 worker words
[w5:kl:pro] Searching "predew" | queue=41 | words=26956
[w5:kl:pro] Pacing 15s before "predew" (gap=15500ms)
[w5:kl:pro] Managed Turnstile token (len=816, 8435ms, remount)
[w5:kl:pro] [api] 200 mode=pro startsWith=predew
[w5:kl:pro] [api] 200 mode=pro startsWith=predew (479ms direct)
[w5:kl:pro] "predew" → 0 records, 0 words
[w5:kl:pro] "predew" branch complete
[w5:kl:pro] Saved 26,956 worker words
[w5:kl:pro] Searching "predex" | queue=40 | words=26956
[w5:kl:pro] Pacing 15s before "predex" (gap=15500ms)
[w5:kl:pro] Managed Turnstile token (len=816, 4241ms, remount)
[w5:kl:pro] [api] 200 mode=pro startsWith=predex
[w5:kl:pro] [api] 200 mode=pro startsWith=predex (556ms direct)
[w5:kl:pro] "predex" → 0 records, 0 words
[w5:kl:pro] "predex" branch complete
[w5:kl:pro] Saved 26,956 worker words
[w5:kl:pro] Searching "predey" | queue=39 | words=26956
[w5:kl:pro] Pacing 15s before "predey" (gap=15500ms)
[w5:kl:pro] Managed Turnstile token (len=816, 4813ms, remount)
[w5:kl:pro] [api] 200 mode=pro startsWith=predey
[w5:kl:pro] [api] 200 mode=pro startsWith=predey (1149ms direct)
[w5:kl:pro] "predey" → 0 records, 0 words
[w5:kl:pro] "predey" branch complete
[w5:kl:pro] Saved 26,956 worker words
[w5:kl:pro] Searching "predez" | queue=38 | words=26956
[w5:kl:pro] Pacing 15s before "predez" (gap=15500ms)
[w5:kl:pro] Managed Turnstile token (len=816, 8325ms, remount)
[w5:kl:pro] heartbeat words=26956 queue=38 rotation=31 idle=11s
[w5:kl:pro] [api] 200 mode=pro startsWith=predez
[w5:kl:pro] [api] 200 mode=pro startsWith=predez (507ms direct)
[w5:kl:pro] "predez" → 0 records, 0 words
[w5:kl:pro] "predez" branch complete
[w5:kl:pro] Saved 26,956 worker words; shared last.txt now 418,960
[w5:kl:pro] Searching "predir" | queue=37 | words=26956
[w5:kl:pro] Pacing 15s before "predir" (gap=15500ms)
[w5:kl:pro] Managed Turnstile token (len=816, 10839ms, remount)
[w5:kl:pro] [api] 200 mode=pro startsWith=predir
[w5:kl:pro] [api] 200 mode=pro startsWith=predir (485ms direct)
[w5:kl:pro] "predir" → 3 records, 3 words
[w5:kl:pro] "predir" branch complete
[w5:kl:pro] Saved 26,957 worker words
[w5:kl:pro] Searching "predis" | queue=36 | words=26957
[w5:kl:pro] Pacing 15s before "predis" (gap=15500ms)
[w5:kl:pro] Managed Turnstile token (len=816, 10784ms, remount)
[w5:kl:pro] [api] 200 mode=pro startsWith=predis
[w5:kl:pro] [api] 200 mode=pro startsWith=predis (506ms direct)
[w5:kl:pro] "predis" → 100 records, 100 words
[w5:kl:pro] Pacing 15s before "predis" (gap=15500ms)
[w5:kl:pro] Managed Turnstile token (len=816, 12236ms, remount)
[w5:kl:pro] [api] 200 mode=pro startsWith=predis
[w5:kl:pro] [api] 200 mode=pro startsWith=predis sort=alphabetical:desc (606ms direct)
[w5:kl:pro] "predis" full page ends at "predisrupt" (next='r'); skip 21 covered groups → 7 children reverse Z→A ends at "predisclosed" (lo='c' hi='t'); skip 16 middle + 0 new words
[w5:kl:pro] Saved 26,994 worker words
[w5:kl:pro] Searching "prediv" | queue=42 | words=26994
[w5:kl:pro] Pacing 15s before "prediv" (gap=15500ms)
[w5:kl:pro] heartbeat words=26994 queue=42 rotation=31 idle=9s
[w5:kl:pro] Managed Turnstile miss (15055ms)
[w5:kl:pro] Failed "prediv" attempt 1: No Turnstile token for direct search
[w5:kl:pro] Saved 26,994 worker words
[w5:kl:pro] Turnstile miss — soft reload before rotate
[w5:kl:pro] Site Turnstile remint timed out (9853ms)
[w5:kl:pro] Soft reload mint failed — rotating immediately
[w5:kl:pro] Tor NEWNYM gen=35; waiting 8000ms
[w5:kl:pro] Tor ready on 19055 exit=45.66.35.34
[w5:kl:pro] Rotating IP (#32, try 1) after No Turnstile token for direct search → tor#33 socks5://127.0.0.1:19055
[w5:kl:pro] Launching persistent Chrome profile /tmp/lll-pw-w5-r32
[w5:kl:pro] Proxy tor#33 socks5://127.0.0.1:19055
[w5:kl:pro] Opening https://lastletterlibrary.com
[w5:kl:pro] Library mode=pro
[w5:kl:pro] Managed Turnstile token (len=816, 4638ms, remount)
[w5:kl:pro] Search mode=direct (skip UI Wait Ns… gate)
[w5:kl:pro] Cleaned 1 old rotated profile(s)
[w5:kl:pro] Searching "prediv" | queue=42 | words=26994
[w5:kl:pro] [api] 200 mode=pro startsWith=prediv
[w5:kl:pro] [api] 200 mode=pro startsWith=prediv (608ms direct)
[w5:kl:pro] "prediv" → 13 records, 13 words
[w5:kl:pro] "prediv" branch complete
[w5:kl:pro] Saved 26,994 worker words
[w5:kl:pro] Searching "prediw" | queue=41 | words=26994
[w5:kl:pro] Pacing 15s before "prediw" (gap=15500ms)
[w5:kl:pro] Managed Turnstile token (len=794, 3745ms, remount)
[w5:kl:pro] [api] 200 mode=pro startsWith=prediw
[w5:kl:pro] [api] 200 mode=pro startsWith=prediw (551ms direct)
[w5:kl:pro] "prediw" → 0 records, 0 words
[w5:kl:pro] "prediw" branch complete
[w5:kl:pro] Saved 26,994 worker words
[w5:kl:pro] Searching "predix" | queue=40 | words=26994
[w5:kl:pro] Pacing 15s before "predix" (gap=15500ms)
[w5:kl:pro] heartbeat words=26994 queue=40 rotation=32 idle=4s
[w5:kl:pro] Managed Turnstile token (len=794, 3892ms, remount)
[w5:kl:pro] [api] 200 mode=pro startsWith=predix
[w5:kl:pro] [api] 200 mode=pro startsWith=predix (493ms direct)
[w5:kl:pro] "predix" → 0 records, 0 words
[w5:kl:pro] "predix" branch complete
[w5:kl:pro] Saved 26,994 worker words
[w5:kl:pro] Searching "prediy" | queue=39 | words=26994
[w5:kl:pro] Pacing 15s before "prediy" (gap=15500ms)
[w5:kl:pro] Managed Turnstile token (len=794, 4050ms, remount)
[w5:kl:pro] [api] 200 mode=pro startsWith=prediy
[w5:kl:pro] [api] 200 mode=pro startsWith=prediy (475ms direct)
[w5:kl:pro] "prediy" → 0 records, 0 words
[w5:kl:pro] "prediy" branch complete
[w5:kl:pro] Saved 26,994 worker words
[w5:kl:pro] Searching "prediz" | queue=38 | words=26994
[w5:kl:pro] Pacing 15s before "prediz" (gap=15500ms)
[w5:kl:pro] Managed Turnstile token (len=794, 4203ms, remount)
[w5:kl:pro] [api] 200 mode=pro startsWith=prediz
[w5:kl:pro] [api] 200 mode=pro startsWith=prediz (508ms direct)
[w5:kl:pro] "prediz" → 0 records, 0 words
[w5:kl:pro] "prediz" branch complete
[w5:kl:pro] Saved 26,994 worker words; shared last.txt now 420,389
[w5:kl:pro] Searching "preinv" | queue=37 | words=26994
[w5:kl:pro] Pacing 15s before "preinv" (gap=15500ms)
[w5:kl:pro] Managed Turnstile token (len=794, 5502ms, remount)
[w5:kl:pro] [api] 200 mode=pro startsWith=preinv
[w5:kl:pro] [api] 200 mode=pro startsWith=preinv (491ms direct)
[w5:kl:pro] "preinv" → 24 records, 24 words
[w5:kl:pro] "preinv" branch complete
[w5:kl:pro] Saved 26,994 worker words
[w5:kl:pro] Searching "preinw" | queue=36 | words=26994
[w5:kl:pro] Pacing 15s before "preinw" (gap=15500ms)
[w5:kl:pro] heartbeat words=26994 queue=36 rotation=32 idle=2s
[w5:kl:pro] Managed Turnstile token (len=794, 5115ms, remount)
[w5:kl:pro] [api] 200 mode=pro startsWith=preinw
[w5:kl:pro] [api] 200 mode=pro startsWith=preinw (551ms direct)
[w5:kl:pro] "preinw" → 0 records, 0 words
[w5:kl:pro] "preinw" branch complete
[w5:kl:pro] Saved 26,994 worker words
[w5:kl:pro] Searching "preinx" | queue=35 | words=26994
[w5:kl:pro] Pacing 15s before "preinx" (gap=15500ms)
[w5:kl:pro] Managed Turnstile token (len=794, 8054ms, remount)
[w5:kl:pro] [api] 200 mode=pro startsWith=preinx
[w5:kl:pro] [api] 200 mode=pro startsWith=preinx (459ms direct)
[w5:kl:pro] "preinx" → 0 records, 0 words
[w5:kl:pro] "preinx" branch complete
[w5:kl:pro] Saved 26,994 worker words
[w5:kl:pro] Searching "preiny" | queue=34 | words=26994
[w5:kl:pro] Pacing 15s before "preiny" (gap=15500ms)
[w5:kl:pro] Managed Turnstile token (len=816, 11112ms, remount)
[w5:kl:pro] [api] 200 mode=pro startsWith=preiny
[w5:kl:pro] [api] 200 mode=pro startsWith=preiny (542ms direct)
[w5:kl:pro] "preiny" → 0 records, 0 words
[w5:kl:pro] "preiny" branch complete
[w5:kl:pro] Saved 26,994 worker words
[w5:kl:pro] Searching "preinz" | queue=33 | words=26994
[w5:kl:pro] Pacing 15s before "preinz" (gap=15500ms)
[w5:kl:pro] Managed Turnstile token (len=794, 9997ms, remount)
[w5:kl:pro] heartbeat words=26994 queue=33 rotation=32 idle=15s
[w5:kl:pro] [api] 200 mode=pro startsWith=preinz
[w5:kl:pro] [api] 200 mode=pro startsWith=preinz (457ms direct)
[w5:kl:pro] "preinz" → 0 records, 0 words
[w5:kl:pro] "preinz" branch complete
[w5:kl:pro] Saved 26,994 worker words
[w5:kl:pro] Searching "presex" | queue=32 | words=26994
[w5:kl:pro] Pacing 15s before "presex" (gap=15500ms)
[w5:kl:pro] Managed Turnstile token (len=816, 4245ms, remount)
[w5:kl:pro] [api] 200 mode=pro startsWith=presex
[w5:kl:pro] [api] 200 mode=pro startsWith=presex (453ms direct)
[w5:kl:pro] "presex" → 1 records, 1 words
[w5:kl:pro] "presex" branch complete
[w5:kl:pro] Saved 26,994 worker words
[w5:kl:pro] Searching "presey" | queue=31 | words=26994
[w5:kl:pro] Pacing 15s before "presey" (gap=15500ms)
[w5:kl:pro] Managed Turnstile token (len=816, 6436ms, remount)
[w5:kl:pro] [api] 200 mode=pro startsWith=presey
[w5:kl:pro] [api] 200 mode=pro startsWith=presey (450ms direct)
[w5:kl:pro] "presey" → 0 records, 0 words
[w5:kl:pro] "presey" branch complete
[w5:kl:pro] Saved 26,994 worker words
[w5:kl:pro] Searching "presez" | queue=30 | words=26994
[w5:kl:pro] Pacing 15s before "presez" (gap=15500ms)
[w5:kl:pro] Managed Turnstile token (len=816, 4414ms, remount)
[w5:kl:pro] [api] 200 mode=pro startsWith=presez
[w5:kl:pro] [api] 200 mode=pro startsWith=presez (473ms direct)
[w5:kl:pro] "presez" → 0 records, 0 words
[w5:kl:pro] "presez" branch complete
[w5:kl:pro] Saved 26,994 worker words; shared last.txt now 420,872
[w5:kl:pro] Searching "prestu" | queue=29 | words=26994
[w5:kl:pro] Pacing 15s before "prestu" (gap=15500ms)
[w5:kl:pro] Managed Turnstile token (len=794, 8002ms, remount)
[w5:kl:pro] heartbeat words=26994 queue=29 rotation=32 idle=13s
[w5:kl:pro] [api] 200 mode=pro startsWith=prestu
[w5:kl:pro] [api] 200 mode=pro startsWith=prestu (544ms direct)
[w5:kl:pro] "prestu" → 7 records, 7 words
[w5:kl:pro] "prestu" branch complete
[w5:kl:pro] Saved 26,994 worker words
[w5:kl:pro] Searching "prestv" | queue=28 | words=26994
[w5:kl:pro] Pacing 15s before "prestv" (gap=15500ms)
[w5:kl:pro] Managed Turnstile token (len=794, 3564ms, remount)
[w5:kl:pro] [api] 200 mode=pro startsWith=prestv
[w5:kl:pro] [api] 200 mode=pro startsWith=prestv (463ms direct)
[w5:kl:pro] "prestv" → 0 records, 0 words
[w5:kl:pro] "prestv" branch complete
[w5:kl:pro] Saved 26,994 worker words
[w5:kl:pro] Searching "prestw" | queue=27 | words=26994
[w5:kl:pro] Pacing 15s before "prestw" (gap=15500ms)
[w5:kl:pro] Managed Turnstile token (len=816, 5864ms, remount)
[w5:kl:pro] [api] 200 mode=pro startsWith=prestw
[w5:kl:pro] [api] 200 mode=pro startsWith=prestw (683ms direct)
[w5:kl:pro] "prestw" → 0 records, 0 words
[w5:kl:pro] "prestw" branch complete
[w5:kl:pro] Saved 26,994 worker words
[w5:kl:pro] Searching "prestx" | queue=26 | words=26994
[w5:kl:pro] Pacing 15s before "prestx" (gap=15500ms)
[w5:kl:pro] Managed Turnstile miss (15071ms)
[w5:kl:pro] Failed "prestx" attempt 1: No Turnstile token for direct search
[w5:kl:pro] Saved 26,994 worker words
[w5:kl:pro] Turnstile miss — soft reload before rotate
[w5:kl:pro] Turnstile token present (len=816)
[w5:kl:pro] Site Turnstile token (9386ms)
[w5:kl:pro] Searching "prestx" | queue=26 | words=26994
[w5:kl:pro] [api] 200 mode=pro startsWith=prestx
[w5:kl:pro] [api] 200 mode=pro startsWith=prestx (424ms direct)
[w5:kl:pro] "prestx" → 0 records, 0 words
[w5:kl:pro] "prestx" branch complete
[w5:kl:pro] Saved 26,994 worker words
[w5:kl:pro] Searching "presty" | queue=25 | words=26994
[w5:kl:pro] Pacing 16s before "presty" (gap=15500ms)
[w5:kl:pro] heartbeat words=26994 queue=25 rotation=32 idle=1s
[w5:kl:pro] Managed Turnstile token (len=794, 5006ms, remount)
[w5:kl:pro] [api] 200 mode=pro startsWith=presty
[w5:kl:pro] [api] 200 mode=pro startsWith=presty (563ms direct)
[w5:kl:pro] "presty" → 0 records, 0 words
[w5:kl:pro] "presty" branch complete
[w5:kl:pro] Saved 26,994 worker words
[w5:kl:pro] Searching "prestz" | queue=24 | words=26994
[w5:kl:pro] Pacing 15s before "prestz" (gap=15500ms)
[w5:kl:pro] Managed Turnstile token (len=794, 5764ms, remount)
[w5:kl:pro] [api] 200 mode=pro startsWith=prestz
[w5:kl:pro] [api] 200 mode=pro startsWith=prestz (449ms direct)
[w5:kl:pro] "prestz" → 0 records, 0 words
[w5:kl:pro] "prestz" branch complete
[w5:kl:pro] Saved 26,994 worker words
[w5:kl:pro] Searching "presut" | queue=23 | words=26994
[w5:kl:pro] Pacing 15s before "presut" (gap=15500ms)
[w5:kl:pro] Managed Turnstile token (len=794, 3934ms, remount)
[w5:kl:pro] [api] 200 mode=pro startsWith=presut
[w5:kl:pro] [api] 200 mode=pro startsWith=presut (532ms direct)
[w5:kl:pro] "presut" → 1 records, 1 words
[w5:kl:pro] "presut" branch complete
[w5:kl:pro] Saved 26,994 worker words; shared last.txt now 421,730
[w5:kl:pro] Searching "presuu" | queue=22 | words=26994
[w5:kl:pro] Pacing 15s before "presuu" (gap=15500ms)
[w5:kl:pro] Managed Turnstile token (len=794, 6888ms, remount)
[w5:kl:pro] heartbeat words=26994 queue=22 rotation=32 idle=13s
[w5:kl:pro] [api] 200 mode=pro startsWith=presuu
[w5:kl:pro] [api] 200 mode=pro startsWith=presuu (467ms direct)
[w5:kl:pro] "presuu" → 0 records, 0 words
[w5:kl:pro] "presuu" branch complete
[w5:kl:pro] Saved 26,994 worker words
[w5:kl:pro] Searching "presuv" | queue=21 | words=26994
[w5:kl:pro] Pacing 15s before "presuv" (gap=15500ms)
[w5:kl:pro] Managed Turnstile token (len=794, 5644ms, remount)
[w5:kl:pro] [api] 200 mode=pro startsWith=presuv
[w5:kl:pro] [api] 200 mode=pro startsWith=presuv (452ms direct)
[w5:kl:pro] "presuv" → 0 records, 0 words
[w5:kl:pro] "presuv" branch complete
[w5:kl:pro] Saved 26,994 worker words
[w5:kl:pro] Searching "presuw" | queue=20 | words=26994
[w5:kl:pro] Pacing 15s before "presuw" (gap=15500ms)
[w5:kl:pro] Managed Turnstile token (len=816, 4212ms, remount)
[w5:kl:pro] [api] 200 mode=pro startsWith=presuw
[w5:kl:pro] [api] 200 mode=pro startsWith=presuw (478ms direct)
[w5:kl:pro] "presuw" → 0 records, 0 words
[w5:kl:pro] "presuw" branch complete
[w5:kl:pro] Saved 26,994 worker words
[w5:kl:pro] Searching "presux" | queue=19 | words=26994
[w5:kl:pro] Pacing 15s before "presux" (gap=15500ms)
[w5:kl:pro] Managed Turnstile token (len=794, 11088ms, remount)
[w5:kl:pro] [api] 200 mode=pro startsWith=presux
[w5:kl:pro] [api] 200 mode=pro startsWith=presux (513ms direct)
[w5:kl:pro] "presux" → 0 records, 0 words
[w5:kl:pro] "presux" branch complete
[w5:kl:pro] Saved 26,994 worker words
[w5:kl:pro] Searching "presuy" | queue=18 | words=26994
[w5:kl:pro] Pacing 15s before "presuy" (gap=15500ms)
[w5:kl:pro] heartbeat words=26994 queue=18 rotation=32 idle=12s
[w5:kl:pro] Managed Turnstile miss (15121ms)
[w5:kl:pro] Failed "presuy" attempt 1: No Turnstile token for direct search
[w5:kl:pro] Saved 26,994 worker words
[w5:kl:pro] Turnstile miss — soft reload before rotate
[w5:kl:pro] Site Turnstile remint timed out (10194ms)
[w5:kl:pro] Soft reload mint failed — rotating immediately
[w5:kl:pro] Tor NEWNYM gen=36; waiting 8000ms
[w5:kl:pro] Tor ready on 19055 exit=192.42.116.100
[w5:kl:pro] Rotating IP (#33, try 1) after No Turnstile token for direct search → tor#34 socks5://127.0.0.1:19055
[w5:kl:pro] Launching persistent Chrome profile /tmp/lll-pw-w5-r33
[w5:kl:pro] Proxy tor#34 socks5://127.0.0.1:19055
[w5:kl:pro] Opening https://lastletterlibrary.com
[w5:kl:pro] Library mode=pro
[w5:kl:pro] Managed Turnstile token (len=816, 6301ms, remount)
[w5:kl:pro] Search mode=direct (skip UI Wait Ns… gate)
[w5:kl:pro] Cleaned 1 old rotated profile(s)
[w5:kl:pro] Searching "presuy" | queue=18 | words=26994
[w5:kl:pro] [api] 200 mode=pro startsWith=presuy
[w5:kl:pro] [api] 200 mode=pro startsWith=presuy (523ms direct)
[w5:kl:pro] "presuy" → 0 records, 0 words
[w5:kl:pro] "presuy" branch complete
[w5:kl:pro] Saved 26,994 worker words
[w5:kl:pro] Searching "presuz" | queue=17 | words=26994
[w5:kl:pro] Pacing 15s before "presuz" (gap=15500ms)
[w5:kl:pro] Managed Turnstile token (len=816, 3798ms, remount)
[w5:kl:pro] [api] 200 mode=pro startsWith=presuz
[w5:kl:pro] [api] 200 mode=pro startsWith=presuz (580ms direct)
[w5:kl:pro] "presuz" → 0 records, 0 words
[w5:kl:pro] "presuz" branch complete
[w5:kl:pro] Saved 26,994 worker words
[w5:kl:pro] Searching "psycho" | queue=16 | words=26994
[w5:kl:pro] Pacing 15s before "psycho" (gap=15500ms)
[w5:kl:pro] Managed Turnstile token (len=816, 4470ms, remount)
[w5:kl:pro] heartbeat words=26994 queue=16 rotation=33 idle=6s
[w5:kl:pro] [api] 200 mode=pro startsWith=psycho
[w5:kl:pro] [api] 200 mode=pro startsWith=psycho (530ms direct)
[w5:kl:pro] "psycho" → 100 records, 100 words (incl. exact "psycho")
[w5:kl:pro] Pacing 15s before "psycho" (gap=15500ms)
[w5:kl:pro] Managed Turnstile token (len=816, 3997ms, remount)
[w5:kl:pro] [api] 200 mode=pro startsWith=psycho
[w5:kl:pro] [api] 200 mode=pro startsWith=psycho sort=alphabetical:desc (493ms direct)
[w5:kl:pro] "psycho" full page ends at "psychogenetic" (next='g'); skip 17 covered groups → 11 children reverse Z→A ends at "psychophysic" (lo='p' hi='z'); skip 9 middle + 16 new words
[w5:kl:pro] Saved 27,069 worker words; shared last.txt now 422,421
[w5:kl:pro] Searching "psychu" | queue=26 | words=27069
[w5:kl:pro] Pacing 15s before "psychu" (gap=15500ms)
[w5:kl:pro] Managed Turnstile token (len=816, 4608ms, remount)
[w5:kl:pro] [api] 200 mode=pro startsWith=psychu
[w5:kl:pro] [api] 200 mode=pro startsWith=psychu (603ms direct)
[w5:kl:pro] "psychu" → 1 records, 1 words
[w5:kl:pro] "psychu" branch complete
[w5:kl:pro] Saved 27,069 worker words
[w5:kl:pro] Searching "psychv" | queue=25 | words=27069
[w5:kl:pro] Pacing 15s before "psychv" (gap=15500ms)
[w5:kl:pro] Managed Turnstile token (len=816, 3741ms, remount)
[w5:kl:pro] [api] 200 mode=pro startsWith=psychv
[w5:kl:pro] [api] 200 mode=pro startsWith=psychv (510ms direct)
[w5:kl:pro] "psychv" → 0 records, 0 words
[w5:kl:pro] "psychv" branch complete
[w5:kl:pro] Saved 27,069 worker words
[w5:kl:pro] Searching "psychw" | queue=24 | words=27069
[w5:kl:pro] Pacing 15s before "psychw" (gap=15500ms)
[w5:kl:pro] Managed Turnstile token (len=816, 4159ms, remount)
[w5:kl:pro] heartbeat words=27069 queue=24 rotation=33 idle=4s
[w5:kl:pro] [api] 200 mode=pro startsWith=psychw
[w5:kl:pro] [api] 200 mode=pro startsWith=psychw (497ms direct)
[w5:kl:pro] "psychw" → 0 records, 0 words
[w5:kl:pro] "psychw" branch complete
[w5:kl:pro] Saved 27,069 worker words
[w5:kl:pro] Searching "psychx" | queue=23 | words=27069
[w5:kl:pro] Pacing 15s before "psychx" (gap=15500ms)
[w5:kl:pro] Managed Turnstile token (len=816, 4104ms, remount)
[w5:kl:pro] [api] 200 mode=pro startsWith=psychx
[w5:kl:pro] [api] 200 mode=pro startsWith=psychx (652ms direct)
[w5:kl:pro] "psychx" → 0 records, 0 words
[w5:kl:pro] "psychx" branch complete
[w5:kl:pro] Saved 27,069 worker words
[w5:kl:pro] Searching "psychy" | queue=22 | words=27069
[w5:kl:pro] Pacing 15s before "psychy" (gap=15500ms)
[w5:kl:pro] Managed Turnstile token (len=816, 4149ms, remount)
[w5:kl:pro] [api] 200 mode=pro startsWith=psychy
[w5:kl:pro] [api] 200 mode=pro startsWith=psychy (484ms direct)
[w5:kl:pro] "psychy" → 0 records, 0 words
[w5:kl:pro] "psychy" branch complete
[w5:kl:pro] Saved 27,069 worker words
[w5:kl:pro] Searching "psychz" | queue=21 | words=27069
[w5:kl:pro] Pacing 15s before "psychz" (gap=15500ms)
[w5:kl:pro] Managed Turnstile token (len=816, 4614ms, remount)
[w5:kl:pro] [api] 200 mode=pro startsWith=psychz
[w5:kl:pro] [api] 200 mode=pro startsWith=psychz (557ms direct)
[w5:kl:pro] "psychz" → 0 records, 0 words
[w5:kl:pro] "psychz" branch complete
[w5:kl:pro] Saved 27,069 worker words
[w5:kl:pro] Searching "phospho" | queue=20 | words=27069
[w5:kl:pro] Pacing 15s before "phospho" (gap=15500ms)
[w5:kl:pro] heartbeat words=27069 queue=20 rotation=33 idle=2s
[w5:kl:pro] Managed Turnstile token (len=816, 4158ms, remount)
[w5:kl:pro] [api] 200 mode=pro startsWith=phospho
[w5:kl:pro] [api] 200 mode=pro startsWith=phospho (506ms direct)
[w5:kl:pro] "phospho" → 100 records, 100 words (incl. exact "phospho")
[w5:kl:pro] Pacing 15s before "phospho" (gap=15500ms)
[w5:kl:pro] Managed Turnstile token (len=816, 5001ms, remount)
[w5:kl:pro] [api] 200 mode=pro startsWith=phospho
[w5:kl:pro] [api] 200 mode=pro startsWith=phospho sort=alphabetical:desc (525ms direct)
[w5:kl:pro] "phospho" full page ends at "phosphorism" (next='r'); skip 24 covered groups → 4 children reverse Z→A ends at "phosphophori" (lo='p' hi='w'); skip 6 middle + 0 new words
[w5:kl:pro] Saved 27,086 worker words
[w5:kl:pro] Searching "phosphy" | queue=23 | words=27086
[w5:kl:pro] Pacing 15s before "phosphy" (gap=15500ms)
[w5:kl:pro] Managed Turnstile token (len=816, 12100ms, remount)
[w5:kl:pro] [api] 200 mode=pro startsWith=phosphy
[w5:kl:pro] [api] 200 mode=pro startsWith=phosphy (650ms direct)
[w5:kl:pro] "phosphy" → 1 records, 1 words
[w5:kl:pro] "phosphy" branch complete
[w5:kl:pro] Saved 27,086 worker words; shared last.txt now 422,463
[w5:kl:pro] Searching "phosphz" | queue=22 | words=27086
[w5:kl:pro] Pacing 15s before "phosphz" (gap=15500ms)
[w5:kl:pro] Managed Turnstile token (len=816, 11275ms, remount)
[w5:kl:pro] [api] 200 mode=pro startsWith=phosphz
[w5:kl:pro] [api] 200 mode=pro startsWith=phosphz (518ms direct)
[w5:kl:pro] "phosphz" → 0 records, 0 words
[w5:kl:pro] "phosphz" branch complete
[w5:kl:pro] Saved 27,086 worker words
[w5:kl:pro] Searching "predist" | queue=21 | words=27086
[w5:kl:pro] heartbeat words=27086 queue=21 rotation=33 idle=0s
[w5:kl:pro] Pacing 15s before "predist" (gap=15500ms)
[w5:kl:pro] Managed Turnstile token (len=816, 9470ms, remount)
[w5:kl:pro] [api] 200 mode=pro startsWith=predist
[w5:kl:pro] [api] 200 mode=pro startsWith=predist (541ms direct)
[w5:kl:pro] "predist" → 15 records, 15 words
[w5:kl:pro] "predist" branch complete
[w5:kl:pro] Saved 27,086 worker words
[w5:kl:pro] Searching "predisu" | queue=20 | words=27086
[w5:kl:pro] Pacing 15s before "predisu" (gap=15500ms)
[w5:kl:pro] Managed Turnstile token (len=816, 4269ms, remount)
[w5:kl:pro] [api] 200 mode=pro startsWith=predisu
[w5:kl:pro] [api] 200 mode=pro startsWith=predisu (749ms direct)
[w5:kl:pro] "predisu" → 0 records, 0 words
[w5:kl:pro] "predisu" branch complete
[w5:kl:pro] Saved 27,086 worker words
[w5:kl:pro] Searching "predisv" | queue=19 | words=27086
[w5:kl:pro] Pacing 15s before "predisv" (gap=15500ms)
[w5:kl:pro] Managed Turnstile token (len=816, 4260ms, remount)
[w5:kl:pro] [api] 200 mode=pro startsWith=predisv
[w5:kl:pro] [api] 200 mode=pro startsWith=predisv (484ms direct)
[w5:kl:pro] "predisv" → 0 records, 0 words
[w5:kl:pro] "predisv" branch complete
[w5:kl:pro] Saved 27,086 worker words
[w5:kl:pro] Searching "predisw" | queue=18 | words=27086
[w5:kl:pro] Pacing 15s before "predisw" (gap=15500ms)
[w5:kl:pro] Managed Turnstile token (len=816, 4055ms, remount)
[w5:kl:pro] heartbeat words=27086 queue=18 rotation=33 idle=14s
[w5:kl:pro] [api] 200 mode=pro startsWith=predisw
[w5:kl:pro] [api] 200 mode=pro startsWith=predisw (496ms direct)
[w5:kl:pro] "predisw" → 0 records, 0 words
[w5:kl:pro] "predisw" branch complete
[w5:kl:pro] Saved 27,086 worker words
[w5:kl:pro] Searching "predisx" | queue=17 | words=27086
[w5:kl:pro] Pacing 15s before "predisx" (gap=15500ms)
[w5:kl:pro] Managed Turnstile token (len=816, 4506ms, remount)
[w5:kl:pro] [api] 200 mode=pro startsWith=predisx
[w5:kl:pro] [api] 200 mode=pro startsWith=predisx (488ms direct)
[w5:kl:pro] "predisx" → 0 records, 0 words
[w5:kl:pro] "predisx" branch complete
[w5:kl:pro] Saved 27,086 worker words
[w5:kl:pro] Searching "predisy" | queue=16 | words=27086
[w5:kl:pro] Pacing 15s before "predisy" (gap=15500ms)
[w5:kl:pro] Managed Turnstile token (len=816, 4311ms, remount)
[w5:kl:pro] [api] 200 mode=pro startsWith=predisy
[w5:kl:pro] [api] 200 mode=pro startsWith=predisy (615ms direct)
[w5:kl:pro] "predisy" → 0 records, 0 words
[w5:kl:pro] "predisy" branch complete
[w5:kl:pro] Saved 27,086 worker words
[w5:kl:pro] Searching "predisz" | queue=15 | words=27086
[w5:kl:pro] Pacing 15s before "predisz" (gap=15500ms)
[w5:kl:pro] Managed Turnstile token (len=816, 4560ms, remount)
[w5:kl:pro] [api] 200 mode=pro startsWith=predisz
[w5:kl:pro] [api] 200 mode=pro startsWith=predisz (487ms direct)
[w5:kl:pro] "predisz" → 0 records, 0 words
[w5:kl:pro] "predisz" branch complete
[w5:kl:pro] Saved 27,086 worker words; shared last.txt now 422,478
[w5:kl:pro] Searching "psychog" | queue=14 | words=27086
[w5:kl:pro] Pacing 15s before "psychog" (gap=15500ms)
[w5:kl:pro] Managed Turnstile token (len=816, 5682ms, remount)
[w5:kl:pro] heartbeat words=27086 queue=14 rotation=33 idle=11s
[w5:kl:pro] [api] 200 mode=pro startsWith=psychog
[w5:kl:pro] [api] 200 mode=pro startsWith=psychog (542ms direct)
[w5:kl:pro] "psychog" → 36 records, 36 words
[w5:kl:pro] "psychog" branch complete
[w5:kl:pro] Saved 27,115 worker words
[w5:kl:pro] Searching "psychoh" | queue=13 | words=27115
[w5:kl:pro] Pacing 15s before "psychoh" (gap=15500ms)
[w5:kl:pro] Managed Turnstile token (len=816, 4857ms, remount)
[w5:kl:pro] [api] 200 mode=pro startsWith=psychoh
[w5:kl:pro] [api] 200 mode=pro startsWith=psychoh (493ms direct)
[w5:kl:pro] "psychoh" → 5 records, 5 words
[w5:kl:pro] "psychoh" branch complete
[w5:kl:pro] Saved 27,120 worker words
[w5:kl:pro] Searching "psychoi" | queue=12 | words=27120
[w5:kl:pro] Pacing 15s before "psychoi" (gap=15500ms)
[w5:kl:pro] Managed Turnstile token (len=816, 4296ms, remount)
[w5:kl:pro] [api] 200 mode=pro startsWith=psychoi
[w5:kl:pro] [api] 200 mode=pro startsWith=psychoi (488ms direct)
[w5:kl:pro] "psychoi" → 2 records, 2 words
[w5:kl:pro] "psychoi" branch complete
[w5:kl:pro] Saved 27,122 worker words
[w5:kl:pro] Searching "psychoj" | queue=11 | words=27122
[w5:kl:pro] Pacing 15s before "psychoj" (gap=15500ms)
[w5:kl:pro] Managed Turnstile token (len=816, 4555ms, remount)
[w5:kl:pro] [api] 200 mode=pro startsWith=psychoj
[w5:kl:pro] [api] 200 mode=pro startsWith=psychoj (483ms direct)
[w5:kl:pro] "psychoj" → 0 records, 0 words
[w5:kl:pro] "psychoj" branch complete
[w5:kl:pro] Saved 27,122 worker words
[w5:kl:pro] Searching "psychok" | queue=10 | words=27122
[w5:kl:pro] Pacing 15s before "psychok" (gap=15500ms)
[w5:kl:pro] Managed Turnstile token (len=816, 4650ms, remount)
[w5:kl:pro] heartbeat words=27122 queue=10 rotation=33 idle=10s
[w5:kl:pro] [api] 200 mode=pro startsWith=psychok
[w5:kl:pro] [api] 200 mode=pro startsWith=psychok (511ms direct)
[w5:kl:pro] "psychok" → 5 records, 5 words
[w5:kl:pro] "psychok" branch complete
[w5:kl:pro] Saved 27,127 worker words
[w5:kl:pro] Searching "psychol" | queue=9 | words=27127
[w5:kl:pro] Pacing 15s before "psychol" (gap=15500ms)
[w5:kl:pro] Managed Turnstile token (len=816, 4206ms, remount)
[w5:kl:pro] [api] 200 mode=pro startsWith=psychol
[w5:kl:pro] [api] 200 mode=pro startsWith=psychol (498ms direct)
[w5:kl:pro] "psychol" → 31 records, 31 words (incl. exact "psychol")
[w5:kl:pro] "psychol" branch complete
[w5:kl:pro] Saved 27,158 worker words
[w5:kl:pro] Searching "psychom" | queue=8 | words=27158
[w5:kl:pro] Pacing 15s before "psychom" (gap=15500ms)
[w5:kl:pro] Managed Turnstile token (len=816, 4534ms, remount)
[w5:kl:pro] [api] 200 mode=pro startsWith=psychom
[w5:kl:pro] [api] 200 mode=pro startsWith=psychom (503ms direct)
[w5:kl:pro] "psychom" → 25 records, 25 words
[w5:kl:pro] "psychom" branch complete
[w5:kl:pro] Saved 27,183 worker words
[w5:kl:pro] Searching "psychon" | queue=7 | words=27183
[w5:kl:pro] Pacing 15s before "psychon" (gap=15500ms)
[w5:kl:pro] Managed Turnstile token (len=816, 4993ms, remount)
[w5:kl:pro] [api] 200 mode=pro startsWith=psychon
[w5:kl:pro] [api] 200 mode=pro startsWith=psychon (542ms direct)
[w5:kl:pro] "psychon" → 21 records, 21 words (incl. exact "psychon")
[w5:kl:pro] "psychon" branch complete
[w5:kl:pro] Saved 27,204 worker words; shared last.txt now 422,850
[w5:kl:pro] Searching "psychoo" | queue=6 | words=27204
[w5:kl:pro] Pacing 15s before "psychoo" (gap=15500ms)
[w5:kl:pro] Managed Turnstile token (len=816, 5070ms, remount)
[w5:kl:pro] heartbeat words=27204 queue=6 rotation=33 idle=7s
[w5:kl:pro] [api] 200 mode=pro startsWith=psychoo
[w5:kl:pro] [api] 200 mode=pro startsWith=psychoo (501ms direct)
[w5:kl:pro] "psychoo" → 1 records, 1 words
[w5:kl:pro] "psychoo" branch complete
[w5:kl:pro] Saved 27,205 worker words
[w5:kl:pro] Searching "psychop" | queue=5 | words=27205
[w5:kl:pro] Pacing 15s before "psychop" (gap=15500ms)
[w5:kl:pro] Managed Turnstile token (len=816, 4832ms, remount)
[w5:kl:pro] [api] 200 mode=pro startsWith=psychop
[w5:kl:pro] [api] 200 mode=pro startsWith=psychop (482ms direct)
[w5:kl:pro] "psychop" → 57 records, 57 words
[w5:kl:pro] "psychop" branch complete
[w5:kl:pro] Saved 27,243 worker words
[w5:kl:pro] Searching "psychoz" | queue=4 | words=27243
[w5:kl:pro] Pacing 15s before "psychoz" (gap=15500ms)
[w5:kl:pro] Managed Turnstile token (len=816, 4101ms, remount)
[w5:kl:pro] [api] 200 mode=pro startsWith=psychoz
[w5:kl:pro] [api] 200 mode=pro startsWith=psychoz (510ms direct)
[w5:kl:pro] "psychoz" → 1 records, 1 words
[w5:kl:pro] "psychoz" branch complete
[w5:kl:pro] Saved 27,243 worker words
[w5:kl:pro] Searching "phosphow" | queue=3 | words=27243
[w5:kl:pro] Pacing 15s before "phosphow" (gap=15500ms)
[w5:kl:pro] Managed Turnstile token (len=816, 5130ms, remount)
[w5:kl:pro] [api] 200 mode=pro startsWith=phosphow
[w5:kl:pro] [api] 200 mode=pro startsWith=phosphow (498ms direct)
[w5:kl:pro] "phosphow" → 1 records, 1 words
[w5:kl:pro] "phosphow" branch complete
[w5:kl:pro] Saved 27,243 worker words
[w5:kl:pro] Searching "phosphox" | queue=2 | words=27243
[w5:kl:pro] Pacing 15s before "phosphox" (gap=15500ms)
[w5:kl:pro] Managed Turnstile token (len=816, 4145ms, remount)
[w5:kl:pro] heartbeat words=27243 queue=2 rotation=33 idle=6s
[w5:kl:pro] [api] 200 mode=pro startsWith=phosphox
[w5:kl:pro] [api] 200 mode=pro startsWith=phosphox (615ms direct)
[w5:kl:pro] "phosphox" → 0 records, 0 words
[w5:kl:pro] "phosphox" branch complete
[w5:kl:pro] Saved 27,243 worker words
[w5:kl:pro] Searching "phosphoy" | queue=1 | words=27243
[w5:kl:pro] Pacing 15s before "phosphoy" (gap=15500ms)
[w5:kl:pro] Managed Turnstile token (len=816, 5768ms, remount)
[w5:kl:pro] [api] 200 mode=pro startsWith=phosphoy
[w5:kl:pro] [api] 200 mode=pro startsWith=phosphoy (484ms direct)
[w5:kl:pro] "phosphoy" → 0 records, 0 words
[w5:kl:pro] "phosphoy" branch complete
[w5:kl:pro] Saved 27,243 worker words
[w5:kl:pro] Searching "phosphoz" | queue=0 | words=27243
[w5:kl:pro] Pacing 15s before "phosphoz" (gap=15500ms)
[w5:kl:pro] Managed Turnstile token (len=816, 5574ms, remount)
[w5:kl:pro] [api] 200 mode=pro startsWith=phosphoz
[w5:kl:pro] [api] 200 mode=pro startsWith=phosphoz (522ms direct)
[w5:kl:pro] "phosphoz" → 0 records, 0 words
[w5:kl:pro] "phosphoz" branch complete
[w5:kl:pro] Saved 27,243 worker words
[w5:kl:pro] Saved 27,243 worker words; shared last.txt now 422,985
[w5:kl:pro] Worker done. prefixes=3876 words=27243
[w5:kl:pro] Managed Turnstile miss (313ms)
[w5:kl:pro] Tor exited code=0
