[w6:mn:pro] IP mode=tor
[w6:mn:pro] Cleaned 1 old rotated profile(s)
[w6:mn:pro] Starting Tor gen=1 socks=127.0.0.1:19056 (try 1)
[w6:mn:pro] tor: Aug 05 08:51:55.722 [notice] Opened Socks listener connection (ready) on 127.0.0.1:19056
Aug 05 08:51:55.722 [warn] Fixing permissions on directory /tmp/lll-tor
[w6:mn:pro] tor: Aug 05 08:51:55.000 [notice] Bootstrapped 0% (starting): Starting
[w6:mn:pro] tor: Aug 05 08:51:56.000 [notice] Bootstrapped 5% (conn): Connecting to a relay
[w6:mn:pro] tor: Aug 05 08:51:56.000 [notice] Bootstrapped 10% (conn_done): Connected to a relay
[w6:mn:pro] tor: Aug 05 08:51:58.000 [notice] Bootstrapped 14% (handshake): Handshaking with a relay
[w6:mn:pro] tor: Aug 05 08:51:59.000 [notice] Bootstrapped 15% (handshake_done): Handshake with a relay done
[w6:mn:pro] tor: Aug 05 08:51:59.000 [notice] Bootstrapped 20% (onehop_create): Establishing an encrypted directory connection
[w6:mn:pro] tor: Aug 05 08:51:59.000 [notice] Bootstrapped 25% (requesting_status): Asking for networkstatus consensus
[w6:mn:pro] tor: Aug 05 08:51:59.000 [notice] Bootstrapped 30% (loading_status): Loading networkstatus consensus
[w6:mn:pro] tor: Aug 05 08:52:01.000 [notice] Bootstrapped 40% (loading_keys): Loading authority key certs
[w6:mn:pro] tor: Aug 05 08:52:01.000 [notice] Bootstrapped 45% (requesting_descriptors): Asking for relay descriptors
Aug 05 08:52:01.000 [notice] I learned some more directory 
[w6:mn:pro] tor: Aug 05 08:52:02.000 [notice] Bootstrapped 50% (loading_descriptors): Loading relay descriptors
[w6:mn:pro] tor: Aug 05 08:52:11.000 [notice] Bootstrapped 55% (loading_descriptors): Loading relay descriptors
[w6:mn:pro] tor: Aug 05 08:52:11.000 [notice] Bootstrapped 61% (loading_descriptors): Loading relay descriptors
[w6:mn:pro] tor: Aug 05 08:52:12.000 [notice] Bootstrapped 67% (loading_descriptors): Loading relay descriptors
[w6:mn:pro] tor: Aug 05 08:52:12.000 [notice] Bootstrapped 75% (enough_dirinfo): Loaded enough directory info to build circuits
[w6:mn:pro] tor: Aug 05 08:52:12.000 [notice] Bootstrapped 90% (ap_handshake_done): Handshake finished with a relay to build circuits
Aug 05 08:52:12.000 [notice] Bootstrapped 9
[w6:mn:pro] tor: Aug 05 08:52:13.000 [notice] Bootstrapped 100% (done): Done
[w6:mn:pro] Tor ready on 19056 exit=45.13.225.78
[w6:mn:pro] Launching persistent Chrome profile /tmp/lll-pw-w6-r0
[w6:mn:pro] Proxy tor#1 socks5://127.0.0.1:19056
[w6:mn:pro] Opening https://lastletterlibrary.com
[w6:mn:pro] Library mode=pro
[w6:mn:pro] Managed Turnstile token (len=816, 8218ms, remount)
[w6:mn:pro] Search mode=direct (skip UI Wait Ns… gate)
[w6:mn:pro] Browser exit IP=45.13.225.78 (unique)
[w6:mn:pro] Loaded 2303 prefixes, 24416 words; queue=216
[w6:mn:pro] Searching "metrs" | queue=215 | words=24416
[w6:mn:pro] [api] 200 mode=pro startsWith=metrs
[w6:mn:pro] [api] 200 mode=pro startsWith=metrs (693ms direct)
[w6:mn:pro] "metrs" → 0 records, 0 words
[w6:mn:pro] "metrs" branch complete
[w6:mn:pro] Saved 24,416 worker words
[w6:mn:pro] Searching "metrt" | queue=214 | words=24416
[w6:mn:pro] Pacing 15s before "metrt" (gap=15500ms)
[w6:mn:pro] Managed Turnstile token (len=816, 6894ms, reset)
[w6:mn:pro] [api] 200 mode=pro startsWith=metrt
[w6:mn:pro] [api] 200 mode=pro startsWith=metrt (672ms direct)
[w6:mn:pro] "metrt" → 0 records, 0 words
[w6:mn:pro] "metrt" branch complete
[w6:mn:pro] Saved 24,416 worker words
[w6:mn:pro] Searching "metru" | queue=213 | words=24416
[w6:mn:pro] Pacing 15s before "metru" (gap=15500ms)
[w6:mn:pro] Managed Turnstile token (len=816, 5717ms, reset)
[w6:mn:pro] [api] 200 mode=pro startsWith=metru
[w6:mn:pro] [api] 200 mode=pro startsWith=metru (614ms direct)
[w6:mn:pro] "metru" → 0 records, 0 words
[w6:mn:pro] "metru" branch complete
[w6:mn:pro] Saved 24,416 worker words
[w6:mn:pro] Searching "metrv" | queue=212 | words=24416
[w6:mn:pro] Pacing 15s before "metrv" (gap=15500ms)
[w6:mn:pro] Managed Turnstile token (len=816, 5132ms, reset)
[w6:mn:pro] [api] 200 mode=pro startsWith=metrv
[w6:mn:pro] [api] 200 mode=pro startsWith=metrv (481ms direct)
[w6:mn:pro] "metrv" → 0 records, 0 words
[w6:mn:pro] "metrv" branch complete
[w6:mn:pro] Saved 24,416 worker words
[w6:mn:pro] Searching "metrw" | queue=211 | words=24416
[w6:mn:pro] Pacing 15s before "metrw" (gap=15500ms)
[w6:mn:pro] Managed Turnstile token (len=816, 4606ms, reset)
[w6:mn:pro] heartbeat words=24416 queue=211 rotation=0 idle=8s
[w6:mn:pro] [api] 200 mode=pro startsWith=metrw
[w6:mn:pro] [api] 200 mode=pro startsWith=metrw (474ms direct)
[w6:mn:pro] "metrw" → 0 records, 0 words
[w6:mn:pro] "metrw" branch complete
[w6:mn:pro] Saved 24,416 worker words
[w6:mn:pro] Searching "metrx" | queue=210 | words=24416
[w6:mn:pro] Pacing 15s before "metrx" (gap=15500ms)
[w6:mn:pro] Managed Turnstile token (len=816, 4668ms, reset)
[w6:mn:pro] [api] 200 mode=pro startsWith=metrx
[w6:mn:pro] [api] 200 mode=pro startsWith=metrx (819ms direct)
[w6:mn:pro] "metrx" → 0 records, 0 words
[w6:mn:pro] "metrx" branch complete
[w6:mn:pro] Saved 24,416 worker words
[w6:mn:pro] Searching "metry" | queue=209 | words=24416
[w6:mn:pro] Pacing 14s before "metry" (gap=15500ms)
[w6:mn:pro] Turnstile mint hard timeout after 28000ms
[w6:mn:pro] heartbeat words=24416 queue=209 rotation=0 idle=13s
[w6:mn:pro] Site Turnstile remint timed out (43035ms)
[w6:mn:pro] Turnstile mint hard timeout after 28000ms
[w6:mn:pro] Turnstile token present (len=816)
[w6:mn:pro] Site Turnstile token (32409ms)
[w6:mn:pro] Managed Turnstile token (len=816, 19915ms, remount)
[w6:mn:pro] [api] 200 mode=pro startsWith=metry
[w6:mn:pro] [api] 200 mode=pro startsWith=metry (566ms direct)
[w6:mn:pro] "metry" → 0 records, 0 words
[w6:mn:pro] "metry" branch complete
[w6:mn:pro] Saved 24,416 worker words
[w6:mn:pro] Searching "metrz" | queue=208 | words=24416
[w6:mn:pro] Pacing 15s before "metrz" (gap=15500ms)
[w6:mn:pro] Managed Turnstile token (len=816, 6687ms, reset)
[w6:mn:pro] [api] 200 mode=pro startsWith=metrz
[w6:mn:pro] [api] 200 mode=pro startsWith=metrz (455ms direct)
[w6:mn:pro] "metrz" → 0 records, 0 words
[w6:mn:pro] "metrz" branch complete
[w6:mn:pro] Saved 24,416 worker words; shared last.txt now 278,843
[w6:mn:pro] Searching "micro" | queue=207 | words=24416
[w6:mn:pro] Pacing 14s before "micro" (gap=15500ms)
[w6:mn:pro] Managed Turnstile token (len=816, 6440ms, reset)
[w6:mn:pro] [api] 200 mode=pro startsWith=micro
[w6:mn:pro] [api] 200 mode=pro startsWith=micro (662ms direct)
[w6:mn:pro] "micro" → 100 records, 100 words (incl. exact "micro")
[w6:mn:pro] Pacing 15s before "micro" (gap=15500ms)
[w6:mn:pro] heartbeat words=24439 queue=207 rotation=0 idle=4s
[w6:mn:pro] Managed Turnstile token (len=816, 7620ms, reset)
[w6:mn:pro] [api] 200 mode=pro startsWith=micro
[w6:mn:pro] [api] 200 mode=pro startsWith=micro sort=alphabetical:desc (784ms direct)
[w6:mn:pro] "micro" full page ends at "microbious" (next='b'); skip 8 covered groups → 20 children reverse Z→A ends at "microtarget" (lo='t' hi='z'); skip 5 middle + 6 new words
[w6:mn:pro] Saved 24,445 worker words
[w6:mn:pro] Searching "micru" | queue=226 | words=24445
[w6:mn:pro] Pacing 15s before "micru" (gap=15500ms)
[w6:mn:pro] Managed Turnstile token (len=816, 5421ms, reset)
[w6:mn:pro] [api] 200 mode=pro startsWith=micru
[w6:mn:pro] [api] 200 mode=pro startsWith=micru (962ms direct)
[w6:mn:pro] "micru" → 6 records, 6 words
[w6:mn:pro] "micru" branch complete
[w6:mn:pro] Saved 24,445 worker words
[w6:mn:pro] Searching "micrv" | queue=225 | words=24445
[w6:mn:pro] Pacing 14s before "micrv" (gap=15500ms)
[w6:mn:pro] Site Turnstile remint timed out (25925ms)
[w6:mn:pro] heartbeat words=24445 queue=225 rotation=0 idle=7s
[w6:mn:pro] Turnstile mint hard timeout after 28000ms
[w6:mn:pro] Turnstile token present (len=816)
[w6:mn:pro] Site Turnstile token (28924ms)
[w6:mn:pro] Managed Turnstile token (len=816, 19486ms, remount)
[w6:mn:pro] [api] 200 mode=pro startsWith=micrv
[w6:mn:pro] [api] 200 mode=pro startsWith=micrv (682ms direct)
[w6:mn:pro] "micrv" → 0 records, 0 words
[w6:mn:pro] "micrv" branch complete
[w6:mn:pro] Saved 24,445 worker words
[w6:mn:pro] Searching "micrw" | queue=224 | words=24445
[w6:mn:pro] Pacing 11s before "micrw" (gap=15500ms)
[w6:mn:pro] heartbeat words=24445 queue=224 rotation=0 idle=20s
[w6:mn:pro] Turnstile token present (len=816)
[w6:mn:pro] Site Turnstile token (25571ms)
[w6:mn:pro] [api] 200 mode=pro startsWith=micrw
[w6:mn:pro] [api] 200 mode=pro startsWith=micrw (777ms direct)
[w6:mn:pro] "micrw" → 0 records, 0 words
[w6:mn:pro] "micrw" branch complete
[w6:mn:pro] Saved 24,445 worker words
[w6:mn:pro] Searching "micrx" | queue=223 | words=24445
[w6:mn:pro] Pacing 15s before "micrx" (gap=15500ms)
[w6:mn:pro] Managed Turnstile token (len=816, 16400ms, remount)
[w6:mn:pro] [api] 200 mode=pro startsWith=micrx
[w6:mn:pro] [api] 200 mode=pro startsWith=micrx (514ms direct)
[w6:mn:pro] "micrx" → 0 records, 0 words
[w6:mn:pro] "micrx" branch complete
[w6:mn:pro] Saved 24,445 worker words
[w6:mn:pro] Searching "micry" | queue=222 | words=24445
[w6:mn:pro] Pacing 15s before "micry" (gap=15500ms)
[w6:mn:pro] Managed Turnstile token (len=816, 4379ms, reset)
[w6:mn:pro] [api] 200 mode=pro startsWith=micry
[w6:mn:pro] [api] 200 mode=pro startsWith=micry (545ms direct)
[w6:mn:pro] "micry" → 0 records, 0 words
[w6:mn:pro] "micry" branch complete
[w6:mn:pro] Saved 24,445 worker words
[w6:mn:pro] Searching "micrz" | queue=221 | words=24445
[w6:mn:pro] Pacing 15s before "micrz" (gap=15500ms)
[w6:mn:pro] Managed Turnstile token (len=816, 8826ms, reset)
[w6:mn:pro] [api] 200 mode=pro startsWith=micrz
[w6:mn:pro] [api] 200 mode=pro startsWith=micrz (566ms direct)
[w6:mn:pro] "micrz" → 0 records, 0 words
[w6:mn:pro] "micrz" branch complete
[w6:mn:pro] Saved 24,445 worker words
[w6:mn:pro] Searching "milli" | queue=220 | words=24445
[w6:mn:pro] Pacing 14s before "milli" (gap=15500ms)
[w6:mn:pro] heartbeat words=24445 queue=220 rotation=0 idle=6s
[w6:mn:pro] Turnstile mint hard timeout after 28000ms
[w6:mn:pro] Site Turnstile remint timed out (43226ms)
[w6:mn:pro] Turnstile direct mint miss (1/2)
[w6:mn:pro] Turnstile direct mint miss (2/2)
[w6:mn:pro] Failed "milli" attempt 1: No Turnstile token for direct search
[w6:mn:pro] Tor exited code=0
[w6:mn:pro] Saved 24,445 worker words; shared last.txt now 279,379
[w6:mn:pro] Turnstile miss — soft reload before rotate
[w6:mn:pro] Soft reload failed: page.goto: Target page, context or browser has been closed
[w6:mn:pro] Searching "milli" | queue=220 | words=24445
[w6:mn:pro] Failed "milli" attempt 2: locator.count: Target page, context or browser has been closed
[w6:mn:pro] Saved 24,445 worker words
[w6:mn:pro] Site Turnstile remint timed out (24850ms)
[w6:mn:pro] Starting Tor gen=2 socks=127.0.0.1:19056 (try 1)
[w6:mn:pro] tor: Aug 05 08:59:23.382 [warn] Fixing permissions on directory /tmp/lll-tor-w6
[w6:mn:pro] tor: Aug 05 08:59:23.000 [notice] Bootstrapped 0% (starting): Starting
[w6:mn:pro] tor: Aug 05 08:59:24.000 [notice] Bootstrapped 5% (conn): Connecting to a relay
[w6:mn:pro] tor: Aug 05 08:59:24.000 [notice] Bootstrapped 10% (conn_done): Connected to a relay
[w6:mn:pro] heartbeat words=24445 queue=221 rotation=1 idle=9s
[w6:mn:pro] IP mode=tor
[w6:mn:pro] Cleaned 1 old rotated profile(s)
[w6:mn:pro] Starting Tor gen=1 socks=127.0.0.1:19056 (try 1)
[w6:mn:pro] tor: Aug 05 09:00:24.457 [notice] Opened Socks listener connection (ready) on 127.0.0.1:19056
Aug 05 09:00:24.457 [warn] Fixing permissions on directory /tmp/lll-tor
[w6:mn:pro] tor: Aug 05 09:00:24.000 [notice] Bootstrapped 0% (starting): Starting
[w6:mn:pro] tor: Aug 05 09:00:25.000 [notice] Bootstrapped 5% (conn): Connecting to a relay
[w6:mn:pro] tor: Aug 05 09:00:25.000 [notice] Bootstrapped 10% (conn_done): Connected to a relay
[w6:mn:pro] tor: Aug 05 09:00:26.000 [notice] Bootstrapped 14% (handshake): Handshaking with a relay
[w6:mn:pro] tor: Aug 05 09:00:26.000 [notice] Bootstrapped 15% (handshake_done): Handshake with a relay done
Aug 05 09:00:26.000 [notice] Bootstrapped 20% (onehop_create): Estab
[w6:mn:pro] tor: Aug 05 09:00:26.000 [notice] Bootstrapped 25% (requesting_status): Asking for networkstatus consensus
[w6:mn:pro] tor: Aug 05 09:00:26.000 [notice] Bootstrapped 30% (loading_status): Loading networkstatus consensus
[w6:mn:pro] tor: Aug 05 09:00:29.000 [notice] Bootstrapped 40% (loading_keys): Loading authority key certs
[w6:mn:pro] tor: Aug 05 09:00:29.000 [notice] Bootstrapped 45% (requesting_descriptors): Asking for relay descriptors
Aug 05 09:00:29.000 [notice] I learned some more directory 
[w6:mn:pro] tor: Aug 05 09:00:30.000 [notice] Bootstrapped 50% (loading_descriptors): Loading relay descriptors
[w6:mn:pro] tor: Aug 05 09:00:38.000 [notice] Bootstrapped 55% (loading_descriptors): Loading relay descriptors
[w6:mn:pro] tor: Aug 05 09:00:39.000 [notice] Bootstrapped 61% (loading_descriptors): Loading relay descriptors
[w6:mn:pro] tor: Aug 05 09:00:39.000 [notice] Bootstrapped 67% (loading_descriptors): Loading relay descriptors
[w6:mn:pro] tor: Aug 05 09:00:39.000 [notice] Bootstrapped 75% (enough_dirinfo): Loaded enough directory info to build circuits
[w6:mn:pro] tor: Aug 05 09:00:39.000 [notice] Bootstrapped 90% (ap_handshake_done): Handshake finished with a relay to build circuits
Aug 05 09:00:39.000 [notice] Bootstrapped 9
[w6:mn:pro] tor: Aug 05 09:00:40.000 [notice] Bootstrapped 100% (done): Done
[w6:mn:pro] Tor ready on 19056 exit=185.220.100.243
[w6:mn:pro] Launching persistent Chrome profile /tmp/lll-pw-w6-r0
[w6:mn:pro] Proxy tor#1 socks5://127.0.0.1:19056
[w6:mn:pro] Opening https://lastletterlibrary.com
[w6:mn:pro] Library mode=pro
[w6:mn:pro] Site Turnstile remint timed out (22354ms)
[w6:mn:pro] Search mode=direct (skip UI Wait Ns… gate)
[w6:mn:pro] Browser exit IP=185.220.100.243 (unique)
[w6:mn:pro] Loaded 2326 prefixes, 24445 words; queue=221
[w6:mn:pro] Searching "milli" | queue=220 | words=24445
[w6:mn:pro] Site Turnstile remint timed out (22495ms)
[w6:mn:pro] Site Turnstile remint timed out (23687ms)
[w6:mn:pro] heartbeat words=24445 queue=220 rotation=0 idle=15s
[w6:mn:pro] Turnstile token present (len=837)
[w6:mn:pro] Site Turnstile token (21585ms)
[w6:mn:pro] [api] 200 mode=pro startsWith=milli
[w6:mn:pro] [api] 200 mode=pro startsWith=milli (604ms direct)
[w6:mn:pro] "milli" → 100 records, 100 words
[w6:mn:pro] Pacing 13s before "milli" (gap=15500ms)
[w6:mn:pro] Turnstile mint hard timeout after 28000ms
[w6:mn:pro] Site Turnstile remint timed out (35349ms)
[w6:mn:pro] heartbeat words=24537 queue=220 rotation=0 idle=16s
[w6:mn:pro] Turnstile mint hard timeout after 28000ms
[w6:mn:pro] Turnstile mint hard timeout after 28000ms
[w6:mn:pro] Site Turnstile remint timed out (28777ms)
[w6:mn:pro] Site Turnstile remint timed out (22876ms)
[w6:mn:pro] "milli" reverse search failed (No Turnstile token for direct search); forward-only
[w6:mn:pro] "milli" full page ends at "millionairedom" (next='o'); skip 16 covered groups → 12 children from millio..
[w6:mn:pro] Saved 24,537 worker words
[w6:mn:pro] Searching "milly" | queue=231 | words=24537
[w6:mn:pro] heartbeat words=24537 queue=231 rotation=0 idle=4s
[w6:mn:pro] Site Turnstile remint timed out (23304ms)
[w6:mn:pro] Site Turnstile remint timed out (23939ms)
[w6:mn:pro] heartbeat words=24537 queue=231 rotation=0 idle=17s
[w6:mn:pro] Turnstile token present (len=837)
[w6:mn:pro] Site Turnstile token (24384ms)
[w6:mn:pro] [api] 200 mode=pro startsWith=milly
[w6:mn:pro] [api] 200 mode=pro startsWith=milly (799ms direct)
[w6:mn:pro] "milly" → 1 records, 1 words (incl. exact "milly")
[w6:mn:pro] "milly" branch complete
[w6:mn:pro] Saved 24,537 worker words
[w6:mn:pro] Searching "millz" | queue=230 | words=24537
[w6:mn:pro] Pacing 15s before "millz" (gap=15500ms)
[w6:mn:pro] Turnstile mint hard timeout after 28000ms
[w6:mn:pro] heartbeat words=24537 queue=230 rotation=0 idle=23s
[w6:mn:pro] Site Turnstile remint timed out (26231ms)
[w6:mn:pro] Turnstile token present (len=837)
[w6:mn:pro] Site Turnstile token (20730ms)
[w6:mn:pro] [api] 200 mode=pro startsWith=millz
[w6:mn:pro] [api] 200 mode=pro startsWith=millz (429ms direct)
[w6:mn:pro] "millz" → 0 records, 0 words
[w6:mn:pro] "millz" branch complete
[w6:mn:pro] Saved 24,537 worker words
[w6:mn:pro] Searching "minif" | queue=229 | words=24537
[w6:mn:pro] Pacing 15s before "minif" (gap=15500ms)
[w6:mn:pro] Site Turnstile remint timed out (22511ms)
[w6:mn:pro] heartbeat words=24537 queue=229 rotation=0 idle=14s
[w6:mn:pro] Site Turnstile remint timed out (22409ms)
[w6:mn:pro] Site Turnstile remint timed out (22712ms)
[w6:mn:pro] Site Turnstile remint timed out (24620ms)
[w6:mn:pro] heartbeat words=24537 queue=229 rotation=0 idle=4s
[w6:mn:pro] Site Turnstile remint timed out (24410ms)
[w6:mn:pro] Failed "minif" attempt 1: No Turnstile token for direct search
[w6:mn:pro] Saved 24,537 worker words
[w6:mn:pro] Turnstile miss — soft reload before rotate
[w6:mn:pro] Site Turnstile remint timed out (201089ms)
[w6:mn:pro] Site Turnstile remint timed out (354355ms)
[w6:mn:pro] Site Turnstile remint timed out (12079ms)
[w6:mn:pro] Soft reload mint failed — rotating immediately
[w6:mn:pro] Tor exited code=null
[w6:mn:pro] Starting Tor gen=2 socks=127.0.0.1:19056 (try 1)
[w6:mn:pro] tor: Aug 05 09:08:57.481 [notice] Opening Socks listener on 127.0.0.1:19056
Aug 05 09:08:57.482 [notice] Opened Socks listener connection (ready) on 127.0.0.1:19056

[w6:mn:pro] tor: Aug 05 09:09:02.000 [notice] Bootstrapped 0% (starting): Starting
Aug 05 09:09:02.000 [notice] Starting with guard context "default"
[w6:mn:pro] tor: Aug 05 09:09:03.000 [notice] Bootstrapped 5% (conn): Connecting to a relay
Aug 05 09:09:03.000 [notice] Bootstrapped 10% (conn_done): Connected to a relay
[w6:mn:pro] tor: Aug 05 09:09:04.000 [notice] Bootstrapped 14% (handshake): Handshaking with a relay
[w6:mn:pro] tor: Aug 05 09:09:05.000 [notice] Bootstrapped 15% (handshake_done): Handshake with a relay done
Aug 05 09:09:05.000 [notice] Bootstrapped 20% (onehop_create): Estab
[w6:mn:pro] tor: Aug 05 09:09:05.000 [notice] Bootstrapped 25% (requesting_status): Asking for networkstatus consensus
[w6:mn:pro] tor: Aug 05 09:09:05.000 [notice] Bootstrapped 30% (loading_status): Loading networkstatus consensus
[w6:mn:pro] tor: Aug 05 09:09:08.000 [notice] Bootstrapped 40% (loading_keys): Loading authority key certs
[w6:mn:pro] tor: Aug 05 09:09:10.000 [notice] Bootstrapped 45% (requesting_descriptors): Asking for relay descriptors
Aug 05 09:09:10.000 [notice] I learned some more directory 
[w6:mn:pro] tor: Aug 05 09:09:11.000 [notice] Bootstrapped 50% (loading_descriptors): Loading relay descriptors
[w6:mn:pro] heartbeat words=24537 queue=230 rotation=1 idle=2s
[w6:mn:pro] heartbeat words=24537 queue=230 rotation=1 idle=62s
[w6:mn:pro] tor: Aug 05 09:10:14.000 [notice] Bootstrapped 55% (loading_descriptors): Loading relay descriptors
[w6:mn:pro] tor: Aug 05 09:10:24.000 [notice] Bootstrapped 61% (loading_descriptors): Loading relay descriptors
[w6:mn:pro] tor: Aug 05 09:10:28.000 [notice] Bootstrapped 67% (loading_descriptors): Loading relay descriptors
[w6:mn:pro] tor: Aug 05 09:10:42.000 [notice] Bootstrapped 75% (enough_dirinfo): Loaded enough directory info to build circuits
[w6:mn:pro] tor: Aug 05 09:10:42.000 [notice] Bootstrapped 90% (ap_handshake_done): Handshake finished with a relay to build circuits
Aug 05 09:10:42.000 [notice] Bootstrapped 9
[w6:mn:pro] tor: Aug 05 09:10:46.000 [notice] Bootstrapped 100% (done): Done
[w6:mn:pro] Tor ready on 19056 exit=185.220.101.1
[w6:mn:pro] Rotating IP (#1, try 1) after No Turnstile token for direct search → tor#2 socks5://127.0.0.1:19056
[w6:mn:pro] Launching persistent Chrome profile /tmp/lll-pw-w6-r1
[w6:mn:pro] Proxy tor#2 socks5://127.0.0.1:19056
[w6:mn:pro] Opening https://lastletterlibrary.com
[w6:mn:pro] heartbeat words=24537 queue=230 rotation=1 idle=4s
[w6:mn:pro] Library mode=pro
[w6:mn:pro] Site Turnstile remint timed out (23020ms)
[w6:mn:pro] Search mode=direct (skip UI Wait Ns… gate)
[w6:mn:pro] Cleaned 1 old rotated profile(s)
[w6:mn:pro] Browser exit IP=185.220.101.1 (unique)
[w6:mn:pro] Searching "minif" | queue=229 | words=24537
[w6:mn:pro] Site Turnstile remint timed out (27955ms)
[w6:mn:pro] heartbeat words=24537 queue=229 rotation=1 idle=0s
[w6:mn:pro] Site Turnstile remint timed out (27385ms)
[w6:mn:pro] Site Turnstile remint timed out (26718ms)
[w6:mn:pro] heartbeat words=24537 queue=229 rotation=1 idle=6s
[w6:mn:pro] Site Turnstile remint timed out (25118ms)
[w6:mn:pro] Failed "minif" attempt 1: No Turnstile token for direct search
[w6:mn:pro] Saved 24,537 worker words
[w6:mn:pro] Turnstile miss — soft reload before rotate
[w6:mn:pro] Site Turnstile remint timed out (14988ms)
[w6:mn:pro] Soft reload mint failed — rotating immediately
[w6:mn:pro] Tor exited code=null
[w6:mn:pro] Starting Tor gen=3 socks=127.0.0.1:19056 (try 1)
[w6:mn:pro] tor: Aug 05 09:13:58.966 [notice] Opening Socks listener on 127.0.0.1:19056
Aug 05 09:13:58.967 [notice] Opened Socks listener connection (ready) on 127.0.0.1:19056

[w6:mn:pro] tor: Aug 05 09:14:02.000 [notice] Bootstrapped 0% (starting): Starting
Aug 05 09:14:02.000 [notice] Starting with guard context "default"
[w6:mn:pro] tor: Aug 05 09:14:03.000 [notice] Bootstrapped 5% (conn): Connecting to a relay
Aug 05 09:14:03.000 [notice] Bootstrapped 10% (conn_done): Connected to a relay
[w6:mn:pro] tor: Aug 05 09:14:04.000 [notice] Bootstrapped 14% (handshake): Handshaking with a relay
[w6:mn:pro] tor: Aug 05 09:14:05.000 [notice] Bootstrapped 15% (handshake_done): Handshake with a relay done
Aug 05 09:14:05.000 [notice] Bootstrapped 20% (onehop_create): Estab
[w6:mn:pro] tor: Aug 05 09:14:05.000 [notice] Bootstrapped 25% (requesting_status): Asking for networkstatus consensus
[w6:mn:pro] tor: Aug 05 09:14:05.000 [notice] Bootstrapped 30% (loading_status): Loading networkstatus consensus
[w6:mn:pro] tor: Aug 05 09:14:07.000 [notice] Bootstrapped 40% (loading_keys): Loading authority key certs
[w6:mn:pro] tor: Aug 05 09:14:09.000 [notice] Bootstrapped 45% (requesting_descriptors): Asking for relay descriptors
Aug 05 09:14:09.000 [notice] I learned some more directory 
[w6:mn:pro] tor: Aug 05 09:14:11.000 [notice] Bootstrapped 50% (loading_descriptors): Loading relay descriptors
[w6:mn:pro] heartbeat words=24537 queue=230 rotation=2 idle=3s
[w6:mn:pro] tor: Aug 05 09:14:31.000 [notice] Bootstrapped 55% (loading_descriptors): Loading relay descriptors
[w6:mn:pro] tor: Aug 05 09:14:45.000 [notice] Bootstrapped 61% (loading_descriptors): Loading relay descriptors
[w6:mn:pro] tor: Aug 05 09:14:49.000 [notice] Bootstrapped 67% (loading_descriptors): Loading relay descriptors
[w6:mn:pro] tor: Aug 05 09:14:56.000 [notice] Bootstrapped 75% (enough_dirinfo): Loaded enough directory info to build circuits
[w6:mn:pro] tor: Aug 05 09:14:56.000 [notice] Bootstrapped 90% (ap_handshake_done): Handshake finished with a relay to build circuits
Aug 05 09:14:56.000 [notice] Bootstrapped 9
[w6:mn:pro] tor: Aug 05 09:15:05.000 [notice] Bootstrapped 100% (done): Done
[w6:mn:pro] Tor ready on 19056 exit=192.42.116.65
[w6:mn:pro] Rotating IP (#2, try 1) after No Turnstile token for direct search → tor#3 socks5://127.0.0.1:19056
[w6:mn:pro] Launching persistent Chrome profile /tmp/lll-pw-w6-r2
[w6:mn:pro] Proxy tor#3 socks5://127.0.0.1:19056
[w6:mn:pro] heartbeat words=24537 queue=230 rotation=2 idle=2s
[w6:mn:pro] Opening https://lastletterlibrary.com
[w6:mn:pro] Library mode=pro
[w6:mn:pro] Site Turnstile remint timed out (26768ms)
[w6:mn:pro] Search mode=direct (skip UI Wait Ns… gate)
[w6:mn:pro] Cleaned 1 old rotated profile(s)
[w6:mn:pro] Browser exit IP=192.42.116.114 (unique)
[w6:mn:pro] Searching "minif" | queue=229 | words=24537
[w6:mn:pro] heartbeat words=24537 queue=229 rotation=2 idle=0s
[w6:mn:pro] Site Turnstile remint timed out (26292ms)
[w6:mn:pro] Managed Turnstile token (len=816, 16396ms, remount)
[w6:mn:pro] [api] 200 mode=pro startsWith=minif
[w6:mn:pro] [api] 200 mode=pro startsWith=minif (761ms direct)
[w6:mn:pro] "minif" → 10 records, 10 words
[w6:mn:pro] "minif" branch complete
[w6:mn:pro] Saved 24,537 worker words
[w6:mn:pro] Searching "minig" | queue=228 | words=24537
[w6:mn:pro] Pacing 10s before "minig" (gap=15500ms)
[w6:mn:pro] Site Turnstile remint timed out (27751ms)
[w6:mn:pro] heartbeat words=24537 queue=228 rotation=2 idle=1s
[w6:mn:pro] Managed Turnstile token (len=816, 17363ms, remount)
[w6:mn:pro] [api] 200 mode=pro startsWith=minig
[w6:mn:pro] [api] 200 mode=pro startsWith=minig (844ms direct)
[w6:mn:pro] "minig" → 6 records, 6 words
[w6:mn:pro] "minig" branch complete
[w6:mn:pro] Saved 24,543 worker words
[w6:mn:pro] Searching "minih" | queue=227 | words=24543
[w6:mn:pro] Pacing 15s before "minih" (gap=15500ms)
[w6:mn:pro] Site Turnstile remint timed out (26678ms)
[w6:mn:pro] heartbeat words=24543 queue=227 rotation=2 idle=16s
[w6:mn:pro] Turnstile mint hard timeout after 28000ms
[w6:mn:pro] Site Turnstile remint timed out (33649ms)
[w6:mn:pro] Site Turnstile remint timed out (27340ms)
[w6:mn:pro] heartbeat words=24543 queue=227 rotation=2 idle=20s
[w6:mn:pro] Site Turnstile remint timed out (26175ms)
[w6:mn:pro] Failed "minih" attempt 1: No Turnstile token for direct search
[w6:mn:pro] Saved 24,543 worker words; shared last.txt now 281,875
[w6:mn:pro] Turnstile miss — soft reload before rotate
[w6:mn:pro] Site Turnstile remint timed out (11166ms)
[w6:mn:pro] Soft reload mint failed — rotating immediately
[w6:mn:pro] Tor exited code=null
[w6:mn:pro] Starting Tor gen=4 socks=127.0.0.1:19056 (try 1)
[w6:mn:pro] tor: Aug 05 09:19:53.549 [warn] Fixing permissions on directory /tmp/lll-tor-w6
[w6:mn:pro] tor: Aug 05 09:19:56.000 [notice] Bootstrapped 0% (starting): Starting
Aug 05 09:19:56.000 [notice] Starting with guard context "default"
[w6:mn:pro] tor: Aug 05 09:19:57.000 [notice] Bootstrapped 5% (conn): Connecting to a relay
[w6:mn:pro] tor: Aug 05 09:19:57.000 [notice] Bootstrapped 10% (conn_done): Connected to a relay
[w6:mn:pro] tor: Aug 05 09:19:58.000 [notice] Bootstrapped 14% (handshake): Handshaking with a relay
[w6:mn:pro] tor: Aug 05 09:19:58.000 [notice] Bootstrapped 15% (handshake_done): Handshake with a relay done
[w6:mn:pro] tor: Aug 05 09:19:58.000 [notice] Bootstrapped 20% (onehop_create): Establishing an encrypted directory connection
[w6:mn:pro] tor: Aug 05 09:19:59.000 [notice] Bootstrapped 25% (requesting_status): Asking for networkstatus consensus
[w6:mn:pro] tor: Aug 05 09:19:59.000 [notice] Bootstrapped 30% (loading_status): Loading networkstatus consensus
[w6:mn:pro] tor: Aug 05 09:20:01.000 [notice] Bootstrapped 40% (loading_keys): Loading authority key certs
[w6:mn:pro] tor: Aug 05 09:20:02.000 [notice] Bootstrapped 45% (requesting_descriptors): Asking for relay descriptors
Aug 05 09:20:02.000 [notice] I learned some more directory 
[w6:mn:pro] tor: Aug 05 09:20:02.000 [notice] Bootstrapped 50% (loading_descriptors): Loading relay descriptors
[w6:mn:pro] tor: Aug 05 09:20:10.000 [notice] Bootstrapped 55% (loading_descriptors): Loading relay descriptors
[w6:mn:pro] tor: Aug 05 09:20:11.000 [notice] Bootstrapped 61% (loading_descriptors): Loading relay descriptors
[w6:mn:pro] tor: Aug 05 09:20:11.000 [notice] Bootstrapped 67% (loading_descriptors): Loading relay descriptors
[w6:mn:pro] tor: Aug 05 09:20:12.000 [notice] Bootstrapped 75% (enough_dirinfo): Loaded enough directory info to build circuits
[w6:mn:pro] tor: Aug 05 09:20:12.000 [notice] Bootstrapped 90% (ap_handshake_done): Handshake finished with a relay to build circuits
Aug 05 09:20:12.000 [notice] Bootstrapped 9
[w6:mn:pro] tor: Aug 05 09:20:12.000 [notice] Bootstrapped 100% (done): Done
[w6:mn:pro] Tor ready on 19056 exit=185.220.101.7
[w6:mn:pro] Rotating IP (#3, try 1) after No Turnstile token for direct search → tor#4 socks5://127.0.0.1:19056
[w6:mn:pro] Launching persistent Chrome profile /tmp/lll-pw-w6-r3
[w6:mn:pro] Proxy tor#4 socks5://127.0.0.1:19056
[w6:mn:pro] heartbeat words=24543 queue=228 rotation=3 idle=0s
[w6:mn:pro] Opening https://lastletterlibrary.com
[w6:mn:pro] Library mode=pro
[w6:mn:pro] Site Turnstile remint timed out (23745ms)
[w6:mn:pro] Search mode=direct (skip UI Wait Ns… gate)
[w6:mn:pro] Cleaned 1 old rotated profile(s)
[w6:mn:pro] Browser exit IP=185.220.101.7 (unique)
[w6:mn:pro] Searching "minih" | queue=227 | words=24543
[w6:mn:pro] Site Turnstile remint timed out (23055ms)
[w6:mn:pro] heartbeat words=24543 queue=227 rotation=3 idle=4s
[w6:mn:pro] Turnstile token present (len=816)
[w6:mn:pro] Site Turnstile token (21371ms)
[w6:mn:pro] [api] 200 mode=pro startsWith=minih
[w6:mn:pro] [api] 200 mode=pro startsWith=minih (651ms direct)
[w6:mn:pro] "minih" → 0 records, 0 words
[w6:mn:pro] "minih" branch complete
[w6:mn:pro] Saved 24,543 worker words
[w6:mn:pro] Searching "minii" | queue=226 | words=24543
[w6:mn:pro] Pacing 14s before "minii" (gap=15500ms)
[w6:mn:pro] Site Turnstile remint timed out (23444ms)
[w6:mn:pro] heartbeat words=24543 queue=226 rotation=3 idle=18s
[w6:mn:pro] Site Turnstile remint timed out (25367ms)
[w6:mn:pro] Site Turnstile remint timed out (25269ms)
[w6:mn:pro] Site Turnstile remint timed out (24572ms)
[w6:mn:pro] heartbeat words=24543 queue=226 rotation=3 idle=3s
[w6:mn:pro] Site Turnstile remint timed out (23939ms)
[w6:mn:pro] Failed "minii" attempt 1: No Turnstile token for direct search
[w6:mn:pro] Saved 24,543 worker words
[w6:mn:pro] Turnstile miss — soft reload before rotate
[w6:mn:pro] Turnstile mint hard timeout after 15000ms
[w6:mn:pro] Soft reload mint failed — rotating immediately
[w6:mn:pro] Site Turnstile remint timed out (15677ms)
[w6:mn:pro] heartbeat words=24543 queue=227 rotation=4 idle=15s
[w6:mn:pro] Tor exited code=null
[w6:mn:pro] Starting Tor gen=5 socks=127.0.0.1:19056 (try 1)
[w6:mn:pro] tor: Aug 05 09:24:27.885 [notice] Opening Socks listener on 127.0.0.1:19056
Aug 05 09:24:27.885 [notice] Opened Socks listener connection (ready) on 127.0.0.1:19056

[w6:mn:pro] tor: Aug 05 09:24:31.000 [notice] Bootstrapped 0% (starting): Starting
Aug 05 09:24:31.000 [notice] Starting with guard context "default"
[w6:mn:pro] tor: Aug 05 09:24:32.000 [notice] Bootstrapped 5% (conn): Connecting to a relay
[w6:mn:pro] tor: Aug 05 09:24:32.000 [notice] Bootstrapped 10% (conn_done): Connected to a relay
[w6:mn:pro] tor: Aug 05 09:24:33.000 [notice] Bootstrapped 14% (handshake): Handshaking with a relay
[w6:mn:pro] tor: Aug 05 09:24:34.000 [notice] Bootstrapped 15% (handshake_done): Handshake with a relay done
[w6:mn:pro] tor: Aug 05 09:24:34.000 [notice] Bootstrapped 20% (onehop_create): Establishing an encrypted directory connection
[w6:mn:pro] tor: Aug 05 09:24:34.000 [notice] Bootstrapped 25% (requesting_status): Asking for networkstatus consensus
[w6:mn:pro] tor: Aug 05 09:24:34.000 [notice] Bootstrapped 30% (loading_status): Loading networkstatus consensus
[w6:mn:pro] tor: Aug 05 09:24:37.000 [notice] Bootstrapped 40% (loading_keys): Loading authority key certs
[w6:mn:pro] tor: Aug 05 09:24:39.000 [notice] Bootstrapped 45% (requesting_descriptors): Asking for relay descriptors
Aug 05 09:24:39.000 [notice] I learned some more directory 
[w6:mn:pro] tor: Aug 05 09:24:40.000 [warn] Tried connecting to router at 84.240.60.234:9001 ID=<none> RSA_ID=37535409102DFFE92F3DAC809E470E62BC27F1DF, but RSA + ed25519 identit
[w6:mn:pro] tor: Aug 05 09:24:42.000 [notice] Bootstrapped 50% (loading_descriptors): Loading relay descriptors
[w6:mn:pro] heartbeat words=24543 queue=227 rotation=4 idle=33s
[w6:mn:pro] tor: Aug 05 09:25:26.000 [notice] Bootstrapped 55% (loading_descriptors): Loading relay descriptors
[w6:mn:pro] tor: Aug 05 09:25:39.000 [notice] Bootstrapped 61% (loading_descriptors): Loading relay descriptors
[w6:mn:pro] tor: Aug 05 09:25:50.000 [notice] Bootstrapped 67% (loading_descriptors): Loading relay descriptors
[w6:mn:pro] tor: Aug 05 09:25:59.000 [notice] Bootstrapped 75% (enough_dirinfo): Loaded enough directory info to build circuits
[w6:mn:pro] tor: Aug 05 09:25:59.000 [notice] Bootstrapped 90% (ap_handshake_done): Handshake finished with a relay to build circuits
Aug 05 09:25:59.000 [notice] Bootstrapped 9
[w6:mn:pro] tor: Aug 05 09:26:07.000 [notice] Bootstrapped 100% (done): Done
[w6:mn:pro] Tor ready on 19056 exit=185.100.85.25
[w6:mn:pro] Rotating IP (#4, try 1) after No Turnstile token for direct search → tor#5 socks5://127.0.0.1:19056
[w6:mn:pro] Launching persistent Chrome profile /tmp/lll-pw-w6-r4
[w6:mn:pro] Proxy tor#5 socks5://127.0.0.1:19056
[w6:mn:pro] heartbeat words=24543 queue=227 rotation=4 idle=4s
[w6:mn:pro] Opening https://lastletterlibrary.com
[w6:mn:pro] Library mode=pro
[w6:mn:pro] Turnstile token present (len=816)
[w6:mn:pro] Site Turnstile token (27263ms)
[w6:mn:pro] Search mode=direct (skip UI Wait Ns… gate)
[w6:mn:pro] Cleaned 1 old rotated profile(s)
[w6:mn:pro] Browser exit IP=192.42.116.14 (unique)
[w6:mn:pro] Searching "minii" | queue=226 | words=24543
[w6:mn:pro] [api] 200 mode=pro startsWith=minii
[w6:mn:pro] [api] 200 mode=pro startsWith=minii (751ms direct)
[w6:mn:pro] "minii" → 0 records, 0 words
[w6:mn:pro] "minii" branch complete
[w6:mn:pro] Saved 24,543 worker words
[w6:mn:pro] Searching "minij" | queue=225 | words=24543
[w6:mn:pro] Pacing 11s before "minij" (gap=15500ms)
[w6:mn:pro] heartbeat words=24543 queue=225 rotation=4 idle=3s
[w6:mn:pro] Site Turnstile remint timed out (26984ms)
[w6:mn:pro] Site Turnstile remint timed out (22425ms)
[w6:mn:pro] Managed Turnstile token (len=816, 5215ms, remount)
[w6:mn:pro] [api] 200 mode=pro startsWith=minij
[w6:mn:pro] [api] 200 mode=pro startsWith=minij (1048ms direct)
[w6:mn:pro] "minij" → 0 records, 0 words
[w6:mn:pro] "minij" branch complete
[w6:mn:pro] Saved 24,543 worker words
[w6:mn:pro] Searching "minik" | queue=224 | words=24543
[w6:mn:pro] Pacing 15s before "minik" (gap=15500ms)
[w6:mn:pro] Managed Turnstile token (len=816, 7948ms, reset)
[w6:mn:pro] heartbeat words=24543 queue=224 rotation=4 idle=1s
[w6:mn:pro] [api] 200 mode=pro startsWith=minik
[w6:mn:pro] [api] 200 mode=pro startsWith=minik (1130ms direct)
[w6:mn:pro] "minik" → 4 records, 4 words
[w6:mn:pro] "minik" branch complete
[w6:mn:pro] Saved 24,547 worker words
[w6:mn:pro] Searching "minil" | queue=223 | words=24547
[w6:mn:pro] Pacing 14s before "minil" (gap=15500ms)
[w6:mn:pro] Managed Turnstile token (len=816, 5332ms, reset)
[w6:mn:pro] [api] 200 mode=pro startsWith=minil
[w6:mn:pro] [api] 200 mode=pro startsWith=minil (758ms direct)
[w6:mn:pro] "minil" → 3 records, 3 words
[w6:mn:pro] "minil" branch complete
[w6:mn:pro] Saved 24,550 worker words
[w6:mn:pro] Searching "minim" | queue=222 | words=24550
[w6:mn:pro] Pacing 15s before "minim" (gap=15500ms)
[w6:mn:pro] Managed Turnstile token (len=816, 17545ms, reset)
[w6:mn:pro] [api] 200 mode=pro startsWith=minim
[w6:mn:pro] [api] 200 mode=pro startsWith=minim (430ms direct)
[w6:mn:pro] "minim" → 62 records, 62 words (incl. exact "minim")
[w6:mn:pro] "minim" branch complete
[w6:mn:pro] Saved 24,604 worker words
[w6:mn:pro] Searching "miniv" | queue=221 | words=24604
[w6:mn:pro] Pacing 15s before "miniv" (gap=15500ms)
[w6:mn:pro] heartbeat words=24604 queue=221 rotation=4 idle=20s
[w6:mn:pro] Site Turnstile remint timed out (24184ms)
[w6:mn:pro] Site Turnstile remint timed out (26370ms)
[w6:mn:pro] Turnstile mint hard timeout after 28000ms
[w6:mn:pro] heartbeat words=24604 queue=221 rotation=4 idle=2s
[w6:mn:pro] Turnstile mint hard timeout after 28000ms
[w6:mn:pro] Failed "miniv" attempt 1: No Turnstile token for direct search
[w6:mn:pro] Saved 24,604 worker words; shared last.txt now 282,841
[w6:mn:pro] Turnstile miss — soft reload before rotate
[w6:mn:pro] Site Turnstile remint timed out (59696ms)
[w6:mn:pro] heartbeat words=24604 queue=222 rotation=4 idle=0s
[w6:mn:pro] Site Turnstile remint timed out (93146ms)
[w6:mn:pro] Site Turnstile remint timed out (10328ms)
[w6:mn:pro] Soft reload mint failed — rotating immediately
[w6:mn:pro] Tor exited code=0
[w6:mn:pro] Starting Tor gen=6 socks=127.0.0.1:19056 (try 1)
[w6:mn:pro] tor: Aug 05 09:31:33.621 [warn] Fixing permissions on directory /tmp/lll-tor-w6
[w6:mn:pro] tor: Aug 05 09:31:33.000 [notice] Bootstrapped 0% (starting): Starting
[w6:mn:pro] tor: Aug 05 09:31:34.000 [notice] Bootstrapped 5% (conn): Connecting to a relay
[w6:mn:pro] tor: Aug 05 09:31:34.000 [notice] Bootstrapped 10% (conn_done): Connected to a relay
[w6:mn:pro] heartbeat words=24604 queue=222 rotation=5 idle=42s
[w6:mn:pro] tor: Aug 05 09:32:43.000 [notice] Bootstrapped 14% (handshake): Handshaking with a relay
[w6:mn:pro] tor: Aug 05 09:32:44.000 [notice] Bootstrapped 15% (handshake_done): Handshake with a relay done
Aug 05 09:32:44.000 [notice] Bootstrapped 20% (onehop_create): Estab
[w6:mn:pro] tor: Aug 05 09:32:44.000 [notice] Bootstrapped 25% (requesting_status): Asking for networkstatus consensus
[w6:mn:pro] tor: Aug 05 09:32:44.000 [notice] Bootstrapped 30% (loading_status): Loading networkstatus consensus
[w6:mn:pro] tor: Aug 05 09:32:48.000 [notice] Bootstrapped 40% (loading_keys): Loading authority key certs
[w6:mn:pro] tor: Aug 05 09:32:50.000 [notice] The current consensus has no exit nodes. Tor can only build internal paths, such as paths to onion services.
Aug 05 09:32:50.000 [n
[w6:mn:pro] tor: Aug 05 09:32:51.000 [notice] Bootstrapped 50% (loading_descriptors): Loading relay descriptors
[w6:mn:pro] tor: Aug 05 09:33:09.000 [notice] Bootstrapped 55% (loading_descriptors): Loading relay descriptors
[w6:mn:pro] tor: Aug 05 09:33:10.000 [notice] Bootstrapped 61% (loading_descriptors): Loading relay descriptors
[w6:mn:pro] tor: Aug 05 09:33:10.000 [notice] Bootstrapped 67% (loading_descriptors): Loading relay descriptors
[w6:mn:pro] tor: Aug 05 09:33:11.000 [notice] Bootstrapped 75% (enough_dirinfo): Loaded enough directory info to build circuits
[w6:mn:pro] tor: Aug 05 09:33:14.000 [notice] Bootstrapped 90% (ap_handshake_done): Handshake finished with a relay to build circuits
Aug 05 09:33:14.000 [notice] Bootstrapped 9
[w6:mn:pro] tor: Aug 05 09:33:15.000 [notice] Bootstrapped 100% (done): Done
[w6:mn:pro] heartbeat words=24604 queue=222 rotation=5 idle=1s
[w6:mn:pro] Tor ready on 19056 exit=31.25.11.143
[w6:mn:pro] Rotating IP (#5, try 1) after No Turnstile token for direct search → tor#6 socks5://127.0.0.1:19056
[w6:mn:pro] Launching persistent Chrome profile /tmp/lll-pw-w6-r5
[w6:mn:pro] Proxy tor#6 socks5://127.0.0.1:19056
[w6:mn:pro] Opening https://lastletterlibrary.com
[w6:mn:pro] Library mode=pro
[w6:mn:pro] Site Turnstile remint timed out (23934ms)
[w6:mn:pro] Search mode=direct (skip UI Wait Ns… gate)
[w6:mn:pro] Cleaned 1 old rotated profile(s)
[w6:mn:pro] heartbeat words=24604 queue=222 rotation=5 idle=2s
[w6:mn:pro] Browser exit IP=107.189.12.157 (unique)
[w6:mn:pro] Searching "miniv" | queue=221 | words=24604
[w6:mn:pro] Turnstile mint hard timeout after 28000ms
[w6:mn:pro] Site Turnstile remint timed out (28266ms)
[w6:mn:pro] Site Turnstile remint timed out (24961ms)
[w6:mn:pro] heartbeat words=24604 queue=221 rotation=5 idle=10s
[w6:mn:pro] Turnstile token present (len=816)
[w6:mn:pro] Site Turnstile token (21656ms)
[w6:mn:pro] [api] 200 mode=pro startsWith=miniv
[w6:mn:pro] [api] 200 mode=pro startsWith=miniv (608ms direct)
[w6:mn:pro] "miniv" → 8 records, 8 words
[w6:mn:pro] "miniv" branch complete
[w6:mn:pro] Saved 24,604 worker words
[w6:mn:pro] Searching "miniw" | queue=220 | words=24604
[w6:mn:pro] Pacing 15s before "miniw" (gap=15500ms)
[w6:mn:pro] Turnstile token present (len=816)
[w6:mn:pro] Site Turnstile token (19988ms)
[w6:mn:pro] [api] 200 mode=pro startsWith=miniw
[w6:mn:pro] [api] 200 mode=pro startsWith=miniw (487ms direct)
[w6:mn:pro] "miniw" → 0 records, 0 words
[w6:mn:pro] "miniw" branch complete
[w6:mn:pro] Saved 24,604 worker words
[w6:mn:pro] Searching "minix" | queue=219 | words=24604
[w6:mn:pro] Pacing 15s before "minix" (gap=15500ms)
[w6:mn:pro] heartbeat words=24604 queue=219 rotation=5 idle=28s
[w6:mn:pro] Turnstile mint hard timeout after 28000ms
[w6:mn:pro] Site Turnstile remint timed out (38658ms)
[w6:mn:pro] Turnstile mint hard timeout after 28000ms
[w6:mn:pro] Site Turnstile remint timed out (28981ms)
[w6:mn:pro] Turnstile mint hard timeout after 28000ms
[w6:mn:pro] heartbeat words=24604 queue=219 rotation=5 idle=3s
[w6:mn:pro] Site Turnstile remint timed out (34017ms)
[w6:mn:pro] Turnstile mint hard timeout after 28000ms
[w6:mn:pro] Failed "minix" attempt 1: No Turnstile token for direct search
[w6:mn:pro] Saved 24,604 worker words
[w6:mn:pro] Turnstile miss — soft reload before rotate
[w6:mn:pro] Site Turnstile remint timed out (35625ms)
[w6:mn:pro] Site Turnstile remint timed out (13764ms)
[w6:mn:pro] Soft reload mint failed — rotating immediately
[w6:mn:pro] Tor exited code=0
[w6:mn:pro] Starting Tor gen=7 socks=127.0.0.1:19056 (try 1)
[w6:mn:pro] tor: Aug 05 09:38:09.160 [notice] Opened Socks listener connection (ready) on 127.0.0.1:19056
Aug 05 09:38:09.160 [warn] Fixing permissions on directory /tmp/lll-tor
[w6:mn:pro] tor: Aug 05 09:38:09.000 [notice] Bootstrapped 0% (starting): Starting
[w6:mn:pro] tor: Aug 05 09:38:10.000 [notice] Bootstrapped 5% (conn): Connecting to a relay
[w6:mn:pro] tor: Aug 05 09:38:10.000 [notice] Bootstrapped 10% (conn_done): Connected to a relay
[w6:mn:pro] heartbeat words=24604 queue=220 rotation=6 idle=8s
[w6:mn:pro] heartbeat words=24604 queue=220 rotation=6 idle=68s
[w6:mn:pro] tor: Aug 05 09:39:18.000 [notice] Bootstrapped 14% (handshake): Handshaking with a relay
[w6:mn:pro] tor: Aug 05 09:39:18.000 [notice] Bootstrapped 15% (handshake_done): Handshake with a relay done
Aug 05 09:39:18.000 [notice] Bootstrapped 20% (onehop_create): Estab
[w6:mn:pro] tor: Aug 05 09:39:20.000 [notice] Bootstrapped 40% (loading_keys): Loading authority key certs
[w6:mn:pro] tor: Aug 05 09:39:21.000 [notice] The current consensus has no exit nodes. Tor can only build internal paths, such as paths to onion services.
Aug 05 09:39:21.000 [n
[w6:mn:pro] tor: Aug 05 09:39:22.000 [notice] Bootstrapped 50% (loading_descriptors): Loading relay descriptors
[w6:mn:pro] tor: Aug 05 09:39:41.000 [notice] Bootstrapped 55% (loading_descriptors): Loading relay descriptors
[w6:mn:pro] tor: Aug 05 09:39:45.000 [notice] Bootstrapped 61% (loading_descriptors): Loading relay descriptors
[w6:mn:pro] tor: Aug 05 09:39:46.000 [notice] Bootstrapped 67% (loading_descriptors): Loading relay descriptors
[w6:mn:pro] tor: Aug 05 09:39:48.000 [notice] Bootstrapped 75% (enough_dirinfo): Loaded enough directory info to build circuits
[w6:mn:pro] tor: Aug 05 09:39:48.000 [notice] Bootstrapped 90% (ap_handshake_done): Handshake finished with a relay to build circuits
Aug 05 09:39:48.000 [notice] Bootstrapped 9
[w6:mn:pro] tor: Aug 05 09:39:52.000 [notice] Bootstrapped 100% (done): Done
[w6:mn:pro] Tor ready on 19056 exit=192.42.116.43
[w6:mn:pro] Rotating IP (#6, try 1) after No Turnstile token for direct search → tor#7 socks5://127.0.0.1:19056
[w6:mn:pro] Launching persistent Chrome profile /tmp/lll-pw-w6-r6
[w6:mn:pro] Proxy tor#7 socks5://127.0.0.1:19056
[w6:mn:pro] Opening https://lastletterlibrary.com
[w6:mn:pro] heartbeat words=24604 queue=220 rotation=6 idle=10s
[w6:mn:pro] Library mode=pro
[w6:mn:pro] Managed Turnstile token (len=816, 13847ms, remount)
[w6:mn:pro] Search mode=direct (skip UI Wait Ns… gate)
[w6:mn:pro] Cleaned 1 old rotated profile(s)
[w6:mn:pro] Browser exit IP=192.42.116.43 (unique)
[w6:mn:pro] Searching "minix" | queue=219 | words=24604
[w6:mn:pro] [api] 200 mode=pro startsWith=minix
[w6:mn:pro] [api] 200 mode=pro startsWith=minix (457ms direct)
[w6:mn:pro] "minix" → 0 records, 0 words
[w6:mn:pro] "minix" branch complete
[w6:mn:pro] Saved 24,604 worker words
[w6:mn:pro] Searching "miniy" | queue=218 | words=24604
[w6:mn:pro] Pacing 14s before "miniy" (gap=15500ms)
[w6:mn:pro] Managed Turnstile token (len=816, 11671ms, reset)
[w6:mn:pro] [api] 200 mode=pro startsWith=miniy
[w6:mn:pro] [api] 200 mode=pro startsWith=miniy (1196ms direct)
[w6:mn:pro] "miniy" → 0 records, 0 words
[w6:mn:pro] "miniy" branch complete
[w6:mn:pro] Saved 24,604 worker words
[w6:mn:pro] Searching "miniz" | queue=217 | words=24604
[w6:mn:pro] Pacing 14s before "miniz" (gap=15500ms)
[w6:mn:pro] Managed Turnstile token (len=816, 9615ms, reset)
[w6:mn:pro] [api] 200 mode=pro startsWith=miniz
[w6:mn:pro] [api] 200 mode=pro startsWith=miniz (493ms direct)
[w6:mn:pro] "miniz" → 0 records, 0 words
[w6:mn:pro] "miniz" branch complete
[w6:mn:pro] Saved 24,604 worker words
[w6:mn:pro] Searching "misal" | queue=216 | words=24604
[w6:mn:pro] Pacing 14s before "misal" (gap=15500ms)
[w6:mn:pro] heartbeat words=24604 queue=216 rotation=6 idle=5s
[w6:mn:pro] Managed Turnstile token (len=816, 12807ms, reset)
[w6:mn:pro] [api] 200 mode=pro startsWith=misal
[w6:mn:pro] [api] 200 mode=pro startsWith=misal (618ms direct)
[w6:mn:pro] "misal" → 39 records, 39 words
[w6:mn:pro] "misal" branch complete
[w6:mn:pro] Saved 24,612 worker words
[w6:mn:pro] Searching "misam" | queue=215 | words=24612
[w6:mn:pro] Pacing 13s before "misam" (gap=15500ms)
[w6:mn:pro] Managed Turnstile token (len=816, 14898ms, reset)
[w6:mn:pro] [api] 200 mode=pro startsWith=misam
[w6:mn:pro] [api] 200 mode=pro startsWith=misam (413ms direct)
[w6:mn:pro] "misam" → 0 records, 0 words
[w6:mn:pro] "misam" branch complete
[w6:mn:pro] Saved 24,612 worker words; shared last.txt now 283,884
[w6:mn:pro] Searching "misan" | queue=214 | words=24612
[w6:mn:pro] Pacing 4s before "misan" (gap=15500ms)
[w6:mn:pro] Managed Turnstile token (len=816, 17465ms, reset)
[w6:mn:pro] [api] 200 mode=pro startsWith=misan
[w6:mn:pro] [api] 200 mode=pro startsWith=misan (419ms direct)
[w6:mn:pro] "misan" → 28 records, 28 words
[w6:mn:pro] "misan" branch complete
[w6:mn:pro] Saved 24,640 worker words
[w6:mn:pro] Searching "misao" | queue=213 | words=24640
[w6:mn:pro] Pacing 15s before "misao" (gap=15500ms)
[w6:mn:pro] Managed Turnstile token (len=816, 8922ms, reset)
[w6:mn:pro] heartbeat words=24640 queue=213 rotation=6 idle=5s
[w6:mn:pro] [api] 200 mode=pro startsWith=misao
[w6:mn:pro] [api] 200 mode=pro startsWith=misao (373ms direct)
[w6:mn:pro] "misao" → 0 records, 0 words
[w6:mn:pro] "misao" branch complete
[w6:mn:pro] Saved 24,640 worker words
[w6:mn:pro] Searching "misap" | queue=212 | words=24640
[w6:mn:pro] Pacing 16s before "misap" (gap=15500ms)
[w6:mn:pro] Managed Turnstile token (len=816, 4700ms, reset)
[w6:mn:pro] [api] 200 mode=pro startsWith=misap
[w6:mn:pro] [api] 200 mode=pro startsWith=misap (382ms direct)
[w6:mn:pro] "misap" → 45 records, 45 words
[w6:mn:pro] "misap" branch complete
[w6:mn:pro] Saved 24,656 worker words
[w6:mn:pro] Searching "misaw" | queue=211 | words=24656
[w6:mn:pro] Pacing 16s before "misaw" (gap=15500ms)
[w6:mn:pro] Site Turnstile remint timed out (23134ms)
[w6:mn:pro] heartbeat words=24656 queue=211 rotation=6 idle=20s
[w6:mn:pro] Turnstile token present (len=816)
[w6:mn:pro] Site Turnstile token (22709ms)
[w6:mn:pro] [api] 200 mode=pro startsWith=misaw
[w6:mn:pro] [api] 200 mode=pro startsWith=misaw (681ms direct)
[w6:mn:pro] "misaw" → 4 records, 4 words
[w6:mn:pro] "misaw" branch complete
[w6:mn:pro] Saved 24,656 worker words
[w6:mn:pro] Searching "misax" | queue=210 | words=24656
[w6:mn:pro] Pacing 14s before "misax" (gap=15500ms)
[w6:mn:pro] Turnstile mint hard timeout after 28000ms
[w6:mn:pro] Turnstile token present (len=816)
[w6:mn:pro] Site Turnstile token (28527ms)
[w6:mn:pro] heartbeat words=24656 queue=210 rotation=6 idle=27s
[w6:mn:pro] Turnstile mint hard timeout after 28000ms
[w6:mn:pro] Site Turnstile remint timed out (33769ms)
[w6:mn:pro] Site Turnstile remint timed out (27211ms)
[w6:mn:pro] Turnstile token present (len=816)
[w6:mn:pro] Site Turnstile token (24568ms)
[w6:mn:pro] [api] 200 mode=pro startsWith=misax
[w6:mn:pro] [api] 200 mode=pro startsWith=misax (414ms direct)
[w6:mn:pro] "misax" → 0 records, 0 words
[w6:mn:pro] "misax" branch complete
[w6:mn:pro] Saved 24,656 worker words
[w6:mn:pro] Searching "misay" | queue=209 | words=24656
[w6:mn:pro] Pacing 14s before "misay" (gap=15500ms)
[w6:mn:pro] heartbeat words=24656 queue=209 rotation=6 idle=6s
[w6:mn:pro] Turnstile token present (len=816)
[w6:mn:pro] Site Turnstile token (26098ms)
[w6:mn:pro] [api] 200 mode=pro startsWith=misay
[w6:mn:pro] [api] 200 mode=pro startsWith=misay (445ms direct)
[w6:mn:pro] "misay" → 0 records, 0 words
[w6:mn:pro] "misay" branch complete
[w6:mn:pro] Saved 24,656 worker words
[w6:mn:pro] Searching "misaz" | queue=208 | words=24656
[w6:mn:pro] Pacing 15s before "misaz" (gap=15500ms)
[w6:mn:pro] Managed Turnstile token (len=816, 14807ms, remount)
[w6:mn:pro] [api] 200 mode=pro startsWith=misaz
[w6:mn:pro] [api] 200 mode=pro startsWith=misaz (419ms direct)
[w6:mn:pro] "misaz" → 0 records, 0 words
[w6:mn:pro] "misaz" branch complete
[w6:mn:pro] Saved 24,656 worker words
[w6:mn:pro] Searching "misch" | queue=207 | words=24656
[w6:mn:pro] Pacing 16s before "misch" (gap=15500ms)
[w6:mn:pro] Site Turnstile remint timed out (22551ms)
[w6:mn:pro] heartbeat words=24656 queue=207 rotation=6 idle=2s
[w6:mn:pro] Turnstile token present (len=816)
[w6:mn:pro] Site Turnstile token (27527ms)
[w6:mn:pro] [api] 200 mode=pro startsWith=misch
[w6:mn:pro] [api] 200 mode=pro startsWith=misch (617ms direct)
[w6:mn:pro] "misch" → 55 records, 55 words (incl. exact "misch")
[w6:mn:pro] "misch" branch complete
[w6:mn:pro] Saved 24,704 worker words; shared last.txt now 284,746
[w6:mn:pro] Searching "misci" | queue=206 | words=24704
[w6:mn:pro] Pacing 3s before "misci" (gap=15500ms)
[w6:mn:pro] Turnstile token present (len=816)
[w6:mn:pro] Site Turnstile token (22765ms)
[w6:mn:pro] [api] 200 mode=pro startsWith=misci
[w6:mn:pro] [api] 200 mode=pro startsWith=misci (1242ms direct)
[w6:mn:pro] "misci" → 10 records, 10 words
[w6:mn:pro] "misci" branch complete
[w6:mn:pro] Saved 24,714 worker words
[w6:mn:pro] Searching "miscj" | queue=205 | words=24714
[w6:mn:pro] Pacing 14s before "miscj" (gap=15500ms)
[w6:mn:pro] heartbeat words=24714 queue=205 rotation=6 idle=8s
[w6:mn:pro] Turnstile token present (len=816)
[w6:mn:pro] Site Turnstile token (19847ms)
[w6:mn:pro] [api] 200 mode=pro startsWith=miscj
[w6:mn:pro] [api] 200 mode=pro startsWith=miscj (517ms direct)
[w6:mn:pro] "miscj" → 0 records, 0 words
[w6:mn:pro] "miscj" branch complete
[w6:mn:pro] Saved 24,714 worker words
[w6:mn:pro] Searching "misck" | queue=204 | words=24714
[w6:mn:pro] Pacing 14s before "misck" (gap=15500ms)
[w6:mn:pro] Managed Turnstile token (len=816, 18356ms, remount)
[w6:mn:pro] [api] 200 mode=pro startsWith=misck
[w6:mn:pro] [api] 200 mode=pro startsWith=misck (442ms direct)
[w6:mn:pro] "misck" → 0 records, 0 words
[w6:mn:pro] "misck" branch complete
[w6:mn:pro] Saved 24,714 worker words
[w6:mn:pro] Searching "miscl" | queue=203 | words=24714
[w6:mn:pro] Pacing 14s before "miscl" (gap=15500ms)
[w6:mn:pro] Site Turnstile remint timed out (24354ms)
[w6:mn:pro] heartbeat words=24714 queue=203 rotation=6 idle=4s
[w6:mn:pro] Site Turnstile remint timed out (27480ms)
[w6:mn:pro] Turnstile token present (len=816)
[w6:mn:pro] Site Turnstile token (27230ms)
[w6:mn:pro] [api] 200 mode=pro startsWith=miscl
[w6:mn:pro] [api] 200 mode=pro startsWith=miscl (622ms direct)
[w6:mn:pro] "miscl" → 14 records, 14 words
[w6:mn:pro] "miscl" branch complete
[w6:mn:pro] Saved 24,728 worker words
[w6:mn:pro] Searching "miscm" | queue=202 | words=24728
[w6:mn:pro] Pacing 9s before "miscm" (gap=15500ms)
[w6:mn:pro] heartbeat words=24728 queue=202 rotation=6 idle=2s
[w6:mn:pro] Turnstile mint hard timeout after 28000ms
[w6:mn:pro] Turnstile token present (len=816)
[w6:mn:pro] Site Turnstile token (28274ms)
[w6:mn:pro] Managed Turnstile token (len=816, 7717ms, remount)
[w6:mn:pro] [api] 200 mode=pro startsWith=miscm
[w6:mn:pro] [api] 200 mode=pro startsWith=miscm (390ms direct)
[w6:mn:pro] "miscm" → 0 records, 0 words
[w6:mn:pro] "miscm" branch complete
[w6:mn:pro] Saved 24,728 worker words
[w6:mn:pro] Searching "miscn" | queue=201 | words=24728
[w6:mn:pro] Pacing 15s before "miscn" (gap=15500ms)
[w6:mn:pro] Managed Turnstile token (len=816, 5145ms, reset)
[w6:mn:pro] [api] 200 mode=pro startsWith=miscn
[w6:mn:pro] [api] 200 mode=pro startsWith=miscn (444ms direct)
[w6:mn:pro] "miscn" → 0 records, 0 words
[w6:mn:pro] "miscn" branch complete
[w6:mn:pro] Saved 24,728 worker words
[w6:mn:pro] Searching "misco" | queue=200 | words=24728
[w6:mn:pro] Pacing 15s before "misco" (gap=15500ms)
[w6:mn:pro] Managed Turnstile token (len=816, 4579ms, reset)
[w6:mn:pro] heartbeat words=24728 queue=200 rotation=6 idle=11s
[w6:mn:pro] [api] 200 mode=pro startsWith=misco
[w6:mn:pro] [api] 200 mode=pro startsWith=misco (630ms direct)
[w6:mn:pro] "misco" → 100 records, 100 words
[w6:mn:pro] Pacing 12s before "misco" (gap=15500ms)
[w6:mn:pro] Turnstile mint hard timeout after 28000ms
[w6:mn:pro] Turnstile mint hard timeout after 28000ms
[w6:mn:pro] heartbeat words=24805 queue=200 rotation=6 idle=1s
[w6:mn:pro] Turnstile mint hard timeout after 28000ms
[w6:mn:pro] Site Turnstile remint timed out (40223ms)
[w6:mn:pro] Turnstile mint hard timeout after 28000ms
[w6:mn:pro] "misco" reverse search failed (No Turnstile token for direct search); forward-only
[w6:mn:pro] "misco" full page ends at "misconstruer" (next='n'); skip 15 covered groups → 13 children from miscon..
[w6:mn:pro] heartbeat words=24805 queue=213 rotation=6 idle=2s
[w6:mn:pro] Saved 24,805 worker words
[w6:mn:pro] Searching "miscu" | queue=212 | words=24805
[w6:mn:pro] Turnstile token present (len=816)
[w6:mn:pro] Site Turnstile token (26044ms)
[w6:mn:pro] [api] 200 mode=pro startsWith=miscu
[w6:mn:pro] [api] 200 mode=pro startsWith=miscu (426ms direct)
[w6:mn:pro] "miscu" → 11 records, 11 words
[w6:mn:pro] "miscu" branch complete
[w6:mn:pro] Saved 24,805 worker words; shared last.txt now 285,721
[w6:mn:pro] Searching "miscv" | queue=211 | words=24805
[w6:mn:pro] Pacing 12s before "miscv" (gap=15500ms)
[w6:mn:pro] Managed Turnstile token (len=816, 9108ms, remount)
[w6:mn:pro] [api] 200 mode=pro startsWith=miscv
[w6:mn:pro] [api] 200 mode=pro startsWith=miscv (392ms direct)
[w6:mn:pro] "miscv" → 0 records, 0 words
[w6:mn:pro] "miscv" branch complete
[w6:mn:pro] Saved 24,805 worker words
[w6:mn:pro] Searching "miscw" | queue=210 | words=24805
[w6:mn:pro] Pacing 16s before "miscw" (gap=15500ms)
[w6:mn:pro] Managed Turnstile token (len=816, 4614ms, reset)
[w6:mn:pro] [api] 200 mode=pro startsWith=miscw
[w6:mn:pro] [api] 200 mode=pro startsWith=miscw (403ms direct)
[w6:mn:pro] "miscw" → 0 records, 0 words
[w6:mn:pro] "miscw" branch complete
[w6:mn:pro] Saved 24,805 worker words
[w6:mn:pro] Searching "miscx" | queue=209 | words=24805
[w6:mn:pro] Pacing 16s before "miscx" (gap=15500ms)
[w6:mn:pro] heartbeat words=24805 queue=209 rotation=6 idle=1s
[w6:mn:pro] Managed Turnstile token (len=816, 8415ms, reset)
[w6:mn:pro] [api] 200 mode=pro startsWith=miscx
[w6:mn:pro] [api] 200 mode=pro startsWith=miscx (675ms direct)
[w6:mn:pro] "miscx" → 0 records, 0 words
[w6:mn:pro] "miscx" branch complete
[w6:mn:pro] Saved 24,805 worker words
[w6:mn:pro] Searching "miscy" | queue=208 | words=24805
[w6:mn:pro] Pacing 9s before "miscy" (gap=15500ms)
[w6:mn:pro] Turnstile mint hard timeout after 28000ms
[w6:mn:pro] heartbeat words=24805 queue=208 rotation=6 idle=12s
[w6:mn:pro] Turnstile token present (len=816)
[w6:mn:pro] Site Turnstile token (41940ms)
[w6:mn:pro] Managed Turnstile token (len=816, 18746ms, remount)
[w6:mn:pro] [api] 200 mode=pro startsWith=miscy
[w6:mn:pro] [api] 200 mode=pro startsWith=miscy (405ms direct)
[w6:mn:pro] "miscy" → 0 records, 0 words
[w6:mn:pro] "miscy" branch complete
[w6:mn:pro] Saved 24,805 worker words
[w6:mn:pro] Searching "miscz" | queue=207 | words=24805
[w6:mn:pro] Pacing 14s before "miscz" (gap=15500ms)
[w6:mn:pro] Managed Turnstile token (len=816, 17658ms, reset)
[w6:mn:pro] [api] 200 mode=pro startsWith=miscz
[w6:mn:pro] [api] 200 mode=pro startsWith=miscz (708ms direct)
[w6:mn:pro] "miscz" → 0 records, 0 words
[w6:mn:pro] "miscz" branch complete
[w6:mn:pro] Saved 24,805 worker words
[w6:mn:pro] Searching "misdr" | queue=206 | words=24805
[w6:mn:pro] Pacing 13s before "misdr" (gap=15500ms)
[w6:mn:pro] Turnstile token present (len=816)
[w6:mn:pro] Site Turnstile token (22257ms)
[w6:mn:pro] [api] 200 mode=pro startsWith=misdr
[w6:mn:pro] [api] 200 mode=pro startsWith=misdr (680ms direct)
[w6:mn:pro] "misdr" → 15 records, 15 words
[w6:mn:pro] "misdr" branch complete
[w6:mn:pro] Saved 24,805 worker words
[w6:mn:pro] Searching "misds" | queue=205 | words=24805
[w6:mn:pro] Pacing 13s before "misds" (gap=15500ms)
[w6:mn:pro] heartbeat words=24805 queue=205 rotation=6 idle=7s
[w6:mn:pro] Turnstile mint hard timeout after 28000ms
[w6:mn:pro] Turnstile token present (len=816)
[w6:mn:pro] Site Turnstile token (36450ms)
[w6:mn:pro] Managed Turnstile token (len=816, 18206ms, remount)
[w6:mn:pro] [api] 200 mode=pro startsWith=misds
[w6:mn:pro] [api] 200 mode=pro startsWith=misds (532ms direct)
[w6:mn:pro] "misds" → 0 records, 0 words
[w6:mn:pro] "misds" branch complete
[w6:mn:pro] Saved 24,805 worker words
[w6:mn:pro] Searching "misdt" | queue=204 | words=24805
[w6:mn:pro] Pacing 15s before "misdt" (gap=15500ms)
[w6:mn:pro] Managed Turnstile token (len=816, 4080ms, reset)
[w6:mn:pro] [api] 200 mode=pro startsWith=misdt
[w6:mn:pro] [api] 200 mode=pro startsWith=misdt (573ms direct)
[w6:mn:pro] "misdt" → 0 records, 0 words
[w6:mn:pro] "misdt" branch complete
[w6:mn:pro] Saved 24,805 worker words; shared last.txt now 286,256
[w6:mn:pro] Searching "misdu" | queue=203 | words=24805
[w6:mn:pro] Pacing 15s before "misdu" (gap=15500ms)
[w6:mn:pro] Managed Turnstile token (len=816, 4262ms, reset)
[w6:mn:pro] heartbeat words=24805 queue=203 rotation=6 idle=0s
[w6:mn:pro] [api] 200 mode=pro startsWith=misdu
[w6:mn:pro] [api] 200 mode=pro startsWith=misdu (775ms direct)
[w6:mn:pro] "misdu" → 0 records, 0 words
[w6:mn:pro] "misdu" branch complete
[w6:mn:pro] Saved 24,805 worker words
[w6:mn:pro] Searching "misdv" | queue=202 | words=24805
[w6:mn:pro] Pacing 14s before "misdv" (gap=15500ms)
[w6:mn:pro] Managed Turnstile token (len=816, 16432ms, reset)
[w6:mn:pro] [api] 200 mode=pro startsWith=misdv
[w6:mn:pro] [api] 200 mode=pro startsWith=misdv (968ms direct)
[w6:mn:pro] "misdv" → 0 records, 0 words
[w6:mn:pro] "misdv" branch complete
[w6:mn:pro] Saved 24,805 worker words
[w6:mn:pro] Searching "misdw" | queue=201 | words=24805
[w6:mn:pro] Pacing 13s before "misdw" (gap=15500ms)
[w6:mn:pro] Managed Turnstile token (len=816, 18853ms, reset)
[w6:mn:pro] [api] 200 mode=pro startsWith=misdw
[w6:mn:pro] [api] 200 mode=pro startsWith=misdw (1324ms direct)
[w6:mn:pro] "misdw" → 0 records, 0 words
[w6:mn:pro] "misdw" branch complete
[w6:mn:pro] Saved 24,805 worker words
[w6:mn:pro] Searching "misdx" | queue=200 | words=24805
[w6:mn:pro] Pacing 13s before "misdx" (gap=15500ms)
[w6:mn:pro] heartbeat words=24805 queue=200 rotation=6 idle=8s
[w6:mn:pro] Turnstile mint hard timeout after 28000ms
[w6:mn:pro] Site Turnstile remint timed out (33182ms)
[w6:mn:pro] Turnstile token present (len=816)
[w6:mn:pro] Site Turnstile token (27004ms)
[w6:mn:pro] [api] 200 mode=pro startsWith=misdx
[w6:mn:pro] [api] 200 mode=pro startsWith=misdx (432ms direct)
[w6:mn:pro] "misdx" → 0 records, 0 words
[w6:mn:pro] "misdx" branch complete
[w6:mn:pro] Saved 24,805 worker words
[w6:mn:pro] Searching "misdy" | queue=199 | words=24805
[w6:mn:pro] Pacing 13s before "misdy" (gap=15500ms)
[w6:mn:pro] heartbeat words=24805 queue=199 rotation=6 idle=10s
[w6:mn:pro] Managed Turnstile token (len=816, 17034ms, remount)
[w6:mn:pro] [api] 200 mode=pro startsWith=misdy
[w6:mn:pro] [api] 200 mode=pro startsWith=misdy (662ms direct)
[w6:mn:pro] "misdy" → 0 records, 0 words
[w6:mn:pro] "misdy" branch complete
[w6:mn:pro] Saved 24,805 worker words
[w6:mn:pro] Searching "misdz" | queue=198 | words=24805
[w6:mn:pro] Pacing 13s before "misdz" (gap=15500ms)
[w6:mn:pro] Turnstile mint hard timeout after 28000ms
[w6:mn:pro] Site Turnstile remint timed out (29366ms)
[w6:mn:pro] heartbeat words=24805 queue=198 rotation=6 idle=22s
[w6:mn:pro] Site Turnstile remint timed out (26062ms)
[w6:mn:pro] Managed Turnstile token (len=816, 11620ms, remount)
[w6:mn:pro] [api] 200 mode=pro startsWith=misdz
[w6:mn:pro] [api] 200 mode=pro startsWith=misdz (398ms direct)
[w6:mn:pro] "misdz" → 0 records, 0 words
[w6:mn:pro] "misdz" branch complete
[w6:mn:pro] Saved 24,805 worker words
[w6:mn:pro] Searching "misex" | queue=197 | words=24805
[w6:mn:pro] Pacing 16s before "misex" (gap=15500ms)
[w6:mn:pro] Managed Turnstile token (len=816, 4015ms, reset)
[w6:mn:pro] [api] 200 mode=pro startsWith=misex
[w6:mn:pro] [api] 200 mode=pro startsWith=misex (375ms direct)
[w6:mn:pro] "misex" → 16 records, 16 words
[w6:mn:pro] "misex" branch complete
[w6:mn:pro] Saved 24,805 worker words
[w6:mn:pro] Searching "misey" | queue=196 | words=24805
[w6:mn:pro] Pacing 16s before "misey" (gap=15500ms)
[w6:mn:pro] Managed Turnstile token (len=816, 4097ms, reset)
[w6:mn:pro] [api] 200 mode=pro startsWith=misey
[w6:mn:pro] [api] 200 mode=pro startsWith=misey (496ms direct)
[w6:mn:pro] "misey" → 0 records, 0 words
[w6:mn:pro] "misey" branch complete
[w6:mn:pro] Saved 24,805 worker words; shared last.txt now 286,618
[w6:mn:pro] Searching "misez" | queue=195 | words=24805
[w6:mn:pro] Pacing 15s before "misez" (gap=15500ms)
[w6:mn:pro] Managed Turnstile token (len=816, 9974ms, reset)
[w6:mn:pro] heartbeat words=24805 queue=195 rotation=6 idle=4s
[w6:mn:pro] [api] 200 mode=pro startsWith=misez
[w6:mn:pro] [api] 200 mode=pro startsWith=misez (373ms direct)
[w6:mn:pro] "misez" → 0 records, 0 words
[w6:mn:pro] "misez" branch complete
[w6:mn:pro] Saved 24,805 worker words
[w6:mn:pro] Searching "mispu" | queue=194 | words=24805
[w6:mn:pro] Pacing 16s before "mispu" (gap=15500ms)
[w6:mn:pro] Managed Turnstile token (len=816, 6075ms, reset)
[w6:mn:pro] [api] 200 mode=pro startsWith=mispu
[w6:mn:pro] [api] 200 mode=pro startsWith=mispu (547ms direct)
[w6:mn:pro] "mispu" → 15 records, 15 words
[w6:mn:pro] "mispu" branch complete
[w6:mn:pro] Saved 24,805 worker words
[w6:mn:pro] Searching "mispv" | queue=193 | words=24805
[w6:mn:pro] Pacing 15s before "mispv" (gap=15500ms)
[w6:mn:pro] Site Turnstile remint timed out (23711ms)
[w6:mn:pro] heartbeat words=24805 queue=193 rotation=6 idle=18s
[w6:mn:pro] Site Turnstile remint timed out (24259ms)
[w6:mn:pro] Turnstile token present (len=816)
[w6:mn:pro] Site Turnstile token (22173ms)
[w6:mn:pro] [api] 200 mode=pro startsWith=mispv
[w6:mn:pro] [api] 200 mode=pro startsWith=mispv (566ms direct)
[w6:mn:pro] "mispv" → 0 records, 0 words
[w6:mn:pro] "mispv" branch complete
[w6:mn:pro] Saved 24,805 worker words
[w6:mn:pro] Searching "mispw" | queue=192 | words=24805
[w6:mn:pro] Pacing 15s before "mispw" (gap=15500ms)
[w6:mn:pro] Site Turnstile remint timed out (24420ms)
[w6:mn:pro] heartbeat words=24805 queue=192 rotation=6 idle=6s
[w6:mn:pro] Managed Turnstile token (len=816, 17027ms, remount)
[w6:mn:pro] [api] 200 mode=pro startsWith=mispw
[w6:mn:pro] [api] 200 mode=pro startsWith=mispw (426ms direct)
[w6:mn:pro] "mispw" → 0 records, 0 words
[w6:mn:pro] "mispw" branch complete
[w6:mn:pro] Saved 24,805 worker words
[w6:mn:pro] Searching "mispx" | queue=191 | words=24805
[w6:mn:pro] Pacing 11s before "mispx" (gap=15500ms)
[w6:mn:pro] Managed Turnstile token (len=816, 16682ms, reset)
[w6:mn:pro] [api] 200 mode=pro startsWith=mispx
[w6:mn:pro] [api] 200 mode=pro startsWith=mispx (373ms direct)
[w6:mn:pro] "mispx" → 0 records, 0 words
[w6:mn:pro] "mispx" branch complete
[w6:mn:pro] Saved 24,805 worker words
[w6:mn:pro] Searching "mispy" | queue=190 | words=24805
[w6:mn:pro] Pacing 15s before "mispy" (gap=15500ms)
[w6:mn:pro] Site Turnstile remint timed out (23416ms)
[w6:mn:pro] heartbeat words=24805 queue=190 rotation=6 idle=7s
[w6:mn:pro] Site Turnstile remint timed out (27528ms)
[w6:mn:pro] Turnstile mint hard timeout after 28000ms
[w6:mn:pro] heartbeat words=24805 queue=190 rotation=6 idle=10s
[w6:mn:pro] Site Turnstile remint timed out (40021ms)
[w6:mn:pro] Turnstile token present (len=816)
[w6:mn:pro] Site Turnstile token (28023ms)
[w6:mn:pro] [api] 200 mode=pro startsWith=mispy
[w6:mn:pro] [api] 200 mode=pro startsWith=mispy (565ms direct)
[w6:mn:pro] "mispy" → 0 records, 0 words
[w6:mn:pro] "mispy" branch complete
[w6:mn:pro] Saved 24,805 worker words
[w6:mn:pro] Searching "mispz" | queue=189 | words=24805
[w6:mn:pro] Pacing 13s before "mispz" (gap=15500ms)
[w6:mn:pro] Managed Turnstile token (len=816, 19036ms, remount)
[w6:mn:pro] [api] 200 mode=pro startsWith=mispz
[w6:mn:pro] [api] 200 mode=pro startsWith=mispz (572ms direct)
[w6:mn:pro] "mispz" → 0 records, 0 words
[w6:mn:pro] "mispz" branch complete
[w6:mn:pro] Saved 24,805 worker words
[w6:mn:pro] Searching "misre" | queue=188 | words=24805
[w6:mn:pro] Pacing 12s before "misre" (gap=15500ms)
[w6:mn:pro] Managed Turnstile token (len=816, 15967ms, reset)
[w6:mn:pro] [api] 200 mode=pro startsWith=misre
[w6:mn:pro] [api] 200 mode=pro startsWith=misre (453ms direct)
[w6:mn:pro] "misre" → 98 records, 98 words
[w6:mn:pro] "misre" branch complete
[w6:mn:pro] heartbeat words=24805 queue=188 rotation=6 idle=2s
[w6:mn:pro] Saved 24,805 worker words; shared last.txt now 287,910
[w6:mn:pro] Searching "misru" | queue=187 | words=24805
[w6:mn:pro] Turnstile mint hard timeout after 28000ms
[w6:mn:pro] Managed Turnstile token (len=816, 11794ms, remount)
[w6:mn:pro] Turnstile token present (len=816)
[w6:mn:pro] Site Turnstile token (41586ms)
[w6:mn:pro] [api] 200 mode=pro startsWith=misru
[w6:mn:pro] [api] 200 mode=pro startsWith=misru (424ms direct)
[w6:mn:pro] "misru" → 7 records, 7 words
[w6:mn:pro] "misru" branch complete
[w6:mn:pro] Saved 24,805 worker words
[w6:mn:pro] Searching "misrv" | queue=186 | words=24805
[w6:mn:pro] Pacing 15s before "misrv" (gap=15500ms)
[w6:mn:pro] Managed Turnstile token (len=816, 9582ms, reset)
[w6:mn:pro] [api] 200 mode=pro startsWith=misrv
[w6:mn:pro] [api] 200 mode=pro startsWith=misrv (454ms direct)
[w6:mn:pro] "misrv" → 0 records, 0 words
[w6:mn:pro] "misrv" branch complete
[w6:mn:pro] Saved 24,805 worker words
[w6:mn:pro] Searching "misrw" | queue=185 | words=24805
[w6:mn:pro] Pacing 15s before "misrw" (gap=15500ms)
[w6:mn:pro] heartbeat words=24805 queue=185 rotation=6 idle=5s
[w6:mn:pro] Managed Turnstile token (len=816, 17978ms, reset)
[w6:mn:pro] [api] 200 mode=pro startsWith=misrw
[w6:mn:pro] [api] 200 mode=pro startsWith=misrw (429ms direct)
[w6:mn:pro] "misrw" → 0 records, 0 words
[w6:mn:pro] "misrw" branch complete
[w6:mn:pro] Saved 24,805 worker words
[w6:mn:pro] Searching "misrx" | queue=184 | words=24805
[w6:mn:pro] Pacing 15s before "misrx" (gap=15500ms)
[w6:mn:pro] Managed Turnstile token (len=816, 18680ms, reset)
[w6:mn:pro] [api] 200 mode=pro startsWith=misrx
[w6:mn:pro] [api] 200 mode=pro startsWith=misrx (435ms direct)
[w6:mn:pro] "misrx" → 0 records, 0 words
[w6:mn:pro] "misrx" branch complete
[w6:mn:pro] Saved 24,805 worker words
[w6:mn:pro] Searching "misry" | queue=183 | words=24805
[w6:mn:pro] Pacing 15s before "misry" (gap=15500ms)
[w6:mn:pro] heartbeat words=24805 queue=183 rotation=6 idle=26s
[w6:mn:pro] Turnstile mint hard timeout after 28000ms
[w6:mn:pro] Site Turnstile remint timed out (28945ms)
[w6:mn:pro] Turnstile token present (len=816)
[w6:mn:pro] Site Turnstile token (24933ms)
[w6:mn:pro] [api] 200 mode=pro startsWith=misry
[w6:mn:pro] [api] 200 mode=pro startsWith=misry (464ms direct)
[w6:mn:pro] "misry" → 0 records, 0 words
[w6:mn:pro] "misry" branch complete
[w6:mn:pro] Saved 24,805 worker words
[w6:mn:pro] Searching "misrz" | queue=182 | words=24805
[w6:mn:pro] Pacing 13s before "misrz" (gap=15500ms)
[w6:mn:pro] Turnstile mint hard timeout after 28000ms
[w6:mn:pro] Site Turnstile remint timed out (28267ms)
[w6:mn:pro] heartbeat words=24805 queue=182 rotation=6 idle=4s
[w6:mn:pro] Managed Turnstile token (len=816, 8768ms, remount)
[w6:mn:pro] [api] 200 mode=pro startsWith=misrz
[w6:mn:pro] [api] 200 mode=pro startsWith=misrz (425ms direct)
[w6:mn:pro] "misrz" → 0 records, 0 words
[w6:mn:pro] "misrz" branch complete
[w6:mn:pro] Saved 24,805 worker words
[w6:mn:pro] Searching "missi" | queue=181 | words=24805
[w6:mn:pro] Pacing 15s before "missi" (gap=15500ms)
[w6:mn:pro] Managed Turnstile token (len=816, 3623ms, reset)
[w6:mn:pro] [api] 200 mode=pro startsWith=missi
[w6:mn:pro] [api] 200 mode=pro startsWith=missi (579ms direct)
[w6:mn:pro] "missi" → 69 records, 69 words
[w6:mn:pro] "missi" branch complete
[w6:mn:pro] Saved 24,850 worker words
[w6:mn:pro] Searching "missy" | queue=180 | words=24850
[w6:mn:pro] Pacing 15s before "missy" (gap=15500ms)
[w6:mn:pro] Managed Turnstile token (len=816, 5342ms, reset)
[w6:mn:pro] [api] 200 mode=pro startsWith=missy
[w6:mn:pro] [api] 200 mode=pro startsWith=missy (733ms direct)
[w6:mn:pro] "missy" → 7 records, 7 words (incl. exact "missy")
[w6:mn:pro] "missy" branch complete
[w6:mn:pro] Saved 24,850 worker words; shared last.txt now 288,555
[w6:mn:pro] Searching "missz" | queue=179 | words=24850
[w6:mn:pro] heartbeat words=24850 queue=179 rotation=6 idle=4s
[w6:mn:pro] Turnstile mint hard timeout after 28000ms
[w6:mn:pro] Turnstile token present (len=816)
[w6:mn:pro] Site Turnstile token (48615ms)
[w6:mn:pro] Turnstile mint hard timeout after 28000ms
[w6:mn:pro] Site Turnstile remint timed out (38746ms)
[w6:mn:pro] heartbeat words=24850 queue=179 rotation=6 idle=13s
[w6:mn:pro] Turnstile token present (len=816)
[w6:mn:pro] Site Turnstile token (23626ms)
[w6:mn:pro] [api] 200 mode=pro startsWith=missz
[w6:mn:pro] [api] 200 mode=pro startsWith=missz (662ms direct)
[w6:mn:pro] "missz" → 0 records, 0 words
[w6:mn:pro] "missz" branch complete
[w6:mn:pro] Saved 24,850 worker words
[w6:mn:pro] Searching "misty" | queue=178 | words=24850
[w6:mn:pro] Pacing 12s before "misty" (gap=15500ms)
[w6:mn:pro] Turnstile token present (len=816)
[w6:mn:pro] Site Turnstile token (27074ms)
[w6:mn:pro] [api] 200 mode=pro startsWith=misty
[w6:mn:pro] [api] 200 mode=pro startsWith=misty (497ms direct)
[w6:mn:pro] "misty" → 7 records, 7 words (incl. exact "misty")
[w6:mn:pro] "misty" branch complete
[w6:mn:pro] Saved 24,850 worker words
[w6:mn:pro] Searching "mistz" | queue=177 | words=24850
[w6:mn:pro] Pacing 14s before "mistz" (gap=15500ms)
[w6:mn:pro] Site Turnstile remint timed out (23562ms)
[w6:mn:pro] Managed Turnstile token (len=816, 4780ms, remount)
[w6:mn:pro] [api] 200 mode=pro startsWith=mistz
[w6:mn:pro] [api] 200 mode=pro startsWith=mistz (411ms direct)
[w6:mn:pro] "mistz" → 0 records, 0 words
[w6:mn:pro] "mistz" branch complete
[w6:mn:pro] Saved 24,850 worker words
[w6:mn:pro] Searching "modes" | queue=176 | words=24850
[w6:mn:pro] Pacing 16s before "modes" (gap=15500ms)
[w6:mn:pro] heartbeat words=24850 queue=176 rotation=6 idle=0s
[w6:mn:pro] Managed Turnstile token (len=816, 4107ms, reset)
[w6:mn:pro] [api] 200 mode=pro startsWith=modes
[w6:mn:pro] [api] 200 mode=pro startsWith=modes (403ms direct)
[w6:mn:pro] "modes" → 8 records, 8 words (incl. exact "modes")
[w6:mn:pro] "modes" branch complete
[w6:mn:pro] Saved 24,850 worker words
[w6:mn:pro] Searching "modet" | queue=175 | words=24850
[w6:mn:pro] Pacing 15s before "modet" (gap=15500ms)
[w6:mn:pro] Managed Turnstile token (len=816, 4336ms, reset)
[w6:mn:pro] [api] 200 mode=pro startsWith=modet
[w6:mn:pro] [api] 200 mode=pro startsWith=modet (484ms direct)
[w6:mn:pro] "modet" → 0 records, 0 words
[w6:mn:pro] "modet" branch complete
[w6:mn:pro] Saved 24,850 worker words
[w6:mn:pro] Searching "modeu" | queue=174 | words=24850
[w6:mn:pro] Pacing 15s before "modeu" (gap=15500ms)
[w6:mn:pro] Turnstile token present (len=816)
[w6:mn:pro] Site Turnstile token (24107ms)
[w6:mn:pro] heartbeat words=24850 queue=174 rotation=6 idle=5s
[w6:mn:pro] [api] 429 mode=pro startsWith=modeu
[w6:mn:pro] [api] 429 mode=pro startsWith=modeu (11810ms direct)
[w6:mn:pro] Learned server gap ≈ 20000ms (wait hint 15000ms)
[w6:mn:pro] Rate limited — inline wait 15000ms then retry "modeu"
[w6:mn:pro] Site Turnstile remint timed out (27056ms)
[w6:mn:pro] heartbeat words=24850 queue=174 rotation=6 idle=25s
[w6:mn:pro] Site Turnstile remint timed out (27813ms)
[w6:mn:pro] Site Turnstile remint timed out (26152ms)
[w6:mn:pro] Turnstile token present (len=816)
[w6:mn:pro] Site Turnstile token (23953ms)
[w6:mn:pro] [api] 429 mode=pro startsWith=modeu
[w6:mn:pro] [api] 429 mode=pro startsWith=modeu (539ms direct)
[w6:mn:pro] Learned server gap ≈ 20000ms (wait hint 10000ms)
[w6:mn:pro] Failed "modeu" attempt 1: API 429 for "modeu": wait 9s — {"message":"Too many requests. Please wait 9 seconds."}
[w6:mn:pro] Saved 24,850 worker words
[w6:mn:pro] Rate limited — waiting 10000 ms before retry
[w6:mn:pro] heartbeat words=24850 queue=175 rotation=6 idle=6s
[w6:mn:pro] Searching "modeu" | queue=174 | words=24850
[w6:mn:pro] Managed Turnstile token (len=816, 17346ms, remount)
[w6:mn:pro] [api] 429 mode=pro startsWith=modeu
[w6:mn:pro] [api] 429 mode=pro startsWith=modeu (544ms direct)
[w6:mn:pro] Learned server gap ≈ 20000ms (wait hint 11000ms)
[w6:mn:pro] Rate limited — inline wait 11000ms then retry "modeu"
[w6:mn:pro] Turnstile token present (len=816)
[w6:mn:pro] Site Turnstile token (21224ms)
[w6:mn:pro] [api] 429 mode=pro startsWith=modeu
[w6:mn:pro] [api] 429 mode=pro startsWith=modeu (856ms direct)
[w6:mn:pro] Learned server gap ≈ 20000ms (wait hint 10000ms)
[w6:mn:pro] Failed "modeu" attempt 1: API 429 for "modeu": wait 9s — {"message":"Too many requests. Please wait 9 seconds."}
[w6:mn:pro] Saved 24,850 worker words
[w6:mn:pro] Rate limited — waiting 10000 ms before retry
[w6:mn:pro] Searching "modeu" | queue=174 | words=24850
[w6:mn:pro] Turnstile token present (len=816)
[w6:mn:pro] Site Turnstile token (21581ms)
[w6:mn:pro] [api] 429 mode=pro startsWith=modeu
[w6:mn:pro] [api] 429 mode=pro startsWith=modeu (456ms direct)
[w6:mn:pro] Learned server gap ≈ 20000ms (wait hint 16000ms)
[w6:mn:pro] Rate limited — inline wait 16000ms then retry "modeu"
[w6:mn:pro] heartbeat words=24850 queue=174 rotation=6 idle=3s
[w6:mn:pro] Managed Turnstile token (len=816, 10671ms, remount)
[w6:mn:pro] [api] 200 mode=pro startsWith=modeu
[w6:mn:pro] [api] 200 mode=pro startsWith=modeu (677ms direct)
[w6:mn:pro] "modeu" → 0 records, 0 words
[w6:mn:pro] "modeu" branch complete
[w6:mn:pro] Saved 24,850 worker words; shared last.txt now 290,013
[w6:mn:pro] Searching "modev" | queue=173 | words=24850
[w6:mn:pro] Turnstile mint hard timeout after 28000ms
[w6:mn:pro] Site Turnstile remint timed out (35706ms)
[w6:mn:pro] heartbeat words=24850 queue=173 rotation=6 idle=9s
[w6:mn:pro] Site Turnstile remint timed out (24783ms)
[w6:mn:pro] Site Turnstile remint timed out (27434ms)
[w6:mn:pro] heartbeat words=24850 queue=173 rotation=6 idle=22s
[w6:mn:pro] Site Turnstile remint timed out (27012ms)
[w6:mn:pro] Managed Turnstile token (len=816, 4775ms, remount)
[w6:mn:pro] [api] 429 mode=pro startsWith=modev
[w6:mn:pro] [api] 429 mode=pro startsWith=modev (609ms direct)
[w6:mn:pro] Learned server gap ≈ 20000ms (wait hint 16000ms)
[w6:mn:pro] Rate limited — inline wait 16000ms then retry "modev"
[w6:mn:pro] Managed Turnstile token (len=816, 4452ms, reset)
[w6:mn:pro] [api] 429 mode=pro startsWith=modev
[w6:mn:pro] [api] 429 mode=pro startsWith=modev (415ms direct)
[w6:mn:pro] Learned server gap ≈ 20000ms (wait hint 15000ms)
[w6:mn:pro] Failed "modev" attempt 1: API 429 for "modev": wait 14s — {"message":"Too many requests. Please wait 14 seconds."}
[w6:mn:pro] Saved 24,850 worker words
[w6:mn:pro] Rate limited — waiting 15000 ms before retry
[w6:mn:pro] Managed Turnstile token (len=816, 9781ms, reset)
[w6:mn:pro] Searching "modev" | queue=173 | words=24850
[w6:mn:pro] [api] 429 mode=pro startsWith=modev
[w6:mn:pro] [api] 429 mode=pro startsWith=modev (716ms direct)
[w6:mn:pro] Learned server gap ≈ 20000ms (wait hint 12000ms)
[w6:mn:pro] Rate limited — inline wait 12000ms then retry "modev"
[w6:mn:pro] heartbeat words=24850 queue=173 rotation=6 idle=12s
[w6:mn:pro] Turnstile mint hard timeout after 28000ms
[w6:mn:pro] Site Turnstile remint timed out (29002ms)
[w6:mn:pro] Site Turnstile remint timed out (27472ms)
[w6:mn:pro] heartbeat words=24850 queue=173 rotation=6 idle=16s
[w6:mn:pro] Site Turnstile remint timed out (23579ms)
[w6:mn:pro] Turnstile token present (len=816)
[w6:mn:pro] Site Turnstile token (26007ms)
[w6:mn:pro] [api] 200 mode=pro startsWith=modev
[w6:mn:pro] [api] 200 mode=pro startsWith=modev (1102ms direct)
[w6:mn:pro] "modev" → 0 records, 0 words
[w6:mn:pro] "modev" branch complete
[w6:mn:pro] Saved 24,850 worker words
[w6:mn:pro] Searching "modew" | queue=172 | words=24850
[w6:mn:pro] Pacing 18s before "modew" (gap=20000ms)
[w6:mn:pro] heartbeat words=24850 queue=172 rotation=6 idle=24s
[w6:mn:pro] Turnstile mint hard timeout after 28000ms
[w6:mn:pro] Turnstile token present (len=816)
[w6:mn:pro] Site Turnstile token (41999ms)
[w6:mn:pro] Managed Turnstile token (len=816, 24394ms, remount)
[w6:mn:pro] [api] 200 mode=pro startsWith=modew
[w6:mn:pro] [api] 200 mode=pro startsWith=modew (474ms direct)
[w6:mn:pro] "modew" → 0 records, 0 words
[w6:mn:pro] "modew" branch complete
[w6:mn:pro] Saved 24,850 worker words
[w6:mn:pro] Searching "modex" | queue=171 | words=24850
[w6:mn:pro] Pacing 18s before "modex" (gap=20000ms)
[w6:mn:pro] Managed Turnstile token (len=816, 12698ms, reset)
[w6:mn:pro] [api] 200 mode=pro startsWith=modex
[w6:mn:pro] [api] 200 mode=pro startsWith=modex (1089ms direct)
[w6:mn:pro] "modex" → 0 records, 0 words
[w6:mn:pro] "modex" branch complete
[w6:mn:pro] Saved 24,850 worker words
[w6:mn:pro] Searching "modey" | queue=170 | words=24850
[w6:mn:pro] Pacing 19s before "modey" (gap=20000ms)
[w6:mn:pro] heartbeat words=24850 queue=170 rotation=6 idle=10s
[w6:mn:pro] Managed Turnstile token (len=816, 11746ms, reset)
[w6:mn:pro] [api] 200 mode=pro startsWith=modey
[w6:mn:pro] [api] 200 mode=pro startsWith=modey (492ms direct)
[w6:mn:pro] "modey" → 0 records, 0 words
[w6:mn:pro] "modey" branch complete
[w6:mn:pro] Saved 24,850 worker words
[w6:mn:pro] Searching "modez" | queue=169 | words=24850
[w6:mn:pro] Pacing 18s before "modez" (gap=20000ms)
[w6:mn:pro] Managed Turnstile token (len=816, 16167ms, reset)
[w6:mn:pro] [api] 200 mode=pro startsWith=modez
[w6:mn:pro] [api] 200 mode=pro startsWith=modez (487ms direct)
[w6:mn:pro] "modez" → 0 records, 0 words
[w6:mn:pro] "modez" branch complete
[w6:mn:pro] Saved 24,850 worker words
[w6:mn:pro] Searching "monaz" | queue=168 | words=24850
[w6:mn:pro] Pacing 18s before "monaz" (gap=20000ms)
[w6:mn:pro] Managed Turnstile token (len=816, 17725ms, reset)
[w6:mn:pro] [api] 200 mode=pro startsWith=monaz
[w6:mn:pro] [api] 200 mode=pro startsWith=monaz (693ms direct)
[w6:mn:pro] "monaz" → 3 records, 3 words
[w6:mn:pro] "monaz" branch complete
[w6:mn:pro] Saved 24,850 worker words
[w6:mn:pro] Searching "money" | queue=167 | words=24850
[w6:mn:pro] Pacing 15s before "money" (gap=20000ms)
[w6:mn:pro] heartbeat words=24850 queue=167 rotation=6 idle=6s
[w6:mn:pro] Turnstile token present (len=816)
[w6:mn:pro] Site Turnstile token (27130ms)
[w6:mn:pro] [api] 429 mode=pro startsWith=money
[w6:mn:pro] [api] 429 mode=pro startsWith=money (487ms direct)
[w6:mn:pro] Learned server gap ≈ 20000ms (wait hint 4000ms)
[w6:mn:pro] Rate limited — inline wait 4000ms then retry "money"
[w6:mn:pro] Turnstile token present (len=816)
[w6:mn:pro] Site Turnstile token (21085ms)
[w6:mn:pro] [api] 200 mode=pro startsWith=money
[w6:mn:pro] [api] 200 mode=pro startsWith=money (471ms direct)
[w6:mn:pro] "money" → 42 records, 42 words (incl. exact "money")
[w6:mn:pro] "money" branch complete
[w6:mn:pro] Saved 24,850 worker words; shared last.txt now 292,139
[w6:mn:pro] Searching "monez" | queue=166 | words=24850
[w6:mn:pro] Pacing 13s before "monez" (gap=20000ms)
[w6:mn:pro] Managed Turnstile token (len=816, 12147ms, remount)
[w6:mn:pro] heartbeat words=24850 queue=166 rotation=6 idle=5s
[w6:mn:pro] [api] 200 mode=pro startsWith=monez
[w6:mn:pro] [api] 200 mode=pro startsWith=monez (453ms direct)
[w6:mn:pro] "monez" → 0 records, 0 words
[w6:mn:pro] "monez" branch complete
[w6:mn:pro] Saved 24,850 worker words
[w6:mn:pro] Searching "monoc" | queue=165 | words=24850
[w6:mn:pro] Pacing 19s before "monoc" (gap=20000ms)
[w6:mn:pro] Managed Turnstile token (len=816, 6576ms, reset)
[w6:mn:pro] [api] 429 mode=pro startsWith=monoc
[w6:mn:pro] [api] 429 mode=pro startsWith=monoc (445ms direct)
[w6:mn:pro] Learned server gap ≈ 20000ms (wait hint 15000ms)
[w6:mn:pro] Rate limited — inline wait 15000ms then retry "monoc"
[w6:mn:pro] Turnstile token present (len=816)
[w6:mn:pro] Site Turnstile token (22603ms)
[w6:mn:pro] [api] 429 mode=pro startsWith=monoc
[w6:mn:pro] [api] 429 mode=pro startsWith=monoc (382ms direct)
[w6:mn:pro] Learned server gap ≈ 20000ms (wait hint 10000ms)
[w6:mn:pro] Failed "monoc" attempt 1: API 429 for "monoc": wait 9s — {"message":"Too many requests. Please wait 9 seconds."}
[w6:mn:pro] Saved 24,850 worker words
[w6:mn:pro] Rate limited — waiting 10000 ms before retry
[w6:mn:pro] Searching "monoc" | queue=165 | words=24850
[w6:mn:pro] heartbeat words=24850 queue=165 rotation=6 idle=3s
[w6:mn:pro] Turnstile token present (len=816)
[w6:mn:pro] Site Turnstile token (22178ms)
[w6:mn:pro] [api] 429 mode=pro startsWith=monoc
[w6:mn:pro] [api] 429 mode=pro startsWith=monoc (533ms direct)
[w6:mn:pro] Learned server gap ≈ 20000ms (wait hint 7000ms)
[w6:mn:pro] Rate limited — inline wait 7000ms then retry "monoc"
[w6:mn:pro] Turnstile token present (len=816)
[w6:mn:pro] Site Turnstile token (23391ms)
[w6:mn:pro] [api] 200 mode=pro startsWith=monoc
[w6:mn:pro] [api] 200 mode=pro startsWith=monoc (496ms direct)
[w6:mn:pro] "monoc" → 100 records, 100 words
[w6:mn:pro] Pacing 16s before "monoc" (gap=20000ms)
[w6:mn:pro] heartbeat words=24893 queue=165 rotation=6 idle=23s
[w6:mn:pro] Turnstile mint hard timeout after 28000ms
[w6:mn:pro] Site Turnstile remint timed out (34185ms)
[w6:mn:pro] Turnstile mint hard timeout after 28000ms
[w6:mn:pro] Site Turnstile remint timed out (38025ms)
[w6:mn:pro] heartbeat words=24893 queue=165 rotation=6 idle=16s
[w6:mn:pro] Turnstile mint hard timeout after 28000ms
[w6:mn:pro] Turnstile token present (len=816)
[w6:mn:pro] Site Turnstile token (31534ms)
[w6:mn:pro] Site Turnstile remint timed out (28150ms)
[w6:mn:pro] "monoc" reverse search failed (No Turnstile token for direct search); forward-only
[w6:mn:pro] "monoc" full page ends at "monoclonals" (next='l'); skip 13 covered groups → 15 children from monocl..
[w6:mn:pro] Saved 24,893 worker words
[w6:mn:pro] Searching "monod" | queue=179 | words=24893
[w6:mn:pro] Managed Turnstile token (len=816, 11703ms, remount)
[w6:mn:pro] [api] 429 mode=pro startsWith=monod
[w6:mn:pro] [api] 429 mode=pro startsWith=monod (426ms direct)
[w6:mn:pro] Learned server gap ≈ 20000ms (wait hint 2000ms)
[w6:mn:pro] Rate limited — inline wait 2000ms then retry "monod"
[w6:mn:pro] Managed Turnstile token (len=816, 10830ms, reset)
[w6:mn:pro] [api] 429 mode=pro startsWith=monod
[w6:mn:pro] [api] 429 mode=pro startsWith=monod (566ms direct)
[w6:mn:pro] Learned server gap ≈ 20000ms (wait hint 8000ms)
[w6:mn:pro] Failed "monod" attempt 1: API 429 for "monod": wait 7s — {"message":"Too many requests. Please wait 7 seconds."}
[w6:mn:pro] Saved 24,893 worker words
[w6:mn:pro] Rate limited — waiting 8000 ms before retry
[w6:mn:pro] heartbeat words=24893 queue=180 rotation=6 idle=3s
[w6:mn:pro] Managed Turnstile token (len=816, 8661ms, reset)
[w6:mn:pro] Searching "monod" | queue=179 | words=24893
[w6:mn:pro] [api] 429 mode=pro startsWith=monod
[w6:mn:pro] [api] 429 mode=pro startsWith=monod (365ms direct)
[w6:mn:pro] Learned server gap ≈ 20000ms (wait hint 16000ms)
[w6:mn:pro] Rate limited — inline wait 16000ms then retry "monod"
[w6:mn:pro] Managed Turnstile token (len=816, 8051ms, reset)
[w6:mn:pro] [api] 200 mode=pro startsWith=monod
[w6:mn:pro] [api] 200 mode=pro startsWith=monod (4202ms direct)
[w6:mn:pro] "monod" → 43 records, 43 words
[w6:mn:pro] "monod" branch complete
[w6:mn:pro] Saved 24,936 worker words
[w6:mn:pro] Searching "monoe" | queue=178 | words=24936
[w6:mn:pro] Pacing 16s before "monoe" (gap=20000ms)
[w6:mn:pro] Site Turnstile remint timed out (26715ms)
[w6:mn:pro] heartbeat words=24936 queue=178 rotation=6 idle=8s
[w6:mn:pro] Turnstile token present (len=816)
[w6:mn:pro] Site Turnstile token (24596ms)
[w6:mn:pro] [api] 200 mode=pro startsWith=monoe
[w6:mn:pro] [api] 200 mode=pro startsWith=monoe (516ms direct)
[w6:mn:pro] "monoe" → 17 records, 17 words
[w6:mn:pro] "monoe" branch complete
[w6:mn:pro] Saved 24,953 worker words
[w6:mn:pro] Searching "monof" | queue=177 | words=24953
[w6:mn:pro] Pacing 16s before "monof" (gap=20000ms)
[w6:mn:pro] Turnstile mint hard timeout after 28000ms
[w6:mn:pro] Site Turnstile remint timed out (34792ms)
[w6:mn:pro] heartbeat words=24953 queue=177 rotation=6 idle=7s
[w6:mn:pro] Turnstile mint hard timeout after 28000ms
[w6:mn:pro] Turnstile mint hard timeout after 28000ms
[w6:mn:pro] Site Turnstile remint timed out (36999ms)
[w6:mn:pro] heartbeat words=24953 queue=177 rotation=6 idle=8s
[w6:mn:pro] Turnstile mint hard timeout after 28000ms
[w6:mn:pro] Failed "monof" attempt 1: No Turnstile token for direct search
[w6:mn:pro] Saved 24,953 worker words
[w6:mn:pro] Turnstile miss — soft reload before rotate
[w6:mn:pro] Site Turnstile remint timed out (35888ms)
[w6:mn:pro] Site Turnstile remint timed out (93065ms)
[w6:mn:pro] Site Turnstile remint timed out (2398352ms)
[w6:mn:pro] Site Turnstile remint timed out (2341445ms)
[w6:mn:pro] Turnstile token present (len=816)
[w6:mn:pro] Site Turnstile token (2428228ms)
[w6:mn:pro] Turnstile token present (len=816)
[w6:mn:pro] Site Turnstile token (13742ms)
[w6:mn:pro] Searching "monof" | queue=177 | words=24953
[w6:mn:pro] [api] 429 mode=pro startsWith=monof
[w6:mn:pro] [api] 429 mode=pro startsWith=monof (432ms direct)
[w6:mn:pro] Learned server gap ≈ 20000ms (wait hint 11000ms)
[w6:mn:pro] Rate limited — inline wait 11000ms then retry "monof"
[w6:mn:pro] Managed Turnstile token (len=816, 5068ms, remount)
[w6:mn:pro] [api] 200 mode=pro startsWith=monof
[w6:mn:pro] [api] 200 mode=pro startsWith=monof (454ms direct)
[w6:mn:pro] "monof" → 9 records, 9 words
[w6:mn:pro] "monof" branch complete
[w6:mn:pro] Saved 24,962 worker words; shared last.txt now 293,966
[w6:mn:pro] Searching "monog" | queue=176 | words=24962
[w6:mn:pro] Pacing 17s before "monog" (gap=20000ms)
[w6:mn:pro] Managed Turnstile token (len=816, 7801ms, reset)
[w6:mn:pro] heartbeat words=24962 queue=176 rotation=6 idle=7s
[w6:mn:pro] [api] 200 mode=pro startsWith=monog
[w6:mn:pro] [api] 200 mode=pro startsWith=monog (456ms direct)
[w6:mn:pro] "monog" → 88 records, 88 words
[w6:mn:pro] "monog" branch complete
[w6:mn:pro] Saved 25,050 worker words
[w6:mn:pro] Searching "monoh" | queue=175 | words=25050
[w6:mn:pro] Pacing 20s before "monoh" (gap=20000ms)
[w6:mn:pro] Site Turnstile remint timed out (24151ms)
[w6:mn:pro] Managed Turnstile token (len=816, 13021ms, remount)
[w6:mn:pro] [api] 429 mode=pro startsWith=monoh
[w6:mn:pro] [api] 429 mode=pro startsWith=monoh (595ms direct)
[w6:mn:pro] Learned server gap ≈ 20000ms (wait hint 6000ms)
[w6:mn:pro] Rate limited — inline wait 6000ms then retry "monoh"
[w6:mn:pro] Managed Turnstile token (len=816, 15587ms, reset)
[w6:mn:pro] heartbeat words=25050 queue=175 rotation=6 idle=0s
[w6:mn:pro] [api] 429 mode=pro startsWith=monoh
[w6:mn:pro] [api] 429 mode=pro startsWith=monoh (671ms direct)
[w6:mn:pro] Learned server gap ≈ 20000ms (wait hint 6000ms)
[w6:mn:pro] Failed "monoh" attempt 1: API 429 for "monoh": wait 5s — {"message":"Too many requests. Please wait 5 seconds."}
[w6:mn:pro] Saved 25,050 worker words
[w6:mn:pro] Rate limited — waiting 6000 ms before retry
[w6:mn:pro] Searching "monoh" | queue=175 | words=25050
[w6:mn:pro] Managed Turnstile token (len=816, 14970ms, reset)
[w6:mn:pro] [api] 200 mode=pro startsWith=monoh
[w6:mn:pro] [api] 200 mode=pro startsWith=monoh (673ms direct)
[w6:mn:pro] "monoh" → 12 records, 12 words
[w6:mn:pro] "monoh" branch complete
[w6:mn:pro] Saved 25,062 worker words
[w6:mn:pro] Searching "monoi" | queue=174 | words=25062
[w6:mn:pro] Pacing 19s before "monoi" (gap=20000ms)
[w6:mn:pro] Managed Turnstile token (len=816, 12587ms, reset)
[w6:mn:pro] [api] 429 mode=pro startsWith=monoi
[w6:mn:pro] [api] 429 mode=pro startsWith=monoi (834ms direct)
[w6:mn:pro] Learned server gap ≈ 20000ms (wait hint 14000ms)
[w6:mn:pro] Rate limited — inline wait 14000ms then retry "monoi"
[w6:mn:pro] heartbeat words=25062 queue=174 rotation=6 idle=22s
[w6:mn:pro] Site Turnstile remint timed out (24993ms)
[w6:mn:pro] Site Turnstile remint timed out (23892ms)
[w6:mn:pro] Turnstile token present (len=816)
[w6:mn:pro] Site Turnstile token (27072ms)
[w6:mn:pro] [api] 200 mode=pro startsWith=monoi
[w6:mn:pro] [api] 200 mode=pro startsWith=monoi (548ms direct)
[w6:mn:pro] "monoi" → 7 records, 7 words
[w6:mn:pro] "monoi" branch complete
[w6:mn:pro] Saved 25,069 worker words
[w6:mn:pro] Searching "monoj" | queue=173 | words=25069
[w6:mn:pro] Pacing 17s before "monoj" (gap=20000ms)
[w6:mn:pro] heartbeat words=25069 queue=173 rotation=6 idle=2s
[w6:mn:pro] Turnstile mint hard timeout after 28000ms
[w6:mn:pro] Site Turnstile remint timed out (28349ms)
[w6:mn:pro] Site Turnstile remint timed out (27555ms)
[w6:mn:pro] heartbeat words=25069 queue=173 rotation=6 idle=9s
[w6:mn:pro] Turnstile token present (len=837)
[w6:mn:pro] Site Turnstile token (26315ms)
[w6:mn:pro] [api] 429 mode=pro startsWith=monoj
[w6:mn:pro] [api] 429 mode=pro startsWith=monoj (429ms direct)
[w6:mn:pro] Learned server gap ≈ 20000ms (wait hint 11000ms)
[w6:mn:pro] Rate limited — inline wait 11000ms then retry "monoj"
[w6:mn:pro] Turnstile token present (len=837)
[w6:mn:pro] Site Turnstile token (19704ms)
[w6:mn:pro] [api] 429 mode=pro startsWith=monoj
[w6:mn:pro] [api] 429 mode=pro startsWith=monoj (523ms direct)
[w6:mn:pro] Learned server gap ≈ 20000ms (wait hint 6000ms)
[w6:mn:pro] Failed "monoj" attempt 1: API 429 for "monoj": wait 5s — {"message":"Too many requests. Please wait 5 seconds."}
[w6:mn:pro] Saved 25,069 worker words
[w6:mn:pro] Rate limited — waiting 6000 ms before retry
[w6:mn:pro] Searching "monoj" | queue=173 | words=25069
[w6:mn:pro] heartbeat words=25069 queue=173 rotation=6 idle=15s
[w6:mn:pro] Turnstile mint hard timeout after 28000ms
[w6:mn:pro] Site Turnstile remint timed out (32650ms)
[w6:mn:pro] Site Turnstile remint timed out (25543ms)
[w6:mn:pro] Turnstile token present (len=837)
[w6:mn:pro] Site Turnstile token (24513ms)
[w6:mn:pro] [api] 200 mode=pro startsWith=monoj
[w6:mn:pro] [api] 200 mode=pro startsWith=monoj (561ms direct)
[w6:mn:pro] "monoj" → 0 records, 0 words
[w6:mn:pro] "monoj" branch complete
[w6:mn:pro] Saved 25,069 worker words
[w6:mn:pro] Searching "monok" | queue=172 | words=25069
[w6:mn:pro] heartbeat words=25069 queue=172 rotation=6 idle=0s
[w6:mn:pro] Pacing 17s before "monok" (gap=20000ms)
[w6:mn:pro] Turnstile mint hard timeout after 28000ms
[w6:mn:pro] Site Turnstile remint timed out (33124ms)
[w6:mn:pro] Site Turnstile remint timed out (26431ms)
[w6:mn:pro] heartbeat words=25069 queue=172 rotation=6 idle=5s
[w6:mn:pro] Site Turnstile remint timed out (23518ms)
[w6:mn:pro] Site Turnstile remint timed out (23492ms)
[w6:mn:pro] heartbeat words=25069 queue=172 rotation=6 idle=18s
[w6:mn:pro] Site Turnstile remint timed out (25075ms)
[w6:mn:pro] Failed "monok" attempt 1: No Turnstile token for direct search
[w6:mn:pro] Saved 25,069 worker words
[w6:mn:pro] Turnstile miss — soft reload before rotate
[w6:mn:pro] Turnstile mint hard timeout after 15000ms
[w6:mn:pro] Soft reload mint failed — rotating immediately
[w6:mn:pro] Site Turnstile remint timed out (19746ms)
[w6:mn:pro] Tor exited code=null
[w6:mn:pro] Starting Tor gen=8 socks=127.0.0.1:19056 (try 1)
[w6:mn:pro] tor: Aug 05 10:40:20.645 [notice] Opening Socks listener on 127.0.0.1:19056
Aug 05 10:40:20.645 [notice] Opened Socks listener connection (ready) on 127.0.0.1:19056

[w6:mn:pro] tor: Aug 05 10:40:23.000 [notice] Bootstrapped 0% (starting): Starting
Aug 05 10:40:23.000 [notice] Starting with guard context "default"
[w6:mn:pro] tor: Aug 05 10:40:24.000 [notice] Bootstrapped 5% (conn): Connecting to a relay
Aug 05 10:40:24.000 [notice] Bootstrapped 10% (conn_done): Connected to a relay
[w6:mn:pro] tor: Aug 05 10:40:24.000 [notice] Bootstrapped 14% (handshake): Handshaking with a relay
[w6:mn:pro] tor: Aug 05 10:40:24.000 [notice] Bootstrapped 15% (handshake_done): Handshake with a relay done
Aug 05 10:40:24.000 [notice] Bootstrapped 20% (onehop_create): Estab
[w6:mn:pro] heartbeat words=25069 queue=173 rotation=7 idle=0s
[w6:mn:pro] tor: Aug 05 10:40:24.000 [notice] Bootstrapped 25% (requesting_status): Asking for networkstatus consensus
[w6:mn:pro] tor: Aug 05 10:40:25.000 [notice] Bootstrapped 30% (loading_status): Loading networkstatus consensus
[w6:mn:pro] tor: Aug 05 10:40:27.000 [notice] Bootstrapped 40% (loading_keys): Loading authority key certs
[w6:mn:pro] tor: Aug 05 10:40:29.000 [notice] The current consensus has no exit nodes. Tor can only build internal paths, such as paths to onion services.
Aug 05 10:40:29.000 [n
[w6:mn:pro] tor: Aug 05 10:40:30.000 [notice] Bootstrapped 50% (loading_descriptors): Loading relay descriptors
[w6:mn:pro] tor: Aug 05 10:40:55.000 [notice] Bootstrapped 55% (loading_descriptors): Loading relay descriptors
[w6:mn:pro] tor: Aug 05 10:41:05.000 [notice] Bootstrapped 61% (loading_descriptors): Loading relay descriptors
[w6:mn:pro] tor: Aug 05 10:41:06.000 [notice] Bootstrapped 66% (loading_descriptors): Loading relay descriptors
[w6:mn:pro] tor: Aug 05 10:41:08.000 [notice] Bootstrapped 75% (enough_dirinfo): Loaded enough directory info to build circuits
[w6:mn:pro] tor: Aug 05 10:41:08.000 [notice] Bootstrapped 90% (ap_handshake_done): Handshake finished with a relay to build circuits
Aug 05 10:41:08.000 [notice] Bootstrapped 9
[w6:mn:pro] tor: Aug 05 10:41:09.000 [notice] Bootstrapped 100% (done): Done
[w6:mn:pro] Tor ready on 19056 exit=185.220.101.17
[w6:mn:pro] Rotating IP (#7, try 1) after No Turnstile token for direct search → tor#8 socks5://127.0.0.1:19056
[w6:mn:pro] Launching persistent Chrome profile /tmp/lll-pw-w6-r7
[w6:mn:pro] Proxy tor#8 socks5://127.0.0.1:19056
[w6:mn:pro] Opening https://lastletterlibrary.com
[w6:mn:pro] Library mode=pro
[w6:mn:pro] heartbeat words=25069 queue=173 rotation=7 idle=5s
[w6:mn:pro] Managed Turnstile token (len=816, 8929ms, remount)
[w6:mn:pro] Search mode=direct (skip UI Wait Ns… gate)
[w6:mn:pro] Cleaned 1 old rotated profile(s)
[w6:mn:pro] Browser exit IP=193.189.100.206 (unique)
[w6:mn:pro] Searching "monok" | queue=172 | words=25069
[w6:mn:pro] [api] 200 mode=pro startsWith=monok
[w6:mn:pro] [api] 200 mode=pro startsWith=monok (673ms direct)
[w6:mn:pro] "monok" → 5 records, 5 words
[w6:mn:pro] "monok" branch complete
[w6:mn:pro] Turnstile mint hard timeout after 28000ms
[w6:mn:pro] Saved 25,074 worker words; shared last.txt now 295,886
[w6:mn:pro] Searching "monol" | queue=171 | words=25074
[w6:mn:pro] Site Turnstile remint timed out (39440ms)
[w6:mn:pro] heartbeat words=25074 queue=171 rotation=7 idle=11s
[w6:mn:pro] Managed Turnstile token (len=816, 16314ms, remount)
[w6:mn:pro] [api] 200 mode=pro startsWith=monol
[w6:mn:pro] [api] 200 mode=pro startsWith=monol (1057ms direct)
[w6:mn:pro] "monol" → 61 records, 61 words
[w6:mn:pro] "monol" branch complete
[w6:mn:pro] Saved 25,135 worker words
[w6:mn:pro] Searching "monom" | queue=170 | words=25135
[w6:mn:pro] Pacing 16s before "monom" (gap=20000ms)
[w6:mn:pro] Managed Turnstile token (len=816, 13570ms, reset)
[w6:mn:pro] [api] 200 mode=pro startsWith=monom
[w6:mn:pro] [api] 200 mode=pro startsWith=monom (650ms direct)
[w6:mn:pro] "monom" → 63 records, 63 words
[w6:mn:pro] "monom" branch complete
[w6:mn:pro] Saved 25,198 worker words
[w6:mn:pro] Searching "monon" | queue=169 | words=25198
[w6:mn:pro] Pacing 18s before "monon" (gap=20000ms)
[w6:mn:pro] Managed Turnstile token (len=816, 19843ms, reset)
[w6:mn:pro] [api] 200 mode=pro startsWith=monon
[w6:mn:pro] [api] 200 mode=pro startsWith=monon (633ms direct)
[w6:mn:pro] "monon" → 31 records, 31 words
[w6:mn:pro] "monon" branch complete
[w6:mn:pro] Saved 25,229 worker words
[w6:mn:pro] Searching "monoo" | queue=168 | words=25229
[w6:mn:pro] Pacing 19s before "monoo" (gap=20000ms)
[w6:mn:pro] heartbeat words=25229 queue=168 rotation=7 idle=18s
[w6:mn:pro] Site Turnstile remint timed out (24261ms)
[w6:mn:pro] Managed Turnstile token (len=816, 12884ms, remount)
[w6:mn:pro] [api] 200 mode=pro startsWith=monoo
[w6:mn:pro] [api] 200 mode=pro startsWith=monoo (549ms direct)
[w6:mn:pro] "monoo" → 4 records, 4 words
[w6:mn:pro] "monoo" branch complete
[w6:mn:pro] Saved 25,233 worker words
[w6:mn:pro] Searching "monop" | queue=167 | words=25233
[w6:mn:pro] Pacing 18s before "monop" (gap=20000ms)
[w6:mn:pro] Turnstile mint hard timeout after 28000ms
[w6:mn:pro] heartbeat words=25233 queue=167 rotation=7 idle=11s
[w6:mn:pro] Turnstile mint hard timeout after 28000ms
[w6:mn:pro] Site Turnstile remint timed out (33479ms)
[w6:mn:pro] Site Turnstile remint timed out (25242ms)
[w6:mn:pro] Managed Turnstile token (len=816, 16860ms, remount)
[w6:mn:pro] heartbeat words=25233 queue=167 rotation=7 idle=0s
[w6:mn:pro] [api] 200 mode=pro startsWith=monop
[w6:mn:pro] [api] 200 mode=pro startsWith=monop (671ms direct)
[w6:mn:pro] "monop" → 100 records, 100 words
[w6:mn:pro] Pacing 19s before "monop" (gap=20000ms)
[w6:mn:pro] Managed Turnstile token (len=816, 17374ms, reset)
[w6:mn:pro] [api] 200 mode=pro startsWith=monop
[w6:mn:pro] [api] 200 mode=pro startsWith=monop sort=alphabetical:desc (468ms direct)
[w6:mn:pro] "monop" full page ends at "monopodes" (next='o'); skip 26 covered groups → 2 children reverse Z→A ends at "monoplanist" (lo='l' hi='y'); skip 12 middle + 83 new words
[w6:mn:pro] Saved 25,416 worker words
[w6:mn:pro] Searching "monoq" | queue=168 | words=25416
[w6:mn:pro] Pacing 19s before "monoq" (gap=20000ms)
[w6:mn:pro] Managed Turnstile token (len=816, 6310ms, reset)
[w6:mn:pro] [api] 200 mode=pro startsWith=monoq
[w6:mn:pro] [api] 200 mode=pro startsWith=monoq (1532ms direct)
[w6:mn:pro] "monoq" → 0 records, 0 words
[w6:mn:pro] "monoq" branch complete
[w6:mn:pro] Saved 25,416 worker words
[w6:mn:pro] Searching "monor" | queue=167 | words=25416
[w6:mn:pro] Pacing 16s before "monor" (gap=20000ms)
[w6:mn:pro] Managed Turnstile token (len=816, 9473ms, reset)
[w6:mn:pro] heartbeat words=25416 queue=167 rotation=7 idle=7s
[w6:mn:pro] [api] 200 mode=pro startsWith=monor
[w6:mn:pro] [api] 200 mode=pro startsWith=monor (562ms direct)
[w6:mn:pro] "monor" → 22 records, 22 words
[w6:mn:pro] "monor" branch complete
[w6:mn:pro] Saved 25,438 worker words
[w6:mn:pro] Searching "monos" | queue=166 | words=25438
[w6:mn:pro] Pacing 19s before "monos" (gap=20000ms)
[w6:mn:pro] Turnstile token present (len=816)
[w6:mn:pro] Site Turnstile token (24076ms)
[w6:mn:pro] [api] 200 mode=pro startsWith=monos
[w6:mn:pro] [api] 200 mode=pro startsWith=monos (573ms direct)
[w6:mn:pro] "monos" → 100 records, 100 words (incl. exact "monos")
[w6:mn:pro] Pacing 16s before "monos" (gap=20000ms)
[w6:mn:pro] Turnstile token present (len=816)
[w6:mn:pro] Site Turnstile token (25082ms)
[w6:mn:pro] [api] 200 mode=pro startsWith=monos
[w6:mn:pro] [api] 200 mode=pro startsWith=monos sort=alphabetical:desc (693ms direct)
[w6:mn:pro] "monos" full page ends at "monosyllable" (next='y'); skip 26 covered groups → 2 children reverse Z→A ends at "monoservice" (lo='e' hi='y'); skip 19 middle + 12 new words
[w6:mn:pro] heartbeat words=25550 queue=168 rotation=7 idle=4s
[w6:mn:pro] Turnstile mint hard timeout after 28000ms
[w6:mn:pro] Saved 25,550 worker words; shared last.txt now 296,761
[w6:mn:pro] Searching "monot" | queue=167 | words=25550
[w6:mn:pro] heartbeat words=25550 queue=167 rotation=7 idle=15s
[w6:mn:pro] Site Turnstile remint timed out (67723ms)
[w6:mn:pro] Turnstile token present (len=816)
[w6:mn:pro] Site Turnstile token (22330ms)
[w6:mn:pro] [api] 200 mode=pro startsWith=monot
[w6:mn:pro] [api] 200 mode=pro startsWith=monot (565ms direct)
[w6:mn:pro] "monot" → 100 records, 100 words
[w6:mn:pro] Pacing 19s before "monot" (gap=19500ms)
[w6:mn:pro] Managed Turnstile token (len=816, 4654ms, remount)
[w6:mn:pro] [api] 200 mode=pro startsWith=monot
[w6:mn:pro] [api] 200 mode=pro startsWith=monot sort=alphabetical:desc (533ms direct)
[w6:mn:pro] "monot" full page ends at "monotropaceae" (next='r'); skip 26 covered groups → 2 children reverse Z→A ends at "monotessaron" (lo='e' hi='y'); skip 19 middle + 0 new words
[w6:mn:pro] Saved 25,594 worker words
[w6:mn:pro] Searching "monoz" | queue=168 | words=25594
[w6:mn:pro] Pacing 19s before "monoz" (gap=19250ms)
[w6:mn:pro] Managed Turnstile token (len=816, 4620ms, reset)
[w6:mn:pro] [api] 200 mode=pro startsWith=monoz
[w6:mn:pro] [api] 200 mode=pro startsWith=monoz (779ms direct)
[w6:mn:pro] "monoz" → 5 records, 5 words
[w6:mn:pro] "monoz" branch complete
[w6:mn:pro] Saved 25,594 worker words
[w6:mn:pro] Searching "monty" | queue=167 | words=25594
[w6:mn:pro] Pacing 18s before "monty" (gap=19000ms)
[w6:mn:pro] heartbeat words=25594 queue=167 rotation=7 idle=3s
[w6:mn:pro] Managed Turnstile token (len=816, 10171ms, reset)
[w6:mn:pro] [api] 200 mode=pro startsWith=monty
[w6:mn:pro] [api] 200 mode=pro startsWith=monty (521ms direct)
[w6:mn:pro] "monty" → 1 records, 1 words (incl. exact "monty")
[w6:mn:pro] "monty" branch complete
[w6:mn:pro] Saved 25,594 worker words
[w6:mn:pro] Searching "montz" | queue=166 | words=25594
[w6:mn:pro] Pacing 19s before "montz" (gap=18750ms)
[w6:mn:pro] Managed Turnstile token (len=816, 5502ms, reset)
[w6:mn:pro] [api] 200 mode=pro startsWith=montz
[w6:mn:pro] [api] 200 mode=pro startsWith=montz (757ms direct)
[w6:mn:pro] "montz" → 0 records, 0 words
[w6:mn:pro] "montz" branch complete
[w6:mn:pro] Saved 25,594 worker words
[w6:mn:pro] Searching "moony" | queue=165 | words=25594
[w6:mn:pro] Pacing 18s before "moony" (gap=18500ms)
[w6:mn:pro] Managed Turnstile token (len=816, 5653ms, reset)
[w6:mn:pro] [api] 200 mode=pro startsWith=moony
[w6:mn:pro] [api] 200 mode=pro startsWith=moony (576ms direct)
[w6:mn:pro] "moony" → 1 records, 1 words (incl. exact "moony")
[w6:mn:pro] "moony" branch complete
[w6:mn:pro] Saved 25,594 worker words
[w6:mn:pro] Searching "moonz" | queue=164 | words=25594
[w6:mn:pro] Pacing 16s before "moonz" (gap=18250ms)
[w6:mn:pro] heartbeat words=25594 queue=164 rotation=7 idle=6s
[w6:mn:pro] Site Turnstile remint timed out (25876ms)
[w6:mn:pro] Site Turnstile remint timed out (23457ms)
[w6:mn:pro] heartbeat words=25594 queue=164 rotation=7 idle=18s
[w6:mn:pro] Site Turnstile remint timed out (25674ms)
[w6:mn:pro] Turnstile mint hard timeout after 28000ms
[w6:mn:pro] Failed "moonz" attempt 1: No Turnstile token for direct search
[w6:mn:pro] Saved 25,594 worker words
[w6:mn:pro] Turnstile miss — soft reload before rotate
[w6:mn:pro] Site Turnstile remint timed out (44863ms)
[w6:mn:pro] Site Turnstile remint timed out (516102ms)
[w6:mn:pro] heartbeat words=25594 queue=165 rotation=7 idle=4s
[w6:mn:pro] Turnstile mint hard timeout after 15000ms
[w6:mn:pro] Soft reload mint failed — rotating immediately
[w6:mn:pro] Site Turnstile remint timed out (15193ms)
[w6:mn:pro] Tor exited code=0
[w6:mn:pro] Starting Tor gen=9 socks=127.0.0.1:19056 (try 1)
[w6:mn:pro] tor: Aug 05 10:52:36.093 [warn] Fixing permissions on directory /tmp/lll-tor-w6
[w6:mn:pro] tor: Aug 05 10:52:36.000 [notice] Bootstrapped 0% (starting): Starting
[w6:mn:pro] tor: Aug 05 10:52:37.000 [notice] Bootstrapped 5% (conn): Connecting to a relay
[w6:mn:pro] tor: Aug 05 10:52:37.000 [notice] Bootstrapped 10% (conn_done): Connected to a relay
[w6:mn:pro] tor: Aug 05 10:52:38.000 [notice] Bootstrapped 14% (handshake): Handshaking with a relay
[w6:mn:pro] tor: Aug 05 10:52:38.000 [notice] Bootstrapped 15% (handshake_done): Handshake with a relay done
Aug 05 10:52:38.000 [notice] Bootstrapped 20% (onehop_create): Estab
[w6:mn:pro] tor: Aug 05 10:52:38.000 [notice] Bootstrapped 25% (requesting_status): Asking for networkstatus consensus
[w6:mn:pro] tor: Aug 05 10:52:38.000 [notice] Bootstrapped 30% (loading_status): Loading networkstatus consensus
[w6:mn:pro] tor: Aug 05 10:52:40.000 [notice] Bootstrapped 40% (loading_keys): Loading authority key certs
[w6:mn:pro] tor: Aug 05 10:52:40.000 [notice] Bootstrapped 45% (requesting_descriptors): Asking for relay descriptors
Aug 05 10:52:40.000 [notice] I learned some more directory 
[w6:mn:pro] tor: Aug 05 10:52:41.000 [notice] Bootstrapped 50% (loading_descriptors): Loading relay descriptors
[w6:mn:pro] heartbeat words=25594 queue=165 rotation=8 idle=45s
[w6:mn:pro] tor: Aug 05 10:53:33.000 [notice] Bootstrapped 55% (loading_descriptors): Loading relay descriptors
[w6:mn:pro] tor: Aug 05 10:53:40.000 [notice] Bootstrapped 61% (loading_descriptors): Loading relay descriptors
[w6:mn:pro] tor: Aug 05 10:53:43.000 [notice] Bootstrapped 67% (loading_descriptors): Loading relay descriptors
[w6:mn:pro] tor: Aug 05 10:53:43.000 [notice] Bootstrapped 75% (enough_dirinfo): Loaded enough directory info to build circuits
[w6:mn:pro] tor: Aug 05 10:53:43.000 [notice] Bootstrapped 90% (ap_handshake_done): Handshake finished with a relay to build circuits
Aug 05 10:53:43.000 [notice] Bootstrapped 9
[w6:mn:pro] tor: Aug 05 10:53:45.000 [notice] Bootstrapped 100% (done): Done
[w6:mn:pro] Tor ready on 19056 exit=185.220.101.7
[w6:mn:pro] Rotating IP (#8, try 1) after No Turnstile token for direct search → tor#9 socks5://127.0.0.1:19056
[w6:mn:pro] Launching persistent Chrome profile /tmp/lll-pw-w6-r8
[w6:mn:pro] Proxy tor#9 socks5://127.0.0.1:19056
[w6:mn:pro] Opening https://lastletterlibrary.com
[w6:mn:pro] Library mode=pro
[w6:mn:pro] heartbeat words=25594 queue=165 rotation=8 idle=15s
[w6:mn:pro] Site Turnstile remint timed out (26083ms)
[w6:mn:pro] Search mode=direct (skip UI Wait Ns… gate)
[w6:mn:pro] Cleaned 1 old rotated profile(s)
[w6:mn:pro] Browser exit IP=192.42.116.62 (unique)
[w6:mn:pro] Searching "moonz" | queue=164 | words=25594
[w6:mn:pro] Turnstile mint hard timeout after 28000ms
[w6:mn:pro] Site Turnstile remint timed out (32913ms)
[w6:mn:pro] heartbeat words=25594 queue=164 rotation=8 idle=14s
[w6:mn:pro] Site Turnstile remint timed out (25621ms)
[w6:mn:pro] Managed Turnstile token (len=816, 17841ms, remount)
[w6:mn:pro] [api] 200 mode=pro startsWith=moonz
[w6:mn:pro] [api] 200 mode=pro startsWith=moonz (522ms direct)
[w6:mn:pro] "moonz" → 0 records, 0 words
[w6:mn:pro] "moonz" branch complete
[w6:mn:pro] Saved 25,594 worker words
[w6:mn:pro] Searching "morph" | queue=163 | words=25594
[w6:mn:pro] Pacing 9s before "morph" (gap=18000ms)
[w6:mn:pro] Managed Turnstile token (len=816, 20882ms, reset)
[w6:mn:pro] [api] 200 mode=pro startsWith=morph
[w6:mn:pro] [api] 200 mode=pro startsWith=morph (804ms direct)
[w6:mn:pro] "morph" → 100 records, 100 words (incl. exact "morph")
[w6:mn:pro] Pacing 16s before "morph" (gap=17750ms)
[w6:mn:pro] Managed Turnstile token (len=816, 5390ms, reset)
[w6:mn:pro] heartbeat words=25594 queue=163 rotation=8 idle=4s
[w6:mn:pro] [api] 200 mode=pro startsWith=morph
[w6:mn:pro] [api] 200 mode=pro startsWith=morph sort=alphabetical:desc (646ms direct)
[w6:mn:pro] "morph" full page ends at "morphophyly" (next='o'); skip 20 covered groups → 8 children reverse Z→A ends at "morphia" (lo='i' hi='s'); skip 9 middle + 0 new words
[w6:mn:pro] Saved 25,594 worker words; shared last.txt now 298,122
[w6:mn:pro] Searching "morpu" | queue=170 | words=25594
[w6:mn:pro] Pacing 17s before "morpu" (gap=17500ms)
[w6:mn:pro] Managed Turnstile token (len=816, 4482ms, reset)
[w6:mn:pro] [api] 200 mode=pro startsWith=morpu
[w6:mn:pro] [api] 200 mode=pro startsWith=morpu (701ms direct)
[w6:mn:pro] "morpu" → 1 records, 1 words
[w6:mn:pro] "morpu" branch complete
[w6:mn:pro] Saved 25,594 worker words
[w6:mn:pro] Searching "morpv" | queue=169 | words=25594
[w6:mn:pro] Pacing 15s before "morpv" (gap=17250ms)
[w6:mn:pro] Turnstile mint hard timeout after 28000ms
[w6:mn:pro] heartbeat words=25594 queue=169 rotation=8 idle=5s
[w6:mn:pro] Turnstile mint hard timeout after 28000ms
[w6:mn:pro] Site Turnstile remint timed out (33147ms)
[w6:mn:pro] Turnstile mint hard timeout after 28000ms
[w6:mn:pro] Site Turnstile remint timed out (33837ms)
[w6:mn:pro] heartbeat words=25594 queue=169 rotation=8 idle=3s
[w6:mn:pro] Turnstile mint hard timeout after 28000ms
[w6:mn:pro] Failed "morpv" attempt 1: No Turnstile token for direct search
[w6:mn:pro] Saved 25,594 worker words
[w6:mn:pro] Turnstile miss — soft reload before rotate
[w6:mn:pro] Site Turnstile remint timed out (44985ms)
[w6:mn:pro] Site Turnstile remint timed out (131036ms)
[w6:mn:pro] Site Turnstile remint timed out (13529ms)
[w6:mn:pro] Soft reload mint failed — rotating immediately
[w6:mn:pro] heartbeat words=25594 queue=170 rotation=9 idle=14s
[w6:mn:pro] Tor exited code=0
[w6:mn:pro] Starting Tor gen=10 socks=127.0.0.1:19056 (try 1)
[w6:mn:pro] tor: Aug 05 10:59:29.164 [warn] Fixing permissions on directory /tmp/lll-tor-w6
[w6:mn:pro] tor: Aug 05 10:59:29.000 [notice] Bootstrapped 0% (starting): Starting
[w6:mn:pro] tor: Aug 05 10:59:30.000 [notice] Bootstrapped 5% (conn): Connecting to a relay
[w6:mn:pro] tor: Aug 05 10:59:30.000 [notice] Bootstrapped 10% (conn_done): Connected to a relay
[w6:mn:pro] tor: Aug 05 10:59:33.000 [notice] Bootstrapped 14% (handshake): Handshaking with a relay
[w6:mn:pro] tor: Aug 05 10:59:34.000 [notice] Bootstrapped 15% (handshake_done): Handshake with a relay done
Aug 05 10:59:34.000 [notice] Bootstrapped 20% (onehop_create): Estab
[w6:mn:pro] tor: Aug 05 10:59:34.000 [notice] Bootstrapped 25% (requesting_status): Asking for networkstatus consensus
[w6:mn:pro] tor: Aug 05 10:59:34.000 [notice] Bootstrapped 30% (loading_status): Loading networkstatus consensus
[w6:mn:pro] tor: Aug 05 10:59:37.000 [notice] Bootstrapped 40% (loading_keys): Loading authority key certs
[w6:mn:pro] tor: Aug 05 10:59:37.000 [notice] Bootstrapped 45% (requesting_descriptors): Asking for relay descriptors
Aug 05 10:59:37.000 [notice] I learned some more directory 
[w6:mn:pro] tor: Aug 05 10:59:39.000 [notice] Bootstrapped 50% (loading_descriptors): Loading relay descriptors
[w6:mn:pro] tor: Aug 05 11:00:08.000 [notice] Bootstrapped 55% (loading_descriptors): Loading relay descriptors
[w6:mn:pro] tor: Aug 05 11:00:19.000 [notice] Bootstrapped 61% (loading_descriptors): Loading relay descriptors
[w6:mn:pro] tor: Aug 05 11:00:21.000 [notice] Bootstrapped 67% (loading_descriptors): Loading relay descriptors
[w6:mn:pro] tor: Aug 05 11:00:24.000 [notice] Bootstrapped 75% (enough_dirinfo): Loaded enough directory info to build circuits
[w6:mn:pro] tor: Aug 05 11:00:25.000 [notice] Bootstrapped 90% (ap_handshake_done): Handshake finished with a relay to build circuits
Aug 05 11:00:25.000 [notice] Bootstrapped 9
[w6:mn:pro] tor: Aug 05 11:00:25.000 [notice] Bootstrapped 100% (done): Done
[w6:mn:pro] heartbeat words=25594 queue=170 rotation=9 idle=1s
[w6:mn:pro] Tor ready on 19056 exit=185.220.101.12
[w6:mn:pro] Rotating IP (#9, try 1) after No Turnstile token for direct search → tor#10 socks5://127.0.0.1:19056
[w6:mn:pro] Launching persistent Chrome profile /tmp/lll-pw-w6-r9
[w6:mn:pro] Proxy tor#10 socks5://127.0.0.1:19056
[w6:mn:pro] Opening https://lastletterlibrary.com
[w6:mn:pro] Library mode=pro
[w6:mn:pro] Managed Turnstile token (len=816, 8687ms, remount)
[w6:mn:pro] Search mode=direct (skip UI Wait Ns… gate)
[w6:mn:pro] Cleaned 1 old rotated profile(s)
[w6:mn:pro] Browser exit IP=192.42.116.104 (unique)
[w6:mn:pro] Searching "morpv" | queue=169 | words=25594
[w6:mn:pro] [api] 200 mode=pro startsWith=morpv
[w6:mn:pro] [api] 200 mode=pro startsWith=morpv (541ms direct)
[w6:mn:pro] "morpv" → 0 records, 0 words
[w6:mn:pro] "morpv" branch complete
[w6:mn:pro] Saved 25,594 worker words
[w6:mn:pro] Searching "morpw" | queue=168 | words=25594
[w6:mn:pro] Pacing 17s before "morpw" (gap=17000ms)
[w6:mn:pro] Managed Turnstile token (len=816, 5759ms, reset)
[w6:mn:pro] [api] 200 mode=pro startsWith=morpw
[w6:mn:pro] [api] 200 mode=pro startsWith=morpw (597ms direct)
[w6:mn:pro] "morpw" → 0 records, 0 words
[w6:mn:pro] "morpw" branch complete
[w6:mn:pro] Saved 25,594 worker words
[w6:mn:pro] Searching "morpx" | queue=167 | words=25594
[w6:mn:pro] Pacing 17s before "morpx" (gap=16750ms)
[w6:mn:pro] Managed Turnstile token (len=816, 10078ms, reset)
[w6:mn:pro] [api] 200 mode=pro startsWith=morpx
[w6:mn:pro] [api] 200 mode=pro startsWith=morpx (835ms direct)
[w6:mn:pro] "morpx" → 0 records, 0 words
[w6:mn:pro] "morpx" branch complete
[w6:mn:pro] Saved 25,594 worker words
[w6:mn:pro] Searching "morpy" | queue=166 | words=25594
[w6:mn:pro] Pacing 14s before "morpy" (gap=16500ms)
[w6:mn:pro] heartbeat words=25594 queue=166 rotation=9 idle=2s
[w6:mn:pro] Managed Turnstile token (len=816, 13748ms, reset)
[w6:mn:pro] [api] 200 mode=pro startsWith=morpy
[w6:mn:pro] [api] 200 mode=pro startsWith=morpy (844ms direct)
[w6:mn:pro] "morpy" → 0 records, 0 words
[w6:mn:pro] "morpy" branch complete
[w6:mn:pro] Saved 25,594 worker words
[w6:mn:pro] Searching "morpz" | queue=165 | words=25594
[w6:mn:pro] Pacing 14s before "morpz" (gap=16250ms)
[w6:mn:pro] Managed Turnstile token (len=816, 10799ms, reset)
[w6:mn:pro] [api] 200 mode=pro startsWith=morpz
[w6:mn:pro] [api] 200 mode=pro startsWith=morpz (815ms direct)
[w6:mn:pro] "morpz" → 0 records, 0 words
[w6:mn:pro] "morpz" branch complete
[w6:mn:pro] Saved 25,594 worker words
[w6:mn:pro] Searching "mortu" | queue=164 | words=25594
[w6:mn:pro] Pacing 16s before "mortu" (gap=16000ms)
[w6:mn:pro] Managed Turnstile token (len=816, 9156ms, reset)
[w6:mn:pro] [api] 200 mode=pro startsWith=mortu
[w6:mn:pro] [api] 200 mode=pro startsWith=mortu (675ms direct)
[w6:mn:pro] "mortu" → 4 records, 4 words
[w6:mn:pro] "mortu" branch complete
[w6:mn:pro] Saved 25,594 worker words; shared last.txt now 299,047
[w6:mn:pro] Searching "mortv" | queue=163 | words=25594
[w6:mn:pro] Pacing 10s before "mortv" (gap=16000ms)
[w6:mn:pro] Managed Turnstile token (len=816, 10311ms, reset)
[w6:mn:pro] heartbeat words=25594 queue=163 rotation=9 idle=5s
[w6:mn:pro] [api] 200 mode=pro startsWith=mortv
[w6:mn:pro] [api] 200 mode=pro startsWith=mortv (546ms direct)
[w6:mn:pro] "mortv" → 0 records, 0 words
[w6:mn:pro] "mortv" branch complete
[w6:mn:pro] Saved 25,594 worker words
[w6:mn:pro] Searching "mortw" | queue=162 | words=25594
[w6:mn:pro] Pacing 15s before "mortw" (gap=16000ms)
[w6:mn:pro] Managed Turnstile token (len=816, 6059ms, reset)
[w6:mn:pro] [api] 200 mode=pro startsWith=mortw
[w6:mn:pro] [api] 200 mode=pro startsWith=mortw (950ms direct)
[w6:mn:pro] "mortw" → 0 records, 0 words
[w6:mn:pro] "mortw" branch complete
[w6:mn:pro] Saved 25,594 worker words
[w6:mn:pro] Searching "mortx" | queue=161 | words=25594
[w6:mn:pro] Pacing 15s before "mortx" (gap=16000ms)
[w6:mn:pro] Managed Turnstile token (len=816, 6688ms, remount)
[w6:mn:pro] [api] 200 mode=pro startsWith=mortx
[w6:mn:pro] [api] 200 mode=pro startsWith=mortx (527ms direct)
[w6:mn:pro] "mortx" → 0 records, 0 words
[w6:mn:pro] "mortx" branch complete
[w6:mn:pro] Saved 25,594 worker words
[w6:mn:pro] Searching "morty" | queue=160 | words=25594
[w6:mn:pro] Pacing 14s before "morty" (gap=16000ms)
[w6:mn:pro] Managed Turnstile token (len=816, 9062ms, reset)
[w6:mn:pro] [api] 200 mode=pro startsWith=morty
[w6:mn:pro] [api] 200 mode=pro startsWith=morty (530ms direct)
[w6:mn:pro] "morty" → 0 records, 0 words
[w6:mn:pro] "morty" branch complete
[w6:mn:pro] Saved 25,594 worker words
[w6:mn:pro] Searching "mortz" | queue=159 | words=25594
[w6:mn:pro] Pacing 16s before "mortz" (gap=16000ms)
[w6:mn:pro] heartbeat words=25594 queue=159 rotation=9 idle=11s
[w6:mn:pro] Managed Turnstile token (len=816, 12631ms, reset)
[w6:mn:pro] [api] 200 mode=pro startsWith=mortz
[w6:mn:pro] [api] 200 mode=pro startsWith=mortz (527ms direct)
[w6:mn:pro] "mortz" → 0 records, 0 words
[w6:mn:pro] "mortz" branch complete
[w6:mn:pro] Saved 25,594 worker words
[w6:mn:pro] Searching "motoz" | queue=158 | words=25594
[w6:mn:pro] Pacing 15s before "motoz" (gap=16000ms)
[w6:mn:pro] Turnstile token present (len=816)
[w6:mn:pro] Site Turnstile token (22534ms)
[w6:mn:pro] [api] 200 mode=pro startsWith=motoz
[w6:mn:pro] [api] 200 mode=pro startsWith=motoz (486ms direct)
[w6:mn:pro] "motoz" → 2 records, 2 words
[w6:mn:pro] "motoz" branch complete
[w6:mn:pro] Saved 25,594 worker words
[w6:mn:pro] Searching "multi" | queue=157 | words=25594
[w6:mn:pro] Pacing 16s before "multi" (gap=16000ms)
[w6:mn:pro] Turnstile mint hard timeout after 28000ms
[w6:mn:pro] Turnstile token present (len=816)
[w6:mn:pro] Site Turnstile token (30422ms)
[w6:mn:pro] heartbeat words=25594 queue=157 rotation=9 idle=0s
[w6:mn:pro] Site Turnstile remint timed out (25708ms)
[w6:mn:pro] Turnstile mint hard timeout after 28000ms
[w6:mn:pro] Site Turnstile remint timed out (33645ms)
[w6:mn:pro] heartbeat words=25594 queue=157 rotation=9 idle=3s
[w6:mn:pro] Turnstile token present (len=816)
[w6:mn:pro] Site Turnstile token (21332ms)
[w6:mn:pro] [api] 200 mode=pro startsWith=multi
[w6:mn:pro] [api] 200 mode=pro startsWith=multi (666ms direct)
[w6:mn:pro] "multi" → 100 records, 100 words (incl. exact "multi")
[w6:mn:pro] Pacing 16s before "multi" (gap=16000ms)
[w6:mn:pro] Site Turnstile remint timed out (23067ms)
[w6:mn:pro] Managed Turnstile token (len=816, 7444ms, remount)
[w6:mn:pro] [api] 200 mode=pro startsWith=multi
[w6:mn:pro] [api] 200 mode=pro startsWith=multi sort=alphabetical:desc (546ms direct)
[w6:mn:pro] "multi" full page ends at "multichannels" (next='c'); skip 8 covered groups → 20 children reverse Z→A ends at "multithread" (lo='t' hi='y'); skip 4 middle + 12 new words
[w6:mn:pro] Saved 25,620 worker words
[w6:mn:pro] Searching "multu" | queue=176 | words=25620
[w6:mn:pro] Pacing 16s before "multu" (gap=16000ms)
[w6:mn:pro] heartbeat words=25620 queue=176 rotation=9 idle=14s
[w6:mn:pro] Managed Turnstile token (len=816, 17641ms, reset)
[w6:mn:pro] [api] 200 mode=pro startsWith=multu
[w6:mn:pro] [api] 200 mode=pro startsWith=multu (1136ms direct)
[w6:mn:pro] "multu" → 10 records, 10 words
[w6:mn:pro] "multu" branch complete
[w6:mn:pro] Saved 25,620 worker words; shared last.txt now 300,014
[w6:mn:pro] Searching "multv" | queue=175 | words=25620
[w6:mn:pro] Pacing 2s before "multv" (gap=16000ms)
[w6:mn:pro] Turnstile token present (len=816)
[w6:mn:pro] Site Turnstile token (26060ms)
[w6:mn:pro] [api] 200 mode=pro startsWith=multv
[w6:mn:pro] [api] 200 mode=pro startsWith=multv (1213ms direct)
[w6:mn:pro] "multv" → 0 records, 0 words
[w6:mn:pro] "multv" branch complete
[w6:mn:pro] Saved 25,620 worker words
[w6:mn:pro] Searching "multw" | queue=174 | words=25620
[w6:mn:pro] Pacing 14s before "multw" (gap=16000ms)
[w6:mn:pro] Managed Turnstile token (len=816, 15131ms, remount)
[w6:mn:pro] [api] 200 mode=pro startsWith=multw
[w6:mn:pro] [api] 200 mode=pro startsWith=multw (554ms direct)
[w6:mn:pro] "multw" → 0 records, 0 words
[w6:mn:pro] "multw" branch complete
[w6:mn:pro] Saved 25,620 worker words
[w6:mn:pro] Searching "multx" | queue=173 | words=25620
[w6:mn:pro] Pacing 15s before "multx" (gap=16000ms)
[w6:mn:pro] heartbeat words=25620 queue=173 rotation=9 idle=10s
[w6:mn:pro] Managed Turnstile token (len=816, 17460ms, reset)
[w6:mn:pro] [api] 200 mode=pro startsWith=multx
[w6:mn:pro] [api] 200 mode=pro startsWith=multx (553ms direct)
[w6:mn:pro] "multx" → 0 records, 0 words
[w6:mn:pro] "multx" branch complete
[w6:mn:pro] Saved 25,620 worker words
[w6:mn:pro] Searching "multy" | queue=172 | words=25620
[w6:mn:pro] Pacing 11s before "multy" (gap=16000ms)
[w6:mn:pro] Turnstile mint hard timeout after 28000ms
[w6:mn:pro] Site Turnstile remint timed out (29554ms)
[w6:mn:pro] heartbeat words=25620 queue=172 rotation=9 idle=21s
[w6:mn:pro] Turnstile mint hard timeout after 28000ms
[w6:mn:pro] Site Turnstile remint timed out (34530ms)
[w6:mn:pro] Turnstile token present (len=816)
[w6:mn:pro] Site Turnstile token (25327ms)
[w6:mn:pro] [api] 200 mode=pro startsWith=multy
[w6:mn:pro] [api] 200 mode=pro startsWith=multy (1212ms direct)
[w6:mn:pro] "multy" → 0 records, 0 words
[w6:mn:pro] "multy" branch complete
[w6:mn:pro] Saved 25,620 worker words
[w6:mn:pro] Searching "multz" | queue=171 | words=25620
[w6:mn:pro] Pacing 14s before "multz" (gap=16000ms)
[w6:mn:pro] Managed Turnstile token (len=816, 18480ms, remount)
[w6:mn:pro] [api] 200 mode=pro startsWith=multz
[w6:mn:pro] [api] 200 mode=pro startsWith=multz (1176ms direct)
[w6:mn:pro] "multz" → 0 records, 0 words
[w6:mn:pro] "multz" branch complete
[w6:mn:pro] Saved 25,620 worker words
[w6:mn:pro] Searching "muscu" | queue=170 | words=25620
[w6:mn:pro] Pacing 14s before "muscu" (gap=16000ms)
[w6:mn:pro] heartbeat words=25620 queue=170 rotation=9 idle=6s
[w6:mn:pro] Managed Turnstile token (len=816, 15481ms, reset)
[w6:mn:pro] [api] 200 mode=pro startsWith=muscu
[w6:mn:pro] [api] 200 mode=pro startsWith=muscu (926ms direct)
[w6:mn:pro] "muscu" → 32 records, 32 words
[w6:mn:pro] "muscu" branch complete
[w6:mn:pro] Saved 25,620 worker words
[w6:mn:pro] Searching "muscv" | queue=169 | words=25620
[w6:mn:pro] Pacing 15s before "muscv" (gap=16000ms)
[w6:mn:pro] Managed Turnstile token (len=816, 8447ms, reset)
[w6:mn:pro] [api] 200 mode=pro startsWith=muscv
[w6:mn:pro] [api] 200 mode=pro startsWith=muscv (568ms direct)
[w6:mn:pro] "muscv" → 0 records, 0 words
[w6:mn:pro] "muscv" branch complete
[w6:mn:pro] Saved 25,620 worker words
[w6:mn:pro] Searching "muscw" | queue=168 | words=25620
[w6:mn:pro] Pacing 15s before "muscw" (gap=16000ms)
[w6:mn:pro] Managed Turnstile token (len=816, 15771ms, reset)
[w6:mn:pro] [api] 200 mode=pro startsWith=muscw
[w6:mn:pro] [api] 200 mode=pro startsWith=muscw (583ms direct)
[w6:mn:pro] "muscw" → 0 records, 0 words
[w6:mn:pro] "muscw" branch complete
[w6:mn:pro] Saved 25,620 worker words; shared last.txt now 300,482
[w6:mn:pro] Searching "muscx" | queue=167 | words=25620
[w6:mn:pro] Pacing 1s before "muscx" (gap=16000ms)
[w6:mn:pro] heartbeat words=25620 queue=167 rotation=9 idle=2s
[w6:mn:pro] Turnstile token present (len=816)
[w6:mn:pro] Site Turnstile token (24410ms)
[w6:mn:pro] [api] 200 mode=pro startsWith=muscx
[w6:mn:pro] [api] 200 mode=pro startsWith=muscx (566ms direct)
[w6:mn:pro] "muscx" → 0 records, 0 words
[w6:mn:pro] "muscx" branch complete
[w6:mn:pro] Saved 25,620 worker words
[w6:mn:pro] Searching "muscy" | queue=166 | words=25620
[w6:mn:pro] Pacing 15s before "muscy" (gap=16000ms)
[w6:mn:pro] Site Turnstile remint timed out (23585ms)
[w6:mn:pro] Site Turnstile remint timed out (24606ms)
[w6:mn:pro] heartbeat words=25620 queue=166 rotation=9 idle=3s
[w6:mn:pro] Turnstile mint hard timeout after 28000ms
[w6:mn:pro] Site Turnstile remint timed out (29853ms)
[w6:mn:pro] Turnstile mint hard timeout after 28000ms
[w6:mn:pro] Failed "muscy" attempt 1: No Turnstile token for direct search
[w6:mn:pro] Saved 25,620 worker words
[w6:mn:pro] Turnstile miss — soft reload before rotate
[w6:mn:pro] heartbeat words=25620 queue=167 rotation=9 idle=4s
[w6:mn:pro] Site Turnstile remint timed out (34241ms)
[w6:mn:pro] Site Turnstile remint timed out (13874ms)
[w6:mn:pro] Soft reload mint failed — rotating immediately
[w6:mn:pro] Tor exited code=0
[w6:mn:pro] Starting Tor gen=11 socks=127.0.0.1:19056 (try 1)
[w6:mn:pro] tor: Aug 05 11:12:46.942 [notice] Opening Socks listener on 127.0.0.1:19056
Aug 05 11:12:46.942 [notice] Opened Socks listener connection (ready) on 127.0.0.1:19056

[w6:mn:pro] tor: Aug 05 11:12:47.000 [notice] Bootstrapped 0% (starting): Starting
[w6:mn:pro] tor: Aug 05 11:12:48.000 [notice] Bootstrapped 5% (conn): Connecting to a relay
[w6:mn:pro] tor: Aug 05 11:12:48.000 [notice] Bootstrapped 10% (conn_done): Connected to a relay
[w6:mn:pro] tor: Aug 05 11:12:49.000 [notice] Bootstrapped 14% (handshake): Handshaking with a relay
[w6:mn:pro] tor: Aug 05 11:12:49.000 [notice] Bootstrapped 15% (handshake_done): Handshake with a relay done
Aug 05 11:12:49.000 [notice] Bootstrapped 20% (onehop_create): Estab
[w6:mn:pro] tor: Aug 05 11:12:49.000 [notice] Bootstrapped 25% (requesting_status): Asking for networkstatus consensus
[w6:mn:pro] tor: Aug 05 11:12:49.000 [notice] Bootstrapped 30% (loading_status): Loading networkstatus consensus
[w6:mn:pro] tor: Aug 05 11:12:52.000 [notice] Bootstrapped 40% (loading_keys): Loading authority key certs
[w6:mn:pro] tor: Aug 05 11:12:53.000 [notice] Bootstrapped 45% (requesting_descriptors): Asking for relay descriptors
Aug 05 11:12:53.000 [notice] I learned some more directory 
[w6:mn:pro] tor: Aug 05 11:12:54.000 [warn] Tried connecting to router at 84.240.60.234:9001 ID=<none> RSA_ID=37535409102DFFE92F3DAC809E470E62BC27F1DF, but RSA + ed25519 identit
[w6:mn:pro] tor: Aug 05 11:12:55.000 [notice] Bootstrapped 50% (loading_descriptors): Loading relay descriptors
[w6:mn:pro] tor: Aug 05 11:13:14.000 [notice] Bootstrapped 55% (loading_descriptors): Loading relay descriptors
[w6:mn:pro] tor: Aug 05 11:13:22.000 [notice] Bootstrapped 61% (loading_descriptors): Loading relay descriptors
[w6:mn:pro] tor: Aug 05 11:13:25.000 [notice] Bootstrapped 67% (loading_descriptors): Loading relay descriptors
[w6:mn:pro] tor: Aug 05 11:13:26.000 [notice] Bootstrapped 75% (enough_dirinfo): Loaded enough directory info to build circuits
[w6:mn:pro] tor: Aug 05 11:13:27.000 [notice] Bootstrapped 90% (ap_handshake_done): Handshake finished with a relay to build circuits
Aug 05 11:13:27.000 [notice] Bootstrapped 9
[w6:mn:pro] heartbeat words=25620 queue=167 rotation=10 idle=0s
[w6:mn:pro] tor: Aug 05 11:13:29.000 [notice] Bootstrapped 100% (done): Done
[w6:mn:pro] Tor ready on 19056 exit=192.42.116.108
[w6:mn:pro] Rotating IP (#10, try 1) after No Turnstile token for direct search → tor#11 socks5://127.0.0.1:19056
[w6:mn:pro] Launching persistent Chrome profile /tmp/lll-pw-w6-r10
[w6:mn:pro] Proxy tor#11 socks5://127.0.0.1:19056
[w6:mn:pro] Opening https://lastletterlibrary.com
[w6:mn:pro] Library mode=pro
[w6:mn:pro] Managed Turnstile token (len=816, 18701ms, remount)
[w6:mn:pro] Search mode=direct (skip UI Wait Ns… gate)
[w6:mn:pro] Cleaned 1 old rotated profile(s)
[w6:mn:pro] Browser exit IP=45.84.107.182 (unique)
[w6:mn:pro] Searching "muscy" | queue=166 | words=25620
[w6:mn:pro] [api] 200 mode=pro startsWith=muscy
[w6:mn:pro] [api] 200 mode=pro startsWith=muscy (728ms direct)
[w6:mn:pro] "muscy" → 0 records, 0 words
[w6:mn:pro] "muscy" branch complete
[w6:mn:pro] Saved 25,620 worker words
[w6:mn:pro] Searching "muscz" | queue=165 | words=25620
[w6:mn:pro] Pacing 12s before "muscz" (gap=16000ms)
[w6:mn:pro] heartbeat words=25620 queue=165 rotation=10 idle=7s
[w6:mn:pro] Site Turnstile remint timed out (25279ms)
[w6:mn:pro] Site Turnstile remint timed out (22777ms)
[w6:mn:pro] heartbeat words=25620 queue=165 rotation=10 idle=20s
[w6:mn:pro] Site Turnstile remint timed out (22380ms)
[w6:mn:pro] Managed Turnstile token (len=816, 10135ms, remount)
[w6:mn:pro] [api] 200 mode=pro startsWith=muscz
[w6:mn:pro] [api] 200 mode=pro startsWith=muscz (865ms direct)
[w6:mn:pro] "muscz" → 0 records, 0 words
[w6:mn:pro] "muscz" branch complete
[w6:mn:pro] Saved 25,620 worker words
[w6:mn:pro] Searching "myelo" | queue=164 | words=25620
[w6:mn:pro] Pacing 14s before "myelo" (gap=16000ms)
[w6:mn:pro] Managed Turnstile token (len=816, 6774ms, reset)
[w6:mn:pro] [api] 200 mode=pro startsWith=myelo
[w6:mn:pro] [api] 200 mode=pro startsWith=myelo (589ms direct)
[w6:mn:pro] "myelo" → 86 records, 86 words
[w6:mn:pro] "myelo" branch complete
[w6:mn:pro] Saved 25,620 worker words
[w6:mn:pro] Searching "myelp" | queue=163 | words=25620
[w6:mn:pro] Pacing 16s before "myelp" (gap=16000ms)
[w6:mn:pro] Managed Turnstile token (len=816, 12937ms, reset)
[w6:mn:pro] [api] 200 mode=pro startsWith=myelp
[w6:mn:pro] [api] 200 mode=pro startsWith=myelp (622ms direct)
[w6:mn:pro] "myelp" → 0 records, 0 words
[w6:mn:pro] "myelp" branch complete
[w6:mn:pro] Saved 25,620 worker words
[w6:mn:pro] Searching "myelq" | queue=162 | words=25620
[w6:mn:pro] Pacing 15s before "myelq" (gap=16000ms)
[w6:mn:pro] heartbeat words=25620 queue=162 rotation=10 idle=15s
[w6:mn:pro] Turnstile token present (len=816)
[w6:mn:pro] Site Turnstile token (24187ms)
[w6:mn:pro] [api] 200 mode=pro startsWith=myelq
[w6:mn:pro] [api] 200 mode=pro startsWith=myelq (631ms direct)
[w6:mn:pro] "myelq" → 0 records, 0 words
[w6:mn:pro] "myelq" branch complete
[w6:mn:pro] Saved 25,620 worker words
[w6:mn:pro] Searching "myelr" | queue=161 | words=25620
[w6:mn:pro] Pacing 15s before "myelr" (gap=16000ms)
[w6:mn:pro] Turnstile token present (len=816)
[w6:mn:pro] Site Turnstile token (26003ms)
[w6:mn:pro] [api] 200 mode=pro startsWith=myelr
[w6:mn:pro] [api] 200 mode=pro startsWith=myelr (1313ms direct)
[w6:mn:pro] "myelr" → 0 records, 0 words
[w6:mn:pro] "myelr" branch complete
[w6:mn:pro] Saved 25,620 worker words; shared last.txt now 302,022
[w6:mn:pro] Searching "myels" | queue=160 | words=25620
[w6:mn:pro] Pacing 9s before "myels" (gap=16000ms)
[w6:mn:pro] heartbeat words=25620 queue=160 rotation=10 idle=16s
[w6:mn:pro] Turnstile mint hard timeout after 28000ms
[w6:mn:pro] Site Turnstile remint timed out (31422ms)
[w6:mn:pro] Site Turnstile remint timed out (24229ms)
[w6:mn:pro] Turnstile mint hard timeout after 28000ms
[w6:mn:pro] heartbeat words=25620 queue=160 rotation=10 idle=0s
[w6:mn:pro] Turnstile token present (len=816)
[w6:mn:pro] Site Turnstile token (29290ms)
[w6:mn:pro] Turnstile token present (len=816)
[w6:mn:pro] Site Turnstile token (21425ms)
[w6:mn:pro] [api] 200 mode=pro startsWith=myels
[w6:mn:pro] [api] 200 mode=pro startsWith=myels (719ms direct)
[w6:mn:pro] "myels" → 0 records, 0 words
[w6:mn:pro] "myels" branch complete
[w6:mn:pro] Saved 25,620 worker words
[w6:mn:pro] Searching "myelt" | queue=159 | words=25620
[w6:mn:pro] Pacing 14s before "myelt" (gap=16000ms)
[w6:mn:pro] Turnstile token present (len=816)
[w6:mn:pro] Site Turnstile token (24036ms)
[w6:mn:pro] [api] 200 mode=pro startsWith=myelt
[w6:mn:pro] [api] 200 mode=pro startsWith=myelt (680ms direct)
[w6:mn:pro] "myelt" → 0 records, 0 words
[w6:mn:pro] "myelt" branch complete
[w6:mn:pro] Saved 25,620 worker words
[w6:mn:pro] Searching "myelu" | queue=158 | words=25620
[w6:mn:pro] Pacing 16s before "myelu" (gap=16000ms)
[w6:mn:pro] Managed Turnstile token (len=816, 7318ms, remount)
[w6:mn:pro] heartbeat words=25620 queue=158 rotation=10 idle=4s
[w6:mn:pro] [api] 200 mode=pro startsWith=myelu
[w6:mn:pro] [api] 200 mode=pro startsWith=myelu (549ms direct)
[w6:mn:pro] "myelu" → 0 records, 0 words
[w6:mn:pro] "myelu" branch complete
[w6:mn:pro] Saved 25,620 worker words
[w6:mn:pro] Searching "myelv" | queue=157 | words=25620
[w6:mn:pro] Pacing 16s before "myelv" (gap=16000ms)
[w6:mn:pro] Managed Turnstile token (len=816, 7887ms, reset)
[w6:mn:pro] [api] 200 mode=pro startsWith=myelv
[w6:mn:pro] [api] 200 mode=pro startsWith=myelv (557ms direct)
[w6:mn:pro] "myelv" → 0 records, 0 words
[w6:mn:pro] "myelv" branch complete
[w6:mn:pro] Saved 25,620 worker words
[w6:mn:pro] Searching "myelw" | queue=156 | words=25620
[w6:mn:pro] Pacing 15s before "myelw" (gap=16000ms)
[w6:mn:pro] Turnstile token present (len=816)
[w6:mn:pro] Site Turnstile token (23473ms)
[w6:mn:pro] [api] 200 mode=pro startsWith=myelw
[w6:mn:pro] [api] 200 mode=pro startsWith=myelw (974ms direct)
[w6:mn:pro] "myelw" → 0 records, 0 words
[w6:mn:pro] "myelw" branch complete
[w6:mn:pro] Saved 25,620 worker words
[w6:mn:pro] Searching "myelx" | queue=155 | words=25620
[w6:mn:pro] Pacing 11s before "myelx" (gap=16000ms)
[w6:mn:pro] Managed Turnstile token (len=816, 13775ms, remount)
[w6:mn:pro] heartbeat words=25620 queue=155 rotation=10 idle=0s
[w6:mn:pro] [api] 200 mode=pro startsWith=myelx
[w6:mn:pro] [api] 200 mode=pro startsWith=myelx (478ms direct)
[w6:mn:pro] "myelx" → 0 records, 0 words
[w6:mn:pro] "myelx" branch complete
[w6:mn:pro] Saved 25,620 worker words
[w6:mn:pro] Searching "myely" | queue=154 | words=25620
[w6:mn:pro] Pacing 16s before "myely" (gap=16000ms)
[w6:mn:pro] Managed Turnstile token (len=816, 7349ms, reset)
[w6:mn:pro] [api] 200 mode=pro startsWith=myely
[w6:mn:pro] [api] 200 mode=pro startsWith=myely (922ms direct)
[w6:mn:pro] "myely" → 0 records, 0 words
[w6:mn:pro] "myely" branch complete
[w6:mn:pro] Saved 25,620 worker words
[w6:mn:pro] Searching "myelz" | queue=153 | words=25620
[w6:mn:pro] Pacing 15s before "myelz" (gap=16000ms)
[w6:mn:pro] Managed Turnstile token (len=816, 8134ms, reset)
[w6:mn:pro] [api] 200 mode=pro startsWith=myelz
[w6:mn:pro] [api] 200 mode=pro startsWith=myelz (636ms direct)
[w6:mn:pro] "myelz" → 0 records, 0 words
[w6:mn:pro] "myelz" branch complete
[w6:mn:pro] Saved 25,620 worker words; shared last.txt now 302,933
[w6:mn:pro] Searching "mythy" | queue=152 | words=25620
[w6:mn:pro] Pacing 9s before "mythy" (gap=16000ms)
[w6:mn:pro] Managed Turnstile token (len=816, 16075ms, reset)
[w6:mn:pro] [api] 200 mode=pro startsWith=mythy
[w6:mn:pro] [api] 200 mode=pro startsWith=mythy (702ms direct)
[w6:mn:pro] "mythy" → 1 records, 1 words (incl. exact "mythy")
[w6:mn:pro] "mythy" branch complete
[w6:mn:pro] Saved 25,620 worker words
[w6:mn:pro] Searching "mythz" | queue=151 | words=25620
[w6:mn:pro] Pacing 14s before "mythz" (gap=16000ms)
[w6:mn:pro] heartbeat words=25620 queue=151 rotation=10 idle=8s
[w6:mn:pro] Turnstile token present (len=816)
[w6:mn:pro] Site Turnstile token (21084ms)
[w6:mn:pro] [api] 200 mode=pro startsWith=mythz
[w6:mn:pro] [api] 200 mode=pro startsWith=mythz (1191ms direct)
[w6:mn:pro] "mythz" → 0 records, 0 words
[w6:mn:pro] "mythz" branch complete
[w6:mn:pro] Saved 25,620 worker words
[w6:mn:pro] Searching "macrod" | queue=150 | words=25620
[w6:mn:pro] Pacing 15s before "macrod" (gap=16000ms)
[w6:mn:pro] Site Turnstile remint timed out (23557ms)
[w6:mn:pro] heartbeat words=25620 queue=150 rotation=10 idle=22s
[w6:mn:pro] Site Turnstile remint timed out (23710ms)
[w6:mn:pro] Site Turnstile remint timed out (23232ms)
[w6:mn:pro] Turnstile mint hard timeout after 28000ms
[w6:mn:pro] Turnstile token present (len=816)
[w6:mn:pro] Site Turnstile token (30774ms)
[w6:mn:pro] heartbeat words=25620 queue=150 rotation=10 idle=4s
[w6:mn:pro] Managed Turnstile token (len=816, 18623ms, remount)
[w6:mn:pro] [api] 200 mode=pro startsWith=macrod
[w6:mn:pro] [api] 200 mode=pro startsWith=macrod (451ms direct)
[w6:mn:pro] "macrod" → 19 records, 19 words
[w6:mn:pro] "macrod" branch complete
[w6:mn:pro] Saved 25,628 worker words
[w6:mn:pro] Searching "macroe" | queue=149 | words=25628
[w6:mn:pro] Pacing 16s before "macroe" (gap=16000ms)
[w6:mn:pro] Managed Turnstile token (len=816, 4158ms, reset)
[w6:mn:pro] [api] 200 mode=pro startsWith=macroe
[w6:mn:pro] [api] 200 mode=pro startsWith=macroe (644ms direct)
[w6:mn:pro] "macroe" → 8 records, 8 words
[w6:mn:pro] "macroe" branch complete
[w6:mn:pro] Saved 25,636 worker words
[w6:mn:pro] Searching "macrof" | queue=148 | words=25636
[w6:mn:pro] Pacing 16s before "macrof" (gap=16000ms)
[w6:mn:pro] Managed Turnstile token (len=816, 4270ms, reset)
[w6:mn:pro] [api] 200 mode=pro startsWith=macrof
[w6:mn:pro] [api] 200 mode=pro startsWith=macrof (472ms direct)
[w6:mn:pro] "macrof" → 12 records, 12 words
[w6:mn:pro] "macrof" branch complete
[w6:mn:pro] Saved 25,648 worker words
[w6:mn:pro] Searching "macrog" | queue=147 | words=25648
[w6:mn:pro] Pacing 16s before "macrog" (gap=16000ms)
[w6:mn:pro] heartbeat words=25648 queue=147 rotation=10 idle=15s
[w6:mn:pro] Managed Turnstile token (len=816, 15462ms, reset)
[w6:mn:pro] [api] 200 mode=pro startsWith=macrog
[w6:mn:pro] [api] 200 mode=pro startsWith=macrog (554ms direct)
[w6:mn:pro] "macrog" → 26 records, 26 words
[w6:mn:pro] "macrog" branch complete
[w6:mn:pro] Saved 25,674 worker words
[w6:mn:pro] Searching "macroh" | queue=146 | words=25674
[w6:mn:pro] Pacing 14s before "macroh" (gap=16000ms)
[w6:mn:pro] Managed Turnstile token (len=816, 14827ms, reset)
[w6:mn:pro] [api] 200 mode=pro startsWith=macroh
[w6:mn:pro] [api] 200 mode=pro startsWith=macroh (503ms direct)
[w6:mn:pro] "macroh" → 0 records, 0 words
[w6:mn:pro] "macroh" branch complete
[w6:mn:pro] Saved 25,674 worker words
[w6:mn:pro] Searching "macroi" | queue=145 | words=25674
[w6:mn:pro] Pacing 13s before "macroi" (gap=16000ms)
[w6:mn:pro] Managed Turnstile token (len=816, 15309ms, reset)
[w6:mn:pro] [api] 200 mode=pro startsWith=macroi
[w6:mn:pro] [api] 200 mode=pro startsWith=macroi (548ms direct)
[w6:mn:pro] "macroi" → 3 records, 3 words
[w6:mn:pro] "macroi" branch complete
[w6:mn:pro] Saved 25,677 worker words; shared last.txt now 304,071
[w6:mn:pro] Searching "macroj" | queue=144 | words=25677
[w6:mn:pro] Pacing 8s before "macroj" (gap=16000ms)
[w6:mn:pro] heartbeat words=25677 queue=144 rotation=10 idle=17s
[w6:mn:pro] Turnstile mint hard timeout after 28000ms
[w6:mn:pro] Site Turnstile remint timed out (32862ms)
[w6:mn:pro] Managed Turnstile token (len=816, 16565ms, remount)
[w6:mn:pro] [api] 200 mode=pro startsWith=macroj
[w6:mn:pro] [api] 200 mode=pro startsWith=macroj (665ms direct)
[w6:mn:pro] "macroj" → 0 records, 0 words
[w6:mn:pro] "macroj" branch complete
[w6:mn:pro] Saved 25,677 worker words
[w6:mn:pro] Searching "macrok" | queue=143 | words=25677
[w6:mn:pro] Pacing 13s before "macrok" (gap=16000ms)
[w6:mn:pro] Turnstile token present (len=816)
[w6:mn:pro] Site Turnstile token (27599ms)
[w6:mn:pro] [api] 200 mode=pro startsWith=macrok
[w6:mn:pro] [api] 200 mode=pro startsWith=macrok (578ms direct)
[w6:mn:pro] "macrok" → 0 records, 0 words
[w6:mn:pro] "macrok" branch complete
[w6:mn:pro] Saved 25,677 worker words
[w6:mn:pro] Searching "macrol" | queue=142 | words=25677
[w6:mn:pro] Pacing 14s before "macrol" (gap=16000ms)
[w6:mn:pro] heartbeat words=25677 queue=142 rotation=10 idle=9s
[w6:mn:pro] Turnstile token present (len=816)
[w6:mn:pro] Site Turnstile token (20917ms)
[w6:mn:pro] [api] 200 mode=pro startsWith=macrol
[w6:mn:pro] [api] 200 mode=pro startsWith=macrol (691ms direct)
[w6:mn:pro] "macrol" → 11 records, 11 words
[w6:mn:pro] "macrol" branch complete
[w6:mn:pro] Saved 25,688 worker words
[w6:mn:pro] Searching "macrom" | queue=141 | words=25688
[w6:mn:pro] Pacing 12s before "macrom" (gap=16000ms)
[w6:mn:pro] Managed Turnstile token (len=816, 18445ms, remount)
[w6:mn:pro] [api] 200 mode=pro startsWith=macrom
[w6:mn:pro] [api] 200 mode=pro startsWith=macrom (515ms direct)
[w6:mn:pro] "macrom" → 27 records, 27 words
[w6:mn:pro] "macrom" branch complete
[w6:mn:pro] Saved 25,715 worker words
[w6:mn:pro] Searching "macron" | queue=140 | words=25715
[w6:mn:pro] Pacing 15s before "macron" (gap=16000ms)
[w6:mn:pro] Turnstile token present (len=816)
[w6:mn:pro] Site Turnstile token (23321ms)
[w6:mn:pro] [api] 200 mode=pro startsWith=macron
[w6:mn:pro] [api] 200 mode=pro startsWith=macron (553ms direct)
[w6:mn:pro] "macron" → 9 records, 9 words (incl. exact "macron")
[w6:mn:pro] "macron" branch complete
[w6:mn:pro] Saved 25,724 worker words
[w6:mn:pro] Searching "macroo" | queue=139 | words=25724
[w6:mn:pro] Pacing 15s before "macroo" (gap=16000ms)
[w6:mn:pro] heartbeat words=25724 queue=139 rotation=10 idle=2s
[w6:mn:pro] Turnstile token present (len=816)
[w6:mn:pro] Site Turnstile token (24741ms)
[w6:mn:pro] [api] 200 mode=pro startsWith=macroo
[w6:mn:pro] [api] 200 mode=pro startsWith=macroo (709ms direct)
[w6:mn:pro] "macroo" → 0 records, 0 words
[w6:mn:pro] "macroo" branch complete
[w6:mn:pro] Saved 25,724 worker words
[w6:mn:pro] Searching "macrop" | queue=138 | words=25724
[w6:mn:pro] Pacing 15s before "macrop" (gap=16000ms)
[w6:mn:pro] Site Turnstile remint timed out (25295ms)
[w6:mn:pro] heartbeat words=25724 queue=138 rotation=10 idle=12s
[w6:mn:pro] Site Turnstile remint timed out (23475ms)
[w6:mn:pro] Turnstile token present (len=816)
[w6:mn:pro] Site Turnstile token (26927ms)
[w6:mn:pro] [api] 200 mode=pro startsWith=macrop
[w6:mn:pro] [api] 200 mode=pro startsWith=macrop (973ms direct)
[w6:mn:pro] "macrop" → 56 records, 56 words
[w6:mn:pro] "macrop" branch complete
[w6:mn:pro] Saved 25,754 worker words
[w6:mn:pro] Searching "macroz" | queue=137 | words=25754
[w6:mn:pro] Pacing 12s before "macroz" (gap=16000ms)
[w6:mn:pro] heartbeat words=25754 queue=137 rotation=10 idle=17s
[w6:mn:pro] Site Turnstile remint timed out (24672ms)
[w6:mn:pro] Site Turnstile remint timed out (22591ms)
[w6:mn:pro] Site Turnstile remint timed out (23359ms)
[w6:mn:pro] heartbeat words=25754 queue=137 rotation=10 idle=9s
[w6:mn:pro] Site Turnstile remint timed out (23140ms)
[w6:mn:pro] Turnstile token present (len=816)
[w6:mn:pro] Site Turnstile token (23854ms)
[w6:mn:pro] [api] 200 mode=pro startsWith=macroz
[w6:mn:pro] [api] 200 mode=pro startsWith=macroz (654ms direct)
[w6:mn:pro] "macroz" → 7 records, 7 words
[w6:mn:pro] "macroz" branch complete
[w6:mn:pro] Saved 25,754 worker words; shared last.txt now 305,797
[w6:mn:pro] Searching "magnet" | queue=136 | words=25754
[w6:mn:pro] Pacing 10s before "magnet" (gap=16000ms)
[w6:mn:pro] heartbeat words=25754 queue=136 rotation=10 idle=16s
[w6:mn:pro] Turnstile mint hard timeout after 28000ms
[w6:mn:pro] Site Turnstile remint timed out (31523ms)
[w6:mn:pro] Site Turnstile remint timed out (23433ms)
[w6:mn:pro] Site Turnstile remint timed out (25179ms)
[w6:mn:pro] heartbeat words=25754 queue=136 rotation=10 idle=3s
[w6:mn:pro] Turnstile token present (len=837)
[w6:mn:pro] Site Turnstile token (22435ms)
[w6:mn:pro] [api] 200 mode=pro startsWith=magnet
[w6:mn:pro] [api] 200 mode=pro startsWith=magnet (543ms direct)
[w6:mn:pro] "magnet" → 100 records, 100 words (incl. exact "magnet")
[w6:mn:pro] Pacing 15s before "magnet" (gap=16000ms)
[w6:mn:pro] Turnstile mint hard timeout after 28000ms
[w6:mn:pro] Site Turnstile remint timed out (28387ms)
[w6:mn:pro] heartbeat words=25754 queue=136 rotation=10 idle=11s
[w6:mn:pro] Site Turnstile remint timed out (22800ms)
[w6:mn:pro] Site Turnstile remint timed out (24398ms)
[w6:mn:pro] heartbeat words=25754 queue=136 rotation=10 idle=24s
[w6:mn:pro] Site Turnstile remint timed out (24046ms)
[w6:mn:pro] Site Turnstile remint timed out (23520ms)
[w6:mn:pro] "magnet" reverse search failed (No Turnstile token for direct search); forward-only
[w6:mn:pro] "magnet" full page ends at "magnetons" (next='o'); skip 16 covered groups → 12 children from magneto..
[w6:mn:pro] Saved 25,754 worker words
[w6:mn:pro] Searching "magneu" | queue=147 | words=25754
[w6:mn:pro] Site Turnstile remint timed out (23234ms)
[w6:mn:pro] heartbeat words=25754 queue=147 rotation=10 idle=13s
[w6:mn:pro] Site Turnstile remint timed out (24436ms)
[w6:mn:pro] Site Turnstile remint timed out (25038ms)
[w6:mn:pro] Managed Turnstile token (len=816, 15895ms, remount)
[w6:mn:pro] [api] 200 mode=pro startsWith=magneu
[w6:mn:pro] [api] 200 mode=pro startsWith=magneu (538ms direct)
[w6:mn:pro] "magneu" → 0 records, 0 words
[w6:mn:pro] "magneu" branch complete
[w6:mn:pro] Saved 25,754 worker words
[w6:mn:pro] Searching "magnev" | queue=146 | words=25754
[w6:mn:pro] Pacing 14s before "magnev" (gap=16000ms)
[w6:mn:pro] heartbeat words=25754 queue=146 rotation=10 idle=4s
[w6:mn:pro] Site Turnstile remint timed out (24913ms)
[w6:mn:pro] Managed Turnstile token (len=816, 16967ms, remount)
[w6:mn:pro] [api] 200 mode=pro startsWith=magnev
[w6:mn:pro] [api] 200 mode=pro startsWith=magnev (443ms direct)
[w6:mn:pro] "magnev" → 0 records, 0 words
[w6:mn:pro] "magnev" branch complete
[w6:mn:pro] Saved 25,754 worker words
[w6:mn:pro] Searching "magnew" | queue=145 | words=25754
[w6:mn:pro] Pacing 16s before "magnew" (gap=16000ms)
[w6:mn:pro] Managed Turnstile token (len=816, 16939ms, reset)
[w6:mn:pro] [api] 200 mode=pro startsWith=magnew
[w6:mn:pro] [api] 200 mode=pro startsWith=magnew (529ms direct)
[w6:mn:pro] "magnew" → 0 records, 0 words
[w6:mn:pro] "magnew" branch complete
[w6:mn:pro] Saved 25,754 worker words
[w6:mn:pro] Searching "magnex" | queue=144 | words=25754
[w6:mn:pro] Pacing 16s before "magnex" (gap=16000ms)
[w6:mn:pro] heartbeat words=25754 queue=144 rotation=10 idle=6s
[w6:mn:pro] Managed Turnstile token (len=816, 17016ms, reset)
[w6:mn:pro] [api] 200 mode=pro startsWith=magnex
[w6:mn:pro] [api] 200 mode=pro startsWith=magnex (484ms direct)
[w6:mn:pro] "magnex" → 0 records, 0 words
[w6:mn:pro] "magnex" branch complete
[w6:mn:pro] Saved 25,754 worker words
[w6:mn:pro] Searching "magney" | queue=143 | words=25754
[w6:mn:pro] Pacing 15s before "magney" (gap=16000ms)
[w6:mn:pro] Turnstile token present (len=816)
[w6:mn:pro] Site Turnstile token (22542ms)
[w6:mn:pro] [api] 200 mode=pro startsWith=magney
[w6:mn:pro] [api] 200 mode=pro startsWith=magney (579ms direct)
[w6:mn:pro] "magney" → 0 records, 0 words
[w6:mn:pro] "magney" branch complete
[w6:mn:pro] Saved 25,754 worker words
[w6:mn:pro] Searching "magnez" | queue=142 | words=25754
[w6:mn:pro] Pacing 15s before "magnez" (gap=16000ms)
[w6:mn:pro] heartbeat words=25754 queue=142 rotation=10 idle=24s
[w6:mn:pro] Turnstile mint hard timeout after 28000ms
[w6:mn:pro] Turnstile mint hard timeout after 28000ms
[w6:mn:pro] Site Turnstile remint timed out (31530ms)
[w6:mn:pro] Site Turnstile remint timed out (23858ms)
[w6:mn:pro] heartbeat words=25754 queue=142 rotation=10 idle=5s
[w6:mn:pro] Turnstile mint hard timeout after 28000ms
[w6:mn:pro] Failed "magnez" attempt 1: No Turnstile token for direct search
[w6:mn:pro] Saved 25,754 worker words
[w6:mn:pro] Turnstile miss — soft reload before rotate
[w6:mn:pro] Site Turnstile remint timed out (32276ms)
[w6:mn:pro] Site Turnstile remint timed out (114216ms)
[w6:mn:pro] Site Turnstile remint timed out (10630ms)
[w6:mn:pro] Soft reload mint failed — rotating immediately
[w6:mn:pro] Tor exited code=0
[w6:mn:pro] Starting Tor gen=12 socks=127.0.0.1:19056 (try 1)
[w6:mn:pro] tor: Aug 05 11:40:07.666 [warn] Fixing permissions on directory /tmp/lll-tor-w6
[w6:mn:pro] tor: Aug 05 11:40:07.000 [notice] Bootstrapped 0% (starting): Starting
[w6:mn:pro] tor: Aug 05 11:40:08.000 [notice] Bootstrapped 5% (conn): Connecting to a relay
[w6:mn:pro] tor: Aug 05 11:40:08.000 [notice] Bootstrapped 10% (conn_done): Connected to a relay
[w6:mn:pro] tor: Aug 05 11:40:15.000 [notice] Bootstrapped 14% (handshake): Handshaking with a relay
[w6:mn:pro] tor: Aug 05 11:40:15.000 [notice] Bootstrapped 15% (handshake_done): Handshake with a relay done
Aug 05 11:40:15.000 [notice] Bootstrapped 20% (onehop_create): Estab
[w6:mn:pro] tor: Aug 05 11:40:15.000 [notice] Bootstrapped 25% (requesting_status): Asking for networkstatus consensus
[w6:mn:pro] tor: Aug 05 11:40:15.000 [notice] Bootstrapped 30% (loading_status): Loading networkstatus consensus
[w6:mn:pro] tor: Aug 05 11:40:15.000 [notice] Bootstrapped 40% (loading_keys): Loading authority key certs
[w6:mn:pro] tor: Aug 05 11:40:16.000 [notice] Bootstrapped 45% (requesting_descriptors): Asking for relay descriptors
Aug 05 11:40:16.000 [notice] I learned some more directory 
[w6:mn:pro] tor: Aug 05 11:40:16.000 [notice] Bootstrapped 50% (loading_descriptors): Loading relay descriptors
[w6:mn:pro] tor: Aug 05 11:40:21.000 [notice] Bootstrapped 55% (loading_descriptors): Loading relay descriptors
[w6:mn:pro] tor: Aug 05 11:40:22.000 [notice] Bootstrapped 61% (loading_descriptors): Loading relay descriptors
[w6:mn:pro] tor: Aug 05 11:40:22.000 [notice] Bootstrapped 66% (loading_descriptors): Loading relay descriptors
[w6:mn:pro] tor: Aug 05 11:40:22.000 [notice] Bootstrapped 75% (enough_dirinfo): Loaded enough directory info to build circuits
[w6:mn:pro] tor: Aug 05 11:40:22.000 [notice] Bootstrapped 90% (ap_handshake_done): Handshake finished with a relay to build circuits
Aug 05 11:40:22.000 [notice] Bootstrapped 9
[w6:mn:pro] tor: Aug 05 11:40:23.000 [notice] Bootstrapped 100% (done): Done
[w6:mn:pro] Tor ready on 19056 exit=107.189.7.144
[w6:mn:pro] Rotating IP (#11, try 1) after No Turnstile token for direct search → tor#12 socks5://127.0.0.1:19056
[w6:mn:pro] Launching persistent Chrome profile /tmp/lll-pw-w6-r11
[w6:mn:pro] Proxy tor#12 socks5://127.0.0.1:19056
[w6:mn:pro] Opening https://lastletterlibrary.com
[w6:mn:pro] heartbeat words=25754 queue=143 rotation=11 idle=4s
[w6:mn:pro] heartbeat words=25754 queue=143 rotation=11 idle=64s
[w6:mn:pro] Library mode=pro
[w6:mn:pro] Managed Turnstile token (len=816, 7819ms, remount)
[w6:mn:pro] Search mode=direct (skip UI Wait Ns… gate)
[w6:mn:pro] Cleaned 1 old rotated profile(s)
[w6:mn:pro] Browser exit IP=192.42.116.13 collides with another worker
[w6:mn:pro] rotateIp attempt 1 failed: EXIT_IP_COLLISION
[w6:mn:pro] Tor exited code=0
[w6:mn:pro] Starting Tor gen=13 socks=127.0.0.1:19056 (try 1)
[w6:mn:pro] tor: Aug 05 11:41:47.448 [warn] Fixing permissions on directory /tmp/lll-tor-w6
[w6:mn:pro] tor: Aug 05 11:41:47.000 [notice] Bootstrapped 0% (starting): Starting
[w6:mn:pro] tor: Aug 05 11:41:48.000 [notice] Bootstrapped 5% (conn): Connecting to a relay
Aug 05 11:41:48.000 [notice] Bootstrapped 10% (conn_done): Connected to a relay
[w6:mn:pro] heartbeat words=25754 queue=143 rotation=12 idle=41s
[w6:mn:pro] tor: Aug 05 11:42:57.000 [notice] Bootstrapped 14% (handshake): Handshaking with a relay
[w6:mn:pro] tor: Aug 05 11:42:57.000 [notice] Bootstrapped 15% (handshake_done): Handshake with a relay done
Aug 05 11:42:57.000 [notice] Bootstrapped 20% (onehop_create): Estab
[w6:mn:pro] tor: Aug 05 11:42:57.000 [notice] Bootstrapped 25% (requesting_status): Asking for networkstatus consensus
[w6:mn:pro] tor: Aug 05 11:42:58.000 [notice] Bootstrapped 30% (loading_status): Loading networkstatus consensus
[w6:mn:pro] tor: Aug 05 11:42:59.000 [notice] Bootstrapped 40% (loading_keys): Loading authority key certs
[w6:mn:pro] tor: Aug 05 11:43:00.000 [notice] Bootstrapped 45% (requesting_descriptors): Asking for relay descriptors
Aug 05 11:43:00.000 [notice] I learned some more directory 
[w6:mn:pro] tor: Aug 05 11:43:01.000 [notice] Bootstrapped 50% (loading_descriptors): Loading relay descriptors
[w6:mn:pro] tor: Aug 05 11:43:13.000 [notice] Bootstrapped 55% (loading_descriptors): Loading relay descriptors
[w6:mn:pro] tor: Aug 05 11:43:14.000 [notice] Bootstrapped 61% (loading_descriptors): Loading relay descriptors
[w6:mn:pro] tor: Aug 05 11:43:14.000 [notice] Bootstrapped 67% (loading_descriptors): Loading relay descriptors
[w6:mn:pro] tor: Aug 05 11:43:14.000 [notice] Bootstrapped 75% (enough_dirinfo): Loaded enough directory info to build circuits
[w6:mn:pro] tor: Aug 05 11:43:14.000 [notice] Bootstrapped 90% (ap_handshake_done): Handshake finished with a relay to build circuits
Aug 05 11:43:14.000 [notice] Bootstrapped 9
[w6:mn:pro] tor: Aug 05 11:43:15.000 [notice] Bootstrapped 100% (done): Done
[w6:mn:pro] Tor ready on 19056 exit=45.84.107.172
[w6:mn:pro] Rotating IP (#12, try 2) after No Turnstile token for direct search → tor#13 socks5://127.0.0.1:19056
[w6:mn:pro] Launching persistent Chrome profile /tmp/lll-pw-w6-r12
[w6:mn:pro] Proxy tor#13 socks5://127.0.0.1:19056
[w6:mn:pro] Opening https://lastletterlibrary.com
[w6:mn:pro] Library mode=pro
[w6:mn:pro] heartbeat words=25754 queue=143 rotation=12 idle=6s
[w6:mn:pro] Managed Turnstile token (len=816, 10327ms, remount)
[w6:mn:pro] Search mode=direct (skip UI Wait Ns… gate)
[w6:mn:pro] Cleaned 1 old rotated profile(s)
[w6:mn:pro] Browser exit IP=45.84.107.222 (unique)
[w6:mn:pro] Searching "magnez" | queue=142 | words=25754
[w6:mn:pro] [api] 200 mode=pro startsWith=magnez
[w6:mn:pro] [api] 200 mode=pro startsWith=magnez (1046ms direct)
[w6:mn:pro] "magnez" → 0 records, 0 words
[w6:mn:pro] "magnez" branch complete
[w6:mn:pro] Saved 25,754 worker words; shared last.txt now 308,293
[w6:mn:pro] Searching "megalu" | queue=141 | words=25754
[w6:mn:pro] Pacing 3s before "megalu" (gap=16000ms)
[w6:mn:pro] Managed Turnstile token (len=816, 15479ms, reset)
[w6:mn:pro] [api] 200 mode=pro startsWith=megalu
[w6:mn:pro] [api] 200 mode=pro startsWith=megalu (538ms direct)
[w6:mn:pro] "megalu" → 1 records, 1 words
[w6:mn:pro] "megalu" branch complete
[w6:mn:pro] Saved 25,754 worker words
[w6:mn:pro] Searching "megalv" | queue=140 | words=25754
[w6:mn:pro] Pacing 16s before "megalv" (gap=16000ms)
[w6:mn:pro] Turnstile token present (len=837)
[w6:mn:pro] Site Turnstile token (21879ms)
[w6:mn:pro] [api] 200 mode=pro startsWith=megalv
[w6:mn:pro] [api] 200 mode=pro startsWith=megalv (1040ms direct)
[w6:mn:pro] "megalv" → 0 records, 0 words
[w6:mn:pro] "megalv" branch complete
[w6:mn:pro] Saved 25,754 worker words
[w6:mn:pro] Searching "megalw" | queue=139 | words=25754
[w6:mn:pro] Pacing 13s before "megalw" (gap=16000ms)
[w6:mn:pro] heartbeat words=25754 queue=139 rotation=12 idle=10s
[w6:mn:pro] Managed Turnstile token (len=816, 17231ms, remount)
[w6:mn:pro] [api] 200 mode=pro startsWith=megalw
[w6:mn:pro] [api] 200 mode=pro startsWith=megalw (909ms direct)
[w6:mn:pro] "megalw" → 0 records, 0 words
[w6:mn:pro] "megalw" branch complete
[w6:mn:pro] Saved 25,754 worker words
[w6:mn:pro] Searching "megalx" | queue=138 | words=25754
[w6:mn:pro] Pacing 15s before "megalx" (gap=16000ms)
[w6:mn:pro] Managed Turnstile token (len=816, 10010ms, reset)
[w6:mn:pro] [api] 200 mode=pro startsWith=megalx
[w6:mn:pro] [api] 200 mode=pro startsWith=megalx (650ms direct)
[w6:mn:pro] "megalx" → 0 records, 0 words
[w6:mn:pro] "megalx" branch complete
[w6:mn:pro] Saved 25,754 worker words
[w6:mn:pro] Searching "megaly" | queue=137 | words=25754
[w6:mn:pro] Pacing 15s before "megaly" (gap=16000ms)
[w6:mn:pro] Managed Turnstile token (len=816, 10820ms, reset)
[w6:mn:pro] [api] 200 mode=pro startsWith=megaly
[w6:mn:pro] [api] 200 mode=pro startsWith=megaly (1112ms direct)
[w6:mn:pro] "megaly" → 0 records, 0 words
[w6:mn:pro] "megaly" branch complete
[w6:mn:pro] Saved 25,754 worker words
[w6:mn:pro] Searching "megalz" | queue=136 | words=25754
[w6:mn:pro] Pacing 13s before "megalz" (gap=16000ms)
[w6:mn:pro] heartbeat words=25754 queue=136 rotation=12 idle=18s
[w6:mn:pro] Managed Turnstile token (len=816, 19792ms, reset)
[w6:mn:pro] [api] 200 mode=pro startsWith=megalz
[w6:mn:pro] [api] 200 mode=pro startsWith=megalz (743ms direct)
[w6:mn:pro] "megalz" → 0 records, 0 words
[w6:mn:pro] "megalz" branch complete
[w6:mn:pro] Saved 25,754 worker words
[w6:mn:pro] Searching "melanu" | queue=135 | words=25754
[w6:mn:pro] Pacing 15s before "melanu" (gap=16000ms)
[w6:mn:pro] Site Turnstile remint timed out (22653ms)
[w6:mn:pro] Site Turnstile remint timed out (22882ms)
[w6:mn:pro] heartbeat words=25754 queue=135 rotation=12 idle=13s
[w6:mn:pro] Site Turnstile remint timed out (23472ms)
[w6:mn:pro] Turnstile mint hard timeout after 28000ms
[w6:mn:pro] Site Turnstile remint timed out (28488ms)
[w6:mn:pro] heartbeat words=25754 queue=135 rotation=12 idle=22s
[w6:mn:pro] Turnstile mint hard timeout after 28000ms
[w6:mn:pro] Failed "melanu" attempt 1: No Turnstile token for direct search
[w6:mn:pro] Saved 25,754 worker words
[w6:mn:pro] Turnstile miss — soft reload before rotate
[w6:mn:pro] Site Turnstile remint timed out (35896ms)
[w6:mn:pro] Site Turnstile remint timed out (12575ms)
[w6:mn:pro] Soft reload mint failed — rotating immediately
[w6:mn:pro] Tor exited code=null
[w6:mn:pro] Starting Tor gen=14 socks=127.0.0.1:19056 (try 1)
[w6:mn:pro] tor: Aug 05 11:48:07.295 [warn] Fixing permissions on directory /tmp/lll-tor-w6
[w6:mn:pro] tor: Aug 05 11:48:09.000 [notice] Bootstrapped 0% (starting): Starting
Aug 05 11:48:09.000 [notice] Starting with guard context "default"
[w6:mn:pro] tor: Aug 05 11:48:10.000 [notice] Bootstrapped 5% (conn): Connecting to a relay
[w6:mn:pro] tor: Aug 05 11:48:10.000 [notice] Bootstrapped 10% (conn_done): Connected to a relay
[w6:mn:pro] tor: Aug 05 11:48:16.000 [notice] Bootstrapped 14% (handshake): Handshaking with a relay
[w6:mn:pro] tor: Aug 05 11:48:16.000 [notice] Bootstrapped 15% (handshake_done): Handshake with a relay done
Aug 05 11:48:16.000 [notice] Bootstrapped 20% (onehop_create): Estab
[w6:mn:pro] tor: Aug 05 11:48:16.000 [notice] Bootstrapped 25% (requesting_status): Asking for networkstatus consensus
[w6:mn:pro] tor: Aug 05 11:48:16.000 [notice] Bootstrapped 30% (loading_status): Loading networkstatus consensus
[w6:mn:pro] tor: Aug 05 11:48:17.000 [notice] Bootstrapped 40% (loading_keys): Loading authority key certs
[w6:mn:pro] tor: Aug 05 11:48:18.000 [notice] Bootstrapped 45% (requesting_descriptors): Asking for relay descriptors
Aug 05 11:48:18.000 [notice] I learned some more directory 
[w6:mn:pro] tor: Aug 05 11:48:19.000 [notice] Bootstrapped 50% (loading_descriptors): Loading relay descriptors
[w6:mn:pro] heartbeat words=25754 queue=136 rotation=13 idle=12s
[w6:mn:pro] tor: Aug 05 11:48:34.000 [notice] Bootstrapped 55% (loading_descriptors): Loading relay descriptors
[w6:mn:pro] tor: Aug 05 11:48:36.000 [notice] Bootstrapped 61% (loading_descriptors): Loading relay descriptors
[w6:mn:pro] tor: Aug 05 11:48:39.000 [notice] Bootstrapped 67% (loading_descriptors): Loading relay descriptors
[w6:mn:pro] tor: Aug 05 11:48:42.000 [notice] Bootstrapped 75% (enough_dirinfo): Loaded enough directory info to build circuits
[w6:mn:pro] tor: Aug 05 11:48:42.000 [notice] Bootstrapped 90% (ap_handshake_done): Handshake finished with a relay to build circuits
Aug 05 11:48:42.000 [notice] Bootstrapped 9
[w6:mn:pro] tor: Aug 05 11:48:48.000 [notice] Bootstrapped 100% (done): Done
[w6:mn:pro] Tor ready on 19056 exit=107.189.30.49
[w6:mn:pro] Rotating IP (#13, try 1) after No Turnstile token for direct search → tor#14 socks5://127.0.0.1:19056
[w6:mn:pro] Launching persistent Chrome profile /tmp/lll-pw-w6-r13
[w6:mn:pro] Proxy tor#14 socks5://127.0.0.1:19056
[w6:mn:pro] Opening https://lastletterlibrary.com
[w6:mn:pro] Library mode=pro
[w6:mn:pro] Managed Turnstile token (len=816, 11718ms, remount)
[w6:mn:pro] Search mode=direct (skip UI Wait Ns… gate)
[w6:mn:pro] Cleaned 1 old rotated profile(s)
[w6:mn:pro] Browser exit IP=45.95.169.104 (unique)
[w6:mn:pro] Searching "melanu" | queue=135 | words=25754
[w6:mn:pro] [api] 200 mode=pro startsWith=melanu
[w6:mn:pro] [api] 200 mode=pro startsWith=melanu (607ms direct)
[w6:mn:pro] "melanu" → 6 records, 6 words
[w6:mn:pro] "melanu" branch complete
[w6:mn:pro] Saved 25,754 worker words; shared last.txt now 309,276
[w6:mn:pro] Searching "melanv" | queue=134 | words=25754
[w6:mn:pro] Pacing 13s before "melanv" (gap=16000ms)
[w6:mn:pro] heartbeat words=25754 queue=134 rotation=13 idle=2s
[w6:mn:pro] Managed Turnstile token (len=816, 5398ms, reset)
[w6:mn:pro] [api] 200 mode=pro startsWith=melanv
[w6:mn:pro] [api] 200 mode=pro startsWith=melanv (569ms direct)
[w6:mn:pro] "melanv" → 0 records, 0 words
[w6:mn:pro] "melanv" branch complete
[w6:mn:pro] Saved 25,754 worker words
[w6:mn:pro] Searching "melanw" | queue=133 | words=25754
[w6:mn:pro] Pacing 16s before "melanw" (gap=16000ms)
[w6:mn:pro] Managed Turnstile token (len=816, 8130ms, reset)
[w6:mn:pro] [api] 200 mode=pro startsWith=melanw
[w6:mn:pro] [api] 200 mode=pro startsWith=melanw (524ms direct)
[w6:mn:pro] "melanw" → 0 records, 0 words
[w6:mn:pro] "melanw" branch complete
[w6:mn:pro] Saved 25,754 worker words
[w6:mn:pro] Searching "melanx" | queue=132 | words=25754
[w6:mn:pro] Pacing 14s before "melanx" (gap=16000ms)
[w6:mn:pro] Managed Turnstile token (len=816, 9000ms, reset)
[w6:mn:pro] [api] 200 mode=pro startsWith=melanx
[w6:mn:pro] [api] 200 mode=pro startsWith=melanx (500ms direct)
[w6:mn:pro] "melanx" → 0 records, 0 words
[w6:mn:pro] "melanx" branch complete
[w6:mn:pro] Saved 25,754 worker words
[w6:mn:pro] Searching "melany" | queue=131 | words=25754
[w6:mn:pro] Pacing 15s before "melany" (gap=16000ms)
[w6:mn:pro] Managed Turnstile token (len=816, 14459ms, reset)
[w6:mn:pro] [api] 200 mode=pro startsWith=melany
[w6:mn:pro] [api] 200 mode=pro startsWith=melany (457ms direct)
[w6:mn:pro] "melany" → 0 records, 0 words
[w6:mn:pro] "melany" branch complete
[w6:mn:pro] Saved 25,754 worker words
[w6:mn:pro] Searching "melanz" | queue=130 | words=25754
[w6:mn:pro] Pacing 16s before "melanz" (gap=16000ms)
[w6:mn:pro] heartbeat words=25754 queue=130 rotation=13 idle=0s
[w6:mn:pro] Managed Turnstile token (len=816, 9110ms, reset)
[w6:mn:pro] [api] 200 mode=pro startsWith=melanz
[w6:mn:pro] [api] 200 mode=pro startsWith=melanz (463ms direct)
[w6:mn:pro] "melanz" → 0 records, 0 words
[w6:mn:pro] "melanz" branch complete
[w6:mn:pro] Saved 25,754 worker words
[w6:mn:pro] Searching "metall" | queue=129 | words=25754
[w6:mn:pro] Pacing 16s before "metall" (gap=16000ms)
[w6:mn:pro] Managed Turnstile token (len=816, 4627ms, reset)
[w6:mn:pro] [api] 200 mode=pro startsWith=metall
[w6:mn:pro] [api] 200 mode=pro startsWith=metall (819ms direct)
[w6:mn:pro] "metall" → 93 records, 93 words (incl. exact "metall")
[w6:mn:pro] "metall" branch complete
[w6:mn:pro] Saved 25,754 worker words
[w6:mn:pro] Searching "metalw" | queue=128 | words=25754
[w6:mn:pro] Pacing 16s before "metalw" (gap=16000ms)
[w6:mn:pro] Managed Turnstile token (len=816, 6095ms, reset)
[w6:mn:pro] [api] 200 mode=pro startsWith=metalw
[w6:mn:pro] [api] 200 mode=pro startsWith=metalw (428ms direct)
[w6:mn:pro] "metalw" → 8 records, 8 words
[w6:mn:pro] "metalw" branch complete
[w6:mn:pro] Saved 25,754 worker words
[w6:mn:pro] Searching "metalx" | queue=127 | words=25754
[w6:mn:pro] Pacing 16s before "metalx" (gap=16000ms)
[w6:mn:pro] Managed Turnstile token (len=816, 3735ms, remount)
[w6:mn:pro] heartbeat words=25754 queue=127 rotation=13 idle=9s
[w6:mn:pro] [api] 200 mode=pro startsWith=metalx
[w6:mn:pro] [api] 200 mode=pro startsWith=metalx (517ms direct)
[w6:mn:pro] "metalx" → 0 records, 0 words
[w6:mn:pro] "metalx" branch complete
[w6:mn:pro] Saved 25,754 worker words; shared last.txt now 309,455
[w6:mn:pro] Searching "metaly" | queue=126 | words=25754
[w6:mn:pro] Pacing 15s before "metaly" (gap=16000ms)
[w6:mn:pro] Managed Turnstile token (len=816, 5965ms, reset)
[w6:mn:pro] [api] 200 mode=pro startsWith=metaly
[w6:mn:pro] [api] 200 mode=pro startsWith=metaly (475ms direct)
[w6:mn:pro] "metaly" → 0 records, 0 words
[w6:mn:pro] "metaly" branch complete
[w6:mn:pro] Saved 25,754 worker words
[w6:mn:pro] Searching "metalz" | queue=125 | words=25754
[w6:mn:pro] Pacing 16s before "metalz" (gap=16000ms)
[w6:mn:pro] Managed Turnstile token (len=816, 18547ms, reset)
[w6:mn:pro] [api] 200 mode=pro startsWith=metalz
[w6:mn:pro] [api] 200 mode=pro startsWith=metalz (780ms direct)
[w6:mn:pro] "metalz" → 0 records, 0 words
[w6:mn:pro] "metalz" branch complete
[w6:mn:pro] Saved 25,754 worker words
[w6:mn:pro] Searching "metapt" | queue=124 | words=25754
[w6:mn:pro] Pacing 14s before "metapt" (gap=16000ms)
[w6:mn:pro] heartbeat words=25754 queue=124 rotation=13 idle=19s
[w6:mn:pro] Site Turnstile remint timed out (23153ms)
[w6:mn:pro] Site Turnstile remint timed out (24453ms)
[w6:mn:pro] Turnstile mint hard timeout after 28000ms
[w6:mn:pro] Site Turnstile remint timed out (31538ms)
[w6:mn:pro] heartbeat words=25754 queue=124 rotation=13 idle=0s
[w6:mn:pro] Turnstile mint hard timeout after 28000ms
[w6:mn:pro] Failed "metapt" attempt 1: No Turnstile token for direct search
[w6:mn:pro] Saved 25,754 worker words
[w6:mn:pro] Turnstile miss — soft reload before rotate
[w6:mn:pro] Site Turnstile remint timed out (37480ms)
[w6:mn:pro] Site Turnstile remint timed out (10992ms)
[w6:mn:pro] Soft reload mint failed — rotating immediately
[w6:mn:pro] Starting Tor gen=15 socks=127.0.0.1:19056 (try 1)
[w6:mn:pro] tor: Aug 05 11:54:19.070 [notice] Opened Socks listener connection (ready) on 127.0.0.1:19056
Aug 05 11:54:19.071 [warn] Fixing permissions on directory /tmp/lll-tor
[w6:mn:pro] Tor exited code=0
[w6:mn:pro] tor: Aug 05 11:54:20.000 [notice] Bootstrapped 0% (starting): Starting
Aug 05 11:54:20.000 [notice] Starting with guard context "default"
[w6:mn:pro] tor: Aug 05 11:54:21.000 [notice] Bootstrapped 5% (conn): Connecting to a relay
[w6:mn:pro] tor: Aug 05 11:54:21.000 [notice] Bootstrapped 10% (conn_done): Connected to a relay
[w6:mn:pro] tor: Aug 05 11:54:27.000 [notice] Bootstrapped 14% (handshake): Handshaking with a relay
[w6:mn:pro] tor: Aug 05 11:54:27.000 [notice] Bootstrapped 15% (handshake_done): Handshake with a relay done
Aug 05 11:54:27.000 [notice] Bootstrapped 20% (onehop_create): Estab
[w6:mn:pro] tor: Aug 05 11:54:27.000 [notice] Bootstrapped 25% (requesting_status): Asking for networkstatus consensus
[w6:mn:pro] tor: Aug 05 11:54:27.000 [notice] Bootstrapped 30% (loading_status): Loading networkstatus consensus
[w6:mn:pro] tor: Aug 05 11:54:28.000 [notice] Bootstrapped 40% (loading_keys): Loading authority key certs
[w6:mn:pro] tor: Aug 05 11:54:29.000 [notice] Bootstrapped 45% (requesting_descriptors): Asking for relay descriptors
[w6:mn:pro] tor: Aug 05 11:54:30.000 [notice] Bootstrapped 50% (loading_descriptors): Loading relay descriptors
[w6:mn:pro] heartbeat words=25754 queue=125 rotation=14 idle=2s
[w6:mn:pro] tor: Aug 05 11:54:43.000 [notice] Bootstrapped 55% (loading_descriptors): Loading relay descriptors
[w6:mn:pro] tor: Aug 05 11:54:45.000 [notice] Bootstrapped 61% (loading_descriptors): Loading relay descriptors
[w6:mn:pro] tor: Aug 05 11:54:46.000 [notice] Bootstrapped 67% (loading_descriptors): Loading relay descriptors
[w6:mn:pro] tor: Aug 05 11:54:46.000 [notice] Bootstrapped 75% (enough_dirinfo): Loaded enough directory info to build circuits
[w6:mn:pro] tor: Aug 05 11:54:47.000 [notice] Bootstrapped 90% (ap_handshake_done): Handshake finished with a relay to build circuits
Aug 05 11:54:47.000 [notice] Bootstrapped 9
[w6:mn:pro] tor: Aug 05 11:54:48.000 [notice] Bootstrapped 100% (done): Done
[w6:mn:pro] Tor ready on 19056 exit=185.220.101.169
[w6:mn:pro] Rotating IP (#14, try 1) after No Turnstile token for direct search → tor#15 socks5://127.0.0.1:19056
[w6:mn:pro] Launching persistent Chrome profile /tmp/lll-pw-w6-r14
[w6:mn:pro] Proxy tor#15 socks5://127.0.0.1:19056
[w6:mn:pro] Opening https://lastletterlibrary.com
[w6:mn:pro] Library mode=pro
[w6:mn:pro] Site Turnstile remint timed out (23403ms)
[w6:mn:pro] Search mode=direct (skip UI Wait Ns… gate)
[w6:mn:pro] Cleaned 1 old rotated profile(s)
[w6:mn:pro] heartbeat words=25754 queue=125 rotation=14 idle=2s
[w6:mn:pro] Browser exit IP=185.220.101.169 (unique)
[w6:mn:pro] Searching "metapt" | queue=124 | words=25754
[w6:mn:pro] Turnstile token present (len=816)
[w6:mn:pro] Site Turnstile token (24062ms)
[w6:mn:pro] [api] 200 mode=pro startsWith=metapt
[w6:mn:pro] [api] 200 mode=pro startsWith=metapt (1054ms direct)
[w6:mn:pro] "metapt" → 3 records, 3 words
[w6:mn:pro] "metapt" branch complete
[w6:mn:pro] Saved 25,754 worker words
[w6:mn:pro] Searching "metapu" | queue=123 | words=25754
[w6:mn:pro] Pacing 14s before "metapu" (gap=16000ms)
[w6:mn:pro] Turnstile token present (len=816)
[w6:mn:pro] Site Turnstile token (22090ms)
[w6:mn:pro] [api] 200 mode=pro startsWith=metapu
[w6:mn:pro] [api] 200 mode=pro startsWith=metapu (586ms direct)
[w6:mn:pro] "metapu" → 0 records, 0 words
[w6:mn:pro] "metapu" branch complete
[w6:mn:pro] Saved 25,754 worker words
[w6:mn:pro] Searching "metapv" | queue=122 | words=25754
[w6:mn:pro] Pacing 15s before "metapv" (gap=16000ms)
[w6:mn:pro] heartbeat words=25754 queue=122 rotation=14 idle=16s
[w6:mn:pro] Site Turnstile remint timed out (25346ms)
[w6:mn:pro] Site Turnstile remint timed out (24055ms)
[w6:mn:pro] Turnstile token present (len=816)
[w6:mn:pro] Site Turnstile token (20397ms)
[w6:mn:pro] [api] 200 mode=pro startsWith=metapv
[w6:mn:pro] [api] 200 mode=pro startsWith=metapv (925ms direct)
[w6:mn:pro] "metapv" → 0 records, 0 words
[w6:mn:pro] "metapv" branch complete
[w6:mn:pro] Saved 25,754 worker words
[w6:mn:pro] Searching "metapw" | queue=121 | words=25754
[w6:mn:pro] Pacing 16s before "metapw" (gap=16000ms)
[w6:mn:pro] heartbeat words=25754 queue=121 rotation=14 idle=5s
[w6:mn:pro] Site Turnstile remint timed out (23502ms)
[w6:mn:pro] Site Turnstile remint timed out (25212ms)
[w6:mn:pro] heartbeat words=25754 queue=121 rotation=14 idle=17s
[w6:mn:pro] Turnstile mint hard timeout after 28000ms
[w6:mn:pro] Site Turnstile remint timed out (31992ms)
[w6:mn:pro] Site Turnstile remint timed out (25868ms)
[w6:mn:pro] heartbeat words=25754 queue=121 rotation=14 idle=23s
[w6:mn:pro] Turnstile mint hard timeout after 28000ms
[w6:mn:pro] Failed "metapw" attempt 1: No Turnstile token for direct search
[w6:mn:pro] Site Turnstile remint timed out (29024ms)
[w6:mn:pro] Saved 25,754 worker words
[w6:mn:pro] Turnstile miss — soft reload before rotate
[w6:mn:pro] Site Turnstile remint timed out (12081ms)
[w6:mn:pro] Soft reload mint failed — rotating immediately
[w6:mn:pro] Starting Tor gen=16 socks=127.0.0.1:19056 (try 1)
[w6:mn:pro] tor: Aug 05 11:59:57.789 [notice] Opened Socks listener connection (ready) on 127.0.0.1:19056
Aug 05 11:59:57.789 [warn] Fixing permissions on directory /tmp/lll-tor
[w6:mn:pro] Tor exited code=0
[w6:mn:pro] tor: Aug 05 12:00:03.000 [notice] Bootstrapped 0% (starting): Starting
Aug 05 12:00:03.000 [notice] Starting with guard context "default"
[w6:mn:pro] tor: Aug 05 12:00:04.000 [notice] Bootstrapped 5% (conn): Connecting to a relay
Aug 05 12:00:04.000 [notice] Bootstrapped 10% (conn_done): Connected to a relay
[w6:mn:pro] tor: Aug 05 12:00:07.000 [notice] Bootstrapped 14% (handshake): Handshaking with a relay
[w6:mn:pro] tor: Aug 05 12:00:08.000 [notice] Bootstrapped 15% (handshake_done): Handshake with a relay done
Aug 05 12:00:08.000 [notice] Bootstrapped 20% (onehop_create): Estab
[w6:mn:pro] tor: Aug 05 12:00:08.000 [notice] Bootstrapped 25% (requesting_status): Asking for networkstatus consensus
[w6:mn:pro] tor: Aug 05 12:00:08.000 [notice] Bootstrapped 30% (loading_status): Loading networkstatus consensus
[w6:mn:pro] tor: Aug 05 12:00:09.000 [notice] Bootstrapped 40% (loading_keys): Loading authority key certs
[w6:mn:pro] tor: Aug 05 12:00:09.000 [notice] Bootstrapped 45% (requesting_descriptors): Asking for relay descriptors
Aug 05 12:00:09.000 [notice] I learned some more directory 
[w6:mn:pro] tor: Aug 05 12:00:10.000 [notice] Bootstrapped 50% (loading_descriptors): Loading relay descriptors
[w6:mn:pro] tor: Aug 05 12:00:15.000 [notice] Bootstrapped 56% (loading_descriptors): Loading relay descriptors
[w6:mn:pro] tor: Aug 05 12:00:19.000 [notice] Bootstrapped 61% (loading_descriptors): Loading relay descriptors
[w6:mn:pro] tor: Aug 05 12:00:19.000 [notice] Bootstrapped 67% (loading_descriptors): Loading relay descriptors
[w6:mn:pro] tor: Aug 05 12:00:20.000 [notice] Bootstrapped 75% (enough_dirinfo): Loaded enough directory info to build circuits
[w6:mn:pro] tor: Aug 05 12:00:21.000 [notice] Bootstrapped 90% (ap_handshake_done): Handshake finished with a relay to build circuits
Aug 05 12:00:21.000 [notice] Bootstrapped 9
[w6:mn:pro] tor: Aug 05 12:00:21.000 [notice] Bootstrapped 100% (done): Done
[w6:mn:pro] Tor ready on 19056 exit=185.220.101.7
[w6:mn:pro] Rotating IP (#15, try 1) after No Turnstile token for direct search → tor#16 socks5://127.0.0.1:19056
[w6:mn:pro] Launching persistent Chrome profile /tmp/lll-pw-w6-r15
[w6:mn:pro] Proxy tor#16 socks5://127.0.0.1:19056
[w6:mn:pro] Opening https://lastletterlibrary.com
[w6:mn:pro] Library mode=pro
[w6:mn:pro] heartbeat words=25754 queue=122 rotation=15 idle=1s
[w6:mn:pro] Site Turnstile remint timed out (22758ms)
[w6:mn:pro] Search mode=direct (skip UI Wait Ns… gate)
[w6:mn:pro] Cleaned 1 old rotated profile(s)
[w6:mn:pro] Browser exit IP=185.220.101.7 (unique)
[w6:mn:pro] Searching "metapw" | queue=121 | words=25754
[w6:mn:pro] Site Turnstile remint timed out (22634ms)
[w6:mn:pro] heartbeat words=25754 queue=121 rotation=15 idle=16s
[w6:mn:pro] Site Turnstile remint timed out (22852ms)
[w6:mn:pro] Turnstile token present (len=816)
[w6:mn:pro] Site Turnstile token (22056ms)
[w6:mn:pro] [api] 200 mode=pro startsWith=metapw
[w6:mn:pro] [api] 200 mode=pro startsWith=metapw (554ms direct)
[w6:mn:pro] "metapw" → 0 records, 0 words
[w6:mn:pro] "metapw" branch complete
[w6:mn:pro] Saved 25,754 worker words; shared last.txt now 311,003
[w6:mn:pro] Searching "metapx" | queue=120 | words=25754
[w6:mn:pro] Pacing 10s before "metapx" (gap=16000ms)
[w6:mn:pro] Site Turnstile remint timed out (25593ms)
[w6:mn:pro] heartbeat words=25754 queue=120 rotation=15 idle=4s
[w6:mn:pro] Site Turnstile remint timed out (27625ms)
[w6:mn:pro] Turnstile mint hard timeout after 28000ms
[w6:mn:pro] heartbeat words=25754 queue=120 rotation=15 idle=8s
[w6:mn:pro] Turnstile mint hard timeout after 28000ms
[w6:mn:pro] Failed "metapx" attempt 1: No Turnstile token for direct search
[w6:mn:pro] Site Turnstile remint timed out (28687ms)
[w6:mn:pro] Saved 25,754 worker words
[w6:mn:pro] Turnstile miss — soft reload before rotate
[w6:mn:pro] Site Turnstile remint timed out (64451ms)
[w6:mn:pro] Site Turnstile remint timed out (10018ms)
[w6:mn:pro] Soft reload mint failed — rotating immediately
[w6:mn:pro] Tor exited code=null
[w6:mn:pro] Starting Tor gen=17 socks=127.0.0.1:19056 (try 1)
[w6:mn:pro] tor: Aug 05 12:04:09.322 [warn] Fixing permissions on directory /tmp/lll-tor-w6
[w6:mn:pro] tor: Aug 05 12:04:09.000 [notice] Bootstrapped 0% (starting): Starting
[w6:mn:pro] tor: Aug 05 12:04:10.000 [notice] Bootstrapped 5% (conn): Connecting to a relay
[w6:mn:pro] tor: Aug 05 12:04:10.000 [notice] Bootstrapped 10% (conn_done): Connected to a relay
[w6:mn:pro] tor: Aug 05 12:04:12.000 [notice] Bootstrapped 14% (handshake): Handshaking with a relay
[w6:mn:pro] tor: Aug 05 12:04:12.000 [notice] Bootstrapped 15% (handshake_done): Handshake with a relay done
Aug 05 12:04:12.000 [notice] Bootstrapped 20% (onehop_create): Estab
[w6:mn:pro] tor: Aug 05 12:04:12.000 [notice] Bootstrapped 25% (requesting_status): Asking for networkstatus consensus
[w6:mn:pro] tor: Aug 05 12:04:12.000 [notice] Bootstrapped 30% (loading_status): Loading networkstatus consensus
[w6:mn:pro] tor: Aug 05 12:04:13.000 [notice] Bootstrapped 40% (loading_keys): Loading authority key certs
[w6:mn:pro] tor: Aug 05 12:04:13.000 [notice] Bootstrapped 45% (requesting_descriptors): Asking for relay descriptors
Aug 05 12:04:13.000 [notice] I learned some more directory 
[w6:mn:pro] tor: Aug 05 12:04:14.000 [notice] Bootstrapped 50% (loading_descriptors): Loading relay descriptors
[w6:mn:pro] tor: Aug 05 12:04:20.000 [notice] Bootstrapped 55% (loading_descriptors): Loading relay descriptors
[w6:mn:pro] tor: Aug 05 12:04:20.000 [notice] Bootstrapped 61% (loading_descriptors): Loading relay descriptors
[w6:mn:pro] tor: Aug 05 12:04:20.000 [notice] Bootstrapped 67% (loading_descriptors): Loading relay descriptors
[w6:mn:pro] tor: Aug 05 12:04:20.000 [notice] Bootstrapped 75% (enough_dirinfo): Loaded enough directory info to build circuits
[w6:mn:pro] tor: Aug 05 12:04:21.000 [notice] Bootstrapped 90% (ap_handshake_done): Handshake finished with a relay to build circuits
Aug 05 12:04:21.000 [notice] Bootstrapped 9
[w6:mn:pro] tor: Aug 05 12:04:22.000 [notice] Bootstrapped 100% (done): Done
[w6:mn:pro] Tor ready on 19056 exit=192.42.116.18
[w6:mn:pro] Rotating IP (#16, try 1) after No Turnstile token for direct search → tor#17 socks5://127.0.0.1:19056
[w6:mn:pro] Launching persistent Chrome profile /tmp/lll-pw-w6-r16
[w6:mn:pro] Proxy tor#17 socks5://127.0.0.1:19056
[w6:mn:pro] Opening https://lastletterlibrary.com
[w6:mn:pro] heartbeat words=25754 queue=121 rotation=16 idle=6s
[w6:mn:pro] Library mode=pro
[w6:mn:pro] Managed Turnstile token (len=816, 9800ms, remount)
[w6:mn:pro] Search mode=direct (skip UI Wait Ns… gate)
[w6:mn:pro] Cleaned 1 old rotated profile(s)
[w6:mn:pro] Browser exit IP=193.189.100.201 (unique)
[w6:mn:pro] Searching "metapx" | queue=120 | words=25754
[w6:mn:pro] [api] 200 mode=pro startsWith=metapx
[w6:mn:pro] [api] 200 mode=pro startsWith=metapx (748ms direct)
[w6:mn:pro] "metapx" → 0 records, 0 words
[w6:mn:pro] "metapx" branch complete
[w6:mn:pro] Saved 25,754 worker words
[w6:mn:pro] Searching "metapy" | queue=119 | words=25754
[w6:mn:pro] Pacing 14s before "metapy" (gap=16000ms)
[w6:mn:pro] Managed Turnstile token (len=816, 9906ms, reset)
[w6:mn:pro] [api] 200 mode=pro startsWith=metapy
[w6:mn:pro] [api] 200 mode=pro startsWith=metapy (522ms direct)
[w6:mn:pro] "metapy" → 0 records, 0 words
[w6:mn:pro] "metapy" branch complete
[w6:mn:pro] Saved 25,754 worker words
[w6:mn:pro] Searching "metapz" | queue=118 | words=25754
[w6:mn:pro] Pacing 15s before "metapz" (gap=16000ms)
[w6:mn:pro] Managed Turnstile token (len=816, 7460ms, reset)
[w6:mn:pro] [api] 200 mode=pro startsWith=metapz
[w6:mn:pro] [api] 200 mode=pro startsWith=metapz (449ms direct)
[w6:mn:pro] "metapz" → 0 records, 0 words
[w6:mn:pro] "metapz" branch complete
[w6:mn:pro] Saved 25,754 worker words
[w6:mn:pro] Searching "methyl" | queue=117 | words=25754
[w6:mn:pro] Pacing 15s before "methyl" (gap=16000ms)
[w6:mn:pro] heartbeat words=25754 queue=117 rotation=16 idle=7s
[w6:mn:pro] Managed Turnstile token (len=816, 10681ms, reset)
[w6:mn:pro] [api] 200 mode=pro startsWith=methyl
[w6:mn:pro] [api] 200 mode=pro startsWith=methyl (614ms direct)
[w6:mn:pro] "methyl" → 100 records, 100 words (incl. exact "methyl")
[w6:mn:pro] Pacing 15s before "methyl" (gap=16000ms)
[w6:mn:pro] Managed Turnstile token (len=816, 10732ms, reset)
[w6:mn:pro] [api] 200 mode=pro startsWith=methyl
[w6:mn:pro] [api] 200 mode=pro startsWith=methyl sort=alphabetical:desc (521ms direct)
[w6:mn:pro] "methyl" full page ends at "methylsulfanol" (next='s'); skip 25 covered groups → 3 children reverse Z→A ends at "methylanthracene" (lo='a' hi='x'); skip 22 middle + 0 new words
[w6:mn:pro] Saved 25,754 worker words
[w6:mn:pro] Searching "methys" | queue=119 | words=25754
[w6:mn:pro] Pacing 16s before "methys" (gap=16000ms)
[w6:mn:pro] Managed Turnstile token (len=816, 5229ms, reset)
[w6:mn:pro] [api] 200 mode=pro startsWith=methys
[w6:mn:pro] [api] 200 mode=pro startsWith=methys (503ms direct)
[w6:mn:pro] "methys" → 5 records, 5 words
[w6:mn:pro] "methys" branch complete
[w6:mn:pro] Saved 25,754 worker words
[w6:mn:pro] Searching "methyt" | queue=118 | words=25754
[w6:mn:pro] Pacing 15s before "methyt" (gap=16000ms)
[w6:mn:pro] Managed Turnstile token (len=816, 6728ms, reset)
[w6:mn:pro] [api] 200 mode=pro startsWith=methyt
[w6:mn:pro] [api] 200 mode=pro startsWith=methyt (466ms direct)
[w6:mn:pro] "methyt" → 0 records, 0 words
[w6:mn:pro] "methyt" branch complete
[w6:mn:pro] Saved 25,754 worker words
[w6:mn:pro] Searching "methyu" | queue=117 | words=25754
[w6:mn:pro] Pacing 15s before "methyu" (gap=16000ms)
[w6:mn:pro] heartbeat words=25754 queue=117 rotation=16 idle=2s
[w6:mn:pro] Managed Turnstile token (len=816, 15925ms, reset)
[w6:mn:pro] [api] 200 mode=pro startsWith=methyu
[w6:mn:pro] [api] 200 mode=pro startsWith=methyu (518ms direct)
[w6:mn:pro] "methyu" → 0 records, 0 words
[w6:mn:pro] "methyu" branch complete
[w6:mn:pro] Saved 25,754 worker words; shared last.txt now 312,065
[w6:mn:pro] Searching "methyv" | queue=116 | words=25754
[w6:mn:pro] Site Turnstile remint timed out (26616ms)
[w6:mn:pro] heartbeat words=25754 queue=116 rotation=16 idle=18s
[w6:mn:pro] Managed Turnstile token (len=816, 18460ms, remount)
[w6:mn:pro] [api] 200 mode=pro startsWith=methyv
[w6:mn:pro] [api] 200 mode=pro startsWith=methyv (458ms direct)
[w6:mn:pro] "methyv" → 0 records, 0 words
[w6:mn:pro] "methyv" branch complete
[w6:mn:pro] Saved 25,754 worker words
[w6:mn:pro] Searching "methyw" | queue=115 | words=25754
[w6:mn:pro] Pacing 15s before "methyw" (gap=16000ms)
[w6:mn:pro] Managed Turnstile token (len=816, 14167ms, reset)
[w6:mn:pro] [api] 200 mode=pro startsWith=methyw
[w6:mn:pro] [api] 200 mode=pro startsWith=methyw (1196ms direct)
[w6:mn:pro] "methyw" → 0 records, 0 words
[w6:mn:pro] "methyw" branch complete
[w6:mn:pro] Saved 25,754 worker words
[w6:mn:pro] Searching "methyx" | queue=114 | words=25754
[w6:mn:pro] Pacing 13s before "methyx" (gap=16000ms)
[w6:mn:pro] Turnstile token present (len=816)
[w6:mn:pro] Site Turnstile token (22901ms)
[w6:mn:pro] [api] 200 mode=pro startsWith=methyx
[w6:mn:pro] [api] 200 mode=pro startsWith=methyx (470ms direct)
[w6:mn:pro] "methyx" → 0 records, 0 words
[w6:mn:pro] "methyx" branch complete
[w6:mn:pro] Saved 25,754 worker words
[w6:mn:pro] Searching "methyy" | queue=113 | words=25754
[w6:mn:pro] Pacing 16s before "methyy" (gap=16000ms)
[w6:mn:pro] heartbeat words=25754 queue=113 rotation=16 idle=18s
[w6:mn:pro] Site Turnstile remint timed out (24415ms)
[w6:mn:pro] Turnstile token present (len=816)
[w6:mn:pro] Site Turnstile token (20405ms)
[w6:mn:pro] [api] 200 mode=pro startsWith=methyy
[w6:mn:pro] [api] 200 mode=pro startsWith=methyy (549ms direct)
[w6:mn:pro] "methyy" → 0 records, 0 words
[w6:mn:pro] "methyy" branch complete
[w6:mn:pro] Saved 25,754 worker words
[w6:mn:pro] Searching "methyz" | queue=112 | words=25754
[w6:mn:pro] Pacing 16s before "methyz" (gap=16000ms)
[w6:mn:pro] Turnstile token present (len=816)
[w6:mn:pro] Site Turnstile token (19783ms)
[w6:mn:pro] [api] 200 mode=pro startsWith=methyz
[w6:mn:pro] [api] 200 mode=pro startsWith=methyz (518ms direct)
[w6:mn:pro] "methyz" → 0 records, 0 words
[w6:mn:pro] "methyz" branch complete
[w6:mn:pro] Saved 25,754 worker words
[w6:mn:pro] Searching "metrox" | queue=111 | words=25754
[w6:mn:pro] Pacing 15s before "metrox" (gap=16000ms)
[w6:mn:pro] Managed Turnstile token (len=816, 10690ms, remount)
[w6:mn:pro] heartbeat words=25754 queue=111 rotation=16 idle=1s
[w6:mn:pro] [api] 200 mode=pro startsWith=metrox
[w6:mn:pro] [api] 200 mode=pro startsWith=metrox (474ms direct)
[w6:mn:pro] "metrox" → 1 records, 1 words
[w6:mn:pro] "metrox" branch complete
[w6:mn:pro] Saved 25,754 worker words
[w6:mn:pro] Searching "metroy" | queue=110 | words=25754
[w6:mn:pro] Pacing 15s before "metroy" (gap=16000ms)
[w6:mn:pro] Turnstile token present (len=816)
[w6:mn:pro] Site Turnstile token (24758ms)
[w6:mn:pro] [api] 200 mode=pro startsWith=metroy
[w6:mn:pro] [api] 200 mode=pro startsWith=metroy (541ms direct)
[w6:mn:pro] "metroy" → 0 records, 0 words
[w6:mn:pro] "metroy" branch complete
[w6:mn:pro] Saved 25,754 worker words
[w6:mn:pro] Searching "metroz" | queue=109 | words=25754
[w6:mn:pro] Pacing 14s before "metroz" (gap=16000ms)
[w6:mn:pro] Turnstile token present (len=816)
[w6:mn:pro] Site Turnstile token (25023ms)
[w6:mn:pro] [api] 200 mode=pro startsWith=metroz
[w6:mn:pro] [api] 200 mode=pro startsWith=metroz (568ms direct)
[w6:mn:pro] "metroz" → 0 records, 0 words
[w6:mn:pro] "metroz" branch complete
[w6:mn:pro] heartbeat words=25754 queue=109 rotation=16 idle=4s
[w6:mn:pro] Saved 25,754 worker words; shared last.txt now 312,877
[w6:mn:pro] Searching "microb" | queue=108 | words=25754
[w6:mn:pro] Pacing 6s before "microb" (gap=16000ms)
[w6:mn:pro] Turnstile token present (len=816)
[w6:mn:pro] Site Turnstile token (26959ms)
[w6:mn:pro] [api] 200 mode=pro startsWith=microb
[w6:mn:pro] [api] 200 mode=pro startsWith=microb (869ms direct)
[w6:mn:pro] "microb" → 81 records, 81 words
[w6:mn:pro] "microb" branch complete
[w6:mn:pro] Saved 25,792 worker words
[w6:mn:pro] Searching "microc" | queue=107 | words=25792
[w6:mn:pro] Pacing 15s before "microc" (gap=16000ms)
[w6:mn:pro] Site Turnstile remint timed out (25040ms)
[w6:mn:pro] heartbeat words=25792 queue=107 rotation=16 idle=12s
[w6:mn:pro] Site Turnstile remint timed out (23800ms)
[w6:mn:pro] Turnstile token present (len=816)
[w6:mn:pro] Site Turnstile token (21351ms)
[w6:mn:pro] [api] 200 mode=pro startsWith=microc
[w6:mn:pro] [api] 200 mode=pro startsWith=microc (421ms direct)
[w6:mn:pro] "microc" → 100 records, 100 words
[w6:mn:pro] Pacing 16s before "microc" (gap=16000ms)
[w6:mn:pro] Managed Turnstile token (len=816, 5374ms, remount)
[w6:mn:pro] [api] 200 mode=pro startsWith=microc
[w6:mn:pro] [api] 200 mode=pro startsWith=microc sort=alphabetical:desc (476ms direct)
[w6:mn:pro] "microc" full page ends at "microcolorimeter" (next='o'); skip 26 covered groups → 2 children reverse Z→A ends at "microclimatologist" (lo='l' hi='y'); skip 12 middle + 81 new words
[w6:mn:pro] Saved 25,973 worker words
[w6:mn:pro] Searching "microd" | queue=108 | words=25973
[w6:mn:pro] Pacing 16s before "microd" (gap=16000ms)
[w6:mn:pro] Managed Turnstile token (len=816, 3357ms, reset)
[w6:mn:pro] heartbeat words=25973 queue=108 rotation=16 idle=7s
[w6:mn:pro] [api] 200 mode=pro startsWith=microd
[w6:mn:pro] [api] 200 mode=pro startsWith=microd (390ms direct)
[w6:mn:pro] "microd" → 43 records, 43 words
[w6:mn:pro] "microd" branch complete
[w6:mn:pro] Saved 26,016 worker words
[w6:mn:pro] Searching "microe" | queue=107 | words=26016
[w6:mn:pro] Pacing 16s before "microe" (gap=16000ms)
[w6:mn:pro] Managed Turnstile token (len=816, 3933ms, reset)
[w6:mn:pro] [api] 200 mode=pro startsWith=microe
[w6:mn:pro] [api] 200 mode=pro startsWith=microe (560ms direct)
[w6:mn:pro] "microe" → 36 records, 36 words
[w6:mn:pro] "microe" branch complete
[w6:mn:pro] Saved 26,052 worker words
[w6:mn:pro] Searching "microf" | queue=106 | words=26052
[w6:mn:pro] Pacing 14s before "microf" (gap=16000ms)
[w6:mn:pro] Managed Turnstile token (len=816, 14690ms, reset)
[w6:mn:pro] [api] 200 mode=pro startsWith=microf
[w6:mn:pro] [api] 200 mode=pro startsWith=microf (457ms direct)
[w6:mn:pro] "microf" → 54 records, 54 words
[w6:mn:pro] "microf" branch complete
[w6:mn:pro] Saved 26,106 worker words
[w6:mn:pro] Searching "microg" | queue=105 | words=26106
[w6:mn:pro] Pacing 16s before "microg" (gap=16000ms)
[w6:mn:pro] Managed Turnstile token (len=816, 11319ms, reset)
[w6:mn:pro] [api] 200 mode=pro startsWith=microg
[w6:mn:pro] [api] 200 mode=pro startsWith=microg (480ms direct)
[w6:mn:pro] "microg" → 70 records, 70 words
[w6:mn:pro] "microg" branch complete
[w6:mn:pro] Saved 26,176 worker words
[w6:mn:pro] Searching "microh" | queue=104 | words=26176
[w6:mn:pro] Pacing 15s before "microh" (gap=16000ms)
[w6:mn:pro] heartbeat words=26176 queue=104 rotation=16 idle=4s
[w6:mn:pro] Managed Turnstile token (len=816, 14834ms, reset)
[w6:mn:pro] [api] 200 mode=pro startsWith=microh
[w6:mn:pro] [api] 200 mode=pro startsWith=microh (716ms direct)
[w6:mn:pro] "microh" → 22 records, 22 words
[w6:mn:pro] "microh" branch complete
[w6:mn:pro] Saved 26,198 worker words
[w6:mn:pro] Searching "microi" | queue=103 | words=26198
[w6:mn:pro] Pacing 15s before "microi" (gap=16000ms)
[w6:mn:pro] Turnstile mint hard timeout after 28000ms
[w6:mn:pro] Site Turnstile remint timed out (33349ms)
[w6:mn:pro] Managed Turnstile token (len=816, 17426ms, remount)
[w6:mn:pro] [api] 200 mode=pro startsWith=microi
[w6:mn:pro] heartbeat words=26198 queue=103 rotation=16 idle=1s
[w6:mn:pro] [api] 200 mode=pro startsWith=microi (608ms direct)
[w6:mn:pro] "microi" → 18 records, 18 words
[w6:mn:pro] "microi" branch complete
[w6:mn:pro] Saved 26,216 worker words; shared last.txt now 314,398
[w6:mn:pro] Searching "microj" | queue=102 | words=26216
[w6:mn:pro] Turnstile mint hard timeout after 28000ms
[w6:mn:pro] Turnstile mint hard timeout after 28000ms
[w6:mn:pro] heartbeat words=26216 queue=102 rotation=16 idle=4s
[w6:mn:pro] Site Turnstile remint timed out (32392ms)
[w6:mn:pro] Managed Turnstile token (len=816, 9737ms, remount)
[w6:mn:pro] [api] 200 mode=pro startsWith=microj
[w6:mn:pro] [api] 200 mode=pro startsWith=microj (440ms direct)
[w6:mn:pro] "microj" → 5 records, 5 words
[w6:mn:pro] "microj" branch complete
[w6:mn:pro] Saved 26,221 worker words
[w6:mn:pro] Searching "microk" | queue=101 | words=26221
[w6:mn:pro] Pacing 16s before "microk" (gap=16000ms)
[w6:mn:pro] Managed Turnstile token (len=816, 7157ms, reset)
[w6:mn:pro] [api] 200 mode=pro startsWith=microk
[w6:mn:pro] [api] 200 mode=pro startsWith=microk (521ms direct)
[w6:mn:pro] "microk" → 0 records, 0 words
[w6:mn:pro] "microk" branch complete
[w6:mn:pro] Saved 26,221 worker words
[w6:mn:pro] Searching "microl" | queue=100 | words=26221
[w6:mn:pro] Pacing 16s before "microl" (gap=16000ms)
[w6:mn:pro] Turnstile token present (len=816)
[w6:mn:pro] Site Turnstile token (20660ms)
[w6:mn:pro] [api] 200 mode=pro startsWith=microl
[w6:mn:pro] [api] 200 mode=pro startsWith=microl (864ms direct)
[w6:mn:pro] "microl" → 39 records, 39 words
[w6:mn:pro] "microl" branch complete
[w6:mn:pro] Saved 26,260 worker words
[w6:mn:pro] Searching "microm" | queue=99 | words=26260
[w6:mn:pro] Pacing 15s before "microm" (gap=16000ms)
[w6:mn:pro] heartbeat words=26260 queue=99 rotation=16 idle=15s
[w6:mn:pro] Turnstile mint hard timeout after 28000ms
[w6:mn:pro] Site Turnstile remint timed out (27064ms)
[w6:mn:pro] Managed Turnstile token (len=816, 13244ms, remount)
[w6:mn:pro] [api] 200 mode=pro startsWith=microm
[w6:mn:pro] [api] 200 mode=pro startsWith=microm (447ms direct)
[w6:mn:pro] "microm" → 100 records, 100 words
[w6:mn:pro] Pacing 16s before "microm" (gap=16000ms)
[w6:mn:pro] heartbeat words=26360 queue=99 rotation=16 idle=7s
[w6:mn:pro] Site Turnstile remint timed out (23928ms)
[w6:mn:pro] Turnstile mint hard timeout after 28000ms
[w6:mn:pro] heartbeat words=26360 queue=99 rotation=16 idle=15s
[w6:mn:pro] Site Turnstile remint timed out (44741ms)
[w6:mn:pro] Turnstile mint hard timeout after 28000ms
[w6:mn:pro] Site Turnstile remint timed out (24685ms)
[w6:mn:pro] "microm" reverse search failed (No Turnstile token for direct search); forward-only
[w6:mn:pro] "microm" full page ends at "micromotoscope" (next='o'); skip 16 covered groups → 12 children from micromo..
[w6:mn:pro] Saved 26,360 worker words
[w6:mn:pro] Searching "micron" | queue=110 | words=26360
[w6:mn:pro] heartbeat words=26360 queue=110 rotation=16 idle=19s
[w6:mn:pro] Site Turnstile remint timed out (23965ms)
[w6:mn:pro] Turnstile token present (len=837)
[w6:mn:pro] Site Turnstile token (19915ms)
[w6:mn:pro] [api] 200 mode=pro startsWith=micron
[w6:mn:pro] [api] 200 mode=pro startsWith=micron (557ms direct)
[w6:mn:pro] "micron" → 31 records, 31 words (incl. exact "micron")
[w6:mn:pro] "micron" branch complete
[w6:mn:pro] Saved 26,391 worker words
[w6:mn:pro] Searching "microo" | queue=109 | words=26391
[w6:mn:pro] Pacing 16s before "microo" (gap=16000ms)
[w6:mn:pro] Managed Turnstile token (len=816, 10305ms, remount)
[w6:mn:pro] [api] 200 mode=pro startsWith=microo
[w6:mn:pro] [api] 200 mode=pro startsWith=microo (641ms direct)
[w6:mn:pro] "microo" → 6 records, 6 words
[w6:mn:pro] "microo" branch complete
[w6:mn:pro] Saved 26,397 worker words
[w6:mn:pro] Searching "microp" | queue=108 | words=26397
[w6:mn:pro] Pacing 10s before "microp" (gap=16000ms)
[w6:mn:pro] heartbeat words=26397 queue=108 rotation=16 idle=13s
[w6:mn:pro] Turnstile mint hard timeout after 28000ms
[w6:mn:pro] Site Turnstile remint timed out (34186ms)
[w6:mn:pro] Turnstile mint hard timeout after 28000ms
[w6:mn:pro] Site Turnstile remint timed out (32439ms)
[w6:mn:pro] heartbeat words=26397 queue=108 rotation=16 idle=16s
[w6:mn:pro] Site Turnstile remint timed out (26754ms)
[w6:mn:pro] Site Turnstile remint timed out (25103ms)
[w6:mn:pro] Failed "microp" attempt 1: No Turnstile token for direct search
[w6:mn:pro] Saved 26,397 worker words
[w6:mn:pro] Turnstile miss — soft reload before rotate
[w6:mn:pro] Site Turnstile remint timed out (237638ms)
[w6:mn:pro] Site Turnstile remint timed out (358890ms)
[w6:mn:pro] Site Turnstile remint timed out (463450ms)
[w6:mn:pro] Site Turnstile remint timed out (13858ms)
[w6:mn:pro] Soft reload mint failed — rotating immediately
[w6:mn:pro] Tor exited code=0
[w6:mn:pro] Starting Tor gen=18 socks=127.0.0.1:19056 (try 1)
[w6:mn:pro] tor: Aug 05 12:22:31.617 [warn] Fixing permissions on directory /tmp/lll-tor-w6
[w6:mn:pro] tor: Aug 05 12:22:31.000 [notice] Bootstrapped 0% (starting): Starting
[w6:mn:pro] tor: Aug 05 12:22:32.000 [notice] Bootstrapped 5% (conn): Connecting to a relay
[w6:mn:pro] tor: Aug 05 12:22:32.000 [notice] Bootstrapped 10% (conn_done): Connected to a relay
[w6:mn:pro] tor: Aug 05 12:22:33.000 [notice] Bootstrapped 14% (handshake): Handshaking with a relay
[w6:mn:pro] tor: Aug 05 12:22:33.000 [notice] Bootstrapped 15% (handshake_done): Handshake with a relay done
Aug 05 12:22:33.000 [notice] Bootstrapped 20% (onehop_create): Estab
[w6:mn:pro] tor: Aug 05 12:22:34.000 [notice] Bootstrapped 25% (requesting_status): Asking for networkstatus consensus
[w6:mn:pro] tor: Aug 05 12:22:34.000 [notice] Bootstrapped 30% (loading_status): Loading networkstatus consensus
[w6:mn:pro] heartbeat words=26397 queue=109 rotation=17 idle=1s
[w6:mn:pro] tor: Aug 05 12:22:37.000 [notice] Bootstrapped 40% (loading_keys): Loading authority key certs
[w6:mn:pro] tor: Aug 05 12:22:38.000 [notice] Bootstrapped 45% (requesting_descriptors): Asking for relay descriptors
Aug 05 12:22:38.000 [notice] I learned some more directory 
[w6:mn:pro] tor: Aug 05 12:22:39.000 [notice] Bootstrapped 50% (loading_descriptors): Loading relay descriptors
[w6:mn:pro] tor: Aug 05 12:22:48.000 [notice] Bootstrapped 55% (loading_descriptors): Loading relay descriptors
[w6:mn:pro] tor: Aug 05 12:22:48.000 [notice] Bootstrapped 61% (loading_descriptors): Loading relay descriptors
[w6:mn:pro] tor: Aug 05 12:22:48.000 [notice] Bootstrapped 67% (loading_descriptors): Loading relay descriptors
[w6:mn:pro] tor: Aug 05 12:22:49.000 [notice] Bootstrapped 75% (enough_dirinfo): Loaded enough directory info to build circuits
[w6:mn:pro] tor: Aug 05 12:22:49.000 [notice] Bootstrapped 90% (ap_handshake_done): Handshake finished with a relay to build circuits
Aug 05 12:22:49.000 [notice] Bootstrapped 9
[w6:mn:pro] tor: Aug 05 12:22:50.000 [notice] Bootstrapped 100% (done): Done
[w6:mn:pro] Tor ready on 19056 exit=185.125.169.75
[w6:mn:pro] Rotating IP (#17, try 1) after No Turnstile token for direct search → tor#18 socks5://127.0.0.1:19056
[w6:mn:pro] Launching persistent Chrome profile /tmp/lll-pw-w6-r17
[w6:mn:pro] Proxy tor#18 socks5://127.0.0.1:19056
[w6:mn:pro] Opening https://lastletterlibrary.com
[w6:mn:pro] Library mode=pro
[w6:mn:pro] Site Turnstile remint timed out (22530ms)
[w6:mn:pro] Search mode=direct (skip UI Wait Ns… gate)
[w6:mn:pro] Cleaned 1 old rotated profile(s)
[w6:mn:pro] Browser exit IP=185.125.169.75 (unique)
[w6:mn:pro] Searching "microp" | queue=108 | words=26397
[w6:mn:pro] heartbeat words=26397 queue=108 rotation=17 idle=7s
[w6:mn:pro] Site Turnstile remint timed out (22982ms)
[w6:mn:pro] Site Turnstile remint timed out (23326ms)
[w6:mn:pro] Site Turnstile remint timed out (23190ms)
[w6:mn:pro] heartbeat words=26397 queue=108 rotation=17 idle=1s
[w6:mn:pro] Site Turnstile remint timed out (24135ms)
[w6:mn:pro] Failed "microp" attempt 1: No Turnstile token for direct search
[w6:mn:pro] Saved 26,397 worker words; shared last.txt now 316,971
[w6:mn:pro] Turnstile miss — soft reload before rotate
[w6:mn:pro] Site Turnstile remint timed out (12970ms)
[w6:mn:pro] Soft reload mint failed — rotating immediately
[w6:mn:pro] Tor exited code=null
[w6:mn:pro] Starting Tor gen=19 socks=127.0.0.1:19056 (try 1)
[w6:mn:pro] tor: Aug 05 12:25:35.059 [warn] Fixing permissions on directory /tmp/lll-tor-w6
[w6:mn:pro] heartbeat words=26397 queue=109 rotation=18 idle=1s
[w6:mn:pro] tor: Aug 05 12:25:38.000 [notice] Bootstrapped 0% (starting): Starting
Aug 05 12:25:38.000 [notice] Starting with guard context "default"
[w6:mn:pro] tor: Aug 05 12:25:39.000 [notice] Bootstrapped 5% (conn): Connecting to a relay
[w6:mn:pro] tor: Aug 05 12:25:39.000 [notice] Bootstrapped 10% (conn_done): Connected to a relay
[w6:mn:pro] tor: Aug 05 12:25:42.000 [notice] Bootstrapped 14% (handshake): Handshaking with a relay
[w6:mn:pro] tor: Aug 05 12:25:42.000 [notice] Bootstrapped 15% (handshake_done): Handshake with a relay done
[w6:mn:pro] tor: Aug 05 12:25:42.000 [notice] Bootstrapped 20% (onehop_create): Establishing an encrypted directory connection
[w6:mn:pro] tor: Aug 05 12:25:42.000 [notice] Bootstrapped 25% (requesting_status): Asking for networkstatus consensus
[w6:mn:pro] tor: Aug 05 12:25:43.000 [notice] Bootstrapped 30% (loading_status): Loading networkstatus consensus
[w6:mn:pro] tor: Aug 05 12:25:51.000 [notice] Bootstrapped 40% (loading_keys): Loading authority key certs
[w6:mn:pro] tor: Aug 05 12:25:52.000 [notice] Bootstrapped 45% (requesting_descriptors): Asking for relay descriptors
Aug 05 12:25:52.000 [notice] I learned some more directory 
[w6:mn:pro] tor: Aug 05 12:25:54.000 [notice] Bootstrapped 50% (loading_descriptors): Loading relay descriptors
[w6:mn:pro] tor: Aug 05 12:26:01.000 [notice] Bootstrapped 55% (loading_descriptors): Loading relay descriptors
[w6:mn:pro] tor: Aug 05 12:26:02.000 [notice] Bootstrapped 61% (loading_descriptors): Loading relay descriptors
[w6:mn:pro] tor: Aug 05 12:26:02.000 [notice] Bootstrapped 67% (loading_descriptors): Loading relay descriptors
[w6:mn:pro] tor: Aug 05 12:26:02.000 [notice] Bootstrapped 75% (enough_dirinfo): Loaded enough directory info to build circuits
[w6:mn:pro] tor: Aug 05 12:26:02.000 [notice] Bootstrapped 90% (ap_handshake_done): Handshake finished with a relay to build circuits
Aug 05 12:26:02.000 [notice] Bootstrapped 9
[w6:mn:pro] tor: Aug 05 12:26:03.000 [notice] Bootstrapped 100% (done): Done
[w6:mn:pro] Tor ready on 19056 exit=107.189.5.121
[w6:mn:pro] Rotating IP (#18, try 1) after No Turnstile token for direct search → tor#19 socks5://127.0.0.1:19056
[w6:mn:pro] Launching persistent Chrome profile /tmp/lll-pw-w6-r18
[w6:mn:pro] Proxy tor#19 socks5://127.0.0.1:19056
[w6:mn:pro] Opening https://lastletterlibrary.com
[w6:mn:pro] Library mode=pro
[w6:mn:pro] Turnstile token present (len=816)
[w6:mn:pro] Site Turnstile token (19587ms)
[w6:mn:pro] Search mode=direct (skip UI Wait Ns… gate)
[w6:mn:pro] Cleaned 1 old rotated profile(s)
[w6:mn:pro] Browser exit IP=107.189.5.121 (unique)
[w6:mn:pro] Searching "microp" | queue=108 | words=26397
[w6:mn:pro] [api] 200 mode=pro startsWith=microp
[w6:mn:pro] [api] 200 mode=pro startsWith=microp (642ms direct)
[w6:mn:pro] "microp" → 100 records, 100 words
[w6:mn:pro] Pacing 16s before "microp" (gap=16000ms)
[w6:mn:pro] heartbeat words=26497 queue=108 rotation=18 idle=2s
[w6:mn:pro] Site Turnstile remint timed out (22309ms)
[w6:mn:pro] Site Turnstile remint timed out (22973ms)
[w6:mn:pro] heartbeat words=26497 queue=108 rotation=18 idle=16s
[w6:mn:pro] Site Turnstile remint timed out (22968ms)
[w6:mn:pro] Site Turnstile remint timed out (22800ms)
[w6:mn:pro] Turnstile mint hard timeout after 28000ms
[w6:mn:pro] "microp" reverse search failed (No Turnstile token for direct search); forward-only
[w6:mn:pro] "microp" full page ends at "microplanktons" (next='l'); skip 13 covered groups → 15 children from micropl..
[w6:mn:pro] Site Turnstile remint timed out (28612ms)
[w6:mn:pro] Saved 26,497 worker words
[w6:mn:pro] Searching "microq" | queue=122 | words=26497
[w6:mn:pro] heartbeat words=26497 queue=122 rotation=18 idle=2s
[w6:mn:pro] Site Turnstile remint timed out (23295ms)
[w6:mn:pro] Turnstile mint hard timeout after 28000ms
[w6:mn:pro] Site Turnstile remint timed out (31187ms)
[w6:mn:pro] heartbeat words=26497 queue=122 rotation=18 idle=7s
[w6:mn:pro] Site Turnstile remint timed out (25432ms)
[w6:mn:pro] Turnstile token present (len=837)
[w6:mn:pro] Site Turnstile token (20306ms)
[w6:mn:pro] [api] 200 mode=pro startsWith=microq
[w6:mn:pro] [api] 200 mode=pro startsWith=microq (437ms direct)
[w6:mn:pro] "microq" → 2 records, 2 words
[w6:mn:pro] "microq" branch complete
[w6:mn:pro] Saved 26,499 worker words
[w6:mn:pro] Searching "micror" | queue=121 | words=26499
[w6:mn:pro] Pacing 16s before "micror" (gap=16000ms)
[w6:mn:pro] Turnstile token present (len=837)
[w6:mn:pro] Site Turnstile token (19588ms)
[w6:mn:pro] [api] 200 mode=pro startsWith=micror
[w6:mn:pro] [api] 200 mode=pro startsWith=micror (527ms direct)
[w6:mn:pro] "micror" → 23 records, 23 words
[w6:mn:pro] "micror" branch complete
[w6:mn:pro] Saved 26,522 worker words
[w6:mn:pro] Searching "micros" | queue=120 | words=26522
[w6:mn:pro] Pacing 16s before "micros" (gap=16000ms)
[w6:mn:pro] heartbeat words=26522 queue=120 rotation=18 idle=4s
[w6:mn:pro] Site Turnstile remint timed out (22358ms)
[w6:mn:pro] Turnstile token present (len=837)
[w6:mn:pro] Site Turnstile token (20885ms)
[w6:mn:pro] [api] 200 mode=pro startsWith=micros
[w6:mn:pro] [api] 200 mode=pro startsWith=micros (476ms direct)
[w6:mn:pro] "micros" → 100 records, 100 words (incl. exact "micros")
[w6:mn:pro] Pacing 16s before "micros" (gap=16000ms)
[w6:mn:pro] heartbeat words=26622 queue=120 rotation=18 idle=20s
[w6:mn:pro] Site Turnstile remint timed out (22985ms)
[w6:mn:pro] Site Turnstile remint timed out (22896ms)
[w6:mn:pro] Site Turnstile remint timed out (25107ms)
[w6:mn:pro] heartbeat words=26622 queue=120 rotation=18 idle=9s
[w6:mn:pro] Site Turnstile remint timed out (23994ms)
[w6:mn:pro] Site Turnstile remint timed out (23414ms)
[w6:mn:pro] "micros" reverse search failed (No Turnstile token for direct search); forward-only
[w6:mn:pro] "micros" full page ends at "microsporangiate" (next='p'); skip 17 covered groups → 11 children from microsp..
[w6:mn:pro] Saved 26,622 worker words
[w6:mn:pro] Searching "microt" | queue=130 | words=26622
[w6:mn:pro] heartbeat words=26622 queue=130 rotation=18 idle=21s
[w6:mn:pro] Site Turnstile remint timed out (23275ms)
[w6:mn:pro] Site Turnstile remint timed out (23043ms)
[w6:mn:pro] Site Turnstile remint timed out (27282ms)
[w6:mn:pro] heartbeat words=26622 queue=130 rotation=18 idle=8s
[w6:mn:pro] Site Turnstile remint timed out (23722ms)
[w6:mn:pro] Failed "microt" attempt 1: No Turnstile token for direct search
[w6:mn:pro] Saved 26,622 worker words
[w6:mn:pro] Turnstile miss — soft reload before rotate
[w6:mn:pro] Site Turnstile remint timed out (12174ms)
[w6:mn:pro] Soft reload mint failed — rotating immediately
[w6:mn:pro] Tor exited code=0
[w6:mn:pro] Starting Tor gen=20 socks=127.0.0.1:19056 (try 1)
[w6:mn:pro] tor: Aug 05 12:35:15.397 [warn] Fixing permissions on directory /tmp/lll-tor-w6
[w6:mn:pro] tor: Aug 05 12:35:15.000 [notice] Bootstrapped 0% (starting): Starting
Aug 05 12:35:15.000 [notice] Starting with guard context "default"
[w6:mn:pro] tor: Aug 05 12:35:16.000 [notice] Bootstrapped 5% (conn): Connecting to a relay
[w6:mn:pro] tor: Aug 05 12:35:16.000 [notice] Bootstrapped 10% (conn_done): Connected to a relay
[w6:mn:pro] tor: Aug 05 12:35:17.000 [notice] Bootstrapped 14% (handshake): Handshaking with a relay
[w6:mn:pro] heartbeat words=26622 queue=131 rotation=19 idle=19s
[w6:mn:pro] tor: Aug 05 12:36:18.000 [notice] Bootstrapped 15% (handshake_done): Handshake with a relay done
Aug 05 12:36:18.000 [notice] Bootstrapped 20% (onehop_create): Estab
[w6:mn:pro] tor: Aug 05 12:36:18.000 [notice] Bootstrapped 25% (requesting_status): Asking for networkstatus consensus
[w6:mn:pro] tor: Aug 05 12:36:18.000 [notice] Bootstrapped 30% (loading_status): Loading networkstatus consensus
[w6:mn:pro] tor: Aug 05 12:36:21.000 [notice] Bootstrapped 40% (loading_keys): Loading authority key certs
[w6:mn:pro] tor: Aug 05 12:36:21.000 [notice] Bootstrapped 45% (requesting_descriptors): Asking for relay descriptors
Aug 05 12:36:21.000 [notice] I learned some more directory 
[w6:mn:pro] tor: Aug 05 12:36:22.000 [notice] Bootstrapped 50% (loading_descriptors): Loading relay descriptors
[w6:mn:pro] tor: Aug 05 12:36:30.000 [notice] Bootstrapped 55% (loading_descriptors): Loading relay descriptors
[w6:mn:pro] tor: Aug 05 12:36:31.000 [notice] Bootstrapped 61% (loading_descriptors): Loading relay descriptors
[w6:mn:pro] tor: Aug 05 12:36:31.000 [notice] Bootstrapped 67% (loading_descriptors): Loading relay descriptors
[w6:mn:pro] tor: Aug 05 12:36:31.000 [notice] Bootstrapped 75% (enough_dirinfo): Loaded enough directory info to build circuits
[w6:mn:pro] tor: Aug 05 12:36:31.000 [notice] Bootstrapped 90% (ap_handshake_done): Handshake finished with a relay to build circuits
Aug 05 12:36:31.000 [notice] Bootstrapped 9
[w6:mn:pro] tor: Aug 05 12:36:32.000 [notice] Bootstrapped 100% (done): Done
[w6:mn:pro] Tor ready on 19056 exit=192.42.116.96
[w6:mn:pro] Rotating IP (#19, try 1) after No Turnstile token for direct search → tor#20 socks5://127.0.0.1:19056
[w6:mn:pro] Launching persistent Chrome profile /tmp/lll-pw-w6-r19
[w6:mn:pro] Proxy tor#20 socks5://127.0.0.1:19056
[w6:mn:pro] Opening https://lastletterlibrary.com
[w6:mn:pro] heartbeat words=26622 queue=131 rotation=19 idle=1s
[w6:mn:pro] Library mode=pro
[w6:mn:pro] Managed Turnstile token (len=816, 13013ms, remount)
[w6:mn:pro] Search mode=direct (skip UI Wait Ns… gate)
[w6:mn:pro] Cleaned 1 old rotated profile(s)
[w6:mn:pro] Browser exit IP=192.42.116.68 (unique)
[w6:mn:pro] Searching "microt" | queue=130 | words=26622
[w6:mn:pro] [api] 200 mode=pro startsWith=microt
[w6:mn:pro] [api] 200 mode=pro startsWith=microt (654ms direct)
[w6:mn:pro] "microt" → 54 records, 54 words
[w6:mn:pro] "microt" branch complete
[w6:mn:pro] Saved 26,622 worker words
[w6:mn:pro] Searching "microz" | queue=129 | words=26622
[w6:mn:pro] Pacing 15s before "microz" (gap=16000ms)
[w6:mn:pro] Site Turnstile remint timed out (23974ms)
[w6:mn:pro] Managed Turnstile token (len=816, 11461ms, remount)
[w6:mn:pro] [api] 200 mode=pro startsWith=microz
[w6:mn:pro] [api] 200 mode=pro startsWith=microz (420ms direct)
[w6:mn:pro] "microz" → 15 records, 15 words
[w6:mn:pro] "microz" branch complete
[w6:mn:pro] Saved 26,622 worker words
[w6:mn:pro] Searching "millio" | queue=128 | words=26622
[w6:mn:pro] heartbeat words=26622 queue=128 rotation=19 idle=0s
[w6:mn:pro] Pacing 15s before "millio" (gap=16000ms)
[w6:mn:pro] Managed Turnstile token (len=816, 12551ms, reset)
[w6:mn:pro] [api] 200 mode=pro startsWith=millio
[w6:mn:pro] [api] 200 mode=pro startsWith=millio (446ms direct)
[w6:mn:pro] "millio" → 30 records, 30 words
[w6:mn:pro] "millio" branch complete
[w6:mn:pro] Saved 26,622 worker words; shared last.txt now 319,090
[w6:mn:pro] Searching "millip" | queue=127 | words=26622
[w6:mn:pro] Pacing 13s before "millip" (gap=16000ms)
[w6:mn:pro] Managed Turnstile token (len=816, 13575ms, reset)
[w6:mn:pro] [api] 200 mode=pro startsWith=millip
[w6:mn:pro] [api] 200 mode=pro startsWith=millip (403ms direct)
[w6:mn:pro] "millip" → 8 records, 8 words
[w6:mn:pro] "millip" branch complete
[w6:mn:pro] Saved 26,622 worker words
[w6:mn:pro] Searching "milliq" | queue=126 | words=26622
[w6:mn:pro] Pacing 16s before "milliq" (gap=16000ms)
[w6:mn:pro] Managed Turnstile token (len=816, 10740ms, reset)
[w6:mn:pro] [api] 200 mode=pro startsWith=milliq
[w6:mn:pro] [api] 200 mode=pro startsWith=milliq (753ms direct)
[w6:mn:pro] "milliq" → 0 records, 0 words
[w6:mn:pro] "milliq" branch complete
[w6:mn:pro] Saved 26,622 worker words
[w6:mn:pro] Searching "millir" | queue=125 | words=26622
[w6:mn:pro] Pacing 15s before "millir" (gap=16000ms)
[w6:mn:pro] Managed Turnstile token (len=816, 10803ms, reset)
[w6:mn:pro] heartbeat words=26622 queue=125 rotation=19 idle=1s
[w6:mn:pro] [api] 200 mode=pro startsWith=millir
[w6:mn:pro] [api] 200 mode=pro startsWith=millir (423ms direct)
[w6:mn:pro] "millir" → 6 records, 6 words
[w6:mn:pro] "millir" branch complete
[w6:mn:pro] Saved 26,622 worker words
[w6:mn:pro] Searching "millis" | queue=124 | words=26622
[w6:mn:pro] Pacing 15s before "millis" (gap=16000ms)
[w6:mn:pro] Site Turnstile remint timed out (27816ms)
[w6:mn:pro] Site Turnstile remint timed out (23345ms)
[w6:mn:pro] heartbeat words=26622 queue=124 rotation=19 idle=5s
[w6:mn:pro] Turnstile token present (len=816)
[w6:mn:pro] Site Turnstile token (20844ms)
[w6:mn:pro] [api] 200 mode=pro startsWith=millis
[w6:mn:pro] [api] 200 mode=pro startsWith=millis (460ms direct)
[w6:mn:pro] "millis" → 9 records, 9 words
[w6:mn:pro] "millis" branch complete
[w6:mn:pro] Saved 26,622 worker words
[w6:mn:pro] Searching "millit" | queue=123 | words=26622
[w6:mn:pro] Pacing 15s before "millit" (gap=16000ms)
[w6:mn:pro] Turnstile token present (len=816)
[w6:mn:pro] Site Turnstile token (26584ms)
[w6:mn:pro] [api] 200 mode=pro startsWith=millit
[w6:mn:pro] [api] 200 mode=pro startsWith=millit (513ms direct)
[w6:mn:pro] "millit" → 2 records, 2 words
[w6:mn:pro] "millit" branch complete
[w6:mn:pro] Saved 26,622 worker words
[w6:mn:pro] Searching "milliu" | queue=122 | words=26622
[w6:mn:pro] Pacing 14s before "milliu" (gap=16000ms)
[w6:mn:pro] heartbeat words=26622 queue=122 rotation=19 idle=15s
[w6:mn:pro] Turnstile token present (len=816)
[w6:mn:pro] Site Turnstile token (23518ms)
[w6:mn:pro] [api] 200 mode=pro startsWith=milliu
[w6:mn:pro] [api] 200 mode=pro startsWith=milliu (450ms direct)
[w6:mn:pro] "milliu" → 0 records, 0 words
[w6:mn:pro] "milliu" branch complete
[w6:mn:pro] Saved 26,622 worker words
[w6:mn:pro] Searching "milliv" | queue=121 | words=26622
[w6:mn:pro] Pacing 14s before "milliv" (gap=16000ms)
[w6:mn:pro] Managed Turnstile token (len=816, 14933ms, remount)
[w6:mn:pro] [api] 200 mode=pro startsWith=milliv
[w6:mn:pro] [api] 200 mode=pro startsWith=milliv (435ms direct)
[w6:mn:pro] "milliv" → 3 records, 3 words
[w6:mn:pro] "milliv" branch complete
[w6:mn:pro] Saved 26,622 worker words
[w6:mn:pro] Searching "milliw" | queue=120 | words=26622
[w6:mn:pro] Pacing 16s before "milliw" (gap=16000ms)
[w6:mn:pro] Managed Turnstile token (len=816, 12489ms, reset)
[w6:mn:pro] [api] 200 mode=pro startsWith=milliw
[w6:mn:pro] [api] 200 mode=pro startsWith=milliw (425ms direct)
[w6:mn:pro] "milliw" → 3 records, 3 words
[w6:mn:pro] "milliw" branch complete
[w6:mn:pro] Saved 26,622 worker words; shared last.txt now 319,450
[w6:mn:pro] Searching "millix" | queue=119 | words=26622
[w6:mn:pro] Pacing 15s before "millix" (gap=16000ms)
[w6:mn:pro] Managed Turnstile token (len=816, 7767ms, reset)
[w6:mn:pro] [api] 200 mode=pro startsWith=millix
[w6:mn:pro] [api] 200 mode=pro startsWith=millix (840ms direct)
[w6:mn:pro] "millix" → 0 records, 0 words
[w6:mn:pro] "millix" branch complete
[w6:mn:pro] Saved 26,622 worker words
[w6:mn:pro] Searching "milliy" | queue=118 | words=26622
[w6:mn:pro] Pacing 16s before "milliy" (gap=16000ms)
[w6:mn:pro] heartbeat words=26622 queue=118 rotation=19 idle=3s
[w6:mn:pro] Managed Turnstile token (len=816, 6949ms, reset)
[w6:mn:pro] [api] 200 mode=pro startsWith=milliy
[w6:mn:pro] [api] 200 mode=pro startsWith=milliy (413ms direct)
[w6:mn:pro] "milliy" → 0 records, 0 words
[w6:mn:pro] "milliy" branch complete
[w6:mn:pro] Saved 26,622 worker words
[w6:mn:pro] Searching "milliz" | queue=117 | words=26622
[w6:mn:pro] Pacing 15s before "milliz" (gap=16000ms)
[w6:mn:pro] Managed Turnstile token (len=816, 14093ms, reset)
[w6:mn:pro] [api] 200 mode=pro startsWith=milliz
[w6:mn:pro] [api] 200 mode=pro startsWith=milliz (417ms direct)
[w6:mn:pro] "milliz" → 0 records, 0 words
[w6:mn:pro] "milliz" branch complete
[w6:mn:pro] Saved 26,622 worker words
[w6:mn:pro] Searching "miscon" | queue=116 | words=26622
[w6:mn:pro] Pacing 16s before "miscon" (gap=16000ms)
[w6:mn:pro] Managed Turnstile token (len=816, 10719ms, reset)
[w6:mn:pro] [api] 200 mode=pro startsWith=miscon
[w6:mn:pro] [api] 200 mode=pro startsWith=miscon (411ms direct)
[w6:mn:pro] "miscon" → 68 records, 68 words
[w6:mn:pro] "miscon" branch complete
[w6:mn:pro] Saved 26,622 worker words
[w6:mn:pro] Searching "miscoo" | queue=115 | words=26622
[w6:mn:pro] Pacing 16s before "miscoo" (gap=16000ms)
[w6:mn:pro] heartbeat words=26622 queue=115 rotation=19 idle=15s
[w6:mn:pro] Site Turnstile remint timed out (24229ms)
[w6:mn:pro] Turnstile token present (len=816)
[w6:mn:pro] Site Turnstile token (23089ms)
[w6:mn:pro] [api] 200 mode=pro startsWith=miscoo
[w6:mn:pro] [api] 200 mode=pro startsWith=miscoo (531ms direct)
[w6:mn:pro] "miscoo" → 5 records, 5 words
[w6:mn:pro] "miscoo" branch complete
[w6:mn:pro] Saved 26,622 worker words
[w6:mn:pro] Searching "miscop" | queue=114 | words=26622
[w6:mn:pro] Pacing 16s before "miscop" (gap=16000ms)
[w6:mn:pro] Turnstile token present (len=816)
[w6:mn:pro] Site Turnstile token (20302ms)
[w6:mn:pro] [api] 200 mode=pro startsWith=miscop
[w6:mn:pro] [api] 200 mode=pro startsWith=miscop (438ms direct)
[w6:mn:pro] "miscop" → 4 records, 4 words
[w6:mn:pro] "miscop" branch complete
[w6:mn:pro] Saved 26,622 worker words
[w6:mn:pro] Searching "miscoq" | queue=113 | words=26622
[w6:mn:pro] Pacing 16s before "miscoq" (gap=16000ms)
[w6:mn:pro] heartbeat words=26622 queue=113 rotation=19 idle=6s
[w6:mn:pro] Turnstile token present (len=816)
[w6:mn:pro] Site Turnstile token (24878ms)
[w6:mn:pro] [api] 200 mode=pro startsWith=miscoq
[w6:mn:pro] [api] 200 mode=pro startsWith=miscoq (790ms direct)
[w6:mn:pro] "miscoq" → 0 records, 0 words
[w6:mn:pro] "miscoq" branch complete
[w6:mn:pro] Saved 26,622 worker words
[w6:mn:pro] Searching "miscor" | queue=112 | words=26622
[w6:mn:pro] Pacing 15s before "miscor" (gap=16000ms)
[w6:mn:pro] Turnstile mint hard timeout after 28000ms
[w6:mn:pro] Site Turnstile remint timed out (33140ms)
[w6:mn:pro] heartbeat words=26622 queue=112 rotation=19 idle=7s
[w6:mn:pro] Turnstile mint hard timeout after 28000ms
[w6:mn:pro] Site Turnstile remint timed out (30212ms)
[w6:mn:pro] Managed Turnstile token (len=816, 12612ms, remount)
[w6:mn:pro] [api] 200 mode=pro startsWith=miscor
[w6:mn:pro] [api] 200 mode=pro startsWith=miscor (431ms direct)
[w6:mn:pro] "miscor" → 8 records, 8 words
[w6:mn:pro] "miscor" branch complete
[w6:mn:pro] Saved 26,622 worker words; shared last.txt now 320,077
[w6:mn:pro] Searching "miscos" | queue=111 | words=26622
[w6:mn:pro] Pacing 16s before "miscos" (gap=16000ms)
[w6:mn:pro] Managed Turnstile token (len=816, 7573ms, reset)
[w6:mn:pro] [api] 200 mode=pro startsWith=miscos
[w6:mn:pro] [api] 200 mode=pro startsWith=miscos (423ms direct)
[w6:mn:pro] "miscos" → 0 records, 0 words
[w6:mn:pro] "miscos" branch complete
[w6:mn:pro] Saved 26,622 worker words
[w6:mn:pro] Searching "miscot" | queue=110 | words=26622
[w6:mn:pro] Pacing 16s before "miscot" (gap=16000ms)
[w6:mn:pro] Managed Turnstile token (len=816, 8048ms, reset)
[w6:mn:pro] heartbeat words=26622 queue=110 rotation=19 idle=6s
[w6:mn:pro] [api] 200 mode=pro startsWith=miscot
[w6:mn:pro] [api] 200 mode=pro startsWith=miscot (445ms direct)
[w6:mn:pro] "miscot" → 0 records, 0 words
[w6:mn:pro] "miscot" branch complete
[w6:mn:pro] Saved 26,622 worker words
[w6:mn:pro] Searching "miscou" | queue=109 | words=26622
[w6:mn:pro] Pacing 16s before "miscou" (gap=16000ms)
[w6:mn:pro] Site Turnstile remint timed out (23249ms)
[w6:mn:pro] Managed Turnstile token (len=816, 11100ms, remount)
[w6:mn:pro] [api] 200 mode=pro startsWith=miscou
[w6:mn:pro] [api] 200 mode=pro startsWith=miscou (521ms direct)
[w6:mn:pro] "miscou" → 11 records, 11 words
[w6:mn:pro] "miscou" branch complete
[w6:mn:pro] Saved 26,622 worker words
[w6:mn:pro] Searching "miscov" | queue=108 | words=26622
[w6:mn:pro] Pacing 16s before "miscov" (gap=16000ms)
[w6:mn:pro] Managed Turnstile token (len=816, 14324ms, reset)
[w6:mn:pro] [api] 200 mode=pro startsWith=miscov
[w6:mn:pro] [api] 200 mode=pro startsWith=miscov (455ms direct)
[w6:mn:pro] "miscov" → 1 records, 1 words
[w6:mn:pro] "miscov" branch complete
[w6:mn:pro] Saved 26,622 worker words
[w6:mn:pro] Searching "miscow" | queue=107 | words=26622
[w6:mn:pro] Pacing 16s before "miscow" (gap=16000ms)
[w6:mn:pro] heartbeat words=26622 queue=107 rotation=19 idle=7s
[w6:mn:pro] Turnstile token present (len=816)
[w6:mn:pro] Site Turnstile token (19131ms)
[w6:mn:pro] [api] 200 mode=pro startsWith=miscow
[w6:mn:pro] [api] 200 mode=pro startsWith=miscow (430ms direct)
[w6:mn:pro] "miscow" → 0 records, 0 words
[w6:mn:pro] "miscow" branch complete
[w6:mn:pro] Saved 26,622 worker words
[w6:mn:pro] Searching "miscox" | queue=106 | words=26622
[w6:mn:pro] Pacing 16s before "miscox" (gap=16000ms)
[w6:mn:pro] Site Turnstile remint timed out (24569ms)
[w6:mn:pro] heartbeat words=26622 queue=106 rotation=19 idle=23s
[w6:mn:pro] Site Turnstile remint timed out (23515ms)
[w6:mn:pro] Site Turnstile remint timed out (22809ms)
[w6:mn:pro] Site Turnstile remint timed out (26255ms)
[w6:mn:pro] heartbeat words=26622 queue=106 rotation=19 idle=10s
[w6:mn:pro] Turnstile mint hard timeout after 28000ms
[w6:mn:pro] Failed "miscox" attempt 1: No Turnstile token for direct search
[w6:mn:pro] Saved 26,622 worker words
[w6:mn:pro] Turnstile miss — soft reload before rotate
[w6:mn:pro] Site Turnstile remint timed out (34167ms)
[w6:mn:pro] Site Turnstile remint timed out (12356ms)
[w6:mn:pro] Soft reload mint failed — rotating immediately
[w6:mn:pro] Tor exited code=0
[w6:mn:pro] Starting Tor gen=21 socks=127.0.0.1:19056 (try 1)
[w6:mn:pro] tor: Aug 05 12:49:13.079 [notice] Opened Socks listener connection (ready) on 127.0.0.1:19056
Aug 05 12:49:13.079 [warn] Fixing permissions on directory /tmp/lll-tor
[w6:mn:pro] tor: Aug 05 12:49:13.000 [notice] Bootstrapped 0% (starting): Starting
Aug 05 12:49:13.000 [notice] Starting with guard context "default"
[w6:mn:pro] tor: Aug 05 12:49:14.000 [notice] Bootstrapped 5% (conn): Connecting to a relay
[w6:mn:pro] tor: Aug 05 12:49:14.000 [notice] Bootstrapped 10% (conn_done): Connected to a relay
[w6:mn:pro] tor: Aug 05 12:49:17.000 [notice] Bootstrapped 14% (handshake): Handshaking with a relay
[w6:mn:pro] tor: Aug 05 12:49:17.000 [notice] Bootstrapped 15% (handshake_done): Handshake with a relay done
Aug 05 12:49:17.000 [notice] Bootstrapped 20% (onehop_create): Estab
[w6:mn:pro] tor: Aug 05 12:49:17.000 [notice] Bootstrapped 25% (requesting_status): Asking for networkstatus consensus
[w6:mn:pro] tor: Aug 05 12:49:17.000 [notice] Bootstrapped 30% (loading_status): Loading networkstatus consensus
[w6:mn:pro] tor: Aug 05 12:49:18.000 [notice] Bootstrapped 40% (loading_keys): Loading authority key certs
[w6:mn:pro] tor: Aug 05 12:49:19.000 [notice] Bootstrapped 45% (requesting_descriptors): Asking for relay descriptors
Aug 05 12:49:19.000 [notice] I learned some more directory 
[w6:mn:pro] tor: Aug 05 12:49:19.000 [notice] Bootstrapped 50% (loading_descriptors): Loading relay descriptors
[w6:mn:pro] tor: Aug 05 12:49:24.000 [notice] Bootstrapped 55% (loading_descriptors): Loading relay descriptors
[w6:mn:pro] tor: Aug 05 12:49:25.000 [notice] Bootstrapped 61% (loading_descriptors): Loading relay descriptors
[w6:mn:pro] tor: Aug 05 12:49:26.000 [notice] Bootstrapped 67% (loading_descriptors): Loading relay descriptors
[w6:mn:pro] tor: Aug 05 12:49:26.000 [notice] Bootstrapped 75% (enough_dirinfo): Loaded enough directory info to build circuits
[w6:mn:pro] tor: Aug 05 12:49:27.000 [notice] Bootstrapped 90% (ap_handshake_done): Handshake finished with a relay to build circuits
Aug 05 12:49:27.000 [notice] Bootstrapped 9
[w6:mn:pro] tor: Aug 05 12:49:27.000 [notice] Bootstrapped 100% (done): Done
[w6:mn:pro] Tor ready on 19056 exit=45.66.35.39
[w6:mn:pro] Rotating IP (#20, try 1) after No Turnstile token for direct search → tor#21 socks5://127.0.0.1:19056
[w6:mn:pro] Launching persistent Chrome profile /tmp/lll-pw-w6-r20
[w6:mn:pro] Proxy tor#21 socks5://127.0.0.1:19056
[w6:mn:pro] Opening https://lastletterlibrary.com
[w6:mn:pro] heartbeat words=26622 queue=107 rotation=20 idle=5s
[w6:mn:pro] Library mode=pro
[w6:mn:pro] Managed Turnstile token (len=816, 8344ms, remount)
[w6:mn:pro] Search mode=direct (skip UI Wait Ns… gate)
[w6:mn:pro] Cleaned 1 old rotated profile(s)
[w6:mn:pro] Browser exit IP=150.40.126.103 (unique)
[w6:mn:pro] Searching "miscox" | queue=106 | words=26622
[w6:mn:pro] [api] 200 mode=pro startsWith=miscox
[w6:mn:pro] [api] 200 mode=pro startsWith=miscox (731ms direct)
[w6:mn:pro] "miscox" → 0 records, 0 words
[w6:mn:pro] "miscox" branch complete
[w6:mn:pro] Saved 26,622 worker words
[w6:mn:pro] Searching "miscoy" | queue=105 | words=26622
[w6:mn:pro] Pacing 15s before "miscoy" (gap=16000ms)
[w6:mn:pro] Managed Turnstile token (len=816, 8693ms, reset)
[w6:mn:pro] [api] 200 mode=pro startsWith=miscoy
[w6:mn:pro] [api] 200 mode=pro startsWith=miscoy (535ms direct)
[w6:mn:pro] "miscoy" → 0 records, 0 words
[w6:mn:pro] "miscoy" branch complete
[w6:mn:pro] Saved 26,622 worker words; shared last.txt now 320,899
[w6:mn:pro] Searching "miscoz" | queue=104 | words=26622
[w6:mn:pro] Pacing 8s before "miscoz" (gap=16000ms)
[w6:mn:pro] Site Turnstile remint timed out (23616ms)
[w6:mn:pro] heartbeat words=26622 queue=104 rotation=20 idle=5s
[w6:mn:pro] Site Turnstile remint timed out (23859ms)
[w6:mn:pro] Managed Turnstile token (len=816, 14927ms, remount)
[w6:mn:pro] [api] 200 mode=pro startsWith=miscoz
[w6:mn:pro] [api] 200 mode=pro startsWith=miscoz (606ms direct)
[w6:mn:pro] "miscoz" → 0 records, 0 words
[w6:mn:pro] "miscoz" branch complete
[w6:mn:pro] Saved 26,622 worker words
[w6:mn:pro] Searching "monocl" | queue=103 | words=26622
[w6:mn:pro] Pacing 15s before "monocl" (gap=16000ms)
[w6:mn:pro] Managed Turnstile token (len=816, 15957ms, reset)
[w6:mn:pro] [api] 200 mode=pro startsWith=monocl
[w6:mn:pro] [api] 200 mode=pro startsWith=monocl (397ms direct)
[w6:mn:pro] "monocl" → 19 records, 19 words
[w6:mn:pro] "monocl" branch complete
[w6:mn:pro] Saved 26,623 worker words
[w6:mn:pro] Searching "monocm" | queue=102 | words=26623
[w6:mn:pro] Pacing 15s before "monocm" (gap=16000ms)
[w6:mn:pro] heartbeat words=26623 queue=102 rotation=20 idle=8s
[w6:mn:pro] Turnstile token present (len=816)
[w6:mn:pro] Site Turnstile token (21161ms)
[w6:mn:pro] [api] 200 mode=pro startsWith=monocm
[w6:mn:pro] [api] 200 mode=pro startsWith=monocm (470ms direct)
[w6:mn:pro] "monocm" → 0 records, 0 words
[w6:mn:pro] "monocm" branch complete
[w6:mn:pro] Saved 26,623 worker words
[w6:mn:pro] Searching "monocn" | queue=101 | words=26623
[w6:mn:pro] Pacing 15s before "monocn" (gap=16000ms)
[w6:mn:pro] Site Turnstile remint timed out (23413ms)
[w6:mn:pro] Managed Turnstile token (len=816, 4547ms, remount)
[w6:mn:pro] [api] 200 mode=pro startsWith=monocn
[w6:mn:pro] [api] 200 mode=pro startsWith=monocn (940ms direct)
[w6:mn:pro] "monocn" → 0 records, 0 words
[w6:mn:pro] "monocn" branch complete
[w6:mn:pro] Saved 26,623 worker words
[w6:mn:pro] Searching "monoco" | queue=100 | words=26623
[w6:mn:pro] Pacing 15s before "monoco" (gap=16000ms)
[w6:mn:pro] Managed Turnstile token (len=816, 4572ms, reset)
[w6:mn:pro] [api] 200 mode=pro startsWith=monoco
[w6:mn:pro] [api] 200 mode=pro startsWith=monoco (522ms direct)
[w6:mn:pro] "monoco" → 19 records, 19 words
[w6:mn:pro] "monoco" branch complete
[w6:mn:pro] Saved 26,642 worker words
[w6:mn:pro] Searching "monocp" | queue=99 | words=26642
[w6:mn:pro] Pacing 15s before "monocp" (gap=16000ms)
[w6:mn:pro] heartbeat words=26642 queue=99 rotation=20 idle=1s
[w6:mn:pro] Managed Turnstile token (len=816, 13486ms, reset)
[w6:mn:pro] [api] 200 mode=pro startsWith=monocp
[w6:mn:pro] [api] 200 mode=pro startsWith=monocp (437ms direct)
[w6:mn:pro] "monocp" → 0 records, 0 words
[w6:mn:pro] "monocp" branch complete
[w6:mn:pro] Saved 26,642 worker words
[w6:mn:pro] Searching "monocq" | queue=98 | words=26642
[w6:mn:pro] Pacing 15s before "monocq" (gap=16000ms)
[w6:mn:pro] Managed Turnstile token (len=816, 9643ms, reset)
[w6:mn:pro] [api] 200 mode=pro startsWith=monocq
[w6:mn:pro] [api] 200 mode=pro startsWith=monocq (884ms direct)
[w6:mn:pro] "monocq" → 0 records, 0 words
[w6:mn:pro] "monocq" branch complete
[w6:mn:pro] Saved 26,642 worker words
[w6:mn:pro] Searching "monocr" | queue=97 | words=26642
[w6:mn:pro] Pacing 13s before "monocr" (gap=16000ms)
[w6:mn:pro] Managed Turnstile token (len=816, 13343ms, reset)
[w6:mn:pro] [api] 200 mode=pro startsWith=monocr
[w6:mn:pro] [api] 200 mode=pro startsWith=monocr (398ms direct)
[w6:mn:pro] "monocr" → 16 records, 16 words
[w6:mn:pro] "monocr" branch complete
[w6:mn:pro] Saved 26,658 worker words; shared last.txt now 321,362
[w6:mn:pro] Searching "monocs" | queue=96 | words=26658
[w6:mn:pro] Pacing 10s before "monocs" (gap=16000ms)
[w6:mn:pro] heartbeat words=26658 queue=96 rotation=20 idle=7s
[w6:mn:pro] Site Turnstile remint timed out (23664ms)
[w6:mn:pro] Site Turnstile remint timed out (27035ms)
[w6:mn:pro] heartbeat words=26658 queue=96 rotation=20 idle=23s
[w6:mn:pro] Site Turnstile remint timed out (26602ms)
[w6:mn:pro] Site Turnstile remint timed out (26615ms)
[w6:mn:pro] Turnstile mint hard timeout after 28000ms
[w6:mn:pro] Failed "monocs" attempt 1: No Turnstile token for direct search
[w6:mn:pro] Site Turnstile remint timed out (28156ms)
[w6:mn:pro] Saved 26,658 worker words
[w6:mn:pro] Turnstile miss — soft reload before rotate
[w6:mn:pro] heartbeat words=26658 queue=97 rotation=20 idle=1s
[w6:mn:pro] Site Turnstile remint timed out (10810ms)
[w6:mn:pro] Soft reload mint failed — rotating immediately
[w6:mn:pro] Tor exited code=null
[w6:mn:pro] Starting Tor gen=22 socks=127.0.0.1:19056 (try 1)
[w6:mn:pro] tor: Aug 05 12:55:55.077 [notice] Opening Socks listener on 127.0.0.1:19056
Aug 05 12:55:55.077 [notice] Opened Socks listener connection (ready) on 127.0.0.1:19056

[w6:mn:pro] tor: Aug 05 12:55:56.000 [notice] Bootstrapped 0% (starting): Starting
Aug 05 12:55:56.000 [notice] Starting with guard context "default"
[w6:mn:pro] tor: Aug 05 12:55:57.000 [notice] Bootstrapped 5% (conn): Connecting to a relay
[w6:mn:pro] tor: Aug 05 12:55:57.000 [notice] Bootstrapped 10% (conn_done): Connected to a relay
[w6:mn:pro] tor: Aug 05 12:55:59.000 [notice] Bootstrapped 14% (handshake): Handshaking with a relay
[w6:mn:pro] tor: Aug 05 12:55:59.000 [notice] Bootstrapped 15% (handshake_done): Handshake with a relay done
Aug 05 12:55:59.000 [notice] Bootstrapped 20% (onehop_create): Estab
[w6:mn:pro] tor: Aug 05 12:56:00.000 [notice] Bootstrapped 25% (requesting_status): Asking for networkstatus consensus
[w6:mn:pro] tor: Aug 05 12:56:00.000 [notice] Bootstrapped 30% (loading_status): Loading networkstatus consensus
[w6:mn:pro] tor: Aug 05 12:56:03.000 [notice] Bootstrapped 40% (loading_keys): Loading authority key certs
[w6:mn:pro] tor: Aug 05 12:56:05.000 [notice] Bootstrapped 45% (requesting_descriptors): Asking for relay descriptors
Aug 05 12:56:05.000 [notice] I learned some more directory 
[w6:mn:pro] tor: Aug 05 12:56:07.000 [notice] Bootstrapped 50% (loading_descriptors): Loading relay descriptors
[w6:mn:pro] tor: Aug 05 12:56:13.000 [notice] Bootstrapped 55% (loading_descriptors): Loading relay descriptors
[w6:mn:pro] tor: Aug 05 12:56:13.000 [notice] Bootstrapped 61% (loading_descriptors): Loading relay descriptors
[w6:mn:pro] tor: Aug 05 12:56:14.000 [notice] Bootstrapped 67% (loading_descriptors): Loading relay descriptors
[w6:mn:pro] tor: Aug 05 12:56:14.000 [notice] Bootstrapped 75% (enough_dirinfo): Loaded enough directory info to build circuits
[w6:mn:pro] tor: Aug 05 12:56:14.000 [notice] Bootstrapped 90% (ap_handshake_done): Handshake finished with a relay to build circuits
Aug 05 12:56:14.000 [notice] Bootstrapped 9
[w6:mn:pro] tor: Aug 05 12:56:15.000 [notice] Bootstrapped 100% (done): Done
[w6:mn:pro] Tor ready on 19056 exit=192.42.116.101
[w6:mn:pro] Rotating IP (#21, try 1) after No Turnstile token for direct search → tor#22 socks5://127.0.0.1:19056
[w6:mn:pro] Launching persistent Chrome profile /tmp/lll-pw-w6-r21
[w6:mn:pro] Proxy tor#22 socks5://127.0.0.1:19056
[w6:mn:pro] Opening https://lastletterlibrary.com
[w6:mn:pro] Library mode=pro
[w6:mn:pro] Managed Turnstile token (len=816, 8170ms, remount)
[w6:mn:pro] Search mode=direct (skip UI Wait Ns… gate)
[w6:mn:pro] Cleaned 1 old rotated profile(s)
[w6:mn:pro] Browser exit IP=192.42.116.101 (unique)
[w6:mn:pro] Searching "monocs" | queue=96 | words=26658
[w6:mn:pro] [api] 200 mode=pro startsWith=monocs
[w6:mn:pro] [api] 200 mode=pro startsWith=monocs (545ms direct)
[w6:mn:pro] "monocs" → 0 records, 0 words
[w6:mn:pro] "monocs" branch complete
[w6:mn:pro] Saved 26,658 worker words
[w6:mn:pro] Searching "monoct" | queue=95 | words=26658
[w6:mn:pro] Pacing 16s before "monoct" (gap=16000ms)
[w6:mn:pro] heartbeat words=26658 queue=95 rotation=21 idle=1s
[w6:mn:pro] Managed Turnstile token (len=816, 8031ms, reset)
[w6:mn:pro] [api] 200 mode=pro startsWith=monoct
[w6:mn:pro] [api] 200 mode=pro startsWith=monoct (724ms direct)
[w6:mn:pro] "monoct" → 0 records, 0 words
[w6:mn:pro] "monoct" branch complete
[w6:mn:pro] Saved 26,658 worker words
[w6:mn:pro] Searching "monocu" | queue=94 | words=26658
[w6:mn:pro] Pacing 15s before "monocu" (gap=16000ms)
[w6:mn:pro] Managed Turnstile token (len=816, 4878ms, reset)
[w6:mn:pro] [api] 200 mode=pro startsWith=monocu
[w6:mn:pro] [api] 200 mode=pro startsWith=monocu (506ms direct)
[w6:mn:pro] "monocu" → 12 records, 12 words
[w6:mn:pro] "monocu" branch complete
[w6:mn:pro] Saved 26,670 worker words
[w6:mn:pro] Searching "monocv" | queue=93 | words=26670
[w6:mn:pro] Pacing 15s before "monocv" (gap=16000ms)
[w6:mn:pro] Managed Turnstile token (len=816, 9954ms, reset)
[w6:mn:pro] [api] 200 mode=pro startsWith=monocv
[w6:mn:pro] [api] 200 mode=pro startsWith=monocv (540ms direct)
[w6:mn:pro] "monocv" → 0 records, 0 words
[w6:mn:pro] "monocv" branch complete
[w6:mn:pro] Saved 26,670 worker words
[w6:mn:pro] Searching "monocw" | queue=92 | words=26670
[w6:mn:pro] Pacing 14s before "monocw" (gap=16000ms)
[w6:mn:pro] Managed Turnstile token (len=816, 8373ms, reset)
[w6:mn:pro] heartbeat words=26670 queue=92 rotation=21 idle=3s
[w6:mn:pro] [api] 200 mode=pro startsWith=monocw
[w6:mn:pro] [api] 200 mode=pro startsWith=monocw (486ms direct)
[w6:mn:pro] "monocw" → 0 records, 0 words
[w6:mn:pro] "monocw" branch complete
[w6:mn:pro] Saved 26,670 worker words
[w6:mn:pro] Searching "monocx" | queue=91 | words=26670
[w6:mn:pro] Pacing 15s before "monocx" (gap=16000ms)
[w6:mn:pro] Managed Turnstile token (len=816, 9873ms, reset)
[w6:mn:pro] [api] 200 mode=pro startsWith=monocx
[w6:mn:pro] [api] 200 mode=pro startsWith=monocx (544ms direct)
[w6:mn:pro] "monocx" → 0 records, 0 words
[w6:mn:pro] "monocx" branch complete
[w6:mn:pro] Saved 26,670 worker words
[w6:mn:pro] Searching "monocy" | queue=90 | words=26670
[w6:mn:pro] Pacing 14s before "monocy" (gap=16000ms)
[w6:mn:pro] Managed Turnstile token (len=794, 14107ms, reset)
[w6:mn:pro] [api] 200 mode=pro startsWith=monocy
[w6:mn:pro] [api] 200 mode=pro startsWith=monocy (956ms direct)
[w6:mn:pro] "monocy" → 15 records, 15 words
[w6:mn:pro] "monocy" branch complete
[w6:mn:pro] Saved 26,685 worker words; shared last.txt now 322,201
[w6:mn:pro] Searching "monocz" | queue=89 | words=26685
[w6:mn:pro] Pacing 8s before "monocz" (gap=16000ms)
[w6:mn:pro] Site Turnstile remint timed out (23483ms)
[w6:mn:pro] heartbeat words=26685 queue=89 rotation=21 idle=1s
[w6:mn:pro] Managed Turnstile token (len=816, 5125ms, remount)
[w6:mn:pro] [api] 200 mode=pro startsWith=monocz
[w6:mn:pro] [api] 200 mode=pro startsWith=monocz (441ms direct)
[w6:mn:pro] "monocz" → 0 records, 0 words
[w6:mn:pro] "monocz" branch complete
[w6:mn:pro] Saved 26,685 worker words
[w6:mn:pro] Searching "monopy" | queue=88 | words=26685
[w6:mn:pro] Pacing 16s before "monopy" (gap=16000ms)
[w6:mn:pro] Managed Turnstile token (len=816, 4629ms, reset)
[w6:mn:pro] [api] 200 mode=pro startsWith=monopy
[w6:mn:pro] [api] 200 mode=pro startsWith=monopy (571ms direct)
[w6:mn:pro] "monopy" → 4 records, 4 words
[w6:mn:pro] "monopy" branch complete
[w6:mn:pro] Saved 26,685 worker words
[w6:mn:pro] Searching "monopz" | queue=87 | words=26685
[w6:mn:pro] Pacing 15s before "monopz" (gap=16000ms)
[w6:mn:pro] Managed Turnstile token (len=816, 16289ms, reset)
[w6:mn:pro] [api] 200 mode=pro startsWith=monopz
[w6:mn:pro] [api] 200 mode=pro startsWith=monopz (512ms direct)
[w6:mn:pro] "monopz" → 0 records, 0 words
[w6:mn:pro] "monopz" branch complete
[w6:mn:pro] Saved 26,685 worker words
[w6:mn:pro] Searching "monosy" | queue=86 | words=26685
[w6:mn:pro] Pacing 15s before "monosy" (gap=16000ms)
[w6:mn:pro] Managed Turnstile token (len=816, 17633ms, reset)
[w6:mn:pro] [api] 200 mode=pro startsWith=monosy
[w6:mn:pro] [api] 200 mode=pro startsWith=monosy (542ms direct)
[w6:mn:pro] "monosy" → 22 records, 22 words (incl. exact "monosy")
[w6:mn:pro] "monosy" branch complete
[w6:mn:pro] Saved 26,685 worker words
[w6:mn:pro] Searching "monosz" | queue=85 | words=26685
[w6:mn:pro] Pacing 15s before "monosz" (gap=16000ms)
[w6:mn:pro] heartbeat words=26685 queue=85 rotation=21 idle=3s
[w6:mn:pro] Managed Turnstile token (len=816, 15245ms, reset)
[w6:mn:pro] [api] 200 mode=pro startsWith=monosz
[w6:mn:pro] [api] 200 mode=pro startsWith=monosz (530ms direct)
[w6:mn:pro] "monosz" → 0 records, 0 words
[w6:mn:pro] "monosz" branch complete
[w6:mn:pro] Saved 26,685 worker words
[w6:mn:pro] Searching "monoty" | queue=84 | words=26685
[w6:mn:pro] Pacing 16s before "monoty" (gap=16000ms)
[w6:mn:pro] Managed Turnstile token (len=816, 17124ms, reset)
[w6:mn:pro] [api] 200 mode=pro startsWith=monoty
[w6:mn:pro] [api] 200 mode=pro startsWith=monoty (469ms direct)
[w6:mn:pro] "monoty" → 6 records, 6 words
[w6:mn:pro] "monoty" branch complete
[w6:mn:pro] Saved 26,685 worker words
[w6:mn:pro] Searching "monotz" | queue=83 | words=26685
[w6:mn:pro] Pacing 16s before "monotz" (gap=16000ms)
[w6:mn:pro] Site Turnstile remint timed out (23037ms)
[w6:mn:pro] heartbeat words=26685 queue=83 rotation=21 idle=6s
[w6:mn:pro] Turnstile token present (len=816)
[w6:mn:pro] Site Turnstile token (18666ms)
[w6:mn:pro] [api] 200 mode=pro startsWith=monotz
[w6:mn:pro] [api] 200 mode=pro startsWith=monotz (588ms direct)
[w6:mn:pro] "monotz" → 0 records, 0 words
[w6:mn:pro] "monotz" branch complete
[w6:mn:pro] Saved 26,685 worker words
[w6:mn:pro] Searching "morphs" | queue=82 | words=26685
[w6:mn:pro] Pacing 12s before "morphs" (gap=16000ms)
[w6:mn:pro] Managed Turnstile token (len=816, 18138ms, remount)
[w6:mn:pro] [api] 200 mode=pro startsWith=morphs
[w6:mn:pro] [api] 200 mode=pro startsWith=morphs (573ms direct)
[w6:mn:pro] "morphs" → 1 records, 1 words (incl. exact "morphs")
[w6:mn:pro] "morphs" branch complete
[w6:mn:pro] Saved 26,685 worker words; shared last.txt now 322,430
[w6:mn:pro] Searching "morpht" | queue=81 | words=26685
[w6:mn:pro] Pacing 9s before "morpht" (gap=16000ms)
[w6:mn:pro] heartbeat words=26685 queue=81 rotation=21 idle=21s
[w6:mn:pro] Turnstile mint hard timeout after 28000ms
[w6:mn:pro] Site Turnstile remint timed out (28742ms)
[w6:mn:pro] Managed Turnstile token (len=816, 10715ms, remount)
[w6:mn:pro] [api] 200 mode=pro startsWith=morpht
[w6:mn:pro] [api] 200 mode=pro startsWith=morpht (664ms direct)
[w6:mn:pro] "morpht" → 0 records, 0 words
[w6:mn:pro] "morpht" branch complete
[w6:mn:pro] Saved 26,685 worker words
[w6:mn:pro] Searching "morphu" | queue=80 | words=26685
[w6:mn:pro] Pacing 16s before "morphu" (gap=16000ms)
[w6:mn:pro] Managed Turnstile token (len=816, 4260ms, reset)
[w6:mn:pro] [api] 200 mode=pro startsWith=morphu
[w6:mn:pro] [api] 200 mode=pro startsWith=morphu (575ms direct)
[w6:mn:pro] "morphu" → 0 records, 0 words
[w6:mn:pro] "morphu" branch complete
[w6:mn:pro] Saved 26,685 worker words
[w6:mn:pro] Searching "morphv" | queue=79 | words=26685
[w6:mn:pro] Pacing 16s before "morphv" (gap=16000ms)
[w6:mn:pro] Managed Turnstile token (len=816, 5182ms, reset)
[w6:mn:pro] [api] 200 mode=pro startsWith=morphv
[w6:mn:pro] [api] 200 mode=pro startsWith=morphv (542ms direct)
[w6:mn:pro] "morphv" → 0 records, 0 words
[w6:mn:pro] "morphv" branch complete
[w6:mn:pro] Saved 26,685 worker words
[w6:mn:pro] Searching "morphw" | queue=78 | words=26685
[w6:mn:pro] Pacing 15s before "morphw" (gap=16000ms)
[w6:mn:pro] Managed Turnstile token (len=816, 5599ms, reset)
[w6:mn:pro] heartbeat words=26685 queue=78 rotation=21 idle=9s
[w6:mn:pro] [api] 200 mode=pro startsWith=morphw
[w6:mn:pro] [api] 200 mode=pro startsWith=morphw (470ms direct)
[w6:mn:pro] "morphw" → 0 records, 0 words
[w6:mn:pro] "morphw" branch complete
[w6:mn:pro] Saved 26,685 worker words
[w6:mn:pro] Searching "morphx" | queue=77 | words=26685
[w6:mn:pro] Pacing 13s before "morphx" (gap=16000ms)
[w6:mn:pro] Site Turnstile remint timed out (24756ms)
[w6:mn:pro] Managed Turnstile token (len=816, 16804ms, remount)
[w6:mn:pro] [api] 200 mode=pro startsWith=morphx
[w6:mn:pro] [api] 200 mode=pro startsWith=morphx (516ms direct)
[w6:mn:pro] "morphx" → 0 records, 0 words
[w6:mn:pro] "morphx" branch complete
[w6:mn:pro] Saved 26,685 worker words
[w6:mn:pro] Searching "morphy" | queue=76 | words=26685
[w6:mn:pro] Pacing 16s before "morphy" (gap=16000ms)
[w6:mn:pro] heartbeat words=26685 queue=76 rotation=21 idle=16s
[w6:mn:pro] Turnstile token present (len=816)
[w6:mn:pro] Site Turnstile token (22955ms)
[w6:mn:pro] [api] 200 mode=pro startsWith=morphy
[w6:mn:pro] [api] 200 mode=pro startsWith=morphy (574ms direct)
[w6:mn:pro] "morphy" → 0 records, 0 words
[w6:mn:pro] "morphy" branch complete
[w6:mn:pro] Saved 26,685 worker words
[w6:mn:pro] Searching "morphz" | queue=75 | words=26685
[w6:mn:pro] Pacing 15s before "morphz" (gap=16000ms)
[w6:mn:pro] Site Turnstile remint timed out (24016ms)
[w6:mn:pro] Managed Turnstile token (len=816, 15632ms, remount)
[w6:mn:pro] [api] 200 mode=pro startsWith=morphz
[w6:mn:pro] [api] 200 mode=pro startsWith=morphz (469ms direct)
[w6:mn:pro] "morphz" → 0 records, 0 words
[w6:mn:pro] "morphz" branch complete
[w6:mn:pro] Saved 26,685 worker words
[w6:mn:pro] Searching "multic" | queue=74 | words=26685
[w6:mn:pro] Pacing 16s before "multic" (gap=16000ms)
[w6:mn:pro] Managed Turnstile token (len=816, 8834ms, reset)
[w6:mn:pro] heartbeat words=26685 queue=74 rotation=21 idle=3s
[w6:mn:pro] [api] 200 mode=pro startsWith=multic
[w6:mn:pro] [api] 200 mode=pro startsWith=multic (500ms direct)
[w6:mn:pro] "multic" → 88 records, 88 words
[w6:mn:pro] "multic" branch complete
[w6:mn:pro] Saved 26,744 worker words; shared last.txt now 322,925
[w6:mn:pro] Searching "multid" | queue=73 | words=26744
[w6:mn:pro] Pacing 16s before "multid" (gap=16000ms)
[w6:mn:pro] Managed Turnstile token (len=816, 5440ms, reset)
[w6:mn:pro] [api] 200 mode=pro startsWith=multid
[w6:mn:pro] [api] 200 mode=pro startsWith=multid (748ms direct)
[w6:mn:pro] "multid" → 21 records, 21 words
[w6:mn:pro] "multid" branch complete
[w6:mn:pro] Saved 26,765 worker words
[w6:mn:pro] Searching "multie" | queue=72 | words=26765
[w6:mn:pro] Pacing 16s before "multie" (gap=16000ms)
[w6:mn:pro] Managed Turnstile token (len=816, 5147ms, reset)
[w6:mn:pro] [api] 200 mode=pro startsWith=multie
[w6:mn:pro] [api] 200 mode=pro startsWith=multie (501ms direct)
[w6:mn:pro] "multie" → 11 records, 11 words
[w6:mn:pro] "multie" branch complete
[w6:mn:pro] Saved 26,776 worker words
[w6:mn:pro] Searching "multif" | queue=71 | words=26776
[w6:mn:pro] Pacing 16s before "multif" (gap=16000ms)
[w6:mn:pro] Managed Turnstile token (len=816, 8195ms, reset)
[w6:mn:pro] [api] 200 mode=pro startsWith=multif
[w6:mn:pro] [api] 200 mode=pro startsWith=multif (482ms direct)
[w6:mn:pro] "multif" → 61 records, 61 words
[w6:mn:pro] "multif" branch complete
[w6:mn:pro] Saved 26,837 worker words
[w6:mn:pro] Searching "multig" | queue=70 | words=26837
[w6:mn:pro] Pacing 16s before "multig" (gap=16000ms)
[w6:mn:pro] heartbeat words=26837 queue=70 rotation=21 idle=7s
[w6:mn:pro] Managed Turnstile token (len=816, 15804ms, reset)
[w6:mn:pro] [api] 200 mode=pro startsWith=multig
[w6:mn:pro] [api] 200 mode=pro startsWith=multig (495ms direct)
[w6:mn:pro] "multig" → 25 records, 25 words
[w6:mn:pro] "multig" branch complete
[w6:mn:pro] Saved 26,862 worker words
[w6:mn:pro] Searching "multih" | queue=69 | words=26862
[w6:mn:pro] Pacing 15s before "multih" (gap=16000ms)
[w6:mn:pro] Turnstile mint hard timeout after 28000ms
[w6:mn:pro] Site Turnstile remint timed out (31282ms)
[w6:mn:pro] Managed Turnstile token (len=816, 16091ms, remount)
[w6:mn:pro] [api] 200 mode=pro startsWith=multih
[w6:mn:pro] [api] 200 mode=pro startsWith=multih (545ms direct)
[w6:mn:pro] "multih" → 10 records, 10 words
[w6:mn:pro] "multih" branch complete
[w6:mn:pro] Saved 26,872 worker words
[w6:mn:pro] Searching "multii" | queue=68 | words=26872
[w6:mn:pro] Pacing 15s before "multii" (gap=16000ms)
[w6:mn:pro] heartbeat words=26872 queue=68 rotation=21 idle=6s
[w6:mn:pro] Site Turnstile remint timed out (23491ms)
[w6:mn:pro] Turnstile mint hard timeout after 28000ms
[w6:mn:pro] heartbeat words=26872 queue=68 rotation=21 idle=15s
[w6:mn:pro] Turnstile mint hard timeout after 28000ms
[w6:mn:pro] Site Turnstile remint timed out (33304ms)
[w6:mn:pro] Site Turnstile remint timed out (25635ms)
[w6:mn:pro] Failed "multii" attempt 1: No Turnstile token for direct search
[w6:mn:pro] Saved 26,872 worker words
[w6:mn:pro] Turnstile miss — soft reload before rotate
[w6:mn:pro] Site Turnstile remint timed out (87668ms)
[w6:mn:pro] Site Turnstile remint timed out (9912ms)
[w6:mn:pro] Soft reload mint failed — rotating immediately
[w6:mn:pro] Tor exited code=0
[w6:mn:pro] Starting Tor gen=23 socks=127.0.0.1:19056 (try 1)
[w6:mn:pro] tor: Aug 05 13:08:29.824 [warn] Fixing permissions on directory /tmp/lll-tor-w6
[w6:mn:pro] tor: Aug 05 13:08:29.000 [notice] Bootstrapped 0% (starting): Starting
[w6:mn:pro] tor: Aug 05 13:08:30.000 [notice] Bootstrapped 5% (conn): Connecting to a relay
[w6:mn:pro] tor: Aug 05 13:08:30.000 [notice] Bootstrapped 10% (conn_done): Connected to a relay
[w6:mn:pro] tor: Aug 05 13:08:37.000 [notice] Bootstrapped 14% (handshake): Handshaking with a relay
[w6:mn:pro] tor: Aug 05 13:08:37.000 [notice] Bootstrapped 15% (handshake_done): Handshake with a relay done
Aug 05 13:08:37.000 [notice] Bootstrapped 20% (onehop_create): Estab
[w6:mn:pro] tor: Aug 05 13:08:37.000 [notice] Bootstrapped 25% (requesting_status): Asking for networkstatus consensus
[w6:mn:pro] heartbeat words=26872 queue=69 rotation=22 idle=0s
[w6:mn:pro] tor: Aug 05 13:08:38.000 [notice] Bootstrapped 30% (loading_status): Loading networkstatus consensus
[w6:mn:pro] tor: Aug 05 13:08:40.000 [notice] Bootstrapped 40% (loading_keys): Loading authority key certs
[w6:mn:pro] tor: Aug 05 13:08:40.000 [notice] Bootstrapped 45% (requesting_descriptors): Asking for relay descriptors
Aug 05 13:08:40.000 [notice] I learned some more directory 
[w6:mn:pro] tor: Aug 05 13:08:41.000 [notice] Bootstrapped 50% (loading_descriptors): Loading relay descriptors
[w6:mn:pro] tor: Aug 05 13:08:47.000 [notice] Bootstrapped 55% (loading_descriptors): Loading relay descriptors
[w6:mn:pro] tor: Aug 05 13:08:48.000 [notice] Bootstrapped 61% (loading_descriptors): Loading relay descriptors
[w6:mn:pro] tor: Aug 05 13:08:48.000 [notice] Bootstrapped 67% (loading_descriptors): Loading relay descriptors
[w6:mn:pro] tor: Aug 05 13:08:49.000 [notice] Bootstrapped 75% (enough_dirinfo): Loaded enough directory info to build circuits
[w6:mn:pro] tor: Aug 05 13:08:50.000 [notice] Bootstrapped 90% (ap_handshake_done): Handshake finished with a relay to build circuits
Aug 05 13:08:50.000 [notice] Bootstrapped 9
[w6:mn:pro] tor: Aug 05 13:08:50.000 [notice] Bootstrapped 100% (done): Done
[w6:mn:pro] Tor ready on 19056 exit=192.42.116.96
[w6:mn:pro] Rotating IP (#22, try 1) after No Turnstile token for direct search → tor#23 socks5://127.0.0.1:19056
[w6:mn:pro] Launching persistent Chrome profile /tmp/lll-pw-w6-r22
[w6:mn:pro] Proxy tor#23 socks5://127.0.0.1:19056
[w6:mn:pro] Opening https://lastletterlibrary.com
[w6:mn:pro] Library mode=pro
[w6:mn:pro] Managed Turnstile token (len=816, 7334ms, remount)
[w6:mn:pro] Search mode=direct (skip UI Wait Ns… gate)
[w6:mn:pro] Cleaned 1 old rotated profile(s)
[w6:mn:pro] Browser exit IP=192.42.116.96 (unique)
[w6:mn:pro] Searching "multii" | queue=68 | words=26872
[w6:mn:pro] [api] 200 mode=pro startsWith=multii
[w6:mn:pro] [api] 200 mode=pro startsWith=multii (575ms direct)
[w6:mn:pro] "multii" → 1 records, 1 words
[w6:mn:pro] "multii" branch complete
[w6:mn:pro] Saved 26,873 worker words
[w6:mn:pro] Searching "multij" | queue=67 | words=26873
[w6:mn:pro] Pacing 16s before "multij" (gap=16000ms)
[w6:mn:pro] Managed Turnstile token (len=816, 3896ms, reset)
[w6:mn:pro] [api] 200 mode=pro startsWith=multij
[w6:mn:pro] [api] 200 mode=pro startsWith=multij (562ms direct)
[w6:mn:pro] "multij" → 3 records, 3 words
[w6:mn:pro] "multij" branch complete
[w6:mn:pro] Saved 26,876 worker words; shared last.txt now 323,523
[w6:mn:pro] Searching "multik" | queue=66 | words=26876
[w6:mn:pro] Pacing 15s before "multik" (gap=16000ms)
[w6:mn:pro] Managed Turnstile token (len=816, 5554ms, reset)
[w6:mn:pro] heartbeat words=26876 queue=66 rotation=22 idle=7s
[w6:mn:pro] [api] 200 mode=pro startsWith=multik
[w6:mn:pro] [api] 200 mode=pro startsWith=multik (523ms direct)
[w6:mn:pro] "multik" → 0 records, 0 words
[w6:mn:pro] "multik" branch complete
[w6:mn:pro] Saved 26,876 worker words
[w6:mn:pro] Searching "multil" | queue=65 | words=26876
[w6:mn:pro] Pacing 15s before "multil" (gap=16000ms)
[w6:mn:pro] Managed Turnstile token (len=816, 5213ms, reset)
[w6:mn:pro] [api] 200 mode=pro startsWith=multil
[w6:mn:pro] [api] 200 mode=pro startsWith=multil (534ms direct)
[w6:mn:pro] "multil" → 58 records, 58 words
[w6:mn:pro] "multil" branch complete
[w6:mn:pro] Saved 26,934 worker words
[w6:mn:pro] Searching "multim" | queue=64 | words=26934
[w6:mn:pro] Pacing 15s before "multim" (gap=16000ms)
[w6:mn:pro] Managed Turnstile token (len=816, 7241ms, reset)
[w6:mn:pro] [api] 200 mode=pro startsWith=multim
[w6:mn:pro] [api] 200 mode=pro startsWith=multim (542ms direct)
[w6:mn:pro] "multim" → 34 records, 34 words
[w6:mn:pro] "multim" branch complete
[w6:mn:pro] Saved 26,968 worker words
[w6:mn:pro] Searching "multin" | queue=63 | words=26968
[w6:mn:pro] Pacing 15s before "multin" (gap=16000ms)
[w6:mn:pro] Managed Turnstile token (len=816, 9043ms, reset)
[w6:mn:pro] [api] 200 mode=pro startsWith=multin
[w6:mn:pro] [api] 200 mode=pro startsWith=multin (458ms direct)
[w6:mn:pro] "multin" → 20 records, 20 words
[w6:mn:pro] "multin" branch complete
[w6:mn:pro] Saved 26,988 worker words
[w6:mn:pro] Searching "multio" | queue=62 | words=26988
[w6:mn:pro] Pacing 16s before "multio" (gap=16000ms)
[w6:mn:pro] heartbeat words=26988 queue=62 rotation=22 idle=8s
[w6:mn:pro] Managed Turnstile token (len=816, 12705ms, reset)
[w6:mn:pro] [api] 200 mode=pro startsWith=multio
[w6:mn:pro] [api] 200 mode=pro startsWith=multio (520ms direct)
[w6:mn:pro] "multio" → 4 records, 4 words
[w6:mn:pro] "multio" branch complete
[w6:mn:pro] Saved 26,992 worker words
[w6:mn:pro] Searching "multip" | queue=61 | words=26992
[w6:mn:pro] Pacing 15s before "multip" (gap=16000ms)
[w6:mn:pro] Managed Turnstile token (len=816, 17625ms, reset)
[w6:mn:pro] [api] 200 mode=pro startsWith=multip
[w6:mn:pro] [api] 200 mode=pro startsWith=multip (482ms direct)
[w6:mn:pro] "multip" → 100 records, 100 words
[w6:mn:pro] Pacing 15s before "multip" (gap=16000ms)
[w6:mn:pro] Managed Turnstile token (len=816, 15793ms, remount)
[w6:mn:pro] [api] 200 mode=pro startsWith=multip
[w6:mn:pro] [api] 200 mode=pro startsWith=multip sort=alphabetical:desc (522ms direct)
[w6:mn:pro] "multip" full page ends at "multipower" (next='o'); skip 26 covered groups → 2 children reverse Z→A ends at "multiparty" (lo='a' hi='y'); skip 23 middle + 17 new words
[w6:mn:pro] Saved 27,109 worker words
[w6:mn:pro] Searching "multiq" | queue=62 | words=27109
[w6:mn:pro] Pacing 15s before "multiq" (gap=16000ms)
[w6:mn:pro] heartbeat words=27109 queue=62 rotation=22 idle=22s
[w6:mn:pro] Turnstile mint hard timeout after 28000ms
[w6:mn:pro] Site Turnstile remint timed out (40701ms)
[w6:mn:pro] Turnstile token present (len=816)
[w6:mn:pro] Site Turnstile token (24259ms)
[w6:mn:pro] [api] 200 mode=pro startsWith=multiq
[w6:mn:pro] [api] 200 mode=pro startsWith=multiq (778ms direct)
[w6:mn:pro] "multiq" → 0 records, 0 words
[w6:mn:pro] "multiq" branch complete
[w6:mn:pro] Saved 27,109 worker words
[w6:mn:pro] Searching "multir" | queue=61 | words=27109
[w6:mn:pro] Pacing 15s before "multir" (gap=16000ms)
[w6:mn:pro] Managed Turnstile token (len=816, 5701ms, remount)
[w6:mn:pro] [api] 200 mode=pro startsWith=multir
[w6:mn:pro] [api] 200 mode=pro startsWith=multir (484ms direct)
[w6:mn:pro] "multir" → 27 records, 27 words
[w6:mn:pro] "multir" branch complete
[w6:mn:pro] Saved 27,136 worker words; shared last.txt now 324,070
[w6:mn:pro] Searching "multis" | queue=60 | words=27136
[w6:mn:pro] Pacing 13s before "multis" (gap=16000ms)
[w6:mn:pro] heartbeat words=27136 queue=60 rotation=22 idle=9s
[w6:mn:pro] Managed Turnstile token (len=816, 14649ms, reset)
[w6:mn:pro] [api] 200 mode=pro startsWith=multis
[w6:mn:pro] [api] 200 mode=pro startsWith=multis (435ms direct)
[w6:mn:pro] "multis" → 79 records, 79 words
[w6:mn:pro] "multis" branch complete
[w6:mn:pro] Saved 27,215 worker words
[w6:mn:pro] Searching "multit" | queue=59 | words=27215
[w6:mn:pro] Pacing 16s before "multit" (gap=16000ms)
[w6:mn:pro] Managed Turnstile token (len=816, 5771ms, reset)
[w6:mn:pro] [api] 200 mode=pro startsWith=multit
[w6:mn:pro] [api] 200 mode=pro startsWith=multit (418ms direct)
[w6:mn:pro] "multit" → 61 records, 61 words
[w6:mn:pro] "multit" branch complete
[w6:mn:pro] Saved 27,232 worker words
[w6:mn:pro] Searching "multiy" | queue=58 | words=27232
[w6:mn:pro] Pacing 16s before "multiy" (gap=16000ms)
[w6:mn:pro] Managed Turnstile token (len=816, 8573ms, reset)
[w6:mn:pro] [api] 200 mode=pro startsWith=multiy
[w6:mn:pro] [api] 200 mode=pro startsWith=multiy (543ms direct)
[w6:mn:pro] "multiy" → 1 records, 1 words
[w6:mn:pro] "multiy" branch complete
[w6:mn:pro] Saved 27,232 worker words
[w6:mn:pro] Searching "multiz" | queue=57 | words=27232
[w6:mn:pro] Pacing 16s before "multiz" (gap=16000ms)
[w6:mn:pro] Managed Turnstile token (len=816, 5212ms, reset)
[w6:mn:pro] [api] 200 mode=pro startsWith=multiz
[w6:mn:pro] [api] 200 mode=pro startsWith=multiz (571ms direct)
[w6:mn:pro] "multiz" → 0 records, 0 words
[w6:mn:pro] "multiz" branch complete
[w6:mn:pro] Saved 27,232 worker words
[w6:mn:pro] Searching "magneto" | queue=56 | words=27232
[w6:mn:pro] Pacing 16s before "magneto" (gap=16000ms)
[w6:mn:pro] Managed Turnstile token (len=816, 6544ms, reset)
[w6:mn:pro] heartbeat words=27232 queue=56 rotation=22 idle=2s
[w6:mn:pro] [api] 200 mode=pro startsWith=magneto
[w6:mn:pro] [api] 200 mode=pro startsWith=magneto (596ms direct)
[w6:mn:pro] "magneto" → 93 records, 93 words (incl. exact "magneto")
[w6:mn:pro] "magneto" branch complete
[w6:mn:pro] Saved 27,232 worker words
[w6:mn:pro] Searching "magnetp" | queue=55 | words=27232
[w6:mn:pro] Pacing 15s before "magnetp" (gap=16000ms)
[w6:mn:pro] Turnstile token present (len=816)
[w6:mn:pro] Site Turnstile token (24862ms)
[w6:mn:pro] [api] 200 mode=pro startsWith=magnetp
[w6:mn:pro] [api] 200 mode=pro startsWith=magnetp (516ms direct)
[w6:mn:pro] "magnetp" → 0 records, 0 words
[w6:mn:pro] "magnetp" branch complete
[w6:mn:pro] Saved 27,232 worker words
[w6:mn:pro] Searching "magnetq" | queue=54 | words=27232
[w6:mn:pro] Pacing 15s before "magnetq" (gap=16000ms)
[w6:mn:pro] Managed Turnstile token (len=816, 17969ms, remount)
[w6:mn:pro] [api] 200 mode=pro startsWith=magnetq
[w6:mn:pro] [api] 200 mode=pro startsWith=magnetq (490ms direct)
[w6:mn:pro] "magnetq" → 0 records, 0 words
[w6:mn:pro] "magnetq" branch complete
[w6:mn:pro] Saved 27,232 worker words
[w6:mn:pro] Searching "magnetr" | queue=53 | words=27232
[w6:mn:pro] Pacing 16s before "magnetr" (gap=16000ms)
[w6:mn:pro] heartbeat words=27232 queue=53 rotation=22 idle=8s
[w6:mn:pro] Site Turnstile remint timed out (22705ms)
[w6:mn:pro] Site Turnstile remint timed out (25800ms)
[w6:mn:pro] Managed Turnstile token (len=816, 16298ms, remount)
[w6:mn:pro] [api] 200 mode=pro startsWith=magnetr
[w6:mn:pro] [api] 200 mode=pro startsWith=magnetr (469ms direct)
[w6:mn:pro] "magnetr" → 2 records, 2 words
[w6:mn:pro] "magnetr" branch complete
[w6:mn:pro] Saved 27,232 worker words; shared last.txt now 324,516
[w6:mn:pro] Searching "magnets" | queue=52 | words=27232
[w6:mn:pro] Pacing 15s before "magnets" (gap=16000ms)
[w6:mn:pro] heartbeat words=27232 queue=52 rotation=22 idle=2s
[w6:mn:pro] Turnstile token present (len=816)
[w6:mn:pro] Site Turnstile token (22908ms)
[w6:mn:pro] [api] 200 mode=pro startsWith=magnets
[w6:mn:pro] [api] 200 mode=pro startsWith=magnets (462ms direct)
[w6:mn:pro] "magnets" → 1 records, 1 words (incl. exact "magnets")
[w6:mn:pro] "magnets" branch complete
[w6:mn:pro] Saved 27,232 worker words
[w6:mn:pro] Searching "magnett" | queue=51 | words=27232
[w6:mn:pro] Pacing 16s before "magnett" (gap=16000ms)
[w6:mn:pro] Managed Turnstile token (len=816, 6035ms, remount)
[w6:mn:pro] [api] 200 mode=pro startsWith=magnett
[w6:mn:pro] [api] 200 mode=pro startsWith=magnett (443ms direct)
[w6:mn:pro] "magnett" → 0 records, 0 words
[w6:mn:pro] "magnett" branch complete
[w6:mn:pro] Saved 27,232 worker words
[w6:mn:pro] Searching "magnetu" | queue=50 | words=27232
[w6:mn:pro] Pacing 16s before "magnetu" (gap=16000ms)
[w6:mn:pro] Managed Turnstile token (len=816, 4387ms, reset)
[w6:mn:pro] [api] 200 mode=pro startsWith=magnetu
[w6:mn:pro] [api] 200 mode=pro startsWith=magnetu (436ms direct)
[w6:mn:pro] "magnetu" → 0 records, 0 words
[w6:mn:pro] "magnetu" branch complete
[w6:mn:pro] Saved 27,232 worker words
[w6:mn:pro] Searching "magnetv" | queue=49 | words=27232
[w6:mn:pro] Pacing 16s before "magnetv" (gap=16000ms)
[w6:mn:pro] Managed Turnstile token (len=816, 4004ms, reset)
[w6:mn:pro] heartbeat words=27232 queue=49 rotation=22 idle=3s
[w6:mn:pro] [api] 200 mode=pro startsWith=magnetv
[w6:mn:pro] [api] 200 mode=pro startsWith=magnetv (463ms direct)
[w6:mn:pro] "magnetv" → 0 records, 0 words
[w6:mn:pro] "magnetv" branch complete
[w6:mn:pro] Saved 27,232 worker words
[w6:mn:pro] Searching "magnetw" | queue=48 | words=27232
[w6:mn:pro] Pacing 16s before "magnetw" (gap=16000ms)
[w6:mn:pro] Managed Turnstile token (len=816, 6197ms, reset)
[w6:mn:pro] [api] 200 mode=pro startsWith=magnetw
[w6:mn:pro] [api] 200 mode=pro startsWith=magnetw (445ms direct)
[w6:mn:pro] "magnetw" → 0 records, 0 words
[w6:mn:pro] "magnetw" branch complete
[w6:mn:pro] Saved 27,232 worker words
[w6:mn:pro] Searching "magnetx" | queue=47 | words=27232
[w6:mn:pro] Pacing 16s before "magnetx" (gap=16000ms)
[w6:mn:pro] Managed Turnstile token (len=816, 4818ms, reset)
[w6:mn:pro] [api] 200 mode=pro startsWith=magnetx
[w6:mn:pro] [api] 200 mode=pro startsWith=magnetx (454ms direct)
[w6:mn:pro] "magnetx" → 0 records, 0 words
[w6:mn:pro] "magnetx" branch complete
[w6:mn:pro] Saved 27,232 worker words
[w6:mn:pro] Searching "magnety" | queue=46 | words=27232
[w6:mn:pro] Pacing 16s before "magnety" (gap=16000ms)
[w6:mn:pro] Managed Turnstile token (len=816, 9281ms, reset)
[w6:mn:pro] [api] 200 mode=pro startsWith=magnety
[w6:mn:pro] [api] 200 mode=pro startsWith=magnety (483ms direct)
[w6:mn:pro] "magnety" → 0 records, 0 words
[w6:mn:pro] "magnety" branch complete
[w6:mn:pro] Saved 27,232 worker words
[w6:mn:pro] Searching "magnetz" | queue=45 | words=27232
[w6:mn:pro] Pacing 15s before "magnetz" (gap=16000ms)
[w6:mn:pro] heartbeat words=27232 queue=45 rotation=22 idle=2s
[w6:mn:pro] Turnstile mint hard timeout after 28000ms
[w6:mn:pro] Site Turnstile remint timed out (29075ms)
[w6:mn:pro] Site Turnstile remint timed out (22891ms)
[w6:mn:pro] heartbeat words=27232 queue=45 rotation=22 idle=12s
[w6:mn:pro] Site Turnstile remint timed out (23015ms)
[w6:mn:pro] Site Turnstile remint timed out (23590ms)
[w6:mn:pro] heartbeat words=27232 queue=45 rotation=22 idle=25s
[w6:mn:pro] Turnstile mint hard timeout after 28000ms
[w6:mn:pro] Failed "magnetz" attempt 1: No Turnstile token for direct search
[w6:mn:pro] Site Turnstile remint timed out (30876ms)
[w6:mn:pro] Saved 27,232 worker words; shared last.txt now 324,865
[w6:mn:pro] Turnstile miss — soft reload before rotate
[w6:mn:pro] Turnstile token present (len=816)
[w6:mn:pro] Site Turnstile token (7493ms)
[w6:mn:pro] Searching "magnetz" | queue=45 | words=27232
[w6:mn:pro] [api] 200 mode=pro startsWith=magnetz
[w6:mn:pro] [api] 200 mode=pro startsWith=magnetz (469ms direct)
[w6:mn:pro] "magnetz" → 0 records, 0 words
[w6:mn:pro] "magnetz" branch complete
[w6:mn:pro] Saved 27,232 worker words
[w6:mn:pro] Searching "methylx" | queue=44 | words=27232
[w6:mn:pro] Pacing 16s before "methylx" (gap=16000ms)
[w6:mn:pro] Managed Turnstile token (len=816, 6878ms, remount)
[w6:mn:pro] [api] 200 mode=pro startsWith=methylx
[w6:mn:pro] [api] 200 mode=pro startsWith=methylx (458ms direct)
[w6:mn:pro] "methylx" → 2 records, 2 words
[w6:mn:pro] "methylx" branch complete
[w6:mn:pro] Saved 27,232 worker words
[w6:mn:pro] Searching "methyly" | queue=43 | words=27232
[w6:mn:pro] Pacing 16s before "methyly" (gap=16000ms)
[w6:mn:pro] Managed Turnstile token (len=816, 4863ms, reset)
[w6:mn:pro] [api] 200 mode=pro startsWith=methyly
[w6:mn:pro] [api] 200 mode=pro startsWith=methyly (454ms direct)
[w6:mn:pro] "methyly" → 0 records, 0 words
[w6:mn:pro] "methyly" branch complete
[w6:mn:pro] Saved 27,232 worker words
[w6:mn:pro] Searching "methylz" | queue=42 | words=27232
[w6:mn:pro] Pacing 16s before "methylz" (gap=16000ms)
[w6:mn:pro] Managed Turnstile token (len=816, 3695ms, reset)
[w6:mn:pro] heartbeat words=27232 queue=42 rotation=22 idle=3s
[w6:mn:pro] [api] 200 mode=pro startsWith=methylz
[w6:mn:pro] [api] 200 mode=pro startsWith=methylz (501ms direct)
[w6:mn:pro] "methylz" → 0 records, 0 words
[w6:mn:pro] "methylz" branch complete
[w6:mn:pro] Saved 27,232 worker words
[w6:mn:pro] Searching "microcy" | queue=41 | words=27232
[w6:mn:pro] Pacing 16s before "microcy" (gap=16000ms)
[w6:mn:pro] Managed Turnstile token (len=816, 4664ms, reset)
[w6:mn:pro] [api] 200 mode=pro startsWith=microcy
[w6:mn:pro] [api] 200 mode=pro startsWith=microcy (452ms direct)
[w6:mn:pro] "microcy" → 9 records, 9 words
[w6:mn:pro] "microcy" branch complete
[w6:mn:pro] Saved 27,232 worker words
[w6:mn:pro] Searching "microcz" | queue=40 | words=27232
[w6:mn:pro] Pacing 16s before "microcz" (gap=16000ms)
[w6:mn:pro] Managed Turnstile token (len=816, 7275ms, reset)
[w6:mn:pro] [api] 200 mode=pro startsWith=microcz
[w6:mn:pro] [api] 200 mode=pro startsWith=microcz (435ms direct)
[w6:mn:pro] "microcz" → 0 records, 0 words
[w6:mn:pro] "microcz" branch complete
[w6:mn:pro] Saved 27,232 worker words
[w6:mn:pro] Searching "micromo" | queue=39 | words=27232
[w6:mn:pro] Pacing 16s before "micromo" (gap=16000ms)
[w6:mn:pro] Managed Turnstile token (len=816, 5461ms, reset)
[w6:mn:pro] [api] 200 mode=pro startsWith=micromo
[w6:mn:pro] [api] 200 mode=pro startsWith=micromo (704ms direct)
[w6:mn:pro] "micromo" → 17 records, 17 words
[w6:mn:pro] "micromo" branch complete
[w6:mn:pro] Saved 27,232 worker words
[w6:mn:pro] Searching "micromp" | queue=38 | words=27232
[w6:mn:pro] Pacing 16s before "micromp" (gap=16000ms)
[w6:mn:pro] heartbeat words=27232 queue=38 rotation=22 idle=3s
[w6:mn:pro] Managed Turnstile token (len=816, 4777ms, reset)
[w6:mn:pro] [api] 200 mode=pro startsWith=micromp
[w6:mn:pro] [api] 200 mode=pro startsWith=micromp (446ms direct)
[w6:mn:pro] "micromp" → 0 records, 0 words
[w6:mn:pro] "micromp" branch complete
[w6:mn:pro] Saved 27,232 worker words; shared last.txt now 325,132
[w6:mn:pro] Searching "micromq" | queue=37 | words=27232
[w6:mn:pro] Pacing 16s before "micromq" (gap=16000ms)
[w6:mn:pro] Turnstile token present (len=816)
[w6:mn:pro] Site Turnstile token (20308ms)
[w6:mn:pro] [api] 200 mode=pro startsWith=micromq
[w6:mn:pro] [api] 200 mode=pro startsWith=micromq (512ms direct)
[w6:mn:pro] "micromq" → 0 records, 0 words
[w6:mn:pro] "micromq" branch complete
[w6:mn:pro] Saved 27,232 worker words
[w6:mn:pro] Searching "micromr" | queue=36 | words=27232
[w6:mn:pro] Pacing 16s before "micromr" (gap=16000ms)
[w6:mn:pro] Managed Turnstile token (len=816, 12136ms, remount)
[w6:mn:pro] [api] 200 mode=pro startsWith=micromr
[w6:mn:pro] [api] 200 mode=pro startsWith=micromr (524ms direct)
[w6:mn:pro] "micromr" → 0 records, 0 words
[w6:mn:pro] "micromr" branch complete
[w6:mn:pro] Saved 27,232 worker words
[w6:mn:pro] Searching "microms" | queue=35 | words=27232
[w6:mn:pro] Pacing 16s before "microms" (gap=16000ms)
[w6:mn:pro] heartbeat words=27232 queue=35 rotation=22 idle=10s
[w6:mn:pro] Managed Turnstile token (len=816, 16884ms, reset)
[w6:mn:pro] [api] 200 mode=pro startsWith=microms
[w6:mn:pro] [api] 200 mode=pro startsWith=microms (498ms direct)
[w6:mn:pro] "microms" → 0 records, 0 words
[w6:mn:pro] "microms" branch complete
[w6:mn:pro] Saved 27,232 worker words
[w6:mn:pro] Searching "micromt" | queue=34 | words=27232
[w6:mn:pro] Pacing 16s before "micromt" (gap=16000ms)
[w6:mn:pro] Site Turnstile remint timed out (26515ms)
[w6:mn:pro] Turnstile token present (len=816)
[w6:mn:pro] Site Turnstile token (22362ms)
[w6:mn:pro] [api] 200 mode=pro startsWith=micromt
[w6:mn:pro] [api] 200 mode=pro startsWith=micromt (2058ms direct)
[w6:mn:pro] "micromt" → 0 records, 0 words
[w6:mn:pro] "micromt" branch complete
[w6:mn:pro] Saved 27,232 worker words
[w6:mn:pro] Searching "micromu" | queue=33 | words=27232
[w6:mn:pro] Pacing 13s before "micromu" (gap=16000ms)
[w6:mn:pro] heartbeat words=27232 queue=33 rotation=22 idle=0s
[w6:mn:pro] Turnstile token present (len=816)
[w6:mn:pro] Site Turnstile token (22017ms)
[w6:mn:pro] [api] 200 mode=pro startsWith=micromu
[w6:mn:pro] [api] 200 mode=pro startsWith=micromu (560ms direct)
[w6:mn:pro] "micromu" → 0 records, 0 words
[w6:mn:pro] "micromu" branch complete
[w6:mn:pro] Saved 27,232 worker words
[w6:mn:pro] Searching "micromv" | queue=32 | words=27232
[w6:mn:pro] Pacing 16s before "micromv" (gap=16000ms)
[w6:mn:pro] Site Turnstile remint timed out (22656ms)
[w6:mn:pro] Managed Turnstile token (len=816, 12393ms, remount)
[w6:mn:pro] [api] 200 mode=pro startsWith=micromv
[w6:mn:pro] [api] 200 mode=pro startsWith=micromv (556ms direct)
[w6:mn:pro] "micromv" → 0 records, 0 words
[w6:mn:pro] "micromv" branch complete
[w6:mn:pro] Saved 27,232 worker words
[w6:mn:pro] Searching "micromw" | queue=31 | words=27232
[w6:mn:pro] Pacing 16s before "micromw" (gap=16000ms)
[w6:mn:pro] heartbeat words=27232 queue=31 rotation=22 idle=2s
[w6:mn:pro] Managed Turnstile token (len=816, 4900ms, reset)
[w6:mn:pro] [api] 200 mode=pro startsWith=micromw
[w6:mn:pro] [api] 200 mode=pro startsWith=micromw (454ms direct)
[w6:mn:pro] "micromw" → 0 records, 0 words
[w6:mn:pro] "micromw" branch complete
[w6:mn:pro] Saved 27,232 worker words
[w6:mn:pro] Searching "micromx" | queue=30 | words=27232
[w6:mn:pro] Pacing 16s before "micromx" (gap=16000ms)
[w6:mn:pro] Managed Turnstile token (len=816, 7888ms, reset)
[w6:mn:pro] [api] 200 mode=pro startsWith=micromx
[w6:mn:pro] [api] 200 mode=pro startsWith=micromx (476ms direct)
[w6:mn:pro] "micromx" → 0 records, 0 words
[w6:mn:pro] "micromx" branch complete
[w6:mn:pro] Saved 27,232 worker words; shared last.txt now 325,269
[w6:mn:pro] Searching "micromy" | queue=29 | words=27232
[w6:mn:pro] Pacing 11s before "micromy" (gap=16000ms)
[w6:mn:pro] Managed Turnstile token (len=816, 12019ms, reset)
[w6:mn:pro] [api] 200 mode=pro startsWith=micromy
[w6:mn:pro] [api] 200 mode=pro startsWith=micromy (561ms direct)
[w6:mn:pro] "micromy" → 2 records, 2 words
[w6:mn:pro] "micromy" branch complete
[w6:mn:pro] Saved 27,234 worker words
[w6:mn:pro] Searching "micromz" | queue=28 | words=27234
[w6:mn:pro] Pacing 16s before "micromz" (gap=16000ms)
[w6:mn:pro] Managed Turnstile token (len=816, 8105ms, reset)
[w6:mn:pro] heartbeat words=27234 queue=28 rotation=22 idle=6s
[w6:mn:pro] [api] 200 mode=pro startsWith=micromz
[w6:mn:pro] [api] 200 mode=pro startsWith=micromz (452ms direct)
[w6:mn:pro] "micromz" → 0 records, 0 words
[w6:mn:pro] "micromz" branch complete
[w6:mn:pro] Saved 27,234 worker words
[w6:mn:pro] Searching "micropl" | queue=27 | words=27234
[w6:mn:pro] Pacing 16s before "micropl" (gap=16000ms)
[w6:mn:pro] Managed Turnstile token (len=816, 13313ms, reset)
[w6:mn:pro] [api] 200 mode=pro startsWith=micropl
[w6:mn:pro] [api] 200 mode=pro startsWith=micropl (502ms direct)
[w6:mn:pro] "micropl" → 7 records, 7 words
[w6:mn:pro] "micropl" branch complete
[w6:mn:pro] Saved 27,238 worker words
[w6:mn:pro] Searching "micropm" | queue=26 | words=27238
[w6:mn:pro] Pacing 16s before "micropm" (gap=16000ms)
[w6:mn:pro] Managed Turnstile token (len=816, 5888ms, reset)
[w6:mn:pro] [api] 200 mode=pro startsWith=micropm
[w6:mn:pro] [api] 200 mode=pro startsWith=micropm (459ms direct)
[w6:mn:pro] "micropm" → 0 records, 0 words
[w6:mn:pro] "micropm" branch complete
[w6:mn:pro] Saved 27,238 worker words
[w6:mn:pro] Searching "micropn" | queue=25 | words=27238
[w6:mn:pro] Pacing 16s before "micropn" (gap=16000ms)
[w6:mn:pro] Managed Turnstile token (len=816, 4922ms, reset)
[w6:mn:pro] [api] 200 mode=pro startsWith=micropn
[w6:mn:pro] [api] 200 mode=pro startsWith=micropn (482ms direct)
[w6:mn:pro] "micropn" → 0 records, 0 words
[w6:mn:pro] "micropn" branch complete
[w6:mn:pro] Saved 27,238 worker words
[w6:mn:pro] Searching "micropo" | queue=24 | words=27238
[w6:mn:pro] Pacing 16s before "micropo" (gap=16000ms)
[w6:mn:pro] heartbeat words=27238 queue=24 rotation=22 idle=10s
[w6:mn:pro] Managed Turnstile token (len=816, 14318ms, remount)
[w6:mn:pro] [api] 200 mode=pro startsWith=micropo
[w6:mn:pro] [api] 200 mode=pro startsWith=micropo (1300ms direct)
[w6:mn:pro] "micropo" → 22 records, 22 words
[w6:mn:pro] "micropo" branch complete
[w6:mn:pro] Saved 27,260 worker words
[w6:mn:pro] Searching "micropp" | queue=23 | words=27260
[w6:mn:pro] Pacing 13s before "micropp" (gap=16000ms)
[w6:mn:pro] Managed Turnstile token (len=816, 5970ms, reset)
[w6:mn:pro] [api] 200 mode=pro startsWith=micropp
[w6:mn:pro] [api] 200 mode=pro startsWith=micropp (463ms direct)
[w6:mn:pro] "micropp" → 0 records, 0 words
[w6:mn:pro] "micropp" branch complete
[w6:mn:pro] Saved 27,260 worker words
[w6:mn:pro] Searching "micropq" | queue=22 | words=27260
[w6:mn:pro] Pacing 16s before "micropq" (gap=16000ms)
[w6:mn:pro] Managed Turnstile token (len=816, 4652ms, reset)
[w6:mn:pro] [api] 200 mode=pro startsWith=micropq
[w6:mn:pro] [api] 200 mode=pro startsWith=micropq (444ms direct)
[w6:mn:pro] "micropq" → 0 records, 0 words
[w6:mn:pro] "micropq" branch complete
[w6:mn:pro] Saved 27,260 worker words; shared last.txt now 325,385
[w6:mn:pro] Searching "micropr" | queue=21 | words=27260
[w6:mn:pro] Pacing 16s before "micropr" (gap=16000ms)
[w6:mn:pro] Managed Turnstile token (len=816, 5220ms, reset)
[w6:mn:pro] [api] 200 mode=pro startsWith=micropr
[w6:mn:pro] [api] 200 mode=pro startsWith=micropr (462ms direct)
[w6:mn:pro] "micropr" → 25 records, 25 words
[w6:mn:pro] "micropr" branch complete
[w6:mn:pro] Saved 27,285 worker words
[w6:mn:pro] Searching "microps" | queue=20 | words=27285
[w6:mn:pro] Pacing 16s before "microps" (gap=16000ms)
[w6:mn:pro] Managed Turnstile token (len=816, 5228ms, reset)
[w6:mn:pro] heartbeat words=27285 queue=20 rotation=22 idle=1s
[w6:mn:pro] [api] 200 mode=pro startsWith=microps
[w6:mn:pro] [api] 200 mode=pro startsWith=microps (477ms direct)
[w6:mn:pro] "microps" → 3 records, 3 words
[w6:mn:pro] "microps" branch complete
[w6:mn:pro] Saved 27,288 worker words
[w6:mn:pro] Searching "micropt" | queue=19 | words=27288
[w6:mn:pro] Pacing 16s before "micropt" (gap=16000ms)
[w6:mn:pro] Managed Turnstile token (len=816, 7082ms, reset)
[w6:mn:pro] [api] 200 mode=pro startsWith=micropt
[w6:mn:pro] [api] 200 mode=pro startsWith=micropt (439ms direct)
[w6:mn:pro] "micropt" → 9 records, 9 words
[w6:mn:pro] "micropt" branch complete
[w6:mn:pro] Saved 27,297 worker words
[w6:mn:pro] Searching "micropu" | queue=18 | words=27297
[w6:mn:pro] Pacing 16s before "micropu" (gap=16000ms)
[w6:mn:pro] Managed Turnstile token (len=816, 5161ms, reset)
[w6:mn:pro] [api] 200 mode=pro startsWith=micropu
[w6:mn:pro] [api] 200 mode=pro startsWith=micropu (459ms direct)
[w6:mn:pro] "micropu" → 11 records, 11 words
[w6:mn:pro] "micropu" branch complete
[w6:mn:pro] Saved 27,308 worker words
[w6:mn:pro] Searching "micropv" | queue=17 | words=27308
[w6:mn:pro] Pacing 15s before "micropv" (gap=16000ms)
[w6:mn:pro] Managed Turnstile token (len=816, 7943ms, reset)
[w6:mn:pro] [api] 200 mode=pro startsWith=micropv
[w6:mn:pro] [api] 200 mode=pro startsWith=micropv (475ms direct)
[w6:mn:pro] "micropv" → 0 records, 0 words
[w6:mn:pro] "micropv" branch complete
[w6:mn:pro] Saved 27,308 worker words
[w6:mn:pro] Searching "micropw" | queue=16 | words=27308
[w6:mn:pro] Pacing 16s before "micropw" (gap=16000ms)
[w6:mn:pro] heartbeat words=27308 queue=16 rotation=22 idle=2s
[w6:mn:pro] Managed Turnstile token (len=816, 16459ms, remount)
[w6:mn:pro] [api] 200 mode=pro startsWith=micropw
[w6:mn:pro] [api] 200 mode=pro startsWith=micropw (527ms direct)
[w6:mn:pro] "micropw" → 0 records, 0 words
[w6:mn:pro] "micropw" branch complete
[w6:mn:pro] Saved 27,308 worker words
[w6:mn:pro] Searching "micropx" | queue=15 | words=27308
[w6:mn:pro] Pacing 16s before "micropx" (gap=16000ms)
[w6:mn:pro] Managed Turnstile token (len=816, 13410ms, reset)
[w6:mn:pro] [api] 200 mode=pro startsWith=micropx
[w6:mn:pro] [api] 200 mode=pro startsWith=micropx (502ms direct)
[w6:mn:pro] "micropx" → 0 records, 0 words
[w6:mn:pro] "micropx" branch complete
[w6:mn:pro] Saved 27,308 worker words
[w6:mn:pro] Searching "micropy" | queue=14 | words=27308
[w6:mn:pro] Pacing 16s before "micropy" (gap=16000ms)
[w6:mn:pro] Managed Turnstile token (len=816, 10623ms, reset)
[w6:mn:pro] [api] 200 mode=pro startsWith=micropy
[w6:mn:pro] [api] 200 mode=pro startsWith=micropy (474ms direct)
[w6:mn:pro] "micropy" → 5 records, 5 words
[w6:mn:pro] "micropy" branch complete
[w6:mn:pro] Saved 27,313 worker words; shared last.txt now 325,603
[w6:mn:pro] Searching "micropz" | queue=13 | words=27313
[w6:mn:pro] Pacing 14s before "micropz" (gap=16000ms)
[w6:mn:pro] heartbeat words=27313 queue=13 rotation=22 idle=11s
[w6:mn:pro] Turnstile token present (len=816)
[w6:mn:pro] Site Turnstile token (22754ms)
[w6:mn:pro] [api] 200 mode=pro startsWith=micropz
[w6:mn:pro] [api] 200 mode=pro startsWith=micropz (478ms direct)
[w6:mn:pro] "micropz" → 0 records, 0 words
[w6:mn:pro] "micropz" branch complete
[w6:mn:pro] Saved 27,313 worker words
[w6:mn:pro] Searching "microsp" | queue=12 | words=27313
[w6:mn:pro] Pacing 16s before "microsp" (gap=16000ms)
[w6:mn:pro] Turnstile mint hard timeout after 28000ms
[w6:mn:pro] Turnstile token present (len=816)
[w6:mn:pro] Site Turnstile token (29665ms)
[w6:mn:pro] Managed Turnstile token (len=816, 16946ms, remount)
[w6:mn:pro] [api] 200 mode=pro startsWith=microsp
[w6:mn:pro] [api] 200 mode=pro startsWith=microsp (643ms direct)
[w6:mn:pro] "microsp" → 51 records, 51 words
[w6:mn:pro] "microsp" branch complete
[w6:mn:pro] Saved 27,331 worker words
[w6:mn:pro] Searching "microsq" | queue=11 | words=27331
[w6:mn:pro] Pacing 15s before "microsq" (gap=16000ms)
[w6:mn:pro] heartbeat words=27331 queue=11 rotation=22 idle=4s
[w6:mn:pro] Managed Turnstile token (len=816, 13312ms, reset)
[w6:mn:pro] [api] 200 mode=pro startsWith=microsq
[w6:mn:pro] [api] 200 mode=pro startsWith=microsq (490ms direct)
[w6:mn:pro] "microsq" → 0 records, 0 words
[w6:mn:pro] "microsq" branch complete
[w6:mn:pro] Saved 27,331 worker words
[w6:mn:pro] Searching "microsr" | queue=10 | words=27331
[w6:mn:pro] Pacing 16s before "microsr" (gap=16000ms)
[w6:mn:pro] Managed Turnstile token (len=816, 14212ms, reset)
[w6:mn:pro] [api] 200 mode=pro startsWith=microsr
[w6:mn:pro] [api] 200 mode=pro startsWith=microsr (497ms direct)
[w6:mn:pro] "microsr" → 0 records, 0 words
[w6:mn:pro] "microsr" branch complete
[w6:mn:pro] Saved 27,331 worker words
[w6:mn:pro] Searching "micross" | queue=9 | words=27331
[w6:mn:pro] Pacing 16s before "micross" (gap=16000ms)
[w6:mn:pro] Managed Turnstile token (len=816, 9932ms, reset)
[w6:mn:pro] [api] 200 mode=pro startsWith=micross
[w6:mn:pro] [api] 200 mode=pro startsWith=micross (451ms direct)
[w6:mn:pro] "micross" → 0 records, 0 words
[w6:mn:pro] "micross" branch complete
[w6:mn:pro] Saved 27,331 worker words
[w6:mn:pro] Searching "microst" | queue=8 | words=27331
[w6:mn:pro] Pacing 16s before "microst" (gap=16000ms)
[w6:mn:pro] Managed Turnstile token (len=816, 5439ms, reset)
[w6:mn:pro] [api] 200 mode=pro startsWith=microst
[w6:mn:pro] [api] 200 mode=pro startsWith=microst (489ms direct)
[w6:mn:pro] "microst" → 21 records, 21 words
[w6:mn:pro] "microst" branch complete
[w6:mn:pro] heartbeat words=27352 queue=8 rotation=22 idle=0s
[w6:mn:pro] Saved 27,352 worker words
[w6:mn:pro] Searching "microsu" | queue=7 | words=27352
[w6:mn:pro] Pacing 15s before "microsu" (gap=16000ms)
[w6:mn:pro] Managed Turnstile token (len=816, 13971ms, reset)
[w6:mn:pro] [api] 200 mode=pro startsWith=microsu
[w6:mn:pro] [api] 200 mode=pro startsWith=microsu (639ms direct)
[w6:mn:pro] "microsu" → 6 records, 6 words
[w6:mn:pro] "microsu" branch complete
[w6:mn:pro] Saved 27,358 worker words
[w6:mn:pro] Searching "microsv" | queue=6 | words=27358
[w6:mn:pro] Pacing 14s before "microsv" (gap=16000ms)
[w6:mn:pro] Managed Turnstile token (len=816, 11954ms, reset)
[w6:mn:pro] [api] 200 mode=pro startsWith=microsv
[w6:mn:pro] [api] 200 mode=pro startsWith=microsv (522ms direct)
[w6:mn:pro] "microsv" → 0 records, 0 words
[w6:mn:pro] "microsv" branch complete
[w6:mn:pro] Saved 27,358 worker words; shared last.txt now 325,827
[w6:mn:pro] Searching "microsw" | queue=5 | words=27358
[w6:mn:pro] Pacing 14s before "microsw" (gap=16000ms)
[w6:mn:pro] Managed Turnstile token (len=816, 12022ms, reset)
[w6:mn:pro] [api] 200 mode=pro startsWith=microsw
[w6:mn:pro] [api] 200 mode=pro startsWith=microsw (469ms direct)
[w6:mn:pro] "microsw" → 2 records, 2 words
[w6:mn:pro] "microsw" branch complete
[w6:mn:pro] Saved 27,360 worker words
[w6:mn:pro] Searching "microsx" | queue=4 | words=27360
[w6:mn:pro] Pacing 16s before "microsx" (gap=16000ms)
[w6:mn:pro] heartbeat words=27360 queue=4 rotation=22 idle=12s
[w6:mn:pro] Managed Turnstile token (len=816, 13655ms, remount)
[w6:mn:pro] [api] 200 mode=pro startsWith=microsx
[w6:mn:pro] [api] 200 mode=pro startsWith=microsx (457ms direct)
[w6:mn:pro] "microsx" → 0 records, 0 words
[w6:mn:pro] "microsx" branch complete
[w6:mn:pro] Saved 27,360 worker words
[w6:mn:pro] Searching "microsy" | queue=3 | words=27360
[w6:mn:pro] Pacing 16s before "microsy" (gap=16000ms)
[w6:mn:pro] Managed Turnstile token (len=816, 12191ms, reset)
[w6:mn:pro] [api] 200 mode=pro startsWith=microsy
[w6:mn:pro] [api] 200 mode=pro startsWith=microsy (476ms direct)
[w6:mn:pro] "microsy" → 1 records, 1 words
[w6:mn:pro] "microsy" branch complete
[w6:mn:pro] Saved 27,361 worker words
[w6:mn:pro] Searching "microsz" | queue=2 | words=27361
[w6:mn:pro] Pacing 16s before "microsz" (gap=16000ms)
[w6:mn:pro] Managed Turnstile token (len=816, 7030ms, reset)
[w6:mn:pro] [api] 200 mode=pro startsWith=microsz
[w6:mn:pro] [api] 200 mode=pro startsWith=microsz (481ms direct)
[w6:mn:pro] "microsz" → 0 records, 0 words
[w6:mn:pro] "microsz" branch complete
[w6:mn:pro] Saved 27,361 worker words
[w6:mn:pro] Searching "multipy" | queue=1 | words=27361
[w6:mn:pro] Pacing 16s before "multipy" (gap=16000ms)
[w6:mn:pro] Managed Turnstile token (len=816, 4092ms, reset)
[w6:mn:pro] [api] 200 mode=pro startsWith=multipy
[w6:mn:pro] [api] 200 mode=pro startsWith=multipy (457ms direct)
[w6:mn:pro] "multipy" → 1 records, 1 words
[w6:mn:pro] "multipy" branch complete
[w6:mn:pro] Saved 27,361 worker words
[w6:mn:pro] Searching "multipz" | queue=0 | words=27361
[w6:mn:pro] Pacing 16s before "multipz" (gap=16000ms)
[w6:mn:pro] Managed Turnstile token (len=816, 4691ms, reset)
[w6:mn:pro] heartbeat words=27361 queue=0 rotation=22 idle=4s
[w6:mn:pro] [api] 200 mode=pro startsWith=multipz
[w6:mn:pro] [api] 200 mode=pro startsWith=multipz (551ms direct)
[w6:mn:pro] "multipz" → 0 records, 0 words
[w6:mn:pro] "multipz" branch complete
[w6:mn:pro] Saved 27,361 worker words
[w6:mn:pro] Starting next root letter "n"
[w6:mn:pro] Searching "n" | queue=0 | words=27361
[w6:mn:pro] Pacing 15s before "n" (gap=16000ms)
[w6:mn:pro] Managed Turnstile token (len=816, 8702ms, reset)
[w6:mn:pro] [api] 200 mode=pro startsWith=n
[w6:mn:pro] [api] 200 mode=pro startsWith=n (494ms direct)
[w6:mn:pro] "n" → 100 records, 100 words (incl. exact "n")
[w6:mn:pro] Pacing 16s before "n" (gap=16000ms)
[w6:mn:pro] Managed Turnstile token (len=816, 11997ms, reset)
[w6:mn:pro] [api] 200 mode=pro startsWith=n
[w6:mn:pro] [api] 200 mode=pro startsWith=n sort=alphabetical:desc (496ms direct)
[w6:mn:pro] "n" full page ends at "n-hydroxylations" (next='-'); skip 1 covered groups → 27 children reverse Z→A ends at "nycturia" (lo='y' hi='z'); skip 0 middle + 100 new words
[w6:mn:pro] Saved 27,561 worker words
[w6:mn:pro] Searching "n-" | queue=26 | words=27561
[w6:mn:pro] Pacing 16s before "n-" (gap=16000ms)
[w6:mn:pro] Managed Turnstile token (len=816, 5122ms, reset)
[w6:mn:pro] [api] 200 mode=pro startsWith=n-
[w6:mn:pro] [api] 200 mode=pro startsWith=n- (472ms direct)
[w6:mn:pro] "n-" → 100 records, 100 words
[w6:mn:pro] Pacing 16s before "n-" (gap=16000ms)
[w6:mn:pro] heartbeat words=27562 queue=26 rotation=22 idle=4s
[w6:mn:pro] Turnstile token present (len=816)
[w6:mn:pro] Site Turnstile token (18741ms)
[w6:mn:pro] [api] 200 mode=pro startsWith=n-
[w6:mn:pro] [api] 200 mode=pro startsWith=n- sort=alphabetical:desc (474ms direct)
[w6:mn:pro] "n-" full page ends at "n-hydroxyphthalimide" (next='h'); skip 24 covered groups → 4 children reverse Z→A ends at "n-desmethyltamoxifen" (lo='d' hi='w'); skip 18 middle + 75 new words
[w6:mn:pro] Saved 27,637 worker words; shared last.txt now 326,556
[w6:mn:pro] Searching "na" | queue=29 | words=27637
[w6:mn:pro] Pacing 13s before "na" (gap=16000ms)
[w6:mn:pro] Managed Turnstile token (len=816, 13249ms, remount)
[w6:mn:pro] [api] 200 mode=pro startsWith=na
[w6:mn:pro] [api] 200 mode=pro startsWith=na (1280ms direct)
[w6:mn:pro] "na" → 100 records, 100 words (incl. exact "na")
[w6:mn:pro] Pacing 15s before "na" (gap=16000ms)
[w6:mn:pro] Managed Turnstile token (len=816, 15848ms, reset)
[w6:mn:pro] [api] 200 mode=pro startsWith=na
[w6:mn:pro] [api] 200 mode=pro startsWith=na sort=alphabetical:desc (627ms direct)
[w6:mn:pro] "na" full page ends at "nacrites" (next='c'); skip 7 covered groups → 21 children reverse Z→A ends at "navig" (lo='v' hi='z'); skip 3 middle + 100 new words
[w6:mn:pro] Saved 27,837 worker words
[w6:mn:pro] Searching "nb" | queue=49 | words=27837
[w6:mn:pro] Pacing 15s before "nb" (gap=16000ms)
[w6:mn:pro] Managed Turnstile token (len=816, 11100ms, reset)
[w6:mn:pro] heartbeat words=27837 queue=49 rotation=22 idle=0s
[w6:mn:pro] [api] 200 mode=pro startsWith=nb
[w6:mn:pro] [api] 200 mode=pro startsWith=nb (477ms direct)
[w6:mn:pro] "nb" → 1 records, 1 words
[w6:mn:pro] "nb" branch complete
[w6:mn:pro] Saved 27,838 worker words
[w6:mn:pro] Searching "nc" | queue=48 | words=27838
[w6:mn:pro] Pacing 16s before "nc" (gap=16000ms)
[w6:mn:pro] Managed Turnstile token (len=816, 9536ms, reset)
[w6:mn:pro] [api] 200 mode=pro startsWith=nc
[w6:mn:pro] [api] 200 mode=pro startsWith=nc (612ms direct)
[w6:mn:pro] "nc" → 1 records, 1 words
[w6:mn:pro] "nc" branch complete
[w6:mn:pro] Saved 27,839 worker words
[w6:mn:pro] Searching "nd" | queue=47 | words=27839
[w6:mn:pro] Pacing 16s before "nd" (gap=16000ms)
[w6:mn:pro] Managed Turnstile token (len=816, 17865ms, reset)
[w6:mn:pro] [api] 200 mode=pro startsWith=nd
[w6:mn:pro] [api] 200 mode=pro startsWith=nd (643ms direct)
[w6:mn:pro] "nd" → 19 records, 19 words
[w6:mn:pro] "nd" branch complete
[w6:mn:pro] Saved 27,858 worker words
[w6:mn:pro] Searching "ne" | queue=46 | words=27858
[w6:mn:pro] Pacing 15s before "ne" (gap=16000ms)
[w6:mn:pro] heartbeat words=27858 queue=46 rotation=22 idle=21s
[w6:mn:pro] Site Turnstile remint timed out (25995ms)
[w6:mn:pro] Turnstile token present (len=816)
[w6:mn:pro] Site Turnstile token (20927ms)
[w6:mn:pro] [api] 200 mode=pro startsWith=ne
[w6:mn:pro] [api] 200 mode=pro startsWith=ne (530ms direct)
[w6:mn:pro] "ne" → 100 records, 100 words (incl. exact "ne")
[w6:mn:pro] Pacing 16s before "ne" (gap=16000ms)
[w6:mn:pro] Managed Turnstile token (len=816, 16002ms, remount)
[w6:mn:pro] [api] 200 mode=pro startsWith=ne
[w6:mn:pro] [api] 200 mode=pro startsWith=ne sort=alphabetical:desc (606ms direct)
[w6:mn:pro] "ne" full page ends at "nebaioth" (next='b'); skip 4 covered groups → 24 children reverse Z→A ends at "newslessness" (lo='w' hi='y'); skip 1 middle + 100 new words
[w6:mn:pro] Saved 28,058 worker words
[w6:mn:pro] Searching "nf" | queue=69 | words=28058
[w6:mn:pro] Pacing 16s before "nf" (gap=16000ms)
[w6:mn:pro] Managed Turnstile token (len=816, 10357ms, reset)
[w6:mn:pro] [api] 200 mode=pro startsWith=nf
[w6:mn:pro] [api] 200 mode=pro startsWith=nf (519ms direct)
[w6:mn:pro] "nf" → 0 records, 0 words
[w6:mn:pro] "nf" branch complete
[w6:mn:pro] Saved 28,058 worker words
[w6:mn:pro] Searching "ng" | queue=68 | words=28058
[w6:mn:pro] Pacing 15s before "ng" (gap=16000ms)
[w6:mn:pro] heartbeat words=28058 queue=68 rotation=22 idle=0s
[w6:mn:pro] Managed Turnstile token (len=816, 15755ms, reset)
[w6:mn:pro] [api] 200 mode=pro startsWith=ng
[w6:mn:pro] [api] 200 mode=pro startsWith=ng (538ms direct)
[w6:mn:pro] "ng" → 56 records, 56 words
[w6:mn:pro] "ng" branch complete
[w6:mn:pro] Saved 28,114 worker words
[w6:mn:pro] Searching "nh" | queue=67 | words=28114
[w6:mn:pro] Pacing 16s before "nh" (gap=16000ms)
[w6:mn:pro] Site Turnstile remint timed out (22610ms)
[w6:mn:pro] Managed Turnstile token (len=816, 13719ms, remount)
[w6:mn:pro] [api] 200 mode=pro startsWith=nh
[w6:mn:pro] [api] 200 mode=pro startsWith=nh (491ms direct)
[w6:mn:pro] "nh" → 8 records, 8 words
[w6:mn:pro] "nh" branch complete
[w6:mn:pro] Saved 28,122 worker words; shared last.txt now 328,154
[w6:mn:pro] Searching "ni" | queue=66 | words=28122
[w6:mn:pro] Pacing 13s before "ni" (gap=16000ms)
[w6:mn:pro] heartbeat words=28122 queue=66 rotation=22 idle=4s
[w6:mn:pro] Site Turnstile remint timed out (22776ms)
[w6:mn:pro] Site Turnstile remint timed out (26626ms)
[w6:mn:pro] Managed Turnstile token (len=816, 10514ms, remount)
[w6:mn:pro] [api] 200 mode=pro startsWith=ni
[w6:mn:pro] [api] 200 mode=pro startsWith=ni (576ms direct)
[w6:mn:pro] "ni" → 100 records, 100 words (incl. exact "ni")
[w6:mn:pro] Pacing 16s before "ni" (gap=16000ms)
[w6:mn:pro] Managed Turnstile token (len=816, 6144ms, reset)
[w6:mn:pro] heartbeat words=28222 queue=66 rotation=22 idle=0s
[w6:mn:pro] [api] 200 mode=pro startsWith=ni
[w6:mn:pro] [api] 200 mode=pro startsWith=ni sort=alphabetical:desc (490ms direct)
[w6:mn:pro] "ni" full page ends at "nichromite" (next='c'); skip 9 covered groups → 19 children reverse Z→A ends at "nitrosomonas" (lo='t' hi='z'); skip 5 middle + 100 new words
[w6:mn:pro] Saved 28,322 worker words
[w6:mn:pro] Searching "nj" | queue=84 | words=28322
[w6:mn:pro] Pacing 16s before "nj" (gap=16000ms)
[w6:mn:pro] Managed Turnstile token (len=816, 7903ms, reset)
[w6:mn:pro] [api] 200 mode=pro startsWith=nj
[w6:mn:pro] [api] 200 mode=pro startsWith=nj (453ms direct)
[w6:mn:pro] "nj" → 4 records, 4 words
[w6:mn:pro] "nj" branch complete
[w6:mn:pro] Saved 28,326 worker words
[w6:mn:pro] Searching "nk" | queue=83 | words=28326
[w6:mn:pro] Pacing 16s before "nk" (gap=16000ms)
[w6:mn:pro] Managed Turnstile token (len=816, 4251ms, reset)
[w6:mn:pro] [api] 200 mode=pro startsWith=nk
[w6:mn:pro] [api] 200 mode=pro startsWith=nk (443ms direct)
[w6:mn:pro] "nk" → 19 records, 19 words
[w6:mn:pro] "nk" branch complete
[w6:mn:pro] Saved 28,345 worker words
[w6:mn:pro] Searching "nl" | queue=82 | words=28345
[w6:mn:pro] Pacing 16s before "nl" (gap=16000ms)
[w6:mn:pro] Managed Turnstile token (len=816, 4303ms, reset)
[w6:mn:pro] [api] 200 mode=pro startsWith=nl
[w6:mn:pro] [api] 200 mode=pro startsWith=nl (481ms direct)
[w6:mn:pro] "nl" → 1 records, 1 words
[w6:mn:pro] "nl" branch complete
[w6:mn:pro] Saved 28,346 worker words
[w6:mn:pro] Searching "nm" | queue=81 | words=28346
[w6:mn:pro] Pacing 16s before "nm" (gap=16000ms)
[w6:mn:pro] heartbeat words=28346 queue=81 rotation=22 idle=2s
[w6:mn:pro] Managed Turnstile token (len=816, 4248ms, reset)
[w6:mn:pro] [api] 200 mode=pro startsWith=nm
[w6:mn:pro] [api] 200 mode=pro startsWith=nm (434ms direct)
[w6:mn:pro] "nm" → 0 records, 0 words
[w6:mn:pro] "nm" branch complete
[w6:mn:pro] Saved 28,346 worker words
[w6:mn:pro] Searching "nn" | queue=80 | words=28346
[w6:mn:pro] Pacing 16s before "nn" (gap=16000ms)
[w6:mn:pro] Managed Turnstile token (len=816, 4509ms, reset)
[w6:mn:pro] [api] 200 mode=pro startsWith=nn
[w6:mn:pro] [api] 200 mode=pro startsWith=nn (434ms direct)
[w6:mn:pro] "nn" → 0 records, 0 words
[w6:mn:pro] "nn" branch complete
[w6:mn:pro] Saved 28,346 worker words
[w6:mn:pro] Searching "no" | queue=79 | words=28346
[w6:mn:pro] Pacing 16s before "no" (gap=16000ms)
[w6:mn:pro] Managed Turnstile token (len=816, 4461ms, reset)
[w6:mn:pro] [api] 200 mode=pro startsWith=no
[w6:mn:pro] [api] 200 mode=pro startsWith=no (654ms direct)
[w6:mn:pro] "no" → 100 records, 100 words (incl. exact "no")
[w6:mn:pro] Pacing 16s before "no" (gap=16000ms)
[w6:mn:pro] Managed Turnstile token (len=816, 12038ms, remount)
[w6:mn:pro] heartbeat words=28446 queue=79 rotation=22 idle=2s
[w6:mn:pro] [api] 200 mode=pro startsWith=no
[w6:mn:pro] [api] 200 mode=pro startsWith=no sort=alphabetical:desc (567ms direct)
[w6:mn:pro] "no" full page ends at "nobodies" (next='b'); skip 6 covered groups → 22 children reverse Z→A ends at "novitiation" (lo='v' hi='z'); skip 3 middle + 100 new words
[w6:mn:pro] Saved 28,546 worker words
[w6:mn:pro] Searching "np" | queue=100 | words=28546
[w6:mn:pro] Pacing 16s before "np" (gap=16000ms)
[w6:mn:pro] Managed Turnstile token (len=816, 15984ms, reset)
[w6:mn:pro] [api] 200 mode=pro startsWith=np
[w6:mn:pro] [api] 200 mode=pro startsWith=np (685ms direct)
[w6:mn:pro] "np" → 6 records, 6 words (incl. exact "np")
[w6:mn:pro] "np" branch complete
[w6:mn:pro] Saved 28,552 worker words; shared last.txt now 329,542
[w6:mn:pro] Searching "nq" | queue=99 | words=28552
[w6:mn:pro] Pacing 14s before "nq" (gap=16000ms)
[w6:mn:pro] Turnstile token present (len=816)
[w6:mn:pro] Site Turnstile token (19711ms)
[w6:mn:pro] [api] 200 mode=pro startsWith=nq
[w6:mn:pro] [api] 200 mode=pro startsWith=nq (496ms direct)
[w6:mn:pro] "nq" → 1 records, 1 words
[w6:mn:pro] "nq" branch complete
[w6:mn:pro] Saved 28,553 worker words
[w6:mn:pro] Searching "nr" | queue=98 | words=28553
[w6:mn:pro] Pacing 15s before "nr" (gap=16000ms)
[w6:mn:pro] heartbeat words=28553 queue=98 rotation=22 idle=20s
[w6:mn:pro] Turnstile token present (len=816)
[w6:mn:pro] Site Turnstile token (20691ms)
[w6:mn:pro] [api] 200 mode=pro startsWith=nr
[w6:mn:pro] [api] 200 mode=pro startsWith=nr (474ms direct)
[w6:mn:pro] "nr" → 3 records, 3 words
[w6:mn:pro] "nr" branch complete
[w6:mn:pro] Saved 28,556 worker words
[w6:mn:pro] Searching "ns" | queue=97 | words=28556
[w6:mn:pro] Pacing 15s before "ns" (gap=16000ms)
[w6:mn:pro] Managed Turnstile token (len=816, 15224ms, remount)
[w6:mn:pro] [api] 200 mode=pro startsWith=ns
[w6:mn:pro] [api] 200 mode=pro startsWith=ns (523ms direct)
[w6:mn:pro] "ns" → 10 records, 10 words
[w6:mn:pro] "ns" branch complete
[w6:mn:pro] Saved 28,566 worker words
[w6:mn:pro] Searching "nt" | queue=96 | words=28566
[w6:mn:pro] Pacing 15s before "nt" (gap=16000ms)
[w6:mn:pro] Managed Turnstile token (len=816, 14687ms, reset)
[w6:mn:pro] [api] 200 mode=pro startsWith=nt
[w6:mn:pro] [api] 200 mode=pro startsWith=nt (460ms direct)
[w6:mn:pro] "nt" → 5 records, 5 words (incl. exact "nt")
[w6:mn:pro] "nt" branch complete
[w6:mn:pro] Saved 28,571 worker words
[w6:mn:pro] Searching "nu" | queue=95 | words=28571
[w6:mn:pro] Pacing 16s before "nu" (gap=16000ms)
[w6:mn:pro] Managed Turnstile token (len=816, 4815ms, reset)
[w6:mn:pro] [api] 200 mode=pro startsWith=nu
[w6:mn:pro] [api] 200 mode=pro startsWith=nu (496ms direct)
[w6:mn:pro] "nu" → 100 records, 100 words (incl. exact "nu")
[w6:mn:pro] Pacing 16s before "nu" (gap=16000ms)
[w6:mn:pro] Managed Turnstile token (len=816, 5574ms, reset)
[w6:mn:pro] heartbeat words=28671 queue=95 rotation=22 idle=6s
[w6:mn:pro] [api] 200 mode=pro startsWith=nu
[w6:mn:pro] [api] 200 mode=pro startsWith=nu sort=alphabetical:desc (499ms direct)
[w6:mn:pro] "nu" full page ends at "nucleiform" (next='c'); skip 9 covered groups → 19 children reverse Z→A ends at "nutmeals" (lo='t' hi='z'); skip 5 middle + 100 new words
[w6:mn:pro] Saved 28,771 worker words
[w6:mn:pro] Searching "nv" | queue=113 | words=28771
[w6:mn:pro] Pacing 16s before "nv" (gap=16000ms)
[w6:mn:pro] Managed Turnstile token (len=816, 12878ms, reset)
[w6:mn:pro] [api] 200 mode=pro startsWith=nv
[w6:mn:pro] [api] 200 mode=pro startsWith=nv (561ms direct)
[w6:mn:pro] "nv" → 1 records, 1 words
[w6:mn:pro] "nv" branch complete
[w6:mn:pro] Saved 28,772 worker words
[w6:mn:pro] Searching "nw" | queue=112 | words=28772
[w6:mn:pro] Pacing 16s before "nw" (gap=16000ms)
[w6:mn:pro] Managed Turnstile token (len=816, 12418ms, reset)
[w6:mn:pro] [api] 200 mode=pro startsWith=nw
[w6:mn:pro] [api] 200 mode=pro startsWith=nw (511ms direct)
[w6:mn:pro] "nw" → 1 records, 1 words (incl. exact "nw")
[w6:mn:pro] "nw" branch complete
[w6:mn:pro] Saved 28,773 worker words
[w6:mn:pro] Searching "nx" | queue=111 | words=28773
[w6:mn:pro] Pacing 16s before "nx" (gap=16000ms)
[w6:mn:pro] heartbeat words=28773 queue=111 rotation=22 idle=23s
[w6:mn:pro] Turnstile token present (len=816)
[w6:mn:pro] Site Turnstile token (23342ms)
[w6:mn:pro] [api] 200 mode=pro startsWith=nx
[w6:mn:pro] [api] 200 mode=pro startsWith=nx (456ms direct)
[w6:mn:pro] "nx" → 0 records, 0 words
[w6:mn:pro] "nx" branch complete
[w6:mn:pro] Saved 28,773 worker words; shared last.txt now 330,041
[w6:mn:pro] Searching "ny" | queue=110 | words=28773
[w6:mn:pro] Pacing 14s before "ny" (gap=16000ms)
[w6:mn:pro] Managed Turnstile token (len=816, 16303ms, remount)
[w6:mn:pro] [api] 200 mode=pro startsWith=ny
[w6:mn:pro] [api] 200 mode=pro startsWith=ny (570ms direct)
[w6:mn:pro] "ny" → 100 records, 100 words (incl. exact "ny")
[w6:mn:pro] Pacing 15s before "ny" (gap=16000ms)
[w6:mn:pro] Managed Turnstile token (len=816, 7019ms, reset)
[w6:mn:pro] [api] 200 mode=pro startsWith=ny
[w6:mn:pro] [api] 200 mode=pro startsWith=ny sort=alphabetical:desc (487ms direct)
[w6:mn:pro] "ny" full page ends at "nympha" (next='m'); skip 25 covered groups → 3 children reverse Z→A ends at "nyctophobias" (lo='c' hi='x'); skip 20 middle + 0 new words
[w6:mn:pro] Saved 28,847 worker words
[w6:mn:pro] Searching "nz" | queue=112 | words=28847
[w6:mn:pro] Pacing 16s before "nz" (gap=16000ms)
[w6:mn:pro] Managed Turnstile token (len=816, 4125ms, reset)
[w6:mn:pro] [api] 200 mode=pro startsWith=nz
[w6:mn:pro] [api] 200 mode=pro startsWith=nz (494ms direct)
[w6:mn:pro] "nz" → 2 records, 2 words
[w6:mn:pro] "nz" branch complete
[w6:mn:pro] Saved 28,847 worker words
[w6:mn:pro] Searching "n-w" | queue=111 | words=28847
[w6:mn:pro] Pacing 16s before "n-w" (gap=16000ms)
[w6:mn:pro] Managed Turnstile token (len=816, 4581ms, reset)
[w6:mn:pro] heartbeat words=28847 queue=111 rotation=22 idle=6s
[w6:mn:pro] [api] 200 mode=pro startsWith=n-w
[w6:mn:pro] [api] 200 mode=pro startsWith=n-w (469ms direct)
[w6:mn:pro] "n-w" → 2 records, 2 words
[w6:mn:pro] "n-w" branch complete
[w6:mn:pro] Saved 28,847 worker words
[w6:mn:pro] Searching "n-x" | queue=110 | words=28847
[w6:mn:pro] Pacing 16s before "n-x" (gap=16000ms)
[w6:mn:pro] Managed Turnstile token (len=816, 4822ms, reset)
[w6:mn:pro] [api] 200 mode=pro startsWith=n-x
[w6:mn:pro] [api] 200 mode=pro startsWith=n-x (568ms direct)
[w6:mn:pro] "n-x" → 0 records, 0 words
[w6:mn:pro] "n-x" branch complete
[w6:mn:pro] Saved 28,847 worker words
[w6:mn:pro] Searching "n-y" | queue=109 | words=28847
[w6:mn:pro] Pacing 16s before "n-y" (gap=16000ms)
[w6:mn:pro] Managed Turnstile token (len=816, 5503ms, reset)
[w6:mn:pro] [api] 200 mode=pro startsWith=n-y
[w6:mn:pro] [api] 200 mode=pro startsWith=n-y (481ms direct)
[w6:mn:pro] "n-y" → 0 records, 0 words
[w6:mn:pro] "n-y" branch complete
[w6:mn:pro] Saved 28,847 worker words
[w6:mn:pro] Searching "n-z" | queue=108 | words=28847
[w6:mn:pro] Pacing 16s before "n-z" (gap=16000ms)
[w6:mn:pro] Managed Turnstile token (len=816, 6029ms, reset)
[w6:mn:pro] [api] 200 mode=pro startsWith=n-z
[w6:mn:pro] [api] 200 mode=pro startsWith=n-z (542ms direct)
[w6:mn:pro] "n-z" → 0 records, 0 words
[w6:mn:pro] "n-z" branch complete
[w6:mn:pro] Saved 28,847 worker words
[w6:mn:pro] Searching "nac" | queue=107 | words=28847
[w6:mn:pro] Pacing 16s before "nac" (gap=16000ms)
[w6:mn:pro] Managed Turnstile token (len=816, 5559ms, reset)
[w6:mn:pro] heartbeat words=28847 queue=107 rotation=22 idle=1s
[w6:mn:pro] [api] 200 mode=pro startsWith=nac
[w6:mn:pro] [api] 200 mode=pro startsWith=nac (446ms direct)
[w6:mn:pro] "nac" → 37 records, 37 words
[w6:mn:pro] "nac" branch complete
[w6:mn:pro] Saved 28,849 worker words
[w6:mn:pro] Searching "nad" | queue=106 | words=28849
[w6:mn:pro] Pacing 16s before "nad" (gap=16000ms)
[w6:mn:pro] Managed Turnstile token (len=816, 4204ms, remount)
[w6:mn:pro] [api] 200 mode=pro startsWith=nad
[w6:mn:pro] [api] 200 mode=pro startsWith=nad (474ms direct)
[w6:mn:pro] "nad" → 16 records, 16 words (incl. exact "nad")
[w6:mn:pro] "nad" branch complete
[w6:mn:pro] Saved 28,865 worker words; shared last.txt now 330,370
[w6:mn:pro] Searching "nae" | queue=105 | words=28865
[w6:mn:pro] Pacing 16s before "nae" (gap=16000ms)
[w6:mn:pro] Managed Turnstile token (len=816, 16954ms, reset)
[w6:mn:pro] [api] 200 mode=pro startsWith=nae
[w6:mn:pro] [api] 200 mode=pro startsWith=nae (654ms direct)
[w6:mn:pro] "nae" → 20 records, 20 words (incl. exact "nae")
[w6:mn:pro] "nae" branch complete
[w6:mn:pro] Saved 28,885 worker words
[w6:mn:pro] Searching "naf" | queue=104 | words=28885
[w6:mn:pro] Pacing 15s before "naf" (gap=16000ms)
[w6:mn:pro] heartbeat words=28885 queue=104 rotation=22 idle=16s
[w6:mn:pro] Managed Turnstile token (len=816, 16376ms, reset)
[w6:mn:pro] [api] 200 mode=pro startsWith=naf
[w6:mn:pro] [api] 200 mode=pro startsWith=naf (564ms direct)
[w6:mn:pro] "naf" → 10 records, 10 words
[w6:mn:pro] "naf" branch complete
[w6:mn:pro] Saved 28,895 worker words
[w6:mn:pro] Searching "nag" | queue=103 | words=28895
[w6:mn:pro] Pacing 16s before "nag" (gap=16000ms)
[w6:mn:pro] Turnstile mint hard timeout after 28000ms
[w6:mn:pro] Site Turnstile remint timed out (30410ms)
[w6:mn:pro] Managed Turnstile token (len=816, 16156ms, remount)
[w6:mn:pro] [api] 200 mode=pro startsWith=nag
[w6:mn:pro] [api] 200 mode=pro startsWith=nag (546ms direct)
[w6:mn:pro] "nag" → 60 records, 60 words (incl. exact "nag")
[w6:mn:pro] "nag" branch complete
[w6:mn:pro] Saved 28,955 worker words
[w6:mn:pro] Searching "nah" | queue=102 | words=28955
[w6:mn:pro] Pacing 15s before "nah" (gap=16000ms)
[w6:mn:pro] heartbeat words=28955 queue=102 rotation=22 idle=14s
[w6:mn:pro] Site Turnstile remint timed out (23092ms)
[w6:mn:pro] Managed Turnstile token (len=816, 15849ms, remount)
[w6:mn:pro] [api] 200 mode=pro startsWith=nah
[w6:mn:pro] [api] 200 mode=pro startsWith=nah (839ms direct)
[w6:mn:pro] "nah" → 20 records, 20 words (incl. exact "nah")
[w6:mn:pro] "nah" branch complete
[w6:mn:pro] Saved 28,975 worker words
[w6:mn:pro] Searching "nai" | queue=101 | words=28975
[w6:mn:pro] Pacing 15s before "nai" (gap=16000ms)
[w6:mn:pro] Managed Turnstile token (len=816, 13704ms, reset)
[w6:mn:pro] [api] 200 mode=pro startsWith=nai
[w6:mn:pro] [api] 200 mode=pro startsWith=nai (501ms direct)
[w6:mn:pro] "nai" → 96 records, 96 words
[w6:mn:pro] "nai" branch complete
[w6:mn:pro] Saved 29,071 worker words
[w6:mn:pro] Searching "naj" | queue=100 | words=29071
[w6:mn:pro] Pacing 16s before "naj" (gap=16000ms)
[w6:mn:pro] heartbeat words=29071 queue=100 rotation=22 idle=18s
[w6:mn:pro] Turnstile token present (len=816)
[w6:mn:pro] Site Turnstile token (20228ms)
[w6:mn:pro] [api] 200 mode=pro startsWith=naj
[w6:mn:pro] [api] 200 mode=pro startsWith=naj (489ms direct)
[w6:mn:pro] "naj" → 1 records, 1 words
[w6:mn:pro] "naj" branch complete
[w6:mn:pro] Saved 29,072 worker words
[w6:mn:pro] Searching "nak" | queue=99 | words=29072
[w6:mn:pro] Pacing 16s before "nak" (gap=16000ms)
[w6:mn:pro] Managed Turnstile token (len=816, 4810ms, remount)
[w6:mn:pro] [api] 200 mode=pro startsWith=nak
[w6:mn:pro] [api] 200 mode=pro startsWith=nak (552ms direct)
[w6:mn:pro] "nak" → 34 records, 34 words (incl. exact "nak")
[w6:mn:pro] "nak" branch complete
[w6:mn:pro] Saved 29,106 worker words
[w6:mn:pro] Searching "nal" | queue=98 | words=29106
[w6:mn:pro] Pacing 16s before "nal" (gap=16000ms)
[w6:mn:pro] Managed Turnstile token (len=816, 4156ms, reset)
[w6:mn:pro] [api] 200 mode=pro startsWith=nal
[w6:mn:pro] [api] 200 mode=pro startsWith=nal (454ms direct)
[w6:mn:pro] "nal" → 22 records, 22 words
[w6:mn:pro] "nal" branch complete
[w6:mn:pro] Saved 29,128 worker words; shared last.txt now 330,888
[w6:mn:pro] Searching "nam" | queue=97 | words=29128
[w6:mn:pro] Pacing 16s before "nam" (gap=16000ms)
[w6:mn:pro] Managed Turnstile token (len=816, 3914ms, reset)
[w6:mn:pro] [api] 200 mode=pro startsWith=nam
[w6:mn:pro] [api] 200 mode=pro startsWith=nam (452ms direct)
[w6:mn:pro] "nam" → 84 records, 84 words (incl. exact "nam")
[w6:mn:pro] "nam" branch complete
[w6:mn:pro] Saved 29,212 worker words
[w6:mn:pro] Searching "nan" | queue=96 | words=29212
[w6:mn:pro] Pacing 16s before "nan" (gap=16000ms)
[w6:mn:pro] Managed Turnstile token (len=816, 3734ms, reset)
[w6:mn:pro] heartbeat words=29212 queue=96 rotation=22 idle=6s
[w6:mn:pro] [api] 200 mode=pro startsWith=nan
[w6:mn:pro] [api] 200 mode=pro startsWith=nan (425ms direct)
[w6:mn:pro] "nan" → 100 records, 100 words (incl. exact "nan")
[w6:mn:pro] Pacing 16s before "nan" (gap=16000ms)
[w6:mn:pro] Managed Turnstile token (len=816, 4252ms, reset)
[w6:mn:pro] [api] 200 mode=pro startsWith=nan
[w6:mn:pro] [api] 200 mode=pro startsWith=nan sort=alphabetical:desc (478ms direct)
[w6:mn:pro] "nan" full page ends at "nanocephalus" (next='o'); skip 25 covered groups → 3 children reverse Z→A ends at "nanofunctionalization" (lo='o' hi='y'); skip 9 middle + 100 new words
[w6:mn:pro] Saved 29,412 worker words
[w6:mn:pro] Searching "nao" | queue=98 | words=29412
[w6:mn:pro] Pacing 16s before "nao" (gap=16000ms)
[w6:mn:pro] Managed Turnstile token (len=816, 4605ms, reset)
[w6:mn:pro] [api] 200 mode=pro startsWith=nao
[w6:mn:pro] [api] 200 mode=pro startsWith=nao (456ms direct)
[w6:mn:pro] "nao" → 10 records, 10 words
[w6:mn:pro] "nao" branch complete
[w6:mn:pro] Saved 29,422 worker words
[w6:mn:pro] Searching "nap" | queue=97 | words=29422
[w6:mn:pro] Pacing 16s before "nap" (gap=16000ms)
[w6:mn:pro] Managed Turnstile token (len=816, 12791ms, reset)
[w6:mn:pro] [api] 200 mode=pro startsWith=nap
[w6:mn:pro] [api] 200 mode=pro startsWith=nap (463ms direct)
[w6:mn:pro] "nap" → 100 records, 100 words (incl. exact "nap")
[w6:mn:pro] Pacing 16s before "nap" (gap=16000ms)
[w6:mn:pro] heartbeat words=29522 queue=97 rotation=22 idle=5s
[w6:mn:pro] Site Turnstile remint timed out (22828ms)
[w6:mn:pro] Site Turnstile remint timed out (22607ms)
[w6:mn:pro] Turnstile token present (len=816)
[w6:mn:pro] Site Turnstile token (19698ms)
[w6:mn:pro] heartbeat words=29522 queue=97 rotation=22 idle=0s
[w6:mn:pro] [api] 200 mode=pro startsWith=nap
[w6:mn:pro] [api] 200 mode=pro startsWith=nap sort=alphabetical:desc (504ms direct)
[w6:mn:pro] "nap" full page ends at "napoleonist" (next='o'); skip 22 covered groups → 6 children reverse Z→A ends at "naphthalines" (lo='h' hi='u'); skip 12 middle + 36 new words
[w6:mn:pro] Saved 29,558 worker words
[w6:mn:pro] Searching "naq" | queue=102 | words=29558
[w6:mn:pro] Pacing 16s before "naq" (gap=16000ms)
[w6:mn:pro] Turnstile token present (len=816)
[w6:mn:pro] Site Turnstile token (20107ms)
[w6:mn:pro] [api] 200 mode=pro startsWith=naq
[w6:mn:pro] [api] 200 mode=pro startsWith=naq (487ms direct)
[w6:mn:pro] "naq" → 6 records, 6 words
[w6:mn:pro] "naq" branch complete
[w6:mn:pro] Saved 29,564 worker words
[w6:mn:pro] Searching "nar" | queue=101 | words=29564
[w6:mn:pro] Pacing 16s before "nar" (gap=16000ms)
[w6:mn:pro] Managed Turnstile token (len=816, 14501ms, remount)
[w6:mn:pro] [api] 200 mode=pro startsWith=nar
[w6:mn:pro] [api] 200 mode=pro startsWith=nar (477ms direct)
[w6:mn:pro] "nar" → 100 records, 100 words (incl. exact "nar")
[w6:mn:pro] Pacing 16s before "nar" (gap=16000ms)
[w6:mn:pro] Managed Turnstile token (len=816, 11091ms, reset)
[w6:mn:pro] [api] 200 mode=pro startsWith=nar
[w6:mn:pro] [api] 200 mode=pro startsWith=nar sort=alphabetical:desc (526ms direct)
[w6:mn:pro] "nar" full page ends at "narcotization" (next='c'); skip 19 covered groups → 9 children reverse Z→A ends at "naric" (lo='i' hi='y'); skip 15 middle + 100 new words
[w6:mn:pro] Saved 29,764 worker words
[w6:mn:pro] Searching "nas" | queue=109 | words=29764
[w6:mn:pro] Pacing 15s before "nas" (gap=16000ms)
[w6:mn:pro] heartbeat words=29764 queue=109 rotation=22 idle=6s
[w6:mn:pro] Managed Turnstile token (len=816, 10635ms, reset)
[w6:mn:pro] [api] 200 mode=pro startsWith=nas
[w6:mn:pro] [api] 200 mode=pro startsWith=nas (519ms direct)
[w6:mn:pro] "nas" → 100 records, 100 words (incl. exact "nas")
[w6:mn:pro] Pacing 16s before "nas" (gap=16000ms)
[w6:mn:pro] Site Turnstile remint timed out (22339ms)
[w6:mn:pro] Managed Turnstile token (len=816, 4807ms, remount)
[w6:mn:pro] [api] 200 mode=pro startsWith=nas
[w6:mn:pro] [api] 200 mode=pro startsWith=nas sort=alphabetical:desc (710ms direct)
[w6:mn:pro] "nas" full page ends at "nasopharynges" (next='o'); skip 22 covered groups → 6 children reverse Z→A ends at "nashira" (lo='h' hi='u'); skip 12 middle + 48 new words
[w6:mn:pro] Saved 29,912 worker words
[w6:mn:pro] Searching "nat" | queue=114 | words=29912
[w6:mn:pro] Pacing 16s before "nat" (gap=16000ms)
[w6:mn:pro] Managed Turnstile token (len=816, 13400ms, reset)
[w6:mn:pro] [api] 200 mode=pro startsWith=nat
[w6:mn:pro] [api] 200 mode=pro startsWith=nat (455ms direct)
[w6:mn:pro] "nat" → 100 records, 100 words (incl. exact "nat")
[w6:mn:pro] Pacing 16s before "nat" (gap=16000ms)
[w6:mn:pro] heartbeat words=30012 queue=114 rotation=22 idle=7s
[w6:mn:pro] Site Turnstile remint timed out (22414ms)
[w6:mn:pro] Managed Turnstile token (len=816, 10260ms, remount)
[w6:mn:pro] [api] 200 mode=pro startsWith=nat
[w6:mn:pro] [api] 200 mode=pro startsWith=nat sort=alphabetical:desc (515ms direct)
[w6:mn:pro] "nat" full page ends at "nationless" (next='i'); skip 12 covered groups → 16 children reverse Z→A ends at "natriuretics" (lo='r' hi='u'); skip 2 middle + 100 new words
[w6:mn:pro] Saved 30,112 worker words; shared last.txt now 332,892
[w6:mn:pro] Searching "nau" | queue=129 | words=30112
[w6:mn:pro] Pacing 13s before "nau" (gap=16000ms)
[w6:mn:pro] Managed Turnstile token (len=816, 10143ms, reset)
[w6:mn:pro] [api] 200 mode=pro startsWith=nau
[w6:mn:pro] [api] 200 mode=pro startsWith=nau (620ms direct)
[w6:mn:pro] "nau" → 100 records, 100 words
[w6:mn:pro] Pacing 16s before "nau" (gap=16000ms)
[w6:mn:pro] Managed Turnstile token (len=816, 16282ms, reset)
[w6:mn:pro] [api] 200 mode=pro startsWith=nau
[w6:mn:pro] [api] 200 mode=pro startsWith=nau sort=alphabetical:desc (495ms direct)
[w6:mn:pro] "nau" full page ends at "nautiluses" (next='t'); skip 21 covered groups → 7 children reverse Z→A ends at "nauches" (lo='c' hi='t'); skip 16 middle + 1 new words
[w6:mn:pro] Saved 30,213 worker words
[w6:mn:pro] Searching "nav" | queue=135 | words=30213
[w6:mn:pro] Pacing 16s before "nav" (gap=16000ms)
[w6:mn:pro] heartbeat words=30213 queue=135 rotation=22 idle=1s
[w6:mn:pro] Site Turnstile remint timed out (23392ms)
[w6:mn:pro] Managed Turnstile token (len=816, 14326ms, remount)
[w6:mn:pro] [api] 200 mode=pro startsWith=nav
[w6:mn:pro] [api] 200 mode=pro startsWith=nav (648ms direct)
[w6:mn:pro] "nav" → 100 records, 100 words (incl. exact "nav")
[w6:mn:pro] Pacing 15s before "nav" (gap=16000ms)
[w6:mn:pro] Managed Turnstile token (len=816, 17023ms, reset)
[w6:mn:pro] [api] 200 mode=pro startsWith=nav
[w6:mn:pro] [api] 200 mode=pro startsWith=nav sort=alphabetical:desc (435ms direct)
[w6:mn:pro] "nav" full page ends at "navvying" (next='v'); skip 26 covered groups → 2 children reverse Z→A ends at "navagium" (lo='a' hi='y'); skip 23 middle + 0 new words
[w6:mn:pro] Saved 30,283 worker words
[w6:mn:pro] Searching "naz" | queue=136 | words=30283
[w6:mn:pro] Pacing 15s before "naz" (gap=16000ms)
[w6:mn:pro] heartbeat words=30283 queue=136 rotation=22 idle=4s
[w6:mn:pro] Turnstile token present (len=816)
[w6:mn:pro] Site Turnstile token (24042ms)
[w6:mn:pro] [api] 200 mode=pro startsWith=naz
[w6:mn:pro] [api] 200 mode=pro startsWith=naz (572ms direct)
[w6:mn:pro] "naz" → 36 records, 36 words
[w6:mn:pro] "naz" branch complete
[w6:mn:pro] Saved 30,283 worker words
[w6:mn:pro] Searching "neb" | queue=135 | words=30283
[w6:mn:pro] Pacing 16s before "neb" (gap=16000ms)
[w6:mn:pro] Site Turnstile remint timed out (22481ms)
[w6:mn:pro] Managed Turnstile token (len=816, 4247ms, remount)
[w6:mn:pro] [api] 200 mode=pro startsWith=neb
[w6:mn:pro] [api] 200 mode=pro startsWith=neb (473ms direct)
[w6:mn:pro] "neb" → 88 records, 88 words (incl. exact "neb")
[w6:mn:pro] "neb" branch complete
[w6:mn:pro] Saved 30,368 worker words
[w6:mn:pro] Searching "nec" | queue=134 | words=30368
[w6:mn:pro] Pacing 16s before "nec" (gap=16000ms)
[w6:mn:pro] Managed Turnstile token (len=816, 8179ms, reset)
[w6:mn:pro] heartbeat words=30368 queue=134 rotation=22 idle=4s
[w6:mn:pro] [api] 200 mode=pro startsWith=nec
[w6:mn:pro] [api] 200 mode=pro startsWith=nec (482ms direct)
[w6:mn:pro] "nec" → 100 records, 100 words
[w6:mn:pro] Pacing 16s before "nec" (gap=16000ms)
[w6:mn:pro] Managed Turnstile token (len=816, 16155ms, reset)
[w6:mn:pro] [api] 200 mode=pro startsWith=nec
[w6:mn:pro] [api] 200 mode=pro startsWith=nec sort=alphabetical:desc (564ms direct)
[w6:mn:pro] "nec" full page ends at "neckverses" (next='k'); skip 13 covered groups → 15 children reverse Z→A ends at "necrophilias" (lo='r' hi='t'); skip 1 middle + 100 new words
[w6:mn:pro] Saved 30,568 worker words
[w6:mn:pro] Searching "ned" | queue=148 | words=30568
[w6:mn:pro] Pacing 16s before "ned" (gap=16000ms)
[w6:mn:pro] Managed Turnstile token (len=816, 6342ms, reset)
[w6:mn:pro] [api] 200 mode=pro startsWith=ned
[w6:mn:pro] [api] 200 mode=pro startsWith=ned (452ms direct)
[w6:mn:pro] "ned" → 23 records, 23 words (incl. exact "ned")
[w6:mn:pro] "ned" branch complete
[w6:mn:pro] Saved 30,591 worker words
[w6:mn:pro] Searching "nee" | queue=147 | words=30591
[w6:mn:pro] Pacing 16s before "nee" (gap=16000ms)
[w6:mn:pro] Managed Turnstile token (len=816, 10182ms, reset)
[w6:mn:pro] [api] 200 mode=pro startsWith=nee
[w6:mn:pro] [api] 200 mode=pro startsWith=nee (457ms direct)
[w6:mn:pro] "nee" → 100 records, 100 words (incl. exact "nee")
[w6:mn:pro] Pacing 16s before "nee" (gap=16000ms)
[w6:mn:pro] heartbeat words=30691 queue=147 rotation=22 idle=7s
[w6:mn:pro] Managed Turnstile token (len=816, 17726ms, reset)
[w6:mn:pro] [api] 200 mode=pro startsWith=nee
[w6:mn:pro] [api] 200 mode=pro startsWith=nee sort=alphabetical:desc (458ms direct)
[w6:mn:pro] "nee" full page ends at "neener" (next='n'); skip 27 covered groups → 1 children reverse Z→A ends at "needgates" (lo='d' hi='z'); skip 21 middle + 17 new words
[w6:mn:pro] Saved 30,708 worker words
[w6:mn:pro] Searching "nef" | queue=147 | words=30708
[w6:mn:pro] Pacing 16s before "nef" (gap=16000ms)
[w6:mn:pro] Site Turnstile remint timed out (22971ms)
[w6:mn:pro] Site Turnstile remint timed out (22712ms)
[w6:mn:pro] heartbeat words=30708 queue=147 rotation=22 idle=3s
[w6:mn:pro] Managed Turnstile token (len=816, 9598ms, remount)
[w6:mn:pro] [api] 200 mode=pro startsWith=nef
[w6:mn:pro] [api] 200 mode=pro startsWith=nef (485ms direct)
[w6:mn:pro] "nef" → 15 records, 15 words (incl. exact "nef")
[w6:mn:pro] "nef" branch complete
[w6:mn:pro] Saved 30,723 worker words; shared last.txt now 334,309
[w6:mn:pro] Searching "neg" | queue=146 | words=30723
[w6:mn:pro] Pacing 15s before "neg" (gap=16000ms)
[w6:mn:pro] Site Turnstile remint timed out (23489ms)
[w6:mn:pro] Managed Turnstile token (len=816, 16502ms, remount)
[w6:mn:pro] [api] 200 mode=pro startsWith=neg
[w6:mn:pro] [api] 200 mode=pro startsWith=neg (513ms direct)
[w6:mn:pro] "neg" → 100 records, 100 words (incl. exact "neg")
[w6:mn:pro] Pacing 16s before "neg" (gap=16000ms)
[w6:mn:pro] heartbeat words=30823 queue=146 rotation=22 idle=12s
[w6:mn:pro] Turnstile token present (len=816)
[w6:mn:pro] Site Turnstile token (25326ms)
[w6:mn:pro] [api] 200 mode=pro startsWith=neg
[w6:mn:pro] [api] 200 mode=pro startsWith=neg sort=alphabetical:desc (523ms direct)
[w6:mn:pro] "neg" full page ends at "negotiatory" (next='o'); skip 22 covered groups → 6 children reverse Z→A ends at "negativist" (lo='a' hi='u'); skip 19 middle + 26 new words
[w6:mn:pro] Saved 30,849 worker words
[w6:mn:pro] Searching "neh" | queue=151 | words=30849
[w6:mn:pro] Pacing 15s before "neh" (gap=16000ms)
[w6:mn:pro] Managed Turnstile token (len=816, 10752ms, remount)
[w6:mn:pro] [api] 200 mode=pro startsWith=neh
[w6:mn:pro] [api] 200 mode=pro startsWith=neh (439ms direct)
[w6:mn:pro] "neh" → 7 records, 7 words
[w6:mn:pro] "neh" branch complete
[w6:mn:pro] Saved 30,856 worker words
[w6:mn:pro] Searching "nei" | queue=150 | words=30856
[w6:mn:pro] Pacing 16s before "nei" (gap=16000ms)
[w6:mn:pro] Managed Turnstile token (len=816, 5522ms, reset)
[w6:mn:pro] [api] 200 mode=pro startsWith=nei
[w6:mn:pro] [api] 200 mode=pro startsWith=nei (450ms direct)
[w6:mn:pro] "nei" → 56 records, 56 words (incl. exact "nei")
[w6:mn:pro] "nei" branch complete
[w6:mn:pro] Saved 30,912 worker words
[w6:mn:pro] Searching "nej" | queue=149 | words=30912
[w6:mn:pro] Pacing 16s before "nej" (gap=16000ms)
[w6:mn:pro] Managed Turnstile token (len=816, 5499ms, reset)
[w6:mn:pro] heartbeat words=30912 queue=149 rotation=22 idle=9s
[w6:mn:pro] [api] 200 mode=pro startsWith=nej
[w6:mn:pro] [api] 200 mode=pro startsWith=nej (597ms direct)
[w6:mn:pro] "nej" → 2 records, 2 words
[w6:mn:pro] "nej" branch complete
[w6:mn:pro] Saved 30,914 worker words
[w6:mn:pro] Searching "nek" | queue=148 | words=30914
[w6:mn:pro] Pacing 15s before "nek" (gap=16000ms)
[w6:mn:pro] Site Turnstile remint timed out (22942ms)
[w6:mn:pro] Managed Turnstile token (len=816, 14864ms, remount)
[w6:mn:pro] [api] 200 mode=pro startsWith=nek
[w6:mn:pro] [api] 200 mode=pro startsWith=nek (492ms direct)
[w6:mn:pro] "nek" → 10 records, 10 words (incl. exact "nek")
[w6:mn:pro] "nek" branch complete
[w6:mn:pro] Saved 30,924 worker words
[w6:mn:pro] Searching "nel" | queue=147 | words=30924
[w6:mn:pro] Pacing 15s before "nel" (gap=16000ms)
[w6:mn:pro] Managed Turnstile token (len=816, 15082ms, reset)
[w6:mn:pro] [api] 200 mode=pro startsWith=nel
[w6:mn:pro] [api] 200 mode=pro startsWith=nel (499ms direct)
[w6:mn:pro] "nel" → 19 records, 19 words
[w6:mn:pro] "nel" branch complete
[w6:mn:pro] Saved 30,943 worker words
[w6:mn:pro] Searching "nem" | queue=146 | words=30943
[w6:mn:pro] Pacing 15s before "nem" (gap=16000ms)
[w6:mn:pro] heartbeat words=30943 queue=146 rotation=22 idle=3s
[w6:mn:pro] Managed Turnstile token (len=816, 14157ms, reset)
[w6:mn:pro] [api] 200 mode=pro startsWith=nem
[w6:mn:pro] [api] 200 mode=pro startsWith=nem (460ms direct)
[w6:mn:pro] "nem" → 100 records, 100 words (incl. exact "nem")
[w6:mn:pro] Pacing 16s before "nem" (gap=16000ms)
[w6:mn:pro] Managed Turnstile token (len=816, 12489ms, reset)
[w6:mn:pro] [api] 200 mode=pro startsWith=nem
[w6:mn:pro] [api] 200 mode=pro startsWith=nem sort=alphabetical:desc (499ms direct)
[w6:mn:pro] "nem" full page ends at "nemns" (next='n'); skip 17 covered groups → 11 children reverse Z→A ends at "nemathelminths" (lo='a' hi='p'); skip 14 middle + 20 new words
[w6:mn:pro] Saved 31,063 worker words
[w6:mn:pro] Searching "nen" | queue=156 | words=31063
[w6:mn:pro] Pacing 15s before "nen" (gap=16000ms)
[w6:mn:pro] Managed Turnstile token (len=816, 16078ms, reset)
[w6:mn:pro] [api] 200 mode=pro startsWith=nen
[w6:mn:pro] [api] 200 mode=pro startsWith=nen (488ms direct)
[w6:mn:pro] "nen" → 11 records, 11 words
[w6:mn:pro] "nen" branch complete
[w6:mn:pro] Saved 31,074 worker words; shared last.txt now 335,233
[w6:mn:pro] Searching "neo" | queue=155 | words=31074
[w6:mn:pro] Pacing 10s before "neo" (gap=16000ms)
[w6:mn:pro] heartbeat words=31074 queue=155 rotation=22 idle=9s
[w6:mn:pro] Managed Turnstile token (len=816, 16267ms, reset)
[w6:mn:pro] [api] 200 mode=pro startsWith=neo
[w6:mn:pro] [api] 200 mode=pro startsWith=neo (500ms direct)
[w6:mn:pro] "neo" → 100 records, 100 words (incl. exact "neo")
[w6:mn:pro] Pacing 16s before "neo" (gap=16000ms)
[w6:mn:pro] Managed Turnstile token (len=816, 7952ms, reset)
[w6:mn:pro] [api] 200 mode=pro startsWith=neo
[w6:mn:pro] [api] 200 mode=pro startsWith=neo sort=alphabetical:desc (530ms direct)
[w6:mn:pro] "neo" full page ends at "neoconservatism" (next='c'); skip 13 covered groups → 15 children reverse Z→A ends at "neopilinas" (lo='p' hi='z'); skip 9 middle + 100 new words
[w6:mn:pro] Saved 31,274 worker words
[w6:mn:pro] Searching "nep" | queue=169 | words=31274
[w6:mn:pro] Pacing 16s before "nep" (gap=16000ms)
[w6:mn:pro] Managed Turnstile token (len=816, 11234ms, reset)
[w6:mn:pro] [api] 200 mode=pro startsWith=nep
[w6:mn:pro] [api] 200 mode=pro startsWith=nep (525ms direct)
[w6:mn:pro] "nep" → 100 records, 100 words (incl. exact "nep")
[w6:mn:pro] Pacing 16s before "nep" (gap=16000ms)
[w6:mn:pro] Managed Turnstile token (len=816, 12132ms, remount)
[w6:mn:pro] [api] 200 mode=pro startsWith=nep
[w6:mn:pro] [api] 200 mode=pro startsWith=nep sort=alphabetical:desc (466ms direct)
[w6:mn:pro] "nep" full page ends at "nephrism" (next='h'); skip 20 covered groups → 8 children reverse Z→A ends at "nephrolith" (lo='h' hi='t'); skip 11 middle + 100 new words
[w6:mn:pro] Saved 31,474 worker words
[w6:mn:pro] Searching "neq" | queue=176 | words=31474
[w6:mn:pro] Pacing 16s before "neq" (gap=16000ms)
[w6:mn:pro] Managed Turnstile token (len=816, 8959ms, reset)
[w6:mn:pro] heartbeat words=31474 queue=176 rotation=22 idle=1s
[w6:mn:pro] [api] 200 mode=pro startsWith=neq
[w6:mn:pro] [api] 200 mode=pro startsWith=neq (494ms direct)
[w6:mn:pro] "neq" → 0 records, 0 words
[w6:mn:pro] "neq" branch complete
[w6:mn:pro] Saved 31,474 worker words
[w6:mn:pro] Searching "ner" | queue=175 | words=31474
[w6:mn:pro] Pacing 16s before "ner" (gap=16000ms)
[w6:mn:pro] Managed Turnstile token (len=816, 4664ms, reset)
[w6:mn:pro] [api] 200 mode=pro startsWith=ner
[w6:mn:pro] [api] 200 mode=pro startsWith=ner (471ms direct)
[w6:mn:pro] "ner" → 100 records, 100 words
[w6:mn:pro] Pacing 16s before "ner" (gap=16000ms)
[w6:mn:pro] Managed Turnstile token (len=816, 8400ms, reset)
[w6:mn:pro] [api] 200 mode=pro startsWith=ner
[w6:mn:pro] [api] 200 mode=pro startsWith=ner sort=alphabetical:desc (455ms direct)
[w6:mn:pro] "ner" full page ends at "nervosanguineous" (next='v'); skip 23 covered groups → 5 children reverse Z→A ends at "nereidiformia" (lo='e' hi='v'); skip 16 middle + 20 new words
[w6:mn:pro] Saved 31,594 worker words
[w6:mn:pro] Searching "nes" | queue=179 | words=31594
[w6:mn:pro] Pacing 16s before "nes" (gap=16000ms)
[w6:mn:pro] Managed Turnstile token (len=816, 3934ms, reset)
[w6:mn:pro] [api] 200 mode=pro startsWith=nes
[w6:mn:pro] [api] 200 mode=pro startsWith=nes (480ms direct)
[w6:mn:pro] "nes" → 73 records, 73 words
[w6:mn:pro] "nes" branch complete
[w6:mn:pro] Saved 31,667 worker words
[w6:mn:pro] Searching "net" | queue=178 | words=31667
[w6:mn:pro] Pacing 16s before "net" (gap=16000ms)
[w6:mn:pro] Managed Turnstile token (len=816, 4505ms, reset)
[w6:mn:pro] heartbeat words=31667 queue=178 rotation=22 idle=1s
[w6:mn:pro] [api] 200 mode=pro startsWith=net
[w6:mn:pro] [api] 200 mode=pro startsWith=net (457ms direct)
[w6:mn:pro] "net" → 100 records, 100 words (incl. exact "net")
[w6:mn:pro] Pacing 16s before "net" (gap=16000ms)
[w6:mn:pro] Managed Turnstile token (len=816, 4745ms, reset)
[w6:mn:pro] [api] 200 mode=pro startsWith=net
[w6:mn:pro] [api] 200 mode=pro startsWith=net sort=alphabetical:desc (571ms direct)
[w6:mn:pro] "net" full page ends at "nettlesome" (next='t'); skip 24 covered groups → 4 children reverse Z→A ends at "nethead" (lo='h' hi='w'); skip 14 middle + 18 new words
[w6:mn:pro] Saved 31,785 worker words
[w6:mn:pro] Searching "neu" | queue=181 | words=31785
[w6:mn:pro] Pacing 16s before "neu" (gap=16000ms)
[w6:mn:pro] Turnstile token present (len=837)
[w6:mn:pro] Site Turnstile token (20906ms)
[w6:mn:pro] [api] 200 mode=pro startsWith=neu
[w6:mn:pro] [api] 200 mode=pro startsWith=neu (433ms direct)
[w6:mn:pro] "neu" → 100 records, 100 words
[w6:mn:pro] Pacing 16s before "neu" (gap=16000ms)
[w6:mn:pro] heartbeat words=31885 queue=181 rotation=22 idle=12s
[w6:mn:pro] Turnstile token present (len=816)
[w6:mn:pro] Site Turnstile token (22316ms)
[w6:mn:pro] [api] 200 mode=pro startsWith=neu
[w6:mn:pro] [api] 200 mode=pro startsWith=neu sort=alphabetical:desc (520ms direct)
[w6:mn:pro] "neu" full page ends at "neuritis" (next='r'); skip 20 covered groups → 8 children reverse Z→A ends at "neurotransmitter" (lo='r' hi='t'); skip 1 middle + 100 new words
[w6:mn:pro] Saved 31,985 worker words
[w6:mn:pro] Searching "nev" | queue=188 | words=31985
[w6:mn:pro] Pacing 16s before "nev" (gap=16000ms)
[w6:mn:pro] Managed Turnstile token (len=816, 14590ms, remount)
[w6:mn:pro] [api] 200 mode=pro startsWith=nev
[w6:mn:pro] [api] 200 mode=pro startsWith=nev (555ms direct)
[w6:mn:pro] "nev" → 41 records, 41 words
[w6:mn:pro] "nev" branch complete
[w6:mn:pro] Saved 32,026 worker words; shared last.txt now 336,773
[w6:mn:pro] Searching "new" | queue=187 | words=32026
[w6:mn:pro] Pacing 14s before "new" (gap=16000ms)
[w6:mn:pro] Managed Turnstile token (len=816, 13438ms, reset)
[w6:mn:pro] [api] 200 mode=pro startsWith=new
[w6:mn:pro] [api] 200 mode=pro startsWith=new (470ms direct)
[w6:mn:pro] "new" → 100 records, 100 words (incl. exact "new")
[w6:mn:pro] Pacing 16s before "new" (gap=16000ms)
[w6:mn:pro] Managed Turnstile token (len=816, 12591ms, reset)
[w6:mn:pro] [api] 200 mode=pro startsWith=new
[w6:mn:pro] [api] 200 mode=pro startsWith=new sort=alphabetical:desc (871ms direct)
[w6:mn:pro] "new" full page ends at "newscasts" (next='s'); skip 23 covered groups → 5 children reverse Z→A ends at "newsgirls" (lo='s' hi='w'); skip 3 middle + 16 new words
[w6:mn:pro] Saved 32,142 worker words
[w6:mn:pro] Searching "ney" | queue=191 | words=32142
[w6:mn:pro] Pacing 15s before "ney" (gap=16000ms)
[w6:mn:pro] heartbeat words=32142 queue=191 rotation=22 idle=0s
[w6:mn:pro] Managed Turnstile token (len=816, 17015ms, reset)
[w6:mn:pro] [api] 200 mode=pro startsWith=ney
[w6:mn:pro] [api] 200 mode=pro startsWith=ney (573ms direct)
[w6:mn:pro] "ney" → 3 records, 3 words (incl. exact "ney")
[w6:mn:pro] "ney" branch complete
[w6:mn:pro] Saved 32,142 worker words
[w6:mn:pro] Searching "nez" | queue=190 | words=32142
[w6:mn:pro] Pacing 15s before "nez" (gap=16000ms)
[w6:mn:pro] Site Turnstile remint timed out (23322ms)
[w6:mn:pro] heartbeat words=32142 queue=190 rotation=22 idle=19s
[w6:mn:pro] Site Turnstile remint timed out (25944ms)
[w6:mn:pro] Managed Turnstile token (len=816, 5897ms, remount)
[w6:mn:pro] [api] 200 mode=pro startsWith=nez
[w6:mn:pro] [api] 200 mode=pro startsWith=nez (460ms direct)
[w6:mn:pro] "nez" → 0 records, 0 words
[w6:mn:pro] "nez" branch complete
[w6:mn:pro] Saved 32,142 worker words
[w6:mn:pro] Searching "nic" | queue=189 | words=32142
[w6:mn:pro] Pacing 16s before "nic" (gap=16000ms)
[w6:mn:pro] Managed Turnstile token (len=816, 6963ms, reset)
[w6:mn:pro] [api] 200 mode=pro startsWith=nic
[w6:mn:pro] [api] 200 mode=pro startsWith=nic (470ms direct)
[w6:mn:pro] "nic" → 100 records, 100 words
[w6:mn:pro] Pacing 16s before "nic" (gap=16000ms)
[w6:mn:pro] Managed Turnstile token (len=816, 6302ms, reset)
[w6:mn:pro] [api] 200 mode=pro startsWith=nic
[w6:mn:pro] [api] 200 mode=pro startsWith=nic sort=alphabetical:desc (497ms direct)
[w6:mn:pro] "nic" full page ends at "nickers" (next='k'); skip 20 covered groups → 8 children reverse Z→A ends at "nickers" (lo='k' hi='t'); skip 8 middle + 99 new words
[w6:mn:pro] Saved 32,293 worker words
[w6:mn:pro] Searching "nid" | queue=196 | words=32293
[w6:mn:pro] Pacing 16s before "nid" (gap=16000ms)
[w6:mn:pro] Managed Turnstile token (len=816, 7804ms, reset)
[w6:mn:pro] heartbeat words=32293 queue=196 rotation=22 idle=7s
[w6:mn:pro] [api] 200 mode=pro startsWith=nid
[w6:mn:pro] [api] 200 mode=pro startsWith=nid (428ms direct)
[w6:mn:pro] "nid" → 77 records, 77 words (incl. exact "nid")
[w6:mn:pro] "nid" branch complete
[w6:mn:pro] Saved 32,370 worker words
[w6:mn:pro] Searching "nie" | queue=195 | words=32370
[w6:mn:pro] Pacing 16s before "nie" (gap=16000ms)
[w6:mn:pro] Managed Turnstile token (len=816, 8377ms, reset)
[w6:mn:pro] [api] 200 mode=pro startsWith=nie
[w6:mn:pro] [api] 200 mode=pro startsWith=nie (430ms direct)
[w6:mn:pro] "nie" → 39 records, 39 words (incl. exact "nie")
[w6:mn:pro] "nie" branch complete
[w6:mn:pro] Saved 32,409 worker words
[w6:mn:pro] Searching "nif" | queue=194 | words=32409
[w6:mn:pro] Pacing 16s before "nif" (gap=16000ms)
[w6:mn:pro] Site Turnstile remint timed out (22381ms)
[w6:mn:pro] Managed Turnstile token (len=816, 4461ms, remount)
[w6:mn:pro] [api] 200 mode=pro startsWith=nif
[w6:mn:pro] [api] 200 mode=pro startsWith=nif (496ms direct)
[w6:mn:pro] "nif" → 32 records, 32 words
[w6:mn:pro] "nif" branch complete
[w6:mn:pro] Saved 32,441 worker words
[w6:mn:pro] Searching "nig" | queue=193 | words=32441
[w6:mn:pro] Pacing 15s before "nig" (gap=16000ms)
[w6:mn:pro] Managed Turnstile token (len=816, 10159ms, reset)
[w6:mn:pro] heartbeat words=32441 queue=193 rotation=22 idle=5s
[w6:mn:pro] [api] 200 mode=pro startsWith=nig
[w6:mn:pro] [api] 200 mode=pro startsWith=nig (482ms direct)
[w6:mn:pro] "nig" → 100 records, 100 words (incl. exact "nig")
[w6:mn:pro] Pacing 16s before "nig" (gap=16000ms)
[w6:mn:pro] Managed Turnstile token (len=816, 8185ms, reset)
[w6:mn:pro] [api] 200 mode=pro startsWith=nig
[w6:mn:pro] [api] 200 mode=pro startsWith=nig sort=alphabetical:desc (500ms direct)
[w6:mn:pro] "nig" full page ends at "nighted" (next='h'); skip 21 covered groups → 7 children reverse Z→A ends at "nightingales" (lo='h' hi='u'); skip 12 middle + 100 new words
[w6:mn:pro] Saved 32,641 worker words; shared last.txt now 337,631
[w6:mn:pro] Searching "nih" | queue=199 | words=32641
[w6:mn:pro] Pacing 13s before "nih" (gap=16000ms)
[w6:mn:pro] Managed Turnstile token (len=816, 16388ms, reset)
[w6:mn:pro] [api] 200 mode=pro startsWith=nih
[w6:mn:pro] [api] 200 mode=pro startsWith=nih (482ms direct)
[w6:mn:pro] "nih" → 24 records, 24 words
[w6:mn:pro] "nih" branch complete
[w6:mn:pro] Saved 32,665 worker words
[w6:mn:pro] Searching "nii" | queue=198 | words=32665
[w6:mn:pro] Pacing 15s before "nii" (gap=16000ms)
[w6:mn:pro] Site Turnstile remint timed out (25735ms)
[w6:mn:pro] heartbeat words=32665 queue=198 rotation=22 idle=1s
[w6:mn:pro] Turnstile token present (len=816)
[w6:mn:pro] Site Turnstile token (23063ms)
[w6:mn:pro] [api] 200 mode=pro startsWith=nii
[w6:mn:pro] [api] 200 mode=pro startsWith=nii (545ms direct)
[w6:mn:pro] "nii" → 1 records, 1 words
[w6:mn:pro] "nii" branch complete
[w6:mn:pro] Saved 32,666 worker words
[w6:mn:pro] Searching "nij" | queue=197 | words=32666
[w6:mn:pro] Pacing 15s before "nij" (gap=16000ms)
[w6:mn:pro] Turnstile mint hard timeout after 28000ms
[w6:mn:pro] Site Turnstile remint timed out (34545ms)
[w6:mn:pro] heartbeat words=32666 queue=197 rotation=22 idle=2s
[w6:mn:pro] Managed Turnstile token (len=816, 13823ms, remount)
[w6:mn:pro] [api] 200 mode=pro startsWith=nij
[w6:mn:pro] [api] 200 mode=pro startsWith=nij (1177ms direct)
[w6:mn:pro] "nij" → 2 records, 2 words
[w6:mn:pro] "nij" branch complete
[w6:mn:pro] Saved 32,668 worker words
[w6:mn:pro] Searching "nik" | queue=196 | words=32668
[w6:mn:pro] Pacing 15s before "nik" (gap=16000ms)
[w6:mn:pro] Managed Turnstile token (len=816, 3389ms, reset)
[w6:mn:pro] [api] 200 mode=pro startsWith=nik
[w6:mn:pro] [api] 200 mode=pro startsWith=nik (418ms direct)
[w6:mn:pro] "nik" → 31 records, 31 words
[w6:mn:pro] "nik" branch complete
[w6:mn:pro] Saved 32,699 worker words
[w6:mn:pro] Searching "nil" | queue=195 | words=32699
[w6:mn:pro] Pacing 16s before "nil" (gap=16000ms)
[w6:mn:pro] Managed Turnstile token (len=816, 4163ms, reset)
[w6:mn:pro] [api] 200 mode=pro startsWith=nil
[w6:mn:pro] [api] 200 mode=pro startsWith=nil (453ms direct)
[w6:mn:pro] "nil" → 39 records, 39 words (incl. exact "nil")
[w6:mn:pro] "nil" branch complete
[w6:mn:pro] Saved 32,738 worker words
[w6:mn:pro] Searching "nim" | queue=194 | words=32738
[w6:mn:pro] Pacing 16s before "nim" (gap=16000ms)
[w6:mn:pro] Managed Turnstile token (len=816, 4352ms, reset)
[w6:mn:pro] [api] 200 mode=pro startsWith=nim
[w6:mn:pro] [api] 200 mode=pro startsWith=nim (531ms direct)
[w6:mn:pro] "nim" → 57 records, 57 words (incl. exact "nim")
[w6:mn:pro] "nim" branch complete
[w6:mn:pro] Saved 32,795 worker words
[w6:mn:pro] Searching "nin" | queue=193 | words=32795
[w6:mn:pro] Pacing 16s before "nin" (gap=16000ms)
[w6:mn:pro] Managed Turnstile token (len=816, 3692ms, reset)
[w6:mn:pro] heartbeat words=32795 queue=193 rotation=22 idle=3s
[w6:mn:pro] [api] 200 mode=pro startsWith=nin
[w6:mn:pro] [api] 200 mode=pro startsWith=nin (450ms direct)
[w6:mn:pro] "nin" → 100 records, 100 words
[w6:mn:pro] Pacing 16s before "nin" (gap=16000ms)
[w6:mn:pro] Managed Turnstile token (len=816, 4140ms, reset)
[w6:mn:pro] [api] 200 mode=pro startsWith=nin
[w6:mn:pro] [api] 200 mode=pro startsWith=nin sort=alphabetical:desc (463ms direct)
[w6:mn:pro] "nin" full page ends at "ninnies" (next='n'); skip 22 covered groups → 6 children reverse Z→A ends at "ninepennies" (lo='e' hi='u'); skip 15 middle + 19 new words
[w6:mn:pro] Saved 32,914 worker words
[w6:mn:pro] Searching "nio" | queue=198 | words=32914
[w6:mn:pro] Pacing 16s before "nio" (gap=16000ms)
[w6:mn:pro] Managed Turnstile token (len=816, 4373ms, reset)
[w6:mn:pro] [api] 200 mode=pro startsWith=nio
[w6:mn:pro] [api] 200 mode=pro startsWith=nio (482ms direct)
[w6:mn:pro] "nio" → 17 records, 17 words
[w6:mn:pro] "nio" branch complete
[w6:mn:pro] Saved 32,931 worker words; shared last.txt now 338,337
[w6:mn:pro] Searching "nip" | queue=197 | words=32931
[w6:mn:pro] Pacing 15s before "nip" (gap=16000ms)
[w6:mn:pro] Managed Turnstile token (len=816, 4377ms, reset)
[w6:mn:pro] [api] 200 mode=pro startsWith=nip
[w6:mn:pro] [api] 200 mode=pro startsWith=nip (484ms direct)
[w6:mn:pro] "nip" → 47 records, 47 words (incl. exact "nip")
[w6:mn:pro] "nip" branch complete
[w6:mn:pro] Saved 32,978 worker words
[w6:mn:pro] Searching "niq" | queue=196 | words=32978
[w6:mn:pro] Pacing 15s before "niq" (gap=16000ms)
[w6:mn:pro] heartbeat words=32978 queue=196 rotation=22 idle=1s
[w6:mn:pro] Turnstile token present (len=816)
[w6:mn:pro] Site Turnstile token (20739ms)
[w6:mn:pro] [api] 200 mode=pro startsWith=niq
[w6:mn:pro] [api] 200 mode=pro startsWith=niq (515ms direct)
[w6:mn:pro] "niq" → 8 records, 8 words
[w6:mn:pro] "niq" branch complete
[w6:mn:pro] Saved 32,986 worker words
[w6:mn:pro] Searching "nir" | queue=195 | words=32986
[w6:mn:pro] Pacing 16s before "nir" (gap=16000ms)
[w6:mn:pro] Managed Turnstile token (len=816, 4193ms, remount)
[w6:mn:pro] [api] 200 mode=pro startsWith=nir
[w6:mn:pro] [api] 200 mode=pro startsWith=nir (675ms direct)
[w6:mn:pro] "nir" → 23 records, 23 words
[w6:mn:pro] "nir" branch complete
[w6:mn:pro] Saved 33,009 worker words
[w6:mn:pro] Searching "nis" | queue=194 | words=33009
[w6:mn:pro] Pacing 16s before "nis" (gap=16000ms)
[w6:mn:pro] Managed Turnstile token (len=816, 11597ms, reset)
[w6:mn:pro] [api] 200 mode=pro startsWith=nis
[w6:mn:pro] [api] 200 mode=pro startsWith=nis (568ms direct)
[w6:mn:pro] "nis" → 29 records, 29 words (incl. exact "nis")
[w6:mn:pro] "nis" branch complete
[w6:mn:pro] Saved 33,038 worker words
[w6:mn:pro] Searching "nit" | queue=193 | words=33038
[w6:mn:pro] Pacing 16s before "nit" (gap=16000ms)
[w6:mn:pro] heartbeat words=33038 queue=193 rotation=22 idle=9s
[w6:mn:pro] Managed Turnstile token (len=816, 18164ms, reset)
[w6:mn:pro] [api] 200 mode=pro startsWith=nit
[w6:mn:pro] [api] 200 mode=pro startsWith=nit (464ms direct)
[w6:mn:pro] "nit" → 100 records, 100 words (incl. exact "nit")
[w6:mn:pro] Pacing 16s before "nit" (gap=16000ms)
[w6:mn:pro] Site Turnstile remint timed out (23195ms)
[w6:mn:pro] heartbeat words=33138 queue=193 rotation=22 idle=27s
[w6:mn:pro] Site Turnstile remint timed out (27527ms)
[w6:mn:pro] Turnstile mint hard timeout after 28000ms
[w6:mn:pro] Site Turnstile remint timed out (32252ms)
[w6:mn:pro] Managed Turnstile token (len=816, 14593ms, remount)
[w6:mn:pro] [api] 200 mode=pro startsWith=nit
[w6:mn:pro] [api] 200 mode=pro startsWith=nit sort=alphabetical:desc (459ms direct)
[w6:mn:pro] "nit" full page ends at "nitrifies" (next='r'); skip 26 covered groups → 2 children reverse Z→A ends at "nitrogenous" (lo='r' hi='z'); skip 7 middle + 57 new words
[w6:mn:pro] Saved 33,195 worker words
[w6:mn:pro] Searching "niz" | queue=194 | words=33195
[w6:mn:pro] Pacing 15s before "niz" (gap=16000ms)
[w6:mn:pro] heartbeat words=33195 queue=194 rotation=22 idle=16s
[w6:mn:pro] Site Turnstile remint timed out (24549ms)
[w6:mn:pro] Managed Turnstile token (len=816, 5318ms, remount)
[w6:mn:pro] [api] 200 mode=pro startsWith=niz
[w6:mn:pro] [api] 200 mode=pro startsWith=niz (638ms direct)
[w6:mn:pro] "niz" → 9 records, 9 words
[w6:mn:pro] "niz" branch complete
[w6:mn:pro] Saved 33,195 worker words
[w6:mn:pro] Searching "nob" | queue=193 | words=33195
[w6:mn:pro] Pacing 16s before "nob" (gap=16000ms)
[w6:mn:pro] Managed Turnstile token (len=816, 4040ms, reset)
[w6:mn:pro] [api] 200 mode=pro startsWith=nob
[w6:mn:pro] [api] 200 mode=pro startsWith=nob (397ms direct)
[w6:mn:pro] "nob" → 65 records, 65 words (incl. exact "nob")
[w6:mn:pro] "nob" branch complete
[w6:mn:pro] Saved 33,200 worker words
[w6:mn:pro] Searching "noc" | queue=192 | words=33200
[w6:mn:pro] Pacing 16s before "noc" (gap=16000ms)
[w6:mn:pro] Managed Turnstile token (len=816, 4839ms, reset)
[w6:mn:pro] [api] 200 mode=pro startsWith=noc
[w6:mn:pro] [api] 200 mode=pro startsWith=noc (463ms direct)
[w6:mn:pro] "noc" → 100 records, 100 words
[w6:mn:pro] Pacing 16s before "noc" (gap=16000ms)
[w6:mn:pro] Managed Turnstile token (len=816, 4607ms, reset)
[w6:mn:pro] heartbeat words=33300 queue=192 rotation=22 idle=9s
[w6:mn:pro] [api] 200 mode=pro startsWith=noc
[w6:mn:pro] [api] 200 mode=pro startsWith=noc sort=alphabetical:desc (476ms direct)
[w6:mn:pro] "noc" full page ends at "nocturia" (next='t'); skip 22 covered groups → 6 children reverse Z→A ends at "nocht" (lo='h' hi='u'); skip 12 middle + 17 new words
[w6:mn:pro] Saved 33,317 worker words; shared last.txt now 339,678
[w6:mn:pro] Searching "nod" | queue=197 | words=33317
[w6:mn:pro] Pacing 15s before "nod" (gap=16000ms)
[w6:mn:pro] Turnstile token present (len=816)
[w6:mn:pro] Site Turnstile token (21135ms)
[w6:mn:pro] [api] 200 mode=pro startsWith=nod
[w6:mn:pro] [api] 200 mode=pro startsWith=nod (517ms direct)
[w6:mn:pro] "nod" → 71 records, 71 words (incl. exact "nod")
[w6:mn:pro] "nod" branch complete
[w6:mn:pro] Saved 33,388 worker words
[w6:mn:pro] Searching "noe" | queue=196 | words=33388
[w6:mn:pro] Pacing 16s before "noe" (gap=16000ms)
[w6:mn:pro] Managed Turnstile token (len=816, 6471ms, remount)
[w6:mn:pro] [api] 200 mode=pro startsWith=noe
[w6:mn:pro] [api] 200 mode=pro startsWith=noe (765ms direct)
[w6:mn:pro] "noe" → 23 records, 23 words
[w6:mn:pro] "noe" branch complete
[w6:mn:pro] Saved 33,411 worker words
[w6:mn:pro] Searching "nof" | queue=195 | words=33411
[w6:mn:pro] Pacing 15s before "nof" (gap=16000ms)
[w6:mn:pro] Managed Turnstile token (len=816, 5447ms, reset)
[w6:mn:pro] [api] 200 mode=pro startsWith=nof
[w6:mn:pro] [api] 200 mode=pro startsWith=nof (466ms direct)
[w6:mn:pro] "nof" → 1 records, 1 words
[w6:mn:pro] "nof" branch complete
[w6:mn:pro] Saved 33,412 worker words
[w6:mn:pro] Searching "nog" | queue=194 | words=33412
[w6:mn:pro] Pacing 16s before "nog" (gap=16000ms)
[w6:mn:pro] heartbeat words=33412 queue=194 rotation=22 idle=4s
[w6:mn:pro] Managed Turnstile token (len=816, 4976ms, reset)
[w6:mn:pro] [api] 200 mode=pro startsWith=nog
[w6:mn:pro] [api] 200 mode=pro startsWith=nog (426ms direct)
[w6:mn:pro] "nog" → 18 records, 18 words (incl. exact "nog")
[w6:mn:pro] "nog" branch complete
[w6:mn:pro] Saved 33,430 worker words
[w6:mn:pro] Searching "noh" | queue=193 | words=33430
[w6:mn:pro] Pacing 16s before "noh" (gap=16000ms)
[w6:mn:pro] Managed Turnstile token (len=816, 12431ms, reset)
[w6:mn:pro] [api] 200 mode=pro startsWith=noh
[w6:mn:pro] [api] 200 mode=pro startsWith=noh (434ms direct)
[w6:mn:pro] "noh" → 5 records, 5 words (incl. exact "noh")
[w6:mn:pro] "noh" branch complete
[w6:mn:pro] Saved 33,435 worker words
[w6:mn:pro] Searching "noi" | queue=192 | words=33435
[w6:mn:pro] Pacing 16s before "noi" (gap=16000ms)
[w6:mn:pro] Site Turnstile remint timed out (23445ms)
[w6:mn:pro] heartbeat words=33435 queue=192 rotation=22 idle=9s
[w6:mn:pro] Site Turnstile remint timed out (26105ms)
[w6:mn:pro] Site Turnstile remint timed out (22723ms)
[w6:mn:pro] heartbeat words=33435 queue=192 rotation=22 idle=20s
[w6:mn:pro] Site Turnstile remint timed out (25650ms)
[w6:mn:pro] Turnstile mint hard timeout after 28000ms
[w6:mn:pro] Failed "noi" attempt 1: No Turnstile token for direct search
[w6:mn:pro] Saved 33,435 worker words
[w6:mn:pro] Turnstile miss — soft reload before rotate
[w6:mn:pro] Site Turnstile remint timed out (31395ms)
[w6:mn:pro] Turnstile token present (len=816)
[w6:mn:pro] Site Turnstile token (8310ms)
[w6:mn:pro] Searching "noi" | queue=192 | words=33435
[w6:mn:pro] [api] 200 mode=pro startsWith=noi
[w6:mn:pro] [api] 200 mode=pro startsWith=noi (566ms direct)
[w6:mn:pro] "noi" → 60 records, 60 words
[w6:mn:pro] "noi" branch complete
[w6:mn:pro] Saved 33,495 worker words
[w6:mn:pro] Searching "noj" | queue=191 | words=33495
[w6:mn:pro] Pacing 14s before "noj" (gap=16000ms)
[w6:mn:pro] Managed Turnstile token (len=816, 9437ms, remount)
[w6:mn:pro] heartbeat words=33495 queue=191 rotation=22 idle=5s
[w6:mn:pro] [api] 200 mode=pro startsWith=noj
[w6:mn:pro] [api] 200 mode=pro startsWith=noj (730ms direct)
[w6:mn:pro] "noj" → 0 records, 0 words
[w6:mn:pro] "noj" branch complete
[w6:mn:pro] Saved 33,495 worker words; shared last.txt now 341,169
[w6:mn:pro] Searching "nok" | queue=190 | words=33495
[w6:mn:pro] Pacing 13s before "nok" (gap=16000ms)
[w6:mn:pro] Managed Turnstile token (len=816, 7128ms, reset)
[w6:mn:pro] [api] 200 mode=pro startsWith=nok
[w6:mn:pro] [api] 200 mode=pro startsWith=nok (434ms direct)
[w6:mn:pro] "nok" → 2 records, 2 words
[w6:mn:pro] "nok" branch complete
[w6:mn:pro] Saved 33,497 worker words
[w6:mn:pro] Searching "nol" | queue=189 | words=33497
[w6:mn:pro] Pacing 16s before "nol" (gap=16000ms)
[w6:mn:pro] Managed Turnstile token (len=816, 4341ms, reset)
[w6:mn:pro] [api] 200 mode=pro startsWith=nol
[w6:mn:pro] [api] 200 mode=pro startsWith=nol (419ms direct)
[w6:mn:pro] "nol" → 14 records, 14 words
[w6:mn:pro] "nol" branch complete
[w6:mn:pro] Saved 33,511 worker words
[w6:mn:pro] Searching "nom" | queue=188 | words=33511
[w6:mn:pro] Pacing 16s before "nom" (gap=16000ms)
[w6:mn:pro] Managed Turnstile token (len=816, 3840ms, reset)
[w6:mn:pro] [api] 200 mode=pro startsWith=nom
[w6:mn:pro] [api] 200 mode=pro startsWith=nom (403ms direct)
[w6:mn:pro] "nom" → 100 records, 100 words (incl. exact "nom")
[w6:mn:pro] Pacing 16s before "nom" (gap=16000ms)
[w6:mn:pro] Managed Turnstile token (len=816, 4093ms, reset)
[w6:mn:pro] heartbeat words=33611 queue=188 rotation=22 idle=7s
[w6:mn:pro] [api] 200 mode=pro startsWith=nom
[w6:mn:pro] [api] 200 mode=pro startsWith=nom sort=alphabetical:desc (747ms direct)
[w6:mn:pro] "nom" full page ends at "nominator" (next='i'); skip 20 covered groups → 8 children reverse Z→A ends at "nomeus" (lo='e' hi='s'); skip 13 middle + 57 new words
[w6:mn:pro] Saved 33,668 worker words
[w6:mn:pro] Searching "non" | queue=195 | words=33668
[w6:mn:pro] Pacing 16s before "non" (gap=16000ms)
[w6:mn:pro] Managed Turnstile token (len=816, 12808ms, reset)
[w6:mn:pro] [api] 200 mode=pro startsWith=non
[w6:mn:pro] [api] 200 mode=pro startsWith=non (510ms direct)
[w6:mn:pro] "non" → 100 records, 100 words (incl. exact "non")
[w6:mn:pro] Pacing 16s before "non" (gap=16000ms)
[w6:mn:pro] Managed Turnstile token (len=816, 4582ms, reset)
[w6:mn:pro] [api] 200 mode=pro startsWith=non
[w6:mn:pro] [api] 200 mode=pro startsWith=non sort=alphabetical:desc (774ms direct)
[w6:mn:pro] "non" full page ends at "non-endorsements" (next='-'); skip 4 covered groups → 24 children reverse Z→A ends at "nonvocality" (lo='v' hi='z'); skip 3 middle + 100 new words
[w6:mn:pro] Saved 33,868 worker words
[w6:mn:pro] Searching "noo" | queue=218 | words=33868
[w6:mn:pro] Pacing 15s before "noo" (gap=16000ms)
[w6:mn:pro] Managed Turnstile token (len=816, 6358ms, reset)
[w6:mn:pro] [api] 200 mode=pro startsWith=noo
[w6:mn:pro] [api] 200 mode=pro startsWith=noo (495ms direct)
[w6:mn:pro] "noo" → 83 records, 83 words (incl. exact "noo")
[w6:mn:pro] "noo" branch complete
[w6:mn:pro] Saved 33,951 worker words
[w6:mn:pro] Searching "nop" | queue=217 | words=33951
[w6:mn:pro] Pacing 16s before "nop" (gap=16000ms)
[w6:mn:pro] Managed Turnstile token (len=816, 5926ms, remount)
[w6:mn:pro] heartbeat words=33951 queue=217 rotation=22 idle=1s
[w6:mn:pro] [api] 200 mode=pro startsWith=nop
[w6:mn:pro] [api] 200 mode=pro startsWith=nop (435ms direct)
[w6:mn:pro] "nop" → 10 records, 10 words
[w6:mn:pro] "nop" branch complete
[w6:mn:pro] Saved 33,961 worker words
[w6:mn:pro] Searching "noq" | queue=216 | words=33961
[w6:mn:pro] Pacing 16s before "noq" (gap=16000ms)
[w6:mn:pro] Turnstile token present (len=816)
[w6:mn:pro] Site Turnstile token (20509ms)
[w6:mn:pro] [api] 200 mode=pro startsWith=noq
[w6:mn:pro] [api] 200 mode=pro startsWith=noq (521ms direct)
[w6:mn:pro] "noq" → 0 records, 0 words
[w6:mn:pro] "noq" branch complete
[w6:mn:pro] Saved 33,961 worker words
[w6:mn:pro] Searching "nor" | queue=215 | words=33961
[w6:mn:pro] Pacing 15s before "nor" (gap=16000ms)
[w6:mn:pro] Turnstile token present (len=816)
[w6:mn:pro] Site Turnstile token (19281ms)
[w6:mn:pro] [api] 200 mode=pro startsWith=nor
[w6:mn:pro] [api] 200 mode=pro startsWith=nor (508ms direct)
[w6:mn:pro] "nor" → 100 records, 100 words (incl. exact "nor")
[w6:mn:pro] Pacing 15s before "nor" (gap=16000ms)
[w6:mn:pro] heartbeat words=34061 queue=215 rotation=22 idle=9s
[w6:mn:pro] Managed Turnstile token (len=816, 16848ms, remount)
[w6:mn:pro] [api] 200 mode=pro startsWith=nor
[w6:mn:pro] [api] 200 mode=pro startsWith=nor sort=alphabetical:desc (516ms direct)
[w6:mn:pro] "nor" full page ends at "normalize" (next='m'); skip 16 covered groups → 12 children reverse Z→A ends at "nortec" (lo='t' hi='w'); skip 2 middle + 100 new words
[w6:mn:pro] Saved 34,161 worker words; shared last.txt now 342,453
[w6:mn:pro] Searching "nos" | queue=226 | words=34161
[w6:mn:pro] Pacing 13s before "nos" (gap=16000ms)
[w6:mn:pro] Managed Turnstile token (len=816, 13553ms, reset)
[w6:mn:pro] [api] 200 mode=pro startsWith=nos
[w6:mn:pro] [api] 200 mode=pro startsWith=nos (445ms direct)
[w6:mn:pro] "nos" → 100 records, 100 words (incl. exact "nos")
[w6:mn:pro] Pacing 16s before "nos" (gap=16000ms)
[w6:mn:pro] Managed Turnstile token (len=816, 16502ms, reset)
[w6:mn:pro] [api] 200 mode=pro startsWith=nos
[w6:mn:pro] [api] 200 mode=pro startsWith=nos sort=alphabetical:desc (462ms direct)
[w6:mn:pro] "nos" full page ends at "nosographies" (next='o'); skip 26 covered groups → 2 children reverse Z→A ends at "nosier" (lo='i' hi='y'); skip 15 middle + 69 new words
[w6:mn:pro] Saved 34,330 worker words
[w6:mn:pro] Searching "not" | queue=227 | words=34330
[w6:mn:pro] Pacing 16s before "not" (gap=16000ms)
[w6:mn:pro] Managed Turnstile token (len=816, 15335ms, reset)
[w6:mn:pro] [api] 200 mode=pro startsWith=not
[w6:mn:pro] [api] 200 mode=pro startsWith=not (433ms direct)
[w6:mn:pro] "not" → 100 records, 100 words (incl. exact "not")
[w6:mn:pro] Pacing 16s before "not" (gap=16000ms)
[w6:mn:pro] heartbeat words=34430 queue=227 rotation=22 idle=3s
[w6:mn:pro] Managed Turnstile token (len=816, 10167ms, reset)
[w6:mn:pro] [api] 200 mode=pro startsWith=not
[w6:mn:pro] [api] 200 mode=pro startsWith=not sort=alphabetical:desc (458ms direct)
[w6:mn:pro] "not" full page ends at "notecards" (next='e'); skip 19 covered groups → 9 children reverse Z→A ends at "notification" (lo='i' hi='w'); skip 13 middle + 100 new words
[w6:mn:pro] Saved 34,530 worker words
[w6:mn:pro] Searching "nou" | queue=235 | words=34530
[w6:mn:pro] Pacing 16s before "nou" (gap=16000ms)
[w6:mn:pro] Managed Turnstile token (len=816, 3895ms, reset)
[w6:mn:pro] [api] 200 mode=pro startsWith=nou
[w6:mn:pro] [api] 200 mode=pro startsWith=nou (503ms direct)
[w6:mn:pro] "nou" → 88 records, 88 words
[w6:mn:pro] "nou" branch complete
[w6:mn:pro] Saved 34,618 worker words
[w6:mn:pro] Searching "nov" | queue=234 | words=34618
[w6:mn:pro] Pacing 16s before "nov" (gap=16000ms)
[w6:mn:pro] Managed Turnstile token (len=816, 4313ms, reset)
[w6:mn:pro] [api] 200 mode=pro startsWith=nov
[w6:mn:pro] [api] 200 mode=pro startsWith=nov (472ms direct)
[w6:mn:pro] "nov" → 100 records, 100 words (incl. exact "nov")
[w6:mn:pro] Pacing 16s before "nov" (gap=16000ms)
[w6:mn:pro] Managed Turnstile token (len=816, 3535ms, reset)
[w6:mn:pro] heartbeat words=34718 queue=234 rotation=22 idle=11s
[w6:mn:pro] [api] 200 mode=pro startsWith=nov
[w6:mn:pro] [api] 200 mode=pro startsWith=nov sort=alphabetical:desc (443ms direct)
[w6:mn:pro] "nov" full page ends at "novena" (next='e'); skip 21 covered groups → 7 children reverse Z→A ends at "novelising" (lo='e' hi='u'); skip 15 middle + 32 new words
[w6:mn:pro] Saved 34,750 worker words
[w6:mn:pro] Searching "noz" | queue=240 | words=34750
[w6:mn:pro] Pacing 16s before "noz" (gap=16000ms)
[w6:mn:pro] Managed Turnstile token (len=794, 3799ms, remount)
[w6:mn:pro] [api] 200 mode=pro startsWith=noz
[w6:mn:pro] [api] 200 mode=pro startsWith=noz (444ms direct)
[w6:mn:pro] "noz" → 6 records, 6 words
[w6:mn:pro] "noz" branch complete
[w6:mn:pro] Saved 34,750 worker words
[w6:mn:pro] Searching "nuc" | queue=239 | words=34750
[w6:mn:pro] Pacing 16s before "nuc" (gap=16000ms)
[w6:mn:pro] Managed Turnstile token (len=816, 3397ms, reset)
[w6:mn:pro] [api] 200 mode=pro startsWith=nuc
[w6:mn:pro] [api] 200 mode=pro startsWith=nuc (447ms direct)
[w6:mn:pro] "nuc" → 100 records, 100 words
[w6:mn:pro] Pacing 16s before "nuc" (gap=16000ms)
[w6:mn:pro] Managed Turnstile token (len=816, 4346ms, reset)
[w6:mn:pro] [api] 200 mode=pro startsWith=nuc
[w6:mn:pro] [api] 200 mode=pro startsWith=nuc sort=alphabetical:desc (395ms direct)
[w6:mn:pro] "nuc" full page ends at "nucleoplasm" (next='l'); skip 21 covered groups → 7 children reverse Z→A ends at "nucleated" (lo='l' hi='u'); skip 8 middle + 37 new words
[w6:mn:pro] Saved 34,836 worker words
[w6:mn:pro] Searching "nud" | queue=245 | words=34836
[w6:mn:pro] Pacing 16s before "nud" (gap=16000ms)
[w6:mn:pro] Managed Turnstile token (len=816, 4623ms, reset)
[w6:mn:pro] heartbeat words=34836 queue=245 rotation=22 idle=6s
[w6:mn:pro] [api] 200 mode=pro startsWith=nud
[w6:mn:pro] [api] 200 mode=pro startsWith=nud (422ms direct)
[w6:mn:pro] "nud" → 56 records, 56 words
[w6:mn:pro] "nud" branch complete
[w6:mn:pro] Saved 34,892 worker words
[w6:mn:pro] Searching "nue" | queue=244 | words=34892
[w6:mn:pro] Pacing 16s before "nue" (gap=16000ms)
[w6:mn:pro] Managed Turnstile token (len=816, 4113ms, reset)
[w6:mn:pro] [api] 200 mode=pro startsWith=nue
[w6:mn:pro] [api] 200 mode=pro startsWith=nue (482ms direct)
[w6:mn:pro] "nue" → 0 records, 0 words
[w6:mn:pro] "nue" branch complete
[w6:mn:pro] Saved 34,892 worker words; shared last.txt now 343,803
[w6:mn:pro] Searching "nuf" | queue=243 | words=34892
[w6:mn:pro] Pacing 14s before "nuf" (gap=16000ms)
[w6:mn:pro] Managed Turnstile token (len=816, 13096ms, reset)
[w6:mn:pro] [api] 200 mode=pro startsWith=nuf
[w6:mn:pro] [api] 200 mode=pro startsWith=nuf (485ms direct)
[w6:mn:pro] "nuf" → 6 records, 6 words
[w6:mn:pro] "nuf" branch complete
[w6:mn:pro] Saved 34,898 worker words
[w6:mn:pro] Searching "nug" | queue=242 | words=34898
[w6:mn:pro] Pacing 16s before "nug" (gap=16000ms)
[w6:mn:pro] Managed Turnstile token (len=816, 15462ms, reset)
[w6:mn:pro] [api] 200 mode=pro startsWith=nug
[w6:mn:pro] [api] 200 mode=pro startsWith=nug (501ms direct)
[w6:mn:pro] "nug" → 27 records, 27 words (incl. exact "nug")
[w6:mn:pro] "nug" branch complete
[w6:mn:pro] Saved 34,925 worker words
[w6:mn:pro] Searching "nuh" | queue=241 | words=34925
[w6:mn:pro] Pacing 16s before "nuh" (gap=16000ms)
[w6:mn:pro] heartbeat words=34925 queue=241 rotation=22 idle=6s
[w6:mn:pro] Managed Turnstile token (len=816, 13078ms, reset)
[w6:mn:pro] [api] 200 mode=pro startsWith=nuh
[w6:mn:pro] [api] 200 mode=pro startsWith=nuh (448ms direct)
[w6:mn:pro] "nuh" → 1 records, 1 words
[w6:mn:pro] "nuh" branch complete
[w6:mn:pro] Saved 34,926 worker words
[w6:mn:pro] Searching "nui" | queue=240 | words=34926
[w6:mn:pro] Pacing 16s before "nui" (gap=16000ms)
[w6:mn:pro] Managed Turnstile token (len=816, 17359ms, remount)
[w6:mn:pro] [api] 200 mode=pro startsWith=nui
[w6:mn:pro] [api] 200 mode=pro startsWith=nui (506ms direct)
[w6:mn:pro] "nui" → 5 records, 5 words
[w6:mn:pro] "nui" branch complete
[w6:mn:pro] Saved 34,931 worker words
[w6:mn:pro] Searching "nuj" | queue=239 | words=34931
[w6:mn:pro] Pacing 16s before "nuj" (gap=16000ms)
[w6:mn:pro] Managed Turnstile token (len=816, 15729ms, reset)
[w6:mn:pro] [api] 200 mode=pro startsWith=nuj
[w6:mn:pro] [api] 200 mode=pro startsWith=nuj (678ms direct)
[w6:mn:pro] "nuj" → 0 records, 0 words
[w6:mn:pro] "nuj" branch complete
[w6:mn:pro] Saved 34,931 worker words
[w6:mn:pro] Searching "nuk" | queue=238 | words=34931
[w6:mn:pro] Pacing 15s before "nuk" (gap=16000ms)
[w6:mn:pro] heartbeat words=34931 queue=238 rotation=22 idle=16s
[w6:mn:pro] Site Turnstile remint timed out (23234ms)
[w6:mn:pro] Turnstile token present (len=816)
[w6:mn:pro] Site Turnstile token (20778ms)
[w6:mn:pro] [api] 200 mode=pro startsWith=nuk
[w6:mn:pro] [api] 200 mode=pro startsWith=nuk (477ms direct)
[w6:mn:pro] "nuk" → 9 records, 9 words
[w6:mn:pro] "nuk" branch complete
[w6:mn:pro] Saved 34,940 worker words
[w6:mn:pro] Searching "nul" | queue=237 | words=34940
[w6:mn:pro] Pacing 15s before "nul" (gap=16000ms)
[w6:mn:pro] Managed Turnstile token (len=816, 15213ms, remount)
[w6:mn:pro] [api] 200 mode=pro startsWith=nul
[w6:mn:pro] [api] 200 mode=pro startsWith=nul (496ms direct)
[w6:mn:pro] "nul" → 62 records, 62 words (incl. exact "nul")
[w6:mn:pro] "nul" branch complete
[w6:mn:pro] Saved 35,002 worker words
[w6:mn:pro] Searching "num" | queue=236 | words=35002
[w6:mn:pro] Pacing 15s before "num" (gap=16000ms)
[w6:mn:pro] Managed Turnstile token (len=816, 7196ms, reset)
[w6:mn:pro] heartbeat words=35002 queue=236 rotation=22 idle=8s
[w6:mn:pro] [api] 200 mode=pro startsWith=num
[w6:mn:pro] [api] 200 mode=pro startsWith=num (460ms direct)
[w6:mn:pro] "num" → 100 records, 100 words (incl. exact "num")
[w6:mn:pro] Pacing 16s before "num" (gap=16000ms)
[w6:mn:pro] Managed Turnstile token (len=816, 4988ms, reset)
[w6:mn:pro] [api] 200 mode=pro startsWith=num
[w6:mn:pro] [api] 200 mode=pro startsWith=num sort=alphabetical:desc (507ms direct)
[w6:mn:pro] "num" full page ends at "numida" (next='i'); skip 22 covered groups → 6 children reverse Z→A ends at "numerary" (lo='e' hi='u'); skip 15 middle + 64 new words
[w6:mn:pro] Saved 35,166 worker words; shared last.txt now 344,894
[w6:mn:pro] Searching "nun" | queue=241 | words=35166
[w6:mn:pro] Pacing 10s before "nun" (gap=16000ms)
[w6:mn:pro] Managed Turnstile token (len=816, 15802ms, reset)
[w6:mn:pro] [api] 200 mode=pro startsWith=nun
[w6:mn:pro] [api] 200 mode=pro startsWith=nun (5267ms direct)
[w6:mn:pro] "nun" → 75 records, 75 words (incl. exact "nun")
[w6:mn:pro] "nun" branch complete
[w6:mn:pro] Saved 35,241 worker words
[w6:mn:pro] Searching "nuo" | queue=240 | words=35241
[w6:mn:pro] Pacing 10s before "nuo" (gap=16000ms)
[w6:mn:pro] heartbeat words=35241 queue=240 rotation=22 idle=21s
[w6:mn:pro] Turnstile token present (len=816)
[w6:mn:pro] Site Turnstile token (25343ms)
[w6:mn:pro] [api] 200 mode=pro startsWith=nuo
[w6:mn:pro] [api] 200 mode=pro startsWith=nuo (566ms direct)
[w6:mn:pro] "nuo" → 0 records, 0 words
[w6:mn:pro] "nuo" branch complete
[w6:mn:pro] Saved 35,241 worker words
[w6:mn:pro] Searching "nup" | queue=239 | words=35241
[w6:mn:pro] Pacing 15s before "nup" (gap=16000ms)
[w6:mn:pro] Managed Turnstile token (len=816, 13892ms, remount)
[w6:mn:pro] [api] 200 mode=pro startsWith=nup
[w6:mn:pro] [api] 200 mode=pro startsWith=nup (735ms direct)
[w6:mn:pro] "nup" → 9 records, 9 words
[w6:mn:pro] "nup" branch complete
[w6:mn:pro] Saved 35,250 worker words
[w6:mn:pro] Searching "nuq" | queue=238 | words=35250
[w6:mn:pro] Pacing 16s before "nuq" (gap=16000ms)
[w6:mn:pro] Managed Turnstile token (len=816, 10051ms, reset)
[w6:mn:pro] [api] 200 mode=pro startsWith=nuq
[w6:mn:pro] [api] 200 mode=pro startsWith=nuq (484ms direct)
[w6:mn:pro] "nuq" → 1 records, 1 words
[w6:mn:pro] "nuq" branch complete
[w6:mn:pro] Saved 35,251 worker words
[w6:mn:pro] Searching "nur" | queue=237 | words=35251
[w6:mn:pro] Pacing 16s before "nur" (gap=16000ms)
[w6:mn:pro] Managed Turnstile token (len=816, 4693ms, reset)
[w6:mn:pro] [api] 200 mode=pro startsWith=nur
[w6:mn:pro] [api] 200 mode=pro startsWith=nur (449ms direct)
[w6:mn:pro] "nur" → 84 records, 84 words (incl. exact "nur")
[w6:mn:pro] "nur" branch complete
[w6:mn:pro] Saved 35,335 worker words
[w6:mn:pro] Searching "nus" | queue=236 | words=35335
[w6:mn:pro] Pacing 16s before "nus" (gap=16000ms)
[w6:mn:pro] Managed Turnstile token (len=816, 3949ms, reset)
[w6:mn:pro] heartbeat words=35335 queue=236 rotation=22 idle=4s
[w6:mn:pro] [api] 200 mode=pro startsWith=nus
[w6:mn:pro] [api] 200 mode=pro startsWith=nus (455ms direct)
[w6:mn:pro] "nus" → 5 records, 5 words (incl. exact "nus")
[w6:mn:pro] "nus" branch complete
[w6:mn:pro] Saved 35,340 worker words
[w6:mn:pro] Searching "nut" | queue=235 | words=35340
[w6:mn:pro] Pacing 16s before "nut" (gap=16000ms)
[w6:mn:pro] Managed Turnstile token (len=816, 7275ms, reset)
[w6:mn:pro] [api] 200 mode=pro startsWith=nut
[w6:mn:pro] [api] 200 mode=pro startsWith=nut (456ms direct)
[w6:mn:pro] "nut" → 100 records, 100 words (incl. exact "nut")
[w6:mn:pro] Pacing 16s before "nut" (gap=16000ms)
[w6:mn:pro] Managed Turnstile token (len=816, 6101ms, reset)
[w6:mn:pro] [api] 200 mode=pro startsWith=nut
[w6:mn:pro] [api] 200 mode=pro startsWith=nut sort=alphabetical:desc (476ms direct)
[w6:mn:pro] "nut" full page ends at "nuts" (next='s'); skip 24 covered groups → 4 children reverse Z→A ends at "nuthetes" (lo='h' hi='w'); skip 14 middle + 0 new words
[w6:mn:pro] Saved 35,388 worker words
[w6:mn:pro] Searching "nuz" | queue=238 | words=35388
[w6:mn:pro] Pacing 16s before "nuz" (gap=16000ms)
[w6:mn:pro] Managed Turnstile token (len=816, 13023ms, reset)
[w6:mn:pro] [api] 200 mode=pro startsWith=nuz
[w6:mn:pro] [api] 200 mode=pro startsWith=nuz (516ms direct)
[w6:mn:pro] "nuz" → 10 records, 10 words
[w6:mn:pro] "nuz" branch complete
[w6:mn:pro] heartbeat words=35388 queue=238 rotation=22 idle=3s
[w6:mn:pro] Saved 35,388 worker words; shared last.txt now 345,354
[w6:mn:pro] Searching "nyx" | queue=237 | words=35388
[w6:mn:pro] Pacing 11s before "nyx" (gap=16000ms)
[w6:mn:pro] Site Turnstile remint timed out (27702ms)
[w6:mn:pro] Managed Turnstile token (len=816, 15216ms, remount)
[w6:mn:pro] [api] 200 mode=pro startsWith=nyx
[w6:mn:pro] [api] 200 mode=pro startsWith=nyx (453ms direct)
[w6:mn:pro] "nyx" → 1 records, 1 words
[w6:mn:pro] "nyx" branch complete
[w6:mn:pro] Saved 35,388 worker words
[w6:mn:pro] Searching "nyy" | queue=236 | words=35388
[w6:mn:pro] Pacing 16s before "nyy" (gap=16000ms)
[w6:mn:pro] Managed Turnstile token (len=816, 7641ms, reset)
[w6:mn:pro] [api] 200 mode=pro startsWith=nyy
[w6:mn:pro] [api] 200 mode=pro startsWith=nyy (425ms direct)
[w6:mn:pro] "nyy" → 0 records, 0 words
[w6:mn:pro] "nyy" branch complete
[w6:mn:pro] Saved 35,388 worker words
[w6:mn:pro] Searching "nyz" | queue=235 | words=35388
[w6:mn:pro] Pacing 16s before "nyz" (gap=16000ms)
[w6:mn:pro] heartbeat words=35388 queue=235 rotation=22 idle=4s
[w6:mn:pro] Managed Turnstile token (len=816, 8745ms, reset)
[w6:mn:pro] [api] 200 mode=pro startsWith=nyz
[w6:mn:pro] [api] 200 mode=pro startsWith=nyz (428ms direct)
[w6:mn:pro] "nyz" → 0 records, 0 words
[w6:mn:pro] "nyz" branch complete
[w6:mn:pro] Saved 35,388 worker words
[w6:mn:pro] Searching "nano" | queue=234 | words=35388
[w6:mn:pro] Pacing 15s before "nano" (gap=16000ms)
[w6:mn:pro] Managed Turnstile token (len=816, 12650ms, reset)
[w6:mn:pro] [api] 200 mode=pro startsWith=nano
[w6:mn:pro] [api] 200 mode=pro startsWith=nano (442ms direct)
[w6:mn:pro] "nano" → 100 records, 100 words (incl. exact "nano")
[w6:mn:pro] Pacing 16s before "nano" (gap=16000ms)
[w6:mn:pro] Managed Turnstile token (len=816, 5630ms, reset)
[w6:mn:pro] [api] 200 mode=pro startsWith=nano
[w6:mn:pro] [api] 200 mode=pro startsWith=nano sort=alphabetical:desc (556ms direct)
[w6:mn:pro] "nano" full page ends at "nanosecond" (next='s'); skip 24 covered groups → 4 children reverse Z→A ends at "nanocrystallisations" (lo='c' hi='w'); skip 19 middle + 0 new words
[w6:mn:pro] Saved 35,413 worker words
[w6:mn:pro] Searching "nany" | queue=237 | words=35413
[w6:mn:pro] Pacing 15s before "nany" (gap=16000ms)
[w6:mn:pro] Managed Turnstile token (len=816, 12379ms, reset)
[w6:mn:pro] heartbeat words=35413 queue=237 rotation=22 idle=3s
[w6:mn:pro] [api] 200 mode=pro startsWith=nany
[w6:mn:pro] [api] 200 mode=pro startsWith=nany (489ms direct)
[w6:mn:pro] "nany" → 1 records, 1 words
[w6:mn:pro] "nany" branch complete
[w6:mn:pro] Saved 35,413 worker words
[w6:mn:pro] Searching "nanz" | queue=236 | words=35413
[w6:mn:pro] Pacing 16s before "nanz" (gap=16000ms)
[w6:mn:pro] Managed Turnstile token (len=816, 14198ms, reset)
[w6:mn:pro] [api] 200 mode=pro startsWith=nanz
[w6:mn:pro] [api] 200 mode=pro startsWith=nanz (486ms direct)
[w6:mn:pro] "nanz" → 0 records, 0 words
[w6:mn:pro] "nanz" branch complete
[w6:mn:pro] Saved 35,413 worker words
[w6:mn:pro] Searching "napu" | queue=235 | words=35413
[w6:mn:pro] Pacing 16s before "napu" (gap=16000ms)
[w6:mn:pro] Managed Turnstile token (len=816, 16004ms, reset)
[w6:mn:pro] [api] 200 mode=pro startsWith=napu
[w6:mn:pro] [api] 200 mode=pro startsWith=napu (544ms direct)
[w6:mn:pro] "napu" → 1 records, 1 words (incl. exact "napu")
[w6:mn:pro] "napu" branch complete
[w6:mn:pro] Saved 35,413 worker words
[w6:mn:pro] Searching "napv" | queue=234 | words=35413
[w6:mn:pro] Pacing 15s before "napv" (gap=16000ms)
[w6:mn:pro] Managed Turnstile token (len=816, 14694ms, remount)
[w6:mn:pro] [api] 200 mode=pro startsWith=napv
[w6:mn:pro] [api] 200 mode=pro startsWith=napv (450ms direct)
[w6:mn:pro] "napv" → 0 records, 0 words
[w6:mn:pro] "napv" branch complete
[w6:mn:pro] Saved 35,413 worker words; shared last.txt now 345,825
[w6:mn:pro] Searching "napw" | queue=233 | words=35413
[w6:mn:pro] Pacing 14s before "napw" (gap=16000ms)
[w6:mn:pro] Managed Turnstile token (len=816, 8215ms, reset)
[w6:mn:pro] heartbeat words=35413 queue=233 rotation=22 idle=3s
[w6:mn:pro] [api] 200 mode=pro startsWith=napw
[w6:mn:pro] [api] 200 mode=pro startsWith=napw (506ms direct)
[w6:mn:pro] "napw" → 0 records, 0 words
[w6:mn:pro] "napw" branch complete
[w6:mn:pro] Saved 35,413 worker words
[w6:mn:pro] Searching "napx" | queue=232 | words=35413
[w6:mn:pro] Pacing 16s before "napx" (gap=16000ms)
[w6:mn:pro] Managed Turnstile token (len=816, 4864ms, reset)
[w6:mn:pro] [api] 200 mode=pro startsWith=napx
[w6:mn:pro] [api] 200 mode=pro startsWith=napx (497ms direct)
[w6:mn:pro] "napx" → 0 records, 0 words
[w6:mn:pro] "napx" branch complete
[w6:mn:pro] Saved 35,413 worker words
[w6:mn:pro] Searching "napy" | queue=231 | words=35413
[w6:mn:pro] Pacing 16s before "napy" (gap=16000ms)
[w6:mn:pro] Managed Turnstile token (len=816, 13686ms, reset)
[w6:mn:pro] [api] 200 mode=pro startsWith=napy
[w6:mn:pro] [api] 200 mode=pro startsWith=napy (475ms direct)
[w6:mn:pro] "napy" → 0 records, 0 words
[w6:mn:pro] "napy" branch complete
[w6:mn:pro] Saved 35,413 worker words
[w6:mn:pro] Searching "napz" | queue=230 | words=35413
[w6:mn:pro] Pacing 16s before "napz" (gap=16000ms)
[w6:mn:pro] Managed Turnstile token (len=816, 6371ms, reset)
[w6:mn:pro] [api] 200 mode=pro startsWith=napz
[w6:mn:pro] [api] 200 mode=pro startsWith=napz (456ms direct)
[w6:mn:pro] "napz" → 0 records, 0 words
[w6:mn:pro] "napz" branch complete
[w6:mn:pro] Saved 35,413 worker words
[w6:mn:pro] Searching "narc" | queue=229 | words=35413
[w6:mn:pro] Pacing 16s before "narc" (gap=16000ms)
[w6:mn:pro] Managed Turnstile token (len=816, 3903ms, reset)
[w6:mn:pro] heartbeat words=35413 queue=229 rotation=22 idle=3s
[w6:mn:pro] [api] 200 mode=pro startsWith=narc
[w6:mn:pro] [api] 200 mode=pro startsWith=narc (438ms direct)
[w6:mn:pro] "narc" → 100 records, 100 words (incl. exact "narc")
[w6:mn:pro] Pacing 16s before "narc" (gap=16000ms)
[w6:mn:pro] Managed Turnstile token (len=816, 4279ms, reset)
[w6:mn:pro] [api] 200 mode=pro startsWith=narc
[w6:mn:pro] [api] 200 mode=pro startsWith=narc sort=alphabetical:desc (482ms direct)
[w6:mn:pro] "narc" full page ends at "narcotizing" (next='o'); skip 20 covered groups → 8 children reverse Z→A ends at "narcaciontidae" (lo='a' hi='s'); skip 17 middle + 2 new words
[w6:mn:pro] Saved 35,420 worker words
[w6:mn:pro] Searching "nard" | queue=236 | words=35420
[w6:mn:pro] Pacing 15s before "nard" (gap=16000ms)
[w6:mn:pro] Turnstile token present (len=816)
[w6:mn:pro] Site Turnstile token (21221ms)
[w6:mn:pro] [api] 200 mode=pro startsWith=nard
[w6:mn:pro] [api] 200 mode=pro startsWith=nard (496ms direct)
[w6:mn:pro] "nard" → 9 records, 9 words (incl. exact "nard")
[w6:mn:pro] "nard" branch complete
[w6:mn:pro] Saved 35,429 worker words
[w6:mn:pro] Searching "nare" | queue=235 | words=35429
[w6:mn:pro] Pacing 15s before "nare" (gap=16000ms)
[w6:mn:pro] heartbeat words=35429 queue=235 rotation=22 idle=12s
[w6:mn:pro] Turnstile token present (len=816)
[w6:mn:pro] Site Turnstile token (22544ms)
[w6:mn:pro] [api] 200 mode=pro startsWith=nare
[w6:mn:pro] [api] 200 mode=pro startsWith=nare (475ms direct)
[w6:mn:pro] "nare" → 5 records, 5 words (incl. exact "nare")
[w6:mn:pro] "nare" branch complete
[w6:mn:pro] Saved 35,434 worker words
[w6:mn:pro] Searching "narf" | queue=234 | words=35434
[w6:mn:pro] Pacing 16s before "narf" (gap=16000ms)
[w6:mn:pro] Managed Turnstile token (len=816, 14183ms, remount)
[w6:mn:pro] [api] 200 mode=pro startsWith=narf
[w6:mn:pro] [api] 200 mode=pro startsWith=narf (491ms direct)
[w6:mn:pro] "narf" → 0 records, 0 words
[w6:mn:pro] "narf" branch complete
[w6:mn:pro] Saved 35,434 worker words; shared last.txt now 346,036
[w6:mn:pro] Searching "narg" | queue=233 | words=35434
[w6:mn:pro] Pacing 14s before "narg" (gap=16000ms)
[w6:mn:pro] Managed Turnstile token (len=816, 18348ms, reset)
[w6:mn:pro] [api] 200 mode=pro startsWith=narg
[w6:mn:pro] [api] 200 mode=pro startsWith=narg (567ms direct)
[w6:mn:pro] "narg" → 15 records, 15 words
[w6:mn:pro] "narg" branch complete
[w6:mn:pro] Saved 35,449 worker words
[w6:mn:pro] Searching "narh" | queue=232 | words=35449
[w6:mn:pro] Pacing 15s before "narh" (gap=16000ms)
[w6:mn:pro] heartbeat words=35449 queue=232 rotation=22 idle=14s
[w6:mn:pro] Managed Turnstile token (len=816, 16061ms, reset)
[w6:mn:pro] [api] 200 mode=pro startsWith=narh
[w6:mn:pro] [api] 200 mode=pro startsWith=narh (496ms direct)
[w6:mn:pro] "narh" → 0 records, 0 words
[w6:mn:pro] "narh" branch complete
[w6:mn:pro] Saved 35,449 worker words
[w6:mn:pro] Searching "nari" | queue=231 | words=35449
[w6:mn:pro] Pacing 15s before "nari" (gap=16000ms)
[w6:mn:pro] Managed Turnstile token (len=816, 12260ms, reset)
[w6:mn:pro] [api] 200 mode=pro startsWith=nari
[w6:mn:pro] [api] 200 mode=pro startsWith=nari (532ms direct)
[w6:mn:pro] "nari" → 12 records, 12 words
[w6:mn:pro] "nari" branch complete
[w6:mn:pro] Saved 35,450 worker words
[w6:mn:pro] Searching "nary" | queue=230 | words=35450
[w6:mn:pro] Pacing 15s before "nary" (gap=16000ms)
[w6:mn:pro] Managed Turnstile token (len=816, 12482ms, reset)
[w6:mn:pro] [api] 200 mode=pro startsWith=nary
[w6:mn:pro] [api] 200 mode=pro startsWith=nary (491ms direct)
[w6:mn:pro] "nary" → 1 records, 1 words (incl. exact "nary")
[w6:mn:pro] "nary" branch complete
[w6:mn:pro] Saved 35,450 worker words
[w6:mn:pro] Searching "narz" | queue=229 | words=35450
[w6:mn:pro] Pacing 15s before "narz" (gap=16000ms)
[w6:mn:pro] Managed Turnstile token (len=816, 14979ms, reset)
[w6:mn:pro] [api] 200 mode=pro startsWith=narz
[w6:mn:pro] [api] 200 mode=pro startsWith=narz (812ms direct)
[w6:mn:pro] "narz" → 0 records, 0 words
[w6:mn:pro] "narz" branch complete
[w6:mn:pro] Saved 35,450 worker words
[w6:mn:pro] Searching "nasu" | queue=228 | words=35450
[w6:mn:pro] Pacing 15s before "nasu" (gap=16000ms)
[w6:mn:pro] heartbeat words=35450 queue=228 rotation=22 idle=8s
[w6:mn:pro] Site Turnstile remint timed out (22937ms)
[w6:mn:pro] Site Turnstile remint timed out (22320ms)
[w6:mn:pro] Turnstile token present (len=816)
[w6:mn:pro] Site Turnstile token (19535ms)
[w6:mn:pro] [api] 200 mode=pro startsWith=nasu
[w6:mn:pro] [api] 200 mode=pro startsWith=nasu (487ms direct)
[w6:mn:pro] "nasu" → 9 records, 9 words
[w6:mn:pro] "nasu" branch complete
[w6:mn:pro] Saved 35,450 worker words
[w6:mn:pro] Searching "nasv" | queue=227 | words=35450
[w6:mn:pro] Pacing 16s before "nasv" (gap=16000ms)
[w6:mn:pro] heartbeat words=35450 queue=227 rotation=22 idle=3s
[w6:mn:pro] Managed Turnstile token (len=816, 16472ms, remount)
[w6:mn:pro] [api] 200 mode=pro startsWith=nasv
[w6:mn:pro] [api] 200 mode=pro startsWith=nasv (460ms direct)
[w6:mn:pro] "nasv" → 0 records, 0 words
[w6:mn:pro] "nasv" branch complete
[w6:mn:pro] Saved 35,450 worker words
[w6:mn:pro] Searching "nasw" | queue=226 | words=35450
[w6:mn:pro] Pacing 16s before "nasw" (gap=16000ms)
[w6:mn:pro] Managed Turnstile token (len=816, 4101ms, reset)
[w6:mn:pro] [api] 200 mode=pro startsWith=nasw
[w6:mn:pro] [api] 200 mode=pro startsWith=nasw (522ms direct)
[w6:mn:pro] "nasw" → 0 records, 0 words
[w6:mn:pro] "nasw" branch complete
[w6:mn:pro] Saved 35,450 worker words; shared last.txt now 346,243
[w6:mn:pro] Searching "nasx" | queue=225 | words=35450
[w6:mn:pro] Pacing 16s before "nasx" (gap=16000ms)
[w6:mn:pro] Managed Turnstile token (len=816, 6214ms, reset)
[w6:mn:pro] [api] 200 mode=pro startsWith=nasx
[w6:mn:pro] [api] 200 mode=pro startsWith=nasx (438ms direct)
[w6:mn:pro] "nasx" → 0 records, 0 words
[w6:mn:pro] "nasx" branch complete
[w6:mn:pro] Saved 35,450 worker words
[w6:mn:pro] Searching "nasy" | queue=224 | words=35450
[w6:mn:pro] Pacing 16s before "nasy" (gap=16000ms)
[w6:mn:pro] Managed Turnstile token (len=816, 4155ms, reset)
[w6:mn:pro] heartbeat words=35450 queue=224 rotation=22 idle=10s
[w6:mn:pro] [api] 200 mode=pro startsWith=nasy
[w6:mn:pro] [api] 200 mode=pro startsWith=nasy (520ms direct)
[w6:mn:pro] "nasy" → 0 records, 0 words
[w6:mn:pro] "nasy" branch complete
[w6:mn:pro] Saved 35,450 worker words
[w6:mn:pro] Searching "nasz" | queue=223 | words=35450
[w6:mn:pro] Pacing 16s before "nasz" (gap=16000ms)
[w6:mn:pro] Managed Turnstile token (len=816, 7343ms, reset)
[w6:mn:pro] [api] 200 mode=pro startsWith=nasz
[w6:mn:pro] [api] 200 mode=pro startsWith=nasz (500ms direct)
[w6:mn:pro] "nasz" → 0 records, 0 words
[w6:mn:pro] "nasz" branch complete
[w6:mn:pro] Saved 35,450 worker words
[w6:mn:pro] Searching "nati" | queue=222 | words=35450
[w6:mn:pro] Pacing 16s before "nati" (gap=16000ms)
[w6:mn:pro] Managed Turnstile token (len=816, 9545ms, reset)
[w6:mn:pro] [api] 200 mode=pro startsWith=nati
[w6:mn:pro] [api] 200 mode=pro startsWith=nati (483ms direct)
[w6:mn:pro] "nati" → 60 records, 60 words
[w6:mn:pro] "nati" branch complete
[w6:mn:pro] Saved 35,468 worker words
[w6:mn:pro] Searching "natj" | queue=221 | words=35468
[w6:mn:pro] Pacing 15s before "natj" (gap=16000ms)
[w6:mn:pro] Site Turnstile remint timed out (22915ms)
[w6:mn:pro] heartbeat words=35468 queue=221 rotation=22 idle=3s
[w6:mn:pro] Turnstile token present (len=816)
[w6:mn:pro] Site Turnstile token (20842ms)
[w6:mn:pro] [api] 200 mode=pro startsWith=natj
[w6:mn:pro] [api] 200 mode=pro startsWith=natj (567ms direct)
[w6:mn:pro] "natj" → 0 records, 0 words
[w6:mn:pro] "natj" branch complete
[w6:mn:pro] Saved 35,468 worker words
[w6:mn:pro] Searching "natk" | queue=220 | words=35468
[w6:mn:pro] Pacing 15s before "natk" (gap=16000ms)
[w6:mn:pro] Turnstile token present (len=816)
[w6:mn:pro] Site Turnstile token (19037ms)
[w6:mn:pro] [api] 200 mode=pro startsWith=natk
[w6:mn:pro] [api] 200 mode=pro startsWith=natk (476ms direct)
[w6:mn:pro] "natk" → 0 records, 0 words
[w6:mn:pro] "natk" branch complete
[w6:mn:pro] Saved 35,468 worker words
[w6:mn:pro] Searching "natl" | queue=219 | words=35468
[w6:mn:pro] Pacing 16s before "natl" (gap=16000ms)
[w6:mn:pro] Managed Turnstile token (len=816, 15959ms, remount)
[w6:mn:pro] [api] 200 mode=pro startsWith=natl
[w6:mn:pro] [api] 200 mode=pro startsWith=natl (481ms direct)
[w6:mn:pro] "natl" → 1 records, 1 words (incl. exact "natl")
[w6:mn:pro] "natl" branch complete
[w6:mn:pro] Saved 35,469 worker words
[w6:mn:pro] Searching "natm" | queue=218 | words=35469
[w6:mn:pro] Pacing 16s before "natm" (gap=16000ms)
[w6:mn:pro] heartbeat words=35469 queue=218 rotation=22 idle=5s
[w6:mn:pro] Managed Turnstile token (len=816, 7113ms, reset)
[w6:mn:pro] [api] 200 mode=pro startsWith=natm
[w6:mn:pro] [api] 200 mode=pro startsWith=natm (480ms direct)
[w6:mn:pro] "natm" → 0 records, 0 words
[w6:mn:pro] "natm" branch complete
[w6:mn:pro] Saved 35,469 worker words; shared last.txt now 346,394
[w6:mn:pro] Searching "natn" | queue=217 | words=35469
[w6:mn:pro] Pacing 16s before "natn" (gap=16000ms)
[w6:mn:pro] Managed Turnstile token (len=816, 4611ms, reset)
[w6:mn:pro] [api] 200 mode=pro startsWith=natn
[w6:mn:pro] [api] 200 mode=pro startsWith=natn (474ms direct)
[w6:mn:pro] "natn" → 0 records, 0 words
[w6:mn:pro] "natn" branch complete
[w6:mn:pro] Saved 35,469 worker words
[w6:mn:pro] Searching "nato" | queue=216 | words=35469
[w6:mn:pro] Pacing 16s before "nato" (gap=16000ms)
[w6:mn:pro] Site Turnstile remint timed out (22436ms)
[w6:mn:pro] Managed Turnstile token (len=816, 7690ms, remount)
[w6:mn:pro] [api] 200 mode=pro startsWith=nato
[w6:mn:pro] [api] 200 mode=pro startsWith=nato (663ms direct)
[w6:mn:pro] "nato" → 1 records, 1 words (incl. exact "nato")
[w6:mn:pro] "nato" branch complete
[w6:mn:pro] Saved 35,470 worker words
[w6:mn:pro] Searching "natp" | queue=215 | words=35470
[w6:mn:pro] Pacing 16s before "natp" (gap=16000ms)
[w6:mn:pro] heartbeat words=35470 queue=215 rotation=22 idle=2s
[w6:mn:pro] Managed Turnstile token (len=816, 4414ms, reset)
[w6:mn:pro] [api] 200 mode=pro startsWith=natp
[w6:mn:pro] [api] 200 mode=pro startsWith=natp (451ms direct)
[w6:mn:pro] "natp" → 0 records, 0 words
[w6:mn:pro] "natp" branch complete
[w6:mn:pro] Saved 35,470 worker words
[w6:mn:pro] Searching "natq" | queue=214 | words=35470
[w6:mn:pro] Pacing 16s before "natq" (gap=16000ms)
[w6:mn:pro] Managed Turnstile token (len=816, 8977ms, reset)
[w6:mn:pro] [api] 200 mode=pro startsWith=natq
[w6:mn:pro] [api] 200 mode=pro startsWith=natq (456ms direct)
[w6:mn:pro] "natq" → 0 records, 0 words
[w6:mn:pro] "natq" branch complete
[w6:mn:pro] Saved 35,470 worker words
[w6:mn:pro] Searching "natr" | queue=213 | words=35470
[w6:mn:pro] Pacing 16s before "natr" (gap=16000ms)
[w6:mn:pro] Turnstile token present (len=816)
[w6:mn:pro] Site Turnstile token (24743ms)
[w6:mn:pro] [api] 200 mode=pro startsWith=natr
[w6:mn:pro] [api] 200 mode=pro startsWith=natr (516ms direct)
[w6:mn:pro] "natr" → 22 records, 22 words (incl. exact "natr")
[w6:mn:pro] "natr" branch complete
[w6:mn:pro] Saved 35,480 worker words
[w6:mn:pro] Searching "natu" | queue=212 | words=35480
[w6:mn:pro] Pacing 15s before "natu" (gap=16000ms)
[w6:mn:pro] heartbeat words=35480 queue=212 rotation=22 idle=4s
[w6:mn:pro] Turnstile token present (len=816)
[w6:mn:pro] Site Turnstile token (26671ms)
[w6:mn:pro] [api] 200 mode=pro startsWith=natu
[w6:mn:pro] [api] 200 mode=pro startsWith=natu (492ms direct)
[w6:mn:pro] "natu" → 61 records, 61 words (incl. exact "natu")
[w6:mn:pro] "natu" branch complete
[w6:mn:pro] Saved 35,480 worker words
[w6:mn:pro] Searching "natv" | queue=211 | words=35480
[w6:mn:pro] Pacing 15s before "natv" (gap=16000ms)
[w6:mn:pro] Site Turnstile remint timed out (23820ms)
[w6:mn:pro] heartbeat words=35480 queue=211 rotation=22 idle=13s
[w6:mn:pro] Turnstile token present (len=816)
[w6:mn:pro] Site Turnstile token (27447ms)
[w6:mn:pro] [api] 200 mode=pro startsWith=natv
[w6:mn:pro] [api] 200 mode=pro startsWith=natv (707ms direct)
[w6:mn:pro] "natv" → 0 records, 0 words
[w6:mn:pro] "natv" branch complete
[w6:mn:pro] Saved 35,480 worker words
[w6:mn:pro] Searching "natw" | queue=210 | words=35480
[w6:mn:pro] Pacing 15s before "natw" (gap=16000ms)
[w6:mn:pro] Turnstile token present (len=816)
[w6:mn:pro] Site Turnstile token (20977ms)
[w6:mn:pro] [api] 200 mode=pro startsWith=natw
[w6:mn:pro] [api] 200 mode=pro startsWith=natw (460ms direct)
[w6:mn:pro] "natw" → 0 records, 0 words
[w6:mn:pro] "natw" branch complete
[w6:mn:pro] Saved 35,480 worker words; shared last.txt now 346,840
[w6:mn:pro] Searching "natx" | queue=209 | words=35480
[w6:mn:pro] Pacing 14s before "natx" (gap=16000ms)
[w6:mn:pro] Turnstile token present (len=816)
[w6:mn:pro] Site Turnstile token (20891ms)
[w6:mn:pro] [api] 200 mode=pro startsWith=natx
[w6:mn:pro] [api] 200 mode=pro startsWith=natx (559ms direct)
[w6:mn:pro] "natx" → 0 records, 0 words
[w6:mn:pro] "natx" branch complete
[w6:mn:pro] Saved 35,480 worker words
[w6:mn:pro] Searching "naty" | queue=208 | words=35480
[w6:mn:pro] Pacing 15s before "naty" (gap=16000ms)
[w6:mn:pro] heartbeat words=35480 queue=208 rotation=22 idle=1s
[w6:mn:pro] Site Turnstile remint timed out (24682ms)
[w6:mn:pro] Site Turnstile remint timed out (22322ms)
[w6:mn:pro] heartbeat words=35480 queue=208 rotation=22 idle=15s
[w6:mn:pro] Site Turnstile remint timed out (22354ms)
[w6:mn:pro] Site Turnstile remint timed out (22992ms)
[w6:mn:pro] Site Turnstile remint timed out (26887ms)
[w6:mn:pro] Failed "naty" attempt 1: No Turnstile token for direct search
[w6:mn:pro] Saved 35,480 worker words
[w6:mn:pro] Turnstile miss — soft reload before rotate
[w6:mn:pro] heartbeat words=35480 queue=209 rotation=22 idle=1s
[w6:mn:pro] Site Turnstile remint timed out (11333ms)
[w6:mn:pro] Soft reload mint failed — rotating immediately
[w6:mn:pro] Tor exited code=0
[w6:mn:pro] Starting Tor gen=24 socks=127.0.0.1:19056 (try 1)
[w6:mn:pro] tor: Aug 05 14:51:59.805 [notice] Opened Socks listener connection (ready) on 127.0.0.1:19056
Aug 05 14:51:59.805 [warn] Fixing permissions on directory /tmp/lll-tor
[w6:mn:pro] tor: Aug 05 14:52:00.000 [notice] Bootstrapped 0% (starting): Starting
[w6:mn:pro] tor: Aug 05 14:52:01.000 [notice] Bootstrapped 5% (conn): Connecting to a relay
[w6:mn:pro] tor: Aug 05 14:52:01.000 [notice] Bootstrapped 10% (conn_done): Connected to a relay
[w6:mn:pro] tor: Aug 05 14:52:02.000 [notice] Bootstrapped 14% (handshake): Handshaking with a relay
[w6:mn:pro] tor: Aug 05 14:52:02.000 [notice] Bootstrapped 15% (handshake_done): Handshake with a relay done
Aug 05 14:52:02.000 [notice] Bootstrapped 20% (onehop_create): Estab
[w6:mn:pro] tor: Aug 05 14:52:02.000 [notice] Bootstrapped 25% (requesting_status): Asking for networkstatus consensus
[w6:mn:pro] tor: Aug 05 14:52:02.000 [notice] Bootstrapped 30% (loading_status): Loading networkstatus consensus
[w6:mn:pro] tor: Aug 05 14:52:02.000 [notice] Bootstrapped 40% (loading_keys): Loading authority key certs
[w6:mn:pro] tor: Aug 05 14:52:02.000 [notice] Bootstrapped 45% (requesting_descriptors): Asking for relay descriptors
Aug 05 14:52:02.000 [notice] I learned some more directory 
[w6:mn:pro] tor: Aug 05 14:52:04.000 [notice] Bootstrapped 50% (loading_descriptors): Loading relay descriptors
[w6:mn:pro] tor: Aug 05 14:52:17.000 [notice] Bootstrapped 55% (loading_descriptors): Loading relay descriptors
[w6:mn:pro] tor: Aug 05 14:52:17.000 [notice] Bootstrapped 61% (loading_descriptors): Loading relay descriptors
[w6:mn:pro] tor: Aug 05 14:52:18.000 [notice] Bootstrapped 67% (loading_descriptors): Loading relay descriptors
[w6:mn:pro] tor: Aug 05 14:52:18.000 [notice] Bootstrapped 75% (enough_dirinfo): Loaded enough directory info to build circuits
[w6:mn:pro] tor: Aug 05 14:52:18.000 [notice] Bootstrapped 90% (ap_handshake_done): Handshake finished with a relay to build circuits
Aug 05 14:52:18.000 [notice] Bootstrapped 9
[w6:mn:pro] tor: Aug 05 14:52:19.000 [notice] Bootstrapped 100% (done): Done
[w6:mn:pro] Tor ready on 19056 exit=185.220.100.253
[w6:mn:pro] Rotating IP (#23, try 1) after No Turnstile token for direct search → tor#24 socks5://127.0.0.1:19056
[w6:mn:pro] Launching persistent Chrome profile /tmp/lll-pw-w6-r23
[w6:mn:pro] Proxy tor#24 socks5://127.0.0.1:19056
[w6:mn:pro] Opening https://lastletterlibrary.com
[w6:mn:pro] Library mode=pro
[w6:mn:pro] heartbeat words=35480 queue=209 rotation=23 idle=6s
[w6:mn:pro] Site Turnstile remint timed out (25287ms)
[w6:mn:pro] Search mode=direct (skip UI Wait Ns… gate)
[w6:mn:pro] Cleaned 1 old rotated profile(s)
[w6:mn:pro] Browser exit IP=185.243.218.233 (unique)
[w6:mn:pro] Searching "naty" | queue=208 | words=35480
[w6:mn:pro] Site Turnstile remint timed out (23395ms)
[w6:mn:pro] heartbeat words=35480 queue=208 rotation=23 idle=17s
[w6:mn:pro] Site Turnstile remint timed out (22386ms)
[w6:mn:pro] Turnstile token present (len=837)
[w6:mn:pro] Site Turnstile token (19580ms)
[w6:mn:pro] [api] 200 mode=pro startsWith=naty
[w6:mn:pro] [api] 200 mode=pro startsWith=naty (579ms direct)
[w6:mn:pro] "naty" → 0 records, 0 words
[w6:mn:pro] "naty" branch complete
[w6:mn:pro] Saved 35,480 worker words
[w6:mn:pro] Searching "natz" | queue=207 | words=35480
[w6:mn:pro] Pacing 16s before "natz" (gap=16000ms)
[w6:mn:pro] Site Turnstile remint timed out (22297ms)
[w6:mn:pro] heartbeat words=35480 queue=207 rotation=23 idle=12s
[w6:mn:pro] Site Turnstile remint timed out (22345ms)
[w6:mn:pro] Site Turnstile remint timed out (22932ms)
[w6:mn:pro] Turnstile token present (len=837)
[w6:mn:pro] Site Turnstile token (19803ms)
[w6:mn:pro] [api] 200 mode=pro startsWith=natz
[w6:mn:pro] [api] 200 mode=pro startsWith=natz (535ms direct)
[w6:mn:pro] "natz" → 0 records, 0 words
[w6:mn:pro] "natz" branch complete
[w6:mn:pro] Saved 35,480 worker words
[w6:mn:pro] Searching "naut" | queue=206 | words=35480
[w6:mn:pro] Pacing 16s before "naut" (gap=16000ms)
[w6:mn:pro] heartbeat words=35480 queue=206 rotation=23 idle=6s
[w6:mn:pro] Site Turnstile remint timed out (23029ms)
[w6:mn:pro] Site Turnstile remint timed out (22542ms)
[w6:mn:pro] heartbeat words=35480 queue=206 rotation=23 idle=21s
[w6:mn:pro] Site Turnstile remint timed out (22627ms)
[w6:mn:pro] Site Turnstile remint timed out (23628ms)
[w6:mn:pro] Site Turnstile remint timed out (22345ms)
[w6:mn:pro] Failed "naut" attempt 1: No Turnstile token for direct search
[w6:mn:pro] Saved 35,480 worker words
[w6:mn:pro] Turnstile miss — soft reload before rotate
[w6:mn:pro] Site Turnstile remint timed out (9511ms)
[w6:mn:pro] Soft reload mint failed — rotating immediately
[w6:mn:pro] Tor exited code=0
[w6:mn:pro] Starting Tor gen=25 socks=127.0.0.1:19056 (try 1)
[w6:mn:pro] tor: Aug 05 14:57:44.909 [warn] Fixing permissions on directory /tmp/lll-tor-w6
[w6:mn:pro] tor: Aug 05 14:57:45.000 [notice] Bootstrapped 0% (starting): Starting
[w6:mn:pro] heartbeat words=35480 queue=207 rotation=24 idle=0s
[w6:mn:pro] tor: Aug 05 14:57:46.000 [notice] Bootstrapped 5% (conn): Connecting to a relay
[w6:mn:pro] tor: Aug 05 14:57:46.000 [notice] Bootstrapped 10% (conn_done): Connected to a relay
[w6:mn:pro] tor: Aug 05 14:57:48.000 [notice] Bootstrapped 14% (handshake): Handshaking with a relay
[w6:mn:pro] tor: Aug 05 14:57:49.000 [notice] Bootstrapped 15% (handshake_done): Handshake with a relay done
Aug 05 14:57:49.000 [notice] Bootstrapped 20% (onehop_create): Estab
[w6:mn:pro] tor: Aug 05 14:57:49.000 [notice] Bootstrapped 25% (requesting_status): Asking for networkstatus consensus
[w6:mn:pro] tor: Aug 05 14:57:49.000 [notice] Bootstrapped 30% (loading_status): Loading networkstatus consensus
[w6:mn:pro] tor: Aug 05 14:57:51.000 [notice] Bootstrapped 40% (loading_keys): Loading authority key certs
[w6:mn:pro] tor: Aug 05 14:57:51.000 [notice] Bootstrapped 45% (requesting_descriptors): Asking for relay descriptors
Aug 05 14:57:51.000 [notice] I learned some more directory 
[w6:mn:pro] tor: Aug 05 14:57:52.000 [notice] Bootstrapped 50% (loading_descriptors): Loading relay descriptors
[w6:mn:pro] tor: Aug 05 14:58:00.000 [notice] Bootstrapped 55% (loading_descriptors): Loading relay descriptors
[w6:mn:pro] tor: Aug 05 14:58:00.000 [notice] Bootstrapped 61% (loading_descriptors): Loading relay descriptors
[w6:mn:pro] tor: Aug 05 14:58:02.000 [notice] Bootstrapped 67% (loading_descriptors): Loading relay descriptors
[w6:mn:pro] tor: Aug 05 14:58:03.000 [notice] Bootstrapped 75% (enough_dirinfo): Loaded enough directory info to build circuits
[w6:mn:pro] tor: Aug 05 14:58:04.000 [notice] Bootstrapped 90% (ap_handshake_done): Handshake finished with a relay to build circuits
Aug 05 14:58:04.000 [notice] Bootstrapped 9
[w6:mn:pro] tor: Aug 05 14:58:04.000 [notice] Bootstrapped 100% (done): Done
[w6:mn:pro] Tor ready on 19056 exit=185.243.218.231
[w6:mn:pro] Rotating IP (#24, try 1) after No Turnstile token for direct search → tor#25 socks5://127.0.0.1:19056
[w6:mn:pro] Launching persistent Chrome profile /tmp/lll-pw-w6-r24
[w6:mn:pro] Proxy tor#25 socks5://127.0.0.1:19056
[w6:mn:pro] Opening https://lastletterlibrary.com
[w6:mn:pro] Library mode=pro
[w6:mn:pro] Site Turnstile remint timed out (22372ms)
[w6:mn:pro] Search mode=direct (skip UI Wait Ns… gate)
[w6:mn:pro] Cleaned 1 old rotated profile(s)
[w6:mn:pro] Browser exit IP=192.42.116.12 (unique)
[w6:mn:pro] Searching "naut" | queue=206 | words=35480
[w6:mn:pro] heartbeat words=35480 queue=206 rotation=24 idle=6s
[w6:mn:pro] Site Turnstile remint timed out (22335ms)
[w6:mn:pro] Site Turnstile remint timed out (23781ms)
[w6:mn:pro] Turnstile token present (len=837)
[w6:mn:pro] Site Turnstile token (20842ms)
[w6:mn:pro] heartbeat words=35480 queue=206 rotation=24 idle=0s
[w6:mn:pro] [api] 200 mode=pro startsWith=naut
[w6:mn:pro] [api] 200 mode=pro startsWith=naut (723ms direct)
[w6:mn:pro] "naut" → 25 records, 25 words (incl. exact "naut")
[w6:mn:pro] "naut" branch complete
[w6:mn:pro] Saved 35,480 worker words
[w6:mn:pro] Searching "nauu" | queue=205 | words=35480
[w6:mn:pro] Pacing 16s before "nauu" (gap=16000ms)
[w6:mn:pro] Site Turnstile remint timed out (22838ms)
[w6:mn:pro] Site Turnstile remint timed out (23292ms)
[w6:mn:pro] heartbeat words=35480 queue=205 rotation=24 idle=14s
[w6:mn:pro] Site Turnstile remint timed out (22992ms)
[w6:mn:pro] Turnstile token present (len=837)
[w6:mn:pro] Site Turnstile token (20912ms)
[w6:mn:pro] [api] 200 mode=pro startsWith=nauu
[w6:mn:pro] [api] 200 mode=pro startsWith=nauu (504ms direct)
[w6:mn:pro] "nauu" → 0 records, 0 words
[w6:mn:pro] "nauu" branch complete
[w6:mn:pro] Saved 35,480 worker words
[w6:mn:pro] Searching "nauv" | queue=204 | words=35480
[w6:mn:pro] Pacing 16s before "nauv" (gap=16000ms)
[w6:mn:pro] Turnstile token present (len=837)
[w6:mn:pro] Site Turnstile token (21050ms)
[w6:mn:pro] [api] 200 mode=pro startsWith=nauv
[w6:mn:pro] [api] 200 mode=pro startsWith=nauv (530ms direct)
[w6:mn:pro] "nauv" → 0 records, 0 words
[w6:mn:pro] "nauv" branch complete
[w6:mn:pro] Saved 35,480 worker words; shared last.txt now 348,212
[w6:mn:pro] Searching "nauw" | queue=203 | words=35480
[w6:mn:pro] Pacing 15s before "nauw" (gap=16000ms)
[w6:mn:pro] heartbeat words=35480 queue=203 rotation=24 idle=6s
[w6:mn:pro] Site Turnstile remint timed out (23064ms)
[w6:mn:pro] Site Turnstile remint timed out (22528ms)
[w6:mn:pro] Turnstile token present (len=837)
[w6:mn:pro] Site Turnstile token (19596ms)
[w6:mn:pro] [api] 200 mode=pro startsWith=nauw
[w6:mn:pro] [api] 200 mode=pro startsWith=nauw (439ms direct)
[w6:mn:pro] "nauw" → 0 records, 0 words
[w6:mn:pro] "nauw" branch complete
[w6:mn:pro] Saved 35,480 worker words
[w6:mn:pro] Searching "naux" | queue=202 | words=35480
[w6:mn:pro] Pacing 16s before "naux" (gap=16000ms)
[w6:mn:pro] heartbeat words=35480 queue=202 rotation=24 idle=1s
[w6:mn:pro] Site Turnstile remint timed out (22418ms)
[w6:mn:pro] Turnstile token present (len=837)
[w6:mn:pro] Site Turnstile token (19943ms)
[w6:mn:pro] [api] 200 mode=pro startsWith=naux
[w6:mn:pro] [api] 200 mode=pro startsWith=naux (608ms direct)
[w6:mn:pro] "naux" → 0 records, 0 words
[w6:mn:pro] "naux" branch complete
[w6:mn:pro] Saved 35,480 worker words
[w6:mn:pro] Searching "nauy" | queue=201 | words=35480
[w6:mn:pro] Pacing 16s before "nauy" (gap=16000ms)
[w6:mn:pro] heartbeat words=35480 queue=201 rotation=24 idle=18s
[w6:mn:pro] Turnstile token present (len=837)
[w6:mn:pro] Site Turnstile token (21091ms)
[w6:mn:pro] [api] 200 mode=pro startsWith=nauy
[w6:mn:pro] [api] 200 mode=pro startsWith=nauy (671ms direct)
[w6:mn:pro] "nauy" → 0 records, 0 words
[w6:mn:pro] "nauy" branch complete
[w6:mn:pro] Saved 35,480 worker words
[w6:mn:pro] Searching "nauz" | queue=200 | words=35480
[w6:mn:pro] Pacing 15s before "nauz" (gap=16000ms)
[w6:mn:pro] Turnstile token present (len=837)
[w6:mn:pro] Site Turnstile token (22142ms)
[w6:mn:pro] [api] 200 mode=pro startsWith=nauz
[w6:mn:pro] [api] 200 mode=pro startsWith=nauz (560ms direct)
[w6:mn:pro] "nauz" → 0 records, 0 words
[w6:mn:pro] "nauz" branch complete
[w6:mn:pro] Saved 35,480 worker words
[w6:mn:pro] Searching "navy" | queue=199 | words=35480
[w6:mn:pro] Pacing 16s before "navy" (gap=16000ms)
[w6:mn:pro] Turnstile token present (len=837)
[w6:mn:pro] Site Turnstile token (21214ms)
[w6:mn:pro] [api] 200 mode=pro startsWith=navy
[w6:mn:pro] [api] 200 mode=pro startsWith=navy (489ms direct)
[w6:mn:pro] "navy" → 1 records, 1 words (incl. exact "navy")
[w6:mn:pro] "navy" branch complete
[w6:mn:pro] Saved 35,480 worker words
[w6:mn:pro] Searching "navz" | queue=198 | words=35480
[w6:mn:pro] Pacing 16s before "navz" (gap=16000ms)
[w6:mn:pro] heartbeat words=35480 queue=198 rotation=24 idle=11s
[w6:mn:pro] Site Turnstile remint timed out (24882ms)
[w6:mn:pro] Site Turnstile remint timed out (25133ms)
[w6:mn:pro] heartbeat words=35480 queue=198 rotation=24 idle=21s
[w6:mn:pro] Site Turnstile remint timed out (23078ms)
[w6:mn:pro] Turnstile token present (len=837)
[w6:mn:pro] Site Turnstile token (21739ms)
[w6:mn:pro] [api] 200 mode=pro startsWith=navz
[w6:mn:pro] [api] 200 mode=pro startsWith=navz (656ms direct)
[w6:mn:pro] "navz" → 0 records, 0 words
[w6:mn:pro] "navz" branch complete
[w6:mn:pro] Saved 35,480 worker words
[w6:mn:pro] Searching "neck" | queue=197 | words=35480
[w6:mn:pro] Pacing 15s before "neck" (gap=16000ms)
[w6:mn:pro] Site Turnstile remint timed out (22371ms)
[w6:mn:pro] heartbeat words=35480 queue=197 rotation=24 idle=13s
[w6:mn:pro] Site Turnstile remint timed out (22273ms)
[w6:mn:pro] Site Turnstile remint timed out (22899ms)
[w6:mn:pro] Turnstile token present (len=837)
[w6:mn:pro] Site Turnstile token (20925ms)
[w6:mn:pro] [api] 200 mode=pro startsWith=neck
[w6:mn:pro] [api] 200 mode=pro startsWith=neck (548ms direct)
[w6:mn:pro] "neck" → 63 records, 63 words (incl. exact "neck")
[w6:mn:pro] "neck" branch complete
[w6:mn:pro] Saved 35,486 worker words
[w6:mn:pro] Searching "necl" | queue=196 | words=35486
[w6:mn:pro] Pacing 16s before "necl" (gap=16000ms)
[w6:mn:pro] heartbeat words=35486 queue=196 rotation=24 idle=6s
[w6:mn:pro] Turnstile mint hard timeout after 28000ms
[w6:mn:pro] Site Turnstile remint timed out (29755ms)
[w6:mn:pro] Turnstile token present (len=837)
[w6:mn:pro] Site Turnstile token (20889ms)
[w6:mn:pro] [api] 200 mode=pro startsWith=necl
[w6:mn:pro] [api] 200 mode=pro startsWith=necl (489ms direct)
[w6:mn:pro] "necl" → 0 records, 0 words
[w6:mn:pro] "necl" branch complete
[w6:mn:pro] Saved 35,486 worker words; shared last.txt now 349,195
[w6:mn:pro] Searching "necm" | queue=195 | words=35486
[w6:mn:pro] Pacing 14s before "necm" (gap=16000ms)
[w6:mn:pro] heartbeat words=35486 queue=195 rotation=24 idle=15s
[w6:mn:pro] Turnstile token present (len=837)
[w6:mn:pro] Site Turnstile token (21770ms)
[w6:mn:pro] [api] 200 mode=pro startsWith=necm
[w6:mn:pro] [api] 200 mode=pro startsWith=necm (500ms direct)
[w6:mn:pro] "necm" → 0 records, 0 words
[w6:mn:pro] "necm" branch complete
[w6:mn:pro] Saved 35,486 worker words
[w6:mn:pro] Searching "necn" | queue=194 | words=35486
[w6:mn:pro] Pacing 16s before "necn" (gap=16000ms)
[w6:mn:pro] Turnstile token present (len=837)
[w6:mn:pro] Site Turnstile token (21603ms)
[w6:mn:pro] [api] 200 mode=pro startsWith=necn
[w6:mn:pro] [api] 200 mode=pro startsWith=necn (485ms direct)
[w6:mn:pro] "necn" → 0 records, 0 words
[w6:mn:pro] "necn" branch complete
[w6:mn:pro] Saved 35,486 worker words
[w6:mn:pro] Searching "neco" | queue=193 | words=35486
[w6:mn:pro] Pacing 16s before "neco" (gap=16000ms)
[w6:mn:pro] Site Turnstile remint timed out (23245ms)
[w6:mn:pro] heartbeat words=35486 queue=193 rotation=24 idle=8s
[w6:mn:pro] Site Turnstile remint timed out (22374ms)
[w6:mn:pro] Turnstile token present (len=837)
[w6:mn:pro] Site Turnstile token (19579ms)
[w6:mn:pro] [api] 200 mode=pro startsWith=neco
[w6:mn:pro] [api] 200 mode=pro startsWith=neco (1220ms direct)
[w6:mn:pro] "neco" → 0 records, 0 words
[w6:mn:pro] "neco" branch complete
[w6:mn:pro] Saved 35,486 worker words
[w6:mn:pro] Searching "necp" | queue=192 | words=35486
[w6:mn:pro] Pacing 15s before "necp" (gap=16000ms)
[w6:mn:pro] Turnstile token present (len=837)
[w6:mn:pro] Site Turnstile token (19530ms)
[w6:mn:pro] [api] 200 mode=pro startsWith=necp
[w6:mn:pro] [api] 200 mode=pro startsWith=necp (467ms direct)
[w6:mn:pro] "necp" → 0 records, 0 words
[w6:mn:pro] "necp" branch complete
[w6:mn:pro] Saved 35,486 worker words
[w6:mn:pro] Searching "necq" | queue=191 | words=35486
[w6:mn:pro] Pacing 16s before "necq" (gap=16000ms)
[w6:mn:pro] heartbeat words=35486 queue=191 rotation=24 idle=5s
[w6:mn:pro] Site Turnstile remint timed out (22413ms)
[w6:mn:pro] Site Turnstile remint timed out (22484ms)
[w6:mn:pro] heartbeat words=35486 queue=191 rotation=24 idle=20s
[w6:mn:pro] Turnstile token present (len=837)
[w6:mn:pro] Site Turnstile token (22334ms)
[w6:mn:pro] [api] 200 mode=pro startsWith=necq
[w6:mn:pro] [api] 200 mode=pro startsWith=necq (423ms direct)
[w6:mn:pro] "necq" → 0 records, 0 words
[w6:mn:pro] "necq" branch complete
[w6:mn:pro] Saved 35,486 worker words
[w6:mn:pro] Searching "necr" | queue=190 | words=35486
[w6:mn:pro] Pacing 15s before "necr" (gap=16000ms)
[w6:mn:pro] Turnstile token present (len=837)
[w6:mn:pro] Site Turnstile token (21312ms)
[w6:mn:pro] [api] 200 mode=pro startsWith=necr
[w6:mn:pro] [api] 200 mode=pro startsWith=necr (490ms direct)
[w6:mn:pro] "necr" → 100 records, 100 words
[w6:mn:pro] Pacing 16s before "necr" (gap=16000ms)
[w6:mn:pro] Site Turnstile remint timed out (22668ms)
[w6:mn:pro] heartbeat words=35538 queue=190 rotation=24 idle=13s
[w6:mn:pro] Site Turnstile remint timed out (22607ms)
[w6:mn:pro] Site Turnstile remint timed out (23007ms)
[w6:mn:pro] Turnstile token present (len=837)
[w6:mn:pro] Site Turnstile token (22555ms)
[w6:mn:pro] [api] 200 mode=pro startsWith=necr
[w6:mn:pro] [api] 200 mode=pro startsWith=necr sort=alphabetical:desc (441ms direct)
[w6:mn:pro] "necr" full page ends at "necrotomies" (next='o'); skip 16 covered groups → 12 children reverse Z→A ends at "necrobiosis" (lo='o' hi='o'); skip 0 middle + 0 new words
[w6:mn:pro] Saved 35,538 worker words
[w6:mn:pro] Searching "nect" | queue=201 | words=35538
[w6:mn:pro] Pacing 15s before "nect" (gap=16000ms)
[w6:mn:pro] heartbeat words=35538 queue=201 rotation=24 idle=3s
[w6:mn:pro] Site Turnstile remint timed out (26550ms)
[w6:mn:pro] Site Turnstile remint timed out (22456ms)
[w6:mn:pro] heartbeat words=35538 queue=201 rotation=24 idle=15s
[w6:mn:pro] Site Turnstile remint timed out (22303ms)
[w6:mn:pro] Site Turnstile remint timed out (22265ms)
[w6:mn:pro] Site Turnstile remint timed out (22300ms)
[w6:mn:pro] Failed "nect" attempt 1: No Turnstile token for direct search
[w6:mn:pro] Saved 35,538 worker words
[w6:mn:pro] Turnstile miss — soft reload before rotate
[w6:mn:pro] heartbeat words=35538 queue=202 rotation=24 idle=8s
[w6:mn:pro] Site Turnstile remint timed out (10149ms)
[w6:mn:pro] Soft reload mint failed — rotating immediately
[w6:mn:pro] Tor exited code=0
[w6:mn:pro] Starting Tor gen=26 socks=127.0.0.1:19056 (try 1)
[w6:mn:pro] tor: Aug 05 15:15:49.648 [warn] Fixing permissions on directory /tmp/lll-tor-w6
[w6:mn:pro] tor: Aug 05 15:15:49.000 [notice] Bootstrapped 0% (starting): Starting
[w6:mn:pro] tor: Aug 05 15:15:50.000 [notice] Bootstrapped 5% (conn): Connecting to a relay
[w6:mn:pro] tor: Aug 05 15:15:50.000 [notice] Bootstrapped 10% (conn_done): Connected to a relay
[w6:mn:pro] tor: Aug 05 15:15:54.000 [notice] Bootstrapped 14% (handshake): Handshaking with a relay
[w6:mn:pro] tor: Aug 05 15:16:03.000 [notice] Bootstrapped 15% (handshake_done): Handshake with a relay done
[w6:mn:pro] tor: Aug 05 15:16:03.000 [notice] Bootstrapped 20% (onehop_create): Establishing an encrypted directory connection
[w6:mn:pro] tor: Aug 05 15:16:03.000 [notice] Bootstrapped 25% (requesting_status): Asking for networkstatus consensus
[w6:mn:pro] tor: Aug 05 15:16:04.000 [notice] Bootstrapped 30% (loading_status): Loading networkstatus consensus
[w6:mn:pro] tor: Aug 05 15:16:05.000 [notice] Bootstrapped 40% (loading_keys): Loading authority key certs
[w6:mn:pro] tor: Aug 05 15:16:05.000 [notice] Bootstrapped 45% (requesting_descriptors): Asking for relay descriptors
Aug 05 15:16:05.000 [notice] I learned some more directory 
[w6:mn:pro] tor: Aug 05 15:16:06.000 [notice] Bootstrapped 50% (loading_descriptors): Loading relay descriptors
[w6:mn:pro] tor: Aug 05 15:16:13.000 [notice] Bootstrapped 55% (loading_descriptors): Loading relay descriptors
[w6:mn:pro] tor: Aug 05 15:16:14.000 [notice] Bootstrapped 61% (loading_descriptors): Loading relay descriptors
[w6:mn:pro] tor: Aug 05 15:16:14.000 [notice] Bootstrapped 67% (loading_descriptors): Loading relay descriptors
[w6:mn:pro] tor: Aug 05 15:16:14.000 [notice] Bootstrapped 75% (enough_dirinfo): Loaded enough directory info to build circuits
[w6:mn:pro] tor: Aug 05 15:16:14.000 [notice] Bootstrapped 90% (ap_handshake_done): Handshake finished with a relay to build circuits
Aug 05 15:16:14.000 [notice] Bootstrapped 9
[w6:mn:pro] tor: Aug 05 15:16:15.000 [notice] Bootstrapped 100% (done): Done
[w6:mn:pro] Tor ready on 19056 exit=185.220.101.3
[w6:mn:pro] Rotating IP (#25, try 1) after No Turnstile token for direct search → tor#26 socks5://127.0.0.1:19056
[w6:mn:pro] Launching persistent Chrome profile /tmp/lll-pw-w6-r25
[w6:mn:pro] Proxy tor#26 socks5://127.0.0.1:19056
[w6:mn:pro] Opening https://lastletterlibrary.com
[w6:mn:pro] Library mode=pro
[w6:mn:pro] Turnstile token present (len=837)
[w6:mn:pro] Site Turnstile token (19273ms)
[w6:mn:pro] Search mode=direct (skip UI Wait Ns… gate)
[w6:mn:pro] Cleaned 1 old rotated profile(s)
[w6:mn:pro] Browser exit IP=45.141.119.80 (unique)
[w6:mn:pro] Searching "nect" | queue=201 | words=35538
[w6:mn:pro] [api] 200 mode=pro startsWith=nect
[w6:mn:pro] [api] 200 mode=pro startsWith=nect (388ms direct)
[w6:mn:pro] "nect" → 45 records, 45 words
[w6:mn:pro] "nect" branch complete
[w6:mn:pro] Saved 35,538 worker words; shared last.txt now 350,380
[w6:mn:pro] Searching "necu" | queue=200 | words=35538
[w6:mn:pro] Pacing 16s before "necu" (gap=16000ms)
[w6:mn:pro] heartbeat words=35538 queue=200 rotation=25 idle=1s
[w6:mn:pro] Site Turnstile remint timed out (22420ms)
[w6:mn:pro] Site Turnstile remint timed out (22411ms)
[w6:mn:pro] heartbeat words=35538 queue=200 rotation=25 idle=17s
[w6:mn:pro] Site Turnstile remint timed out (22308ms)
[w6:mn:pro] Site Turnstile remint timed out (22452ms)
[w6:mn:pro] Site Turnstile remint timed out (22447ms)
[w6:mn:pro] Failed "necu" attempt 1: No Turnstile token for direct search
[w6:mn:pro] Saved 35,538 worker words
[w6:mn:pro] Turnstile miss — soft reload before rotate
[w6:mn:pro] heartbeat words=35538 queue=201 rotation=25 idle=9s
[w6:mn:pro] Site Turnstile remint timed out (9566ms)
[w6:mn:pro] Soft reload mint failed — rotating immediately
[w6:mn:pro] Tor exited code=0
[w6:mn:pro] Starting Tor gen=27 socks=127.0.0.1:19056 (try 1)
[w6:mn:pro] tor: Aug 05 15:18:48.085 [notice] Opened Socks listener connection (ready) on 127.0.0.1:19056
Aug 05 15:18:48.085 [warn] Fixing permissions on directory /tmp/lll-tor
[w6:mn:pro] tor: Aug 05 15:18:48.000 [notice] Bootstrapped 0% (starting): Starting
[w6:mn:pro] tor: Aug 05 15:18:49.000 [notice] Bootstrapped 5% (conn): Connecting to a relay
[w6:mn:pro] tor: Aug 05 15:18:49.000 [notice] Bootstrapped 10% (conn_done): Connected to a relay
[w6:mn:pro] tor: Aug 05 15:18:49.000 [notice] Bootstrapped 14% (handshake): Handshaking with a relay
[w6:mn:pro] tor: Aug 05 15:18:50.000 [notice] Bootstrapped 15% (handshake_done): Handshake with a relay done
Aug 05 15:18:50.000 [notice] Bootstrapped 20% (onehop_create): Estab
[w6:mn:pro] tor: Aug 05 15:18:50.000 [notice] Bootstrapped 25% (requesting_status): Asking for networkstatus consensus
[w6:mn:pro] tor: Aug 05 15:18:50.000 [notice] Bootstrapped 30% (loading_status): Loading networkstatus consensus
[w6:mn:pro] tor: Aug 05 15:18:52.000 [notice] Bootstrapped 40% (loading_keys): Loading authority key certs
[w6:mn:pro] tor: Aug 05 15:18:52.000 [notice] Bootstrapped 45% (requesting_descriptors): Asking for relay descriptors
Aug 05 15:18:52.000 [notice] I learned some more directory 
[w6:mn:pro] tor: Aug 05 15:18:53.000 [notice] Bootstrapped 50% (loading_descriptors): Loading relay descriptors
[w6:mn:pro] tor: Aug 05 15:19:01.000 [notice] Bootstrapped 55% (loading_descriptors): Loading relay descriptors
[w6:mn:pro] tor: Aug 05 15:19:01.000 [notice] Bootstrapped 61% (loading_descriptors): Loading relay descriptors
[w6:mn:pro] tor: Aug 05 15:19:01.000 [notice] Bootstrapped 67% (loading_descriptors): Loading relay descriptors
[w6:mn:pro] tor: Aug 05 15:19:01.000 [notice] Bootstrapped 75% (enough_dirinfo): Loaded enough directory info to build circuits
[w6:mn:pro] tor: Aug 05 15:19:02.000 [notice] Bootstrapped 90% (ap_handshake_done): Handshake finished with a relay to build circuits
Aug 05 15:19:02.000 [notice] Bootstrapped 9
[w6:mn:pro] tor: Aug 05 15:19:03.000 [notice] Bootstrapped 100% (done): Done
[w6:mn:pro] Tor ready on 19056 exit=185.220.101.20
[w6:mn:pro] Rotating IP (#26, try 1) after No Turnstile token for direct search → tor#27 socks5://127.0.0.1:19056
[w6:mn:pro] Launching persistent Chrome profile /tmp/lll-pw-w6-r26
[w6:mn:pro] Proxy tor#27 socks5://127.0.0.1:19056
[w6:mn:pro] Opening https://lastletterlibrary.com
[w6:mn:pro] Library mode=pro
[w6:mn:pro] Managed Turnstile token (len=816, 4286ms, remount)
[w6:mn:pro] Search mode=direct (skip UI Wait Ns… gate)
[w6:mn:pro] Cleaned 1 old rotated profile(s)
[w6:mn:pro] Browser exit IP=192.42.116.18 (unique)
[w6:mn:pro] Searching "necu" | queue=200 | words=35538
[w6:mn:pro] [api] 200 mode=pro startsWith=necu
[w6:mn:pro] [api] 200 mode=pro startsWith=necu (494ms direct)
[w6:mn:pro] "necu" → 0 records, 0 words
[w6:mn:pro] "necu" branch complete
[w6:mn:pro] Saved 35,538 worker words
[w6:mn:pro] Searching "necv" | queue=199 | words=35538
[w6:mn:pro] Pacing 16s before "necv" (gap=16000ms)
[w6:mn:pro] Managed Turnstile token (len=816, 3285ms, reset)
[w6:mn:pro] heartbeat words=35538 queue=199 rotation=26 idle=12s
[w6:mn:pro] [api] 200 mode=pro startsWith=necv
[w6:mn:pro] [api] 200 mode=pro startsWith=necv (401ms direct)
[w6:mn:pro] "necv" → 0 records, 0 words
[w6:mn:pro] "necv" branch complete
[w6:mn:pro] Saved 35,538 worker words
[w6:mn:pro] Searching "necw" | queue=198 | words=35538
[w6:mn:pro] Pacing 16s before "necw" (gap=16000ms)
[w6:mn:pro] Managed Turnstile token (len=816, 3535ms, reset)
[w6:mn:pro] [api] 200 mode=pro startsWith=necw
[w6:mn:pro] [api] 200 mode=pro startsWith=necw (1559ms direct)
[w6:mn:pro] "necw" → 0 records, 0 words
[w6:mn:pro] "necw" branch complete
[w6:mn:pro] Saved 35,538 worker words
[w6:mn:pro] Searching "necx" | queue=197 | words=35538
[w6:mn:pro] Pacing 15s before "necx" (gap=16000ms)
[w6:mn:pro] Managed Turnstile token (len=816, 3693ms, reset)
[w6:mn:pro] [api] 200 mode=pro startsWith=necx
[w6:mn:pro] [api] 200 mode=pro startsWith=necx (574ms direct)
[w6:mn:pro] "necx" → 0 records, 0 words
[w6:mn:pro] "necx" branch complete
[w6:mn:pro] Saved 35,538 worker words
[w6:mn:pro] Searching "necy" | queue=196 | words=35538
[w6:mn:pro] Pacing 16s before "necy" (gap=16000ms)
[w6:mn:pro] Managed Turnstile token (len=816, 3905ms, reset)
[w6:mn:pro] [api] 200 mode=pro startsWith=necy
[w6:mn:pro] [api] 200 mode=pro startsWith=necy (386ms direct)
[w6:mn:pro] "necy" → 0 records, 0 words
[w6:mn:pro] "necy" branch complete
[w6:mn:pro] Saved 35,538 worker words
[w6:mn:pro] Searching "necz" | queue=195 | words=35538
[w6:mn:pro] Pacing 16s before "necz" (gap=16000ms)
[w6:mn:pro] Managed Turnstile token (len=816, 3643ms, reset)
[w6:mn:pro] heartbeat words=35538 queue=195 rotation=26 idle=8s
[w6:mn:pro] [api] 200 mode=pro startsWith=necz
[w6:mn:pro] [api] 200 mode=pro startsWith=necz (699ms direct)
[w6:mn:pro] "necz" → 0 records, 0 words
[w6:mn:pro] "necz" branch complete
[w6:mn:pro] Saved 35,538 worker words
[w6:mn:pro] Searching "neez" | queue=194 | words=35538
[w6:mn:pro] Pacing 16s before "neez" (gap=16000ms)
[w6:mn:pro] Managed Turnstile token (len=816, 4650ms, reset)
[w6:mn:pro] [api] 200 mode=pro startsWith=neez
[w6:mn:pro] [api] 200 mode=pro startsWith=neez (379ms direct)
[w6:mn:pro] "neez" → 4 records, 4 words
[w6:mn:pro] "neez" branch complete
[w6:mn:pro] Saved 35,538 worker words; shared last.txt now 350,762
[w6:mn:pro] Searching "negu" | queue=193 | words=35538
[w6:mn:pro] Pacing 16s before "negu" (gap=16000ms)
[w6:mn:pro] Managed Turnstile token (len=816, 4405ms, reset)
[w6:mn:pro] [api] 200 mode=pro startsWith=negu
[w6:mn:pro] [api] 200 mode=pro startsWith=negu (620ms direct)
[w6:mn:pro] "negu" → 3 records, 3 words
[w6:mn:pro] "negu" branch complete
[w6:mn:pro] Saved 35,538 worker words
[w6:mn:pro] Searching "negv" | queue=192 | words=35538
[w6:mn:pro] Pacing 16s before "negv" (gap=16000ms)
[w6:mn:pro] Managed Turnstile token (len=816, 4310ms, remount)
[w6:mn:pro] [api] 200 mode=pro startsWith=negv
[w6:mn:pro] [api] 200 mode=pro startsWith=negv (401ms direct)
[w6:mn:pro] "negv" → 0 records, 0 words
[w6:mn:pro] "negv" branch complete
[w6:mn:pro] Saved 35,538 worker words
[w6:mn:pro] Searching "negw" | queue=191 | words=35538
[w6:mn:pro] Pacing 16s before "negw" (gap=16000ms)
[w6:mn:pro] Managed Turnstile token (len=816, 3773ms, reset)
[w6:mn:pro] heartbeat words=35538 queue=191 rotation=26 idle=4s
[w6:mn:pro] [api] 200 mode=pro startsWith=negw
[w6:mn:pro] [api] 200 mode=pro startsWith=negw (440ms direct)
[w6:mn:pro] "negw" → 0 records, 0 words
[w6:mn:pro] "negw" branch complete
[w6:mn:pro] Saved 35,538 worker words
[w6:mn:pro] Searching "negx" | queue=190 | words=35538
[w6:mn:pro] Pacing 16s before "negx" (gap=16000ms)
[w6:mn:pro] Managed Turnstile token (len=816, 5742ms, reset)
[w6:mn:pro] [api] 200 mode=pro startsWith=negx
[w6:mn:pro] [api] 200 mode=pro startsWith=negx (408ms direct)
[w6:mn:pro] "negx" → 0 records, 0 words
[w6:mn:pro] "negx" branch complete
[w6:mn:pro] Saved 35,538 worker words
[w6:mn:pro] Searching "negy" | queue=189 | words=35538
[w6:mn:pro] Pacing 16s before "negy" (gap=16000ms)
[w6:mn:pro] Managed Turnstile token (len=816, 5737ms, reset)
[w6:mn:pro] [api] 200 mode=pro startsWith=negy
[w6:mn:pro] [api] 200 mode=pro startsWith=negy (405ms direct)
[w6:mn:pro] "negy" → 0 records, 0 words
[w6:mn:pro] "negy" branch complete
[w6:mn:pro] Saved 35,538 worker words
[w6:mn:pro] Searching "negz" | queue=188 | words=35538
[w6:mn:pro] Pacing 16s before "negz" (gap=16000ms)
[w6:mn:pro] Managed Turnstile token (len=816, 3685ms, reset)
[w6:mn:pro] [api] 200 mode=pro startsWith=negz
[w6:mn:pro] [api] 200 mode=pro startsWith=negz (399ms direct)
[w6:mn:pro] "negz" → 0 records, 0 words
[w6:mn:pro] "negz" branch complete
[w6:mn:pro] Saved 35,538 worker words
[w6:mn:pro] Searching "nemp" | queue=187 | words=35538
[w6:mn:pro] Pacing 16s before "nemp" (gap=16000ms)
[w6:mn:pro] heartbeat words=35538 queue=187 rotation=26 idle=4s
[w6:mn:pro] Managed Turnstile token (len=816, 5004ms, reset)
[w6:mn:pro] [api] 200 mode=pro startsWith=nemp
[w6:mn:pro] [api] 200 mode=pro startsWith=nemp (464ms direct)
[w6:mn:pro] "nemp" → 2 records, 2 words
[w6:mn:pro] "nemp" branch complete
[w6:mn:pro] Saved 35,538 worker words
[w6:mn:pro] Searching "nemq" | queue=186 | words=35538
[w6:mn:pro] Pacing 16s before "nemq" (gap=16000ms)
[w6:mn:pro] Managed Turnstile token (len=816, 4288ms, reset)
[w6:mn:pro] [api] 200 mode=pro startsWith=nemq
[w6:mn:pro] [api] 200 mode=pro startsWith=nemq (400ms direct)
[w6:mn:pro] "nemq" → 0 records, 0 words
[w6:mn:pro] "nemq" branch complete
[w6:mn:pro] Saved 35,538 worker words; shared last.txt now 350,875
[w6:mn:pro] Searching "nemr" | queue=185 | words=35538
[w6:mn:pro] Pacing 16s before "nemr" (gap=16000ms)
[w6:mn:pro] Managed Turnstile token (len=816, 3638ms, reset)
[w6:mn:pro] [api] 200 mode=pro startsWith=nemr
[w6:mn:pro] [api] 200 mode=pro startsWith=nemr (377ms direct)
[w6:mn:pro] "nemr" → 0 records, 0 words
[w6:mn:pro] "nemr" branch complete
[w6:mn:pro] Saved 35,538 worker words
[w6:mn:pro] Searching "nems" | queue=184 | words=35538
[w6:mn:pro] Pacing 16s before "nems" (gap=16000ms)
[w6:mn:pro] Managed Turnstile token (len=816, 6431ms, remount)
[w6:mn:pro] heartbeat words=35538 queue=184 rotation=26 idle=9s
[w6:mn:pro] [api] 200 mode=pro startsWith=nems
[w6:mn:pro] [api] 200 mode=pro startsWith=nems (415ms direct)
[w6:mn:pro] "nems" → 0 records, 0 words
[w6:mn:pro] "nems" branch complete
[w6:mn:pro] Saved 35,538 worker words
[w6:mn:pro] Searching "nemt" | queue=183 | words=35538
[w6:mn:pro] Pacing 16s before "nemt" (gap=16000ms)
[w6:mn:pro] Managed Turnstile token (len=816, 7455ms, reset)
[w6:mn:pro] [api] 200 mode=pro startsWith=nemt
[w6:mn:pro] [api] 200 mode=pro startsWith=nemt (414ms direct)
[w6:mn:pro] "nemt" → 0 records, 0 words
[w6:mn:pro] "nemt" branch complete
[w6:mn:pro] Saved 35,538 worker words
[w6:mn:pro] Searching "nemu" | queue=182 | words=35538
[w6:mn:pro] Pacing 16s before "nemu" (gap=16000ms)
[w6:mn:pro] Managed Turnstile token (len=816, 7157ms, reset)
[w6:mn:pro] [api] 200 mode=pro startsWith=nemu
[w6:mn:pro] [api] 200 mode=pro startsWith=nemu (492ms direct)
[w6:mn:pro] "nemu" → 0 records, 0 words
[w6:mn:pro] "nemu" branch complete
[w6:mn:pro] Saved 35,538 worker words
[w6:mn:pro] Searching "nemv" | queue=181 | words=35538
[w6:mn:pro] Pacing 16s before "nemv" (gap=16000ms)
[w6:mn:pro] Managed Turnstile token (len=816, 14299ms, reset)
[w6:mn:pro] [api] 200 mode=pro startsWith=nemv
[w6:mn:pro] [api] 200 mode=pro startsWith=nemv (532ms direct)
[w6:mn:pro] "nemv" → 0 records, 0 words
[w6:mn:pro] "nemv" branch complete
[w6:mn:pro] Saved 35,538 worker words
[w6:mn:pro] Searching "nemw" | queue=180 | words=35538
[w6:mn:pro] Pacing 16s before "nemw" (gap=16000ms)
[w6:mn:pro] heartbeat words=35538 queue=180 rotation=26 idle=11s
[w6:mn:pro] Managed Turnstile token (len=816, 13909ms, reset)
[w6:mn:pro] [api] 200 mode=pro startsWith=nemw
[w6:mn:pro] [api] 200 mode=pro startsWith=nemw (406ms direct)
[w6:mn:pro] "nemw" → 0 records, 0 words
[w6:mn:pro] "nemw" branch complete
[w6:mn:pro] Saved 35,538 worker words
[w6:mn:pro] Searching "nemx" | queue=179 | words=35538
[w6:mn:pro] Pacing 16s before "nemx" (gap=16000ms)
[w6:mn:pro] Managed Turnstile token (len=816, 14117ms, reset)
[w6:mn:pro] [api] 200 mode=pro startsWith=nemx
[w6:mn:pro] [api] 200 mode=pro startsWith=nemx (649ms direct)
[w6:mn:pro] "nemx" → 0 records, 0 words
[w6:mn:pro] "nemx" branch complete
[w6:mn:pro] Saved 35,538 worker words
[w6:mn:pro] Searching "nemy" | queue=178 | words=35538
[w6:mn:pro] Pacing 16s before "nemy" (gap=16000ms)
[w6:mn:pro] Managed Turnstile token (len=816, 11722ms, reset)
[w6:mn:pro] [api] 200 mode=pro startsWith=nemy
[w6:mn:pro] [api] 200 mode=pro startsWith=nemy (492ms direct)
[w6:mn:pro] "nemy" → 0 records, 0 words
[w6:mn:pro] "nemy" branch complete
[w6:mn:pro] Saved 35,538 worker words; shared last.txt now 351,587
[w6:mn:pro] Searching "nemz" | queue=177 | words=35538
[w6:mn:pro] Pacing 15s before "nemz" (gap=16000ms)
[w6:mn:pro] Managed Turnstile token (len=816, 13131ms, reset)
[w6:mn:pro] [api] 200 mode=pro startsWith=nemz
[w6:mn:pro] [api] 200 mode=pro startsWith=nemz (380ms direct)
[w6:mn:pro] "nemz" → 0 records, 0 words
[w6:mn:pro] "nemz" branch complete
[w6:mn:pro] Saved 35,538 worker words
[w6:mn:pro] Searching "neoc" | queue=176 | words=35538
[w6:mn:pro] Pacing 16s before "neoc" (gap=16000ms)
[w6:mn:pro] Managed Turnstile token (len=816, 5280ms, remount)
[w6:mn:pro] heartbeat words=35538 queue=176 rotation=26 idle=2s
[w6:mn:pro] [api] 200 mode=pro startsWith=neoc
[w6:mn:pro] [api] 200 mode=pro startsWith=neoc (542ms direct)
[w6:mn:pro] "neoc" → 47 records, 47 words
[w6:mn:pro] "neoc" branch complete
[w6:mn:pro] Saved 35,557 worker words
[w6:mn:pro] Searching "neod" | queue=175 | words=35557
[w6:mn:pro] Pacing 16s before "neod" (gap=16000ms)
[w6:mn:pro] Managed Turnstile token (len=816, 4470ms, reset)
[w6:mn:pro] [api] 200 mode=pro startsWith=neod
[w6:mn:pro] [api] 200 mode=pro startsWith=neod (422ms direct)
[w6:mn:pro] "neod" → 7 records, 7 words
[w6:mn:pro] "neod" branch complete
[w6:mn:pro] Saved 35,564 worker words
[w6:mn:pro] Searching "neoe" | queue=174 | words=35564
[w6:mn:pro] Pacing 16s before "neoe" (gap=16000ms)
[w6:mn:pro] Managed Turnstile token (len=816, 3532ms, reset)
[w6:mn:pro] [api] 200 mode=pro startsWith=neoe
[w6:mn:pro] [api] 200 mode=pro startsWith=neoe (2179ms direct)
[w6:mn:pro] "neoe" → 4 records, 4 words
[w6:mn:pro] "neoe" branch complete
[w6:mn:pro] Saved 35,568 worker words
[w6:mn:pro] Searching "neof" | queue=173 | words=35568
[w6:mn:pro] Pacing 14s before "neof" (gap=16000ms)
[w6:mn:pro] Managed Turnstile token (len=816, 4097ms, reset)
[w6:mn:pro] [api] 200 mode=pro startsWith=neof
[w6:mn:pro] [api] 200 mode=pro startsWith=neof (392ms direct)
[w6:mn:pro] "neof" → 12 records, 12 words
[w6:mn:pro] "neof" branch complete
[w6:mn:pro] Saved 35,580 worker words
[w6:mn:pro] Searching "neog" | queue=172 | words=35580
[w6:mn:pro] Pacing 16s before "neog" (gap=16000ms)
[w6:mn:pro] heartbeat words=35580 queue=172 rotation=26 idle=3s
[w6:mn:pro] Managed Turnstile token (len=816, 4808ms, reset)
[w6:mn:pro] [api] 200 mode=pro startsWith=neog
[w6:mn:pro] [api] 200 mode=pro startsWith=neog (398ms direct)
[w6:mn:pro] "neog" → 19 records, 19 words
[w6:mn:pro] "neog" branch complete
[w6:mn:pro] Saved 35,599 worker words
[w6:mn:pro] Searching "neoh" | queue=171 | words=35599
[w6:mn:pro] Pacing 16s before "neoh" (gap=16000ms)
[w6:mn:pro] Managed Turnstile token (len=816, 4299ms, reset)
[w6:mn:pro] [api] 200 mode=pro startsWith=neoh
[w6:mn:pro] [api] 200 mode=pro startsWith=neoh (392ms direct)
[w6:mn:pro] "neoh" → 6 records, 6 words
[w6:mn:pro] "neoh" branch complete
[w6:mn:pro] Saved 35,605 worker words
[w6:mn:pro] Searching "neoi" | queue=170 | words=35605
[w6:mn:pro] Pacing 16s before "neoi" (gap=16000ms)
[w6:mn:pro] Managed Turnstile token (len=816, 4458ms, reset)
[w6:mn:pro] [api] 200 mode=pro startsWith=neoi
[w6:mn:pro] [api] 200 mode=pro startsWith=neoi (386ms direct)
[w6:mn:pro] "neoi" → 4 records, 4 words
[w6:mn:pro] "neoi" branch complete
[w6:mn:pro] Saved 35,609 worker words; shared last.txt now 351,814
[w6:mn:pro] Searching "neoj" | queue=169 | words=35609
[w6:mn:pro] Pacing 16s before "neoj" (gap=16000ms)
[w6:mn:pro] Managed Turnstile token (len=816, 5788ms, reset)
[w6:mn:pro] heartbeat words=35609 queue=169 rotation=26 idle=10s
[w6:mn:pro] [api] 200 mode=pro startsWith=neoj
[w6:mn:pro] [api] 200 mode=pro startsWith=neoj (560ms direct)
[w6:mn:pro] "neoj" → 0 records, 0 words
[w6:mn:pro] "neoj" branch complete
[w6:mn:pro] Saved 35,609 worker words
[w6:mn:pro] Searching "neok" | queue=168 | words=35609
[w6:mn:pro] Pacing 16s before "neok" (gap=16000ms)
[w6:mn:pro] Managed Turnstile token (len=816, 4875ms, remount)
[w6:mn:pro] [api] 200 mode=pro startsWith=neok
[w6:mn:pro] [api] 200 mode=pro startsWith=neok (386ms direct)
[w6:mn:pro] "neok" → 0 records, 0 words
[w6:mn:pro] "neok" branch complete
[w6:mn:pro] Saved 35,609 worker words
[w6:mn:pro] Searching "neol" | queue=167 | words=35609
[w6:mn:pro] Pacing 16s before "neol" (gap=16000ms)
[w6:mn:pro] Managed Turnstile token (len=816, 3672ms, reset)
[w6:mn:pro] [api] 200 mode=pro startsWith=neol
[w6:mn:pro] [api] 200 mode=pro startsWith=neol (409ms direct)
[w6:mn:pro] "neol" → 36 records, 36 words
[w6:mn:pro] "neol" branch complete
[w6:mn:pro] Saved 35,645 worker words
[w6:mn:pro] Searching "neom" | queue=166 | words=35645
[w6:mn:pro] Pacing 16s before "neom" (gap=16000ms)
[w6:mn:pro] Managed Turnstile token (len=816, 12476ms, reset)
[w6:mn:pro] [api] 200 mode=pro startsWith=neom
[w6:mn:pro] [api] 200 mode=pro startsWith=neom (429ms direct)
[w6:mn:pro] "neom" → 17 records, 17 words
[w6:mn:pro] "neom" branch complete
[w6:mn:pro] Saved 35,662 worker words
[w6:mn:pro] Searching "neon" | queue=165 | words=35662
[w6:mn:pro] Pacing 16s before "neon" (gap=16000ms)
[w6:mn:pro] heartbeat words=35662 queue=165 rotation=26 idle=11s
[w6:mn:pro] Managed Turnstile token (len=816, 17429ms, reset)
[w6:mn:pro] [api] 200 mode=pro startsWith=neon
[w6:mn:pro] [api] 200 mode=pro startsWith=neon (424ms direct)
[w6:mn:pro] "neon" → 25 records, 25 words (incl. exact "neon")
[w6:mn:pro] "neon" branch complete
[w6:mn:pro] Saved 35,687 worker words
[w6:mn:pro] Searching "neoo" | queue=164 | words=35687
[w6:mn:pro] Pacing 16s before "neoo" (gap=16000ms)
[w6:mn:pro] Site Turnstile remint timed out (22873ms)
[w6:mn:pro] Managed Turnstile token (len=816, 15740ms, remount)
[w6:mn:pro] [api] 200 mode=pro startsWith=neoo
[w6:mn:pro] [api] 200 mode=pro startsWith=neoo (420ms direct)
[w6:mn:pro] "neoo" → 4 records, 4 words
[w6:mn:pro] "neoo" branch complete
[w6:mn:pro] Saved 35,691 worker words
[w6:mn:pro] Searching "neop" | queue=163 | words=35691
[w6:mn:pro] Pacing 16s before "neop" (gap=16000ms)
[w6:mn:pro] Managed Turnstile token (len=816, 8778ms, reset)
[w6:mn:pro] heartbeat words=35691 queue=163 rotation=26 idle=6s
[w6:mn:pro] [api] 200 mode=pro startsWith=neop
[w6:mn:pro] [api] 200 mode=pro startsWith=neop (392ms direct)
[w6:mn:pro] "neop" → 70 records, 70 words
[w6:mn:pro] "neop" branch complete
[w6:mn:pro] Saved 35,734 worker words
[w6:mn:pro] Searching "neoz" | queue=162 | words=35734
[w6:mn:pro] Pacing 16s before "neoz" (gap=16000ms)
[w6:mn:pro] Managed Turnstile token (len=816, 4623ms, reset)
[w6:mn:pro] [api] 200 mode=pro startsWith=neoz
[w6:mn:pro] [api] 200 mode=pro startsWith=neoz (1646ms direct)
[w6:mn:pro] "neoz" → 2 records, 2 words
[w6:mn:pro] "neoz" branch complete
[w6:mn:pro] Saved 35,734 worker words; shared last.txt now 352,139
[w6:mn:pro] Searching "neph" | queue=161 | words=35734
[w6:mn:pro] Pacing 15s before "neph" (gap=16000ms)
[w6:mn:pro] Managed Turnstile token (len=816, 4144ms, reset)
[w6:mn:pro] [api] 429 mode=pro startsWith=neph
[w6:mn:pro] [api] 429 mode=pro startsWith=neph (383ms direct)
[w6:mn:pro] Learned server gap ≈ 16000ms (wait hint 2000ms)
[w6:mn:pro] Rate limited — inline wait 2000ms then retry "neph"
[w6:mn:pro] Managed Turnstile token (len=816, 5769ms, reset)
[w6:mn:pro] [api] 200 mode=pro startsWith=neph
[w6:mn:pro] [api] 200 mode=pro startsWith=neph (370ms direct)
[w6:mn:pro] "neph" → 100 records, 100 words
[w6:mn:pro] Pacing 16s before "neph" (gap=16000ms)
[w6:mn:pro] Managed Turnstile token (len=816, 3942ms, reset)
[w6:mn:pro] [api] 200 mode=pro startsWith=neph
[w6:mn:pro] [api] 200 mode=pro startsWith=neph sort=alphabetical:desc (400ms direct)
[w6:mn:pro] "neph" full page ends at "nephrocele" (next='r'); skip 19 covered groups → 9 children reverse Z→A ends at "nephritis" (lo='r' hi='r'); skip 0 middle + 22 new words
[w6:mn:pro] Saved 35,772 worker words
[w6:mn:pro] Searching "nept" | queue=169 | words=35772
[w6:mn:pro] Pacing 16s before "nept" (gap=16000ms)
[w6:mn:pro] Managed Turnstile token (len=794, 3527ms, reset)
[w6:mn:pro] heartbeat words=35772 queue=169 rotation=26 idle=1s
[w6:mn:pro] [api] 200 mode=pro startsWith=nept
[w6:mn:pro] [api] 200 mode=pro startsWith=nept (402ms direct)
[w6:mn:pro] "nept" → 10 records, 10 words
[w6:mn:pro] "nept" branch complete
[w6:mn:pro] Saved 35,772 worker words
[w6:mn:pro] Searching "nepu" | queue=168 | words=35772
[w6:mn:pro] Pacing 16s before "nepu" (gap=16000ms)
[w6:mn:pro] Managed Turnstile token (len=816, 3586ms, reset)
[w6:mn:pro] [api] 200 mode=pro startsWith=nepu
[w6:mn:pro] [api] 200 mode=pro startsWith=nepu (532ms direct)
[w6:mn:pro] "nepu" → 0 records, 0 words
[w6:mn:pro] "nepu" branch complete
[w6:mn:pro] Saved 35,772 worker words
[w6:mn:pro] Searching "nepv" | queue=167 | words=35772
[w6:mn:pro] Pacing 16s before "nepv" (gap=16000ms)
[w6:mn:pro] Managed Turnstile token (len=816, 4680ms, remount)
[w6:mn:pro] [api] 200 mode=pro startsWith=nepv
[w6:mn:pro] [api] 200 mode=pro startsWith=nepv (533ms direct)
[w6:mn:pro] "nepv" → 0 records, 0 words
[w6:mn:pro] "nepv" branch complete
[w6:mn:pro] Saved 35,772 worker words
[w6:mn:pro] Searching "nepw" | queue=166 | words=35772
[w6:mn:pro] Pacing 16s before "nepw" (gap=16000ms)
[w6:mn:pro] Managed Turnstile token (len=816, 4725ms, reset)
[w6:mn:pro] [api] 200 mode=pro startsWith=nepw
[w6:mn:pro] [api] 200 mode=pro startsWith=nepw (417ms direct)
[w6:mn:pro] "nepw" → 0 records, 0 words
[w6:mn:pro] "nepw" branch complete
[w6:mn:pro] Saved 35,772 worker words
[w6:mn:pro] Searching "nepx" | queue=165 | words=35772
[w6:mn:pro] Pacing 16s before "nepx" (gap=16000ms)
[w6:mn:pro] heartbeat words=35772 queue=165 rotation=26 idle=0s
[w6:mn:pro] Managed Turnstile token (len=816, 4195ms, reset)
[w6:mn:pro] [api] 200 mode=pro startsWith=nepx
[w6:mn:pro] [api] 200 mode=pro startsWith=nepx (465ms direct)
[w6:mn:pro] "nepx" → 0 records, 0 words
[w6:mn:pro] "nepx" branch complete
[w6:mn:pro] Saved 35,772 worker words
[w6:mn:pro] Searching "nepy" | queue=164 | words=35772
[w6:mn:pro] Pacing 16s before "nepy" (gap=16000ms)
[w6:mn:pro] Managed Turnstile token (len=816, 5054ms, reset)
[w6:mn:pro] [api] 200 mode=pro startsWith=nepy
[w6:mn:pro] [api] 200 mode=pro startsWith=nepy (404ms direct)
[w6:mn:pro] "nepy" → 0 records, 0 words
[w6:mn:pro] "nepy" branch complete
[w6:mn:pro] Saved 35,772 worker words
[w6:mn:pro] Searching "nepz" | queue=163 | words=35772
[w6:mn:pro] Pacing 16s before "nepz" (gap=16000ms)
[w6:mn:pro] Managed Turnstile token (len=816, 13186ms, reset)
[w6:mn:pro] [api] 200 mode=pro startsWith=nepz
[w6:mn:pro] [api] 200 mode=pro startsWith=nepz (445ms direct)
[w6:mn:pro] "nepz" → 0 records, 0 words
[w6:mn:pro] "nepz" branch complete
[w6:mn:pro] Saved 35,772 worker words; shared last.txt now 352,631
[w6:mn:pro] Searching "nerv" | queue=162 | words=35772
[w6:mn:pro] Pacing 15s before "nerv" (gap=16000ms)
[w6:mn:pro] Managed Turnstile token (len=816, 11908ms, reset)
[w6:mn:pro] heartbeat words=35772 queue=162 rotation=26 idle=0s
[w6:mn:pro] [api] 200 mode=pro startsWith=nerv
[w6:mn:pro] [api] 200 mode=pro startsWith=nerv (419ms direct)
[w6:mn:pro] "nerv" → 61 records, 61 words
[w6:mn:pro] "nerv" branch complete
[w6:mn:pro] Saved 35,772 worker words
[w6:mn:pro] Searching "nerw" | queue=161 | words=35772
[w6:mn:pro] Pacing 16s before "nerw" (gap=16000ms)
[w6:mn:pro] Site Turnstile remint timed out (22509ms)
[w6:mn:pro] Managed Turnstile token (len=816, 15826ms, remount)
[w6:mn:pro] [api] 200 mode=pro startsWith=nerw
[w6:mn:pro] [api] 200 mode=pro startsWith=nerw (400ms direct)
[w6:mn:pro] "nerw" → 0 records, 0 words
[w6:mn:pro] "nerw" branch complete
[w6:mn:pro] Saved 35,772 worker words
[w6:mn:pro] Searching "nerx" | queue=160 | words=35772
[w6:mn:pro] Pacing 16s before "nerx" (gap=16000ms)
[w6:mn:pro] Managed Turnstile token (len=816, 6163ms, reset)
[w6:mn:pro] [api] 200 mode=pro startsWith=nerx
[w6:mn:pro] [api] 200 mode=pro startsWith=nerx (429ms direct)
[w6:mn:pro] "nerx" → 0 records, 0 words
[w6:mn:pro] "nerx" branch complete
[w6:mn:pro] heartbeat words=35772 queue=160 rotation=26 idle=0s
[w6:mn:pro] Saved 35,772 worker words
[w6:mn:pro] Searching "nery" | queue=159 | words=35772
[w6:mn:pro] Pacing 14s before "nery" (gap=16000ms)
[w6:mn:pro] Turnstile token present (len=816)
[w6:mn:pro] Site Turnstile token (21707ms)
[w6:mn:pro] [api] 200 mode=pro startsWith=nery
[w6:mn:pro] [api] 200 mode=pro startsWith=nery (490ms direct)
[w6:mn:pro] "nery" → 0 records, 0 words
[w6:mn:pro] "nery" branch complete
[w6:mn:pro] Saved 35,772 worker words
[w6:mn:pro] Searching "nerz" | queue=158 | words=35772
[w6:mn:pro] Pacing 15s before "nerz" (gap=16000ms)
[w6:mn:pro] Managed Turnstile token (len=816, 10372ms, remount)
[w6:mn:pro] [api] 200 mode=pro startsWith=nerz
[w6:mn:pro] [api] 200 mode=pro startsWith=nerz (409ms direct)
[w6:mn:pro] "nerz" → 0 records, 0 words
[w6:mn:pro] "nerz" branch complete
[w6:mn:pro] Saved 35,772 worker words
[w6:mn:pro] Searching "netw" | queue=157 | words=35772
[w6:mn:pro] Pacing 16s before "netw" (gap=16000ms)
[w6:mn:pro] Managed Turnstile token (len=794, 4324ms, reset)
[w6:mn:pro] [api] 200 mode=pro startsWith=netw
[w6:mn:pro] [api] 200 mode=pro startsWith=netw (443ms direct)
[w6:mn:pro] "netw" → 11 records, 11 words
[w6:mn:pro] "netw" branch complete
[w6:mn:pro] Saved 35,772 worker words
[w6:mn:pro] Searching "netx" | queue=156 | words=35772
[w6:mn:pro] Pacing 16s before "netx" (gap=16000ms)
[w6:mn:pro] Managed Turnstile token (len=816, 3796ms, reset)
[w6:mn:pro] heartbeat words=35772 queue=156 rotation=26 idle=2s
[w6:mn:pro] [api] 200 mode=pro startsWith=netx
[w6:mn:pro] [api] 200 mode=pro startsWith=netx (541ms direct)
[w6:mn:pro] "netx" → 0 records, 0 words
[w6:mn:pro] "netx" branch complete
[w6:mn:pro] Saved 35,772 worker words
[w6:mn:pro] Searching "nety" | queue=155 | words=35772
[w6:mn:pro] Pacing 16s before "nety" (gap=16000ms)
[w6:mn:pro] Managed Turnstile token (len=816, 3791ms, reset)
[w6:mn:pro] [api] 200 mode=pro startsWith=nety
[w6:mn:pro] [api] 200 mode=pro startsWith=nety (395ms direct)
[w6:mn:pro] "nety" → 0 records, 0 words
[w6:mn:pro] "nety" branch complete
[w6:mn:pro] Saved 35,772 worker words; shared last.txt now 352,878
[w6:mn:pro] Searching "netz" | queue=154 | words=35772
[w6:mn:pro] Pacing 16s before "netz" (gap=16000ms)
[w6:mn:pro] Managed Turnstile token (len=816, 4621ms, reset)
[w6:mn:pro] [api] 200 mode=pro startsWith=netz
[w6:mn:pro] [api] 200 mode=pro startsWith=netz (396ms direct)
[w6:mn:pro] "netz" → 0 records, 0 words
[w6:mn:pro] "netz" branch complete
[w6:mn:pro] Saved 35,772 worker words
[w6:mn:pro] Searching "neur" | queue=153 | words=35772
[w6:mn:pro] Pacing 16s before "neur" (gap=16000ms)
[w6:mn:pro] Managed Turnstile token (len=816, 4466ms, reset)
[w6:mn:pro] [api] 200 mode=pro startsWith=neur
[w6:mn:pro] [api] 200 mode=pro startsWith=neur (672ms direct)
[w6:mn:pro] "neur" → 100 records, 100 words
[w6:mn:pro] Pacing 16s before "neur" (gap=16000ms)
[w6:mn:pro] heartbeat words=35789 queue=153 rotation=26 idle=2s
[w6:mn:pro] Managed Turnstile token (len=816, 3572ms, reset)
[w6:mn:pro] [api] 200 mode=pro startsWith=neur
[w6:mn:pro] [api] 200 mode=pro startsWith=neur sort=alphabetical:desc (387ms direct)
[w6:mn:pro] "neur" full page ends at "neuroanaesthesiology" (next='o'); skip 25 covered groups → 3 children reverse Z→A ends at "neuroradiology" (lo='o' hi='y'); skip 9 middle + 72 new words
[w6:mn:pro] Saved 35,861 worker words
[w6:mn:pro] Searching "neut" | queue=155 | words=35861
[w6:mn:pro] Pacing 16s before "neut" (gap=16000ms)
[w6:mn:pro] Managed Turnstile token (len=816, 3902ms, reset)
[w6:mn:pro] [api] 200 mode=pro startsWith=neut
[w6:mn:pro] [api] 200 mode=pro startsWith=neut (418ms direct)
[w6:mn:pro] "neut" → 66 records, 66 words (incl. exact "neut")
[w6:mn:pro] "neut" branch complete
[w6:mn:pro] Saved 35,861 worker words
[w6:mn:pro] Searching "neuu" | queue=154 | words=35861
[w6:mn:pro] Pacing 16s before "neuu" (gap=16000ms)
[w6:mn:pro] Turnstile token present (len=816)
[w6:mn:pro] Site Turnstile token (19876ms)
[w6:mn:pro] [api] 200 mode=pro startsWith=neuu
[w6:mn:pro] [api] 200 mode=pro startsWith=neuu (431ms direct)
[w6:mn:pro] "neuu" → 0 records, 0 words
[w6:mn:pro] "neuu" branch complete
[w6:mn:pro] Saved 35,861 worker words
[w6:mn:pro] Searching "neuv" | queue=153 | words=35861
[w6:mn:pro] Pacing 16s before "neuv" (gap=16000ms)
[w6:mn:pro] heartbeat words=35861 queue=153 rotation=26 idle=9s
[w6:mn:pro] Managed Turnstile token (len=816, 11665ms, remount)
[w6:mn:pro] [api] 200 mode=pro startsWith=neuv
[w6:mn:pro] [api] 200 mode=pro startsWith=neuv (403ms direct)
[w6:mn:pro] "neuv" → 0 records, 0 words
[w6:mn:pro] "neuv" branch complete
[w6:mn:pro] Saved 35,861 worker words
[w6:mn:pro] Searching "neuw" | queue=152 | words=35861
[w6:mn:pro] Pacing 16s before "neuw" (gap=16000ms)
[w6:mn:pro] Site Turnstile remint timed out (22688ms)
[w6:mn:pro] Managed Turnstile token (len=816, 7848ms, remount)
[w6:mn:pro] [api] 200 mode=pro startsWith=neuw
[w6:mn:pro] [api] 200 mode=pro startsWith=neuw (462ms direct)
[w6:mn:pro] "neuw" → 0 records, 0 words
[w6:mn:pro] "neuw" branch complete
[w6:mn:pro] Saved 35,861 worker words
[w6:mn:pro] Searching "neux" | queue=151 | words=35861
[w6:mn:pro] Pacing 16s before "neux" (gap=16000ms)
[w6:mn:pro] heartbeat words=35861 queue=151 rotation=26 idle=22s
[w6:mn:pro] Turnstile mint hard timeout after 28000ms
[w6:mn:pro] Turnstile mint hard timeout after 28000ms
[w6:mn:pro] Site Turnstile remint timed out (67347ms)
[w6:mn:pro] Site Turnstile remint timed out (38648ms)
[w6:mn:pro] heartbeat words=35861 queue=151 rotation=26 idle=10s
[w6:mn:pro] Turnstile token present (len=816)
[w6:mn:pro] Site Turnstile token (22784ms)
[w6:mn:pro] [api] 200 mode=pro startsWith=neux
[w6:mn:pro] [api] 200 mode=pro startsWith=neux (479ms direct)
[w6:mn:pro] "neux" → 0 records, 0 words
[w6:mn:pro] "neux" branch complete
[w6:mn:pro] Saved 35,861 worker words
[w6:mn:pro] Searching "neuy" | queue=150 | words=35861
[w6:mn:pro] Pacing 15s before "neuy" (gap=16000ms)
[w6:mn:pro] Managed Turnstile token (len=816, 6190ms, remount)
[w6:mn:pro] [api] 200 mode=pro startsWith=neuy
[w6:mn:pro] [api] 200 mode=pro startsWith=neuy (541ms direct)
[w6:mn:pro] "neuy" → 0 records, 0 words
[w6:mn:pro] "neuy" branch complete
[w6:mn:pro] Saved 35,861 worker words; shared last.txt now 353,742
[w6:mn:pro] Searching "neuz" | queue=149 | words=35861
[w6:mn:pro] Pacing 15s before "neuz" (gap=16000ms)
[w6:mn:pro] Managed Turnstile token (len=816, 7661ms, reset)
[w6:mn:pro] [api] 200 mode=pro startsWith=neuz
[w6:mn:pro] [api] 200 mode=pro startsWith=neuz (406ms direct)
[w6:mn:pro] "neuz" → 0 records, 0 words
[w6:mn:pro] "neuz" branch complete
[w6:mn:pro] Saved 35,861 worker words
[w6:mn:pro] Searching "news" | queue=148 | words=35861
[w6:mn:pro] Pacing 16s before "news" (gap=16000ms)
[w6:mn:pro] Managed Turnstile token (len=816, 3744ms, reset)
[w6:mn:pro] [api] 200 mode=pro startsWith=news
[w6:mn:pro] [api] 200 mode=pro startsWith=news (404ms direct)
[w6:mn:pro] "news" → 100 records, 100 words (incl. exact "news")
[w6:mn:pro] Pacing 16s before "news" (gap=16000ms)
[w6:mn:pro] Managed Turnstile token (len=816, 7182ms, reset)
[w6:mn:pro] heartbeat words=35875 queue=148 rotation=26 idle=1s
[w6:mn:pro] [api] 200 mode=pro startsWith=news
[w6:mn:pro] [api] 200 mode=pro startsWith=news sort=alphabetical:desc (440ms direct)
[w6:mn:pro] "news" full page ends at "newsteller" (next='t'); skip 27 covered groups → 1 children reverse Z→A ends at "newsclips" (lo='c' hi='z'); skip 22 middle + 0 new words
[w6:mn:pro] Saved 35,875 worker words
[w6:mn:pro] Searching "neww" | queue=148 | words=35875
[w6:mn:pro] Pacing 15s before "neww" (gap=16000ms)
[w6:mn:pro] Turnstile token present (len=816)
[w6:mn:pro] Site Turnstile token (24273ms)
[w6:mn:pro] [api] 200 mode=pro startsWith=neww
[w6:mn:pro] [api] 200 mode=pro startsWith=neww (495ms direct)
[w6:mn:pro] "neww" → 2 records, 2 words
[w6:mn:pro] "neww" branch complete
[w6:mn:pro] Saved 35,875 worker words
[w6:mn:pro] Searching "newx" | queue=147 | words=35875
[w6:mn:pro] Pacing 9s before "newx" (gap=16000ms)
[w6:mn:pro] heartbeat words=35875 queue=147 rotation=26 idle=20s
[w6:mn:pro] Turnstile mint hard timeout after 28000ms
[w6:mn:pro] Site Turnstile remint timed out (29994ms)
[w6:mn:pro] Turnstile token present (len=816)
[w6:mn:pro] Site Turnstile token (27012ms)
[w6:mn:pro] [api] 200 mode=pro startsWith=newx
[w6:mn:pro] [api] 200 mode=pro startsWith=newx (420ms direct)
[w6:mn:pro] "newx" → 0 records, 0 words
[w6:mn:pro] "newx" branch complete
[w6:mn:pro] Saved 35,875 worker words
[w6:mn:pro] Searching "newy" | queue=146 | words=35875
[w6:mn:pro] Pacing 15s before "newy" (gap=16000ms)
[w6:mn:pro] heartbeat words=35875 queue=146 rotation=26 idle=26s
[w6:mn:pro] Turnstile mint hard timeout after 28000ms
[w6:mn:pro] Site Turnstile remint timed out (28775ms)
[w6:mn:pro] Turnstile mint hard timeout after 28000ms
[w6:mn:pro] Site Turnstile remint timed out (28463ms)
[w6:mn:pro] Managed Turnstile token (len=816, 7457ms, remount)
[w6:mn:pro] [api] 200 mode=pro startsWith=newy
[w6:mn:pro] [api] 200 mode=pro startsWith=newy (405ms direct)
[w6:mn:pro] "newy" → 0 records, 0 words
[w6:mn:pro] "newy" branch complete
[w6:mn:pro] Saved 35,875 worker words
[w6:mn:pro] Searching "newz" | queue=145 | words=35875
[w6:mn:pro] Pacing 16s before "newz" (gap=16000ms)
[w6:mn:pro] Managed Turnstile token (len=816, 4453ms, reset)
[w6:mn:pro] [api] 200 mode=pro startsWith=newz
[w6:mn:pro] [api] 200 mode=pro startsWith=newz (446ms direct)
[w6:mn:pro] "newz" → 0 records, 0 words
[w6:mn:pro] "newz" branch complete
[w6:mn:pro] Saved 35,875 worker words
[w6:mn:pro] Searching "nick" | queue=144 | words=35875
[w6:mn:pro] Pacing 16s before "nick" (gap=16000ms)
[w6:mn:pro] Managed Turnstile token (len=816, 4700ms, reset)
[w6:mn:pro] heartbeat words=35875 queue=144 rotation=26 idle=2s
[w6:mn:pro] [api] 200 mode=pro startsWith=nick
[w6:mn:pro] [api] 200 mode=pro startsWith=nick (539ms direct)
[w6:mn:pro] "nick" → 81 records, 81 words (incl. exact "nick")
[w6:mn:pro] "nick" branch complete
[w6:mn:pro] Saved 35,875 worker words
[w6:mn:pro] Searching "nict" | queue=143 | words=35875
[w6:mn:pro] Pacing 15s before "nict" (gap=16000ms)
[w6:mn:pro] Managed Turnstile token (len=794, 5457ms, reset)
[w6:mn:pro] [api] 200 mode=pro startsWith=nict
[w6:mn:pro] [api] 200 mode=pro startsWith=nict (420ms direct)
[w6:mn:pro] "nict" → 13 records, 13 words
[w6:mn:pro] "nict" branch complete
[w6:mn:pro] Saved 35,875 worker words; shared last.txt now 353,890
[w6:mn:pro] Searching "nicu" | queue=142 | words=35875
[w6:mn:pro] Pacing 16s before "nicu" (gap=16000ms)
[w6:mn:pro] Managed Turnstile token (len=816, 3897ms, reset)
[w6:mn:pro] [api] 200 mode=pro startsWith=nicu
[w6:mn:pro] [api] 200 mode=pro startsWith=nicu (814ms direct)
[w6:mn:pro] "nicu" → 0 records, 0 words
[w6:mn:pro] "nicu" branch complete
[w6:mn:pro] Saved 35,875 worker words
[w6:mn:pro] Searching "nicv" | queue=141 | words=35875
[w6:mn:pro] Pacing 16s before "nicv" (gap=16000ms)
[w6:mn:pro] Managed Turnstile token (len=816, 5340ms, reset)
[w6:mn:pro] [api] 200 mode=pro startsWith=nicv
[w6:mn:pro] [api] 200 mode=pro startsWith=nicv (448ms direct)
[w6:mn:pro] "nicv" → 0 records, 0 words
[w6:mn:pro] "nicv" branch complete
[w6:mn:pro] Saved 35,875 worker words
[w6:mn:pro] Searching "nicw" | queue=140 | words=35875
[w6:mn:pro] Pacing 16s before "nicw" (gap=16000ms)
[w6:mn:pro] heartbeat words=35875 queue=140 rotation=26 idle=3s
[w6:mn:pro] Managed Turnstile token (len=816, 14207ms, reset)
[w6:mn:pro] [api] 200 mode=pro startsWith=nicw
[w6:mn:pro] [api] 200 mode=pro startsWith=nicw (792ms direct)
[w6:mn:pro] "nicw" → 0 records, 0 words
[w6:mn:pro] "nicw" branch complete
[w6:mn:pro] Saved 35,875 worker words
[w6:mn:pro] Searching "nicx" | queue=139 | words=35875
[w6:mn:pro] Pacing 15s before "nicx" (gap=16000ms)
[w6:mn:pro] Turnstile mint hard timeout after 28000ms
[w6:mn:pro] Turnstile token present (len=816)
[w6:mn:pro] Site Turnstile token (29800ms)
[w6:mn:pro] heartbeat words=35875 queue=139 rotation=26 idle=17s
[w6:mn:pro] Turnstile mint hard timeout after 28000ms
[w6:mn:pro] Site Turnstile remint timed out (29185ms)
[w6:mn:pro] Turnstile mint hard timeout after 28000ms
[w6:mn:pro] Site Turnstile remint timed out (32276ms)
[w6:mn:pro] heartbeat words=35875 queue=139 rotation=26 idle=16s
[w6:mn:pro] Site Turnstile remint timed out (23078ms)
[w6:mn:pro] Failed "nicx" attempt 1: No Turnstile token for direct search
[w6:mn:pro] Saved 35,875 worker words
[w6:mn:pro] Turnstile miss — soft reload before rotate
[w6:mn:pro] Turnstile token present (len=816)
[w6:mn:pro] Site Turnstile token (8021ms)
[w6:mn:pro] Searching "nicx" | queue=139 | words=35875
[w6:mn:pro] [api] 200 mode=pro startsWith=nicx
[w6:mn:pro] [api] 200 mode=pro startsWith=nicx (489ms direct)
[w6:mn:pro] "nicx" → 0 records, 0 words
[w6:mn:pro] "nicx" branch complete
[w6:mn:pro] Saved 35,875 worker words
[w6:mn:pro] Searching "nicy" | queue=138 | words=35875
[w6:mn:pro] Pacing 16s before "nicy" (gap=16000ms)
[w6:mn:pro] Managed Turnstile token (len=816, 8544ms, remount)
[w6:mn:pro] [api] 200 mode=pro startsWith=nicy
[w6:mn:pro] [api] 200 mode=pro startsWith=nicy (883ms direct)
[w6:mn:pro] "nicy" → 0 records, 0 words
[w6:mn:pro] "nicy" branch complete
[w6:mn:pro] Saved 35,875 worker words
[w6:mn:pro] Searching "nicz" | queue=137 | words=35875
[w6:mn:pro] Pacing 16s before "nicz" (gap=16000ms)
[w6:mn:pro] Managed Turnstile token (len=816, 6198ms, reset)
[w6:mn:pro] [api] 200 mode=pro startsWith=nicz
[w6:mn:pro] [api] 200 mode=pro startsWith=nicz (559ms direct)
[w6:mn:pro] "nicz" → 0 records, 0 words
[w6:mn:pro] "nicz" branch complete
[w6:mn:pro] Saved 35,875 worker words
[w6:mn:pro] Searching "nigh" | queue=136 | words=35875
[w6:mn:pro] Pacing 16s before "nigh" (gap=16000ms)
[w6:mn:pro] Managed Turnstile token (len=816, 6993ms, reset)
[w6:mn:pro] heartbeat words=35875 queue=136 rotation=26 idle=8s
[w6:mn:pro] [api] 200 mode=pro startsWith=nigh
[w6:mn:pro] [api] 200 mode=pro startsWith=nigh (665ms direct)
[w6:mn:pro] "nigh" → 100 records, 100 words (incl. exact "nigh")
[w6:mn:pro] Pacing 16s before "nigh" (gap=16000ms)
[w6:mn:pro] Managed Turnstile token (len=816, 6438ms, reset)
[w6:mn:pro] [api] 200 mode=pro startsWith=nigh
[w6:mn:pro] [api] 200 mode=pro startsWith=nigh sort=alphabetical:desc (670ms direct)
[w6:mn:pro] "nigh" full page ends at "nightshade" (next='t'); skip 21 covered groups → 7 children reverse Z→A ends at "nightcores" (lo='t' hi='t'); skip 0 middle + 0 new words
[w6:mn:pro] Saved 35,904 worker words; shared last.txt now 354,422
[w6:mn:pro] Searching "nigu" | queue=142 | words=35904
[w6:mn:pro] Pacing 14s before "nigu" (gap=16000ms)
[w6:mn:pro] Managed Turnstile token (len=816, 11375ms, reset)
[w6:mn:pro] [api] 200 mode=pro startsWith=nigu
[w6:mn:pro] [api] 200 mode=pro startsWith=nigu (947ms direct)
[w6:mn:pro] "nigu" → 1 records, 1 words
[w6:mn:pro] "nigu" branch complete
[w6:mn:pro] Saved 35,904 worker words
[w6:mn:pro] Searching "nigv" | queue=141 | words=35904
[w6:mn:pro] Pacing 13s before "nigv" (gap=16000ms)
[w6:mn:pro] Managed Turnstile token (len=816, 13186ms, reset)
[w6:mn:pro] [api] 200 mode=pro startsWith=nigv
[w6:mn:pro] [api] 200 mode=pro startsWith=nigv (915ms direct)
[w6:mn:pro] "nigv" → 0 records, 0 words
[w6:mn:pro] "nigv" branch complete
[w6:mn:pro] Saved 35,904 worker words
[w6:mn:pro] Searching "nigw" | queue=140 | words=35904
[w6:mn:pro] Pacing 15s before "nigw" (gap=16000ms)
[w6:mn:pro] Managed Turnstile token (len=816, 6327ms, reset)
[w6:mn:pro] heartbeat words=35904 queue=140 rotation=26 idle=4s
[w6:mn:pro] [api] 200 mode=pro startsWith=nigw
[w6:mn:pro] [api] 200 mode=pro startsWith=nigw (648ms direct)
[w6:mn:pro] "nigw" → 0 records, 0 words
[w6:mn:pro] "nigw" branch complete
[w6:mn:pro] Saved 35,904 worker words
[w6:mn:pro] Searching "nigx" | queue=139 | words=35904
[w6:mn:pro] Pacing 16s before "nigx" (gap=16000ms)
[w6:mn:pro] Managed Turnstile token (len=816, 7853ms, reset)
[w6:mn:pro] [api] 200 mode=pro startsWith=nigx
[w6:mn:pro] [api] 200 mode=pro startsWith=nigx (865ms direct)
[w6:mn:pro] "nigx" → 0 records, 0 words
[w6:mn:pro] "nigx" branch complete
[w6:mn:pro] Saved 35,904 worker words
[w6:mn:pro] Searching "nigy" | queue=138 | words=35904
[w6:mn:pro] Pacing 15s before "nigy" (gap=16000ms)
[w6:mn:pro] Managed Turnstile token (len=816, 16781ms, remount)
[w6:mn:pro] [api] 200 mode=pro startsWith=nigy
[w6:mn:pro] [api] 200 mode=pro startsWith=nigy (771ms direct)
[w6:mn:pro] "nigy" → 0 records, 0 words
[w6:mn:pro] "nigy" branch complete
[w6:mn:pro] Saved 35,904 worker words
[w6:mn:pro] Searching "nigz" | queue=137 | words=35904
[w6:mn:pro] Pacing 15s before "nigz" (gap=16000ms)
[w6:mn:pro] Managed Turnstile token (len=816, 13749ms, reset)
[w6:mn:pro] [api] 200 mode=pro startsWith=nigz
[w6:mn:pro] [api] 200 mode=pro startsWith=nigz (567ms direct)
[w6:mn:pro] "nigz" → 0 records, 0 words
[w6:mn:pro] "nigz" branch complete
[w6:mn:pro] Saved 35,904 worker words
[w6:mn:pro] Searching "ninu" | queue=136 | words=35904
[w6:mn:pro] Pacing 15s before "ninu" (gap=16000ms)
[w6:mn:pro] heartbeat words=35904 queue=136 rotation=26 idle=4s
[w6:mn:pro] Managed Turnstile token (len=816, 16814ms, reset)
[w6:mn:pro] [api] 200 mode=pro startsWith=ninu
[w6:mn:pro] [api] 200 mode=pro startsWith=ninu (555ms direct)
[w6:mn:pro] "ninu" → 1 records, 1 words
[w6:mn:pro] "ninu" branch complete
[w6:mn:pro] Saved 35,904 worker words
[w6:mn:pro] Searching "ninv" | queue=135 | words=35904
[w6:mn:pro] Pacing 16s before "ninv" (gap=16000ms)
[w6:mn:pro] Managed Turnstile token (len=816, 11312ms, reset)
[w6:mn:pro] [api] 200 mode=pro startsWith=ninv
[w6:mn:pro] [api] 200 mode=pro startsWith=ninv (689ms direct)
[w6:mn:pro] "ninv" → 0 records, 0 words
[w6:mn:pro] "ninv" branch complete
[w6:mn:pro] Saved 35,904 worker words; shared last.txt now 354,670
[w6:mn:pro] Searching "ninw" | queue=134 | words=35904
[w6:mn:pro] Pacing 15s before "ninw" (gap=16000ms)
[w6:mn:pro] Managed Turnstile token (len=816, 17240ms, reset)
[w6:mn:pro] [api] 200 mode=pro startsWith=ninw
[w6:mn:pro] [api] 200 mode=pro startsWith=ninw (990ms direct)
[w6:mn:pro] "ninw" → 0 records, 0 words
[w6:mn:pro] "ninw" branch complete
[w6:mn:pro] Saved 35,904 worker words
[w6:mn:pro] Searching "ninx" | queue=133 | words=35904
[w6:mn:pro] Pacing 15s before "ninx" (gap=16000ms)
[w6:mn:pro] heartbeat words=35904 queue=133 rotation=26 idle=12s
[w6:mn:pro] Site Turnstile remint timed out (22973ms)
[w6:mn:pro] Managed Turnstile token (len=816, 15596ms, remount)
[w6:mn:pro] [api] 200 mode=pro startsWith=ninx
[w6:mn:pro] [api] 200 mode=pro startsWith=ninx (632ms direct)
[w6:mn:pro] "ninx" → 0 records, 0 words
[w6:mn:pro] "ninx" branch complete
[w6:mn:pro] Saved 35,904 worker words
[w6:mn:pro] Searching "niny" | queue=132 | words=35904
[w6:mn:pro] Pacing 16s before "niny" (gap=16000ms)
[w6:mn:pro] Managed Turnstile token (len=816, 15652ms, reset)
[w6:mn:pro] [api] 200 mode=pro startsWith=niny
[w6:mn:pro] [api] 200 mode=pro startsWith=niny (850ms direct)
[w6:mn:pro] "niny" → 0 records, 0 words
[w6:mn:pro] "niny" branch complete
[w6:mn:pro] Saved 35,904 worker words
[w6:mn:pro] Searching "ninz" | queue=131 | words=35904
[w6:mn:pro] Pacing 15s before "ninz" (gap=16000ms)
[w6:mn:pro] heartbeat words=35904 queue=131 rotation=26 idle=16s
[w6:mn:pro] Site Turnstile remint timed out (22698ms)
[w6:mn:pro] Managed Turnstile token (len=816, 16784ms, remount)
[w6:mn:pro] [api] 200 mode=pro startsWith=ninz
[w6:mn:pro] [api] 200 mode=pro startsWith=ninz (757ms direct)
[w6:mn:pro] "ninz" → 0 records, 0 words
[w6:mn:pro] "ninz" branch complete
[w6:mn:pro] Saved 35,904 worker words
[w6:mn:pro] Searching "nitr" | queue=130 | words=35904
[w6:mn:pro] Pacing 16s before "nitr" (gap=16000ms)
[w6:mn:pro] Managed Turnstile token (len=816, 7066ms, reset)
[w6:mn:pro] [api] 200 mode=pro startsWith=nitr
[w6:mn:pro] [api] 200 mode=pro startsWith=nitr (967ms direct)
[w6:mn:pro] "nitr" → 100 records, 100 words
[w6:mn:pro] Pacing 16s before "nitr" (gap=16000ms)
[w6:mn:pro] Managed Turnstile token (len=816, 4758ms, reset)
[w6:mn:pro] [api] 200 mode=pro startsWith=nitr
[w6:mn:pro] [api] 200 mode=pro startsWith=nitr sort=alphabetical:desc (700ms direct)
[w6:mn:pro] "nitr" full page ends at "nitrogenisations" (next='o'); skip 25 covered groups → 3 children reverse Z→A ends at "nitrogenase" (lo='o' hi='y'); skip 9 middle + 10 new words
[w6:mn:pro] Saved 35,965 worker words
[w6:mn:pro] Searching "nitz" | queue=132 | words=35965
[w6:mn:pro] Pacing 16s before "nitz" (gap=16000ms)
[w6:mn:pro] heartbeat words=35965 queue=132 rotation=26 idle=4s
[w6:mn:pro] Site Turnstile remint timed out (23385ms)
[w6:mn:pro] Turnstile token present (len=816)
[w6:mn:pro] Site Turnstile token (19097ms)
[w6:mn:pro] [api] 200 mode=pro startsWith=nitz
[w6:mn:pro] [api] 200 mode=pro startsWith=nitz (736ms direct)
[w6:mn:pro] "nitz" → 2 records, 2 words
[w6:mn:pro] "nitz" branch complete
[w6:mn:pro] Saved 35,965 worker words
[w6:mn:pro] Searching "nocu" | queue=131 | words=35965
[w6:mn:pro] Pacing 16s before "nocu" (gap=16000ms)
[w6:mn:pro] Managed Turnstile token (len=816, 15794ms, remount)
[w6:mn:pro] [api] 200 mode=pro startsWith=nocu
[w6:mn:pro] [api] 200 mode=pro startsWith=nocu (670ms direct)
[w6:mn:pro] "nocu" → 7 records, 7 words
[w6:mn:pro] "nocu" branch complete
[w6:mn:pro] Saved 35,965 worker words
[w6:mn:pro] Searching "nocv" | queue=130 | words=35965
[w6:mn:pro] Pacing 15s before "nocv" (gap=16000ms)
[w6:mn:pro] heartbeat words=35965 queue=130 rotation=26 idle=4s
[w6:mn:pro] Managed Turnstile token (len=816, 14346ms, reset)
[w6:mn:pro] [api] 200 mode=pro startsWith=nocv
[w6:mn:pro] [api] 200 mode=pro startsWith=nocv (528ms direct)
[w6:mn:pro] "nocv" → 0 records, 0 words
[w6:mn:pro] "nocv" branch complete
[w6:mn:pro] Saved 35,965 worker words; shared last.txt now 354,795
[w6:mn:pro] Searching "nocw" | queue=129 | words=35965
[w6:mn:pro] Pacing 14s before "nocw" (gap=16000ms)
[w6:mn:pro] Turnstile token present (len=816)
[w6:mn:pro] Site Turnstile token (21511ms)
[w6:mn:pro] [api] 200 mode=pro startsWith=nocw
[w6:mn:pro] [api] 200 mode=pro startsWith=nocw (659ms direct)
[w6:mn:pro] "nocw" → 0 records, 0 words
[w6:mn:pro] "nocw" branch complete
[w6:mn:pro] Saved 35,965 worker words
[w6:mn:pro] Searching "nocx" | queue=128 | words=35965
[w6:mn:pro] Pacing 15s before "nocx" (gap=16000ms)
[w6:mn:pro] Managed Turnstile token (len=816, 16265ms, remount)
[w6:mn:pro] [api] 200 mode=pro startsWith=nocx
[w6:mn:pro] [api] 200 mode=pro startsWith=nocx (543ms direct)
[w6:mn:pro] "nocx" → 0 records, 0 words
[w6:mn:pro] "nocx" branch complete
[w6:mn:pro] Saved 35,965 worker words
[w6:mn:pro] Searching "nocy" | queue=127 | words=35965
[w6:mn:pro] Pacing 15s before "nocy" (gap=16000ms)
[w6:mn:pro] heartbeat words=35965 queue=127 rotation=26 idle=8s
[w6:mn:pro] Managed Turnstile token (len=816, 18319ms, reset)
[w6:mn:pro] [api] 200 mode=pro startsWith=nocy
[w6:mn:pro] [api] 200 mode=pro startsWith=nocy (1573ms direct)
[w6:mn:pro] "nocy" → 0 records, 0 words
[w6:mn:pro] "nocy" branch complete
[w6:mn:pro] Saved 35,965 worker words
[w6:mn:pro] Searching "nocz" | queue=126 | words=35965
[w6:mn:pro] Pacing 15s before "nocz" (gap=16000ms)
[w6:mn:pro] Managed Turnstile token (len=816, 16899ms, reset)
[w6:mn:pro] [api] 200 mode=pro startsWith=nocz
[w6:mn:pro] [api] 200 mode=pro startsWith=nocz (628ms direct)
[w6:mn:pro] "nocz" → 0 records, 0 words
[w6:mn:pro] "nocz" branch complete
[w6:mn:pro] Saved 35,965 worker words
[w6:mn:pro] Searching "noms" | queue=125 | words=35965
[w6:mn:pro] Pacing 15s before "noms" (gap=16000ms)
[w6:mn:pro] Managed Turnstile token (len=816, 5847ms, reset)
[w6:mn:pro] [api] 200 mode=pro startsWith=noms
[w6:mn:pro] [api] 200 mode=pro startsWith=noms (1106ms direct)
[w6:mn:pro] "noms" → 1 records, 1 words (incl. exact "noms")
[w6:mn:pro] "noms" branch complete
[w6:mn:pro] Saved 35,965 worker words
[w6:mn:pro] Searching "nomt" | queue=124 | words=35965
[w6:mn:pro] Pacing 15s before "nomt" (gap=16000ms)
[w6:mn:pro] Managed Turnstile token (len=816, 5899ms, reset)
[w6:mn:pro] heartbeat words=35965 queue=124 rotation=26 idle=8s
[w6:mn:pro] [api] 200 mode=pro startsWith=nomt
[w6:mn:pro] [api] 200 mode=pro startsWith=nomt (619ms direct)
[w6:mn:pro] "nomt" → 0 records, 0 words
[w6:mn:pro] "nomt" branch complete
[w6:mn:pro] Saved 35,965 worker words
[w6:mn:pro] Searching "nomu" | queue=123 | words=35965
[w6:mn:pro] Pacing 16s before "nomu" (gap=16000ms)
[w6:mn:pro] Managed Turnstile token (len=816, 7007ms, reset)
[w6:mn:pro] [api] 200 mode=pro startsWith=nomu
[w6:mn:pro] [api] 200 mode=pro startsWith=nomu (634ms direct)
[w6:mn:pro] "nomu" → 0 records, 0 words
[w6:mn:pro] "nomu" branch complete
[w6:mn:pro] Saved 35,965 worker words
[w6:mn:pro] Searching "nomv" | queue=122 | words=35965
[w6:mn:pro] Pacing 16s before "nomv" (gap=16000ms)
[w6:mn:pro] Managed Turnstile token (len=816, 7299ms, reset)
[w6:mn:pro] [api] 200 mode=pro startsWith=nomv
[w6:mn:pro] [api] 200 mode=pro startsWith=nomv (1027ms direct)
[w6:mn:pro] "nomv" → 0 records, 0 words
[w6:mn:pro] "nomv" branch complete
[w6:mn:pro] Saved 35,965 worker words; shared last.txt now 354,973
[w6:mn:pro] Searching "nomw" | queue=121 | words=35965
[w6:mn:pro] Pacing 15s before "nomw" (gap=16000ms)
[w6:mn:pro] Managed Turnstile token (len=816, 12063ms, reset)
[w6:mn:pro] [api] 200 mode=pro startsWith=nomw
[w6:mn:pro] [api] 200 mode=pro startsWith=nomw (756ms direct)
[w6:mn:pro] "nomw" → 0 records, 0 words
[w6:mn:pro] "nomw" branch complete
[w6:mn:pro] Saved 35,965 worker words
[w6:mn:pro] Searching "nomx" | queue=120 | words=35965
[w6:mn:pro] Pacing 16s before "nomx" (gap=16000ms)
[w6:mn:pro] heartbeat words=35965 queue=120 rotation=26 idle=10s
[w6:mn:pro] Turnstile token present (len=816)
[w6:mn:pro] Site Turnstile token (19347ms)
[w6:mn:pro] [api] 200 mode=pro startsWith=nomx
[w6:mn:pro] [api] 200 mode=pro startsWith=nomx (434ms direct)
[w6:mn:pro] "nomx" → 0 records, 0 words
[w6:mn:pro] "nomx" branch complete
[w6:mn:pro] Saved 35,965 worker words
[w6:mn:pro] Searching "nomy" | queue=119 | words=35965
[w6:mn:pro] Pacing 15s before "nomy" (gap=16000ms)
[w6:mn:pro] Turnstile mint hard timeout after 28000ms
[w6:mn:pro] Site Turnstile remint timed out (31448ms)
[w6:mn:pro] heartbeat words=35965 queue=119 rotation=26 idle=19s
[w6:mn:pro] Site Turnstile remint timed out (23380ms)
[w6:mn:pro] Site Turnstile remint timed out (23202ms)
[w6:mn:pro] Managed Turnstile token (len=816, 14082ms, remount)
[w6:mn:pro] [api] 200 mode=pro startsWith=nomy
[w6:mn:pro] [api] 200 mode=pro startsWith=nomy (403ms direct)
[w6:mn:pro] "nomy" → 0 records, 0 words
[w6:mn:pro] "nomy" branch complete
[w6:mn:pro] Saved 35,965 worker words
[w6:mn:pro] Searching "nomz" | queue=118 | words=35965
[w6:mn:pro] Pacing 16s before "nomz" (gap=16000ms)
[w6:mn:pro] Managed Turnstile token (len=816, 4050ms, reset)
[w6:mn:pro] [api] 200 mode=pro startsWith=nomz
[w6:mn:pro] [api] 200 mode=pro startsWith=nomz (529ms direct)
[w6:mn:pro] "nomz" → 0 records, 0 words
[w6:mn:pro] "nomz" branch complete
[w6:mn:pro] Saved 35,965 worker words
[w6:mn:pro] Searching "non-" | queue=117 | words=35965
[w6:mn:pro] Pacing 15s before "non-" (gap=16000ms)
[w6:mn:pro] heartbeat words=35965 queue=117 rotation=26 idle=5s
[w6:mn:pro] Managed Turnstile token (len=816, 16517ms, reset)
[w6:mn:pro] [api] 200 mode=pro startsWith=non-
[w6:mn:pro] [api] 200 mode=pro startsWith=non- (627ms direct)
[w6:mn:pro] "non-" → 100 records, 100 words
[w6:mn:pro] Pacing 16s before "non-" (gap=16000ms)
[w6:mn:pro] Managed Turnstile token (len=816, 8653ms, reset)
[w6:mn:pro] [api] 200 mode=pro startsWith=non-
[w6:mn:pro] [api] 200 mode=pro startsWith=non- sort=alphabetical:desc (598ms direct)
[w6:mn:pro] "non-" full page ends at "non-enzymatically" (next='e'); skip 13 covered groups → 15 children reverse Z→A ends at "non-oropharyngeal" (lo='o' hi='w'); skip 7 middle + 100 new words
[w6:mn:pro] Saved 36,066 worker words
[w6:mn:pro] Searching "nona" | queue=131 | words=36066
[w6:mn:pro] Pacing 13s before "nona" (gap=16000ms)
[w6:mn:pro] Managed Turnstile token (len=816, 12681ms, reset)
[w6:mn:pro] [api] 200 mode=pro startsWith=nona
[w6:mn:pro] [api] 200 mode=pro startsWith=nona (624ms direct)
[w6:mn:pro] "nona" → 100 records, 100 words (incl. exact "nona")
[w6:mn:pro] Pacing 16s before "nona" (gap=16000ms)
[w6:mn:pro] Managed Turnstile token (len=816, 4854ms, reset)
[w6:mn:pro] heartbeat words=36166 queue=131 rotation=26 idle=11s
[w6:mn:pro] [api] 200 mode=pro startsWith=nona
[w6:mn:pro] [api] 200 mode=pro startsWith=nona sort=alphabetical:desc (643ms direct)
[w6:mn:pro] "nona" full page ends at "nonacculturated" (next='c'); skip 10 covered groups → 18 children reverse Z→A ends at "nonassistive" (lo='s' hi='z'); skip 6 middle + 100 new words
[w6:mn:pro] Saved 36,266 worker words
[w6:mn:pro] Searching "nonb" | queue=148 | words=36266
[w6:mn:pro] Pacing 15s before "nonb" (gap=16000ms)
[w6:mn:pro] Managed Turnstile token (len=816, 6449ms, reset)
[w6:mn:pro] [api] 200 mode=pro startsWith=nonb
[w6:mn:pro] [api] 200 mode=pro startsWith=nonb (556ms direct)
[w6:mn:pro] "nonb" → 100 records, 100 words
[w6:mn:pro] Pacing 16s before "nonb" (gap=16000ms)
[w6:mn:pro] Managed Turnstile token (len=816, 8392ms, reset)
[w6:mn:pro] [api] 200 mode=pro startsWith=nonb
[w6:mn:pro] [api] 200 mode=pro startsWith=nonb sort=alphabetical:desc (784ms direct)
[w6:mn:pro] "nonb" full page ends at "nonblasphemous" (next='l'); skip 22 covered groups → 6 children reverse Z→A ends at "nonbituminous" (lo='i' hi='u'); skip 11 middle + 87 new words
[w6:mn:pro] Saved 36,453 worker words
[w6:mn:pro] Searching "nonc" | queue=153 | words=36453
[w6:mn:pro] Pacing 15s before "nonc" (gap=16000ms)
[w6:mn:pro] Managed Turnstile token (len=816, 13689ms, remount)
[w6:mn:pro] [api] 200 mode=pro startsWith=nonc
[w6:mn:pro] [api] 200 mode=pro startsWith=nonc (516ms direct)
[w6:mn:pro] "nonc" → 100 records, 100 words
[w6:mn:pro] Pacing 16s before "nonc" (gap=16000ms)
[w6:mn:pro] heartbeat words=36553 queue=153 rotation=26 idle=12s
[w6:mn:pro] Turnstile token present (len=816)
[w6:mn:pro] Site Turnstile token (23672ms)
[w6:mn:pro] [api] 200 mode=pro startsWith=nonc
[w6:mn:pro] [api] 200 mode=pro startsWith=nonc sort=alphabetical:desc (628ms direct)
[w6:mn:pro] "nonc" full page ends at "noncausality" (next='a'); skip 8 covered groups → 20 children reverse Z→A ends at "noncreativity" (lo='r' hi='y'); skip 6 middle + 100 new words
[w6:mn:pro] Saved 36,653 worker words; shared last.txt now 355,902
[w6:mn:pro] Searching "nond" | queue=172 | words=36653
[w6:mn:pro] Pacing 9s before "nond" (gap=16000ms)
[w6:mn:pro] Site Turnstile remint timed out (23956ms)
[w6:mn:pro] heartbeat words=36653 queue=172 rotation=26 idle=23s
[w6:mn:pro] Site Turnstile remint timed out (26738ms)
[w6:mn:pro] Managed Turnstile token (len=816, 7836ms, remount)
[w6:mn:pro] [api] 200 mode=pro startsWith=nond
[w6:mn:pro] [api] 200 mode=pro startsWith=nond (513ms direct)
[w6:mn:pro] "nond" → 100 records, 100 words
[w6:mn:pro] Pacing 16s before "nond" (gap=16000ms)
[w6:mn:pro] Managed Turnstile token (len=816, 5561ms, reset)
[w6:mn:pro] [api] 200 mode=pro startsWith=nond
[w6:mn:pro] [api] 200 mode=pro startsWith=nond sort=alphabetical:desc (587ms direct)
[w6:mn:pro] "nond" full page ends at "nondefectively" (next='e'); skip 21 covered groups → 7 children reverse Z→A ends at "nondistributiveness" (lo='i' hi='y'); skip 15 middle + 100 new words
[w6:mn:pro] Saved 36,853 worker words
[w6:mn:pro] Searching "none" | queue=178 | words=36853
[w6:mn:pro] Pacing 16s before "none" (gap=16000ms)
[w6:mn:pro] Managed Turnstile token (len=816, 7256ms, reset)
[w6:mn:pro] [api] 200 mode=pro startsWith=none
[w6:mn:pro] [api] 200 mode=pro startsWith=none (1401ms direct)
[w6:mn:pro] "none" → 100 records, 100 words (incl. exact "none")
[w6:mn:pro] Pacing 15s before "none" (gap=16000ms)
[w6:mn:pro] heartbeat words=36953 queue=178 rotation=26 idle=15s
[w6:mn:pro] Turnstile token present (len=816)
[w6:mn:pro] Site Turnstile token (22725ms)
[w6:mn:pro] [api] 200 mode=pro startsWith=none
[w6:mn:pro] [api] 200 mode=pro startsWith=none sort=alphabetical:desc (822ms direct)
[w6:mn:pro] "none" full page ends at "nonelected" (next='l'); skip 13 covered groups → 15 children reverse Z→A ends at "nonexperience" (lo='x' hi='x'); skip 0 middle + 100 new words
[w6:mn:pro] Saved 37,053 worker words
[w6:mn:pro] Searching "nonf" | queue=192 | words=37053
[w6:mn:pro] Pacing 15s before "nonf" (gap=16000ms)
[w6:mn:pro] Site Turnstile remint timed out (23710ms)
[w6:mn:pro] Site Turnstile remint timed out (23341ms)
[w6:mn:pro] heartbeat words=37053 queue=192 rotation=26 idle=4s
[w6:mn:pro] Managed Turnstile token (len=816, 11790ms, remount)
[w6:mn:pro] [api] 200 mode=pro startsWith=nonf
[w6:mn:pro] [api] 200 mode=pro startsWith=nonf (848ms direct)
[w6:mn:pro] "nonf" → 100 records, 100 words
[w6:mn:pro] Pacing 14s before "nonf" (gap=16000ms)
[w6:mn:pro] Managed Turnstile token (len=816, 11745ms, reset)
[w6:mn:pro] [api] 200 mode=pro startsWith=nonf
[w6:mn:pro] [api] 200 mode=pro startsWith=nonf sort=alphabetical:desc (785ms direct)
[w6:mn:pro] "nonf" full page ends at "nonfelicitous" (next='e'); skip 11 covered groups → 17 children reverse Z→A ends at "nonform" (lo='o' hi='u'); skip 5 middle + 100 new words
[w6:mn:pro] Saved 37,253 worker words
[w6:mn:pro] Searching "nong" | queue=208 | words=37253
[w6:mn:pro] Pacing 15s before "nong" (gap=16000ms)
[w6:mn:pro] Managed Turnstile token (len=816, 9224ms, reset)
[w6:mn:pro] [api] 200 mode=pro startsWith=nong
[w6:mn:pro] [api] 200 mode=pro startsWith=nong (608ms direct)
[w6:mn:pro] "nong" → 100 records, 100 words (incl. exact "nong")
[w6:mn:pro] Pacing 16s before "nong" (gap=16000ms)
[w6:mn:pro] Managed Turnstile token (len=816, 6586ms, reset)
[w6:mn:pro] [api] 200 mode=pro startsWith=nong
[w6:mn:pro] [api] 200 mode=pro startsWith=nong sort=alphabetical:desc (762ms direct)
[w6:mn:pro] "nong" full page ends at "nongraduated" (next='r'); skip 26 covered groups → 2 children reverse Z→A ends at "nongildsman" (lo='i' hi='y'); skip 15 middle + 61 new words
[w6:mn:pro] Saved 37,414 worker words
[w6:mn:pro] Searching "nonh" | queue=209 | words=37414
[w6:mn:pro] Pacing 16s before "nonh" (gap=16000ms)
[w6:mn:pro] heartbeat words=37414 queue=209 rotation=26 idle=3s
[w6:mn:pro] Managed Turnstile token (len=816, 4803ms, reset)
[w6:mn:pro] [api] 200 mode=pro startsWith=nonh
[w6:mn:pro] [api] 200 mode=pro startsWith=nonh (554ms direct)
[w6:mn:pro] "nonh" → 100 records, 100 words
[w6:mn:pro] Pacing 16s before "nonh" (gap=16000ms)
[w6:mn:pro] Managed Turnstile token (len=816, 6484ms, reset)
[w6:mn:pro] [api] 200 mode=pro startsWith=nonh
[w6:mn:pro] [api] 200 mode=pro startsWith=nonh sort=alphabetical:desc (651ms direct)
[w6:mn:pro] "nonh" full page ends at "nonhospitalised" (next='o'); skip 26 covered groups → 2 children reverse Z→A ends at "nonheinously" (lo='e' hi='y'); skip 19 middle + 42 new words
[w6:mn:pro] Saved 37,556 worker words
[w6:mn:pro] Searching "noni" | queue=210 | words=37556
[w6:mn:pro] Pacing 16s before "noni" (gap=16000ms)
[w6:mn:pro] Managed Turnstile token (len=816, 6147ms, reset)
[w6:mn:pro] [api] 200 mode=pro startsWith=noni
[w6:mn:pro] [api] 200 mode=pro startsWith=noni (809ms direct)
[w6:mn:pro] "noni" → 100 records, 100 words (incl. exact "noni")
[w6:mn:pro] Pacing 16s before "noni" (gap=16000ms)
[w6:mn:pro] heartbeat words=37656 queue=210 rotation=26 idle=15s
[w6:mn:pro] Site Turnstile remint timed out (26403ms)
[w6:mn:pro] Turnstile mint hard timeout after 28000ms
[w6:mn:pro] heartbeat words=37656 queue=210 rotation=26 idle=20s
[w6:mn:pro] Turnstile mint hard timeout after 28000ms
[w6:mn:pro] Site Turnstile remint timed out (37922ms)
[w6:mn:pro] Turnstile mint hard timeout after 28000ms
[w6:mn:pro] "noni" reverse search failed (No Turnstile token for direct search); forward-only
[w6:mn:pro] "noni" full page ends at "nonimpedimentary" (next='m'); skip 14 covered groups → 14 children from nonim..
[w6:mn:pro] Site Turnstile remint timed out (29647ms)
[w6:mn:pro] Saved 37,656 worker words
[w6:mn:pro] Searching "nonj" | queue=223 | words=37656
[w6:mn:pro] heartbeat words=37656 queue=223 rotation=26 idle=22s
[w6:mn:pro] Turnstile token present (len=816)
[w6:mn:pro] Site Turnstile token (26554ms)
[w6:mn:pro] [api] 200 mode=pro startsWith=nonj
[w6:mn:pro] [api] 200 mode=pro startsWith=nonj (674ms direct)
[w6:mn:pro] "nonj" → 36 records, 36 words
[w6:mn:pro] "nonj" branch complete
[w6:mn:pro] Saved 37,692 worker words
[w6:mn:pro] Searching "nonk" | queue=222 | words=37692
[w6:mn:pro] Pacing 14s before "nonk" (gap=16000ms)
[w6:mn:pro] Managed Turnstile token (len=816, 10536ms, remount)
[w6:mn:pro] [api] 200 mode=pro startsWith=nonk
[w6:mn:pro] [api] 200 mode=pro startsWith=nonk (601ms direct)
[w6:mn:pro] "nonk" → 7 records, 7 words
[w6:mn:pro] "nonk" branch complete
[w6:mn:pro] Saved 37,699 worker words; shared last.txt now 357,187
[w6:mn:pro] Searching "nonl" | queue=221 | words=37699
[w6:mn:pro] Pacing 16s before "nonl" (gap=16000ms)
[w6:mn:pro] Managed Turnstile token (len=816, 7089ms, reset)
[w6:mn:pro] [api] 200 mode=pro startsWith=nonl
[w6:mn:pro] [api] 200 mode=pro startsWith=nonl (598ms direct)
[w6:mn:pro] "nonl" → 100 records, 100 words
[w6:mn:pro] Pacing 15s before "nonl" (gap=16000ms)
[w6:mn:pro] Managed Turnstile token (len=816, 10021ms, reset)
[w6:mn:pro] [api] 200 mode=pro startsWith=nonl
[w6:mn:pro] [api] 200 mode=pro startsWith=nonl sort=alphabetical:desc (601ms direct)
[w6:mn:pro] "nonl" full page ends at "nonliteralness" (next='i'); skip 25 covered groups → 3 children reverse Z→A ends at "nonlimitation" (lo='i' hi='y'); skip 15 middle + 75 new words
[w6:mn:pro] Saved 37,874 worker words
[w6:mn:pro] Searching "nonm" | queue=223 | words=37874
[w6:mn:pro] Pacing 16s before "nonm" (gap=16000ms)
[w6:mn:pro] Managed Turnstile token (len=816, 6094ms, reset)
[w6:mn:pro] heartbeat words=37874 queue=223 rotation=26 idle=1s
[w6:mn:pro] [api] 200 mode=pro startsWith=nonm
[w6:mn:pro] [api] 200 mode=pro startsWith=nonm (886ms direct)
[w6:mn:pro] "nonm" → 100 records, 100 words
[w6:mn:pro] Pacing 13s before "nonm" (gap=16000ms)
[w6:mn:pro] Turnstile mint hard timeout after 28000ms
[w6:mn:pro] Site Turnstile remint timed out (28167ms)
[w6:mn:pro] Turnstile token present (len=816)
[w6:mn:pro] Site Turnstile token (19400ms)
[w6:mn:pro] [api] 200 mode=pro startsWith=nonm
[w6:mn:pro] [api] 200 mode=pro startsWith=nonm sort=alphabetical:desc (539ms direct)
[w6:mn:pro] "nonm" full page ends at "nonmeaningful" (next='e'); skip 15 covered groups → 13 children reverse Z→A ends at "nonmonarchial" (lo='o' hi='y'); skip 9 middle + 100 new words
[w6:mn:pro] Saved 38,074 worker words
[w6:mn:pro] Searching "nonn" | queue=235 | words=38074
[w6:mn:pro] Pacing 16s before "nonn" (gap=16000ms)
[w6:mn:pro] heartbeat words=38074 queue=235 rotation=26 idle=1s
[w6:mn:pro] Site Turnstile remint timed out (27443ms)
[w6:mn:pro] Site Turnstile remint timed out (23040ms)
[w6:mn:pro] Managed Turnstile token (len=816, 3530ms, remount)
[w6:mn:pro] [api] 200 mode=pro startsWith=nonn
[w6:mn:pro] [api] 200 mode=pro startsWith=nonn (422ms direct)
[w6:mn:pro] "nonn" → 100 records, 100 words
[w6:mn:pro] Pacing 16s before "nonn" (gap=16000ms)
[w6:mn:pro] Managed Turnstile token (len=816, 3315ms, reset)
[w6:mn:pro] heartbeat words=38174 queue=235 rotation=26 idle=4s
[w6:mn:pro] [api] 200 mode=pro startsWith=nonn
[w6:mn:pro] [api] 200 mode=pro startsWith=nonn sort=alphabetical:desc (653ms direct)
[w6:mn:pro] "nonn" full page ends at "nonnormal" (next='o'); skip 26 covered groups → 2 children reverse Z→A ends at "nonnaturalness" (lo='a' hi='y'); skip 23 middle + 32 new words
[w6:mn:pro] Saved 38,206 worker words
[w6:mn:pro] Searching "nono" | queue=236 | words=38206
[w6:mn:pro] Pacing 16s before "nono" (gap=16000ms)
[w6:mn:pro] Site Turnstile remint timed out (23059ms)
[w6:mn:pro] Managed Turnstile token (len=816, 12898ms, remount)
[w6:mn:pro] [api] 200 mode=pro startsWith=nono
[w6:mn:pro] [api] 200 mode=pro startsWith=nono (594ms direct)
[w6:mn:pro] "nono" → 100 records, 100 words
[w6:mn:pro] Pacing 16s before "nono" (gap=16000ms)
[w6:mn:pro] Managed Turnstile token (len=816, 7942ms, reset)
[w6:mn:pro] heartbeat words=38306 queue=236 rotation=26 idle=6s
[w6:mn:pro] [api] 200 mode=pro startsWith=nono
[w6:mn:pro] [api] 200 mode=pro startsWith=nono sort=alphabetical:desc (2059ms direct)
[w6:mn:pro] "nono" full page ends at "nonoperative" (next='p'); skip 25 covered groups → 3 children reverse Z→A ends at "nonolfactories" (lo='l' hi='x'); skip 11 middle + 80 new words
[w6:mn:pro] Saved 38,386 worker words
[w6:mn:pro] Searching "nonp" | queue=238 | words=38386
[w6:mn:pro] Pacing 13s before "nonp" (gap=16000ms)
[w6:mn:pro] Managed Turnstile token (len=816, 12559ms, reset)
[w6:mn:pro] [api] 200 mode=pro startsWith=nonp
[w6:mn:pro] [api] 200 mode=pro startsWith=nonp (514ms direct)
[w6:mn:pro] "nonp" → 100 records, 100 words
[w6:mn:pro] Pacing 13s before "nonp" (gap=16000ms)
[w6:mn:pro] Site Turnstile remint timed out (23217ms)
[w6:mn:pro] heartbeat words=38486 queue=238 rotation=26 idle=16s
[w6:mn:pro] Turnstile mint hard timeout after 28000ms
[w6:mn:pro] Site Turnstile remint timed out (31789ms)
[w6:mn:pro] Site Turnstile remint timed out (22853ms)
[w6:mn:pro] Managed Turnstile token (len=816, 6635ms, remount)
[w6:mn:pro] [api] 200 mode=pro startsWith=nonp
[w6:mn:pro] [api] 200 mode=pro startsWith=nonp sort=alphabetical:desc (491ms direct)
[w6:mn:pro] "nonp" full page ends at "nonpastoral" (next='a'); skip 8 covered groups → 20 children reverse Z→A ends at "nonprotrusiveness" (lo='r' hi='y'); skip 6 middle + 100 new words
[w6:mn:pro] Saved 38,586 worker words
[w6:mn:pro] Searching "nonq" | queue=257 | words=38586
[w6:mn:pro] Pacing 16s before "nonq" (gap=16000ms)
[w6:mn:pro] Managed Turnstile token (len=816, 5624ms, reset)
[w6:mn:pro] [api] 200 mode=pro startsWith=nonq
[w6:mn:pro] [api] 200 mode=pro startsWith=nonq (412ms direct)
[w6:mn:pro] "nonq" → 11 records, 11 words
[w6:mn:pro] "nonq" branch complete
[w6:mn:pro] Saved 38,597 worker words
[w6:mn:pro] Searching "nonr" | queue=256 | words=38597
[w6:mn:pro] Pacing 16s before "nonr" (gap=16000ms)
[w6:mn:pro] heartbeat words=38597 queue=256 rotation=26 idle=2s
[w6:mn:pro] Managed Turnstile token (len=816, 9922ms, reset)
[w6:mn:pro] [api] 200 mode=pro startsWith=nonr
[w6:mn:pro] [api] 200 mode=pro startsWith=nonr (728ms direct)
[w6:mn:pro] "nonr" → 100 records, 100 words
[w6:mn:pro] Pacing 16s before "nonr" (gap=16000ms)
[w6:mn:pro] Managed Turnstile token (len=816, 5802ms, reset)
[w6:mn:pro] [api] 200 mode=pro startsWith=nonr
[w6:mn:pro] [api] 200 mode=pro startsWith=nonr sort=alphabetical:desc (541ms direct)
[w6:mn:pro] "nonr" full page ends at "nonreceptively" (next='e'); skip 21 covered groups → 7 children reverse Z→A ends at "nonrevenger" (lo='e' hi='u'); skip 15 middle + 100 new words
[w6:mn:pro] Saved 38,797 worker words
[w6:mn:pro] Searching "nons" | queue=262 | words=38797
[w6:mn:pro] Pacing 16s before "nons" (gap=16000ms)
[w6:mn:pro] Managed Turnstile token (len=816, 17853ms, reset)
[w6:mn:pro] [api] 200 mode=pro startsWith=nons
[w6:mn:pro] [api] 200 mode=pro startsWith=nons (579ms direct)
[w6:mn:pro] "nons" → 100 records, 100 words
[w6:mn:pro] Pacing 16s before "nons" (gap=16000ms)
[w6:mn:pro] heartbeat words=38897 queue=262 rotation=26 idle=12s
[w6:mn:pro] Site Turnstile remint timed out (23401ms)
[w6:mn:pro] Site Turnstile remint timed out (24071ms)
[w6:mn:pro] heartbeat words=38897 queue=262 rotation=26 idle=24s
[w6:mn:pro] Turnstile mint hard timeout after 28000ms
[w6:mn:pro] Site Turnstile remint timed out (28804ms)
[w6:mn:pro] Turnstile mint hard timeout after 28000ms
[w6:mn:pro] heartbeat words=38897 queue=262 rotation=26 idle=28s
[w6:mn:pro] Turnstile mint hard timeout after 28000ms
[w6:mn:pro] "nons" reverse search failed (No Turnstile token for direct search); forward-only
[w6:mn:pro] "nons" full page ends at "nonscoring" (next='c'); skip 4 covered groups → 24 children from nonsc..
[w6:mn:pro] Saved 38,897 worker words; shared last.txt now 359,082
[w6:mn:pro] Searching "nont" | queue=285 | words=38897
[w6:mn:pro] Turnstile token present (len=816)
[w6:mn:pro] Site Turnstile token (30341ms)
[w6:mn:pro] Managed Turnstile token (len=816, 4512ms, remount)
[w6:mn:pro] [api] 200 mode=pro startsWith=nont
[w6:mn:pro] [api] 200 mode=pro startsWith=nont (575ms direct)
[w6:mn:pro] "nont" → 100 records, 100 words
[w6:mn:pro] Pacing 16s before "nont" (gap=16000ms)
[w6:mn:pro] Managed Turnstile token (len=816, 3223ms, reset)
[w6:mn:pro] [api] 200 mode=pro startsWith=nont
[w6:mn:pro] [api] 200 mode=pro startsWith=nont sort=alphabetical:desc (552ms direct)
[w6:mn:pro] "nont" full page ends at "nontenure" (next='e'); skip 12 covered groups → 16 children reverse Z→A ends at "nontransgression" (lo='r' hi='y'); skip 6 middle + 100 new words
[w6:mn:pro] Saved 39,097 worker words
[w6:mn:pro] Searching "nonu" | queue=300 | words=39097
[w6:mn:pro] Pacing 16s before "nonu" (gap=16000ms)
[w6:mn:pro] Managed Turnstile token (len=816, 5012ms, reset)
[w6:mn:pro] [api] 200 mode=pro startsWith=nonu
[w6:mn:pro] [api] 200 mode=pro startsWith=nonu (983ms direct)
[w6:mn:pro] "nonu" → 94 records, 94 words
[w6:mn:pro] "nonu" branch complete
[w6:mn:pro] Saved 39,191 worker words
[w6:mn:pro] Searching "nonv" | queue=299 | words=39191
[w6:mn:pro] Pacing 15s before "nonv" (gap=16000ms)
[w6:mn:pro] heartbeat words=39191 queue=299 rotation=26 idle=20s
[w6:mn:pro] Site Turnstile remint timed out (22356ms)
[w6:mn:pro] Managed Turnstile token (len=816, 4242ms, remount)
[w6:mn:pro] [api] 200 mode=pro startsWith=nonv
[w6:mn:pro] [api] 200 mode=pro startsWith=nonv (521ms direct)
[w6:mn:pro] "nonv" → 100 records, 100 words
[w6:mn:pro] Pacing 16s before "nonv" (gap=16000ms)
[w6:mn:pro] Site Turnstile remint timed out (22345ms)
[w6:mn:pro] Managed Turnstile token (len=816, 4604ms, remount)
[w6:mn:pro] [api] 200 mode=pro startsWith=nonv
[w6:mn:pro] [api] 200 mode=pro startsWith=nonv sort=alphabetical:desc (688ms direct)
[w6:mn:pro] "nonv" full page ends at "nonverminous" (next='e'); skip 18 covered groups → 10 children reverse Z→A ends at "nonvintages" (lo='i' hi='v'); skip 12 middle + 63 new words
[w6:mn:pro] Saved 39,354 worker words
[w6:mn:pro] Searching "nonz" | queue=308 | words=39354
[w6:mn:pro] Pacing 16s before "nonz" (gap=16000ms)
[w6:mn:pro] Managed Turnstile token (len=816, 6096ms, reset)
[w6:mn:pro] [api] 200 mode=pro startsWith=nonz
[w6:mn:pro] [api] 200 mode=pro startsWith=nonz (729ms direct)
[w6:mn:pro] "nonz" → 14 records, 14 words
[w6:mn:pro] "nonz" branch complete
[w6:mn:pro] Saved 39,354 worker words
[w6:mn:pro] Searching "norm" | queue=307 | words=39354
[w6:mn:pro] Pacing 16s before "norm" (gap=16000ms)
[w6:mn:pro] heartbeat words=39354 queue=307 rotation=26 idle=9s
[w6:mn:pro] Turnstile token present (len=816)
[w6:mn:pro] Site Turnstile token (18352ms)
[w6:mn:pro] [api] 200 mode=pro startsWith=norm
[w6:mn:pro] [api] 200 mode=pro startsWith=norm (549ms direct)
[w6:mn:pro] "norm" → 83 records, 83 words (incl. exact "norm")
[w6:mn:pro] "norm" branch complete
[w6:mn:pro] Saved 39,413 worker words
[w6:mn:pro] Searching "norn" | queue=306 | words=39413
[w6:mn:pro] Pacing 16s before "norn" (gap=16000ms)
[w6:mn:pro] Managed Turnstile token (len=816, 9229ms, remount)
[w6:mn:pro] [api] 200 mode=pro startsWith=norn
[w6:mn:pro] [api] 200 mode=pro startsWith=norn (607ms direct)
[w6:mn:pro] "norn" → 4 records, 4 words (incl. exact "norn")
[w6:mn:pro] "norn" branch complete
[w6:mn:pro] Saved 39,417 worker words
[w6:mn:pro] Searching "noro" | queue=305 | words=39417
[w6:mn:pro] Pacing 16s before "noro" (gap=16000ms)
[w6:mn:pro] Managed Turnstile token (len=816, 9458ms, reset)
[w6:mn:pro] [api] 200 mode=pro startsWith=noro
[w6:mn:pro] [api] 200 mode=pro startsWith=noro (539ms direct)
[w6:mn:pro] "noro" → 3 records, 3 words
[w6:mn:pro] "noro" branch complete
[w6:mn:pro] Saved 39,420 worker words
[w6:mn:pro] Searching "norp" | queue=304 | words=39420
[w6:mn:pro] Pacing 16s before "norp" (gap=16000ms)
[w6:mn:pro] Managed Turnstile token (len=816, 14932ms, reset)
[w6:mn:pro] [api] 200 mode=pro startsWith=norp
[w6:mn:pro] [api] 200 mode=pro startsWith=norp (557ms direct)
[w6:mn:pro] "norp" → 2 records, 2 words
[w6:mn:pro] "norp" branch complete
[w6:mn:pro] Saved 39,422 worker words; shared last.txt now 360,151
[w6:mn:pro] Searching "norq" | queue=303 | words=39422
[w6:mn:pro] Pacing 15s before "norq" (gap=16000ms)
[w6:mn:pro] heartbeat words=39422 queue=303 rotation=26 idle=1s
[w6:mn:pro] Site Turnstile remint timed out (24597ms)
[w6:mn:pro] Turnstile mint hard timeout after 28000ms
[w6:mn:pro] heartbeat words=39422 queue=303 rotation=26 idle=9s
[w6:mn:pro] Turnstile mint hard timeout after 28000ms
[w6:mn:pro] Site Turnstile remint timed out (38034ms)
[w6:mn:pro] Turnstile mint hard timeout after 28000ms
[w6:mn:pro] Failed "norq" attempt 1: No Turnstile token for direct search
[w6:mn:pro] Site Turnstile remint timed out (33614ms)
[w6:mn:pro] Saved 39,422 worker words
[w6:mn:pro] Turnstile miss — soft reload before rotate
[w6:mn:pro] heartbeat words=39422 queue=304 rotation=26 idle=7s
[w6:mn:pro] Turnstile token present (len=816)
[w6:mn:pro] Site Turnstile token (370300ms)
[w6:mn:pro] Turnstile token present (len=816)
[w6:mn:pro] Site Turnstile token (111553ms)
[w6:mn:pro] Turnstile token present (len=816)
[w6:mn:pro] Site Turnstile token (963590ms)
[w6:mn:pro] Turnstile token present (len=816)
[w6:mn:pro] Site Turnstile token (14954ms)
[w6:mn:pro] Searching "norq" | queue=303 | words=39422
[w6:mn:pro] [api] 200 mode=pro startsWith=norq
[w6:mn:pro] [api] 200 mode=pro startsWith=norq (724ms direct)
[w6:mn:pro] "norq" → 0 records, 0 words
[w6:mn:pro] "norq" branch complete
[w6:mn:pro] Saved 39,422 worker words
[w6:mn:pro] Searching "norr" | queue=302 | words=39422
[w6:mn:pro] Pacing 15s before "norr" (gap=16000ms)
[w6:mn:pro] Managed Turnstile token (len=816, 7719ms, remount)
[w6:mn:pro] [api] 200 mode=pro startsWith=norr
[w6:mn:pro] [api] 200 mode=pro startsWith=norr (515ms direct)
[w6:mn:pro] "norr" → 9 records, 9 words
[w6:mn:pro] "norr" branch complete
[w6:mn:pro] Saved 39,431 worker words
[w6:mn:pro] Searching "nors" | queue=301 | words=39431
[w6:mn:pro] Pacing 16s before "nors" (gap=16000ms)
[w6:mn:pro] Site Turnstile remint timed out (22508ms)
[w6:mn:pro] heartbeat words=39431 queue=301 rotation=26 idle=0s
[w6:mn:pro] Site Turnstile remint timed out (22312ms)
[w6:mn:pro] Managed Turnstile token (len=816, 13210ms, remount)
[w6:mn:pro] [api] 200 mode=pro startsWith=nors
[w6:mn:pro] [api] 200 mode=pro startsWith=nors (558ms direct)
[w6:mn:pro] "nors" → 16 records, 16 words
[w6:mn:pro] "nors" branch complete
[w6:mn:pro] Saved 39,447 worker words
[w6:mn:pro] Searching "nort" | queue=300 | words=39447
[w6:mn:pro] Pacing 16s before "nort" (gap=16000ms)
[w6:mn:pro] Site Turnstile remint timed out (22359ms)
[w6:mn:pro] heartbeat words=39447 queue=300 rotation=26 idle=2s
[w6:mn:pro] Managed Turnstile token (len=816, 3984ms, remount)
[w6:mn:pro] [api] 200 mode=pro startsWith=nort
[w6:mn:pro] [api] 200 mode=pro startsWith=nort (1274ms direct)
[w6:mn:pro] "nort" → 90 records, 90 words
[w6:mn:pro] "nort" branch complete
[w6:mn:pro] Saved 39,447 worker words
[w6:mn:pro] Searching "norw" | queue=299 | words=39447
[w6:mn:pro] Pacing 15s before "norw" (gap=16000ms)
[w6:mn:pro] Managed Turnstile token (len=816, 4855ms, reset)
[w6:mn:pro] [api] 200 mode=pro startsWith=norw
[w6:mn:pro] [api] 200 mode=pro startsWith=norw (421ms direct)
[w6:mn:pro] "norw" → 9 records, 9 words
[w6:mn:pro] "norw" branch complete
[w6:mn:pro] Saved 39,447 worker words
[w6:mn:pro] Searching "norx" | queue=298 | words=39447
[w6:mn:pro] Pacing 16s before "norx" (gap=16000ms)
[w6:mn:pro] Managed Turnstile token (len=816, 6360ms, reset)
[w6:mn:pro] [api] 200 mode=pro startsWith=norx
[w6:mn:pro] [api] 200 mode=pro startsWith=norx (476ms direct)
[w6:mn:pro] "norx" → 0 records, 0 words
[w6:mn:pro] "norx" branch complete
[w6:mn:pro] Saved 39,447 worker words
[w6:mn:pro] Searching "nory" | queue=297 | words=39447
[w6:mn:pro] Pacing 16s before "nory" (gap=16000ms)
[w6:mn:pro] Site Turnstile remint timed out (22429ms)
[w6:mn:pro] heartbeat words=39447 queue=297 rotation=26 idle=3s
[w6:mn:pro] Managed Turnstile token (len=816, 5392ms, remount)
[w6:mn:pro] [api] 200 mode=pro startsWith=nory
[w6:mn:pro] [api] 200 mode=pro startsWith=nory (509ms direct)
[w6:mn:pro] "nory" → 0 records, 0 words
[w6:mn:pro] "nory" branch complete
[w6:mn:pro] Saved 39,447 worker words; shared last.txt now 360,550
[w6:mn:pro] Searching "norz" | queue=296 | words=39447
[w6:mn:pro] Pacing 16s before "norz" (gap=16000ms)
[w6:mn:pro] Managed Turnstile token (len=816, 16649ms, reset)
[w6:mn:pro] [api] 200 mode=pro startsWith=norz
[w6:mn:pro] [api] 200 mode=pro startsWith=norz (781ms direct)
[w6:mn:pro] "norz" → 0 records, 0 words
[w6:mn:pro] "norz" branch complete
[w6:mn:pro] Saved 39,447 worker words
[w6:mn:pro] Searching "nosy" | queue=295 | words=39447
[w6:mn:pro] Pacing 3s before "nosy" (gap=16000ms)
[w6:mn:pro] Turnstile mint hard timeout after 28000ms
[w6:mn:pro] Site Turnstile remint timed out (37229ms)
[w6:mn:pro] heartbeat words=39447 queue=295 rotation=26 idle=2s
[w6:mn:pro] Site Turnstile remint timed out (23501ms)
[w6:mn:pro] Site Turnstile remint timed out (25013ms)
[w6:mn:pro] heartbeat words=39447 queue=295 rotation=26 idle=22s
[w6:mn:pro] Turnstile token present (len=816)
[w6:mn:pro] Site Turnstile token (22042ms)
[w6:mn:pro] [api] 200 mode=pro startsWith=nosy
[w6:mn:pro] [api] 200 mode=pro startsWith=nosy (674ms direct)
[w6:mn:pro] "nosy" → 1 records, 1 words (incl. exact "nosy")
[w6:mn:pro] "nosy" branch complete
[w6:mn:pro] Saved 39,447 worker words
[w6:mn:pro] Searching "nosz" | queue=294 | words=39447
[w6:mn:pro] Pacing 14s before "nosz" (gap=16000ms)
[w6:mn:pro] Turnstile token present (len=816)
[w6:mn:pro] Site Turnstile token (24470ms)
[w6:mn:pro] [api] 200 mode=pro startsWith=nosz
[w6:mn:pro] [api] 200 mode=pro startsWith=nosz (652ms direct)
[w6:mn:pro] "nosz" → 0 records, 0 words
[w6:mn:pro] "nosz" branch complete
[w6:mn:pro] Saved 39,447 worker words
[w6:mn:pro] Searching "note" | queue=293 | words=39447
[w6:mn:pro] Pacing 15s before "note" (gap=16000ms)
[w6:mn:pro] Turnstile token present (len=816)
[w6:mn:pro] Site Turnstile token (20781ms)
[w6:mn:pro] [api] 200 mode=pro startsWith=note
[w6:mn:pro] [api] 200 mode=pro startsWith=note (565ms direct)
[w6:mn:pro] "note" → 42 records, 42 words (incl. exact "note")
[w6:mn:pro] "note" branch complete
[w6:mn:pro] Saved 39,482 worker words
[w6:mn:pro] Searching "notf" | queue=292 | words=39482
[w6:mn:pro] Pacing 15s before "notf" (gap=16000ms)
[w6:mn:pro] heartbeat words=39482 queue=292 rotation=26 idle=11s
[w6:mn:pro] Turnstile mint hard timeout after 28000ms
[w6:mn:pro] Site Turnstile remint timed out (30338ms)
[w6:mn:pro] Turnstile token present (len=816)
[w6:mn:pro] Site Turnstile token (20243ms)
[w6:mn:pro] [api] 200 mode=pro startsWith=notf
[w6:mn:pro] [api] 200 mode=pro startsWith=notf (544ms direct)
[w6:mn:pro] "notf" → 0 records, 0 words
[w6:mn:pro] "notf" branch complete
[w6:mn:pro] Saved 39,482 worker words
[w6:mn:pro] Searching "notg" | queue=291 | words=39482
[w6:mn:pro] Pacing 16s before "notg" (gap=16000ms)
[w6:mn:pro] Managed Turnstile token (len=816, 6664ms, remount)
[w6:mn:pro] [api] 200 mode=pro startsWith=notg
[w6:mn:pro] [api] 200 mode=pro startsWith=notg (439ms direct)
[w6:mn:pro] "notg" → 0 records, 0 words
[w6:mn:pro] "notg" branch complete
[w6:mn:pro] Saved 39,482 worker words
[w6:mn:pro] Searching "noth" | queue=290 | words=39482
[w6:mn:pro] Pacing 15s before "noth" (gap=16000ms)
[w6:mn:pro] heartbeat words=39482 queue=290 rotation=26 idle=6s
[w6:mn:pro] Managed Turnstile token (len=816, 8760ms, reset)
[w6:mn:pro] [api] 200 mode=pro startsWith=noth
[w6:mn:pro] [api] 200 mode=pro startsWith=noth (595ms direct)
[w6:mn:pro] "noth" → 35 records, 35 words
[w6:mn:pro] "noth" branch complete
[w6:mn:pro] Saved 39,517 worker words
[w6:mn:pro] Searching "noti" | queue=289 | words=39517
[w6:mn:pro] Pacing 15s before "noti" (gap=16000ms)
[w6:mn:pro] Managed Turnstile token (len=816, 13767ms, reset)
[w6:mn:pro] [api] 200 mode=pro startsWith=noti
[w6:mn:pro] [api] 200 mode=pro startsWith=noti (555ms direct)
[w6:mn:pro] "noti" → 58 records, 58 words
[w6:mn:pro] "noti" branch complete
[w6:mn:pro] Saved 39,541 worker words; shared last.txt now 361,213
[w6:mn:pro] Searching "notw" | queue=288 | words=39541
[w6:mn:pro] Turnstile mint hard timeout after 28000ms
[w6:mn:pro] heartbeat words=39541 queue=288 rotation=26 idle=5s
[w6:mn:pro] Site Turnstile remint timed out (34045ms)
[w6:mn:pro] Site Turnstile remint timed out (23727ms)
[w6:mn:pro] Site Turnstile remint timed out (23458ms)
[w6:mn:pro] heartbeat words=39541 queue=288 rotation=26 idle=17s
[w6:mn:pro] Turnstile token present (len=816)
[w6:mn:pro] Site Turnstile token (23696ms)
[w6:mn:pro] [api] 200 mode=pro startsWith=notw
[w6:mn:pro] [api] 200 mode=pro startsWith=notw (489ms direct)
[w6:mn:pro] "notw" → 3 records, 3 words
[w6:mn:pro] "notw" branch complete
[w6:mn:pro] Saved 39,541 worker words
[w6:mn:pro] Searching "notx" | queue=287 | words=39541
[w6:mn:pro] Pacing 16s before "notx" (gap=16000ms)
[w6:mn:pro] Managed Turnstile token (len=816, 5412ms, remount)
[w6:mn:pro] [api] 200 mode=pro startsWith=notx
[w6:mn:pro] [api] 200 mode=pro startsWith=notx (728ms direct)
[w6:mn:pro] "notx" → 0 records, 0 words
[w6:mn:pro] "notx" branch complete
[w6:mn:pro] Saved 39,541 worker words
[w6:mn:pro] Searching "noty" | queue=286 | words=39541
[w6:mn:pro] Pacing 16s before "noty" (gap=16000ms)
[w6:mn:pro] Managed Turnstile token (len=816, 14109ms, reset)
[w6:mn:pro] [api] 200 mode=pro startsWith=noty
[w6:mn:pro] [api] 200 mode=pro startsWith=noty (600ms direct)
[w6:mn:pro] "noty" → 0 records, 0 words
[w6:mn:pro] "noty" branch complete
[w6:mn:pro] Saved 39,541 worker words
[w6:mn:pro] Searching "notz" | queue=285 | words=39541
[w6:mn:pro] Pacing 14s before "notz" (gap=16000ms)
[w6:mn:pro] heartbeat words=39541 queue=285 rotation=26 idle=18s
[w6:mn:pro] Turnstile mint hard timeout after 28000ms
[w6:mn:pro] Site Turnstile remint timed out (30185ms)
[w6:mn:pro] Managed Turnstile token (len=816, 8368ms, remount)
[w6:mn:pro] [api] 200 mode=pro startsWith=notz
[w6:mn:pro] [api] 200 mode=pro startsWith=notz (488ms direct)
[w6:mn:pro] "notz" → 0 records, 0 words
[w6:mn:pro] "notz" branch complete
[w6:mn:pro] Saved 39,541 worker words
[w6:mn:pro] Searching "nove" | queue=284 | words=39541
[w6:mn:pro] Pacing 16s before "nove" (gap=16000ms)
[w6:mn:pro] Managed Turnstile token (len=816, 5533ms, reset)
[w6:mn:pro] [api] 200 mode=pro startsWith=nove
[w6:mn:pro] [api] 200 mode=pro startsWith=nove (535ms direct)
[w6:mn:pro] "nove" → 83 records, 83 words
[w6:mn:pro] "nove" branch complete
[w6:mn:pro] Saved 39,541 worker words
[w6:mn:pro] Searching "novu" | queue=283 | words=39541
[w6:mn:pro] Pacing 16s before "novu" (gap=16000ms)
[w6:mn:pro] Managed Turnstile token (len=816, 6314ms, reset)
[w6:mn:pro] [api] 200 mode=pro startsWith=novu
[w6:mn:pro] [api] 200 mode=pro startsWith=novu (1155ms direct)
[w6:mn:pro] "novu" → 3 records, 3 words
[w6:mn:pro] "novu" branch complete
[w6:mn:pro] Saved 39,541 worker words
[w6:mn:pro] Searching "novv" | queue=282 | words=39541
[w6:mn:pro] Pacing 15s before "novv" (gap=16000ms)
[w6:mn:pro] Managed Turnstile token (len=816, 8082ms, reset)
[w6:mn:pro] heartbeat words=39541 queue=282 rotation=26 idle=2s
[w6:mn:pro] [api] 200 mode=pro startsWith=novv
[w6:mn:pro] [api] 200 mode=pro startsWith=novv (3890ms direct)
[w6:mn:pro] "novv" → 0 records, 0 words
[w6:mn:pro] "novv" branch complete
[w6:mn:pro] Saved 39,541 worker words
[w6:mn:pro] Searching "novw" | queue=281 | words=39541
[w6:mn:pro] Pacing 13s before "novw" (gap=16000ms)
[w6:mn:pro] Managed Turnstile token (len=816, 5297ms, reset)
[w6:mn:pro] [api] 200 mode=pro startsWith=novw
[w6:mn:pro] [api] 200 mode=pro startsWith=novw (700ms direct)
[w6:mn:pro] "novw" → 0 records, 0 words
[w6:mn:pro] "novw" branch complete
[w6:mn:pro] Saved 39,541 worker words; shared last.txt now 361,677
[w6:mn:pro] Searching "novx" | queue=280 | words=39541
[w6:mn:pro] Pacing 11s before "novx" (gap=16000ms)
[w6:mn:pro] Site Turnstile remint timed out (23935ms)
[w6:mn:pro] heartbeat words=39541 queue=280 rotation=26 idle=15s
[w6:mn:pro] Turnstile mint hard timeout after 28000ms
[w6:mn:pro] Site Turnstile remint timed out (31900ms)
[w6:mn:pro] Site Turnstile remint timed out (23583ms)
[w6:mn:pro] heartbeat words=39541 queue=280 rotation=26 idle=23s
[w6:mn:pro] Turnstile mint hard timeout after 28000ms
[w6:mn:pro] Site Turnstile remint timed out (37446ms)
[w6:mn:pro] Turnstile mint hard timeout after 28000ms
[w6:mn:pro] Failed "novx" attempt 1: No Turnstile token for direct search
[w6:mn:pro] Saved 39,541 worker words
[w6:mn:pro] Turnstile miss — soft reload before rotate
[w6:mn:pro] Managed Turnstile token (len=816, 5647ms, remount)
[w6:mn:pro] Searching "novx" | queue=280 | words=39541
[w6:mn:pro] Turnstile token present (len=816)
[w6:mn:pro] Site Turnstile token (36390ms)
[w6:mn:pro] [api] 200 mode=pro startsWith=novx
[w6:mn:pro] [api] 200 mode=pro startsWith=novx (451ms direct)
[w6:mn:pro] "novx" → 0 records, 0 words
[w6:mn:pro] "novx" branch complete
[w6:mn:pro] Saved 39,541 worker words
[w6:mn:pro] Searching "novy" | queue=279 | words=39541
[w6:mn:pro] Pacing 16s before "novy" (gap=16000ms)
[w6:mn:pro] Managed Turnstile token (len=816, 4941ms, reset)
[w6:mn:pro] [api] 200 mode=pro startsWith=novy
[w6:mn:pro] [api] 200 mode=pro startsWith=novy (552ms direct)
[w6:mn:pro] "novy" → 0 records, 0 words
[w6:mn:pro] "novy" branch complete
[w6:mn:pro] Saved 39,541 worker words
[w6:mn:pro] Searching "novz" | queue=278 | words=39541
[w6:mn:pro] Pacing 16s before "novz" (gap=16000ms)
[w6:mn:pro] heartbeat words=39541 queue=278 rotation=26 idle=1s
[w6:mn:pro] Managed Turnstile token (len=816, 8780ms, reset)
[w6:mn:pro] [api] 200 mode=pro startsWith=novz
[w6:mn:pro] [api] 200 mode=pro startsWith=novz (473ms direct)
[w6:mn:pro] "novz" → 0 records, 0 words
[w6:mn:pro] "novz" branch complete
[w6:mn:pro] Saved 39,541 worker words
[w6:mn:pro] Searching "nucl" | queue=277 | words=39541
[w6:mn:pro] Pacing 12s before "nucl" (gap=16000ms)
[w6:mn:pro] Managed Turnstile token (len=816, 10281ms, reset)
[w6:mn:pro] [api] 200 mode=pro startsWith=nucl
[w6:mn:pro] [api] 200 mode=pro startsWith=nucl (667ms direct)
[w6:mn:pro] "nucl" → 100 records, 100 words
[w6:mn:pro] Pacing 16s before "nucl" (gap=16000ms)
[w6:mn:pro] Managed Turnstile token (len=816, 9880ms, reset)
[w6:mn:pro] [api] 200 mode=pro startsWith=nucl
[w6:mn:pro] [api] 200 mode=pro startsWith=nucl sort=alphabetical:desc (524ms direct)
[w6:mn:pro] "nucl" full page ends at "nucleotidases" (next='e'); skip 9 covered groups → 19 children reverse Z→A ends at "nuclearising" (lo='e' hi='i'); skip 3 middle + 0 new words
[w6:mn:pro] Saved 39,541 worker words
[w6:mn:pro] Searching "nucu" | queue=295 | words=39541
[w6:mn:pro] Pacing 15s before "nucu" (gap=16000ms)
[w6:mn:pro] heartbeat words=39541 queue=295 rotation=26 idle=12s
[w6:mn:pro] Managed Turnstile token (len=794, 14746ms, reset)
[w6:mn:pro] [api] 200 mode=pro startsWith=nucu
[w6:mn:pro] [api] 200 mode=pro startsWith=nucu (594ms direct)
[w6:mn:pro] "nucu" → 11 records, 11 words
[w6:mn:pro] "nucu" branch complete
[w6:mn:pro] Saved 39,541 worker words
[w6:mn:pro] Searching "nucv" | queue=294 | words=39541
[w6:mn:pro] Pacing 9s before "nucv" (gap=16000ms)
[w6:mn:pro] Turnstile mint hard timeout after 28000ms
[w6:mn:pro] Site Turnstile remint timed out (29910ms)
[w6:mn:pro] Managed Turnstile token (len=816, 15926ms, remount)
[w6:mn:pro] [api] 200 mode=pro startsWith=nucv
[w6:mn:pro] [api] 200 mode=pro startsWith=nucv (626ms direct)
[w6:mn:pro] "nucv" → 0 records, 0 words
[w6:mn:pro] "nucv" branch complete
[w6:mn:pro] Saved 39,541 worker words
[w6:mn:pro] Searching "nucw" | queue=293 | words=39541
[w6:mn:pro] Pacing 10s before "nucw" (gap=16000ms)
[w6:mn:pro] heartbeat words=39541 queue=293 rotation=26 idle=6s
[w6:mn:pro] Turnstile mint hard timeout after 28000ms
[w6:mn:pro] Turnstile token present (len=816)
[w6:mn:pro] Site Turnstile token (28828ms)
[w6:mn:pro] Turnstile token present (len=816)
[w6:mn:pro] Site Turnstile token (21313ms)
[w6:mn:pro] [api] 200 mode=pro startsWith=nucw
[w6:mn:pro] [api] 200 mode=pro startsWith=nucw (786ms direct)
[w6:mn:pro] "nucw" → 0 records, 0 words
[w6:mn:pro] "nucw" branch complete
[w6:mn:pro] Saved 39,541 worker words; shared last.txt now 363,234
[w6:mn:pro] Searching "nucx" | queue=292 | words=39541
[w6:mn:pro] Pacing 11s before "nucx" (gap=16000ms)
[w6:mn:pro] Managed Turnstile token (len=816, 16423ms, remount)
[w6:mn:pro] [api] 200 mode=pro startsWith=nucx
[w6:mn:pro] [api] 200 mode=pro startsWith=nucx (590ms direct)
[w6:mn:pro] "nucx" → 0 records, 0 words
[w6:mn:pro] "nucx" branch complete
[w6:mn:pro] heartbeat words=39541 queue=292 rotation=26 idle=0s
[w6:mn:pro] Saved 39,541 worker words
[w6:mn:pro] Searching "nucy" | queue=291 | words=39541
[w6:mn:pro] Pacing 14s before "nucy" (gap=16000ms)
[w6:mn:pro] Managed Turnstile token (len=816, 13965ms, reset)
[w6:mn:pro] [api] 200 mode=pro startsWith=nucy
[w6:mn:pro] [api] 200 mode=pro startsWith=nucy (706ms direct)
[w6:mn:pro] "nucy" → 0 records, 0 words
[w6:mn:pro] "nucy" branch complete
[w6:mn:pro] Saved 39,541 worker words
[w6:mn:pro] Searching "nucz" | queue=290 | words=39541
[w6:mn:pro] Pacing 16s before "nucz" (gap=16000ms)
[w6:mn:pro] Managed Turnstile token (len=816, 13668ms, reset)
[w6:mn:pro] [api] 200 mode=pro startsWith=nucz
[w6:mn:pro] [api] 200 mode=pro startsWith=nucz (649ms direct)
[w6:mn:pro] "nucz" → 0 records, 0 words
[w6:mn:pro] "nucz" branch complete
[w6:mn:pro] Saved 39,541 worker words
[w6:mn:pro] Searching "numu" | queue=289 | words=39541
[w6:mn:pro] Pacing 14s before "numu" (gap=16000ms)
[w6:mn:pro] Managed Turnstile token (len=816, 11403ms, reset)
[w6:mn:pro] [api] 200 mode=pro startsWith=numu
[w6:mn:pro] [api] 200 mode=pro startsWith=numu (639ms direct)
[w6:mn:pro] "numu" → 1 records, 1 words
[w6:mn:pro] "numu" branch complete
[w6:mn:pro] Saved 39,541 worker words
[w6:mn:pro] Searching "numv" | queue=288 | words=39541
[w6:mn:pro] Pacing 15s before "numv" (gap=16000ms)
[w6:mn:pro] heartbeat words=39541 queue=288 rotation=26 idle=13s
[w6:mn:pro] Turnstile token present (len=816)
[w6:mn:pro] Site Turnstile token (22408ms)
[w6:mn:pro] [api] 200 mode=pro startsWith=numv
[w6:mn:pro] [api] 200 mode=pro startsWith=numv (663ms direct)
[w6:mn:pro] "numv" → 0 records, 0 words
[w6:mn:pro] "numv" branch complete
[w6:mn:pro] Saved 39,541 worker words
[w6:mn:pro] Searching "numw" | queue=287 | words=39541
[w6:mn:pro] Pacing 15s before "numw" (gap=16000ms)
[w6:mn:pro] Turnstile mint hard timeout after 28000ms
[w6:mn:pro] Site Turnstile remint timed out (28042ms)
[w6:mn:pro] heartbeat words=39541 queue=287 rotation=26 idle=22s
[w6:mn:pro] Site Turnstile remint timed out (23162ms)
[w6:mn:pro] Turnstile mint hard timeout after 28000ms
[w6:mn:pro] Site Turnstile remint timed out (28151ms)
[w6:mn:pro] Managed Turnstile token (len=816, 16608ms, remount)
[w6:mn:pro] [api] 200 mode=pro startsWith=numw
[w6:mn:pro] [api] 200 mode=pro startsWith=numw (715ms direct)
[w6:mn:pro] "numw" → 0 records, 0 words
[w6:mn:pro] "numw" branch complete
[w6:mn:pro] Saved 39,541 worker words
[w6:mn:pro] Searching "numx" | queue=286 | words=39541
[w6:mn:pro] Pacing 15s before "numx" (gap=16000ms)
[w6:mn:pro] Managed Turnstile token (len=794, 7010ms, reset)
[w6:mn:pro] heartbeat words=39541 queue=286 rotation=26 idle=5s
[w6:mn:pro] [api] 200 mode=pro startsWith=numx
[w6:mn:pro] [api] 200 mode=pro startsWith=numx (1056ms direct)
[w6:mn:pro] "numx" → 0 records, 0 words
[w6:mn:pro] "numx" branch complete
[w6:mn:pro] Saved 39,541 worker words
[w6:mn:pro] Searching "numy" | queue=285 | words=39541
[w6:mn:pro] Pacing 15s before "numy" (gap=16000ms)
[w6:mn:pro] Managed Turnstile token (len=816, 9698ms, reset)
[w6:mn:pro] [api] 200 mode=pro startsWith=numy
[w6:mn:pro] [api] 200 mode=pro startsWith=numy (696ms direct)
[w6:mn:pro] "numy" → 0 records, 0 words
[w6:mn:pro] "numy" branch complete
[w6:mn:pro] Saved 39,541 worker words; shared last.txt now 364,419
[w6:mn:pro] Searching "numz" | queue=284 | words=39541
[w6:mn:pro] Pacing 15s before "numz" (gap=16000ms)
[w6:mn:pro] Managed Turnstile token (len=816, 6313ms, reset)
[w6:mn:pro] [api] 200 mode=pro startsWith=numz
[w6:mn:pro] [api] 200 mode=pro startsWith=numz (958ms direct)
[w6:mn:pro] "numz" → 0 records, 0 words
[w6:mn:pro] "numz" branch complete
[w6:mn:pro] Saved 39,541 worker words
[w6:mn:pro] Searching "nutw" | queue=283 | words=39541
[w6:mn:pro] Pacing 15s before "nutw" (gap=16000ms)
[w6:mn:pro] Managed Turnstile token (len=816, 9954ms, reset)
[w6:mn:pro] [api] 200 mode=pro startsWith=nutw
[w6:mn:pro] [api] 200 mode=pro startsWith=nutw (793ms direct)
[w6:mn:pro] "nutw" → 2 records, 2 words
[w6:mn:pro] "nutw" branch complete
[w6:mn:pro] Saved 39,541 worker words
[w6:mn:pro] Searching "nutx" | queue=282 | words=39541
[w6:mn:pro] Pacing 15s before "nutx" (gap=16000ms)
[w6:mn:pro] heartbeat words=39541 queue=282 rotation=26 idle=8s
[w6:mn:pro] Site Turnstile remint timed out (25436ms)
[w6:mn:pro] Site Turnstile remint timed out (24822ms)
[w6:mn:pro] heartbeat words=39541 queue=282 rotation=26 idle=19s
[w6:mn:pro] Site Turnstile remint timed out (27711ms)
[w6:mn:pro] Turnstile mint hard timeout after 28000ms
[w6:mn:pro] Failed "nutx" attempt 1: No Turnstile token for direct search
[w6:mn:pro] Site Turnstile remint timed out (35268ms)
[w6:mn:pro] Saved 39,541 worker words
[w6:mn:pro] Turnstile miss — soft reload before rotate
[w6:mn:pro] heartbeat words=39541 queue=283 rotation=26 idle=16s
[w6:mn:pro] Turnstile token present (len=816)
[w6:mn:pro] Site Turnstile token (8611ms)
[w6:mn:pro] Searching "nutx" | queue=282 | words=39541
[w6:mn:pro] [api] 200 mode=pro startsWith=nutx
[w6:mn:pro] [api] 200 mode=pro startsWith=nutx (583ms direct)
[w6:mn:pro] "nutx" → 0 records, 0 words
[w6:mn:pro] "nutx" branch complete
[w6:mn:pro] Saved 39,541 worker words
[w6:mn:pro] Searching "nuty" | queue=281 | words=39541
[w6:mn:pro] Pacing 14s before "nuty" (gap=16000ms)
[w6:mn:pro] Managed Turnstile token (len=816, 11582ms, remount)
[w6:mn:pro] [api] 200 mode=pro startsWith=nuty
[w6:mn:pro] [api] 200 mode=pro startsWith=nuty (704ms direct)
[w6:mn:pro] "nuty" → 0 records, 0 words
[w6:mn:pro] "nuty" branch complete
[w6:mn:pro] Saved 39,541 worker words
[w6:mn:pro] Searching "nutz" | queue=280 | words=39541
[w6:mn:pro] Pacing 14s before "nutz" (gap=16000ms)
[w6:mn:pro] Managed Turnstile token (len=816, 12732ms, reset)
[w6:mn:pro] [api] 200 mode=pro startsWith=nutz
[w6:mn:pro] [api] 200 mode=pro startsWith=nutz (530ms direct)
[w6:mn:pro] "nutz" → 0 records, 0 words
[w6:mn:pro] "nutz" branch complete
[w6:mn:pro] Saved 39,541 worker words
[w6:mn:pro] Searching "nanow" | queue=279 | words=39541
[w6:mn:pro] Pacing 14s before "nanow" (gap=16000ms)
[w6:mn:pro] Managed Turnstile token (len=816, 11359ms, reset)
[w6:mn:pro] [api] 200 mode=pro startsWith=nanow
[w6:mn:pro] [api] 200 mode=pro startsWith=nanow (576ms direct)
[w6:mn:pro] "nanow" → 7 records, 7 words
[w6:mn:pro] "nanow" branch complete
[w6:mn:pro] Saved 39,541 worker words
[w6:mn:pro] Searching "nanox" | queue=278 | words=39541
[w6:mn:pro] Pacing 15s before "nanox" (gap=16000ms)
[w6:mn:pro] heartbeat words=39541 queue=278 rotation=26 idle=2s
[w6:mn:pro] Managed Turnstile token (len=816, 8515ms, reset)
[w6:mn:pro] [api] 200 mode=pro startsWith=nanox
[w6:mn:pro] [api] 200 mode=pro startsWith=nanox (528ms direct)
[w6:mn:pro] "nanox" → 0 records, 0 words
[w6:mn:pro] "nanox" branch complete
[w6:mn:pro] Saved 39,541 worker words; shared last.txt now 365,359
[w6:mn:pro] Searching "nanoy" | queue=277 | words=39541
[w6:mn:pro] Pacing 13s before "nanoy" (gap=16000ms)
[w6:mn:pro] Managed Turnstile token (len=816, 10614ms, reset)
[w6:mn:pro] [api] 200 mode=pro startsWith=nanoy
[w6:mn:pro] [api] 200 mode=pro startsWith=nanoy (951ms direct)
[w6:mn:pro] "nanoy" → 0 records, 0 words
[w6:mn:pro] "nanoy" branch complete
[w6:mn:pro] Saved 39,541 worker words
[w6:mn:pro] Searching "nanoz" | queue=276 | words=39541
[w6:mn:pro] Pacing 13s before "nanoz" (gap=16000ms)
[w6:mn:pro] Managed Turnstile token (len=816, 10313ms, reset)
[w6:mn:pro] [api] 200 mode=pro startsWith=nanoz
[w6:mn:pro] [api] 200 mode=pro startsWith=nanoz (520ms direct)
[w6:mn:pro] "nanoz" → 0 records, 0 words
[w6:mn:pro] "nanoz" branch complete
[w6:mn:pro] Saved 39,541 worker words
[w6:mn:pro] Searching "narcs" | queue=275 | words=39541
[w6:mn:pro] Pacing 15s before "narcs" (gap=16000ms)
[w6:mn:pro] heartbeat words=39541 queue=275 rotation=26 idle=14s
[w6:mn:pro] Managed Turnstile token (len=816, 17379ms, reset)
[w6:mn:pro] [api] 200 mode=pro startsWith=narcs
[w6:mn:pro] [api] 200 mode=pro startsWith=narcs (693ms direct)
[w6:mn:pro] "narcs" → 1 records, 1 words (incl. exact "narcs")
[w6:mn:pro] "narcs" branch complete
[w6:mn:pro] Saved 39,541 worker words
[w6:mn:pro] Searching "narct" | queue=274 | words=39541
[w6:mn:pro] Pacing 13s before "narct" (gap=16000ms)
[w6:mn:pro] Turnstile token present (len=816)
[w6:mn:pro] Site Turnstile token (21678ms)
[w6:mn:pro] [api] 200 mode=pro startsWith=narct
[w6:mn:pro] [api] 200 mode=pro startsWith=narct (637ms direct)
[w6:mn:pro] "narct" → 0 records, 0 words
[w6:mn:pro] "narct" branch complete
[w6:mn:pro] Saved 39,541 worker words
[w6:mn:pro] Searching "narcu" | queue=273 | words=39541
[w6:mn:pro] Pacing 15s before "narcu" (gap=16000ms)
[w6:mn:pro] Managed Turnstile token (len=816, 14830ms, remount)
[w6:mn:pro] [api] 200 mode=pro startsWith=narcu
[w6:mn:pro] [api] 200 mode=pro startsWith=narcu (629ms direct)
[w6:mn:pro] "narcu" → 0 records, 0 words
[w6:mn:pro] "narcu" branch complete
[w6:mn:pro] Saved 39,541 worker words
[w6:mn:pro] Searching "narcv" | queue=272 | words=39541
[w6:mn:pro] Pacing 15s before "narcv" (gap=16000ms)
[w6:mn:pro] heartbeat words=39541 queue=272 rotation=26 idle=17s
[w6:mn:pro] Turnstile token present (len=816)
[w6:mn:pro] Site Turnstile token (21806ms)
[w6:mn:pro] [api] 200 mode=pro startsWith=narcv
[w6:mn:pro] [api] 200 mode=pro startsWith=narcv (678ms direct)
[w6:mn:pro] "narcv" → 0 records, 0 words
[w6:mn:pro] "narcv" branch complete
[w6:mn:pro] Saved 39,541 worker words
[w6:mn:pro] Searching "narcw" | queue=271 | words=39541
[w6:mn:pro] Pacing 13s before "narcw" (gap=16000ms)
[w6:mn:pro] Turnstile token present (len=816)
[w6:mn:pro] Site Turnstile token (21056ms)
[w6:mn:pro] [api] 200 mode=pro startsWith=narcw
[w6:mn:pro] [api] 200 mode=pro startsWith=narcw (709ms direct)
[w6:mn:pro] "narcw" → 0 records, 0 words
[w6:mn:pro] "narcw" branch complete
[w6:mn:pro] Saved 39,541 worker words
[w6:mn:pro] Searching "narcx" | queue=270 | words=39541
[w6:mn:pro] Pacing 14s before "narcx" (gap=16000ms)
[w6:mn:pro] Turnstile token present (len=816)
[w6:mn:pro] Site Turnstile token (22147ms)
[w6:mn:pro] [api] 200 mode=pro startsWith=narcx
[w6:mn:pro] [api] 200 mode=pro startsWith=narcx (560ms direct)
[w6:mn:pro] "narcx" → 0 records, 0 words
[w6:mn:pro] "narcx" branch complete
[w6:mn:pro] heartbeat words=39541 queue=270 rotation=26 idle=11s
[w6:mn:pro] Saved 39,541 worker words; shared last.txt now 332,221
[w6:mn:pro] Searching "narcy" | queue=269 | words=39541
[w6:mn:pro] Turnstile mint hard timeout after 28000ms
[w6:mn:pro] Site Turnstile remint timed out (28819ms)
[w6:mn:pro] Turnstile token present (len=816)
[w6:mn:pro] Site Turnstile token (20999ms)
[w6:mn:pro] [api] 200 mode=pro startsWith=narcy
[w6:mn:pro] [api] 200 mode=pro startsWith=narcy (525ms direct)
[w6:mn:pro] "narcy" → 0 records, 0 words
[w6:mn:pro] "narcy" branch complete
[w6:mn:pro] Saved 39,541 worker words
[w6:mn:pro] Searching "narcz" | queue=268 | words=39541
[w6:mn:pro] Pacing 13s before "narcz" (gap=16000ms)
[w6:mn:pro] heartbeat words=39541 queue=268 rotation=26 idle=19s
[w6:mn:pro] Turnstile mint hard timeout after 28000ms
[w6:mn:pro] Turnstile mint hard timeout after 28000ms
[w6:mn:pro] Site Turnstile remint timed out (59446ms)
[w6:mn:pro] Site Turnstile remint timed out (33302ms)
[w6:mn:pro] heartbeat words=39541 queue=268 rotation=26 idle=19s
[w6:mn:pro] Turnstile mint hard timeout after 28000ms
[w6:mn:pro] Site Turnstile remint timed out (30137ms)
[w6:mn:pro] Managed Turnstile token (len=816, 7900ms, remount)
[w6:mn:pro] [api] 200 mode=pro startsWith=narcz
[w6:mn:pro] [api] 200 mode=pro startsWith=narcz (626ms direct)
[w6:mn:pro] "narcz" → 0 records, 0 words
[w6:mn:pro] "narcz" branch complete
[w6:mn:pro] Saved 39,541 worker words
[w6:mn:pro] Searching "necro" | queue=267 | words=39541
[w6:mn:pro] Pacing 16s before "necro" (gap=16000ms)
[w6:mn:pro] Managed Turnstile token (len=816, 6364ms, reset)
[w6:mn:pro] [api] 200 mode=pro startsWith=necro
[w6:mn:pro] [api] 200 mode=pro startsWith=necro (778ms direct)
[w6:mn:pro] "necro" → 100 records, 100 words (incl. exact "necro")
[w6:mn:pro] Pacing 16s before "necro" (gap=16000ms)
[w6:mn:pro] Managed Turnstile token (len=816, 7812ms, reset)
[w6:mn:pro] [api] 200 mode=pro startsWith=necro
[w6:mn:pro] [api] 200 mode=pro startsWith=necro sort=alphabetical:desc (697ms direct)
[w6:mn:pro] "necro" full page ends at "necrotroph" (next='t'); skip 21 covered groups → 7 children reverse Z→A ends at "necrobiosis" (lo='b' hi='t'); skip 17 middle + 0 new words
[w6:mn:pro] Saved 39,541 worker words
[w6:mn:pro] Searching "necrp" | queue=273 | words=39541
[w6:mn:pro] Pacing 16s before "necrp" (gap=16000ms)
[w6:mn:pro] Managed Turnstile token (len=816, 6987ms, reset)
[w6:mn:pro] heartbeat words=39541 queue=273 rotation=26 idle=8s
[w6:mn:pro] [api] 200 mode=pro startsWith=necrp
[w6:mn:pro] [api] 200 mode=pro startsWith=necrp (841ms direct)
[w6:mn:pro] "necrp" → 0 records, 0 words
[w6:mn:pro] "necrp" branch complete
[w6:mn:pro] Saved 39,541 worker words
[w6:mn:pro] Searching "necrq" | queue=272 | words=39541
[w6:mn:pro] Pacing 11s before "necrq" (gap=16000ms)
[w6:mn:pro] Site Turnstile remint timed out (27650ms)
[w6:mn:pro] Turnstile mint hard timeout after 28000ms
[w6:mn:pro] heartbeat words=39541 queue=272 rotation=26 idle=3s
[w6:mn:pro] Site Turnstile remint timed out (40791ms)
[w6:mn:pro] Site Turnstile remint timed out (26447ms)
[w6:mn:pro] Site Turnstile remint timed out (26130ms)
[w6:mn:pro] Failed "necrq" attempt 1: No Turnstile token for direct search
[w6:mn:pro] Saved 39,541 worker words
[w6:mn:pro] Turnstile miss — soft reload before rotate
[w6:mn:pro] heartbeat words=39541 queue=273 rotation=26 idle=7s
[w6:mn:pro] Turnstile token present (len=816)
[w6:mn:pro] Site Turnstile token (7127ms)
[w6:mn:pro] Searching "necrq" | queue=272 | words=39541
[w6:mn:pro] [api] 200 mode=pro startsWith=necrq
[w6:mn:pro] [api] 200 mode=pro startsWith=necrq (418ms direct)
[w6:mn:pro] "necrq" → 0 records, 0 words
[w6:mn:pro] "necrq" branch complete
[w6:mn:pro] Saved 39,541 worker words
[w6:mn:pro] Searching "necrr" | queue=271 | words=39541
[w6:mn:pro] Pacing 16s before "necrr" (gap=16000ms)
[w6:mn:pro] Managed Turnstile token (len=816, 7306ms, remount)
[w6:mn:pro] [api] 200 mode=pro startsWith=necrr
[w6:mn:pro] [api] 200 mode=pro startsWith=necrr (674ms direct)
[w6:mn:pro] "necrr" → 0 records, 0 words
[w6:mn:pro] "necrr" branch complete
[w6:mn:pro] Saved 39,541 worker words
[w6:mn:pro] Searching "necrs" | queue=270 | words=39541
[w6:mn:pro] Pacing 14s before "necrs" (gap=16000ms)
[w6:mn:pro] Managed Turnstile token (len=816, 8159ms, reset)
[w6:mn:pro] [api] 200 mode=pro startsWith=necrs
[w6:mn:pro] [api] 200 mode=pro startsWith=necrs (637ms direct)
[w6:mn:pro] "necrs" → 0 records, 0 words
[w6:mn:pro] "necrs" branch complete
[w6:mn:pro] Saved 39,541 worker words; shared last.txt now 366,368
[w6:mn:pro] Searching "necrt" | queue=269 | words=39541
[w6:mn:pro] Pacing 6s before "necrt" (gap=16000ms)
[w6:mn:pro] Managed Turnstile token (len=816, 14046ms, reset)
[w6:mn:pro] [api] 200 mode=pro startsWith=necrt
[w6:mn:pro] [api] 200 mode=pro startsWith=necrt (604ms direct)
[w6:mn:pro] "necrt" → 0 records, 0 words
[w6:mn:pro] "necrt" branch complete
[w6:mn:pro] Saved 39,541 worker words
[w6:mn:pro] Searching "necru" | queue=268 | words=39541
[w6:mn:pro] Pacing 15s before "necru" (gap=16000ms)
[w6:mn:pro] heartbeat words=39541 queue=268 rotation=26 idle=1s
[w6:mn:pro] Managed Turnstile token (len=816, 8444ms, reset)
[w6:mn:pro] [api] 200 mode=pro startsWith=necru
[w6:mn:pro] [api] 200 mode=pro startsWith=necru (496ms direct)
[w6:mn:pro] "necru" → 0 records, 0 words
[w6:mn:pro] "necru" branch complete
[w6:mn:pro] Saved 39,541 worker words
[w6:mn:pro] Searching "necrv" | queue=267 | words=39541
[w6:mn:pro] Pacing 15s before "necrv" (gap=16000ms)
[w6:mn:pro] Managed Turnstile token (len=816, 14304ms, reset)
[w6:mn:pro] [api] 200 mode=pro startsWith=necrv
[w6:mn:pro] [api] 200 mode=pro startsWith=necrv (474ms direct)
[w6:mn:pro] "necrv" → 0 records, 0 words
[w6:mn:pro] "necrv" branch complete
[w6:mn:pro] Saved 39,541 worker words
[w6:mn:pro] Searching "necrw" | queue=266 | words=39541
[w6:mn:pro] Pacing 15s before "necrw" (gap=16000ms)
[w6:mn:pro] Managed Turnstile token (len=816, 14675ms, reset)
[w6:mn:pro] [api] 200 mode=pro startsWith=necrw
[w6:mn:pro] [api] 200 mode=pro startsWith=necrw (978ms direct)
[w6:mn:pro] "necrw" → 0 records, 0 words
[w6:mn:pro] "necrw" branch complete
[w6:mn:pro] Saved 39,541 worker words
[w6:mn:pro] Searching "necrx" | queue=265 | words=39541
[w6:mn:pro] Pacing 12s before "necrx" (gap=16000ms)
[w6:mn:pro] heartbeat words=39541 queue=265 rotation=26 idle=10s
[w6:mn:pro] Managed Turnstile token (len=816, 20707ms, reset)
[w6:mn:pro] [api] 200 mode=pro startsWith=necrx
[w6:mn:pro] [api] 200 mode=pro startsWith=necrx (461ms direct)
[w6:mn:pro] "necrx" → 0 records, 0 words
[w6:mn:pro] "necrx" branch complete
[w6:mn:pro] Saved 39,541 worker words
[w6:mn:pro] Searching "necry" | queue=264 | words=39541
[w6:mn:pro] Pacing 10s before "necry" (gap=16000ms)
[w6:mn:pro] Turnstile mint hard timeout after 28000ms
[w6:mn:pro] heartbeat words=39541 queue=264 rotation=26 idle=22s
[w6:mn:pro] Site Turnstile remint timed out (27573ms)
[w6:mn:pro] Site Turnstile remint timed out (27563ms)
[w6:mn:pro] heartbeat words=39541 queue=264 rotation=26 idle=26s
[w6:mn:pro] Site Turnstile remint timed out (26526ms)
[w6:mn:pro] Failed "necry" attempt 1: No Turnstile token for direct search
[w6:mn:pro] Saved 39,541 worker words
[w6:mn:pro] Turnstile miss — soft reload before rotate
[w6:mn:pro] Site Turnstile remint timed out (121226ms)
[w6:mn:pro] Turnstile mint hard timeout after 15000ms
[w6:mn:pro] Soft reload mint failed — rotating immediately
[w6:mn:pro] Tor exited code=0
[w6:mn:pro] Site Turnstile remint timed out (29172ms)
[w6:mn:pro] Starting Tor gen=28 socks=127.0.0.1:19056 (try 1)
[w6:mn:pro] tor: Aug 05 16:57:29.749 [notice] Opening Socks listener on 127.0.0.1:19056
Aug 05 16:57:29.749 [notice] Opened Socks listener connection (ready) on 127.0.0.1:19056

[w6:mn:pro] tor: Aug 05 16:57:30.000 [notice] Bootstrapped 0% (starting): Starting
[w6:mn:pro] tor: Aug 05 16:57:31.000 [notice] Bootstrapped 5% (conn): Connecting to a relay
[w6:mn:pro] tor: Aug 05 16:57:31.000 [notice] Bootstrapped 10% (conn_done): Connected to a relay
[w6:mn:pro] heartbeat words=39541 queue=265 rotation=27 idle=23s
[w6:mn:pro] tor: Aug 05 16:58:40.000 [notice] Bootstrapped 14% (handshake): Handshaking with a relay
[w6:mn:pro] tor: Aug 05 16:58:40.000 [notice] Bootstrapped 15% (handshake_done): Handshake with a relay done
Aug 05 16:58:40.000 [notice] Bootstrapped 20% (onehop_create): Estab
[w6:mn:pro] tor: Aug 05 16:58:40.000 [notice] Bootstrapped 25% (requesting_status): Asking for networkstatus consensus
[w6:mn:pro] tor: Aug 05 16:58:41.000 [notice] Bootstrapped 30% (loading_status): Loading networkstatus consensus
[w6:mn:pro] tor: Aug 05 16:58:43.000 [notice] Bootstrapped 40% (loading_keys): Loading authority key certs
[w6:mn:pro] tor: Aug 05 16:58:44.000 [notice] The current consensus has no exit nodes. Tor can only build internal paths, such as paths to onion services.
Aug 05 16:58:44.000 [n
[w6:mn:pro] tor: Aug 05 16:58:45.000 [notice] Bootstrapped 50% (loading_descriptors): Loading relay descriptors
[w6:mn:pro] heartbeat words=39541 queue=265 rotation=27 idle=9s
[w6:mn:pro] tor: Aug 05 16:58:56.000 [notice] Bootstrapped 55% (loading_descriptors): Loading relay descriptors
[w6:mn:pro] tor: Aug 05 16:58:59.000 [notice] Bootstrapped 61% (loading_descriptors): Loading relay descriptors
[w6:mn:pro] tor: Aug 05 16:59:00.000 [notice] Bootstrapped 67% (loading_descriptors): Loading relay descriptors
[w6:mn:pro] tor: Aug 05 16:59:01.000 [notice] Bootstrapped 75% (enough_dirinfo): Loaded enough directory info to build circuits
[w6:mn:pro] tor: Aug 05 16:59:02.000 [notice] Bootstrapped 90% (ap_handshake_done): Handshake finished with a relay to build circuits
Aug 05 16:59:02.000 [notice] Bootstrapped 9
[w6:mn:pro] tor: Aug 05 16:59:03.000 [notice] Bootstrapped 100% (done): Done
[w6:mn:pro] Tor ready on 19056 exit=185.220.101.173
[w6:mn:pro] Rotating IP (#27, try 1) after No Turnstile token for direct search → tor#28 socks5://127.0.0.1:19056
[w6:mn:pro] Launching persistent Chrome profile /tmp/lll-pw-w6-r27
[w6:mn:pro] Proxy tor#28 socks5://127.0.0.1:19056
[w6:mn:pro] Opening https://lastletterlibrary.com
[w6:mn:pro] Library mode=pro
[w6:mn:pro] Managed Turnstile token (len=816, 10117ms, remount)
[w6:mn:pro] Search mode=direct (skip UI Wait Ns… gate)
[w6:mn:pro] Cleaned 1 old rotated profile(s)
[w6:mn:pro] Browser exit IP=45.84.107.17 (unique)
[w6:mn:pro] Searching "necry" | queue=264 | words=39541
[w6:mn:pro] [api] 200 mode=pro startsWith=necry
[w6:mn:pro] [api] 200 mode=pro startsWith=necry (583ms direct)
[w6:mn:pro] "necry" → 0 records, 0 words
[w6:mn:pro] "necry" branch complete
[w6:mn:pro] Saved 39,541 worker words
[w6:mn:pro] Searching "necrz" | queue=263 | words=39541
[w6:mn:pro] Pacing 15s before "necrz" (gap=16000ms)
[w6:mn:pro] Managed Turnstile token (len=816, 9281ms, reset)
[w6:mn:pro] heartbeat words=39541 queue=263 rotation=27 idle=3s
[w6:mn:pro] [api] 200 mode=pro startsWith=necrz
[w6:mn:pro] [api] 200 mode=pro startsWith=necrz (579ms direct)
[w6:mn:pro] "necrz" → 0 records, 0 words
[w6:mn:pro] "necrz" branch complete
[w6:mn:pro] Turnstile mint hard timeout after 28000ms
[w6:mn:pro] Saved 39,541 worker words; shared last.txt now 366,837
[w6:mn:pro] Searching "nephr" | queue=262 | words=39541
[w6:mn:pro] Site Turnstile remint timed out (40177ms)
[w6:mn:pro] Managed Turnstile token (len=816, 13873ms, remount)
[w6:mn:pro] [api] 200 mode=pro startsWith=nephr
[w6:mn:pro] [api] 200 mode=pro startsWith=nephr (684ms direct)
[w6:mn:pro] "nephr" → 100 records, 100 words
[w6:mn:pro] Pacing 16s before "nephr" (gap=16000ms)
[w6:mn:pro] Managed Turnstile token (len=816, 7567ms, reset)
[w6:mn:pro] heartbeat words=39541 queue=262 rotation=27 idle=5s
[w6:mn:pro] [api] 200 mode=pro startsWith=nephr
[w6:mn:pro] [api] 200 mode=pro startsWith=nephr sort=alphabetical:desc (798ms direct)
[w6:mn:pro] "nephr" full page ends at "nephropsidae" (next='o'); skip 16 covered groups → 12 children reverse Z→A ends at "nephritis" (lo='i' hi='o'); skip 5 middle + 0 new words
[w6:mn:pro] Saved 39,541 worker words
[w6:mn:pro] Searching "nephs" | queue=273 | words=39541
[w6:mn:pro] Pacing 16s before "nephs" (gap=16000ms)
[w6:mn:pro] Managed Turnstile token (len=816, 5844ms, reset)
[w6:mn:pro] [api] 200 mode=pro startsWith=nephs
[w6:mn:pro] [api] 200 mode=pro startsWith=nephs (780ms direct)
[w6:mn:pro] "nephs" → 0 records, 0 words
[w6:mn:pro] "nephs" branch complete
[w6:mn:pro] Saved 39,541 worker words
[w6:mn:pro] Searching "nepht" | queue=272 | words=39541
[w6:mn:pro] Pacing 13s before "nepht" (gap=16000ms)
[w6:mn:pro] Managed Turnstile token (len=816, 10133ms, reset)
[w6:mn:pro] [api] 200 mode=pro startsWith=nepht
[w6:mn:pro] [api] 200 mode=pro startsWith=nepht (793ms direct)
[w6:mn:pro] "nepht" → 0 records, 0 words
[w6:mn:pro] "nepht" branch complete
[w6:mn:pro] Saved 39,541 worker words
[w6:mn:pro] Searching "nephu" | queue=271 | words=39541
[w6:mn:pro] Pacing 14s before "nephu" (gap=16000ms)
[w6:mn:pro] Managed Turnstile token (len=816, 13802ms, reset)
[w6:mn:pro] [api] 200 mode=pro startsWith=nephu
[w6:mn:pro] [api] 200 mode=pro startsWith=nephu (650ms direct)
[w6:mn:pro] "nephu" → 0 records, 0 words
[w6:mn:pro] "nephu" branch complete
[w6:mn:pro] Saved 39,541 worker words
[w6:mn:pro] Searching "nephv" | queue=270 | words=39541
[w6:mn:pro] Pacing 16s before "nephv" (gap=16000ms)
[w6:mn:pro] Managed Turnstile token (len=816, 6810ms, reset)
[w6:mn:pro] heartbeat words=39541 queue=270 rotation=27 idle=1s
[w6:mn:pro] [api] 200 mode=pro startsWith=nephv
[w6:mn:pro] [api] 200 mode=pro startsWith=nephv (594ms direct)
[w6:mn:pro] "nephv" → 0 records, 0 words
[w6:mn:pro] "nephv" branch complete
[w6:mn:pro] Saved 39,541 worker words
[w6:mn:pro] Searching "nephw" | queue=269 | words=39541
[w6:mn:pro] Pacing 12s before "nephw" (gap=16000ms)
[w6:mn:pro] Managed Turnstile token (len=816, 18973ms, reset)
[w6:mn:pro] [api] 200 mode=pro startsWith=nephw
[w6:mn:pro] [api] 200 mode=pro startsWith=nephw (1810ms direct)
[w6:mn:pro] "nephw" → 0 records, 0 words
[w6:mn:pro] "nephw" branch complete
[w6:mn:pro] Saved 39,541 worker words
[w6:mn:pro] Searching "nephx" | queue=268 | words=39541
[w6:mn:pro] Pacing 14s before "nephx" (gap=16000ms)
[w6:mn:pro] Managed Turnstile token (len=816, 17705ms, reset)
[w6:mn:pro] [api] 200 mode=pro startsWith=nephx
[w6:mn:pro] [api] 200 mode=pro startsWith=nephx (768ms direct)
[w6:mn:pro] "nephx" → 0 records, 0 words
[w6:mn:pro] "nephx" branch complete
[w6:mn:pro] Saved 39,541 worker words
[w6:mn:pro] Searching "nephy" | queue=267 | words=39541
[w6:mn:pro] Pacing 15s before "nephy" (gap=16000ms)
[w6:mn:pro] heartbeat words=39541 queue=267 rotation=27 idle=10s
[w6:mn:pro] Site Turnstile remint timed out (27005ms)
[w6:mn:pro] Turnstile mint hard timeout after 28000ms
[w6:mn:pro] Site Turnstile remint timed out (35751ms)
[w6:mn:pro] heartbeat words=39541 queue=267 rotation=27 idle=7s
[w6:mn:pro] Turnstile mint hard timeout after 28000ms
[w6:mn:pro] Site Turnstile remint timed out (37658ms)
[w6:mn:pro] Turnstile mint hard timeout after 28000ms
[w6:mn:pro] Site Turnstile remint timed out (31303ms)
[w6:mn:pro] Failed "nephy" attempt 1: No Turnstile token for direct search
[w6:mn:pro] Saved 39,541 worker words; shared last.txt now 367,688
[w6:mn:pro] Turnstile miss — soft reload before rotate
[w6:mn:pro] heartbeat words=39541 queue=268 rotation=27 idle=7s
[w6:mn:pro] Site Turnstile remint timed out (10526ms)
[w6:mn:pro] Soft reload mint failed — rotating immediately
[w6:mn:pro] Starting Tor gen=29 socks=127.0.0.1:19056 (try 1)
[w6:mn:pro] tor: Aug 05 17:05:04.885 [warn] Fixing permissions on directory /tmp/lll-tor-w6
[w6:mn:pro] Tor exited code=0
[w6:mn:pro] tor: Aug 05 17:05:06.000 [notice] Bootstrapped 0% (starting): Starting
[w6:mn:pro] tor: Aug 05 17:05:07.000 [notice] Bootstrapped 5% (conn): Connecting to a relay
[w6:mn:pro] tor: Aug 05 17:05:07.000 [notice] Bootstrapped 10% (conn_done): Connected to a relay
[w6:mn:pro] tor: Aug 05 17:05:08.000 [notice] Bootstrapped 14% (handshake): Handshaking with a relay
[w6:mn:pro] tor: Aug 05 17:05:08.000 [notice] Bootstrapped 15% (handshake_done): Handshake with a relay done
Aug 05 17:05:08.000 [notice] Bootstrapped 20% (onehop_create): Estab
[w6:mn:pro] tor: Aug 05 17:05:08.000 [notice] Bootstrapped 25% (requesting_status): Asking for networkstatus consensus
[w6:mn:pro] tor: Aug 05 17:05:08.000 [notice] Bootstrapped 30% (loading_status): Loading networkstatus consensus
[w6:mn:pro] tor: Aug 05 17:05:11.000 [notice] Bootstrapped 40% (loading_keys): Loading authority key certs
[w6:mn:pro] tor: Aug 05 17:05:12.000 [notice] Bootstrapped 45% (requesting_descriptors): Asking for relay descriptors
Aug 05 17:05:12.000 [notice] I learned some more directory 
[w6:mn:pro] tor: Aug 05 17:05:13.000 [notice] Bootstrapped 50% (loading_descriptors): Loading relay descriptors
[w6:mn:pro] tor: Aug 05 17:05:25.000 [notice] Bootstrapped 55% (loading_descriptors): Loading relay descriptors
[w6:mn:pro] tor: Aug 05 17:05:25.000 [notice] Bootstrapped 61% (loading_descriptors): Loading relay descriptors
[w6:mn:pro] tor: Aug 05 17:05:26.000 [notice] Bootstrapped 67% (loading_descriptors): Loading relay descriptors
[w6:mn:pro] tor: Aug 05 17:05:26.000 [notice] Bootstrapped 75% (enough_dirinfo): Loaded enough directory info to build circuits
[w6:mn:pro] tor: Aug 05 17:05:26.000 [notice] Bootstrapped 90% (ap_handshake_done): Handshake finished with a relay to build circuits
Aug 05 17:05:26.000 [notice] Bootstrapped 9
[w6:mn:pro] tor: Aug 05 17:05:27.000 [notice] Bootstrapped 100% (done): Done
[w6:mn:pro] Tor ready on 19056 exit=54.36.108.162
[w6:mn:pro] Rotating IP (#28, try 1) after No Turnstile token for direct search → tor#29 socks5://127.0.0.1:19056
[w6:mn:pro] Launching persistent Chrome profile /tmp/lll-pw-w6-r28
[w6:mn:pro] Proxy tor#29 socks5://127.0.0.1:19056
[w6:mn:pro] Opening https://lastletterlibrary.com
[w6:mn:pro] Library mode=pro
[w6:mn:pro] heartbeat words=39541 queue=268 rotation=28 idle=11s
[w6:mn:pro] Site Turnstile remint timed out (22979ms)
[w6:mn:pro] Search mode=direct (skip UI Wait Ns… gate)
[w6:mn:pro] Cleaned 1 old rotated profile(s)
[w6:mn:pro] Browser exit IP=192.42.116.110 (unique)
[w6:mn:pro] Searching "nephy" | queue=267 | words=39541
[w6:mn:pro] Site Turnstile remint timed out (22529ms)
[w6:mn:pro] Site Turnstile remint timed out (22981ms)
[w6:mn:pro] heartbeat words=39541 queue=267 rotation=28 idle=0s
[w6:mn:pro] Site Turnstile remint timed out (24369ms)
[w6:mn:pro] Site Turnstile remint timed out (23560ms)
[w6:mn:pro] Failed "nephy" attempt 1: No Turnstile token for direct search
[w6:mn:pro] Saved 39,541 worker words
[w6:mn:pro] Turnstile miss — soft reload before rotate
[w6:mn:pro] heartbeat words=39541 queue=268 rotation=28 idle=12s
[w6:mn:pro] Site Turnstile remint timed out (12697ms)
[w6:mn:pro] Soft reload mint failed — rotating immediately
[w6:mn:pro] Tor exited code=null
[w6:mn:pro] Starting Tor gen=30 socks=127.0.0.1:19056 (try 1)
[w6:mn:pro] tor: Aug 05 17:08:01.304 [warn] Fixing permissions on directory /tmp/lll-tor-w6
[w6:mn:pro] tor: Aug 05 17:08:03.000 [notice] Bootstrapped 0% (starting): Starting
Aug 05 17:08:03.000 [notice] Starting with guard context "default"
[w6:mn:pro] tor: Aug 05 17:08:04.000 [notice] Bootstrapped 5% (conn): Connecting to a relay
Aug 05 17:08:04.000 [notice] Bootstrapped 10% (conn_done): Connected to a relay
[w6:mn:pro] tor: Aug 05 17:08:04.000 [notice] Bootstrapped 14% (handshake): Handshaking with a relay
[w6:mn:pro] tor: Aug 05 17:08:05.000 [notice] Bootstrapped 15% (handshake_done): Handshake with a relay done
Aug 05 17:08:05.000 [notice] Bootstrapped 20% (onehop_create): Estab
[w6:mn:pro] tor: Aug 05 17:08:05.000 [notice] Bootstrapped 25% (requesting_status): Asking for networkstatus consensus
[w6:mn:pro] tor: Aug 05 17:08:05.000 [notice] Bootstrapped 30% (loading_status): Loading networkstatus consensus
[w6:mn:pro] tor: Aug 05 17:08:08.000 [notice] Bootstrapped 40% (loading_keys): Loading authority key certs
[w6:mn:pro] tor: Aug 05 17:08:10.000 [notice] Bootstrapped 45% (requesting_descriptors): Asking for relay descriptors
Aug 05 17:08:10.000 [notice] I learned some more directory 
[w6:mn:pro] tor: Aug 05 17:08:12.000 [notice] Bootstrapped 50% (loading_descriptors): Loading relay descriptors
[w6:mn:pro] tor: Aug 05 17:08:27.000 [notice] Bootstrapped 55% (loading_descriptors): Loading relay descriptors
[w6:mn:pro] tor: Aug 05 17:08:29.000 [notice] Bootstrapped 61% (loading_descriptors): Loading relay descriptors
[w6:mn:pro] tor: Aug 05 17:08:30.000 [notice] Bootstrapped 66% (loading_descriptors): Loading relay descriptors
[w6:mn:pro] tor: Aug 05 17:08:35.000 [notice] Bootstrapped 75% (enough_dirinfo): Loaded enough directory info to build circuits
[w6:mn:pro] tor: Aug 05 17:08:36.000 [notice] Bootstrapped 90% (ap_handshake_done): Handshake finished with a relay to build circuits
Aug 05 17:08:36.000 [notice] Bootstrapped 9
[w6:mn:pro] tor: Aug 05 17:08:38.000 [notice] Bootstrapped 100% (done): Done
[w6:mn:pro] Tor ready on 19056 exit=192.42.116.20
[w6:mn:pro] Rotating IP (#29, try 1) after No Turnstile token for direct search → tor#30 socks5://127.0.0.1:19056
[w6:mn:pro] Launching persistent Chrome profile /tmp/lll-pw-w6-r29
[w6:mn:pro] Proxy tor#30 socks5://127.0.0.1:19056
[w6:mn:pro] Opening https://lastletterlibrary.com
[w6:mn:pro] heartbeat words=39541 queue=268 rotation=29 idle=9s
[w6:mn:pro] Library mode=pro
[w6:mn:pro] Site Turnstile remint timed out (23243ms)
[w6:mn:pro] Search mode=direct (skip UI Wait Ns… gate)
[w6:mn:pro] Cleaned 1 old rotated profile(s)
[w6:mn:pro] Browser exit IP=185.220.101.142 (unique)
[w6:mn:pro] Searching "nephy" | queue=267 | words=39541
[w6:mn:pro] Turnstile token present (len=816)
[w6:mn:pro] Site Turnstile token (22671ms)
[w6:mn:pro] [api] 200 mode=pro startsWith=nephy
[w6:mn:pro] [api] 200 mode=pro startsWith=nephy (520ms direct)
[w6:mn:pro] "nephy" → 0 records, 0 words
[w6:mn:pro] "nephy" branch complete
[w6:mn:pro] Saved 39,541 worker words
[w6:mn:pro] Searching "nephz" | queue=266 | words=39541
[w6:mn:pro] Pacing 15s before "nephz" (gap=16000ms)
[w6:mn:pro] heartbeat words=39541 queue=266 rotation=29 idle=11s
[w6:mn:pro] Site Turnstile remint timed out (23142ms)
[w6:mn:pro] Site Turnstile remint timed out (23496ms)
[w6:mn:pro] Site Turnstile remint timed out (22416ms)
[w6:mn:pro] heartbeat words=39541 queue=266 rotation=29 idle=2s
[w6:mn:pro] Site Turnstile remint timed out (23934ms)
[w6:mn:pro] Site Turnstile remint timed out (23301ms)
[w6:mn:pro] Failed "nephz" attempt 1: No Turnstile token for direct search
[w6:mn:pro] Saved 39,541 worker words
[w6:mn:pro] Turnstile miss — soft reload before rotate
[w6:mn:pro] Site Turnstile remint timed out (10551ms)
[w6:mn:pro] Soft reload mint failed — rotating immediately
[w6:mn:pro] Tor exited code=0
[w6:mn:pro] Starting Tor gen=31 socks=127.0.0.1:19056 (try 1)
[w6:mn:pro] tor: Aug 05 17:11:53.734 [notice] Opening Socks listener on 127.0.0.1:19056
Aug 05 17:11:53.734 [notice] Opened Socks listener connection (ready) on 127.0.0.1:19056

[w6:mn:pro] tor: Aug 05 17:11:54.000 [notice] Bootstrapped 0% (starting): Starting
[w6:mn:pro] heartbeat words=39541 queue=267 rotation=30 idle=1s
[w6:mn:pro] tor: Aug 05 17:11:55.000 [notice] Bootstrapped 5% (conn): Connecting to a relay
[w6:mn:pro] tor: Aug 05 17:11:55.000 [notice] Bootstrapped 10% (conn_done): Connected to a relay
[w6:mn:pro] tor: Aug 05 17:11:55.000 [notice] Bootstrapped 14% (handshake): Handshaking with a relay
[w6:mn:pro] tor: Aug 05 17:11:56.000 [notice] Bootstrapped 15% (handshake_done): Handshake with a relay done
Aug 05 17:11:56.000 [notice] Bootstrapped 20% (onehop_create): Estab
[w6:mn:pro] tor: Aug 05 17:11:56.000 [notice] Bootstrapped 25% (requesting_status): Asking for networkstatus consensus
[w6:mn:pro] tor: Aug 05 17:11:56.000 [notice] Bootstrapped 30% (loading_status): Loading networkstatus consensus
[w6:mn:pro] tor: Aug 05 17:11:58.000 [notice] Bootstrapped 40% (loading_keys): Loading authority key certs
[w6:mn:pro] tor: Aug 05 17:11:59.000 [notice] Bootstrapped 45% (requesting_descriptors): Asking for relay descriptors
Aug 05 17:11:59.000 [notice] I learned some more directory 
[w6:mn:pro] tor: Aug 05 17:12:00.000 [notice] Bootstrapped 50% (loading_descriptors): Loading relay descriptors
[w6:mn:pro] tor: Aug 05 17:12:07.000 [notice] Bootstrapped 55% (loading_descriptors): Loading relay descriptors
[w6:mn:pro] tor: Aug 05 17:12:08.000 [notice] Bootstrapped 61% (loading_descriptors): Loading relay descriptors
[w6:mn:pro] tor: Aug 05 17:12:08.000 [notice] Bootstrapped 67% (loading_descriptors): Loading relay descriptors
[w6:mn:pro] tor: Aug 05 17:12:08.000 [notice] Bootstrapped 75% (enough_dirinfo): Loaded enough directory info to build circuits
[w6:mn:pro] tor: Aug 05 17:12:08.000 [notice] Bootstrapped 90% (ap_handshake_done): Handshake finished with a relay to build circuits
Aug 05 17:12:08.000 [notice] Bootstrapped 9
[w6:mn:pro] tor: Aug 05 17:12:09.000 [notice] Bootstrapped 100% (done): Done
[w6:mn:pro] Tor ready on 19056 exit=45.66.35.28
[w6:mn:pro] Rotating IP (#30, try 1) after No Turnstile token for direct search → tor#31 socks5://127.0.0.1:19056
[w6:mn:pro] Launching persistent Chrome profile /tmp/lll-pw-w6-r30
[w6:mn:pro] Proxy tor#31 socks5://127.0.0.1:19056
[w6:mn:pro] Opening https://lastletterlibrary.com
[w6:mn:pro] Library mode=pro
[w6:mn:pro] Managed Turnstile token (len=816, 10964ms, remount)
[w6:mn:pro] Search mode=direct (skip UI Wait Ns… gate)
[w6:mn:pro] Cleaned 1 old rotated profile(s)
[w6:mn:pro] Browser exit IP=192.42.116.115 (unique)
[w6:mn:pro] Searching "nephz" | queue=266 | words=39541
[w6:mn:pro] [api] 200 mode=pro startsWith=nephz
[w6:mn:pro] [api] 200 mode=pro startsWith=nephz (598ms direct)
[w6:mn:pro] "nephz" → 0 records, 0 words
[w6:mn:pro] "nephz" branch complete
[w6:mn:pro] Saved 39,541 worker words
[w6:mn:pro] Searching "neuro" | queue=265 | words=39541
[w6:mn:pro] Pacing 14s before "neuro" (gap=16000ms)
[w6:mn:pro] heartbeat words=39541 queue=265 rotation=30 idle=20s
[w6:mn:pro] Site Turnstile remint timed out (24153ms)
[w6:mn:pro] Managed Turnstile token (len=816, 14798ms, remount)
[w6:mn:pro] [api] 200 mode=pro startsWith=neuro
[w6:mn:pro] [api] 200 mode=pro startsWith=neuro (548ms direct)
[w6:mn:pro] "neuro" → 100 records, 100 words
[w6:mn:pro] Pacing 14s before "neuro" (gap=16000ms)
[w6:mn:pro] Managed Turnstile token (len=816, 14852ms, reset)
[w6:mn:pro] [api] 200 mode=pro startsWith=neuro
[w6:mn:pro] [api] 200 mode=pro startsWith=neuro sort=alphabetical:desc (537ms direct)
[w6:mn:pro] "neuro" full page ends at "neurodynamics" (next='d'); skip 10 covered groups → 18 children reverse Z→A ends at "neuropteroid" (lo='p' hi='v'); skip 5 middle + 11 new words
[w6:mn:pro] Saved 39,639 worker words
[w6:mn:pro] Searching "neury" | queue=282 | words=39639
[w6:mn:pro] Pacing 3s before "neury" (gap=16000ms)
[w6:mn:pro] Managed Turnstile token (len=816, 19882ms, reset)
[w6:mn:pro] [api] 200 mode=pro startsWith=neury
[w6:mn:pro] [api] 200 mode=pro startsWith=neury (605ms direct)
[w6:mn:pro] "neury" → 4 records, 4 words
[w6:mn:pro] "neury" branch complete
[w6:mn:pro] Saved 39,639 worker words
[w6:mn:pro] Searching "neurz" | queue=281 | words=39639
[w6:mn:pro] Pacing 14s before "neurz" (gap=16000ms)
[w6:mn:pro] heartbeat words=39639 queue=281 rotation=30 idle=1s
[w6:mn:pro] Turnstile token present (len=816)
[w6:mn:pro] Site Turnstile token (24971ms)
[w6:mn:pro] [api] 200 mode=pro startsWith=neurz
[w6:mn:pro] [api] 200 mode=pro startsWith=neurz (494ms direct)
[w6:mn:pro] "neurz" → 0 records, 0 words
[w6:mn:pro] "neurz" branch complete
[w6:mn:pro] Saved 39,639 worker words
[w6:mn:pro] Searching "newsz" | queue=280 | words=39639
[w6:mn:pro] Pacing 16s before "newsz" (gap=16000ms)
[w6:mn:pro] Managed Turnstile token (len=816, 7671ms, remount)
[w6:mn:pro] [api] 200 mode=pro startsWith=newsz
[w6:mn:pro] [api] 200 mode=pro startsWith=newsz (482ms direct)
[w6:mn:pro] "newsz" → 2 records, 2 words
[w6:mn:pro] "newsz" branch complete
[w6:mn:pro] Saved 39,639 worker words; shared last.txt now 369,425
[w6:mn:pro] Searching "night" | queue=279 | words=39639
[w6:mn:pro] Pacing 16s before "night" (gap=16000ms)
[w6:mn:pro] Managed Turnstile token (len=816, 5159ms, reset)
[w6:mn:pro] [api] 200 mode=pro startsWith=night
[w6:mn:pro] [api] 200 mode=pro startsWith=night (496ms direct)
[w6:mn:pro] "night" → 100 records, 100 words (incl. exact "night")
[w6:mn:pro] Pacing 16s before "night" (gap=16000ms)
[w6:mn:pro] heartbeat words=39639 queue=279 rotation=30 idle=4s
[w6:mn:pro] Managed Turnstile token (len=816, 8594ms, reset)
[w6:mn:pro] [api] 200 mode=pro startsWith=night
[w6:mn:pro] [api] 200 mode=pro startsWith=night sort=alphabetical:desc (474ms direct)
[w6:mn:pro] "night" full page ends at "nightstick" (next='s'); skip 26 covered groups → 2 children reverse Z→A ends at "nightcores" (lo='c' hi='y'); skip 21 middle + 0 new words
[w6:mn:pro] Saved 39,639 worker words
[w6:mn:pro] Searching "nighu" | queue=280 | words=39639
[w6:mn:pro] Pacing 16s before "nighu" (gap=16000ms)
[w6:mn:pro] Managed Turnstile token (len=816, 5934ms, reset)
[w6:mn:pro] [api] 200 mode=pro startsWith=nighu
[w6:mn:pro] [api] 200 mode=pro startsWith=nighu (478ms direct)
[w6:mn:pro] "nighu" → 0 records, 0 words
[w6:mn:pro] "nighu" branch complete
[w6:mn:pro] Saved 39,639 worker words
[w6:mn:pro] Searching "nighv" | queue=279 | words=39639
[w6:mn:pro] Pacing 16s before "nighv" (gap=16000ms)
[w6:mn:pro] Managed Turnstile token (len=816, 16573ms, reset)
[w6:mn:pro] [api] 200 mode=pro startsWith=nighv
[w6:mn:pro] [api] 200 mode=pro startsWith=nighv (482ms direct)
[w6:mn:pro] "nighv" → 0 records, 0 words
[w6:mn:pro] "nighv" branch complete
[w6:mn:pro] Saved 39,639 worker words
[w6:mn:pro] Searching "nighw" | queue=278 | words=39639
[w6:mn:pro] Pacing 16s before "nighw" (gap=16000ms)
[w6:mn:pro] Managed Turnstile token (len=816, 8746ms, reset)
[w6:mn:pro] heartbeat words=39639 queue=278 rotation=30 idle=6s
[w6:mn:pro] [api] 200 mode=pro startsWith=nighw
[w6:mn:pro] [api] 200 mode=pro startsWith=nighw (440ms direct)
[w6:mn:pro] "nighw" → 0 records, 0 words
[w6:mn:pro] "nighw" branch complete
[w6:mn:pro] Saved 39,639 worker words
[w6:mn:pro] Searching "nighx" | queue=277 | words=39639
[w6:mn:pro] Pacing 16s before "nighx" (gap=16000ms)
[w6:mn:pro] Managed Turnstile token (len=816, 4166ms, reset)
[w6:mn:pro] [api] 200 mode=pro startsWith=nighx
[w6:mn:pro] [api] 200 mode=pro startsWith=nighx (444ms direct)
[w6:mn:pro] "nighx" → 0 records, 0 words
[w6:mn:pro] "nighx" branch complete
[w6:mn:pro] Saved 39,639 worker words
[w6:mn:pro] Searching "nighy" | queue=276 | words=39639
[w6:mn:pro] Pacing 16s before "nighy" (gap=16000ms)
[w6:mn:pro] Managed Turnstile token (len=816, 4614ms, reset)
[w6:mn:pro] [api] 200 mode=pro startsWith=nighy
[w6:mn:pro] [api] 200 mode=pro startsWith=nighy (473ms direct)
[w6:mn:pro] "nighy" → 0 records, 0 words
[w6:mn:pro] "nighy" branch complete
[w6:mn:pro] Saved 39,639 worker words
[w6:mn:pro] Searching "nighz" | queue=275 | words=39639
[w6:mn:pro] Pacing 16s before "nighz" (gap=16000ms)
[w6:mn:pro] Turnstile token present (len=816)
[w6:mn:pro] Site Turnstile token (20343ms)
[w6:mn:pro] [api] 200 mode=pro startsWith=nighz
[w6:mn:pro] [api] 200 mode=pro startsWith=nighz (516ms direct)
[w6:mn:pro] "nighz" → 0 records, 0 words
[w6:mn:pro] "nighz" branch complete
[w6:mn:pro] Saved 39,639 worker words
[w6:mn:pro] Searching "nitro" | queue=274 | words=39639
[w6:mn:pro] Pacing 16s before "nitro" (gap=16000ms)
[w6:mn:pro] heartbeat words=39639 queue=274 rotation=30 idle=6s
[w6:mn:pro] Managed Turnstile token (len=816, 6811ms, remount)
[w6:mn:pro] [api] 200 mode=pro startsWith=nitro
[w6:mn:pro] [api] 200 mode=pro startsWith=nitro (438ms direct)
[w6:mn:pro] "nitro" → 100 records, 100 words (incl. exact "nitro")
[w6:mn:pro] Pacing 16s before "nitro" (gap=16000ms)
[w6:mn:pro] Managed Turnstile token (len=816, 4294ms, reset)
[w6:mn:pro] [api] 200 mode=pro startsWith=nitro
[w6:mn:pro] [api] 200 mode=pro startsWith=nitro sort=alphabetical:desc (455ms direct)
[w6:mn:pro] "nitro" full page ends at "nitroso" (next='s'); skip 25 covered groups → 3 children reverse Z→A ends at "nitrogelatines" (lo='g' hi='x'); skip 16 middle + 0 new words
[w6:mn:pro] Saved 39,639 worker words; shared last.txt now 369,568
[w6:mn:pro] Searching "nitry" | queue=276 | words=39639
[w6:mn:pro] Pacing 16s before "nitry" (gap=16000ms)
[w6:mn:pro] Managed Turnstile token (len=816, 4520ms, reset)
[w6:mn:pro] [api] 200 mode=pro startsWith=nitry
[w6:mn:pro] [api] 200 mode=pro startsWith=nitry (476ms direct)
[w6:mn:pro] "nitry" → 3 records, 3 words (incl. exact "nitry")
[w6:mn:pro] "nitry" branch complete
[w6:mn:pro] Saved 39,639 worker words
[w6:mn:pro] Searching "nitrz" | queue=275 | words=39639
[w6:mn:pro] Pacing 15s before "nitrz" (gap=16000ms)
[w6:mn:pro] Managed Turnstile token (len=816, 9413ms, reset)
[w6:mn:pro] [api] 200 mode=pro startsWith=nitrz
[w6:mn:pro] [api] 200 mode=pro startsWith=nitrz (437ms direct)
[w6:mn:pro] "nitrz" → 0 records, 0 words
[w6:mn:pro] "nitrz" branch complete
[w6:mn:pro] Saved 39,639 worker words
[w6:mn:pro] Searching "non-e" | queue=274 | words=39639
[w6:mn:pro] Pacing 16s before "non-e" (gap=16000ms)
[w6:mn:pro] heartbeat words=39639 queue=274 rotation=30 idle=2s
[w6:mn:pro] Site Turnstile remint timed out (22250ms)
[w6:mn:pro] Managed Turnstile token (len=816, 4036ms, remount)
[w6:mn:pro] [api] 200 mode=pro startsWith=non-e
[w6:mn:pro] [api] 200 mode=pro startsWith=non-e (461ms direct)
[w6:mn:pro] "non-e" → 13 records, 13 words
[w6:mn:pro] "non-e" branch complete
[w6:mn:pro] Saved 39,647 worker words
[w6:mn:pro] Searching "non-f" | queue=273 | words=39647
[w6:mn:pro] Pacing 16s before "non-f" (gap=16000ms)
[w6:mn:pro] Managed Turnstile token (len=816, 4969ms, reset)
[w6:mn:pro] [api] 200 mode=pro startsWith=non-f
[w6:mn:pro] [api] 200 mode=pro startsWith=non-f (465ms direct)
[w6:mn:pro] "non-f" → 8 records, 8 words
[w6:mn:pro] "non-f" branch complete
[w6:mn:pro] Saved 39,655 worker words
[w6:mn:pro] Searching "non-g" | queue=272 | words=39655
[w6:mn:pro] Pacing 16s before "non-g" (gap=16000ms)
[w6:mn:pro] Managed Turnstile token (len=816, 6916ms, reset)
[w6:mn:pro] [api] 200 mode=pro startsWith=non-g
[w6:mn:pro] [api] 200 mode=pro startsWith=non-g (462ms direct)
[w6:mn:pro] "non-g" → 5 records, 5 words
[w6:mn:pro] "non-g" branch complete
[w6:mn:pro] Saved 39,660 worker words
[w6:mn:pro] Searching "non-h" | queue=271 | words=39660
[w6:mn:pro] Pacing 16s before "non-h" (gap=16000ms)
[w6:mn:pro] heartbeat words=39660 queue=271 rotation=30 idle=3s
[w6:mn:pro] Managed Turnstile token (len=816, 4564ms, reset)
[w6:mn:pro] [api] 200 mode=pro startsWith=non-h
[w6:mn:pro] [api] 200 mode=pro startsWith=non-h (451ms direct)
[w6:mn:pro] "non-h" → 5 records, 5 words
[w6:mn:pro] "non-h" branch complete
[w6:mn:pro] Saved 39,665 worker words
[w6:mn:pro] Searching "non-i" | queue=270 | words=39665
[w6:mn:pro] Pacing 16s before "non-i" (gap=16000ms)
[w6:mn:pro] Managed Turnstile token (len=816, 6105ms, reset)
[w6:mn:pro] [api] 200 mode=pro startsWith=non-i
[w6:mn:pro] [api] 200 mode=pro startsWith=non-i (515ms direct)
[w6:mn:pro] "non-i" → 20 records, 20 words
[w6:mn:pro] "non-i" branch complete
[w6:mn:pro] Saved 39,685 worker words
[w6:mn:pro] Searching "non-j" | queue=269 | words=39685
[w6:mn:pro] Pacing 16s before "non-j" (gap=16000ms)
[w6:mn:pro] Managed Turnstile token (len=816, 5312ms, reset)
[w6:mn:pro] [api] 200 mode=pro startsWith=non-j
[w6:mn:pro] [api] 200 mode=pro startsWith=non-j (451ms direct)
[w6:mn:pro] "non-j" → 1 records, 1 words
[w6:mn:pro] "non-j" branch complete
[w6:mn:pro] Saved 39,686 worker words; shared last.txt now 369,835
[w6:mn:pro] Searching "non-k" | queue=268 | words=39686
[w6:mn:pro] Pacing 15s before "non-k" (gap=16000ms)
[w6:mn:pro] heartbeat words=39686 queue=268 rotation=30 idle=14s
[w6:mn:pro] Managed Turnstile token (len=816, 16367ms, reset)
[w6:mn:pro] [api] 200 mode=pro startsWith=non-k
[w6:mn:pro] [api] 200 mode=pro startsWith=non-k (470ms direct)
[w6:mn:pro] "non-k" → 1 records, 1 words
[w6:mn:pro] "non-k" branch complete
[w6:mn:pro] Saved 39,687 worker words
[w6:mn:pro] Searching "non-l" | queue=267 | words=39687
[w6:mn:pro] Pacing 16s before "non-l" (gap=16000ms)
[w6:mn:pro] Managed Turnstile token (len=816, 9184ms, reset)
[w6:mn:pro] [api] 200 mode=pro startsWith=non-l
[w6:mn:pro] [api] 200 mode=pro startsWith=non-l (461ms direct)
[w6:mn:pro] "non-l" → 9 records, 9 words
[w6:mn:pro] "non-l" branch complete
[w6:mn:pro] Saved 39,696 worker words
[w6:mn:pro] Searching "non-m" | queue=266 | words=39696
[w6:mn:pro] Pacing 16s before "non-m" (gap=16000ms)
[w6:mn:pro] Managed Turnstile token (len=816, 4415ms, remount)
[w6:mn:pro] [api] 200 mode=pro startsWith=non-m
[w6:mn:pro] [api] 200 mode=pro startsWith=non-m (451ms direct)
[w6:mn:pro] "non-m" → 20 records, 20 words
[w6:mn:pro] "non-m" branch complete
[w6:mn:pro] Saved 39,716 worker words
[w6:mn:pro] Searching "non-n" | queue=265 | words=39716
[w6:mn:pro] Pacing 15s before "non-n" (gap=16000ms)
[w6:mn:pro] Managed Turnstile token (len=816, 13560ms, reset)
[w6:mn:pro] [api] 200 mode=pro startsWith=non-n
[w6:mn:pro] [api] 200 mode=pro startsWith=non-n (487ms direct)
[w6:mn:pro] "non-n" → 7 records, 7 words
[w6:mn:pro] "non-n" branch complete
[w6:mn:pro] Saved 39,723 worker words
[w6:mn:pro] Searching "non-o" | queue=264 | words=39723
[w6:mn:pro] Pacing 15s before "non-o" (gap=16000ms)
[w6:mn:pro] heartbeat words=39723 queue=264 rotation=30 idle=9s
[w6:mn:pro] Site Turnstile remint timed out (24839ms)
[w6:mn:pro] Managed Turnstile token (len=816, 10863ms, remount)
[w6:mn:pro] [api] 200 mode=pro startsWith=non-o
[w6:mn:pro] [api] 200 mode=pro startsWith=non-o (566ms direct)
[w6:mn:pro] "non-o" → 7 records, 7 words
[w6:mn:pro] "non-o" branch complete
[w6:mn:pro] Saved 39,727 worker words
[w6:mn:pro] Searching "non-w" | queue=263 | words=39727
[w6:mn:pro] Pacing 15s before "non-w" (gap=16000ms)
[w6:mn:pro] Managed Turnstile token (len=816, 6084ms, reset)
[w6:mn:pro] [api] 200 mode=pro startsWith=non-w
[w6:mn:pro] [api] 200 mode=pro startsWith=non-w (458ms direct)
[w6:mn:pro] "non-w" → 2 records, 2 words
[w6:mn:pro] "non-w" branch complete
[w6:mn:pro] Saved 39,727 worker words
[w6:mn:pro] Searching "non-x" | queue=262 | words=39727
[w6:mn:pro] Pacing 16s before "non-x" (gap=16000ms)
[w6:mn:pro] Managed Turnstile token (len=816, 4503ms, reset)
[w6:mn:pro] [api] 200 mode=pro startsWith=non-x
[w6:mn:pro] [api] 200 mode=pro startsWith=non-x (451ms direct)
[w6:mn:pro] "non-x" → 0 records, 0 words
[w6:mn:pro] "non-x" branch complete
[w6:mn:pro] Saved 39,727 worker words
[w6:mn:pro] Searching "non-y" | queue=261 | words=39727
[w6:mn:pro] Pacing 16s before "non-y" (gap=16000ms)
[w6:mn:pro] heartbeat words=39727 queue=261 rotation=30 idle=2s
[w6:mn:pro] Managed Turnstile token (len=816, 4402ms, reset)
[w6:mn:pro] [api] 200 mode=pro startsWith=non-y
[w6:mn:pro] [api] 200 mode=pro startsWith=non-y (465ms direct)
[w6:mn:pro] "non-y" → 0 records, 0 words
[w6:mn:pro] "non-y" branch complete
[w6:mn:pro] Saved 39,727 worker words; shared last.txt now 370,062
[w6:mn:pro] Searching "non-z" | queue=260 | words=39727
[w6:mn:pro] Pacing 15s before "non-z" (gap=16000ms)
[w6:mn:pro] Managed Turnstile token (len=816, 8262ms, reset)
[w6:mn:pro] [api] 200 mode=pro startsWith=non-z
[w6:mn:pro] [api] 200 mode=pro startsWith=non-z (595ms direct)
[w6:mn:pro] "non-z" → 0 records, 0 words
[w6:mn:pro] "non-z" branch complete
[w6:mn:pro] Saved 39,727 worker words
[w6:mn:pro] Searching "nonac" | queue=259 | words=39727
[w6:mn:pro] Pacing 15s before "nonac" (gap=16000ms)
[w6:mn:pro] Managed Turnstile token (len=816, 6837ms, reset)
[w6:mn:pro] [api] 200 mode=pro startsWith=nonac
[w6:mn:pro] [api] 200 mode=pro startsWith=nonac (453ms direct)
[w6:mn:pro] "nonac" → 100 records, 100 words
[w6:mn:pro] Pacing 16s before "nonac" (gap=16000ms)
[w6:mn:pro] Managed Turnstile token (len=816, 5548ms, reset)
[w6:mn:pro] heartbeat words=39781 queue=259 rotation=30 idle=8s
[w6:mn:pro] [api] 200 mode=pro startsWith=nonac
[w6:mn:pro] [api] 200 mode=pro startsWith=nonac sort=alphabetical:desc (446ms direct)
[w6:mn:pro] "nonac" full page ends at "nonacutely" (next='u'); skip 22 covered groups → 6 children reverse Z→A ends at "nonacademical" (lo='a' hi='u'); skip 19 middle + 1 new words
[w6:mn:pro] Saved 39,782 worker words
[w6:mn:pro] Searching "nonad" | queue=264 | words=39782
[w6:mn:pro] Pacing 16s before "nonad" (gap=16000ms)
[w6:mn:pro] Managed Turnstile token (len=816, 6517ms, reset)
[w6:mn:pro] [api] 200 mode=pro startsWith=nonad
[w6:mn:pro] [api] 200 mode=pro startsWith=nonad (471ms direct)
[w6:mn:pro] "nonad" → 96 records, 96 words
[w6:mn:pro] "nonad" branch complete
[w6:mn:pro] Saved 39,878 worker words
[w6:mn:pro] Searching "nonae" | queue=263 | words=39878
[w6:mn:pro] Pacing 16s before "nonae" (gap=16000ms)
[w6:mn:pro] Managed Turnstile token (len=816, 7963ms, remount)
[w6:mn:pro] [api] 200 mode=pro startsWith=nonae
[w6:mn:pro] [api] 200 mode=pro startsWith=nonae (691ms direct)
[w6:mn:pro] "nonae" → 6 records, 6 words
[w6:mn:pro] "nonae" branch complete
[w6:mn:pro] Saved 39,884 worker words
[w6:mn:pro] Searching "nonaf" | queue=262 | words=39884
[w6:mn:pro] Pacing 15s before "nonaf" (gap=16000ms)
[w6:mn:pro] Managed Turnstile token (len=816, 10049ms, reset)
[w6:mn:pro] [api] 200 mode=pro startsWith=nonaf
[w6:mn:pro] [api] 200 mode=pro startsWith=nonaf (476ms direct)
[w6:mn:pro] "nonaf" → 15 records, 15 words
[w6:mn:pro] "nonaf" branch complete
[w6:mn:pro] Saved 39,899 worker words
[w6:mn:pro] Searching "nonag" | queue=261 | words=39899
[w6:mn:pro] Pacing 16s before "nonag" (gap=16000ms)
[w6:mn:pro] heartbeat words=39899 queue=261 rotation=30 idle=9s
[w6:mn:pro] Managed Turnstile token (len=816, 12318ms, reset)
[w6:mn:pro] [api] 200 mode=pro startsWith=nonag
[w6:mn:pro] [api] 200 mode=pro startsWith=nonag (492ms direct)
[w6:mn:pro] "nonag" → 26 records, 26 words
[w6:mn:pro] "nonag" branch complete
[w6:mn:pro] Saved 39,925 worker words
[w6:mn:pro] Searching "nonah" | queue=260 | words=39925
[w6:mn:pro] Pacing 16s before "nonah" (gap=16000ms)
[w6:mn:pro] Managed Turnstile token (len=816, 9290ms, reset)
[w6:mn:pro] [api] 200 mode=pro startsWith=nonah
[w6:mn:pro] [api] 200 mode=pro startsWith=nonah (480ms direct)
[w6:mn:pro] "nonah" → 1 records, 1 words
[w6:mn:pro] "nonah" branch complete
[w6:mn:pro] Saved 39,926 worker words
[w6:mn:pro] Searching "nonai" | queue=259 | words=39926
[w6:mn:pro] Pacing 16s before "nonai" (gap=16000ms)
[w6:mn:pro] Managed Turnstile token (len=816, 10202ms, reset)
[w6:mn:pro] [api] 200 mode=pro startsWith=nonai
[w6:mn:pro] [api] 200 mode=pro startsWith=nonai (442ms direct)
[w6:mn:pro] "nonai" → 2 records, 2 words
[w6:mn:pro] "nonai" branch complete
[w6:mn:pro] Saved 39,928 worker words; shared last.txt now 370,263
[w6:mn:pro] Searching "nonaj" | queue=258 | words=39928
[w6:mn:pro] Pacing 16s before "nonaj" (gap=16000ms)
[w6:mn:pro] Managed Turnstile token (len=816, 8038ms, reset)
[w6:mn:pro] [api] 200 mode=pro startsWith=nonaj
[w6:mn:pro] [api] 200 mode=pro startsWith=nonaj (478ms direct)
[w6:mn:pro] "nonaj" → 0 records, 0 words
[w6:mn:pro] "nonaj" branch complete
[w6:mn:pro] Saved 39,928 worker words
[w6:mn:pro] Searching "nonak" | queue=257 | words=39928
[w6:mn:pro] Pacing 16s before "nonak" (gap=16000ms)
[w6:mn:pro] heartbeat words=39928 queue=257 rotation=30 idle=5s
[w6:mn:pro] Managed Turnstile token (len=816, 5403ms, reset)
[w6:mn:pro] [api] 200 mode=pro startsWith=nonak
[w6:mn:pro] [api] 200 mode=pro startsWith=nonak (619ms direct)
[w6:mn:pro] "nonak" → 0 records, 0 words
[w6:mn:pro] "nonak" branch complete
[w6:mn:pro] Saved 39,928 worker words
[w6:mn:pro] Searching "nonal" | queue=256 | words=39928
[w6:mn:pro] Pacing 16s before "nonal" (gap=16000ms)
[w6:mn:pro] Managed Turnstile token (len=816, 11047ms, reset)
[w6:mn:pro] [api] 200 mode=pro startsWith=nonal
[w6:mn:pro] [api] 200 mode=pro startsWith=nonal (496ms direct)
[w6:mn:pro] "nonal" → 41 records, 41 words
[w6:mn:pro] "nonal" branch complete
[w6:mn:pro] Saved 39,969 worker words
[w6:mn:pro] Searching "nonam" | queue=255 | words=39969
[w6:mn:pro] Pacing 16s before "nonam" (gap=16000ms)
[w6:mn:pro] Managed Turnstile token (len=816, 7327ms, remount)
[w6:mn:pro] [api] 200 mode=pro startsWith=nonam
[w6:mn:pro] [api] 200 mode=pro startsWith=nonam (450ms direct)
[w6:mn:pro] "nonam" → 27 records, 27 words
[w6:mn:pro] "nonam" branch complete
[w6:mn:pro] Saved 39,996 worker words
[w6:mn:pro] Searching "nonan" | queue=254 | words=39996
[w6:mn:pro] Pacing 16s before "nonan" (gap=16000ms)
[w6:mn:pro] Managed Turnstile token (len=816, 12264ms, reset)
[w6:mn:pro] [api] 200 mode=pro startsWith=nonan
[w6:mn:pro] [api] 200 mode=pro startsWith=nonan (535ms direct)
[w6:mn:pro] "nonan" → 73 records, 73 words
[w6:mn:pro] "nonan" branch complete
[w6:mn:pro] Saved 40,069 worker words
[w6:mn:pro] Searching "nonao" | queue=253 | words=40069
[w6:mn:pro] Pacing 15s before "nonao" (gap=16000ms)
[w6:mn:pro] heartbeat words=40069 queue=253 rotation=30 idle=1s
[w6:mn:pro] Managed Turnstile token (len=816, 10196ms, reset)
[w6:mn:pro] [api] 200 mode=pro startsWith=nonao
[w6:mn:pro] [api] 200 mode=pro startsWith=nonao (465ms direct)
[w6:mn:pro] "nonao" → 0 records, 0 words
[w6:mn:pro] "nonao" branch complete
[w6:mn:pro] Saved 40,069 worker words
[w6:mn:pro] Searching "nonap" | queue=252 | words=40069
[w6:mn:pro] Pacing 16s before "nonap" (gap=16000ms)
[w6:mn:pro] Managed Turnstile token (len=816, 11129ms, reset)
[w6:mn:pro] [api] 200 mode=pro startsWith=nonap
[w6:mn:pro] [api] 200 mode=pro startsWith=nonap (833ms direct)
[w6:mn:pro] "nonap" → 64 records, 64 words
[w6:mn:pro] "nonap" branch complete
[w6:mn:pro] Saved 40,133 worker words
[w6:mn:pro] Searching "nonaq" | queue=251 | words=40133
[w6:mn:pro] Pacing 15s before "nonaq" (gap=16000ms)
[w6:mn:pro] Managed Turnstile token (len=816, 17595ms, reset)
[w6:mn:pro] [api] 200 mode=pro startsWith=nonaq
[w6:mn:pro] [api] 200 mode=pro startsWith=nonaq (449ms direct)
[w6:mn:pro] "nonaq" → 2 records, 2 words
[w6:mn:pro] "nonaq" branch complete
[w6:mn:pro] Saved 40,135 worker words; shared last.txt now 370,486
[w6:mn:pro] Searching "nonar" | queue=250 | words=40135
[w6:mn:pro] Pacing 15s before "nonar" (gap=16000ms)
[w6:mn:pro] Managed Turnstile token (len=816, 3947ms, reset)
[w6:mn:pro] heartbeat words=40135 queue=250 rotation=30 idle=7s
[w6:mn:pro] [api] 200 mode=pro startsWith=nonar
[w6:mn:pro] [api] 200 mode=pro startsWith=nonar (457ms direct)
[w6:mn:pro] "nonar" → 59 records, 59 words
[w6:mn:pro] "nonar" branch complete
[w6:mn:pro] Saved 40,194 worker words
[w6:mn:pro] Searching "nonas" | queue=249 | words=40194
[w6:mn:pro] Pacing 16s before "nonas" (gap=16000ms)
[w6:mn:pro] Managed Turnstile token (len=816, 4047ms, reset)
[w6:mn:pro] [api] 200 mode=pro startsWith=nonas
[w6:mn:pro] [api] 200 mode=pro startsWith=nonas (468ms direct)
[w6:mn:pro] "nonas" → 84 records, 84 words (incl. exact "nonas")
[w6:mn:pro] "nonas" branch complete
[w6:mn:pro] Saved 40,253 worker words
[w6:mn:pro] Searching "nonaz" | queue=248 | words=40253
[w6:mn:pro] Pacing 16s before "nonaz" (gap=16000ms)
[w6:mn:pro] Managed Turnstile token (len=816, 4138ms, reset)
[w6:mn:pro] [api] 200 mode=pro startsWith=nonaz
[w6:mn:pro] [api] 200 mode=pro startsWith=nonaz (449ms direct)
[w6:mn:pro] "nonaz" → 1 records, 1 words
[w6:mn:pro] "nonaz" branch complete
[w6:mn:pro] Saved 40,253 worker words
[w6:mn:pro] Searching "nonbu" | queue=247 | words=40253
[w6:mn:pro] Pacing 16s before "nonbu" (gap=16000ms)
[w6:mn:pro] Managed Turnstile token (len=816, 8658ms, remount)
[w6:mn:pro] [api] 200 mode=pro startsWith=nonbu
[w6:mn:pro] [api] 200 mode=pro startsWith=nonbu (477ms direct)
[w6:mn:pro] "nonbu" → 27 records, 27 words
[w6:mn:pro] "nonbu" branch complete
[w6:mn:pro] Saved 40,253 worker words
[w6:mn:pro] Searching "nonbv" | queue=246 | words=40253
[w6:mn:pro] Pacing 16s before "nonbv" (gap=16000ms)
[w6:mn:pro] heartbeat words=40253 queue=246 rotation=30 idle=6s
[w6:mn:pro] Managed Turnstile token (len=816, 8380ms, reset)
[w6:mn:pro] [api] 200 mode=pro startsWith=nonbv
[w6:mn:pro] [api] 200 mode=pro startsWith=nonbv (480ms direct)
[w6:mn:pro] "nonbv" → 0 records, 0 words
[w6:mn:pro] "nonbv" branch complete
[w6:mn:pro] Saved 40,253 worker words
[w6:mn:pro] Searching "nonbw" | queue=245 | words=40253
[w6:mn:pro] Pacing 16s before "nonbw" (gap=16000ms)
[w6:mn:pro] Managed Turnstile token (len=816, 16396ms, reset)
[w6:mn:pro] [api] 200 mode=pro startsWith=nonbw
[w6:mn:pro] [api] 200 mode=pro startsWith=nonbw (469ms direct)
[w6:mn:pro] "nonbw" → 0 records, 0 words
[w6:mn:pro] "nonbw" branch complete
[w6:mn:pro] Saved 40,253 worker words
[w6:mn:pro] Searching "nonbx" | queue=244 | words=40253
[w6:mn:pro] Pacing 16s before "nonbx" (gap=16000ms)
[w6:mn:pro] Managed Turnstile token (len=816, 15471ms, reset)
[w6:mn:pro] [api] 200 mode=pro startsWith=nonbx
[w6:mn:pro] [api] 200 mode=pro startsWith=nonbx (456ms direct)
[w6:mn:pro] "nonbx" → 0 records, 0 words
[w6:mn:pro] "nonbx" branch complete
[w6:mn:pro] Saved 40,253 worker words
[w6:mn:pro] Searching "nonby" | queue=243 | words=40253
[w6:mn:pro] Pacing 15s before "nonby" (gap=16000ms)
[w6:mn:pro] heartbeat words=40253 queue=243 rotation=30 idle=16s
[w6:mn:pro] Site Turnstile remint timed out (23505ms)
[w6:mn:pro] Managed Turnstile token (len=816, 4615ms, remount)
[w6:mn:pro] [api] 200 mode=pro startsWith=nonby
[w6:mn:pro] [api] 200 mode=pro startsWith=nonby (446ms direct)
[w6:mn:pro] "nonby" → 0 records, 0 words
[w6:mn:pro] "nonby" branch complete
[w6:mn:pro] Saved 40,253 worker words; shared last.txt now 371,434
[w6:mn:pro] Searching "nonbz" | queue=242 | words=40253
[w6:mn:pro] Pacing 16s before "nonbz" (gap=16000ms)
[w6:mn:pro] Managed Turnstile token (len=816, 6922ms, reset)
[w6:mn:pro] [api] 200 mode=pro startsWith=nonbz
[w6:mn:pro] [api] 200 mode=pro startsWith=nonbz (480ms direct)
[w6:mn:pro] "nonbz" → 0 records, 0 words
[w6:mn:pro] "nonbz" branch complete
[w6:mn:pro] Saved 40,253 worker words
[w6:mn:pro] Searching "nonca" | queue=241 | words=40253
[w6:mn:pro] Pacing 16s before "nonca" (gap=16000ms)
[w6:mn:pro] Managed Turnstile token (len=816, 14899ms, reset)
[w6:mn:pro] [api] 200 mode=pro startsWith=nonca
[w6:mn:pro] [api] 200 mode=pro startsWith=nonca (643ms direct)
[w6:mn:pro] "nonca" → 100 records, 100 words
[w6:mn:pro] Pacing 15s before "nonca" (gap=16000ms)
[w6:mn:pro] Managed Turnstile token (len=816, 11208ms, reset)
[w6:mn:pro] [api] 200 mode=pro startsWith=nonca
[w6:mn:pro] heartbeat words=40253 queue=241 rotation=30 idle=0s
[w6:mn:pro] [api] 200 mode=pro startsWith=nonca sort=alphabetical:desc (651ms direct)
[w6:mn:pro] "nonca" full page ends at "noncausality" (next='u'); skip 22 covered groups → 6 children reverse Z→A ends at "noncalcarea" (lo='l' hi='u'); skip 8 middle + 7 new words
[w6:mn:pro] Saved 40,260 worker words
[w6:mn:pro] Searching "noncb" | queue=246 | words=40260
[w6:mn:pro] Pacing 16s before "noncb" (gap=16000ms)
[w6:mn:pro] Managed Turnstile token (len=816, 13567ms, reset)
[w6:mn:pro] [api] 200 mode=pro startsWith=noncb
[w6:mn:pro] [api] 200 mode=pro startsWith=noncb (2725ms direct)
[w6:mn:pro] "noncb" → 0 records, 0 words
[w6:mn:pro] "noncb" branch complete
[w6:mn:pro] Saved 40,260 worker words
[w6:mn:pro] Searching "noncc" | queue=245 | words=40260
[w6:mn:pro] Pacing 11s before "noncc" (gap=16000ms)
[w6:mn:pro] Turnstile token present (len=816)
[w6:mn:pro] Site Turnstile token (21903ms)
[w6:mn:pro] [api] 200 mode=pro startsWith=noncc
[w6:mn:pro] [api] 200 mode=pro startsWith=noncc (699ms direct)
[w6:mn:pro] "noncc" → 0 records, 0 words
[w6:mn:pro] "noncc" branch complete
[w6:mn:pro] Saved 40,260 worker words
[w6:mn:pro] Searching "noncd" | queue=244 | words=40260
[w6:mn:pro] Pacing 15s before "noncd" (gap=16000ms)
[w6:mn:pro] Managed Turnstile token (len=816, 15717ms, remount)
[w6:mn:pro] [api] 200 mode=pro startsWith=noncd
[w6:mn:pro] [api] 200 mode=pro startsWith=noncd (480ms direct)
[w6:mn:pro] "noncd" → 0 records, 0 words
[w6:mn:pro] "noncd" branch complete
[w6:mn:pro] Saved 40,260 worker words
[w6:mn:pro] Searching "nonce" | queue=243 | words=40260
[w6:mn:pro] heartbeat words=40260 queue=243 rotation=30 idle=0s
[w6:mn:pro] Pacing 15s before "nonce" (gap=16000ms)
[w6:mn:pro] Managed Turnstile token (len=816, 12078ms, reset)
[w6:mn:pro] [api] 200 mode=pro startsWith=nonce
[w6:mn:pro] [api] 200 mode=pro startsWith=nonce (495ms direct)
[w6:mn:pro] "nonce" → 36 records, 36 words (incl. exact "nonce")
[w6:mn:pro] "nonce" branch complete
[w6:mn:pro] Saved 40,296 worker words
[w6:mn:pro] Searching "noncf" | queue=242 | words=40296
[w6:mn:pro] Pacing 11s before "noncf" (gap=16000ms)
[w6:mn:pro] Managed Turnstile token (len=816, 15720ms, reset)
[w6:mn:pro] [api] 200 mode=pro startsWith=noncf
[w6:mn:pro] [api] 200 mode=pro startsWith=noncf (853ms direct)
[w6:mn:pro] "noncf" → 0 records, 0 words
[w6:mn:pro] "noncf" branch complete
[w6:mn:pro] Saved 40,296 worker words
[w6:mn:pro] Searching "noncg" | queue=241 | words=40296
[w6:mn:pro] Pacing 16s before "noncg" (gap=16000ms)
[w6:mn:pro] Managed Turnstile token (len=816, 5313ms, reset)
[w6:mn:pro] [api] 200 mode=pro startsWith=noncg
[w6:mn:pro] [api] 200 mode=pro startsWith=noncg (992ms direct)
[w6:mn:pro] "noncg" → 0 records, 0 words
[w6:mn:pro] "noncg" branch complete
[w6:mn:pro] Saved 40,296 worker words; shared last.txt now 372,404
[w6:mn:pro] Searching "nonch" | queue=240 | words=40296
[w6:mn:pro] Pacing 10s before "nonch" (gap=16000ms)
[w6:mn:pro] heartbeat words=40296 queue=240 rotation=30 idle=6s
[w6:mn:pro] Managed Turnstile token (len=816, 12234ms, reset)
[w6:mn:pro] [api] 200 mode=pro startsWith=nonch
[w6:mn:pro] [api] 200 mode=pro startsWith=nonch (476ms direct)
[w6:mn:pro] "nonch" → 60 records, 60 words
[w6:mn:pro] "nonch" branch complete
[w6:mn:pro] Saved 40,356 worker words
[w6:mn:pro] Searching "nonci" | queue=239 | words=40356
[w6:mn:pro] Pacing 15s before "nonci" (gap=16000ms)
[w6:mn:pro] Turnstile token present (len=816)
[w6:mn:pro] Site Turnstile token (22085ms)
[w6:mn:pro] [api] 200 mode=pro startsWith=nonci
[w6:mn:pro] [api] 200 mode=pro startsWith=nonci (749ms direct)
[w6:mn:pro] "nonci" → 29 records, 29 words
[w6:mn:pro] "nonci" branch complete
[w6:mn:pro] Saved 40,385 worker words
[w6:mn:pro] Searching "noncj" | queue=238 | words=40385
[w6:mn:pro] Pacing 10s before "noncj" (gap=16000ms)
[w6:mn:pro] Turnstile mint hard timeout after 28000ms
[w6:mn:pro] heartbeat words=40385 queue=238 rotation=30 idle=2s
[w6:mn:pro] Turnstile token present (len=816)
[w6:mn:pro] Site Turnstile token (31357ms)
[w6:mn:pro] Turnstile token present (len=816)
[w6:mn:pro] Site Turnstile token (26296ms)
[w6:mn:pro] [api] 200 mode=pro startsWith=noncj
[w6:mn:pro] [api] 200 mode=pro startsWith=noncj (571ms direct)
[w6:mn:pro] "noncj" → 0 records, 0 words
[w6:mn:pro] "noncj" branch complete
[w6:mn:pro] Saved 40,385 worker words
[w6:mn:pro] Searching "nonck" | queue=237 | words=40385
[w6:mn:pro] Pacing 11s before "nonck" (gap=16000ms)
[w6:mn:pro] Turnstile token present (len=816)
[w6:mn:pro] Site Turnstile token (26002ms)
[w6:mn:pro] [api] 200 mode=pro startsWith=nonck
[w6:mn:pro] [api] 200 mode=pro startsWith=nonck (591ms direct)
[w6:mn:pro] "nonck" → 0 records, 0 words
[w6:mn:pro] "nonck" branch complete
[w6:mn:pro] Saved 40,385 worker words
[w6:mn:pro] Searching "noncl" | queue=236 | words=40385
[w6:mn:pro] Pacing 14s before "noncl" (gap=16000ms)
[w6:mn:pro] heartbeat words=40385 queue=236 rotation=30 idle=6s
[w6:mn:pro] Turnstile mint hard timeout after 28000ms
[w6:mn:pro] Site Turnstile remint timed out (37439ms)
[w6:mn:pro] Turnstile mint hard timeout after 28000ms
[w6:mn:pro] heartbeat words=40385 queue=236 rotation=30 idle=7s
[w6:mn:pro] Turnstile mint hard timeout after 28000ms
[w6:mn:pro] Turnstile mint hard timeout after 28000ms
[w6:mn:pro] Failed "noncl" attempt 1: No Turnstile token for direct search
[w6:mn:pro] Saved 40,385 worker words
[w6:mn:pro] Turnstile miss — soft reload before rotate
[w6:mn:pro] Site Turnstile remint timed out (61778ms)
[w6:mn:pro] Site Turnstile remint timed out (94205ms)
[w6:mn:pro] heartbeat words=40385 queue=237 rotation=30 idle=5s
[w6:mn:pro] Site Turnstile remint timed out (36556ms)
[w6:mn:pro] Site Turnstile remint timed out (9867ms)
[w6:mn:pro] Soft reload mint failed — rotating immediately
[w6:mn:pro] Tor exited code=0
[w6:mn:pro] Starting Tor gen=32 socks=127.0.0.1:19056 (try 1)
[w6:mn:pro] tor: Aug 05 17:36:06.703 [warn] Fixing permissions on directory /tmp/lll-tor-w6
[w6:mn:pro] tor: Aug 05 17:36:06.000 [notice] Bootstrapped 0% (starting): Starting
[w6:mn:pro] tor: Aug 05 17:36:07.000 [notice] Bootstrapped 5% (conn): Connecting to a relay
[w6:mn:pro] tor: Aug 05 17:36:07.000 [notice] Bootstrapped 10% (conn_done): Connected to a relay
[w6:mn:pro] tor: Aug 05 17:36:09.000 [notice] Bootstrapped 14% (handshake): Handshaking with a relay
[w6:mn:pro] tor: Aug 05 17:36:09.000 [notice] Bootstrapped 15% (handshake_done): Handshake with a relay done
Aug 05 17:36:09.000 [notice] Bootstrapped 20% (onehop_create): Estab
[w6:mn:pro] tor: Aug 05 17:36:10.000 [notice] Bootstrapped 25% (requesting_status): Asking for networkstatus consensus
[w6:mn:pro] tor: Aug 05 17:36:10.000 [notice] Bootstrapped 30% (loading_status): Loading networkstatus consensus
[w6:mn:pro] tor: Aug 05 17:36:12.000 [notice] Bootstrapped 40% (loading_keys): Loading authority key certs
[w6:mn:pro] tor: Aug 05 17:36:12.000 [notice] The current consensus has no exit nodes. Tor can only build internal paths, such as paths to onion services.
Aug 05 17:36:12.000 [n
[w6:mn:pro] tor: Aug 05 17:36:13.000 [notice] Bootstrapped 50% (loading_descriptors): Loading relay descriptors
[w6:mn:pro] tor: Aug 05 17:36:17.000 [notice] Bootstrapped 55% (loading_descriptors): Loading relay descriptors
[w6:mn:pro] tor: Aug 05 17:36:19.000 [notice] Bootstrapped 61% (loading_descriptors): Loading relay descriptors
[w6:mn:pro] tor: Aug 05 17:36:19.000 [notice] Bootstrapped 67% (loading_descriptors): Loading relay descriptors
[w6:mn:pro] tor: Aug 05 17:36:20.000 [notice] Bootstrapped 75% (enough_dirinfo): Loaded enough directory info to build circuits
[w6:mn:pro] tor: Aug 05 17:36:21.000 [notice] Bootstrapped 90% (ap_handshake_done): Handshake finished with a relay to build circuits
Aug 05 17:36:21.000 [notice] Bootstrapped 9
[w6:mn:pro] tor: Aug 05 17:36:21.000 [notice] Bootstrapped 100% (done): Done
[w6:mn:pro] Tor ready on 19056 exit=171.25.193.46
[w6:mn:pro] Rotating IP (#31, try 1) after No Turnstile token for direct search → tor#32 socks5://127.0.0.1:19056
[w6:mn:pro] Launching persistent Chrome profile /tmp/lll-pw-w6-r31
[w6:mn:pro] Proxy tor#32 socks5://127.0.0.1:19056
[w6:mn:pro] Opening https://lastletterlibrary.com
[w6:mn:pro] Library mode=pro
[w6:mn:pro] Turnstile token present (len=816)
[w6:mn:pro] Site Turnstile token (19540ms)
[w6:mn:pro] Search mode=direct (skip UI Wait Ns… gate)
[w6:mn:pro] Cleaned 1 old rotated profile(s)
[w6:mn:pro] Browser exit IP=192.42.116.94 (unique)
[w6:mn:pro] Searching "noncl" | queue=236 | words=40385
[w6:mn:pro] [api] 200 mode=pro startsWith=noncl
[w6:mn:pro] [api] 200 mode=pro startsWith=noncl (459ms direct)
[w6:mn:pro] "noncl" → 43 records, 43 words
[w6:mn:pro] "noncl" branch complete
[w6:mn:pro] Saved 40,428 worker words
[w6:mn:pro] Searching "noncm" | queue=235 | words=40428
[w6:mn:pro] Pacing 16s before "noncm" (gap=16000ms)
[w6:mn:pro] Managed Turnstile token (len=816, 3686ms, remount)
[w6:mn:pro] heartbeat words=40428 queue=235 rotation=31 idle=2s
[w6:mn:pro] [api] 200 mode=pro startsWith=noncm
[w6:mn:pro] [api] 200 mode=pro startsWith=noncm (475ms direct)
[w6:mn:pro] "noncm" → 0 records, 0 words
[w6:mn:pro] "noncm" branch complete
[w6:mn:pro] Saved 40,428 worker words
[w6:mn:pro] Searching "noncn" | queue=234 | words=40428
[w6:mn:pro] Pacing 16s before "noncn" (gap=16000ms)
[w6:mn:pro] Managed Turnstile token (len=816, 5092ms, reset)
[w6:mn:pro] [api] 200 mode=pro startsWith=noncn
[w6:mn:pro] [api] 200 mode=pro startsWith=noncn (469ms direct)
[w6:mn:pro] "noncn" → 0 records, 0 words
[w6:mn:pro] "noncn" branch complete
[w6:mn:pro] Saved 40,428 worker words; shared last.txt now 374,383
[w6:mn:pro] Searching "nonco" | queue=233 | words=40428
[w6:mn:pro] Pacing 16s before "nonco" (gap=16000ms)
[w6:mn:pro] Managed Turnstile token (len=816, 5221ms, reset)
[w6:mn:pro] [api] 200 mode=pro startsWith=nonco
[w6:mn:pro] [api] 200 mode=pro startsWith=nonco (469ms direct)
[w6:mn:pro] "nonco" → 100 records, 100 words
[w6:mn:pro] Pacing 16s before "nonco" (gap=16000ms)
[w6:mn:pro] Managed Turnstile token (len=816, 6680ms, reset)
[w6:mn:pro] [api] 200 mode=pro startsWith=nonco
[w6:mn:pro] [api] 200 mode=pro startsWith=nonco sort=alphabetical:desc (484ms direct)
[w6:mn:pro] "nonco" full page ends at "noncome" (next='m'); skip 21 covered groups → 7 children reverse Z→A ends at "nonconvergently" (lo='n' hi='v'); skip 7 middle + 100 new words
[w6:mn:pro] heartbeat words=40628 queue=240 rotation=31 idle=2s
[w6:mn:pro] Saved 40,628 worker words
[w6:mn:pro] Searching "noncp" | queue=239 | words=40628
[w6:mn:pro] Pacing 11s before "noncp" (gap=16000ms)
[w6:mn:pro] Managed Turnstile token (len=816, 10442ms, reset)
[w6:mn:pro] [api] 200 mode=pro startsWith=noncp
[w6:mn:pro] [api] 200 mode=pro startsWith=noncp (1061ms direct)
[w6:mn:pro] "noncp" → 0 records, 0 words
[w6:mn:pro] "noncp" branch complete
[w6:mn:pro] Saved 40,628 worker words
[w6:mn:pro] Searching "noncq" | queue=238 | words=40628
[w6:mn:pro] Pacing 15s before "noncq" (gap=16000ms)
[w6:mn:pro] Managed Turnstile token (len=816, 9428ms, reset)
[w6:mn:pro] [api] 200 mode=pro startsWith=noncq
[w6:mn:pro] [api] 200 mode=pro startsWith=noncq (479ms direct)
[w6:mn:pro] "noncq" → 0 records, 0 words
[w6:mn:pro] "noncq" branch complete
[w6:mn:pro] Saved 40,628 worker words
[w6:mn:pro] Searching "noncr" | queue=237 | words=40628
[w6:mn:pro] Pacing 15s before "noncr" (gap=16000ms)
[w6:mn:pro] Site Turnstile remint timed out (23799ms)
[w6:mn:pro] heartbeat words=40628 queue=237 rotation=31 idle=7s
[w6:mn:pro] Site Turnstile remint timed out (24009ms)
[w6:mn:pro] Turnstile mint hard timeout after 28000ms
[w6:mn:pro] heartbeat words=40628 queue=237 rotation=31 idle=39s
[w6:mn:pro] Turnstile mint hard timeout after 28000ms
[w6:mn:pro] Failed "noncr" attempt 1: No Turnstile token for direct search
[w6:mn:pro] Saved 40,628 worker words
[w6:mn:pro] Turnstile miss — soft reload before rotate
[w6:mn:pro] Site Turnstile remint timed out (60021ms)
[w6:mn:pro] Site Turnstile remint timed out (89934ms)
[w6:mn:pro] Turnstile token present (len=816)
[w6:mn:pro] Site Turnstile token (7542ms)
[w6:mn:pro] Searching "noncr" | queue=237 | words=40628
[w6:mn:pro] [api] 200 mode=pro startsWith=noncr
[w6:mn:pro] [api] 200 mode=pro startsWith=noncr (679ms direct)
[w6:mn:pro] "noncr" → 56 records, 56 words
[w6:mn:pro] "noncr" branch complete
[w6:mn:pro] Saved 40,634 worker words
[w6:mn:pro] Searching "noncy" | queue=236 | words=40634
[w6:mn:pro] Pacing 16s before "noncy" (gap=16000ms)
[w6:mn:pro] Managed Turnstile token (len=816, 8974ms, remount)
[w6:mn:pro] [api] 200 mode=pro startsWith=noncy
[w6:mn:pro] [api] 200 mode=pro startsWith=noncy (914ms direct)
[w6:mn:pro] "noncy" → 3 records, 3 words
[w6:mn:pro] "noncy" branch complete
[w6:mn:pro] Saved 40,634 worker words
[w6:mn:pro] Searching "noncz" | queue=235 | words=40634
[w6:mn:pro] Pacing 13s before "noncz" (gap=16000ms)
[w6:mn:pro] Managed Turnstile token (len=816, 12301ms, reset)
[w6:mn:pro] [api] 200 mode=pro startsWith=noncz
[w6:mn:pro] [api] 200 mode=pro startsWith=noncz (899ms direct)
[w6:mn:pro] "noncz" → 0 records, 0 words
[w6:mn:pro] "noncz" branch complete
[w6:mn:pro] Saved 40,634 worker words
[w6:mn:pro] Searching "nonde" | queue=234 | words=40634
[w6:mn:pro] Pacing 13s before "nonde" (gap=16000ms)
[w6:mn:pro] heartbeat words=40634 queue=234 rotation=31 idle=0s
[w6:mn:pro] Managed Turnstile token (len=816, 12936ms, reset)
[w6:mn:pro] [api] 200 mode=pro startsWith=nonde
[w6:mn:pro] [api] 200 mode=pro startsWith=nonde (975ms direct)
[w6:mn:pro] "nonde" → 100 records, 100 words
[w6:mn:pro] Pacing 14s before "nonde" (gap=16000ms)
[w6:mn:pro] Managed Turnstile token (len=816, 11540ms, reset)
[w6:mn:pro] [api] 200 mode=pro startsWith=nonde
[w6:mn:pro] [api] 200 mode=pro startsWith=nonde sort=alphabetical:desc (902ms direct)
[w6:mn:pro] "nonde" full page ends at "nondeferent" (next='f'); skip 14 covered groups → 14 children reverse Z→A ends at "nondepression" (lo='p' hi='x'); skip 7 middle + 100 new words
[w6:mn:pro] Saved 40,749 worker words; shared last.txt now 375,546
[w6:mn:pro] Searching "nondf" | queue=247 | words=40749
[w6:mn:pro] Pacing 13s before "nondf" (gap=16000ms)
[w6:mn:pro] Managed Turnstile token (len=816, 10767ms, reset)
[w6:mn:pro] [api] 200 mode=pro startsWith=nondf
[w6:mn:pro] [api] 200 mode=pro startsWith=nondf (899ms direct)
[w6:mn:pro] "nondf" → 0 records, 0 words
[w6:mn:pro] "nondf" branch complete
[w6:mn:pro] Saved 40,749 worker words
[w6:mn:pro] Searching "nondg" | queue=246 | words=40749
[w6:mn:pro] Pacing 13s before "nondg" (gap=16000ms)
[w6:mn:pro] Managed Turnstile token (len=816, 12013ms, reset)
[w6:mn:pro] heartbeat words=40749 queue=246 rotation=31 idle=0s
[w6:mn:pro] [api] 200 mode=pro startsWith=nondg
[w6:mn:pro] [api] 200 mode=pro startsWith=nondg (835ms direct)
[w6:mn:pro] "nondg" → 0 records, 0 words
[w6:mn:pro] "nondg" branch complete
[w6:mn:pro] Saved 40,749 worker words
[w6:mn:pro] Searching "nondh" | queue=245 | words=40749
[w6:mn:pro] Pacing 15s before "nondh" (gap=16000ms)
[w6:mn:pro] Managed Turnstile token (len=816, 8623ms, reset)
[w6:mn:pro] [api] 200 mode=pro startsWith=nondh
[w6:mn:pro] [api] 200 mode=pro startsWith=nondh (1015ms direct)
[w6:mn:pro] "nondh" → 0 records, 0 words
[w6:mn:pro] "nondh" branch complete
[w6:mn:pro] Saved 40,749 worker words
[w6:mn:pro] Searching "nondi" | queue=244 | words=40749
[w6:mn:pro] Pacing 14s before "nondi" (gap=16000ms)
[w6:mn:pro] Managed Turnstile token (len=816, 17595ms, reset)
[w6:mn:pro] [api] 200 mode=pro startsWith=nondi
[w6:mn:pro] [api] 200 mode=pro startsWith=nondi (1165ms direct)
[w6:mn:pro] "nondi" → 100 records, 100 words
[w6:mn:pro] Pacing 10s before "nondi" (gap=16000ms)
[w6:mn:pro] Managed Turnstile token (len=816, 18132ms, remount)
[w6:mn:pro] heartbeat words=40849 queue=244 rotation=31 idle=0s
[w6:mn:pro] [api] 200 mode=pro startsWith=nondi
[w6:mn:pro] [api] 200 mode=pro startsWith=nondi sort=alphabetical:desc (721ms direct)
[w6:mn:pro] "nondi" full page ends at "nondirigible" (next='r'); skip 21 covered groups → 7 children reverse Z→A ends at "nondisfranchised" (lo='s' hi='v'); skip 2 middle + 74 new words
[w6:mn:pro] Saved 40,923 worker words
[w6:mn:pro] Searching "nondy" | queue=250 | words=40923
[w6:mn:pro] Pacing 1s before "nondy" (gap=16000ms)
[w6:mn:pro] Turnstile mint hard timeout after 28000ms
[w6:mn:pro] heartbeat words=40923 queue=250 rotation=31 idle=33s
[w6:mn:pro] Turnstile mint hard timeout after 28000ms
[w6:mn:pro] Site Turnstile remint timed out (86272ms)
[w6:mn:pro] Site Turnstile remint timed out (55772ms)
[w6:mn:pro] Turnstile mint hard timeout after 28000ms
[w6:mn:pro] Managed Turnstile token (len=816, 5594ms, remount)
[w6:mn:pro] Turnstile token present (len=816)
[w6:mn:pro] Site Turnstile token (35312ms)
[w6:mn:pro] [api] 200 mode=pro startsWith=nondy
[w6:mn:pro] [api] 200 mode=pro startsWith=nondy (1000ms direct)
[w6:mn:pro] "nondy" → 9 records, 9 words
[w6:mn:pro] "nondy" branch complete
[w6:mn:pro] Saved 40,923 worker words
[w6:mn:pro] Searching "nondz" | queue=249 | words=40923
[w6:mn:pro] Pacing 15s before "nondz" (gap=16000ms)
[w6:mn:pro] Managed Turnstile token (len=816, 4691ms, reset)
[w6:mn:pro] [api] 200 mode=pro startsWith=nondz
[w6:mn:pro] [api] 200 mode=pro startsWith=nondz (876ms direct)
[w6:mn:pro] "nondz" → 0 records, 0 words
[w6:mn:pro] "nondz" branch complete
[w6:mn:pro] Saved 40,923 worker words
[w6:mn:pro] Searching "nonel" | queue=248 | words=40923
[w6:mn:pro] Pacing 15s before "nonel" (gap=16000ms)
[w6:mn:pro] heartbeat words=40923 queue=248 rotation=31 idle=2s
[w6:mn:pro] Managed Turnstile token (len=816, 4840ms, reset)
[w6:mn:pro] [api] 200 mode=pro startsWith=nonel
[w6:mn:pro] [api] 200 mode=pro startsWith=nonel (846ms direct)
[w6:mn:pro] "nonel" → 60 records, 60 words
[w6:mn:pro] "nonel" branch complete
[w6:mn:pro] Saved 40,973 worker words
[w6:mn:pro] Searching "nonem" | queue=247 | words=40973
[w6:mn:pro] Pacing 13s before "nonem" (gap=16000ms)
[w6:mn:pro] Turnstile token present (len=816)
[w6:mn:pro] Site Turnstile token (26092ms)
[w6:mn:pro] [api] 200 mode=pro startsWith=nonem
[w6:mn:pro] [api] 200 mode=pro startsWith=nonem (863ms direct)
[w6:mn:pro] "nonem" → 46 records, 46 words
[w6:mn:pro] "nonem" branch complete
[w6:mn:pro] Saved 41,019 worker words; shared last.txt now 376,865
[w6:mn:pro] Searching "nonen" | queue=246 | words=41019
[w6:mn:pro] Pacing 1s before "nonen" (gap=16000ms)
[w6:mn:pro] heartbeat words=41019 queue=246 rotation=31 idle=2s
[w6:mn:pro] Turnstile mint hard timeout after 28000ms
[w6:mn:pro] Turnstile token present (len=816)
[w6:mn:pro] Site Turnstile token (31155ms)
[w6:mn:pro] Turnstile token present (len=816)
[w6:mn:pro] Site Turnstile token (28727ms)
[w6:mn:pro] [api] 200 mode=pro startsWith=nonen
[w6:mn:pro] [api] 200 mode=pro startsWith=nonen (1075ms direct)
[w6:mn:pro] "nonen" → 85 records, 85 words
[w6:mn:pro] "nonen" branch complete
[w6:mn:pro] Saved 41,104 worker words
[w6:mn:pro] Searching "noneo" | queue=245 | words=41104
[w6:mn:pro] Pacing 12s before "noneo" (gap=16000ms)
[w6:mn:pro] heartbeat words=41104 queue=245 rotation=31 idle=14s
[w6:mn:pro] Managed Turnstile token (len=816, 19574ms, remount)
[w6:mn:pro] [api] 200 mode=pro startsWith=noneo
[w6:mn:pro] [api] 200 mode=pro startsWith=noneo (4977ms direct)
[w6:mn:pro] "noneo" → 0 records, 0 words
[w6:mn:pro] "noneo" branch complete
[w6:mn:pro] Saved 41,104 worker words
[w6:mn:pro] Searching "nonep" | queue=244 | words=41104
[w6:mn:pro] Pacing 3s before "nonep" (gap=16000ms)
[w6:mn:pro] Managed Turnstile token (len=816, 20754ms, reset)
[w6:mn:pro] [api] 200 mode=pro startsWith=nonep
[w6:mn:pro] [api] 200 mode=pro startsWith=nonep (931ms direct)
[w6:mn:pro] "nonep" → 17 records, 17 words
[w6:mn:pro] "nonep" branch complete
[w6:mn:pro] Saved 41,121 worker words
[w6:mn:pro] Searching "noneq" | queue=243 | words=41121
[w6:mn:pro] Pacing 13s before "noneq" (gap=16000ms)
[w6:mn:pro] Turnstile token present (len=816)
[w6:mn:pro] Site Turnstile token (23644ms)
[w6:mn:pro] heartbeat words=41121 queue=243 rotation=31 idle=0s
[w6:mn:pro] [api] 200 mode=pro startsWith=noneq
[w6:mn:pro] [api] 200 mode=pro startsWith=noneq (1225ms direct)
[w6:mn:pro] "noneq" → 29 records, 29 words
[w6:mn:pro] "noneq" branch complete
[w6:mn:pro] Saved 41,150 worker words
[w6:mn:pro] Searching "noner" | queue=242 | words=41150
[w6:mn:pro] Pacing 13s before "noner" (gap=16000ms)
[w6:mn:pro] Managed Turnstile token (len=816, 13212ms, remount)
[w6:mn:pro] [api] 200 mode=pro startsWith=noner
[w6:mn:pro] [api] 200 mode=pro startsWith=noner (1045ms direct)
[w6:mn:pro] "noner" → 24 records, 24 words
[w6:mn:pro] "noner" branch complete
[w6:mn:pro] Saved 41,174 worker words
[w6:mn:pro] Searching "nones" | queue=241 | words=41174
[w6:mn:pro] Pacing 14s before "nones" (gap=16000ms)
[w6:mn:pro] Managed Turnstile token (len=816, 14376ms, reset)
[w6:mn:pro] [api] 200 mode=pro startsWith=nones
[w6:mn:pro] [api] 200 mode=pro startsWith=nones (1342ms direct)
[w6:mn:pro] "nones" → 22 records, 22 words (incl. exact "nones")
[w6:mn:pro] "nones" branch complete
[w6:mn:pro] Saved 41,196 worker words
[w6:mn:pro] Searching "nonet" | queue=240 | words=41196
[w6:mn:pro] Pacing 13s before "nonet" (gap=16000ms)
[w6:mn:pro] Managed Turnstile token (len=816, 14737ms, reset)
[w6:mn:pro] [api] 200 mode=pro startsWith=nonet
[w6:mn:pro] [api] 200 mode=pro startsWith=nonet (980ms direct)
[w6:mn:pro] "nonet" → 28 records, 28 words (incl. exact "nonet")
[w6:mn:pro] "nonet" branch complete
[w6:mn:pro] Saved 41,224 worker words
[w6:mn:pro] Searching "noneu" | queue=239 | words=41224
[w6:mn:pro] Pacing 11s before "noneu" (gap=16000ms)
[w6:mn:pro] heartbeat words=41224 queue=239 rotation=31 idle=5s
[w6:mn:pro] Turnstile token present (len=816)
[w6:mn:pro] Site Turnstile token (22666ms)
[w6:mn:pro] [api] 200 mode=pro startsWith=noneu
[w6:mn:pro] [api] 200 mode=pro startsWith=noneu (1076ms direct)
[w6:mn:pro] "noneu" → 6 records, 6 words
[w6:mn:pro] "noneu" branch complete
[w6:mn:pro] Saved 41,230 worker words; shared last.txt now 378,165
[w6:mn:pro] Searching "nonev" | queue=238 | words=41230
[w6:mn:pro] Site Turnstile remint timed out (24317ms)
[w6:mn:pro] heartbeat words=41230 queue=238 rotation=31 idle=20s
[w6:mn:pro] Site Turnstile remint timed out (23682ms)
[w6:mn:pro] Managed Turnstile token (len=816, 13490ms, remount)
[w6:mn:pro] [api] 200 mode=pro startsWith=nonev
[w6:mn:pro] [api] 200 mode=pro startsWith=nonev (879ms direct)
[w6:mn:pro] "nonev" → 38 records, 38 words
[w6:mn:pro] "nonev" branch complete
[w6:mn:pro] Saved 41,268 worker words
[w6:mn:pro] Searching "nonew" | queue=237 | words=41268
[w6:mn:pro] Pacing 13s before "nonew" (gap=16000ms)
[w6:mn:pro] Turnstile mint hard timeout after 28000ms
[w6:mn:pro] Site Turnstile remint timed out (32918ms)
[w6:mn:pro] heartbeat words=41268 queue=237 rotation=31 idle=8s
[w6:mn:pro] Site Turnstile remint timed out (25884ms)
[w6:mn:pro] Site Turnstile remint timed out (25717ms)
[w6:mn:pro] heartbeat words=41268 queue=237 rotation=31 idle=21s
[w6:mn:pro] Turnstile mint hard timeout after 28000ms
[w6:mn:pro] Failed "nonew" attempt 1: No Turnstile token for direct search
[w6:mn:pro] Saved 41,268 worker words
[w6:mn:pro] Turnstile miss — soft reload before rotate
[w6:mn:pro] Site Turnstile remint timed out (32197ms)
[w6:mn:pro] Turnstile token present (len=816)
[w6:mn:pro] Site Turnstile token (8946ms)
[w6:mn:pro] Searching "nonew" | queue=237 | words=41268
[w6:mn:pro] [api] 200 mode=pro startsWith=nonew
[w6:mn:pro] [api] 200 mode=pro startsWith=nonew (753ms direct)
[w6:mn:pro] "nonew" → 0 records, 0 words
[w6:mn:pro] "nonew" branch complete
[w6:mn:pro] Saved 41,268 worker words
[w6:mn:pro] Searching "nonex" | queue=236 | words=41268
[w6:mn:pro] Pacing 15s before "nonex" (gap=16000ms)
[w6:mn:pro] Managed Turnstile token (len=816, 10652ms, remount)
[w6:mn:pro] [api] 200 mode=pro startsWith=nonex
[w6:mn:pro] [api] 200 mode=pro startsWith=nonex (841ms direct)
[w6:mn:pro] "nonex" → 100 records, 100 words
[w6:mn:pro] Pacing 14s before "nonex" (gap=16000ms)
[w6:mn:pro] Managed Turnstile token (len=816, 11010ms, reset)
[w6:mn:pro] [api] 200 mode=pro startsWith=nonex
[w6:mn:pro] [api] 200 mode=pro startsWith=nonex sort=alphabetical:desc (819ms direct)
[w6:mn:pro] "nonex" full page ends at "nonexpeditiously" (next='p'); skip 21 covered groups → 7 children reverse Z→A ends at "nonexperience" (lo='p' hi='u'); skip 4 middle + 0 new words
[w6:mn:pro] Saved 41,368 worker words
[w6:mn:pro] Searching "noney" | queue=242 | words=41368
[w6:mn:pro] Pacing 15s before "noney" (gap=16000ms)
[w6:mn:pro] heartbeat words=41368 queue=242 rotation=31 idle=6s
[w6:mn:pro] Managed Turnstile token (len=816, 8645ms, reset)
[w6:mn:pro] [api] 200 mode=pro startsWith=noney
[w6:mn:pro] [api] 200 mode=pro startsWith=noney (5663ms direct)
[w6:mn:pro] "noney" → 0 records, 0 words
[w6:mn:pro] "noney" branch complete
[w6:mn:pro] Saved 41,368 worker words
[w6:mn:pro] Searching "nonez" | queue=241 | words=41368
[w6:mn:pro] Pacing 8s before "nonez" (gap=16000ms)
[w6:mn:pro] Managed Turnstile token (len=816, 12520ms, reset)
[w6:mn:pro] [api] 429 mode=pro startsWith=nonez
[w6:mn:pro] [api] 429 mode=pro startsWith=nonez (1481ms direct)
[w6:mn:pro] Learned server gap ≈ 16000ms (wait hint 2000ms)
[w6:mn:pro] Rate limited — inline wait 2000ms then retry "nonez"
[w6:mn:pro] Managed Turnstile token (len=816, 14161ms, reset)
[w6:mn:pro] [api] 200 mode=pro startsWith=nonez
[w6:mn:pro] [api] 200 mode=pro startsWith=nonez (864ms direct)
[w6:mn:pro] "nonez" → 0 records, 0 words
[w6:mn:pro] "nonez" branch complete
[w6:mn:pro] Saved 41,368 worker words
[w6:mn:pro] Searching "nonfe" | queue=240 | words=41368
[w6:mn:pro] Pacing 14s before "nonfe" (gap=16000ms)
[w6:mn:pro] heartbeat words=41368 queue=240 rotation=31 idle=14s
[w6:mn:pro] Turnstile mint hard timeout after 28000ms
[w6:mn:pro] Site Turnstile remint timed out (25517ms)
[w6:mn:pro] heartbeat words=41368 queue=240 rotation=31 idle=21s
[w6:mn:pro] Site Turnstile remint timed out (27062ms)
[w6:mn:pro] Turnstile token present (len=816)
[w6:mn:pro] Site Turnstile token (22963ms)
[w6:mn:pro] [api] 200 mode=pro startsWith=nonfe
[w6:mn:pro] [api] 200 mode=pro startsWith=nonfe (930ms direct)
[w6:mn:pro] "nonfe" → 62 records, 62 words
[w6:mn:pro] "nonfe" branch complete
[w6:mn:pro] Saved 41,407 worker words
[w6:mn:pro] Searching "nonff" | queue=239 | words=41407
[w6:mn:pro] Pacing 14s before "nonff" (gap=16000ms)
[w6:mn:pro] Managed Turnstile token (len=816, 19837ms, remount)
[w6:mn:pro] [api] 200 mode=pro startsWith=nonff
[w6:mn:pro] [api] 200 mode=pro startsWith=nonff (934ms direct)
[w6:mn:pro] "nonff" → 0 records, 0 words
[w6:mn:pro] "nonff" branch complete
[w6:mn:pro] heartbeat words=41407 queue=239 rotation=31 idle=7s
[w6:mn:pro] Saved 41,407 worker words; shared last.txt now 379,992
[w6:mn:pro] Searching "nonfg" | queue=238 | words=41407
[w6:mn:pro] Site Turnstile remint timed out (26409ms)
[w6:mn:pro] Turnstile mint hard timeout after 28000ms
[w6:mn:pro] Managed Turnstile token (len=816, 29766ms, remount)
[w6:mn:pro] Managed Turnstile token (len=816, 7487ms, reset)
[w6:mn:pro] [api] 200 mode=pro startsWith=nonfg
[w6:mn:pro] [api] 200 mode=pro startsWith=nonfg (844ms direct)
[w6:mn:pro] "nonfg" → 0 records, 0 words
[w6:mn:pro] "nonfg" branch complete
[w6:mn:pro] heartbeat words=41407 queue=238 rotation=31 idle=2s
[w6:mn:pro] Saved 41,407 worker words
[w6:mn:pro] Searching "nonfh" | queue=237 | words=41407
[w6:mn:pro] Pacing 13s before "nonfh" (gap=16000ms)
[w6:mn:pro] Tor exited code=0
[w6:mn:pro] Site Turnstile remint timed out (8413ms)
[w6:mn:pro] Site Turnstile remint timed out (202169ms)
[w6:mn:pro] IP mode=tor
[w6:mn:pro] Cleaned 1 old rotated profile(s)
[w6:mn:pro] Starting persistent Tor socks=127.0.0.1:19056 control=127.0.0.1:29056
[w6:mn:pro] tor: Aug 05 17:58:12.000 [notice] Bootstrapped 0% (starting): Starting
[w6:mn:pro] tor: Aug 05 17:58:14.000 [notice] Bootstrapped 5% (conn): Connecting to a relay
[w6:mn:pro] tor: Aug 05 17:58:14.000 [notice] Bootstrapped 10% (conn_done): Connected to a relay
[w6:mn:pro] tor: Aug 05 17:58:14.000 [notice] Bootstrapped 14% (handshake): Handshaking with a relay
[w6:mn:pro] tor: Aug 05 17:58:14.000 [notice] Bootstrapped 15% (handshake_done): Handshake with a relay done
Aug 05 17:58:14.000 [notice] Bootstrapped 75% (enough_dirinfo): Load
[w6:mn:pro] tor: Aug 05 17:58:14.000 [notice] Bootstrapped 95% (circuit_create): Establishing a Tor circuit
[w6:mn:pro] tor: Aug 05 17:58:15.000 [notice] Bootstrapped 100% (done): Done
[w6:mn:pro] Tor ready on 19056 exit=185.220.101.24
[w6:mn:pro] Launching persistent Chrome profile /tmp/lll-pw-w6-r0
[w6:mn:pro] Proxy tor#1 socks5://127.0.0.1:19056
[w6:mn:pro] Opening https://lastletterlibrary.com
[w6:mn:pro] Library mode=pro
[w6:mn:pro] Turnstile token present (len=816)
[w6:mn:pro] Site Turnstile token (19768ms)
[w6:mn:pro] Search mode=direct (skip UI Wait Ns… gate)
[w6:mn:pro] Loaded 4914 prefixes, 41407 words; queue=238
[w6:mn:pro] Searching "nonfh" | queue=237 | words=41407
[w6:mn:pro] [api] 200 mode=pro startsWith=nonfh
[w6:mn:pro] [api] 200 mode=pro startsWith=nonfh (572ms direct)
[w6:mn:pro] "nonfh" → 0 records, 0 words
[w6:mn:pro] "nonfh" branch complete
[w6:mn:pro] Saved 41,407 worker words
[w6:mn:pro] Searching "nonfi" | queue=236 | words=41407
[w6:mn:pro] Pacing 15s before "nonfi" (gap=15500ms)
[w6:mn:pro] Site Turnstile remint timed out (22544ms)
[w6:mn:pro] Failed "nonfi" attempt 1: No Turnstile token for direct search
[w6:mn:pro] Saved 41,407 worker words
[w6:mn:pro] Turnstile miss — soft reload before rotate
[w6:mn:pro] Turnstile token present (len=837)
[w6:mn:pro] Site Turnstile token (6897ms)
[w6:mn:pro] Searching "nonfi" | queue=236 | words=41407
[w6:mn:pro] [api] 200 mode=pro startsWith=nonfi
[w6:mn:pro] [api] 200 mode=pro startsWith=nonfi (438ms direct)
[w6:mn:pro] "nonfi" → 40 records, 40 words
[w6:mn:pro] "nonfi" branch complete
[w6:mn:pro] Saved 41,447 worker words
[w6:mn:pro] Searching "nonfj" | queue=235 | words=41447
[w6:mn:pro] Pacing 16s before "nonfj" (gap=15500ms)
[w6:mn:pro] Site Turnstile remint timed out (24132ms)
[w6:mn:pro] Failed "nonfj" attempt 1: No Turnstile token for direct search
[w6:mn:pro] Saved 41,447 worker words
[w6:mn:pro] Turnstile miss — soft reload before rotate
[w6:mn:pro] heartbeat words=41447 queue=236 rotation=0 idle=28s
[w6:mn:pro] Site Turnstile remint timed out (10751ms)
[w6:mn:pro] Soft reload mint failed — rotating immediately
[w6:mn:pro] Tor NEWNYM gen=1; waiting 8000ms
[w6:mn:pro] Tor ready on 19056 exit=192.42.116.95
[w6:mn:pro] Rotating IP (#1, try 1) after No Turnstile token for direct search → tor#2 socks5://127.0.0.1:19056
[w6:mn:pro] Launching persistent Chrome profile /tmp/lll-pw-w6-r1
[w6:mn:pro] Proxy tor#2 socks5://127.0.0.1:19056
[w6:mn:pro] Opening https://lastletterlibrary.com
[w6:mn:pro] Library mode=pro
[w6:mn:pro] Search mode=direct (skip UI Wait Ns… gate)
[w6:mn:pro] Cleaned 1 old rotated profile(s)
[w6:mn:pro] Searching "nonfj" | queue=235 | words=41447
[w6:mn:pro] heartbeat words=41447 queue=235 rotation=1 idle=88s
[w6:mn:pro] Failed "nonfj" attempt 1: No Turnstile token for direct search
[w6:mn:pro] Saved 41,447 worker words
[w6:mn:pro] Turnstile miss — soft reload before rotate
[w6:mn:pro] Turnstile token present (len=816)
[w6:mn:pro] Site Turnstile token (6972ms)
[w6:mn:pro] Searching "nonfj" | queue=235 | words=41447
[w6:mn:pro] [api] 200 mode=pro startsWith=nonfj
[w6:mn:pro] [api] 200 mode=pro startsWith=nonfj (405ms direct)
[w6:mn:pro] "nonfj" → 0 records, 0 words
[w6:mn:pro] "nonfj" branch complete
[w6:mn:pro] Saved 41,447 worker words
[w6:mn:pro] Searching "nonfk" | queue=234 | words=41447
[w6:mn:pro] Pacing 15s before "nonfk" (gap=15500ms)
[w6:mn:pro] Managed Turnstile token (len=816, 3482ms, remount)
[w6:mn:pro] [api] 200 mode=pro startsWith=nonfk
[w6:mn:pro] [api] 200 mode=pro startsWith=nonfk (404ms direct)
[w6:mn:pro] "nonfk" → 0 records, 0 words
[w6:mn:pro] "nonfk" branch complete
[w6:mn:pro] Saved 41,447 worker words
[w6:mn:pro] Searching "nonfl" | queue=233 | words=41447
[w6:mn:pro] Pacing 15s before "nonfl" (gap=15500ms)
[w6:mn:pro] heartbeat words=41447 queue=233 rotation=1 idle=8s
[w6:mn:pro] Site Turnstile remint timed out (22371ms)
[w6:mn:pro] Failed "nonfl" attempt 1: No Turnstile token for direct search
[w6:mn:pro] Saved 41,447 worker words; shared last.txt now 381,361
[w6:mn:pro] Turnstile miss — soft reload before rotate
[w6:mn:pro] Managed Turnstile token (len=816, 3997ms, remount)
[w6:mn:pro] Searching "nonfl" | queue=233 | words=41447
[w6:mn:pro] [api] 200 mode=pro startsWith=nonfl
[w6:mn:pro] [api] 200 mode=pro startsWith=nonfl (503ms direct)
[w6:mn:pro] "nonfl" → 50 records, 50 words
[w6:mn:pro] "nonfl" branch complete
[w6:mn:pro] Saved 41,497 worker words
[w6:mn:pro] Searching "nonfm" | queue=232 | words=41497
[w6:mn:pro] Pacing 15s before "nonfm" (gap=15500ms)
[w6:mn:pro] Site Turnstile remint timed out (23035ms)
[w6:mn:pro] Failed "nonfm" attempt 1: No Turnstile token for direct search
[w6:mn:pro] Saved 41,497 worker words
[w6:mn:pro] Turnstile miss — soft reload before rotate
[w6:mn:pro] Managed Turnstile token (len=816, 4892ms, remount)
[w6:mn:pro] Searching "nonfm" | queue=232 | words=41497
[w6:mn:pro] [api] 200 mode=pro startsWith=nonfm
[w6:mn:pro] [api] 200 mode=pro startsWith=nonfm (487ms direct)
[w6:mn:pro] "nonfm" → 0 records, 0 words
[w6:mn:pro] "nonfm" branch complete
[w6:mn:pro] Saved 41,497 worker words
[w6:mn:pro] Searching "nonfn" | queue=231 | words=41497
[w6:mn:pro] Pacing 15s before "nonfn" (gap=15500ms)
[w6:mn:pro] heartbeat words=41497 queue=231 rotation=1 idle=7s
[w6:mn:pro] Site Turnstile remint timed out (22554ms)
[w6:mn:pro] Failed "nonfn" attempt 1: No Turnstile token for direct search
[w6:mn:pro] Saved 41,497 worker words
[w6:mn:pro] Turnstile miss — soft reload before rotate
[w6:mn:pro] Turnstile token present (len=816)
[w6:mn:pro] Site Turnstile token (5605ms)
[w6:mn:pro] Searching "nonfn" | queue=231 | words=41497
[w6:mn:pro] [api] 200 mode=pro startsWith=nonfn
[w6:mn:pro] [api] 200 mode=pro startsWith=nonfn (572ms direct)
[w6:mn:pro] "nonfn" → 0 records, 0 words
[w6:mn:pro] "nonfn" branch complete
[w6:mn:pro] Saved 41,497 worker words
[w6:mn:pro] Searching "nonfo" | queue=230 | words=41497
[w6:mn:pro] Pacing 15s before "nonfo" (gap=15500ms)
[w6:mn:pro] Managed Turnstile token (len=816, 8018ms, remount)
[w6:mn:pro] [api] 200 mode=pro startsWith=nonfo
[w6:mn:pro] [api] 200 mode=pro startsWith=nonfo (657ms direct)
[w6:mn:pro] "nonfo" → 47 records, 47 words
[w6:mn:pro] "nonfo" branch complete
[w6:mn:pro] Saved 41,519 worker words
[w6:mn:pro] Searching "nonfu" | queue=229 | words=41519
[w6:mn:pro] Pacing 15s before "nonfu" (gap=15500ms)
[w6:mn:pro] heartbeat words=41519 queue=229 rotation=1 idle=21s
[w6:mn:pro] Site Turnstile remint timed out (22443ms)
[w6:mn:pro] Failed "nonfu" attempt 1: No Turnstile token for direct search
[w6:mn:pro] Saved 41,519 worker words
[w6:mn:pro] Turnstile miss — soft reload before rotate
[w6:mn:pro] Turnstile token present (len=816)
[w6:mn:pro] Site Turnstile token (8139ms)
[w6:mn:pro] Searching "nonfu" | queue=229 | words=41519
[w6:mn:pro] [api] 200 mode=pro startsWith=nonfu
[w6:mn:pro] [api] 200 mode=pro startsWith=nonfu (585ms direct)
[w6:mn:pro] "nonfu" → 28 records, 28 words
[w6:mn:pro] "nonfu" branch complete
[w6:mn:pro] Saved 41,519 worker words; shared last.txt now 382,012
[w6:mn:pro] Searching "nonfv" | queue=228 | words=41519
[w6:mn:pro] Pacing 13s before "nonfv" (gap=15500ms)
[w6:mn:pro] Managed Turnstile token (len=816, 9762ms, remount)
[w6:mn:pro] [api] 200 mode=pro startsWith=nonfv
[w6:mn:pro] [api] 200 mode=pro startsWith=nonfv (450ms direct)
[w6:mn:pro] "nonfv" → 0 records, 0 words
[w6:mn:pro] "nonfv" branch complete
[w6:mn:pro] Saved 41,519 worker words
[w6:mn:pro] Searching "nonfw" | queue=227 | words=41519
[w6:mn:pro] Pacing 15s before "nonfw" (gap=15500ms)
[w6:mn:pro] Site Turnstile remint timed out (22583ms)
[w6:mn:pro] Failed "nonfw" attempt 1: No Turnstile token for direct search
[w6:mn:pro] Saved 41,519 worker words
[w6:mn:pro] Turnstile miss — soft reload before rotate
[w6:mn:pro] Graceful shutdown on SIGTERM
[w6:mn:pro] Saved 41,519 worker words
[w6:mn:pro] Tor exited code=0
[w6:mn:pro] IP mode=tor
[w6:mn:pro] Cleaned 1 old rotated profile(s)
[w6:mn:pro] Starting persistent Tor socks=127.0.0.1:19056 control=127.0.0.1:29056
[w6:mn:pro] tor: Aug 05 18:05:22.000 [notice] Bootstrapped 0% (starting): Starting
[w6:mn:pro] tor: Aug 05 18:05:24.000 [notice] Bootstrapped 5% (conn): Connecting to a relay
[w6:mn:pro] tor: Aug 05 18:05:24.000 [notice] Bootstrapped 10% (conn_done): Connected to a relay
[w6:mn:pro] tor: Aug 05 18:05:24.000 [notice] Bootstrapped 14% (handshake): Handshaking with a relay
[w6:mn:pro] tor: Aug 05 18:05:24.000 [notice] Bootstrapped 15% (handshake_done): Handshake with a relay done
Aug 05 18:05:24.000 [notice] Bootstrapped 75% (enough_dirinfo): Load
[w6:mn:pro] tor: Aug 05 18:05:25.000 [notice] Bootstrapped 100% (done): Done
[w6:mn:pro] Tor ready on 19056 exit=109.70.100.5
[w6:mn:pro] Launching persistent Chrome profile /tmp/lll-pw-w6-r0
[w6:mn:pro] Proxy tor#1 socks5://127.0.0.1:19056
[w6:mn:pro] Opening https://lastletterlibrary.com
[w6:mn:pro] Library mode=pro
[w6:mn:pro] Managed Turnstile token (len=816, 5934ms, remount)
[w6:mn:pro] Search mode=direct (skip UI Wait Ns… gate)
[w6:mn:pro] Loaded 4924 prefixes, 41519 words; queue=228
[w6:mn:pro] Searching "nonfw" | queue=227 | words=41519
[w6:mn:pro] [api] 200 mode=pro startsWith=nonfw
[w6:mn:pro] [api] 200 mode=pro startsWith=nonfw (539ms direct)
[w6:mn:pro] "nonfw" → 0 records, 0 words
[w6:mn:pro] "nonfw" branch complete
[w6:mn:pro] Saved 41,519 worker words
[w6:mn:pro] Searching "nonfx" | queue=226 | words=41519
[w6:mn:pro] Pacing 15s before "nonfx" (gap=15500ms)
[w6:mn:pro] Site Turnstile remint timed out (22392ms)
[w6:mn:pro] Failed "nonfx" attempt 1: No Turnstile token for direct search
[w6:mn:pro] Saved 41,519 worker words
[w6:mn:pro] Turnstile miss — soft reload before rotate
[w6:mn:pro] Managed Turnstile token (len=816, 4412ms, remount)
[w6:mn:pro] Searching "nonfx" | queue=226 | words=41519
[w6:mn:pro] [api] 200 mode=pro startsWith=nonfx
[w6:mn:pro] [api] 200 mode=pro startsWith=nonfx (446ms direct)
[w6:mn:pro] "nonfx" → 0 records, 0 words
[w6:mn:pro] "nonfx" branch complete
[w6:mn:pro] Saved 41,519 worker words
[w6:mn:pro] Searching "nonfy" | queue=225 | words=41519
[w6:mn:pro] Pacing 16s before "nonfy" (gap=15500ms)
[w6:mn:pro] Site Turnstile remint timed out (22600ms)
[w6:mn:pro] Failed "nonfy" attempt 1: No Turnstile token for direct search
[w6:mn:pro] Saved 41,519 worker words
[w6:mn:pro] Turnstile miss — soft reload before rotate
[w6:mn:pro] Turnstile token present (len=816)
[w6:mn:pro] Site Turnstile token (5864ms)
[w6:mn:pro] Searching "nonfy" | queue=225 | words=41519
[w6:mn:pro] heartbeat words=41519 queue=225 rotation=0 idle=31s
[w6:mn:pro] [api] 200 mode=pro startsWith=nonfy
[w6:mn:pro] [api] 200 mode=pro startsWith=nonfy (425ms direct)
[w6:mn:pro] "nonfy" → 0 records, 0 words
[w6:mn:pro] "nonfy" branch complete
[w6:mn:pro] Saved 41,519 worker words
[w6:mn:pro] Searching "nonfz" | queue=224 | words=41519
[w6:mn:pro] Pacing 16s before "nonfz" (gap=15500ms)
[w6:mn:pro] Managed Turnstile token (len=816, 4101ms, remount)
[w6:mn:pro] [api] 200 mode=pro startsWith=nonfz
[w6:mn:pro] [api] 200 mode=pro startsWith=nonfz (981ms direct)
[w6:mn:pro] "nonfz" → 0 records, 0 words
[w6:mn:pro] "nonfz" branch complete
[w6:mn:pro] Saved 41,519 worker words
[w6:mn:pro] Searching "nongy" | queue=223 | words=41519
[w6:mn:pro] Pacing 11s before "nongy" (gap=15500ms)
[w6:mn:pro] Site Turnstile remint timed out (24176ms)
[w6:mn:pro] Failed "nongy" attempt 1: No Turnstile token for direct search
[w6:mn:pro] Saved 41,519 worker words
[w6:mn:pro] Turnstile miss — soft reload before rotate
[w6:mn:pro] heartbeat words=41519 queue=224 rotation=0 idle=39s
[w6:mn:pro] Turnstile mint hard timeout after 15000ms
[w6:mn:pro] Turnstile token present (len=816)
[w6:mn:pro] Site Turnstile token (15181ms)
[w6:mn:pro] Soft reload mint failed — rotating immediately
[w6:mn:pro] Tor NEWNYM gen=1; waiting 8000ms
[w6:mn:pro] Tor ready on 19056 exit=185.220.101.9
[w6:mn:pro] Rotating IP (#1, try 1) after No Turnstile token for direct search → tor#2 socks5://127.0.0.1:19056
[w6:mn:pro] Launching persistent Chrome profile /tmp/lll-pw-w6-r1
[w6:mn:pro] Proxy tor#2 socks5://127.0.0.1:19056
[w6:mn:pro] Opening https://lastletterlibrary.com
[w6:mn:pro] Library mode=pro
[w6:mn:pro] Turnstile token present (len=816)
[w6:mn:pro] Site Turnstile token (22754ms)
[w6:mn:pro] Search mode=direct (skip UI Wait Ns… gate)
[w6:mn:pro] Cleaned 1 old rotated profile(s)
[w6:mn:pro] Searching "nongy" | queue=223 | words=41519
[w6:mn:pro] [api] 200 mode=pro startsWith=nongy
[w6:mn:pro] [api] 200 mode=pro startsWith=nongy (541ms direct)
[w6:mn:pro] "nongy" → 2 records, 2 words
[w6:mn:pro] "nongy" branch complete
[w6:mn:pro] Saved 41,519 worker words
[w6:mn:pro] Searching "nongz" | queue=222 | words=41519
[w6:mn:pro] heartbeat words=41519 queue=222 rotation=1 idle=6s
[w6:mn:pro] Site Turnstile remint timed out (25552ms)
[w6:mn:pro] Failed "nongz" attempt 1: No Turnstile token for direct search
[w6:mn:pro] Saved 41,519 worker words
[w6:mn:pro] Turnstile miss — soft reload before rotate
[w6:mn:pro] Graceful shutdown on SIGTERM
[w6:mn:pro] Saved 41,519 worker words
[w6:mn:pro] Tor exited code=0
[w6:mn:pro] IP mode=tor
[w6:mn:pro] Cleaned 1 old rotated profile(s)
[w6:mn:pro] Starting persistent Tor socks=127.0.0.1:19056 control=127.0.0.1:29056
[w6:mn:pro] tor: Aug 05 18:09:53.000 [notice] Bootstrapped 0% (starting): Starting
[w6:mn:pro] tor: Aug 05 18:09:55.000 [notice] Bootstrapped 5% (conn): Connecting to a relay
[w6:mn:pro] tor: Aug 05 18:09:55.000 [notice] Bootstrapped 10% (conn_done): Connected to a relay
[w6:mn:pro] tor: Aug 05 18:09:55.000 [notice] Bootstrapped 14% (handshake): Handshaking with a relay
[w6:mn:pro] tor: Aug 05 18:09:55.000 [notice] Bootstrapped 15% (handshake_done): Handshake with a relay done
Aug 05 18:09:55.000 [notice] Bootstrapped 75% (enough_dirinfo): Load
[w6:mn:pro] tor: Aug 05 18:09:55.000 [notice] Bootstrapped 95% (circuit_create): Establishing a Tor circuit
[w6:mn:pro] tor: Aug 05 18:09:56.000 [notice] Bootstrapped 100% (done): Done
[w6:mn:pro] Tor ready on 19056 exit=192.42.116.96
[w6:mn:pro] Launching persistent Chrome profile /tmp/lll-pw-w6-r0
[w6:mn:pro] Proxy tor#1 socks5://127.0.0.1:19056
[w6:mn:pro] Opening https://lastletterlibrary.com
[w6:mn:pro] Library mode=pro
[w6:mn:pro] Managed Turnstile token (len=816, 16208ms, remount)
[w6:mn:pro] Search mode=direct (skip UI Wait Ns… gate)
[w6:mn:pro] Loaded 4929 prefixes, 41519 words; queue=223
[w6:mn:pro] Searching "nongz" | queue=222 | words=41519
[w6:mn:pro] [api] 200 mode=pro startsWith=nongz
[w6:mn:pro] [api] 200 mode=pro startsWith=nongz (602ms direct)
[w6:mn:pro] "nongz" → 0 records, 0 words
[w6:mn:pro] "nongz" branch complete
[w6:mn:pro] Saved 41,519 worker words
[w6:mn:pro] Searching "nonhy" | queue=221 | words=41519
[w6:mn:pro] Pacing 15s before "nonhy" (gap=15500ms)
[w6:mn:pro] Managed Turnstile token (len=816, 17262ms, remount)
[w6:mn:pro] [api] 200 mode=pro startsWith=nonhy
[w6:mn:pro] [api] 200 mode=pro startsWith=nonhy (506ms direct)
[w6:mn:pro] "nonhy" → 17 records, 17 words
[w6:mn:pro] "nonhy" branch complete
[w6:mn:pro] Saved 41,519 worker words
[w6:mn:pro] Searching "nonhz" | queue=220 | words=41519
[w6:mn:pro] Pacing 15s before "nonhz" (gap=15500ms)
[w6:mn:pro] Managed Turnstile token (len=816, 17713ms, remount)
[w6:mn:pro] [api] 200 mode=pro startsWith=nonhz
[w6:mn:pro] [api] 200 mode=pro startsWith=nonhz (426ms direct)
[w6:mn:pro] "nonhz" → 0 records, 0 words
[w6:mn:pro] "nonhz" branch complete
[w6:mn:pro] Saved 41,519 worker words
[w6:mn:pro] Searching "nonim" | queue=219 | words=41519
[w6:mn:pro] Pacing 15s before "nonim" (gap=15500ms)
[w6:mn:pro] Managed Turnstile token (len=816, 17861ms, remount)
[w6:mn:pro] [api] 200 mode=pro startsWith=nonim
[w6:mn:pro] [api] 200 mode=pro startsWith=nonim (442ms direct)
[w6:mn:pro] "nonim" → 85 records, 85 words
[w6:mn:pro] "nonim" branch complete
[w6:mn:pro] Saved 41,559 worker words
[w6:mn:pro] Searching "nonin" | queue=218 | words=41559
[w6:mn:pro] Pacing 15s before "nonin" (gap=15500ms)
[w6:mn:pro] heartbeat words=41559 queue=218 rotation=0 idle=5s
[w6:mn:pro] Turnstile mint hard timeout after 28000ms
[w6:mn:pro] Turnstile token present (len=816)
[w6:mn:pro] Site Turnstile token (29996ms)
[w6:mn:pro] Failed "nonin" attempt 1: No Turnstile token for direct search
[w6:mn:pro] Saved 41,559 worker words
[w6:mn:pro] Turnstile miss — soft reload before rotate
[w6:mn:pro] Graceful shutdown on SIGTERM
[w6:mn:pro] Saved 41,559 worker words
[w6:mn:pro] Tor exited code=0
[w6:mn:pro] IP mode=tor
[w6:mn:pro] Cleaned 1 old rotated profile(s)
[w6:mn:pro] Starting persistent Tor socks=127.0.0.1:19056 control=127.0.0.1:29056
[w6:mn:pro] tor: Aug 05 18:12:40.000 [notice] Bootstrapped 0% (starting): Starting
[w6:mn:pro] tor: Aug 05 18:12:42.000 [notice] Bootstrapped 5% (conn): Connecting to a relay
[w6:mn:pro] tor: Aug 05 18:12:42.000 [notice] Bootstrapped 10% (conn_done): Connected to a relay
[w6:mn:pro] tor: Aug 05 18:12:42.000 [notice] Bootstrapped 14% (handshake): Handshaking with a relay
[w6:mn:pro] tor: Aug 05 18:12:42.000 [notice] Bootstrapped 15% (handshake_done): Handshake with a relay done
Aug 05 18:12:42.000 [notice] Bootstrapped 75% (enough_dirinfo): Load
[w6:mn:pro] tor: Aug 05 18:12:42.000 [notice] Bootstrapped 95% (circuit_create): Establishing a Tor circuit
[w6:mn:pro] tor: Aug 05 18:12:43.000 [notice] Bootstrapped 100% (done): Done
[w6:mn:pro] Tor ready on 19056 exit=192.42.116.94
[w6:mn:pro] Launching persistent Chrome profile /tmp/lll-pw-w6-r0
[w6:mn:pro] Proxy tor#1 socks5://127.0.0.1:19056
[w6:mn:pro] Opening https://lastletterlibrary.com
[w6:mn:pro] Library mode=pro
[w6:mn:pro] Turnstile token present (len=816)
[w6:mn:pro] Site Turnstile token (19768ms)
[w6:mn:pro] Search mode=direct (skip UI Wait Ns… gate)
[w6:mn:pro] Loaded 4933 prefixes, 41559 words; queue=219
[w6:mn:pro] Searching "nonin" | queue=218 | words=41559
[w6:mn:pro] [api] 200 mode=pro startsWith=nonin
[w6:mn:pro] [api] 200 mode=pro startsWith=nonin (424ms direct)
[w6:mn:pro] "nonin" → 100 records, 100 words
[w6:mn:pro] Pacing 15s before "nonin" (gap=15500ms)
[w6:mn:pro] Managed Turnstile miss (15068ms)
[w6:mn:pro] "nonin" reverse search failed (No Turnstile token for direct search); forward-only
[w6:mn:pro] "nonin" full page ends at "noninfluences" (next='f'); skip 7 covered groups → 21 children from noninf..
[w6:mn:pro] Saved 41,659 worker words
[w6:mn:pro] Searching "nonio" | queue=238 | words=41659
[w6:mn:pro] Managed Turnstile miss (15063ms)
[w6:mn:pro] Failed "nonio" attempt 1: No Turnstile token for direct search
[w6:mn:pro] Saved 41,659 worker words
[w6:mn:pro] Turnstile miss — soft reload before rotate
[w6:mn:pro] Turnstile token present (len=816)
[w6:mn:pro] Site Turnstile token (6703ms)
[w6:mn:pro] Searching "nonio" | queue=238 | words=41659
[w6:mn:pro] [api] 200 mode=pro startsWith=nonio
[w6:mn:pro] [api] 200 mode=pro startsWith=nonio (826ms direct)
[w6:mn:pro] "nonio" → 6 records, 6 words
[w6:mn:pro] "nonio" branch complete
[w6:mn:pro] Saved 41,665 worker words
[w6:mn:pro] Searching "nonip" | queue=237 | words=41665
[w6:mn:pro] Pacing 15s before "nonip" (gap=15500ms)
[w6:mn:pro] Managed Turnstile miss (15083ms)
[w6:mn:pro] Failed "nonip" attempt 1: No Turnstile token for direct search
[w6:mn:pro] Saved 41,665 worker words
[w6:mn:pro] Turnstile miss — soft reload before rotate
[w6:mn:pro] heartbeat words=41665 queue=238 rotation=0 idle=21s
[w6:mn:pro] Site Turnstile remint timed out (9857ms)
[w6:mn:pro] Soft reload mint failed — rotating immediately
[w6:mn:pro] Tor NEWNYM gen=1; waiting 8000ms
[w6:mn:pro] Tor ready on 19056 exit=31.25.11.143
[w6:mn:pro] Rotating IP (#1, try 1) after No Turnstile token for direct search → tor#2 socks5://127.0.0.1:19056
[w6:mn:pro] Launching persistent Chrome profile /tmp/lll-pw-w6-r1
[w6:mn:pro] Proxy tor#2 socks5://127.0.0.1:19056
[w6:mn:pro] Opening https://lastletterlibrary.com
[w6:mn:pro] page.goto failed attempt 1: page.goto: net::ERR_TIMED_OUT at https://lastletterlibrary.com/
Call log:
  - navigating to "https://lastletterlibrary.c
[w6:mn:pro] heartbeat words=41665 queue=238 rotation=1 idle=81s
[w6:mn:pro] page.goto failed attempt 2: page.goto: net::ERR_TIMED_OUT at https://lastletterlibrary.com/
Call log:
  - navigating to "https://lastletterlibrary.c
[w6:mn:pro] page.goto failed attempt 3: page.goto: net::ERR_SOCKET_NOT_CONNECTED at https://lastletterlibrary.com/
Call log:
  - navigating to "https://lastlett
[w6:mn:pro] rotateIp attempt 1 failed: page.goto: net::ERR_SOCKET_NOT_CONNECTED at https://lastletterlibrary.com/
Call log:
  - navigating to "https://lastletterlibrary.com/", waiting until "domconte
[w6:mn:pro] heartbeat words=41665 queue=238 rotation=2 idle=141s
[w6:mn:pro] Tor NEWNYM gen=2; waiting 8000ms
[w6:mn:pro] Tor NEWNYM kept exit=31.25.11.143 (try 1/6)
[w6:mn:pro] Tor NEWNYM gen=3; waiting 8000ms
[w6:mn:pro] Tor ready on 19056 exit=45.133.74.53
[w6:mn:pro] Rotating IP (#2, try 2) after No Turnstile token for direct search → tor#3 socks5://127.0.0.1:19056
[w6:mn:pro] Launching persistent Chrome profile /tmp/lll-pw-w6-r2
[w6:mn:pro] Proxy tor#3 socks5://127.0.0.1:19056
[w6:mn:pro] Opening https://lastletterlibrary.com
[w6:mn:pro] Library mode=pro
[w6:mn:pro] heartbeat words=41665 queue=238 rotation=2 idle=201s
[w6:mn:pro] No successful search for 180s — respawning worker
[w6:mn:pro] Graceful shutdown on watchdog
[w6:mn:pro] Saved 41,665 worker words
[w6:mn:pro] Tor exited code=0

--- respawn 2026-08-05T23:17:26.686Z ---
[w6:mn:pro] IP mode=tor
[w6:mn:pro] Cleaned 3 old rotated profile(s)
[w6:mn:pro] Starting persistent Tor socks=127.0.0.1:19056 control=127.0.0.1:29056
[w6:mn:pro] tor: Aug 05 18:17:27.000 [notice] Bootstrapped 0% (starting): Starting
[w6:mn:pro] tor: Aug 05 18:17:29.000 [notice] Bootstrapped 5% (conn): Connecting to a relay
[w6:mn:pro] tor: Aug 05 18:17:29.000 [notice] Bootstrapped 10% (conn_done): Connected to a relay
[w6:mn:pro] tor: Aug 05 18:17:29.000 [notice] Bootstrapped 14% (handshake): Handshaking with a relay
[w6:mn:pro] tor: Aug 05 18:17:29.000 [notice] Bootstrapped 15% (handshake_done): Handshake with a relay done
Aug 05 18:17:29.000 [notice] Bootstrapped 75% (enough_dirinfo): Load
[w6:mn:pro] tor: Aug 05 18:17:29.000 [notice] Bootstrapped 95% (circuit_create): Establishing a Tor circuit
[w6:mn:pro] tor: Aug 05 18:17:30.000 [notice] Bootstrapped 100% (done): Done
[w6:mn:pro] Tor ready on 19056 exit=185.100.87.174
[w6:mn:pro] Launching persistent Chrome profile /tmp/lll-pw-w6-r0
[w6:mn:pro] Proxy tor#1 socks5://127.0.0.1:19056
[w6:mn:pro] Opening https://lastletterlibrary.com
[w6:mn:pro] Library mode=pro
[w6:mn:pro] Turnstile token present (len=816)
[w6:mn:pro] Site Turnstile token (21186ms)
[w6:mn:pro] Search mode=direct (skip UI Wait Ns… gate)
[w6:mn:pro] Loaded 4942 prefixes, 41665 words; queue=238
[w6:mn:pro] Searching "nonip" | queue=237 | words=41665
[w6:mn:pro] [api] 200 mode=pro startsWith=nonip
[w6:mn:pro] [api] 200 mode=pro startsWith=nonip (541ms direct)
[w6:mn:pro] "nonip" → 0 records, 0 words
[w6:mn:pro] "nonip" branch complete
[w6:mn:pro] Saved 41,665 worker words
[w6:mn:pro] Searching "noniq" | queue=236 | words=41665
[w6:mn:pro] Pacing 15s before "noniq" (gap=15500ms)
[w6:mn:pro] Managed Turnstile miss (15229ms)
[w6:mn:pro] Failed "noniq" attempt 1: No Turnstile token for direct search
[w6:mn:pro] Saved 41,665 worker words
[w6:mn:pro] Turnstile miss — soft reload before rotate
[w6:mn:pro] Turnstile token present (len=816)
[w6:mn:pro] Site Turnstile token (13737ms)
[w6:mn:pro] Searching "noniq" | queue=236 | words=41665
[w6:mn:pro] [api] 200 mode=pro startsWith=noniq
[w6:mn:pro] [api] 200 mode=pro startsWith=noniq (415ms direct)
[w6:mn:pro] "noniq" → 0 records, 0 words
[w6:mn:pro] "noniq" branch complete
[w6:mn:pro] Saved 41,665 worker words
[w6:mn:pro] Searching "nonir" | queue=235 | words=41665
[w6:mn:pro] Pacing 15s before "nonir" (gap=15500ms)
[w6:mn:pro] Managed Turnstile miss (15158ms)
[w6:mn:pro] Failed "nonir" attempt 1: No Turnstile token for direct search
[w6:mn:pro] Saved 41,665 worker words
[w6:mn:pro] Turnstile miss — soft reload before rotate
[w6:mn:pro] Site Turnstile remint timed out (9400ms)
[w6:mn:pro] Soft reload mint failed — rotating immediately
[w6:mn:pro] Tor NEWNYM gen=1; waiting 8000ms
[w6:mn:pro] heartbeat words=41665 queue=236 rotation=1 idle=28s
[w6:mn:pro] Tor ready on 19056 exit=192.42.116.94
[w6:mn:pro] Rotating IP (#1, try 1) after No Turnstile token for direct search → tor#2 socks5://127.0.0.1:19056
[w6:mn:pro] Launching persistent Chrome profile /tmp/lll-pw-w6-r1
[w6:mn:pro] Proxy tor#2 socks5://127.0.0.1:19056
[w6:mn:pro] Opening https://lastletterlibrary.com
[w6:mn:pro] Library mode=pro
[w6:mn:pro] Turnstile token present (len=837)
[w6:mn:pro] Site Turnstile token (20570ms)
[w6:mn:pro] Search mode=direct (skip UI Wait Ns… gate)
[w6:mn:pro] Cleaned 1 old rotated profile(s)
[w6:mn:pro] Searching "nonir" | queue=235 | words=41665
[w6:mn:pro] [api] 200 mode=pro startsWith=nonir
[w6:mn:pro] [api] 200 mode=pro startsWith=nonir (523ms direct)
[w6:mn:pro] "nonir" → 33 records, 33 words
[w6:mn:pro] "nonir" branch complete
[w6:mn:pro] Saved 41,698 worker words
[w6:mn:pro] Searching "nonis" | queue=234 | words=41698
[w6:mn:pro] Pacing 15s before "nonis" (gap=15500ms)
[w6:mn:pro] Managed Turnstile miss (16067ms)
[w6:mn:pro] Failed "nonis" attempt 1: No Turnstile token for direct search
[w6:mn:pro] Saved 41,698 worker words
[w6:mn:pro] Turnstile miss — soft reload before rotate
[w6:mn:pro] heartbeat words=41698 queue=235 rotation=1 idle=24s
[w6:mn:pro] Turnstile token present (len=837)
[w6:mn:pro] Site Turnstile token (6843ms)
[w6:mn:pro] Searching "nonis" | queue=234 | words=41698
[w6:mn:pro] [api] 200 mode=pro startsWith=nonis
[w6:mn:pro] [api] 200 mode=pro startsWith=nonis (403ms direct)
[w6:mn:pro] "nonis" → 10 records, 10 words (incl. exact "nonis")
[w6:mn:pro] "nonis" branch complete
[w6:mn:pro] Saved 41,708 worker words
[w6:mn:pro] Searching "nonit" | queue=233 | words=41708
[w6:mn:pro] Pacing 16s before "nonit" (gap=15500ms)
[w6:mn:pro] Managed Turnstile miss (15283ms)
[w6:mn:pro] Failed "nonit" attempt 1: No Turnstile token for direct search
[w6:mn:pro] Saved 41,708 worker words; shared last.txt now 387,392
[w6:mn:pro] Turnstile miss — soft reload before rotate
[w6:mn:pro] Site Turnstile remint timed out (10505ms)
[w6:mn:pro] Soft reload mint failed — rotating immediately
[w6:mn:pro] Tor NEWNYM gen=2; waiting 8000ms
[w6:mn:pro] Tor ready on 19056 exit=23.191.200.41
[w6:mn:pro] Rotating IP (#2, try 1) after No Turnstile token for direct search → tor#3 socks5://127.0.0.1:19056
[w6:mn:pro] Launching persistent Chrome profile /tmp/lll-pw-w6-r2
[w6:mn:pro] Proxy tor#3 socks5://127.0.0.1:19056
[w6:mn:pro] Opening https://lastletterlibrary.com
[w6:mn:pro] heartbeat words=41708 queue=234 rotation=2 idle=57s
[w6:mn:pro] Library mode=pro
[w6:mn:pro] Managed Turnstile token (len=816, 11945ms, remount)
[w6:mn:pro] Search mode=direct (skip UI Wait Ns… gate)
[w6:mn:pro] Cleaned 1 old rotated profile(s)
[w6:mn:pro] Searching "nonit" | queue=233 | words=41708
[w6:mn:pro] [api] 200 mode=pro startsWith=nonit
[w6:mn:pro] [api] 200 mode=pro startsWith=nonit (650ms direct)
[w6:mn:pro] "nonit" → 0 records, 0 words
[w6:mn:pro] "nonit" branch complete
[w6:mn:pro] Saved 41,708 worker words
[w6:mn:pro] Searching "noniu" | queue=232 | words=41708
[w6:mn:pro] Pacing 13s before "noniu" (gap=15500ms)
[w6:mn:pro] Managed Turnstile miss (17333ms)
[w6:mn:pro] Failed "noniu" attempt 1: No Turnstile token for direct search
[w6:mn:pro] Saved 41,708 worker words
[w6:mn:pro] Turnstile miss — soft reload before rotate
[w6:mn:pro] Turnstile mint hard timeout after 15000ms
[w6:mn:pro] Site Turnstile remint timed out (15693ms)
[w6:mn:pro] Soft reload mint failed — rotating immediately
[w6:mn:pro] heartbeat words=41708 queue=233 rotation=3 idle=37s
[w6:mn:pro] Tor NEWNYM gen=3; waiting 8000ms
[w6:mn:pro] Tor ready on 19056 exit=37.187.74.97
[w6:mn:pro] Rotating IP (#3, try 1) after No Turnstile token for direct search → tor#4 socks5://127.0.0.1:19056
[w6:mn:pro] Launching persistent Chrome profile /tmp/lll-pw-w6-r3
[w6:mn:pro] Proxy tor#4 socks5://127.0.0.1:19056
[w6:mn:pro] Opening https://lastletterlibrary.com
[w6:mn:pro] Library mode=pro
[w6:mn:pro] heartbeat words=41708 queue=233 rotation=3 idle=98s
[w6:mn:pro] Turnstile token present (len=837)
[w6:mn:pro] Site Turnstile token (23432ms)
[w6:mn:pro] Search mode=direct (skip UI Wait Ns… gate)
[w6:mn:pro] Cleaned 1 old rotated profile(s)
[w6:mn:pro] Searching "noniu" | queue=232 | words=41708
[w6:mn:pro] [api] 200 mode=pro startsWith=noniu
[w6:mn:pro] [api] 200 mode=pro startsWith=noniu (604ms direct)
[w6:mn:pro] "noniu" → 1 records, 1 words
[w6:mn:pro] "noniu" branch complete
[w6:mn:pro] Saved 41,709 worker words
[w6:mn:pro] Searching "noniv" | queue=231 | words=41709
[w6:mn:pro] Pacing 14s before "noniv" (gap=15500ms)
[w6:mn:pro] Managed Turnstile miss (15686ms)
[w6:mn:pro] Failed "noniv" attempt 1: No Turnstile token for direct search
[w6:mn:pro] Saved 41,709 worker words
[w6:mn:pro] Turnstile miss — soft reload before rotate
[w6:mn:pro] Site Turnstile remint timed out (12683ms)
[w6:mn:pro] Soft reload mint failed — rotating immediately
[w6:mn:pro] Tor NEWNYM gen=4; waiting 8000ms
[w6:mn:pro] Tor ready on 19056 exit=5.255.98.151
[w6:mn:pro] Rotating IP (#4, try 1) after No Turnstile token for direct search → tor#5 socks5://127.0.0.1:19056
[w6:mn:pro] Launching persistent Chrome profile /tmp/lll-pw-w6-r4
[w6:mn:pro] Proxy tor#5 socks5://127.0.0.1:19056
[w6:mn:pro] Opening https://lastletterlibrary.com
[w6:mn:pro] Library mode=pro
[w6:mn:pro] heartbeat words=41709 queue=232 rotation=4 idle=53s
[w6:mn:pro] Turnstile token present (len=837)
[w6:mn:pro] Site Turnstile token (19674ms)
[w6:mn:pro] Search mode=direct (skip UI Wait Ns… gate)
[w6:mn:pro] Cleaned 1 old rotated profile(s)
[w6:mn:pro] Searching "noniv" | queue=231 | words=41709
[w6:mn:pro] [api] 200 mode=pro startsWith=noniv
[w6:mn:pro] [api] 200 mode=pro startsWith=noniv (418ms direct)
[w6:mn:pro] "noniv" → 0 records, 0 words
[w6:mn:pro] "noniv" branch complete
[w6:mn:pro] Saved 41,709 worker words
[w6:mn:pro] Searching "noniw" | queue=230 | words=41709
[w6:mn:pro] Pacing 15s before "noniw" (gap=15500ms)
[w6:mn:pro] Managed Turnstile miss (15151ms)
[w6:mn:pro] Failed "noniw" attempt 1: No Turnstile token for direct search
[w6:mn:pro] Saved 41,709 worker words
[w6:mn:pro] Turnstile miss — soft reload before rotate
[w6:mn:pro] Turnstile mint hard timeout after 15000ms
[w6:mn:pro] Site Turnstile remint timed out (15863ms)
[w6:mn:pro] Soft reload mint failed — rotating immediately
[w6:mn:pro] Tor NEWNYM gen=5; waiting 8000ms
[w6:mn:pro] heartbeat words=41709 queue=231 rotation=5 idle=45s
[w6:mn:pro] Tor ready on 19056 exit=192.42.116.142
[w6:mn:pro] Rotating IP (#5, try 1) after No Turnstile token for direct search → tor#6 socks5://127.0.0.1:19056
[w6:mn:pro] Launching persistent Chrome profile /tmp/lll-pw-w6-r5
[w6:mn:pro] Proxy tor#6 socks5://127.0.0.1:19056
[w6:mn:pro] Opening https://lastletterlibrary.com
[w6:mn:pro] page.goto failed attempt 1: page.goto: net::ERR_TIMED_OUT at https://lastletterlibrary.com/
Call log:
  - navigating to "https://lastletterlibrary.c
[w6:mn:pro] page.goto failed attempt 2: page.goto: net::ERR_SOCKET_NOT_CONNECTED at https://lastletterlibrary.com/
Call log:
  - navigating to "https://lastlett
[w6:mn:pro] heartbeat words=41709 queue=231 rotation=5 idle=105s
[w6:mn:pro] Library mode=pro
[w6:mn:pro] Managed Turnstile token (len=816, 4459ms, remount)
[w6:mn:pro] Search mode=direct (skip UI Wait Ns… gate)
[w6:mn:pro] Cleaned 1 old rotated profile(s)
[w6:mn:pro] Searching "noniw" | queue=230 | words=41709
[w6:mn:pro] [api] 200 mode=pro startsWith=noniw
[w6:mn:pro] [api] 200 mode=pro startsWith=noniw (398ms direct)
[w6:mn:pro] "noniw" → 0 records, 0 words
[w6:mn:pro] "noniw" branch complete
[w6:mn:pro] Saved 41,709 worker words
[w6:mn:pro] Searching "nonix" | queue=229 | words=41709
[w6:mn:pro] Pacing 15s before "nonix" (gap=15500ms)
[w6:mn:pro] Managed Turnstile token (len=816, 3532ms, remount)
[w6:mn:pro] [api] 200 mode=pro startsWith=nonix
[w6:mn:pro] [api] 200 mode=pro startsWith=nonix (464ms direct)
[w6:mn:pro] "nonix" → 0 records, 0 words
[w6:mn:pro] "nonix" branch complete
[w6:mn:pro] Saved 41,709 worker words; shared last.txt now 390,401
[w6:mn:pro] Searching "noniy" | queue=228 | words=41709
[w6:mn:pro] Pacing 4s before "noniy" (gap=15500ms)
[w6:mn:pro] Managed Turnstile token (len=816, 13706ms, remount)
[w6:mn:pro] [api] 200 mode=pro startsWith=noniy
[w6:mn:pro] [api] 200 mode=pro startsWith=noniy (433ms direct)
[w6:mn:pro] "noniy" → 0 records, 0 words
[w6:mn:pro] "noniy" branch complete
[w6:mn:pro] Saved 41,709 worker words
[w6:mn:pro] Searching "noniz" | queue=227 | words=41709
[w6:mn:pro] Pacing 15s before "noniz" (gap=15500ms)
[w6:mn:pro] Managed Turnstile token (len=816, 12365ms, remount)
[w6:mn:pro] heartbeat words=41709 queue=227 rotation=5 idle=16s
[w6:mn:pro] [api] 200 mode=pro startsWith=noniz
[w6:mn:pro] [api] 200 mode=pro startsWith=noniz (479ms direct)
[w6:mn:pro] "noniz" → 0 records, 0 words
[w6:mn:pro] "noniz" branch complete
[w6:mn:pro] Saved 41,709 worker words
[w6:mn:pro] Searching "nonli" | queue=226 | words=41709
[w6:mn:pro] Pacing 13s before "nonli" (gap=15500ms)
[w6:mn:pro] Managed Turnstile token (len=816, 8312ms, remount)
[w6:mn:pro] [api] 429 mode=pro startsWith=nonli
[w6:mn:pro] [api] 429 mode=pro startsWith=nonli (635ms direct)
[w6:mn:pro] Learned server gap ≈ 15500ms (wait hint 2000ms)
[w6:mn:pro] Rate limited — inline wait 2000ms then retry "nonli"
[w6:mn:pro] Managed Turnstile token (len=816, 6120ms, remount)
[w6:mn:pro] [api] 200 mode=pro startsWith=nonli
[w6:mn:pro] [api] 200 mode=pro startsWith=nonli (397ms direct)
[w6:mn:pro] "nonli" → 69 records, 69 words
[w6:mn:pro] "nonli" branch complete
[w6:mn:pro] Saved 41,709 worker words
[w6:mn:pro] Searching "nonly" | queue=225 | words=41709
[w6:mn:pro] Pacing 16s before "nonly" (gap=15500ms)
[w6:mn:pro] Managed Turnstile token (len=816, 3946ms, remount)
[w6:mn:pro] [api] 200 mode=pro startsWith=nonly
[w6:mn:pro] [api] 200 mode=pro startsWith=nonly (423ms direct)
[w6:mn:pro] "nonly" → 8 records, 8 words (incl. exact "nonly")
[w6:mn:pro] "nonly" branch complete
[w6:mn:pro] Saved 41,709 worker words
[w6:mn:pro] Searching "nonlz" | queue=224 | words=41709
[w6:mn:pro] Pacing 15s before "nonlz" (gap=15500ms)
[w6:mn:pro] Managed Turnstile token (len=816, 7428ms, remount)
[w6:mn:pro] [api] 200 mode=pro startsWith=nonlz
[w6:mn:pro] [api] 200 mode=pro startsWith=nonlz (544ms direct)
[w6:mn:pro] "nonlz" → 0 records, 0 words
[w6:mn:pro] "nonlz" branch complete
[w6:mn:pro] Saved 41,709 worker words
[w6:mn:pro] Searching "nonme" | queue=223 | words=41709
[w6:mn:pro] Pacing 13s before "nonme" (gap=15500ms)
[w6:mn:pro] heartbeat words=41709 queue=223 rotation=5 idle=4s
[w6:mn:pro] Managed Turnstile miss (16590ms)
[w6:mn:pro] Failed "nonme" attempt 1: No Turnstile token for direct search
[w6:mn:pro] Saved 41,709 worker words
[w6:mn:pro] Turnstile miss — soft reload before rotate
[w6:mn:pro] Turnstile token present (len=816)
[w6:mn:pro] Site Turnstile token (5609ms)
[w6:mn:pro] Searching "nonme" | queue=223 | words=41709
[w6:mn:pro] [api] 200 mode=pro startsWith=nonme
[w6:mn:pro] [api] 200 mode=pro startsWith=nonme (546ms direct)
[w6:mn:pro] "nonme" → 84 records, 84 words
[w6:mn:pro] "nonme" branch complete
[w6:mn:pro] Saved 41,792 worker words
[w6:mn:pro] Searching "nonmf" | queue=222 | words=41792
[w6:mn:pro] Pacing 14s before "nonmf" (gap=15500ms)
[w6:mn:pro] Managed Turnstile token (len=816, 5742ms, remount)
[w6:mn:pro] [api] 200 mode=pro startsWith=nonmf
[w6:mn:pro] [api] 200 mode=pro startsWith=nonmf (463ms direct)
[w6:mn:pro] "nonmf" → 0 records, 0 words
[w6:mn:pro] "nonmf" branch complete
[w6:mn:pro] heartbeat words=41792 queue=222 rotation=5 idle=33s
[w6:mn:pro] Turnstile mint hard timeout after 20000ms
[w6:mn:pro] Saved 41,792 worker words; shared last.txt now 391,915
[w6:mn:pro] Searching "nonmg" | queue=221 | words=41792
[w6:mn:pro] Managed Turnstile token (len=816, 10100ms, remount)
[w6:mn:pro] [api] 200 mode=pro startsWith=nonmg
[w6:mn:pro] [api] 200 mode=pro startsWith=nonmg (395ms direct)
[w6:mn:pro] "nonmg" → 0 records, 0 words
[w6:mn:pro] "nonmg" branch complete
[w6:mn:pro] Saved 41,792 worker words
[w6:mn:pro] Searching "nonmh" | queue=220 | words=41792
[w6:mn:pro] Pacing 14s before "nonmh" (gap=15500ms)
[w6:mn:pro] Managed Turnstile token (len=816, 8286ms, remount)
[w6:mn:pro] [api] 200 mode=pro startsWith=nonmh
[w6:mn:pro] [api] 200 mode=pro startsWith=nonmh (667ms direct)
[w6:mn:pro] "nonmh" → 0 records, 0 words
[w6:mn:pro] "nonmh" branch complete
[w6:mn:pro] Saved 41,792 worker words
[w6:mn:pro] Searching "nonmi" | queue=219 | words=41792
[w6:mn:pro] Pacing 13s before "nonmi" (gap=15500ms)
[w6:mn:pro] heartbeat words=41792 queue=219 rotation=5 idle=13s
[w6:mn:pro] Managed Turnstile miss (16512ms)
[w6:mn:pro] Failed "nonmi" attempt 1: No Turnstile token for direct search
[w6:mn:pro] Saved 41,792 worker words
[w6:mn:pro] Turnstile miss — soft reload before rotate
[w6:mn:pro] Turnstile mint hard timeout after 15000ms
[w6:mn:pro] Soft reload mint failed — rotating immediately
[w6:mn:pro] Tor NEWNYM gen=6; waiting 8000ms
[w6:mn:pro] Tor ready on 19056 exit=45.66.35.38
[w6:mn:pro] Rotating IP (#6, try 1) after No Turnstile token for direct search → tor#7 socks5://127.0.0.1:19056
[w6:mn:pro] Launching persistent Chrome profile /tmp/lll-pw-w6-r6
[w6:mn:pro] Proxy tor#7 socks5://127.0.0.1:19056
[w6:mn:pro] Opening https://lastletterlibrary.com
[w6:mn:pro] Library mode=pro
[w6:mn:pro] Managed Turnstile token (len=816, 4899ms, remount)
[w6:mn:pro] Search mode=direct (skip UI Wait Ns… gate)
[w6:mn:pro] Cleaned 1 old rotated profile(s)
[w6:mn:pro] Searching "nonmi" | queue=219 | words=41792
[w6:mn:pro] [api] 200 mode=pro startsWith=nonmi
[w6:mn:pro] [api] 200 mode=pro startsWith=nonmi (394ms direct)
[w6:mn:pro] "nonmi" → 42 records, 42 words
[w6:mn:pro] "nonmi" branch complete
[w6:mn:pro] Saved 41,834 worker words
[w6:mn:pro] Searching "nonmj" | queue=218 | words=41834
[w6:mn:pro] Pacing 15s before "nonmj" (gap=15500ms)
[w6:mn:pro] heartbeat words=41834 queue=218 rotation=6 idle=2s
[w6:mn:pro] Managed Turnstile token (len=816, 5709ms, remount)
[w6:mn:pro] [api] 200 mode=pro startsWith=nonmj
[w6:mn:pro] [api] 200 mode=pro startsWith=nonmj (463ms direct)
[w6:mn:pro] "nonmj" → 0 records, 0 words
[w6:mn:pro] "nonmj" branch complete
[w6:mn:pro] Saved 41,834 worker words
[w6:mn:pro] Searching "nonmk" | queue=217 | words=41834
[w6:mn:pro] Pacing 15s before "nonmk" (gap=15500ms)
[w6:mn:pro] Managed Turnstile token (len=816, 5178ms, remount)
[w6:mn:pro] [api] 200 mode=pro startsWith=nonmk
[w6:mn:pro] [api] 200 mode=pro startsWith=nonmk (394ms direct)
[w6:mn:pro] "nonmk" → 0 records, 0 words
[w6:mn:pro] "nonmk" branch complete
[w6:mn:pro] Saved 41,834 worker words
[w6:mn:pro] Searching "nonml" | queue=216 | words=41834
[w6:mn:pro] Pacing 15s before "nonml" (gap=15500ms)
[w6:mn:pro] Managed Turnstile miss (15521ms)
[w6:mn:pro] Failed "nonml" attempt 1: No Turnstile token for direct search
[w6:mn:pro] Saved 41,834 worker words
[w6:mn:pro] Turnstile miss — soft reload before rotate
[w6:mn:pro] Turnstile token present (len=816)
[w6:mn:pro] Site Turnstile token (10263ms)
[w6:mn:pro] Searching "nonml" | queue=216 | words=41834
[w6:mn:pro] [api] 200 mode=pro startsWith=nonml
[w6:mn:pro] [api] 200 mode=pro startsWith=nonml (503ms direct)
[w6:mn:pro] "nonml" → 0 records, 0 words
[w6:mn:pro] "nonml" branch complete
[w6:mn:pro] heartbeat words=41834 queue=216 rotation=6 idle=30s
[w6:mn:pro] Saved 41,834 worker words; shared last.txt now 392,894
[w6:mn:pro] Searching "nonmm" | queue=215 | words=41834
[w6:mn:pro] Pacing 5s before "nonmm" (gap=15500ms)
[w6:mn:pro] Managed Turnstile miss (15554ms)
[w6:mn:pro] Failed "nonmm" attempt 1: No Turnstile token for direct search
[w6:mn:pro] Saved 41,834 worker words
[w6:mn:pro] Turnstile miss — soft reload before rotate
[w6:mn:pro] Managed Turnstile token (len=816, 3999ms, remount)
[w6:mn:pro] Searching "nonmm" | queue=215 | words=41834
[w6:mn:pro] [api] 200 mode=pro startsWith=nonmm
[w6:mn:pro] [api] 200 mode=pro startsWith=nonmm (347ms direct)
[w6:mn:pro] "nonmm" → 0 records, 0 words
[w6:mn:pro] "nonmm" branch complete
[w6:mn:pro] Saved 41,834 worker words
[w6:mn:pro] Searching "nonmn" | queue=214 | words=41834
[w6:mn:pro] Pacing 16s before "nonmn" (gap=15500ms)
[w6:mn:pro] Managed Turnstile token (len=816, 3603ms, remount)
[w6:mn:pro] [api] 200 mode=pro startsWith=nonmn
[w6:mn:pro] [api] 200 mode=pro startsWith=nonmn (382ms direct)
[w6:mn:pro] "nonmn" → 1 records, 1 words
[w6:mn:pro] "nonmn" branch complete
[w6:mn:pro] Saved 41,835 worker words
[w6:mn:pro] Searching "nonmo" | queue=213 | words=41835
[w6:mn:pro] Pacing 15s before "nonmo" (gap=15500ms)
[w6:mn:pro] Managed Turnstile token (len=816, 5066ms, remount)
[w6:mn:pro] [api] 200 mode=pro startsWith=nonmo
[w6:mn:pro] [api] 200 mode=pro startsWith=nonmo (381ms direct)
[w6:mn:pro] "nonmo" → 66 records, 66 words
[w6:mn:pro] "nonmo" branch complete
[w6:mn:pro] Saved 41,856 worker words
[w6:mn:pro] Searching "nonmy" | queue=212 | words=41856
[w6:mn:pro] Pacing 15s before "nonmy" (gap=15500ms)
[w6:mn:pro] heartbeat words=41856 queue=212 rotation=6 idle=8s
[w6:mn:pro] Managed Turnstile token (len=816, 11318ms, remount)
[w6:mn:pro] [api] 200 mode=pro startsWith=nonmy
[w6:mn:pro] [api] 200 mode=pro startsWith=nonmy (402ms direct)
[w6:mn:pro] "nonmy" → 19 records, 19 words
[w6:mn:pro] "nonmy" branch complete
[w6:mn:pro] Saved 41,856 worker words
[w6:mn:pro] Searching "nonmz" | queue=211 | words=41856
[w6:mn:pro] Pacing 15s before "nonmz" (gap=15500ms)
[w6:mn:pro] Managed Turnstile miss (15945ms)
[w6:mn:pro] Failed "nonmz" attempt 1: No Turnstile token for direct search
[w6:mn:pro] Saved 41,856 worker words
[w6:mn:pro] Turnstile miss — soft reload before rotate
[w6:mn:pro] Site Turnstile remint timed out (13564ms)
[w6:mn:pro] Soft reload mint failed — rotating immediately
[w6:mn:pro] heartbeat words=41856 queue=212 rotation=7 idle=52s
[w6:mn:pro] Tor NEWNYM gen=7; waiting 8000ms
[w6:mn:pro] Tor ready on 19056 exit=86.54.28.49
[w6:mn:pro] Rotating IP (#7, try 1) after No Turnstile token for direct search → tor#8 socks5://127.0.0.1:19056
[w6:mn:pro] Launching persistent Chrome profile /tmp/lll-pw-w6-r7
[w6:mn:pro] Proxy tor#8 socks5://127.0.0.1:19056
[w6:mn:pro] Opening https://lastletterlibrary.com
[w6:mn:pro] Library mode=pro
[w6:mn:pro] Managed Turnstile token (len=816, 8706ms, remount)
[w6:mn:pro] Search mode=direct (skip UI Wait Ns… gate)
[w6:mn:pro] Cleaned 1 old rotated profile(s)
[w6:mn:pro] Searching "nonmz" | queue=211 | words=41856
[w6:mn:pro] [api] 200 mode=pro startsWith=nonmz
[w6:mn:pro] [api] 200 mode=pro startsWith=nonmz (707ms direct)
[w6:mn:pro] "nonmz" → 0 records, 0 words
[w6:mn:pro] "nonmz" branch complete
[w6:mn:pro] Saved 41,856 worker words
[w6:mn:pro] Searching "nonny" | queue=210 | words=41856
[w6:mn:pro] Pacing 14s before "nonny" (gap=15500ms)
[w6:mn:pro] Managed Turnstile token (len=794, 5700ms, remount)
[w6:mn:pro] [api] 200 mode=pro startsWith=nonny
[w6:mn:pro] [api] 200 mode=pro startsWith=nonny (450ms direct)
[w6:mn:pro] "nonny" → 1 records, 1 words (incl. exact "nonny")
[w6:mn:pro] "nonny" branch complete
[w6:mn:pro] Saved 41,856 worker words; shared last.txt now 393,810
[w6:mn:pro] Searching "nonnz" | queue=209 | words=41856
[w6:mn:pro] Pacing 14s before "nonnz" (gap=15500ms)
[w6:mn:pro] Managed Turnstile token (len=816, 7387ms, remount)
[w6:mn:pro] heartbeat words=41856 queue=209 rotation=7 idle=7s
[w6:mn:pro] [api] 200 mode=pro startsWith=nonnz
[w6:mn:pro] [api] 200 mode=pro startsWith=nonnz (467ms direct)
[w6:mn:pro] "nonnz" → 0 records, 0 words
[w6:mn:pro] "nonnz" branch complete
[w6:mn:pro] Saved 41,856 worker words
[w6:mn:pro] Searching "nonox" | queue=208 | words=41856
[w6:mn:pro] Pacing 15s before "nonox" (gap=15500ms)
[w6:mn:pro] Managed Turnstile token (len=816, 7311ms, remount)
[w6:mn:pro] [api] 200 mode=pro startsWith=nonox
[w6:mn:pro] [api] 200 mode=pro startsWith=nonox (927ms direct)
[w6:mn:pro] "nonox" → 9 records, 9 words
[w6:mn:pro] "nonox" branch complete
[w6:mn:pro] Saved 41,856 worker words
[w6:mn:pro] Searching "nonoy" | queue=207 | words=41856
[w6:mn:pro] Pacing 14s before "nonoy" (gap=15500ms)
[w6:mn:pro] Managed Turnstile miss (15450ms)
[w6:mn:pro] Failed "nonoy" attempt 1: No Turnstile token for direct search
[w6:mn:pro] Saved 41,856 worker words
[w6:mn:pro] Turnstile miss — soft reload before rotate
[w6:mn:pro] Managed Turnstile token (len=816, 4437ms, remount)
[w6:mn:pro] Searching "nonoy" | queue=207 | words=41856
[w6:mn:pro] [api] 200 mode=pro startsWith=nonoy
[w6:mn:pro] [api] 200 mode=pro startsWith=nonoy (602ms direct)
[w6:mn:pro] "nonoy" → 0 records, 0 words
[w6:mn:pro] "nonoy" branch complete
[w6:mn:pro] Saved 41,856 worker words
[w6:mn:pro] Searching "nonoz" | queue=206 | words=41856
[w6:mn:pro] Pacing 15s before "nonoz" (gap=15500ms)
[w6:mn:pro] Managed Turnstile token (len=816, 3699ms, remount)
[w6:mn:pro] heartbeat words=41856 queue=206 rotation=7 idle=15s
[w6:mn:pro] [api] 200 mode=pro startsWith=nonoz
[w6:mn:pro] [api] 200 mode=pro startsWith=nonoz (525ms direct)
[w6:mn:pro] "nonoz" → 0 records, 0 words
[w6:mn:pro] "nonoz" branch complete
[w6:mn:pro] Saved 41,856 worker words
[w6:mn:pro] Searching "nonpa" | queue=205 | words=41856
[w6:mn:pro] Pacing 15s before "nonpa" (gap=15500ms)
[w6:mn:pro] Managed Turnstile token (len=816, 5092ms, remount)
[w6:mn:pro] [api] 200 mode=pro startsWith=nonpa
[w6:mn:pro] [api] 200 mode=pro startsWith=nonpa (427ms direct)
[w6:mn:pro] "nonpa" → 100 records, 100 words
[w6:mn:pro] Pacing 15s before "nonpa" (gap=15500ms)
[w6:mn:pro] Managed Turnstile token (len=816, 12134ms, remount)
[w6:mn:pro] [api] 200 mode=pro startsWith=nonpa
[w6:mn:pro] [api] 200 mode=pro startsWith=nonpa sort=alphabetical:desc (565ms direct)
[w6:mn:pro] "nonpa" full page ends at "nonpastoral" (next='s'); skip 26 covered groups → 2 children reverse Z→A ends at "nonpalliative" (lo='l' hi='y'); skip 12 middle + 20 new words
[w6:mn:pro] Saved 41,876 worker words
[w6:mn:pro] Searching "nonpb" | queue=206 | words=41876
[w6:mn:pro] Pacing 14s before "nonpb" (gap=15500ms)
[w6:mn:pro] Managed Turnstile token (len=816, 12549ms, remount)
[w6:mn:pro] [api] 200 mode=pro startsWith=nonpb
[w6:mn:pro] [api] 200 mode=pro startsWith=nonpb (494ms direct)
[w6:mn:pro] "nonpb" → 0 records, 0 words
[w6:mn:pro] "nonpb" branch complete
[w6:mn:pro] Saved 41,876 worker words
[w6:mn:pro] Searching "nonpc" | queue=205 | words=41876
[w6:mn:pro] Pacing 15s before "nonpc" (gap=15500ms)
[w6:mn:pro] heartbeat words=41876 queue=205 rotation=7 idle=12s
[w6:mn:pro] Managed Turnstile token (len=794, 15115ms, remount)
[w6:mn:pro] [api] 200 mode=pro startsWith=nonpc
[w6:mn:pro] [api] 200 mode=pro startsWith=nonpc (506ms direct)
[w6:mn:pro] "nonpc" → 0 records, 0 words
[w6:mn:pro] "nonpc" branch complete
[w6:mn:pro] Saved 41,876 worker words; shared last.txt now 394,653
[w6:mn:pro] Searching "nonpd" | queue=204 | words=41876
[w6:mn:pro] Pacing 6s before "nonpd" (gap=15500ms)
[w6:mn:pro] Turnstile mint hard timeout after 20000ms
[w6:mn:pro] Failed "nonpd" attempt 1: No Turnstile token for direct search
[w6:mn:pro] Saved 41,876 worker words
[w6:mn:pro] Turnstile miss — soft reload before rotate
[w6:mn:pro] Managed Turnstile token (len=816, 4735ms, remount)
[w6:mn:pro] Searching "nonpd" | queue=204 | words=41876
[w6:mn:pro] [api] 200 mode=pro startsWith=nonpd
[w6:mn:pro] [api] 200 mode=pro startsWith=nonpd (466ms direct)
[w6:mn:pro] "nonpd" → 0 records, 0 words
[w6:mn:pro] "nonpd" branch complete
[w6:mn:pro] Saved 41,876 worker words
[w6:mn:pro] Searching "nonpe" | queue=203 | words=41876
[w6:mn:pro] Pacing 15s before "nonpe" (gap=15500ms)
[w6:mn:pro] Managed Turnstile token (len=816, 4635ms, remount)
[w6:mn:pro] [api] 200 mode=pro startsWith=nonpe
[w6:mn:pro] [api] 200 mode=pro startsWith=nonpe (427ms direct)
[w6:mn:pro] "nonpe" → 100 records, 100 words
[w6:mn:pro] Pacing 16s before "nonpe" (gap=15500ms)
[w6:mn:pro] heartbeat words=41976 queue=203 rotation=7 idle=18s
[w6:mn:pro] Managed Turnstile token (len=816, 4918ms, remount)
[w6:mn:pro] [api] 200 mode=pro startsWith=nonpe
[w6:mn:pro] [api] 200 mode=pro startsWith=nonpe sort=alphabetical:desc (451ms direct)
[w6:mn:pro] "nonpe" full page ends at "nonpersecutive" (next='r'); skip 20 covered groups → 8 children reverse Z→A ends at "nonpercipient" (lo='r' hi='t'); skip 1 middle + 46 new words
[w6:mn:pro] Saved 42,022 worker words
[w6:mn:pro] Searching "nonpf" | queue=210 | words=42022
[w6:mn:pro] Pacing 15s before "nonpf" (gap=15500ms)
[w6:mn:pro] Managed Turnstile miss (15262ms)
[w6:mn:pro] Failed "nonpf" attempt 1: No Turnstile token for direct search
[w6:mn:pro] Saved 42,022 worker words
[w6:mn:pro] Turnstile miss — soft reload before rotate
[w6:mn:pro] Site Turnstile remint timed out (10243ms)
[w6:mn:pro] Soft reload mint failed — rotating immediately
[w6:mn:pro] Tor NEWNYM gen=8; waiting 8000ms
[w6:mn:pro] heartbeat words=42022 queue=211 rotation=8 idle=46s
[w6:mn:pro] Tor ready on 19056 exit=45.137.69.9
[w6:mn:pro] Rotating IP (#8, try 1) after No Turnstile token for direct search → tor#9 socks5://127.0.0.1:19056
[w6:mn:pro] Launching persistent Chrome profile /tmp/lll-pw-w6-r8
[w6:mn:pro] Proxy tor#9 socks5://127.0.0.1:19056
[w6:mn:pro] Opening https://lastletterlibrary.com
[w6:mn:pro] Library mode=pro
[w6:mn:pro] Site Turnstile remint timed out (24030ms)
[w6:mn:pro] Search mode=direct (skip UI Wait Ns… gate)
[w6:mn:pro] Cleaned 1 old rotated profile(s)
[w6:mn:pro] Searching "nonpf" | queue=210 | words=42022
[w6:mn:pro] Managed Turnstile token (len=816, 7202ms, remount)
[w6:mn:pro] [api] 200 mode=pro startsWith=nonpf
[w6:mn:pro] [api] 200 mode=pro startsWith=nonpf (615ms direct)
[w6:mn:pro] "nonpf" → 0 records, 0 words
[w6:mn:pro] "nonpf" branch complete
[w6:mn:pro] Saved 42,022 worker words
[w6:mn:pro] Searching "nonpg" | queue=209 | words=42022
[w6:mn:pro] Pacing 15s before "nonpg" (gap=15500ms)
[w6:mn:pro] Managed Turnstile token (len=816, 5172ms, remount)
[w6:mn:pro] [api] 200 mode=pro startsWith=nonpg
[w6:mn:pro] [api] 200 mode=pro startsWith=nonpg (563ms direct)
[w6:mn:pro] "nonpg" → 0 records, 0 words
[w6:mn:pro] "nonpg" branch complete
[w6:mn:pro] Saved 42,022 worker words
[w6:mn:pro] Searching "nonph" | queue=208 | words=42022
[w6:mn:pro] Pacing 15s before "nonph" (gap=15500ms)
[w6:mn:pro] heartbeat words=42022 queue=208 rotation=8 idle=2s
[w6:mn:pro] Managed Turnstile token (len=816, 3952ms, remount)
[w6:mn:pro] [api] 200 mode=pro startsWith=nonph
[w6:mn:pro] [api] 200 mode=pro startsWith=nonph (494ms direct)
[w6:mn:pro] "nonph" → 42 records, 42 words
[w6:mn:pro] "nonph" branch complete
[w6:mn:pro] Saved 42,064 worker words
[w6:mn:pro] Searching "nonpi" | queue=207 | words=42064
[w6:mn:pro] Pacing 15s before "nonpi" (gap=15500ms)
[w6:mn:pro] Managed Turnstile token (len=816, 3999ms, remount)
[w6:mn:pro] [api] 200 mode=pro startsWith=nonpi
[w6:mn:pro] [api] 200 mode=pro startsWith=nonpi (430ms direct)
[w6:mn:pro] "nonpi" → 5 records, 5 words
[w6:mn:pro] "nonpi" branch complete
[w6:mn:pro] Saved 42,069 worker words; shared last.txt now 395,454
[w6:mn:pro] Searching "nonpj" | queue=206 | words=42069
[w6:mn:pro] Pacing 15s before "nonpj" (gap=15500ms)
[w6:mn:pro] Managed Turnstile token (len=816, 4263ms, remount)
[w6:mn:pro] [api] 200 mode=pro startsWith=nonpj
[w6:mn:pro] [api] 200 mode=pro startsWith=nonpj (518ms direct)
[w6:mn:pro] "nonpj" → 0 records, 0 words
[w6:mn:pro] "nonpj" branch complete
[w6:mn:pro] Saved 42,069 worker words
[w6:mn:pro] Searching "nonpk" | queue=205 | words=42069
[w6:mn:pro] Pacing 11s before "nonpk" (gap=15500ms)
[w6:mn:pro] heartbeat words=42069 queue=205 rotation=8 idle=12s
[w6:mn:pro] Managed Turnstile token (len=816, 14494ms, remount)
[w6:mn:pro] [api] 200 mode=pro startsWith=nonpk
[w6:mn:pro] [api] 200 mode=pro startsWith=nonpk (647ms direct)
[w6:mn:pro] "nonpk" → 0 records, 0 words
[w6:mn:pro] "nonpk" branch complete
[w6:mn:pro] Saved 42,069 worker words
[w6:mn:pro] Searching "nonpl" | queue=204 | words=42069
[w6:mn:pro] Pacing 11s before "nonpl" (gap=15500ms)
[w6:mn:pro] Managed Turnstile token (len=816, 11146ms, remount)
[w6:mn:pro] [api] 200 mode=pro startsWith=nonpl
[w6:mn:pro] [api] 200 mode=pro startsWith=nonpl (431ms direct)
[w6:mn:pro] "nonpl" → 48 records, 48 words
[w6:mn:pro] "nonpl" branch complete
[w6:mn:pro] Saved 42,117 worker words
[w6:mn:pro] Searching "nonpm" | queue=203 | words=42117
[w6:mn:pro] Pacing 15s before "nonpm" (gap=15500ms)
[w6:mn:pro] Managed Turnstile token (len=816, 4814ms, remount)
[w6:mn:pro] [api] 200 mode=pro startsWith=nonpm
[w6:mn:pro] [api] 200 mode=pro startsWith=nonpm (453ms direct)
[w6:mn:pro] "nonpm" → 0 records, 0 words
[w6:mn:pro] "nonpm" branch complete
[w6:mn:pro] Saved 42,117 worker words
[w6:mn:pro] Searching "nonpn" | queue=202 | words=42117
[w6:mn:pro] Pacing 15s before "nonpn" (gap=15500ms)
[w6:mn:pro] Managed Turnstile token (len=816, 5376ms, remount)
[w6:mn:pro] [api] 200 mode=pro startsWith=nonpn
[w6:mn:pro] [api] 200 mode=pro startsWith=nonpn (466ms direct)
[w6:mn:pro] "nonpn" → 2 records, 2 words
[w6:mn:pro] "nonpn" branch complete
[w6:mn:pro] Saved 42,119 worker words
[w6:mn:pro] Searching "nonpo" | queue=201 | words=42119
[w6:mn:pro] Pacing 15s before "nonpo" (gap=15500ms)
[w6:mn:pro] Managed Turnstile token (len=816, 4197ms, remount)
[w6:mn:pro] heartbeat words=42119 queue=201 rotation=8 idle=12s
[w6:mn:pro] [api] 200 mode=pro startsWith=nonpo
[w6:mn:pro] [api] 200 mode=pro startsWith=nonpo (414ms direct)
[w6:mn:pro] "nonpo" → 66 records, 66 words
[w6:mn:pro] "nonpo" branch complete
[w6:mn:pro] Saved 42,185 worker words
[w6:mn:pro] Searching "nonpp" | queue=200 | words=42185
[w6:mn:pro] Pacing 15s before "nonpp" (gap=15500ms)
[w6:mn:pro] Managed Turnstile token (len=816, 4749ms, remount)
[w6:mn:pro] [api] 200 mode=pro startsWith=nonpp
[w6:mn:pro] [api] 200 mode=pro startsWith=nonpp (438ms direct)
[w6:mn:pro] "nonpp" → 0 records, 0 words
[w6:mn:pro] "nonpp" branch complete
[w6:mn:pro] Saved 42,185 worker words
[w6:mn:pro] Searching "nonpq" | queue=199 | words=42185
[w6:mn:pro] Pacing 15s before "nonpq" (gap=15500ms)
[w6:mn:pro] Managed Turnstile miss (15340ms)
[w6:mn:pro] Failed "nonpq" attempt 1: No Turnstile token for direct search
[w6:mn:pro] Saved 42,185 worker words; shared last.txt now 395,944
[w6:mn:pro] Turnstile miss — soft reload before rotate
[w6:mn:pro] Turnstile token present (len=816)
[w6:mn:pro] Site Turnstile token (5766ms)
[w6:mn:pro] Searching "nonpq" | queue=199 | words=42185
[w6:mn:pro] [api] 200 mode=pro startsWith=nonpq
[w6:mn:pro] [api] 200 mode=pro startsWith=nonpq (554ms direct)
[w6:mn:pro] "nonpq" → 0 records, 0 words
[w6:mn:pro] "nonpq" branch complete
[w6:mn:pro] Saved 42,185 worker words
[w6:mn:pro] Searching "nonpr" | queue=198 | words=42185
[w6:mn:pro] Pacing 15s before "nonpr" (gap=15500ms)
[w6:mn:pro] Managed Turnstile token (len=816, 3593ms, remount)
[w6:mn:pro] heartbeat words=42185 queue=198 rotation=8 idle=14s
[w6:mn:pro] [api] 200 mode=pro startsWith=nonpr
[w6:mn:pro] [api] 200 mode=pro startsWith=nonpr (463ms direct)
[w6:mn:pro] "nonpr" → 100 records, 100 words
[w6:mn:pro] Pacing 16s before "nonpr" (gap=15500ms)
[w6:mn:pro] Managed Turnstile token (len=816, 4461ms, remount)
[w6:mn:pro] [api] 200 mode=pro startsWith=nonpr
[w6:mn:pro] [api] 200 mode=pro startsWith=nonpr sort=alphabetical:desc (455ms direct)
[w6:mn:pro] "nonpr" full page ends at "nonprivities" (next='i'); skip 15 covered groups → 13 children reverse Z→A ends at "nonprolix" (lo='o' hi='u'); skip 5 middle + 71 new words
[w6:mn:pro] Saved 42,356 worker words
[w6:mn:pro] Searching "nonpy" | queue=210 | words=42356
[w6:mn:pro] Pacing 15s before "nonpy" (gap=15500ms)
[w6:mn:pro] Managed Turnstile token (len=816, 7946ms, remount)
[w6:mn:pro] [api] 200 mode=pro startsWith=nonpy
[w6:mn:pro] [api] 200 mode=pro startsWith=nonpy (890ms direct)
[w6:mn:pro] "nonpy" → 2 records, 2 words
[w6:mn:pro] "nonpy" branch complete
[w6:mn:pro] Saved 42,356 worker words
[w6:mn:pro] Searching "nonpz" | queue=209 | words=42356
[w6:mn:pro] Pacing 13s before "nonpz" (gap=15500ms)
[w6:mn:pro] Managed Turnstile token (len=816, 14515ms, remount)
[w6:mn:pro] [api] 200 mode=pro startsWith=nonpz
[w6:mn:pro] [api] 200 mode=pro startsWith=nonpz (447ms direct)
[w6:mn:pro] "nonpz" → 0 records, 0 words
[w6:mn:pro] "nonpz" branch complete
[w6:mn:pro] Saved 42,356 worker words
[w6:mn:pro] Searching "nonre" | queue=208 | words=42356
[w6:mn:pro] Pacing 15s before "nonre" (gap=15500ms)
[w6:mn:pro] heartbeat words=42356 queue=208 rotation=8 idle=11s
[w6:mn:pro] Managed Turnstile miss (15522ms)
[w6:mn:pro] Failed "nonre" attempt 1: No Turnstile token for direct search
[w6:mn:pro] Saved 42,356 worker words
[w6:mn:pro] Turnstile miss — soft reload before rotate
[w6:mn:pro] Turnstile token present (len=816)
[w6:mn:pro] Site Turnstile token (7688ms)
[w6:mn:pro] Searching "nonre" | queue=208 | words=42356
[w6:mn:pro] [api] 200 mode=pro startsWith=nonre
[w6:mn:pro] [api] 200 mode=pro startsWith=nonre (512ms direct)
[w6:mn:pro] "nonre" → 100 records, 100 words
[w6:mn:pro] Pacing 15s before "nonre" (gap=15500ms)
[w6:mn:pro] Managed Turnstile miss (15071ms)
[w6:mn:pro] "nonre" reverse search failed (No Turnstile token for direct search); forward-only
[w6:mn:pro] "nonre" full page ends at "nonrecurrent" (next='c'); skip 4 covered groups → 24 children from nonrec..
[w6:mn:pro] Saved 42,408 worker words
[w6:mn:pro] Searching "nonru" | queue=231 | words=42408
[w6:mn:pro] Managed Turnstile token (len=816, 11438ms, remount)
[w6:mn:pro] [api] 200 mode=pro startsWith=nonru
[w6:mn:pro] [api] 200 mode=pro startsWith=nonru (432ms direct)
[w6:mn:pro] "nonru" → 27 records, 27 words
[w6:mn:pro] "nonru" branch complete
[w6:mn:pro] Saved 42,408 worker words
[w6:mn:pro] Searching "nonrv" | queue=230 | words=42408
[w6:mn:pro] Pacing 15s before "nonrv" (gap=15500ms)
[w6:mn:pro] Managed Turnstile miss (15058ms)
[w6:mn:pro] Failed "nonrv" attempt 1: No Turnstile token for direct search
[w6:mn:pro] Saved 42,408 worker words; shared last.txt now 397,175
[w6:mn:pro] Turnstile miss — soft reload before rotate
[w6:mn:pro] heartbeat words=42408 queue=231 rotation=8 idle=19s
[w6:mn:pro] Turnstile token present (len=816)
[w6:mn:pro] Site Turnstile token (10766ms)
[w6:mn:pro] Searching "nonrv" | queue=230 | words=42408
[w6:mn:pro] [api] 200 mode=pro startsWith=nonrv
[w6:mn:pro] [api] 200 mode=pro startsWith=nonrv (522ms direct)
[w6:mn:pro] "nonrv" → 0 records, 0 words
[w6:mn:pro] "nonrv" branch complete
[w6:mn:pro] Saved 42,408 worker words
[w6:mn:pro] Searching "nonrw" | queue=229 | words=42408
[w6:mn:pro] Pacing 15s before "nonrw" (gap=15500ms)
[w6:mn:pro] Managed Turnstile miss (15739ms)
[w6:mn:pro] Failed "nonrw" attempt 1: No Turnstile token for direct search
[w6:mn:pro] Saved 42,408 worker words
[w6:mn:pro] Turnstile miss — soft reload before rotate
[w6:mn:pro] Site Turnstile remint timed out (13476ms)
[w6:mn:pro] Soft reload mint failed — rotating immediately
[w6:mn:pro] Tor NEWNYM gen=9; waiting 8000ms
[w6:mn:pro] Tor ready on 19056 exit=192.42.116.58
[w6:mn:pro] Rotating IP (#9, try 1) after No Turnstile token for direct search → tor#10 socks5://127.0.0.1:19056
[w6:mn:pro] Launching persistent Chrome profile /tmp/lll-pw-w6-r9
[w6:mn:pro] Proxy tor#10 socks5://127.0.0.1:19056
[w6:mn:pro] Opening https://lastletterlibrary.com
[w6:mn:pro] Library mode=pro
[w6:mn:pro] heartbeat words=42408 queue=230 rotation=9 idle=51s
[w6:mn:pro] Managed Turnstile token (len=816, 4889ms, remount)
[w6:mn:pro] Search mode=direct (skip UI Wait Ns… gate)
[w6:mn:pro] Cleaned 1 old rotated profile(s)
[w6:mn:pro] Searching "nonrw" | queue=229 | words=42408
[w6:mn:pro] [api] 200 mode=pro startsWith=nonrw
[w6:mn:pro] [api] 200 mode=pro startsWith=nonrw (456ms direct)
[w6:mn:pro] "nonrw" → 0 records, 0 words
[w6:mn:pro] "nonrw" branch complete
[w6:mn:pro] Saved 42,408 worker words
[w6:mn:pro] Searching "nonrx" | queue=228 | words=42408
[w6:mn:pro] Pacing 15s before "nonrx" (gap=15500ms)
[w6:mn:pro] Managed Turnstile miss (15275ms)
[w6:mn:pro] Failed "nonrx" attempt 1: No Turnstile token for direct search
[w6:mn:pro] Saved 42,408 worker words
[w6:mn:pro] Turnstile miss — soft reload before rotate
[w6:mn:pro] Turnstile token present (len=816)
[w6:mn:pro] Site Turnstile token (8084ms)
[w6:mn:pro] Searching "nonrx" | queue=228 | words=42408
[w6:mn:pro] [api] 200 mode=pro startsWith=nonrx
[w6:mn:pro] [api] 200 mode=pro startsWith=nonrx (397ms direct)
[w6:mn:pro] "nonrx" → 0 records, 0 words
[w6:mn:pro] "nonrx" branch complete
[w6:mn:pro] Saved 42,408 worker words
[w6:mn:pro] Searching "nonry" | queue=227 | words=42408
[w6:mn:pro] Pacing 15s before "nonry" (gap=15500ms)
[w6:mn:pro] Managed Turnstile token (len=816, 7145ms, remount)
[w6:mn:pro] [api] 200 mode=pro startsWith=nonry
[w6:mn:pro] [api] 200 mode=pro startsWith=nonry (468ms direct)
[w6:mn:pro] "nonry" → 0 records, 0 words
[w6:mn:pro] "nonry" branch complete
[w6:mn:pro] Saved 42,408 worker words
[w6:mn:pro] Searching "nonrz" | queue=226 | words=42408
[w6:mn:pro] Pacing 14s before "nonrz" (gap=15500ms)
[w6:mn:pro] Managed Turnstile token (len=816, 6955ms, remount)
[w6:mn:pro] heartbeat words=42408 queue=226 rotation=9 idle=15s
[w6:mn:pro] [api] 200 mode=pro startsWith=nonrz
[w6:mn:pro] [api] 200 mode=pro startsWith=nonrz (587ms direct)
[w6:mn:pro] "nonrz" → 0 records, 0 words
[w6:mn:pro] "nonrz" branch complete
[w6:mn:pro] Saved 42,408 worker words
[w6:mn:pro] Searching "nonsc" | queue=225 | words=42408
[w6:mn:pro] Pacing 13s before "nonsc" (gap=15500ms)
[w6:mn:pro] Managed Turnstile token (len=816, 5856ms, remount)
[w6:mn:pro] [api] 200 mode=pro startsWith=nonsc
[w6:mn:pro] [api] 200 mode=pro startsWith=nonsc (462ms direct)
[w6:mn:pro] "nonsc" → 37 records, 37 words
[w6:mn:pro] "nonsc" branch complete
[w6:mn:pro] Saved 42,416 worker words; shared last.txt now 398,431
[w6:mn:pro] Searching "nonsd" | queue=224 | words=42416
[w6:mn:pro] Pacing 12s before "nonsd" (gap=15500ms)
[w6:mn:pro] Managed Turnstile token (len=816, 7582ms, remount)
[w6:mn:pro] [api] 200 mode=pro startsWith=nonsd
[w6:mn:pro] [api] 200 mode=pro startsWith=nonsd (500ms direct)
[w6:mn:pro] "nonsd" → 0 records, 0 words
[w6:mn:pro] "nonsd" branch complete
[w6:mn:pro] Saved 42,416 worker words
[w6:mn:pro] Searching "nonse" | queue=223 | words=42416
[w6:mn:pro] Pacing 15s before "nonse" (gap=15500ms)
[w6:mn:pro] Managed Turnstile miss (15618ms)
[w6:mn:pro] Failed "nonse" attempt 1: No Turnstile token for direct search
[w6:mn:pro] Saved 42,416 worker words
[w6:mn:pro] Turnstile miss — soft reload before rotate
[w6:mn:pro] Turnstile token present (len=816)
[w6:mn:pro] Site Turnstile token (6058ms)
[w6:mn:pro] Searching "nonse" | queue=223 | words=42416
[w6:mn:pro] [api] 200 mode=pro startsWith=nonse
[w6:mn:pro] [api] 200 mode=pro startsWith=nonse (378ms direct)
[w6:mn:pro] "nonse" → 100 records, 100 words
[w6:mn:pro] Pacing 16s before "nonse" (gap=15500ms)
[w6:mn:pro] heartbeat words=42516 queue=223 rotation=9 idle=29s
[w6:mn:pro] Managed Turnstile token (len=816, 3630ms, remount)
[w6:mn:pro] [api] 200 mode=pro startsWith=nonse
[w6:mn:pro] [api] 200 mode=pro startsWith=nonse sort=alphabetical:desc (748ms direct)
[w6:mn:pro] "nonse" full page ends at "nonsensuous" (next='n'); skip 25 covered groups → 3 children reverse Z→A ends at "nonsemantically" (lo='m' hi='x'); skip 10 middle + 64 new words
[w6:mn:pro] Saved 42,580 worker words
[w6:mn:pro] Searching "nonsf" | queue=225 | words=42580
[w6:mn:pro] Pacing 14s before "nonsf" (gap=15500ms)
[w6:mn:pro] Managed Turnstile miss (15352ms)
[w6:mn:pro] Failed "nonsf" attempt 1: No Turnstile token for direct search
[w6:mn:pro] Saved 42,580 worker words
[w6:mn:pro] Turnstile miss — soft reload before rotate
[w6:mn:pro] Site Turnstile remint timed out (11012ms)
[w6:mn:pro] Soft reload mint failed — rotating immediately
[w6:mn:pro] Tor NEWNYM gen=10; waiting 8000ms
[w6:mn:pro] heartbeat words=42580 queue=226 rotation=10 idle=47s
[w6:mn:pro] Tor ready on 19056 exit=192.42.116.110
[w6:mn:pro] Rotating IP (#10, try 1) after No Turnstile token for direct search → tor#11 socks5://127.0.0.1:19056
[w6:mn:pro] Launching persistent Chrome profile /tmp/lll-pw-w6-r10
[w6:mn:pro] Proxy tor#11 socks5://127.0.0.1:19056
[w6:mn:pro] Opening https://lastletterlibrary.com
[w6:mn:pro] Library mode=pro
[w6:mn:pro] Managed Turnstile token (len=816, 8317ms, remount)
[w6:mn:pro] Search mode=direct (skip UI Wait Ns… gate)
[w6:mn:pro] Cleaned 1 old rotated profile(s)
[w6:mn:pro] Searching "nonsf" | queue=225 | words=42580
[w6:mn:pro] [api] 200 mode=pro startsWith=nonsf
[w6:mn:pro] [api] 200 mode=pro startsWith=nonsf (647ms direct)
[w6:mn:pro] "nonsf" → 0 records, 0 words
[w6:mn:pro] "nonsf" branch complete
[w6:mn:pro] Saved 42,580 worker words
[w6:mn:pro] Searching "nonsg" | queue=224 | words=42580
[w6:mn:pro] Pacing 14s before "nonsg" (gap=15500ms)
[w6:mn:pro] Managed Turnstile token (len=816, 9993ms, remount)
[w6:mn:pro] [api] 200 mode=pro startsWith=nonsg
[w6:mn:pro] [api] 200 mode=pro startsWith=nonsg (469ms direct)
[w6:mn:pro] "nonsg" → 0 records, 0 words
[w6:mn:pro] "nonsg" branch complete
[w6:mn:pro] Saved 42,580 worker words
[w6:mn:pro] Searching "nonsh" | queue=223 | words=42580
[w6:mn:pro] Pacing 13s before "nonsh" (gap=15500ms)
[w6:mn:pro] Managed Turnstile token (len=816, 6714ms, remount)
[w6:mn:pro] [api] 200 mode=pro startsWith=nonsh
[w6:mn:pro] [api] 200 mode=pro startsWith=nonsh (421ms direct)
[w6:mn:pro] "nonsh" → 13 records, 13 words
[w6:mn:pro] "nonsh" branch complete
[w6:mn:pro] Saved 42,593 worker words
[w6:mn:pro] Searching "nonsi" | queue=222 | words=42593
[w6:mn:pro] Pacing 15s before "nonsi" (gap=15500ms)
[w6:mn:pro] heartbeat words=42593 queue=222 rotation=10 idle=1s
[w6:mn:pro] Managed Turnstile token (len=816, 4037ms, remount)
[w6:mn:pro] [api] 200 mode=pro startsWith=nonsi
[w6:mn:pro] [api] 200 mode=pro startsWith=nonsi (472ms direct)
[w6:mn:pro] "nonsi" → 48 records, 48 words
[w6:mn:pro] "nonsi" branch complete
[w6:mn:pro] Saved 42,641 worker words; shared last.txt now 399,949
[w6:mn:pro] Searching "nonsj" | queue=221 | words=42641
[w6:mn:pro] Pacing 6s before "nonsj" (gap=15500ms)
[w6:mn:pro] Managed Turnstile miss (15672ms)
[w6:mn:pro] Failed "nonsj" attempt 1: No Turnstile token for direct search
[w6:mn:pro] Saved 42,641 worker words
[w6:mn:pro] Turnstile miss — soft reload before rotate
[w6:mn:pro] Turnstile token present (len=816)
[w6:mn:pro] Site Turnstile token (9509ms)
[w6:mn:pro] Searching "nonsj" | queue=221 | words=42641
[w6:mn:pro] [api] 200 mode=pro startsWith=nonsj
[w6:mn:pro] [api] 200 mode=pro startsWith=nonsj (411ms direct)
[w6:mn:pro] "nonsj" → 0 records, 0 words
[w6:mn:pro] "nonsj" branch complete
[w6:mn:pro] Saved 42,641 worker words
[w6:mn:pro] Searching "nonsk" | queue=220 | words=42641
[w6:mn:pro] Pacing 16s before "nonsk" (gap=15500ms)
[w6:mn:pro] Managed Turnstile token (len=816, 4779ms, remount)
[w6:mn:pro] heartbeat words=42641 queue=220 rotation=10 idle=16s
[w6:mn:pro] [api] 200 mode=pro startsWith=nonsk
[w6:mn:pro] [api] 200 mode=pro startsWith=nonsk (572ms direct)
[w6:mn:pro] "nonsk" → 14 records, 14 words
[w6:mn:pro] "nonsk" branch complete
[w6:mn:pro] Saved 42,655 worker words
[w6:mn:pro] Searching "nonsl" | queue=219 | words=42655
[w6:mn:pro] Pacing 13s before "nonsl" (gap=15500ms)
[w6:mn:pro] Managed Turnstile token (len=816, 16078ms, remount)
[w6:mn:pro] [api] 200 mode=pro startsWith=nonsl
[w6:mn:pro] [api] 200 mode=pro startsWith=nonsl (426ms direct)
[w6:mn:pro] "nonsl" → 6 records, 6 words
[w6:mn:pro] "nonsl" branch complete
[w6:mn:pro] Saved 42,661 worker words
[w6:mn:pro] Searching "nonsm" | queue=218 | words=42661
[w6:mn:pro] Pacing 15s before "nonsm" (gap=15500ms)
[w6:mn:pro] Managed Turnstile token (len=816, 12221ms, remount)
[w6:mn:pro] [api] 200 mode=pro startsWith=nonsm
[w6:mn:pro] [api] 200 mode=pro startsWith=nonsm (388ms direct)
[w6:mn:pro] "nonsm" → 4 records, 4 words
[w6:mn:pro] "nonsm" branch complete
[w6:mn:pro] Saved 42,665 worker words
[w6:mn:pro] Searching "nonsn" | queue=217 | words=42665
[w6:mn:pro] Pacing 16s before "nonsn" (gap=15500ms)
[w6:mn:pro] Managed Turnstile token (len=816, 3855ms, remount)
[w6:mn:pro] [api] 200 mode=pro startsWith=nonsn
[w6:mn:pro] [api] 200 mode=pro startsWith=nonsn (426ms direct)
[w6:mn:pro] "nonsn" → 0 records, 0 words
[w6:mn:pro] "nonsn" branch complete
[w6:mn:pro] Saved 42,665 worker words
[w6:mn:pro] Searching "nonso" | queue=216 | words=42665
[w6:mn:pro] Pacing 15s before "nonso" (gap=15500ms)
[w6:mn:pro] heartbeat words=42665 queue=216 rotation=10 idle=12s
[w6:mn:pro] Managed Turnstile miss (15211ms)
[w6:mn:pro] Failed "nonso" attempt 1: No Turnstile token for direct search
[w6:mn:pro] Saved 42,665 worker words
[w6:mn:pro] Turnstile miss — soft reload before rotate
[w6:mn:pro] Site Turnstile remint timed out (12708ms)
[w6:mn:pro] Soft reload mint failed — rotating immediately
[w6:mn:pro] Tor NEWNYM gen=11; waiting 8000ms
[w6:mn:pro] Tor ready on 19056 exit=203.55.81.1
[w6:mn:pro] Rotating IP (#11, try 1) after No Turnstile token for direct search → tor#12 socks5://127.0.0.1:19056
[w6:mn:pro] Launching persistent Chrome profile /tmp/lll-pw-w6-r11
[w6:mn:pro] Proxy tor#12 socks5://127.0.0.1:19056
[w6:mn:pro] Opening https://lastletterlibrary.com
[w6:mn:pro] Library mode=pro
[w6:mn:pro] Managed Turnstile token (len=816, 7617ms, remount)
[w6:mn:pro] Search mode=direct (skip UI Wait Ns… gate)
[w6:mn:pro] Cleaned 1 old rotated profile(s)
[w6:mn:pro] Searching "nonso" | queue=216 | words=42665
[w6:mn:pro] [api] 200 mode=pro startsWith=nonso
[w6:mn:pro] [api] 200 mode=pro startsWith=nonso (542ms direct)
[w6:mn:pro] "nonso" → 51 records, 51 words
[w6:mn:pro] "nonso" branch complete
[w6:mn:pro] Saved 42,716 worker words; shared last.txt now 401,100
[w6:mn:pro] Searching "nonsp" | queue=215 | words=42716
[w6:mn:pro] Pacing 11s before "nonsp" (gap=15500ms)
[w6:mn:pro] Managed Turnstile token (len=816, 8132ms, remount)
[w6:mn:pro] heartbeat words=42716 queue=215 rotation=11 idle=7s
[w6:mn:pro] [api] 200 mode=pro startsWith=nonsp
[w6:mn:pro] [api] 200 mode=pro startsWith=nonsp (478ms direct)
[w6:mn:pro] "nonsp" → 81 records, 81 words
[w6:mn:pro] "nonsp" branch complete
[w6:mn:pro] Saved 42,797 worker words
[w6:mn:pro] Searching "nonsq" | queue=214 | words=42797
[w6:mn:pro] Pacing 14s before "nonsq" (gap=15500ms)
[w6:mn:pro] Managed Turnstile token (len=816, 8107ms, remount)
[w6:mn:pro] [api] 200 mode=pro startsWith=nonsq
[w6:mn:pro] [api] 200 mode=pro startsWith=nonsq (438ms direct)
[w6:mn:pro] "nonsq" → 0 records, 0 words
[w6:mn:pro] "nonsq" branch complete
[w6:mn:pro] Saved 42,797 worker words
[w6:mn:pro] Searching "nonsr" | queue=213 | words=42797
[w6:mn:pro] Pacing 15s before "nonsr" (gap=15500ms)
[w6:mn:pro] Managed Turnstile token (len=816, 9335ms, remount)
[w6:mn:pro] [api] 200 mode=pro startsWith=nonsr
[w6:mn:pro] [api] 200 mode=pro startsWith=nonsr (581ms direct)
[w6:mn:pro] "nonsr" → 0 records, 0 words
[w6:mn:pro] "nonsr" branch complete
[w6:mn:pro] Saved 42,797 worker words
[w6:mn:pro] Searching "nonss" | queue=212 | words=42797
[w6:mn:pro] Pacing 15s before "nonss" (gap=15500ms)
[w6:mn:pro] Managed Turnstile token (len=816, 3597ms, remount)
[w6:mn:pro] [api] 200 mode=pro startsWith=nonss
[w6:mn:pro] [api] 200 mode=pro startsWith=nonss (495ms direct)
[w6:mn:pro] "nonss" → 0 records, 0 words
[w6:mn:pro] "nonss" branch complete
[w6:mn:pro] Saved 42,797 worker words
[w6:mn:pro] Searching "nonst" | queue=211 | words=42797
[w6:mn:pro] Pacing 15s before "nonst" (gap=15500ms)
[w6:mn:pro] Managed Turnstile token (len=816, 7706ms, remount)
[w6:mn:pro] heartbeat words=42797 queue=211 rotation=11 idle=8s
[w6:mn:pro] [api] 200 mode=pro startsWith=nonst
[w6:mn:pro] [api] 200 mode=pro startsWith=nonst (427ms direct)
[w6:mn:pro] "nonst" → 98 records, 98 words
[w6:mn:pro] "nonst" branch complete
[w6:mn:pro] Saved 42,895 worker words
[w6:mn:pro] Searching "nonsu" | queue=210 | words=42895
[w6:mn:pro] Pacing 15s before "nonsu" (gap=15500ms)
[w6:mn:pro] Managed Turnstile token (len=816, 7499ms, remount)
[w6:mn:pro] [api] 200 mode=pro startsWith=nonsu
[w6:mn:pro] [api] 200 mode=pro startsWith=nonsu (547ms direct)
[w6:mn:pro] "nonsu" → 100 records, 100 words
[w6:mn:pro] Pacing 15s before "nonsu" (gap=15500ms)
[w6:mn:pro] Managed Turnstile token (len=816, 14444ms, remount)
[w6:mn:pro] [api] 200 mode=pro startsWith=nonsu
[w6:mn:pro] [api] 200 mode=pro startsWith=nonsu sort=alphabetical:desc (439ms direct)
[w6:mn:pro] "nonsu" full page ends at "nonsufferableness" (next='f'); skip 20 covered groups → 8 children reverse Z→A ends at "nonsubtly" (lo='b' hi='s'); skip 16 middle + 72 new words
[w6:mn:pro] Saved 43,067 worker words
[w6:mn:pro] Searching "nonsv" | queue=217 | words=43067
[w6:mn:pro] Pacing 15s before "nonsv" (gap=15500ms)
[w6:mn:pro] Managed Turnstile token (len=816, 8358ms, remount)
[w6:mn:pro] [api] 200 mode=pro startsWith=nonsv
[w6:mn:pro] [api] 200 mode=pro startsWith=nonsv (391ms direct)
[w6:mn:pro] "nonsv" → 0 records, 0 words
[w6:mn:pro] "nonsv" branch complete
[w6:mn:pro] Saved 43,067 worker words
[w6:mn:pro] Searching "nonsw" | queue=216 | words=43067
[w6:mn:pro] Pacing 16s before "nonsw" (gap=15500ms)
[w6:mn:pro] Managed Turnstile token (len=816, 4529ms, remount)
[w6:mn:pro] heartbeat words=43067 queue=216 rotation=11 idle=7s
[w6:mn:pro] [api] 200 mode=pro startsWith=nonsw
[w6:mn:pro] [api] 200 mode=pro startsWith=nonsw (559ms direct)
[w6:mn:pro] "nonsw" → 6 records, 6 words
[w6:mn:pro] "nonsw" branch complete
[w6:mn:pro] Saved 43,073 worker words; shared last.txt now 402,262
[w6:mn:pro] Searching "nonsx" | queue=215 | words=43073
[w6:mn:pro] Pacing 9s before "nonsx" (gap=15500ms)
[w6:mn:pro] Managed Turnstile miss (15454ms)
[w6:mn:pro] Failed "nonsx" attempt 1: No Turnstile token for direct search
[w6:mn:pro] Saved 43,073 worker words
[w6:mn:pro] Turnstile miss — soft reload before rotate
[w6:mn:pro] Turnstile mint hard timeout after 15000ms
[w6:mn:pro] Soft reload mint failed — rotating immediately
[w6:mn:pro] Site Turnstile remint timed out (18250ms)
[w6:mn:pro] Tor NEWNYM gen=12; waiting 8000ms
[w6:mn:pro] heartbeat words=43073 queue=216 rotation=12 idle=45s
[w6:mn:pro] Tor ready on 19056 exit=192.42.116.57
[w6:mn:pro] Rotating IP (#12, try 1) after No Turnstile token for direct search → tor#13 socks5://127.0.0.1:19056
[w6:mn:pro] Launching persistent Chrome profile /tmp/lll-pw-w6-r12
[w6:mn:pro] Proxy tor#13 socks5://127.0.0.1:19056
[w6:mn:pro] Opening https://lastletterlibrary.com
[w6:mn:pro] Library mode=pro
[w6:mn:pro] Managed Turnstile token (len=816, 8102ms, remount)
[w6:mn:pro] Search mode=direct (skip UI Wait Ns… gate)
[w6:mn:pro] Cleaned 1 old rotated profile(s)
[w6:mn:pro] Searching "nonsx" | queue=215 | words=43073
[w6:mn:pro] [api] 200 mode=pro startsWith=nonsx
[w6:mn:pro] [api] 200 mode=pro startsWith=nonsx (456ms direct)
[w6:mn:pro] "nonsx" → 0 records, 0 words
[w6:mn:pro] "nonsx" branch complete
[w6:mn:pro] Saved 43,073 worker words
[w6:mn:pro] Searching "nonsy" | queue=214 | words=43073
[w6:mn:pro] Pacing 15s before "nonsy" (gap=15500ms)
[w6:mn:pro] Managed Turnstile token (len=816, 7782ms, remount)
[w6:mn:pro] [api] 200 mode=pro startsWith=nonsy
[w6:mn:pro] [api] 200 mode=pro startsWith=nonsy (461ms direct)
[w6:mn:pro] "nonsy" → 70 records, 70 words
[w6:mn:pro] "nonsy" branch complete
[w6:mn:pro] Saved 43,143 worker words
[w6:mn:pro] Searching "nonsz" | queue=213 | words=43143
[w6:mn:pro] Pacing 14s before "nonsz" (gap=15500ms)
[w6:mn:pro] Managed Turnstile token (len=816, 8142ms, remount)
[w6:mn:pro] [api] 200 mode=pro startsWith=nonsz
[w6:mn:pro] [api] 200 mode=pro startsWith=nonsz (422ms direct)
[w6:mn:pro] "nonsz" → 0 records, 0 words
[w6:mn:pro] "nonsz" branch complete
[w6:mn:pro] Saved 43,143 worker words
[w6:mn:pro] Searching "nonte" | queue=212 | words=43143
[w6:mn:pro] Pacing 16s before "nonte" (gap=15500ms)
[w6:mn:pro] Managed Turnstile token (len=816, 4041ms, remount)
[w6:mn:pro] heartbeat words=43143 queue=212 rotation=12 idle=10s
[w6:mn:pro] [api] 200 mode=pro startsWith=nonte
[w6:mn:pro] [api] 200 mode=pro startsWith=nonte (457ms direct)
[w6:mn:pro] "nonte" → 81 records, 81 words
[w6:mn:pro] "nonte" branch complete
[w6:mn:pro] Saved 43,170 worker words
[w6:mn:pro] Searching "nontf" | queue=211 | words=43170
[w6:mn:pro] Pacing 15s before "nontf" (gap=15500ms)
[w6:mn:pro] Managed Turnstile token (len=816, 6638ms, remount)
[w6:mn:pro] [api] 200 mode=pro startsWith=nontf
[w6:mn:pro] [api] 200 mode=pro startsWith=nontf (669ms direct)
[w6:mn:pro] "nontf" → 0 records, 0 words
[w6:mn:pro] "nontf" branch complete
[w6:mn:pro] Saved 43,170 worker words
[w6:mn:pro] Searching "nontg" | queue=210 | words=43170
[w6:mn:pro] Pacing 15s before "nontg" (gap=15500ms)
[w6:mn:pro] Managed Turnstile miss (15280ms)
[w6:mn:pro] Failed "nontg" attempt 1: No Turnstile token for direct search
[w6:mn:pro] Saved 43,170 worker words
[w6:mn:pro] Turnstile miss — soft reload before rotate
[w6:mn:pro] Turnstile token present (len=816)
[w6:mn:pro] Site Turnstile token (11211ms)
[w6:mn:pro] Searching "nontg" | queue=210 | words=43170
[w6:mn:pro] [api] 200 mode=pro startsWith=nontg
[w6:mn:pro] [api] 200 mode=pro startsWith=nontg (543ms direct)
[w6:mn:pro] "nontg" → 0 records, 0 words
[w6:mn:pro] "nontg" branch complete
[w6:mn:pro] Saved 43,170 worker words; shared last.txt now 403,066
[w6:mn:pro] Searching "nonth" | queue=209 | words=43170
[w6:mn:pro] Pacing 15s before "nonth" (gap=15500ms)
[w6:mn:pro] Managed Turnstile token (len=816, 4373ms, remount)
[w6:mn:pro] heartbeat words=43170 queue=209 rotation=12 idle=9s
[w6:mn:pro] [api] 200 mode=pro startsWith=nonth
[w6:mn:pro] [api] 200 mode=pro startsWith=nonth (465ms direct)
[w6:mn:pro] "nonth" → 38 records, 38 words
[w6:mn:pro] "nonth" branch complete
[w6:mn:pro] Saved 43,208 worker words
[w6:mn:pro] Searching "nonti" | queue=208 | words=43208
[w6:mn:pro] Pacing 15s before "nonti" (gap=15500ms)
[w6:mn:pro] Managed Turnstile token (len=816, 7809ms, remount)
[w6:mn:pro] [api] 200 mode=pro startsWith=nonti
[w6:mn:pro] [api] 200 mode=pro startsWith=nonti (496ms direct)
[w6:mn:pro] "nonti" → 9 records, 9 words
[w6:mn:pro] "nonti" branch complete
[w6:mn:pro] Saved 43,217 worker words
[w6:mn:pro] Searching "nontj" | queue=207 | words=43217
[w6:mn:pro] Pacing 14s before "nontj" (gap=15500ms)
[w6:mn:pro] Managed Turnstile token (len=816, 13775ms, remount)
[w6:mn:pro] [api] 200 mode=pro startsWith=nontj
[w6:mn:pro] [api] 200 mode=pro startsWith=nontj (590ms direct)
[w6:mn:pro] "nontj" → 0 records, 0 words
[w6:mn:pro] "nontj" branch complete
[w6:mn:pro] Saved 43,217 worker words
[w6:mn:pro] Searching "nontk" | queue=206 | words=43217
[w6:mn:pro] Pacing 15s before "nontk" (gap=15500ms)
[w6:mn:pro] Managed Turnstile token (len=816, 10064ms, remount)
[w6:mn:pro] [api] 200 mode=pro startsWith=nontk
[w6:mn:pro] [api] 200 mode=pro startsWith=nontk (481ms direct)
[w6:mn:pro] "nontk" → 0 records, 0 words
[w6:mn:pro] "nontk" branch complete
[w6:mn:pro] Saved 43,217 worker words
[w6:mn:pro] Searching "nontl" | queue=205 | words=43217
[w6:mn:pro] Pacing 13s before "nontl" (gap=15500ms)
[w6:mn:pro] heartbeat words=43217 queue=205 rotation=12 idle=5s
[w6:mn:pro] Managed Turnstile miss (17297ms)
[w6:mn:pro] Failed "nontl" attempt 1: No Turnstile token for direct search
[w6:mn:pro] Saved 43,217 worker words
[w6:mn:pro] Turnstile miss — soft reload before rotate
[w6:mn:pro] Managed Turnstile token (len=816, 4921ms, remount)
[w6:mn:pro] Searching "nontl" | queue=205 | words=43217
[w6:mn:pro] [api] 200 mode=pro startsWith=nontl
[w6:mn:pro] [api] 200 mode=pro startsWith=nontl (416ms direct)
[w6:mn:pro] "nontl" → 0 records, 0 words
[w6:mn:pro] "nontl" branch complete
[w6:mn:pro] Saved 43,217 worker words
[w6:mn:pro] Searching "nontm" | queue=204 | words=43217
[w6:mn:pro] Pacing 15s before "nontm" (gap=15500ms)
[w6:mn:pro] Managed Turnstile miss (15168ms)
[w6:mn:pro] Failed "nontm" attempt 1: No Turnstile token for direct search
[w6:mn:pro] Saved 43,217 worker words
[w6:mn:pro] Turnstile miss — soft reload before rotate
[w6:mn:pro] Site Turnstile remint timed out (9683ms)
[w6:mn:pro] Soft reload mint failed — rotating immediately
[w6:mn:pro] Tor NEWNYM gen=13; waiting 8000ms
[w6:mn:pro] Tor ready on 19056 exit=203.55.81.1
[w6:mn:pro] Rotating IP (#13, try 1) after No Turnstile token for direct search → tor#14 socks5://127.0.0.1:19056
[w6:mn:pro] Launching persistent Chrome profile /tmp/lll-pw-w6-r13
[w6:mn:pro] Proxy tor#14 socks5://127.0.0.1:19056
[w6:mn:pro] Opening https://lastletterlibrary.com
[w6:mn:pro] heartbeat words=43217 queue=205 rotation=13 idle=43s
[w6:mn:pro] Library mode=pro
[w6:mn:pro] Managed Turnstile token (len=816, 8408ms, remount)
[w6:mn:pro] Search mode=direct (skip UI Wait Ns… gate)
[w6:mn:pro] Cleaned 1 old rotated profile(s)
[w6:mn:pro] Searching "nontm" | queue=204 | words=43217
[w6:mn:pro] [api] 200 mode=pro startsWith=nontm
[w6:mn:pro] [api] 200 mode=pro startsWith=nontm (618ms direct)
[w6:mn:pro] "nontm" → 0 records, 0 words
[w6:mn:pro] "nontm" branch complete
[w6:mn:pro] Saved 43,217 worker words; shared last.txt now 403,670
[w6:mn:pro] Searching "nontn" | queue=203 | words=43217
[w6:mn:pro] Pacing 10s before "nontn" (gap=15500ms)
[w6:mn:pro] Managed Turnstile token (len=816, 9330ms, remount)
[w6:mn:pro] [api] 200 mode=pro startsWith=nontn
[w6:mn:pro] [api] 200 mode=pro startsWith=nontn (476ms direct)
[w6:mn:pro] "nontn" → 0 records, 0 words
[w6:mn:pro] "nontn" branch complete
[w6:mn:pro] Saved 43,217 worker words
[w6:mn:pro] Searching "nonto" | queue=202 | words=43217
[w6:mn:pro] Pacing 13s before "nonto" (gap=15500ms)
[w6:mn:pro] Managed Turnstile token (len=816, 6249ms, remount)
[w6:mn:pro] [api] 200 mode=pro startsWith=nonto
[w6:mn:pro] [api] 200 mode=pro startsWith=nonto (408ms direct)
[w6:mn:pro] "nonto" → 23 records, 23 words
[w6:mn:pro] "nonto" branch complete
[w6:mn:pro] Saved 43,240 worker words
[w6:mn:pro] Searching "nontp" | queue=201 | words=43240
[w6:mn:pro] Pacing 15s before "nontp" (gap=15500ms)
[w6:mn:pro] Managed Turnstile token (len=816, 3732ms, remount)
[w6:mn:pro] [api] 200 mode=pro startsWith=nontp
[w6:mn:pro] [api] 200 mode=pro startsWith=nontp (351ms direct)
[w6:mn:pro] "nontp" → 0 records, 0 words
[w6:mn:pro] "nontp" branch complete
[w6:mn:pro] Saved 43,240 worker words
[w6:mn:pro] Searching "nontq" | queue=200 | words=43240
[w6:mn:pro] Pacing 16s before "nontq" (gap=15500ms)
[w6:mn:pro] heartbeat words=43240 queue=200 rotation=13 idle=2s
[w6:mn:pro] Managed Turnstile miss (15054ms)
[w6:mn:pro] Managed Turnstile token (len=816, 3184ms, remount)
[w6:mn:pro] [api] 200 mode=pro startsWith=nontq
[w6:mn:pro] [api] 200 mode=pro startsWith=nontq (454ms direct)
[w6:mn:pro] "nontq" → 0 records, 0 words
[w6:mn:pro] "nontq" branch complete
[w6:mn:pro] Saved 43,240 worker words
[w6:mn:pro] Searching "nontr" | queue=199 | words=43240
[w6:mn:pro] Pacing 15s before "nontr" (gap=15500ms)
[w6:mn:pro] Managed Turnstile token (len=816, 3567ms, remount)
[w6:mn:pro] [api] 200 mode=pro startsWith=nontr
[w6:mn:pro] [api] 200 mode=pro startsWith=nontr (398ms direct)
[w6:mn:pro] "nontr" → 100 records, 100 words
[w6:mn:pro] Pacing 15s before "nontr" (gap=15500ms)
[w6:mn:pro] Managed Turnstile token (len=816, 7530ms, remount)
[w6:mn:pro] [api] 200 mode=pro startsWith=nontr
[w6:mn:pro] [api] 200 mode=pro startsWith=nontr sort=alphabetical:desc (401ms direct)
[w6:mn:pro] "nontr" full page ends at "nontropic" (next='o'); skip 22 covered groups → 6 children reverse Z→A ends at "nontrading" (lo='a' hi='u'); skip 19 middle + 0 new words
[w6:mn:pro] Saved 43,279 worker words
[w6:mn:pro] Searching "nonty" | queue=204 | words=43279
[w6:mn:pro] Pacing 15s before "nonty" (gap=15500ms)
[w6:mn:pro] heartbeat words=43279 queue=204 rotation=13 idle=12s
[w6:mn:pro] Managed Turnstile token (len=816, 14714ms, remount)
[w6:mn:pro] [api] 200 mode=pro startsWith=nonty
[w6:mn:pro] [api] 200 mode=pro startsWith=nonty (360ms direct)
[w6:mn:pro] "nonty" → 14 records, 14 words
[w6:mn:pro] "nonty" branch complete
[w6:mn:pro] Saved 43,279 worker words
[w6:mn:pro] Searching "nontz" | queue=203 | words=43279
[w6:mn:pro] Pacing 15s before "nontz" (gap=15500ms)
[w6:mn:pro] Managed Turnstile token (len=816, 5166ms, remount)
[w6:mn:pro] [api] 200 mode=pro startsWith=nontz
[w6:mn:pro] [api] 200 mode=pro startsWith=nontz (389ms direct)
[w6:mn:pro] "nontz" → 0 records, 0 words
[w6:mn:pro] "nontz" branch complete
[w6:mn:pro] Saved 43,279 worker words
[w6:mn:pro] Searching "nonve" | queue=202 | words=43279
[w6:mn:pro] Pacing 15s before "nonve" (gap=15500ms)
[w6:mn:pro] Managed Turnstile miss (15431ms)
[w6:mn:pro] Failed "nonve" attempt 1: No Turnstile token for direct search
[w6:mn:pro] Saved 43,279 worker words; shared last.txt now 404,793
[w6:mn:pro] Turnstile miss — soft reload before rotate
[w6:mn:pro] Turnstile token present (len=816)
[w6:mn:pro] Site Turnstile token (5694ms)
[w6:mn:pro] Searching "nonve" | queue=202 | words=43279
[w6:mn:pro] heartbeat words=43279 queue=202 rotation=13 idle=41s
[w6:mn:pro] [api] 200 mode=pro startsWith=nonve
[w6:mn:pro] [api] 200 mode=pro startsWith=nonve (375ms direct)
[w6:mn:pro] "nonve" → 65 records, 65 words
[w6:mn:pro] "nonve" branch complete
[w6:mn:pro] Saved 43,301 worker words
[w6:mn:pro] Searching "nonvf" | queue=201 | words=43301
[w6:mn:pro] Pacing 16s before "nonvf" (gap=15500ms)
[w6:mn:pro] Managed Turnstile token (len=816, 3641ms, remount)
[w6:mn:pro] [api] 200 mode=pro startsWith=nonvf
[w6:mn:pro] [api] 200 mode=pro startsWith=nonvf (413ms direct)
[w6:mn:pro] "nonvf" → 0 records, 0 words
[w6:mn:pro] "nonvf" branch complete
[w6:mn:pro] Saved 43,301 worker words
[w6:mn:pro] Searching "nonvg" | queue=200 | words=43301
[w6:mn:pro] Pacing 15s before "nonvg" (gap=15500ms)
[w6:mn:pro] Managed Turnstile token (len=816, 12480ms, remount)
[w6:mn:pro] [api] 200 mode=pro startsWith=nonvg
[w6:mn:pro] [api] 200 mode=pro startsWith=nonvg (454ms direct)
[w6:mn:pro] "nonvg" → 0 records, 0 words
[w6:mn:pro] "nonvg" branch complete
[w6:mn:pro] Saved 43,301 worker words
[w6:mn:pro] Searching "nonvh" | queue=199 | words=43301
[w6:mn:pro] Pacing 15s before "nonvh" (gap=15500ms)
[w6:mn:pro] Managed Turnstile miss (15335ms)
[w6:mn:pro] Failed "nonvh" attempt 1: No Turnstile token for direct search
[w6:mn:pro] Saved 43,301 worker words
[w6:mn:pro] Turnstile miss — soft reload before rotate
[w6:mn:pro] Site Turnstile remint timed out (9985ms)
[w6:mn:pro] Soft reload mint failed — rotating immediately
[w6:mn:pro] Tor NEWNYM gen=14; waiting 8000ms
[w6:mn:pro] heartbeat words=43301 queue=200 rotation=14 idle=28s
[w6:mn:pro] Tor ready on 19056 exit=185.220.100.254
[w6:mn:pro] Rotating IP (#14, try 1) after No Turnstile token for direct search → tor#15 socks5://127.0.0.1:19056
[w6:mn:pro] Launching persistent Chrome profile /tmp/lll-pw-w6-r14
[w6:mn:pro] Proxy tor#15 socks5://127.0.0.1:19056
[w6:mn:pro] Opening https://lastletterlibrary.com
[w6:mn:pro] Library mode=pro
[w6:mn:pro] Search mode=direct (skip UI Wait Ns… gate)
[w6:mn:pro] Cleaned 1 old rotated profile(s)
[w6:mn:pro] Searching "nonvh" | queue=199 | words=43301
[w6:mn:pro] Failed "nonvh" attempt 1: No Turnstile token for direct search
[w6:mn:pro] Saved 43,301 worker words
[w6:mn:pro] Turnstile miss — soft reload before rotate
[w6:mn:pro] heartbeat words=43301 queue=200 rotation=14 idle=88s
[w6:mn:pro] Managed Turnstile token (len=816, 6088ms, remount)
[w6:mn:pro] Searching "nonvh" | queue=199 | words=43301
[w6:mn:pro] [api] 200 mode=pro startsWith=nonvh
[w6:mn:pro] [api] 200 mode=pro startsWith=nonvh (655ms direct)
[w6:mn:pro] "nonvh" → 0 records, 0 words
[w6:mn:pro] "nonvh" branch complete
[w6:mn:pro] Saved 43,301 worker words
[w6:mn:pro] Searching "nonvi" | queue=198 | words=43301
[w6:mn:pro] Pacing 15s before "nonvi" (gap=15500ms)
[w6:mn:pro] Managed Turnstile token (len=816, 3619ms, remount)
[w6:mn:pro] [api] 200 mode=pro startsWith=nonvi
[w6:mn:pro] [api] 200 mode=pro startsWith=nonvi (859ms direct)
[w6:mn:pro] "nonvi" → 87 records, 87 words
[w6:mn:pro] "nonvi" branch complete
[w6:mn:pro] Saved 43,328 worker words
[w6:mn:pro] Searching "nonvv" | queue=197 | words=43328
[w6:mn:pro] Pacing 15s before "nonvv" (gap=15500ms)
[w6:mn:pro] Managed Turnstile token (len=816, 6255ms, remount)
[w6:mn:pro] [api] 200 mode=pro startsWith=nonvv
[w6:mn:pro] [api] 200 mode=pro startsWith=nonvv (592ms direct)
[w6:mn:pro] "nonvv" → 1 records, 1 words
[w6:mn:pro] "nonvv" branch complete
[w6:mn:pro] Saved 43,328 worker words; shared last.txt now 405,890
[w6:mn:pro] Searching "nonvw" | queue=196 | words=43328
[w6:mn:pro] Pacing 15s before "nonvw" (gap=15500ms)
[w6:mn:pro] Managed Turnstile token (len=816, 5071ms, remount)
[w6:mn:pro] [api] 200 mode=pro startsWith=nonvw
[w6:mn:pro] [api] 200 mode=pro startsWith=nonvw (396ms direct)
[w6:mn:pro] "nonvw" → 0 records, 0 words
[w6:mn:pro] "nonvw" branch complete
[w6:mn:pro] Saved 43,328 worker words
[w6:mn:pro] Searching "nonvx" | queue=195 | words=43328
[w6:mn:pro] Pacing 15s before "nonvx" (gap=15500ms)
[w6:mn:pro] Managed Turnstile token (len=816, 4369ms, remount)
[w6:mn:pro] heartbeat words=43328 queue=195 rotation=14 idle=12s
[w6:mn:pro] [api] 200 mode=pro startsWith=nonvx
[w6:mn:pro] [api] 200 mode=pro startsWith=nonvx (414ms direct)
[w6:mn:pro] "nonvx" → 0 records, 0 words
[w6:mn:pro] "nonvx" branch complete
[w6:mn:pro] Saved 43,328 worker words
[w6:mn:pro] Searching "nonvy" | queue=194 | words=43328
[w6:mn:pro] Pacing 15s before "nonvy" (gap=15500ms)
[w6:mn:pro] Managed Turnstile token (len=816, 4525ms, remount)
[w6:mn:pro] [api] 200 mode=pro startsWith=nonvy
[w6:mn:pro] [api] 200 mode=pro startsWith=nonvy (1008ms direct)
[w6:mn:pro] "nonvy" → 0 records, 0 words
[w6:mn:pro] "nonvy" branch complete
[w6:mn:pro] Saved 43,328 worker words
[w6:mn:pro] Searching "nonvz" | queue=193 | words=43328
[w6:mn:pro] Pacing 15s before "nonvz" (gap=15500ms)
[w6:mn:pro] Managed Turnstile token (len=816, 10840ms, remount)
[w6:mn:pro] [api] 200 mode=pro startsWith=nonvz
[w6:mn:pro] [api] 200 mode=pro startsWith=nonvz (414ms direct)
[w6:mn:pro] "nonvz" → 0 records, 0 words
[w6:mn:pro] "nonvz" branch complete
[w6:mn:pro] Saved 43,328 worker words
[w6:mn:pro] Searching "nucle" | queue=192 | words=43328
[w6:mn:pro] Pacing 15s before "nucle" (gap=15500ms)
[w6:mn:pro] Managed Turnstile miss (15394ms)
[w6:mn:pro] Failed "nucle" attempt 1: No Turnstile token for direct search
[w6:mn:pro] Saved 43,328 worker words
[w6:mn:pro] Turnstile miss — soft reload before rotate
[w6:mn:pro] heartbeat words=43328 queue=193 rotation=14 idle=25s
[w6:mn:pro] Turnstile token present (len=816)
[w6:mn:pro] Site Turnstile token (11446ms)
[w6:mn:pro] Searching "nucle" | queue=192 | words=43328
[w6:mn:pro] [api] 200 mode=pro startsWith=nucle
[w6:mn:pro] [api] 200 mode=pro startsWith=nucle (551ms direct)
[w6:mn:pro] "nucle" → 100 records, 100 words
[w6:mn:pro] Pacing 15s before "nucle" (gap=15500ms)
[w6:mn:pro] Managed Turnstile token (len=816, 3988ms, remount)
[w6:mn:pro] [api] 200 mode=pro startsWith=nucle
[w6:mn:pro] [api] 200 mode=pro startsWith=nucle sort=alphabetical:desc (564ms direct)
[w6:mn:pro] "nucle" full page ends at "nucleotidases" (next='o'); skip 22 covered groups → 6 children reverse Z→A ends at "nuclearise" (lo='a' hi='u'); skip 19 middle + 0 new words
[w6:mn:pro] Saved 43,328 worker words
[w6:mn:pro] Searching "nucli" | queue=197 | words=43328
[w6:mn:pro] Pacing 15s before "nucli" (gap=15500ms)
[w6:mn:pro] Managed Turnstile token (len=816, 4993ms, remount)
[w6:mn:pro] [api] 200 mode=pro startsWith=nucli
[w6:mn:pro] [api] 200 mode=pro startsWith=nucli (597ms direct)
[w6:mn:pro] "nucli" → 3 records, 3 words
[w6:mn:pro] "nucli" branch complete
[w6:mn:pro] Saved 43,328 worker words
[w6:mn:pro] Searching "nuclj" | queue=196 | words=43328
[w6:mn:pro] Pacing 15s before "nuclj" (gap=15500ms)
[w6:mn:pro] Managed Turnstile token (len=816, 5299ms, remount)
[w6:mn:pro] [api] 200 mode=pro startsWith=nuclj
[w6:mn:pro] [api] 200 mode=pro startsWith=nuclj (395ms direct)
[w6:mn:pro] "nuclj" → 0 records, 0 words
[w6:mn:pro] "nuclj" branch complete
[w6:mn:pro] Saved 43,328 worker words; shared last.txt now 407,132
[w6:mn:pro] Searching "nuclk" | queue=195 | words=43328
[w6:mn:pro] Pacing 15s before "nuclk" (gap=15500ms)
[w6:mn:pro] heartbeat words=43328 queue=195 rotation=14 idle=8s
[w6:mn:pro] Managed Turnstile token (len=816, 9735ms, remount)
[w6:mn:pro] [api] 200 mode=pro startsWith=nuclk
[w6:mn:pro] [api] 200 mode=pro startsWith=nuclk (502ms direct)
[w6:mn:pro] "nuclk" → 0 records, 0 words
[w6:mn:pro] "nuclk" branch complete
[w6:mn:pro] Saved 43,328 worker words
[w6:mn:pro] Searching "nucll" | queue=194 | words=43328
[w6:mn:pro] Pacing 15s before "nucll" (gap=15500ms)
[w6:mn:pro] Managed Turnstile miss (15115ms)
[w6:mn:pro] Failed "nucll" attempt 1: No Turnstile token for direct search
[w6:mn:pro] Saved 43,328 worker words
[w6:mn:pro] Turnstile miss — soft reload before rotate
[w6:mn:pro] Site Turnstile remint timed out (10267ms)
[w6:mn:pro] Soft reload mint failed — rotating immediately
[w6:mn:pro] Tor NEWNYM gen=15; waiting 8000ms
[w6:mn:pro] Tor ready on 19056 exit=171.25.193.81
[w6:mn:pro] Rotating IP (#15, try 1) after No Turnstile token for direct search → tor#16 socks5://127.0.0.1:19056
[w6:mn:pro] Launching persistent Chrome profile /tmp/lll-pw-w6-r15
[w6:mn:pro] Proxy tor#16 socks5://127.0.0.1:19056
[w6:mn:pro] Opening https://lastletterlibrary.com
[w6:mn:pro] Library mode=pro
[w6:mn:pro] heartbeat words=43328 queue=195 rotation=15 idle=52s
[w6:mn:pro] Turnstile token present (len=837)
[w6:mn:pro] Site Turnstile token (19958ms)
[w6:mn:pro] Search mode=direct (skip UI Wait Ns… gate)
[w6:mn:pro] Cleaned 1 old rotated profile(s)
[w6:mn:pro] Searching "nucll" | queue=194 | words=43328
[w6:mn:pro] [api] 200 mode=pro startsWith=nucll
[w6:mn:pro] [api] 200 mode=pro startsWith=nucll (437ms direct)
[w6:mn:pro] "nucll" → 0 records, 0 words
[w6:mn:pro] "nucll" branch complete
[w6:mn:pro] Saved 43,328 worker words
[w6:mn:pro] Searching "nuclm" | queue=193 | words=43328
[w6:mn:pro] Pacing 15s before "nuclm" (gap=15500ms)
[w6:mn:pro] Managed Turnstile miss (15203ms)
[w6:mn:pro] Failed "nuclm" attempt 1: No Turnstile token for direct search
[w6:mn:pro] Saved 43,328 worker words
[w6:mn:pro] Turnstile miss — soft reload before rotate
[w6:mn:pro] Site Turnstile remint timed out (10117ms)
[w6:mn:pro] Soft reload mint failed — rotating immediately
[w6:mn:pro] Tor NEWNYM gen=16; waiting 8000ms
[w6:mn:pro] Tor ready on 19056 exit=185.220.101.1
[w6:mn:pro] Rotating IP (#16, try 1) after No Turnstile token for direct search → tor#17 socks5://127.0.0.1:19056
[w6:mn:pro] Launching persistent Chrome profile /tmp/lll-pw-w6-r16
[w6:mn:pro] Proxy tor#17 socks5://127.0.0.1:19056
[w6:mn:pro] Opening https://lastletterlibrary.com
[w6:mn:pro] Library mode=pro
[w6:mn:pro] heartbeat words=43328 queue=194 rotation=16 idle=49s
[w6:mn:pro] Turnstile token present (len=816)
[w6:mn:pro] Site Turnstile token (19781ms)
[w6:mn:pro] Search mode=direct (skip UI Wait Ns… gate)
[w6:mn:pro] Cleaned 1 old rotated profile(s)
[w6:mn:pro] Searching "nuclm" | queue=193 | words=43328
[w6:mn:pro] [api] 200 mode=pro startsWith=nuclm
[w6:mn:pro] [api] 200 mode=pro startsWith=nuclm (491ms direct)
[w6:mn:pro] "nuclm" → 0 records, 0 words
[w6:mn:pro] "nuclm" branch complete
[w6:mn:pro] Saved 43,328 worker words
[w6:mn:pro] Searching "nucln" | queue=192 | words=43328
[w6:mn:pro] Pacing 15s before "nucln" (gap=15500ms)
[w6:mn:pro] Managed Turnstile miss (15134ms)
[w6:mn:pro] Failed "nucln" attempt 1: No Turnstile token for direct search
[w6:mn:pro] Saved 43,328 worker words
[w6:mn:pro] Turnstile miss — soft reload before rotate
[w6:mn:pro] Site Turnstile remint timed out (10339ms)
[w6:mn:pro] Soft reload mint failed — rotating immediately
[w6:mn:pro] Tor NEWNYM gen=17; waiting 8000ms
[w6:mn:pro] Tor ready on 19056 exit=185.220.100.243
[w6:mn:pro] Rotating IP (#17, try 1) after No Turnstile token for direct search → tor#18 socks5://127.0.0.1:19056
[w6:mn:pro] Launching persistent Chrome profile /tmp/lll-pw-w6-r17
[w6:mn:pro] Proxy tor#18 socks5://127.0.0.1:19056
[w6:mn:pro] Opening https://lastletterlibrary.com
[w6:mn:pro] Library mode=pro
[w6:mn:pro] heartbeat words=43328 queue=193 rotation=17 idle=44s
[w6:mn:pro] Turnstile token present (len=837)
[w6:mn:pro] Site Turnstile token (20207ms)
[w6:mn:pro] Search mode=direct (skip UI Wait Ns… gate)
[w6:mn:pro] Cleaned 1 old rotated profile(s)
[w6:mn:pro] Searching "nucln" | queue=192 | words=43328
[w6:mn:pro] [api] 200 mode=pro startsWith=nucln
[w6:mn:pro] [api] 200 mode=pro startsWith=nucln (726ms direct)
[w6:mn:pro] "nucln" → 0 records, 0 words
[w6:mn:pro] "nucln" branch complete
[w6:mn:pro] Saved 43,328 worker words
[w6:mn:pro] Searching "nuclo" | queue=191 | words=43328
[w6:mn:pro] Pacing 15s before "nuclo" (gap=15500ms)
[w6:mn:pro] Managed Turnstile miss (15319ms)
[w6:mn:pro] Failed "nuclo" attempt 1: No Turnstile token for direct search
[w6:mn:pro] Saved 43,328 worker words; shared last.txt now 408,495
[w6:mn:pro] Turnstile miss — soft reload before rotate
[w6:mn:pro] Site Turnstile remint timed out (9478ms)
[w6:mn:pro] Soft reload mint failed — rotating immediately
[w6:mn:pro] Tor NEWNYM gen=18; waiting 8000ms
[w6:mn:pro] Tor ready on 19056 exit=147.90.234.63
[w6:mn:pro] Rotating IP (#18, try 1) after No Turnstile token for direct search → tor#19 socks5://127.0.0.1:19056
[w6:mn:pro] Launching persistent Chrome profile /tmp/lll-pw-w6-r18
[w6:mn:pro] Proxy tor#19 socks5://127.0.0.1:19056
[w6:mn:pro] Opening https://lastletterlibrary.com
[w6:mn:pro] heartbeat words=43328 queue=192 rotation=18 idle=39s
[w6:mn:pro] Library mode=pro
[w6:mn:pro] Managed Turnstile token (len=816, 10247ms, remount)
[w6:mn:pro] Search mode=direct (skip UI Wait Ns… gate)
[w6:mn:pro] Cleaned 1 old rotated profile(s)
[w6:mn:pro] Searching "nuclo" | queue=191 | words=43328
[w6:mn:pro] [api] 200 mode=pro startsWith=nuclo
[w6:mn:pro] [api] 200 mode=pro startsWith=nuclo (529ms direct)
[w6:mn:pro] "nuclo" → 0 records, 0 words
[w6:mn:pro] "nuclo" branch complete
[w6:mn:pro] Saved 43,328 worker words
[w6:mn:pro] Searching "nuclp" | queue=190 | words=43328
[w6:mn:pro] Pacing 15s before "nuclp" (gap=15500ms)
[w6:mn:pro] Managed Turnstile token (len=816, 8274ms, remount)
[w6:mn:pro] [api] 200 mode=pro startsWith=nuclp
[w6:mn:pro] [api] 200 mode=pro startsWith=nuclp (507ms direct)
[w6:mn:pro] "nuclp" → 0 records, 0 words
[w6:mn:pro] "nuclp" branch complete
[w6:mn:pro] Saved 43,328 worker words
[w6:mn:pro] Searching "nuclq" | queue=189 | words=43328
[w6:mn:pro] Pacing 13s before "nuclq" (gap=15500ms)
[w6:mn:pro] Managed Turnstile token (len=816, 7167ms, remount)
[w6:mn:pro] [api] 429 mode=pro startsWith=nuclq
[w6:mn:pro] [api] 429 mode=pro startsWith=nuclq (431ms direct)
[w6:mn:pro] Learned server gap ≈ 15500ms (wait hint 2000ms)
[w6:mn:pro] Rate limited — inline wait 2000ms then retry "nuclq"
[w6:mn:pro] Managed Turnstile token (len=816, 5165ms, remount)
[w6:mn:pro] [api] 200 mode=pro startsWith=nuclq
[w6:mn:pro] [api] 200 mode=pro startsWith=nuclq (438ms direct)
[w6:mn:pro] "nuclq" → 0 records, 0 words
[w6:mn:pro] "nuclq" branch complete
[w6:mn:pro] Saved 43,328 worker words
[w6:mn:pro] Searching "nuclr" | queue=188 | words=43328
[w6:mn:pro] Pacing 15s before "nuclr" (gap=15500ms)
[w6:mn:pro] heartbeat words=43328 queue=188 rotation=18 idle=8s
[w6:mn:pro] Managed Turnstile token (len=816, 8119ms, remount)
[w6:mn:pro] [api] 200 mode=pro startsWith=nuclr
[w6:mn:pro] [api] 200 mode=pro startsWith=nuclr (564ms direct)
[w6:mn:pro] "nuclr" → 0 records, 0 words
[w6:mn:pro] "nuclr" branch complete
[w6:mn:pro] Saved 43,328 worker words
[w6:mn:pro] Searching "nucls" | queue=187 | words=43328
[w6:mn:pro] Pacing 15s before "nucls" (gap=15500ms)
[w6:mn:pro] Managed Turnstile token (len=816, 6805ms, remount)
[w6:mn:pro] [api] 200 mode=pro startsWith=nucls
[w6:mn:pro] [api] 200 mode=pro startsWith=nucls (446ms direct)
[w6:mn:pro] "nucls" → 0 records, 0 words
[w6:mn:pro] "nucls" branch complete
[w6:mn:pro] Saved 43,328 worker words
[w6:mn:pro] Searching "nuclt" | queue=186 | words=43328
[w6:mn:pro] Pacing 15s before "nuclt" (gap=15500ms)
[w6:mn:pro] Managed Turnstile token (len=816, 5822ms, remount)
[w6:mn:pro] [api] 200 mode=pro startsWith=nuclt
[w6:mn:pro] [api] 200 mode=pro startsWith=nuclt (464ms direct)
[w6:mn:pro] "nuclt" → 0 records, 0 words
[w6:mn:pro] "nuclt" branch complete
[w6:mn:pro] Saved 43,328 worker words
[w6:mn:pro] Searching "nuclu" | queue=185 | words=43328
[w6:mn:pro] Pacing 15s before "nuclu" (gap=15500ms)
[w6:mn:pro] Managed Turnstile token (len=816, 10450ms, remount)
[w6:mn:pro] [api] 200 mode=pro startsWith=nuclu
[w6:mn:pro] [api] 200 mode=pro startsWith=nuclu (446ms direct)
[w6:mn:pro] "nuclu" → 0 records, 0 words
[w6:mn:pro] "nuclu" branch complete
[w6:mn:pro] Saved 43,328 worker words
[w6:mn:pro] Searching "nuclv" | queue=184 | words=43328
[w6:mn:pro] Pacing 15s before "nuclv" (gap=15500ms)
[w6:mn:pro] heartbeat words=43328 queue=184 rotation=18 idle=6s
[w6:mn:pro] Managed Turnstile token (len=816, 7459ms, remount)
[w6:mn:pro] [api] 200 mode=pro startsWith=nuclv
[w6:mn:pro] [api] 200 mode=pro startsWith=nuclv (459ms direct)
[w6:mn:pro] "nuclv" → 0 records, 0 words
[w6:mn:pro] "nuclv" branch complete
[w6:mn:pro] Saved 43,328 worker words; shared last.txt now 409,007
[w6:mn:pro] Searching "nuclw" | queue=183 | words=43328
[w6:mn:pro] Pacing 7s before "nuclw" (gap=15500ms)
[w6:mn:pro] Managed Turnstile token (len=816, 13340ms, remount)
[w6:mn:pro] [api] 200 mode=pro startsWith=nuclw
[w6:mn:pro] [api] 200 mode=pro startsWith=nuclw (473ms direct)
[w6:mn:pro] "nuclw" → 0 records, 0 words
[w6:mn:pro] "nuclw" branch complete
[w6:mn:pro] Saved 43,328 worker words
[w6:mn:pro] Searching "nuclx" | queue=182 | words=43328
[w6:mn:pro] Pacing 15s before "nuclx" (gap=15500ms)
[w6:mn:pro] Managed Turnstile token (len=816, 13860ms, remount)
[w6:mn:pro] [api] 200 mode=pro startsWith=nuclx
[w6:mn:pro] [api] 200 mode=pro startsWith=nuclx (503ms direct)
[w6:mn:pro] "nuclx" → 0 records, 0 words
[w6:mn:pro] "nuclx" branch complete
[w6:mn:pro] Saved 43,328 worker words
[w6:mn:pro] Searching "nucly" | queue=181 | words=43328
[w6:mn:pro] Pacing 15s before "nucly" (gap=15500ms)
[w6:mn:pro] Managed Turnstile token (len=816, 9320ms, remount)
[w6:mn:pro] [api] 200 mode=pro startsWith=nucly
[w6:mn:pro] [api] 200 mode=pro startsWith=nucly (474ms direct)
[w6:mn:pro] "nucly" → 0 records, 0 words
[w6:mn:pro] "nucly" branch complete
[w6:mn:pro] Saved 43,328 worker words
[w6:mn:pro] Searching "nuclz" | queue=180 | words=43328
[w6:mn:pro] Pacing 15s before "nuclz" (gap=15500ms)
[w6:mn:pro] heartbeat words=43328 queue=180 rotation=18 idle=4s
[w6:mn:pro] Managed Turnstile token (len=816, 8396ms, remount)
[w6:mn:pro] [api] 200 mode=pro startsWith=nuclz
[w6:mn:pro] [api] 200 mode=pro startsWith=nuclz (477ms direct)
[w6:mn:pro] "nuclz" → 0 records, 0 words
[w6:mn:pro] "nuclz" branch complete
[w6:mn:pro] Saved 43,328 worker words
[w6:mn:pro] Searching "necrot" | queue=179 | words=43328
[w6:mn:pro] Pacing 15s before "necrot" (gap=15500ms)
[w6:mn:pro] Managed Turnstile token (len=816, 16053ms, remount)
[w6:mn:pro] [api] 200 mode=pro startsWith=necrot
[w6:mn:pro] [api] 200 mode=pro startsWith=necrot (472ms direct)
[w6:mn:pro] "necrot" → 20 records, 20 words
[w6:mn:pro] "necrot" branch complete
[w6:mn:pro] Saved 43,328 worker words
[w6:mn:pro] Searching "necrou" | queue=178 | words=43328
[w6:mn:pro] Pacing 15s before "necrou" (gap=15500ms)
[w6:mn:pro] Managed Turnstile miss (15190ms)
[w6:mn:pro] Failed "necrou" attempt 1: No Turnstile token for direct search
[w6:mn:pro] Saved 43,328 worker words
[w6:mn:pro] Turnstile miss — soft reload before rotate
[w6:mn:pro] Site Turnstile remint timed out (9992ms)
[w6:mn:pro] Soft reload mint failed — rotating immediately
[w6:mn:pro] Tor NEWNYM gen=19; waiting 8000ms
[w6:mn:pro] heartbeat words=43328 queue=179 rotation=19 idle=31s
[w6:mn:pro] Tor ready on 19056 exit=192.42.116.111
[w6:mn:pro] Rotating IP (#19, try 1) after No Turnstile token for direct search → tor#20 socks5://127.0.0.1:19056
[w6:mn:pro] Launching persistent Chrome profile /tmp/lll-pw-w6-r19
[w6:mn:pro] Proxy tor#20 socks5://127.0.0.1:19056
[w6:mn:pro] Opening https://lastletterlibrary.com
[w6:mn:pro] Library mode=pro
[w6:mn:pro] Managed Turnstile token (len=816, 4095ms, remount)
[w6:mn:pro] Search mode=direct (skip UI Wait Ns… gate)
[w6:mn:pro] Cleaned 1 old rotated profile(s)
[w6:mn:pro] Searching "necrou" | queue=178 | words=43328
[w6:mn:pro] [api] 200 mode=pro startsWith=necrou
[w6:mn:pro] [api] 200 mode=pro startsWith=necrou (381ms direct)
[w6:mn:pro] "necrou" → 0 records, 0 words
[w6:mn:pro] "necrou" branch complete
[w6:mn:pro] Saved 43,328 worker words
[w6:mn:pro] Searching "necrov" | queue=177 | words=43328
[w6:mn:pro] Pacing 16s before "necrov" (gap=15500ms)
[w6:mn:pro] Managed Turnstile token (len=816, 3085ms, remount)
[w6:mn:pro] [api] 200 mode=pro startsWith=necrov
[w6:mn:pro] [api] 200 mode=pro startsWith=necrov (380ms direct)
[w6:mn:pro] "necrov" → 0 records, 0 words
[w6:mn:pro] "necrov" branch complete
[w6:mn:pro] Saved 43,328 worker words; shared last.txt now 409,431
[w6:mn:pro] Searching "necrow" | queue=176 | words=43328
[w6:mn:pro] Pacing 13s before "necrow" (gap=15500ms)
[w6:mn:pro] Managed Turnstile token (len=816, 6057ms, remount)
[w6:mn:pro] [api] 200 mode=pro startsWith=necrow
[w6:mn:pro] [api] 200 mode=pro startsWith=necrow (377ms direct)
[w6:mn:pro] "necrow" → 0 records, 0 words
[w6:mn:pro] "necrow" branch complete
[w6:mn:pro] Saved 43,328 worker words
[w6:mn:pro] Searching "necrox" | queue=175 | words=43328
[w6:mn:pro] Pacing 15s before "necrox" (gap=15500ms)
[w6:mn:pro] Managed Turnstile token (len=816, 4653ms, remount)
[w6:mn:pro] heartbeat words=43328 queue=175 rotation=19 idle=11s
[w6:mn:pro] [api] 200 mode=pro startsWith=necrox
[w6:mn:pro] [api] 200 mode=pro startsWith=necrox (375ms direct)
[w6:mn:pro] "necrox" → 0 records, 0 words
[w6:mn:pro] "necrox" branch complete
[w6:mn:pro] Saved 43,328 worker words
[w6:mn:pro] Searching "necroy" | queue=174 | words=43328
[w6:mn:pro] Pacing 16s before "necroy" (gap=15500ms)
[w6:mn:pro] Managed Turnstile token (len=816, 4172ms, remount)
[w6:mn:pro] [api] 200 mode=pro startsWith=necroy
[w6:mn:pro] [api] 200 mode=pro startsWith=necroy (375ms direct)
[w6:mn:pro] "necroy" → 0 records, 0 words
[w6:mn:pro] "necroy" branch complete
[w6:mn:pro] Saved 43,328 worker words
[w6:mn:pro] Searching "necroz" | queue=173 | words=43328
[w6:mn:pro] Pacing 15s before "necroz" (gap=15500ms)
[w6:mn:pro] Managed Turnstile token (len=816, 5292ms, remount)
[w6:mn:pro] [api] 200 mode=pro startsWith=necroz
[w6:mn:pro] [api] 200 mode=pro startsWith=necroz (396ms direct)
[w6:mn:pro] "necroz" → 0 records, 0 words
[w6:mn:pro] "necroz" branch complete
[w6:mn:pro] Saved 43,328 worker words
[w6:mn:pro] Searching "nephro" | queue=172 | words=43328
[w6:mn:pro] Pacing 14s before "nephro" (gap=15500ms)
[w6:mn:pro] Managed Turnstile token (len=816, 5737ms, remount)
[w6:mn:pro] [api] 200 mode=pro startsWith=nephro
[w6:mn:pro] [api] 200 mode=pro startsWith=nephro (393ms direct)
[w6:mn:pro] "nephro" → 98 records, 98 words
[w6:mn:pro] "nephro" branch complete
[w6:mn:pro] Saved 43,328 worker words
[w6:mn:pro] Searching "nephrp" | queue=171 | words=43328
[w6:mn:pro] Pacing 15s before "nephrp" (gap=15500ms)
[w6:mn:pro] Managed Turnstile token (len=816, 7066ms, remount)
[w6:mn:pro] heartbeat words=43328 queue=171 rotation=19 idle=9s
[w6:mn:pro] [api] 200 mode=pro startsWith=nephrp
[w6:mn:pro] [api] 200 mode=pro startsWith=nephrp (443ms direct)
[w6:mn:pro] "nephrp" → 0 records, 0 words
[w6:mn:pro] "nephrp" branch complete
[w6:mn:pro] Saved 43,328 worker words
[w6:mn:pro] Searching "nephrq" | queue=170 | words=43328
[w6:mn:pro] Pacing 15s before "nephrq" (gap=15500ms)
[w6:mn:pro] Managed Turnstile token (len=816, 10370ms, remount)
[w6:mn:pro] [api] 200 mode=pro startsWith=nephrq
[w6:mn:pro] [api] 200 mode=pro startsWith=nephrq (379ms direct)
[w6:mn:pro] "nephrq" → 0 records, 0 words
[w6:mn:pro] "nephrq" branch complete
[w6:mn:pro] Saved 43,328 worker words
[w6:mn:pro] Searching "nephrr" | queue=169 | words=43328
[w6:mn:pro] Pacing 16s before "nephrr" (gap=15500ms)
[w6:mn:pro] Managed Turnstile token (len=816, 3491ms, remount)
[w6:mn:pro] [api] 200 mode=pro startsWith=nephrr
[w6:mn:pro] [api] 200 mode=pro startsWith=nephrr (398ms direct)
[w6:mn:pro] "nephrr" → 0 records, 0 words
[w6:mn:pro] "nephrr" branch complete
[w6:mn:pro] Saved 43,328 worker words; shared last.txt now 409,688
[w6:mn:pro] Searching "nephrs" | queue=168 | words=43328
[w6:mn:pro] Pacing 15s before "nephrs" (gap=15500ms)
[w6:mn:pro] Managed Turnstile token (len=816, 4001ms, remount)
[w6:mn:pro] [api] 200 mode=pro startsWith=nephrs
[w6:mn:pro] [api] 200 mode=pro startsWith=nephrs (374ms direct)
[w6:mn:pro] "nephrs" → 0 records, 0 words
[w6:mn:pro] "nephrs" branch complete
[w6:mn:pro] Saved 43,328 worker words
[w6:mn:pro] Searching "nephrt" | queue=167 | words=43328
[w6:mn:pro] Pacing 16s before "nephrt" (gap=15500ms)
[w6:mn:pro] Managed Turnstile token (len=816, 3847ms, remount)
[w6:mn:pro] heartbeat words=43328 queue=167 rotation=19 idle=7s
[w6:mn:pro] [api] 200 mode=pro startsWith=nephrt
[w6:mn:pro] [api] 200 mode=pro startsWith=nephrt (374ms direct)
[w6:mn:pro] "nephrt" → 0 records, 0 words
[w6:mn:pro] "nephrt" branch complete
[w6:mn:pro] Saved 43,328 worker words
[w6:mn:pro] Searching "nephru" | queue=166 | words=43328
[w6:mn:pro] Pacing 16s before "nephru" (gap=15500ms)
[w6:mn:pro] Managed Turnstile token (len=816, 3536ms, remount)
[w6:mn:pro] [api] 200 mode=pro startsWith=nephru
[w6:mn:pro] [api] 200 mode=pro startsWith=nephru (364ms direct)
[w6:mn:pro] "nephru" → 0 records, 0 words
[w6:mn:pro] "nephru" branch complete
[w6:mn:pro] Saved 43,328 worker words
[w6:mn:pro] Searching "nephrv" | queue=165 | words=43328
[w6:mn:pro] Pacing 16s before "nephrv" (gap=15500ms)
[w6:mn:pro] Managed Turnstile token (len=816, 3271ms, remount)
[w6:mn:pro] [api] 200 mode=pro startsWith=nephrv
[w6:mn:pro] [api] 200 mode=pro startsWith=nephrv (368ms direct)
[w6:mn:pro] "nephrv" → 0 records, 0 words
[w6:mn:pro] "nephrv" branch complete
[w6:mn:pro] Saved 43,328 worker words
[w6:mn:pro] Searching "nephrw" | queue=164 | words=43328
[w6:mn:pro] Pacing 16s before "nephrw" (gap=15500ms)
[w6:mn:pro] Managed Turnstile token (len=816, 4312ms, remount)
[w6:mn:pro] [api] 200 mode=pro startsWith=nephrw
[w6:mn:pro] [api] 200 mode=pro startsWith=nephrw (388ms direct)
[w6:mn:pro] "nephrw" → 0 records, 0 words
[w6:mn:pro] "nephrw" branch complete
[w6:mn:pro] Saved 43,328 worker words
[w6:mn:pro] Searching "nephrx" | queue=163 | words=43328
[w6:mn:pro] Pacing 16s before "nephrx" (gap=15500ms)
[w6:mn:pro] Managed Turnstile token (len=816, 4756ms, remount)
[w6:mn:pro] heartbeat words=43328 queue=163 rotation=19 idle=5s
[w6:mn:pro] [api] 200 mode=pro startsWith=nephrx
[w6:mn:pro] [api] 200 mode=pro startsWith=nephrx (360ms direct)
[w6:mn:pro] "nephrx" → 0 records, 0 words
[w6:mn:pro] "nephrx" branch complete
[w6:mn:pro] Saved 43,328 worker words
[w6:mn:pro] Searching "nephry" | queue=162 | words=43328
[w6:mn:pro] Pacing 16s before "nephry" (gap=15500ms)
[w6:mn:pro] Managed Turnstile token (len=816, 5218ms, remount)
[w6:mn:pro] [api] 200 mode=pro startsWith=nephry
[w6:mn:pro] [api] 200 mode=pro startsWith=nephry (731ms direct)
[w6:mn:pro] "nephry" → 0 records, 0 words
[w6:mn:pro] "nephry" branch complete
[w6:mn:pro] Saved 43,328 worker words
[w6:mn:pro] Searching "nephrz" | queue=161 | words=43328
[w6:mn:pro] Pacing 15s before "nephrz" (gap=15500ms)
[w6:mn:pro] Managed Turnstile token (len=816, 9793ms, remount)
[w6:mn:pro] [api] 200 mode=pro startsWith=nephrz
[w6:mn:pro] [api] 200 mode=pro startsWith=nephrz (401ms direct)
[w6:mn:pro] "nephrz" → 0 records, 0 words
[w6:mn:pro] "nephrz" branch complete
[w6:mn:pro] Saved 43,328 worker words; shared last.txt now 409,691
[w6:mn:pro] Searching "neurod" | queue=160 | words=43328
[w6:mn:pro] Pacing 13s before "neurod" (gap=15500ms)
[w6:mn:pro] Managed Turnstile miss (15315ms)
[w6:mn:pro] Failed "neurod" attempt 1: No Turnstile token for direct search
[w6:mn:pro] Saved 43,328 worker words
[w6:mn:pro] Turnstile miss — soft reload before rotate
[w6:mn:pro] heartbeat words=43328 queue=161 rotation=19 idle=16s
[w6:mn:pro] Turnstile token present (len=816)
[w6:mn:pro] Site Turnstile token (6453ms)
[w6:mn:pro] Searching "neurod" | queue=160 | words=43328
[w6:mn:pro] [api] 200 mode=pro startsWith=neurod
[w6:mn:pro] [api] 200 mode=pro startsWith=neurod (657ms direct)
[w6:mn:pro] "neurod" → 16 records, 16 words
[w6:mn:pro] "neurod" branch complete
[w6:mn:pro] Saved 43,329 worker words
[w6:mn:pro] Searching "neuroe" | queue=159 | words=43329
[w6:mn:pro] Pacing 15s before "neuroe" (gap=15500ms)
[w6:mn:pro] Managed Turnstile token (len=816, 4450ms, remount)
[w6:mn:pro] [api] 200 mode=pro startsWith=neuroe
[w6:mn:pro] [api] 200 mode=pro startsWith=neuroe (394ms direct)
[w6:mn:pro] "neuroe" → 18 records, 18 words
[w6:mn:pro] "neuroe" branch complete
[w6:mn:pro] Saved 43,347 worker words
[w6:mn:pro] Searching "neurof" | queue=158 | words=43347
[w6:mn:pro] Pacing 16s before "neurof" (gap=15500ms)
[w6:mn:pro] Managed Turnstile token (len=816, 4157ms, remount)
[w6:mn:pro] [api] 200 mode=pro startsWith=neurof
[w6:mn:pro] [api] 200 mode=pro startsWith=neurof (388ms direct)
[w6:mn:pro] "neurof" → 19 records, 19 words
[w6:mn:pro] "neurof" branch complete
[w6:mn:pro] Saved 43,366 worker words
[w6:mn:pro] Searching "neurog" | queue=157 | words=43366
[w6:mn:pro] Pacing 15s before "neurog" (gap=15500ms)
[w6:mn:pro] Managed Turnstile miss (15364ms)
[w6:mn:pro] Failed "neurog" attempt 1: No Turnstile token for direct search
[w6:mn:pro] Saved 43,366 worker words
[w6:mn:pro] Turnstile miss — soft reload before rotate
[w6:mn:pro] heartbeat words=43366 queue=158 rotation=19 idle=21s
[w6:mn:pro] Turnstile token present (len=816)
[w6:mn:pro] Site Turnstile token (5845ms)
[w6:mn:pro] Searching "neurog" | queue=157 | words=43366
[w6:mn:pro] [api] 200 mode=pro startsWith=neurog
[w6:mn:pro] [api] 200 mode=pro startsWith=neurog (387ms direct)
[w6:mn:pro] "neurog" → 25 records, 25 words
[w6:mn:pro] "neurog" branch complete
[w6:mn:pro] Saved 43,391 worker words
[w6:mn:pro] Searching "neuroh" | queue=156 | words=43391
[w6:mn:pro] Pacing 15s before "neuroh" (gap=15500ms)
[w6:mn:pro] Managed Turnstile token (len=816, 6339ms, remount)
[w6:mn:pro] [api] 200 mode=pro startsWith=neuroh
[w6:mn:pro] [api] 200 mode=pro startsWith=neuroh (410ms direct)
[w6:mn:pro] "neuroh" → 17 records, 17 words
[w6:mn:pro] "neuroh" branch complete
[w6:mn:pro] Saved 43,408 worker words
[w6:mn:pro] Searching "neuroi" | queue=155 | words=43408
[w6:mn:pro] Pacing 15s before "neuroi" (gap=15500ms)
[w6:mn:pro] Managed Turnstile miss (15070ms)
[w6:mn:pro] Failed "neuroi" attempt 1: No Turnstile token for direct search
[w6:mn:pro] Saved 43,408 worker words; shared last.txt now 410,043
[w6:mn:pro] Turnstile miss — soft reload before rotate
[w6:mn:pro] Managed Turnstile token (len=816, 3566ms, remount)
[w6:mn:pro] Searching "neuroi" | queue=155 | words=43408
[w6:mn:pro] [api] 200 mode=pro startsWith=neuroi
[w6:mn:pro] [api] 200 mode=pro startsWith=neuroi (455ms direct)
[w6:mn:pro] "neuroi" → 7 records, 7 words
[w6:mn:pro] "neuroi" branch complete
[w6:mn:pro] Saved 43,415 worker words
[w6:mn:pro] Searching "neuroj" | queue=154 | words=43415
[w6:mn:pro] Pacing 15s before "neuroj" (gap=15500ms)
[w6:mn:pro] Managed Turnstile token (len=816, 3422ms, remount)
[w6:mn:pro] [api] 200 mode=pro startsWith=neuroj
[w6:mn:pro] [api] 200 mode=pro startsWith=neuroj (378ms direct)
[w6:mn:pro] "neuroj" → 0 records, 0 words
[w6:mn:pro] "neuroj" branch complete
[w6:mn:pro] Saved 43,415 worker words
[w6:mn:pro] Searching "neurok" | queue=153 | words=43415
[w6:mn:pro] Pacing 16s before "neurok" (gap=15500ms)
[w6:mn:pro] Managed Turnstile token (len=816, 3330ms, remount)
[w6:mn:pro] heartbeat words=43415 queue=153 rotation=19 idle=7s
[w6:mn:pro] [api] 200 mode=pro startsWith=neurok
[w6:mn:pro] [api] 200 mode=pro startsWith=neurok (393ms direct)
[w6:mn:pro] "neurok" → 2 records, 2 words
[w6:mn:pro] "neurok" branch complete
[w6:mn:pro] Saved 43,417 worker words
[w6:mn:pro] Searching "neurol" | queue=152 | words=43417
[w6:mn:pro] Pacing 15s before "neurol" (gap=15500ms)
[w6:mn:pro] Managed Turnstile token (len=816, 5853ms, remount)
[w6:mn:pro] [api] 200 mode=pro startsWith=neurol
[w6:mn:pro] [api] 200 mode=pro startsWith=neurol (379ms direct)
[w6:mn:pro] "neurol" → 26 records, 26 words (incl. exact "neurol")
[w6:mn:pro] "neurol" branch complete
[w6:mn:pro] Saved 43,443 worker words
[w6:mn:pro] Searching "neurom" | queue=151 | words=43443
[w6:mn:pro] Pacing 16s before "neurom" (gap=15500ms)
[w6:mn:pro] Managed Turnstile miss (15031ms)
[w6:mn:pro] Managed Turnstile token (len=816, 3803ms, remount)
[w6:mn:pro] [api] 200 mode=pro startsWith=neurom
[w6:mn:pro] [api] 200 mode=pro startsWith=neurom (379ms direct)
[w6:mn:pro] "neurom" → 29 records, 29 words
[w6:mn:pro] "neurom" branch complete
[w6:mn:pro] Saved 43,472 worker words
[w6:mn:pro] Searching "neuron" | queue=150 | words=43472
[w6:mn:pro] Pacing 16s before "neuron" (gap=15500ms)
[w6:mn:pro] Managed Turnstile token (len=816, 5580ms, remount)
[w6:mn:pro] [api] 200 mode=pro startsWith=neuron
[w6:mn:pro] [api] 200 mode=pro startsWith=neuron (481ms direct)
[w6:mn:pro] "neuron" → 12 records, 12 words (incl. exact "neuron")
[w6:mn:pro] "neuron" branch complete
[w6:mn:pro] Saved 43,484 worker words
[w6:mn:pro] Searching "neuroo" | queue=149 | words=43484
[w6:mn:pro] Pacing 15s before "neuroo" (gap=15500ms)
[w6:mn:pro] heartbeat words=43484 queue=149 rotation=19 idle=1s
[w6:mn:pro] Managed Turnstile token (len=816, 3596ms, remount)
[w6:mn:pro] [api] 200 mode=pro startsWith=neuroo
[w6:mn:pro] [api] 200 mode=pro startsWith=neuroo (398ms direct)
[w6:mn:pro] "neuroo" → 3 records, 3 words
[w6:mn:pro] "neuroo" branch complete
[w6:mn:pro] Saved 43,487 worker words
[w6:mn:pro] Searching "neurop" | queue=148 | words=43487
[w6:mn:pro] Pacing 15s before "neurop" (gap=15500ms)
[w6:mn:pro] Managed Turnstile token (len=816, 8514ms, remount)
[w6:mn:pro] [api] 200 mode=pro startsWith=neurop
[w6:mn:pro] [api] 200 mode=pro startsWith=neurop (381ms direct)
[w6:mn:pro] "neurop" → 96 records, 96 words
[w6:mn:pro] "neurop" branch complete
[w6:mn:pro] Saved 43,576 worker words; shared last.txt now 410,470
[w6:mn:pro] Searching "neurov" | queue=147 | words=43576
[w6:mn:pro] Pacing 15s before "neurov" (gap=15500ms)
[w6:mn:pro] Managed Turnstile token (len=816, 5290ms, remount)
[w6:mn:pro] [api] 200 mode=pro startsWith=neurov
[w6:mn:pro] [api] 200 mode=pro startsWith=neurov (446ms direct)
[w6:mn:pro] "neurov" → 4 records, 4 words
[w6:mn:pro] "neurov" branch complete
[w6:mn:pro] Saved 43,576 worker words
[w6:mn:pro] Searching "neurow" | queue=146 | words=43576
[w6:mn:pro] Pacing 15s before "neurow" (gap=15500ms)
[w6:mn:pro] Managed Turnstile token (len=816, 6895ms, remount)
[w6:mn:pro] heartbeat words=43576 queue=146 rotation=19 idle=15s
[w6:mn:pro] [api] 200 mode=pro startsWith=neurow
[w6:mn:pro] [api] 200 mode=pro startsWith=neurow (451ms direct)
[w6:mn:pro] "neurow" → 0 records, 0 words
[w6:mn:pro] "neurow" branch complete
[w6:mn:pro] Saved 43,576 worker words
[w6:mn:pro] Searching "neurox" | queue=145 | words=43576
[w6:mn:pro] Pacing 15s before "neurox" (gap=15500ms)
[w6:mn:pro] Managed Turnstile token (len=816, 12002ms, remount)
[w6:mn:pro] [api] 200 mode=pro startsWith=neurox
[w6:mn:pro] [api] 200 mode=pro startsWith=neurox (400ms direct)
[w6:mn:pro] "neurox" → 0 records, 0 words
[w6:mn:pro] "neurox" branch complete
[w6:mn:pro] Saved 43,576 worker words
[w6:mn:pro] Searching "neuroy" | queue=144 | words=43576
[w6:mn:pro] Pacing 15s before "neuroy" (gap=15500ms)
[w6:mn:pro] Managed Turnstile token (len=816, 4380ms, remount)
[w6:mn:pro] [api] 200 mode=pro startsWith=neuroy
[w6:mn:pro] [api] 200 mode=pro startsWith=neuroy (389ms direct)
[w6:mn:pro] "neuroy" → 0 records, 0 words
[w6:mn:pro] "neuroy" branch complete
[w6:mn:pro] Saved 43,576 worker words
[w6:mn:pro] Searching "neuroz" | queue=143 | words=43576
[w6:mn:pro] Pacing 16s before "neuroz" (gap=15500ms)
[w6:mn:pro] Managed Turnstile token (len=816, 4345ms, remount)
[w6:mn:pro] [api] 200 mode=pro startsWith=neuroz
[w6:mn:pro] [api] 200 mode=pro startsWith=neuroz (370ms direct)
[w6:mn:pro] "neuroz" → 0 records, 0 words
[w6:mn:pro] "neuroz" branch complete
[w6:mn:pro] Saved 43,576 worker words
[w6:mn:pro] Searching "nighty" | queue=142 | words=43576
[w6:mn:pro] Pacing 16s before "nighty" (gap=15500ms)
[w6:mn:pro] Managed Turnstile token (len=816, 4374ms, remount)
[w6:mn:pro] heartbeat words=43576 queue=142 rotation=19 idle=13s
[w6:mn:pro] [api] 200 mode=pro startsWith=nighty
[w6:mn:pro] [api] 200 mode=pro startsWith=nighty (388ms direct)
[w6:mn:pro] "nighty" → 1 records, 1 words (incl. exact "nighty")
[w6:mn:pro] "nighty" branch complete
[w6:mn:pro] Saved 43,576 worker words
[w6:mn:pro] Searching "nightz" | queue=141 | words=43576
[w6:mn:pro] Pacing 16s before "nightz" (gap=15500ms)
[w6:mn:pro] Managed Turnstile token (len=816, 6982ms, remount)
[w6:mn:pro] [api] 200 mode=pro startsWith=nightz
[w6:mn:pro] [api] 200 mode=pro startsWith=nightz (662ms direct)
[w6:mn:pro] "nightz" → 0 records, 0 words
[w6:mn:pro] "nightz" branch complete
[w6:mn:pro] Saved 43,576 worker words
[w6:mn:pro] Searching "nitrox" | queue=140 | words=43576
[w6:mn:pro] Pacing 15s before "nitrox" (gap=15500ms)
[w6:mn:pro] Managed Turnstile token (len=816, 13718ms, remount)
[w6:mn:pro] [api] 200 mode=pro startsWith=nitrox
[w6:mn:pro] [api] 200 mode=pro startsWith=nitrox (384ms direct)
[w6:mn:pro] "nitrox" → 4 records, 4 words (incl. exact "nitrox")
[w6:mn:pro] "nitrox" branch complete
[w6:mn:pro] Saved 43,576 worker words; shared last.txt now 410,819
[w6:mn:pro] Searching "nitroy" | queue=139 | words=43576
[w6:mn:pro] Pacing 15s before "nitroy" (gap=15500ms)
[w6:mn:pro] Managed Turnstile miss (15113ms)
[w6:mn:pro] Failed "nitroy" attempt 1: No Turnstile token for direct search
[w6:mn:pro] Saved 43,576 worker words
[w6:mn:pro] Turnstile miss — soft reload before rotate
[w6:mn:pro] Turnstile token present (len=816)
[w6:mn:pro] Site Turnstile token (5714ms)
[w6:mn:pro] Searching "nitroy" | queue=139 | words=43576
[w6:mn:pro] [api] 200 mode=pro startsWith=nitroy
[w6:mn:pro] [api] 200 mode=pro startsWith=nitroy (561ms direct)
[w6:mn:pro] "nitroy" → 0 records, 0 words
[w6:mn:pro] "nitroy" branch complete
[w6:mn:pro] Saved 43,576 worker words
[w6:mn:pro] Searching "nitroz" | queue=138 | words=43576
[w6:mn:pro] Pacing 15s before "nitroz" (gap=15500ms)
[w6:mn:pro] heartbeat words=43576 queue=138 rotation=19 idle=3s
[w6:mn:pro] Managed Turnstile token (len=816, 3669ms, remount)
[w6:mn:pro] [api] 200 mode=pro startsWith=nitroz
[w6:mn:pro] [api] 200 mode=pro startsWith=nitroz (541ms direct)
[w6:mn:pro] "nitroz" → 0 records, 0 words
[w6:mn:pro] "nitroz" branch complete
[w6:mn:pro] Saved 43,576 worker words
[w6:mn:pro] Searching "nonacu" | queue=137 | words=43576
[w6:mn:pro] Pacing 15s before "nonacu" (gap=15500ms)
[w6:mn:pro] Managed Turnstile token (len=816, 3800ms, remount)
[w6:mn:pro] [api] 200 mode=pro startsWith=nonacu
[w6:mn:pro] [api] 200 mode=pro startsWith=nonacu (518ms direct)
[w6:mn:pro] "nonacu" → 6 records, 6 words
[w6:mn:pro] "nonacu" branch complete
[w6:mn:pro] Saved 43,576 worker words
[w6:mn:pro] Searching "nonacv" | queue=136 | words=43576
[w6:mn:pro] Pacing 15s before "nonacv" (gap=15500ms)
[w6:mn:pro] Managed Turnstile token (len=816, 6282ms, remount)
[w6:mn:pro] Failed "nonacv" attempt 1: page.evaluate: TypeError: Failed to fetch
    at eval (eval at evaluate (:311:30), <anonymous>:11:27)
    at UtilityScript.evaluate (<anonymous>:313:16)
    at UtilityScript.<anonymous> (<anonymous>:1:44)
[w6:mn:pro] Saved 43,576 worker words
[w6:mn:pro] Tor NEWNYM gen=20; waiting 8000ms
[w6:mn:pro] heartbeat words=43576 queue=137 rotation=20 idle=32s
[w6:mn:pro] Tor exit IP probe failed (try 1/6)
[w6:mn:pro] Tor NEWNYM gen=21; waiting 8000ms
[w6:mn:pro] heartbeat words=43576 queue=137 rotation=20 idle=92s
[w6:mn:pro] Tor exit IP probe failed (try 2/6)
[w6:mn:pro] Tor NEWNYM gen=22; waiting 8000ms
[w6:mn:pro] Tor exit IP probe failed (try 3/6)
[w6:mn:pro] Tor NEWNYM gen=23; waiting 8000ms
[w6:mn:pro] heartbeat words=43576 queue=137 rotation=20 idle=152s
[w6:mn:pro] Tor ready on 19056 exit=109.70.100.10
[w6:mn:pro] Rotating IP (#20, try 1) after page.evaluate: TypeError: Failed to fetch
    at eval (eval at evaluate (:311:30 → tor#21 socks5://127.0.0.1:19056
[w6:mn:pro] Launching persistent Chrome profile /tmp/lll-pw-w6-r20
[w6:mn:pro] Proxy tor#21 socks5://127.0.0.1:19056
[w6:mn:pro] Opening https://lastletterlibrary.com
[w6:mn:pro] Library mode=pro
[w6:mn:pro] Turnstile token present (len=816)
[w6:mn:pro] Site Turnstile token (20016ms)
[w6:mn:pro] Search mode=direct (skip UI Wait Ns… gate)
[w6:mn:pro] Cleaned 1 old rotated profile(s)
[w6:mn:pro] Searching "nonacv" | queue=136 | words=43576
[w6:mn:pro] [api] 200 mode=pro startsWith=nonacv
[w6:mn:pro] [api] 200 mode=pro startsWith=nonacv (1027ms direct)
[w6:mn:pro] "nonacv" → 0 records, 0 words
[w6:mn:pro] "nonacv" branch complete
[w6:mn:pro] Saved 43,576 worker words
[w6:mn:pro] Searching "nonacw" | queue=135 | words=43576
[w6:mn:pro] Pacing 15s before "nonacw" (gap=15500ms)
[w6:mn:pro] Managed Turnstile miss (15060ms)
[w6:mn:pro] Failed "nonacw" attempt 1: No Turnstile token for direct search
[w6:mn:pro] Saved 43,576 worker words
[w6:mn:pro] Turnstile miss — soft reload before rotate
[w6:mn:pro] heartbeat words=43576 queue=136 rotation=20 idle=16s
[w6:mn:pro] Site Turnstile remint timed out (9394ms)
[w6:mn:pro] Soft reload mint failed — rotating immediately
[w6:mn:pro] Tor NEWNYM gen=24; waiting 8000ms
[w6:mn:pro] Tor ready on 19056 exit=107.189.30.69
[w6:mn:pro] Rotating IP (#21, try 1) after No Turnstile token for direct search → tor#22 socks5://127.0.0.1:19056
[w6:mn:pro] Launching persistent Chrome profile /tmp/lll-pw-w6-r21
[w6:mn:pro] Proxy tor#22 socks5://127.0.0.1:19056
[w6:mn:pro] Opening https://lastletterlibrary.com
[w6:mn:pro] Library mode=pro
[w6:mn:pro] heartbeat words=43576 queue=136 rotation=21 idle=76s
[w6:mn:pro] Site Turnstile remint timed out (22323ms)
[w6:mn:pro] Search mode=direct (skip UI Wait Ns… gate)
[w6:mn:pro] Cleaned 1 old rotated profile(s)
[w6:mn:pro] Searching "nonacw" | queue=135 | words=43576
[w6:mn:pro] Managed Turnstile miss (15051ms)
[w6:mn:pro] Failed "nonacw" attempt 1: No Turnstile token for direct search
[w6:mn:pro] Saved 43,576 worker words; shared last.txt now 411,136
[w6:mn:pro] Turnstile miss — soft reload before rotate
[w6:mn:pro] Site Turnstile remint timed out (9461ms)
[w6:mn:pro] Soft reload mint failed — rotating immediately
[w6:mn:pro] Tor NEWNYM gen=25; waiting 8000ms
[w6:mn:pro] Tor ready on 19056 exit=171.25.193.78
[w6:mn:pro] Rotating IP (#22, try 1) after No Turnstile token for direct search → tor#23 socks5://127.0.0.1:19056
[w6:mn:pro] Launching persistent Chrome profile /tmp/lll-pw-w6-r22
[w6:mn:pro] Proxy tor#23 socks5://127.0.0.1:19056
[w6:mn:pro] Opening https://lastletterlibrary.com
[w6:mn:pro] heartbeat words=43576 queue=136 rotation=22 idle=136s
[w6:mn:pro] Library mode=pro
[w6:mn:pro] Site Turnstile remint timed out (22337ms)
[w6:mn:pro] Search mode=direct (skip UI Wait Ns… gate)
[w6:mn:pro] Cleaned 1 old rotated profile(s)
[w6:mn:pro] Searching "nonacw" | queue=135 | words=43576
[w6:mn:pro] Managed Turnstile miss (15043ms)
[w6:mn:pro] Failed "nonacw" attempt 1: No Turnstile token for direct search
[w6:mn:pro] Saved 43,576 worker words
[w6:mn:pro] Turnstile miss — soft reload before rotate
[w6:mn:pro] Site Turnstile remint timed out (9622ms)
[w6:mn:pro] Soft reload mint failed — rotating immediately
[w6:mn:pro] Tor NEWNYM gen=26; waiting 8000ms
[w6:mn:pro] Tor ready on 19056 exit=217.60.78.198
[w6:mn:pro] Rotating IP (#23, try 1) after No Turnstile token for direct search → tor#24 socks5://127.0.0.1:19056
[w6:mn:pro] Launching persistent Chrome profile /tmp/lll-pw-w6-r23
[w6:mn:pro] Proxy tor#24 socks5://127.0.0.1:19056
[w6:mn:pro] Opening https://lastletterlibrary.com
[w6:mn:pro] heartbeat words=43576 queue=136 rotation=23 idle=196s
[w6:mn:pro] No successful search for 180s — respawning worker
[w6:mn:pro] Graceful shutdown on watchdog
[w6:mn:pro] Saved 43,576 worker words
[w6:mn:pro] page.goto failed attempt 1: page.goto: net::ERR_ABORTED at https://lastletterlibrary.com/
Call log:
  - navigating to "https://lastletterlibrary.com
[w6:mn:pro] Tor exited code=0

--- respawn 2026-08-06T00:34:12.916Z ---
[w6:mn:pro] IP mode=tor
[w6:mn:pro] Cleaned 2 old rotated profile(s)
[w6:mn:pro] Starting persistent Tor socks=127.0.0.1:19056 control=127.0.0.1:29056
[w6:mn:pro] tor: Aug 05 19:34:13.000 [notice] Bootstrapped 0% (starting): Starting
[w6:mn:pro] tor: Aug 05 19:34:15.000 [notice] Bootstrapped 5% (conn): Connecting to a relay
[w6:mn:pro] tor: Aug 05 19:34:15.000 [notice] Bootstrapped 10% (conn_done): Connected to a relay
[w6:mn:pro] tor: Aug 05 19:34:15.000 [notice] Bootstrapped 14% (handshake): Handshaking with a relay
[w6:mn:pro] tor: Aug 05 19:34:15.000 [notice] Bootstrapped 15% (handshake_done): Handshake with a relay done
Aug 05 19:34:15.000 [notice] Bootstrapped 75% (enough_dirinfo): Load
[w6:mn:pro] tor: Aug 05 19:34:15.000 [notice] Bootstrapped 95% (circuit_create): Establishing a Tor circuit
[w6:mn:pro] tor: Aug 05 19:34:16.000 [notice] Bootstrapped 100% (done): Done
[w6:mn:pro] Tor ready on 19056 exit=23.129.64.183
[w6:mn:pro] Launching persistent Chrome profile /tmp/lll-pw-w6-r0
[w6:mn:pro] Proxy tor#1 socks5://127.0.0.1:19056
[w6:mn:pro] Opening https://lastletterlibrary.com
[w6:mn:pro] Library mode=pro
[w6:mn:pro] Managed Turnstile token (len=816, 5036ms, remount)
[w6:mn:pro] Search mode=direct (skip UI Wait Ns… gate)
[w6:mn:pro] Loaded 5268 prefixes, 43576 words; queue=136
[w6:mn:pro] Searching "nonacw" | queue=135 | words=43576
[w6:mn:pro] [api] 200 mode=pro startsWith=nonacw
[w6:mn:pro] [api] 200 mode=pro startsWith=nonacw (403ms direct)
[w6:mn:pro] "nonacw" → 0 records, 0 words
[w6:mn:pro] "nonacw" branch complete
[w6:mn:pro] Saved 43,576 worker words
[w6:mn:pro] Searching "nonacx" | queue=134 | words=43576
[w6:mn:pro] Pacing 15s before "nonacx" (gap=15500ms)
[w6:mn:pro] Managed Turnstile token (len=816, 4814ms, remount)
[w6:mn:pro] [api] 200 mode=pro startsWith=nonacx
[w6:mn:pro] [api] 200 mode=pro startsWith=nonacx (421ms direct)
[w6:mn:pro] "nonacx" → 0 records, 0 words
[w6:mn:pro] "nonacx" branch complete
[w6:mn:pro] Saved 43,576 worker words
[w6:mn:pro] Searching "nonacy" | queue=133 | words=43576
[w6:mn:pro] Pacing 15s before "nonacy" (gap=15500ms)
[w6:mn:pro] Managed Turnstile miss (15108ms)
[w6:mn:pro] Failed "nonacy" attempt 1: No Turnstile token for direct search
[w6:mn:pro] Saved 43,576 worker words
[w6:mn:pro] Turnstile miss — soft reload before rotate
[w6:mn:pro] Turnstile token present (len=816)
[w6:mn:pro] Site Turnstile token (7498ms)
[w6:mn:pro] Searching "nonacy" | queue=133 | words=43576
[w6:mn:pro] [api] 200 mode=pro startsWith=nonacy
[w6:mn:pro] [api] 200 mode=pro startsWith=nonacy (391ms direct)
[w6:mn:pro] "nonacy" → 0 records, 0 words
[w6:mn:pro] "nonacy" branch complete
[w6:mn:pro] Saved 43,576 worker words
[w6:mn:pro] Searching "nonacz" | queue=132 | words=43576
[w6:mn:pro] Pacing 15s before "nonacz" (gap=15500ms)
[w6:mn:pro] Managed Turnstile token (len=816, 6677ms, remount)
[w6:mn:pro] [api] 200 mode=pro startsWith=nonacz
[w6:mn:pro] [api] 200 mode=pro startsWith=nonacz (369ms direct)
[w6:mn:pro] "nonacz" → 0 records, 0 words
[w6:mn:pro] "nonacz" branch complete
[w6:mn:pro] Saved 43,576 worker words
[w6:mn:pro] Searching "noncau" | queue=131 | words=43576
[w6:mn:pro] Pacing 16s before "noncau" (gap=15500ms)
[w6:mn:pro] heartbeat words=43576 queue=131 rotation=0 idle=3s
[w6:mn:pro] Managed Turnstile token (len=816, 3584ms, remount)
[w6:mn:pro] [api] 200 mode=pro startsWith=noncau
[w6:mn:pro] [api] 200 mode=pro startsWith=noncau (374ms direct)
[w6:mn:pro] "noncau" → 10 records, 10 words
[w6:mn:pro] "noncau" branch complete
[w6:mn:pro] Saved 43,576 worker words
[w6:mn:pro] Searching "noncav" | queue=130 | words=43576
[w6:mn:pro] Pacing 16s before "noncav" (gap=15500ms)
[w6:mn:pro] Managed Turnstile token (len=816, 4354ms, remount)
[w6:mn:pro] [api] 200 mode=pro startsWith=noncav
[w6:mn:pro] [api] 200 mode=pro startsWith=noncav (381ms direct)
[w6:mn:pro] "noncav" → 0 records, 0 words
[w6:mn:pro] "noncav" branch complete
[w6:mn:pro] Saved 43,576 worker words
[w6:mn:pro] Searching "noncaw" | queue=129 | words=43576
[w6:mn:pro] Pacing 16s before "noncaw" (gap=15500ms)
[w6:mn:pro] Managed Turnstile token (len=816, 3620ms, remount)
[w6:mn:pro] [api] 200 mode=pro startsWith=noncaw
[w6:mn:pro] [api] 200 mode=pro startsWith=noncaw (396ms direct)
[w6:mn:pro] "noncaw" → 0 records, 0 words
[w6:mn:pro] "noncaw" branch complete
[w6:mn:pro] Saved 43,576 worker words; shared last.txt now 412,237
[w6:mn:pro] Searching "noncax" | queue=128 | words=43576
[w6:mn:pro] Pacing 15s before "noncax" (gap=15500ms)
[w6:mn:pro] Managed Turnstile token (len=816, 4608ms, remount)
[w6:mn:pro] [api] 200 mode=pro startsWith=noncax
[w6:mn:pro] [api] 200 mode=pro startsWith=noncax (597ms direct)
[w6:mn:pro] "noncax" → 0 records, 0 words
[w6:mn:pro] "noncax" branch complete
[w6:mn:pro] Saved 43,576 worker words
[w6:mn:pro] Searching "noncay" | queue=127 | words=43576
[w6:mn:pro] Pacing 15s before "noncay" (gap=15500ms)
[w6:mn:pro] heartbeat words=43576 queue=127 rotation=0 idle=1s
[w6:mn:pro] Managed Turnstile token (len=816, 3988ms, remount)
[w6:mn:pro] [api] 200 mode=pro startsWith=noncay
[w6:mn:pro] [api] 200 mode=pro startsWith=noncay (391ms direct)
[w6:mn:pro] "noncay" → 0 records, 0 words
[w6:mn:pro] "noncay" branch complete
[w6:mn:pro] Saved 43,576 worker words
[w6:mn:pro] Searching "noncaz" | queue=126 | words=43576
[w6:mn:pro] Pacing 15s before "noncaz" (gap=15500ms)
[w6:mn:pro] Managed Turnstile token (len=816, 5175ms, remount)
[w6:mn:pro] [api] 200 mode=pro startsWith=noncaz
[w6:mn:pro] [api] 200 mode=pro startsWith=noncaz (396ms direct)
[w6:mn:pro] "noncaz" → 0 records, 0 words
[w6:mn:pro] "noncaz" branch complete
[w6:mn:pro] Saved 43,576 worker words
[w6:mn:pro] Searching "noncom" | queue=125 | words=43576
[w6:mn:pro] Pacing 15s before "noncom" (gap=15500ms)
[w6:mn:pro] Managed Turnstile token (len=816, 10368ms, remount)
[w6:mn:pro] [api] 200 mode=pro startsWith=noncom
[w6:mn:pro] [api] 200 mode=pro startsWith=noncom (466ms direct)
[w6:mn:pro] "noncom" → 100 records, 100 words (incl. exact "noncom")
[w6:mn:pro] Pacing 15s before "noncom" (gap=15500ms)
[w6:mn:pro] Managed Turnstile token (len=816, 9365ms, remount)
[w6:mn:pro] heartbeat words=43662 queue=125 rotation=0 idle=30s
[w6:mn:pro] [api] 200 mode=pro startsWith=noncom
[w6:mn:pro] [api] 200 mode=pro startsWith=noncom sort=alphabetical:desc (541ms direct)
[w6:mn:pro] "noncom" full page ends at "noncomplacence" (next='p'); skip 20 covered groups → 8 children reverse Z→A ends at "noncommunicant" (lo='m' hi='s'); skip 5 middle + 59 new words
[w6:mn:pro] Saved 43,721 worker words
[w6:mn:pro] Searching "noncon" | queue=132 | words=43721
[w6:mn:pro] Pacing 15s before "noncon" (gap=15500ms)
[w6:mn:pro] Managed Turnstile token (len=816, 9448ms, remount)
[w6:mn:pro] [api] 200 mode=pro startsWith=noncon
[w6:mn:pro] [api] 200 mode=pro startsWith=noncon (397ms direct)
[w6:mn:pro] "noncon" → 100 records, 100 words (incl. exact "noncon")
[w6:mn:pro] Pacing 15s before "noncon" (gap=15500ms)
[w6:mn:pro] Managed Turnstile miss (15296ms)
[w6:mn:pro] "noncon" reverse search failed (No Turnstile token for direct search); forward-only
[w6:mn:pro] "noncon" full page ends at "nonconform" (next='f'); skip 7 covered groups → 21 children from nonconf..
[w6:mn:pro] Saved 43,821 worker words
[w6:mn:pro] Searching "noncov" | queue=152 | words=43821
[w6:mn:pro] Managed Turnstile miss (15128ms)
[w6:mn:pro] Failed "noncov" attempt 1: No Turnstile token for direct search
[w6:mn:pro] Saved 43,821 worker words
[w6:mn:pro] Turnstile miss — soft reload before rotate
[w6:mn:pro] Site Turnstile remint timed out (10609ms)
[w6:mn:pro] Soft reload mint failed — rotating immediately
[w6:mn:pro] heartbeat words=43821 queue=153 rotation=1 idle=28s
[w6:mn:pro] Tor NEWNYM gen=1; waiting 8000ms
[w6:mn:pro] Tor ready on 19056 exit=193.189.100.204
[w6:mn:pro] Rotating IP (#1, try 1) after No Turnstile token for direct search → tor#2 socks5://127.0.0.1:19056
[w6:mn:pro] Launching persistent Chrome profile /tmp/lll-pw-w6-r1
[w6:mn:pro] Proxy tor#2 socks5://127.0.0.1:19056
[w6:mn:pro] Opening https://lastletterlibrary.com
[w6:mn:pro] Library mode=pro
[w6:mn:pro] Site Turnstile remint timed out (22475ms)
[w6:mn:pro] Search mode=direct (skip UI Wait Ns… gate)
[w6:mn:pro] Cleaned 1 old rotated profile(s)
[w6:mn:pro] Searching "noncov" | queue=152 | words=43821
[w6:mn:pro] Managed Turnstile miss (15066ms)
[w6:mn:pro] Failed "noncov" attempt 1: No Turnstile token for direct search
[w6:mn:pro] Saved 43,821 worker words
[w6:mn:pro] Turnstile miss — soft reload before rotate
[w6:mn:pro] heartbeat words=43821 queue=153 rotation=1 idle=88s
[w6:mn:pro] Site Turnstile remint timed out (9672ms)
[w6:mn:pro] Soft reload mint failed — rotating immediately
[w6:mn:pro] Tor NEWNYM gen=2; waiting 8000ms
[w6:mn:pro] Tor ready on 19056 exit=178.20.55.182
[w6:mn:pro] Rotating IP (#2, try 1) after No Turnstile token for direct search → tor#3 socks5://127.0.0.1:19056
[w6:mn:pro] Launching persistent Chrome profile /tmp/lll-pw-w6-r2
[w6:mn:pro] Proxy tor#3 socks5://127.0.0.1:19056
[w6:mn:pro] Opening https://lastletterlibrary.com
[w6:mn:pro] Library mode=pro
[w6:mn:pro] Managed Turnstile token (len=816, 9776ms, remount)
[w6:mn:pro] Search mode=direct (skip UI Wait Ns… gate)
[w6:mn:pro] Cleaned 1 old rotated profile(s)
[w6:mn:pro] Searching "noncov" | queue=152 | words=43821
[w6:mn:pro] [api] 200 mode=pro startsWith=noncov
[w6:mn:pro] [api] 200 mode=pro startsWith=noncov (618ms direct)
[w6:mn:pro] "noncov" → 5 records, 5 words
[w6:mn:pro] "noncov" branch complete
[w6:mn:pro] Saved 43,821 worker words; shared last.txt now 413,395
[w6:mn:pro] Searching "noncow" | queue=151 | words=43821
[w6:mn:pro] Pacing 11s before "noncow" (gap=15500ms)
[w6:mn:pro] Managed Turnstile token (len=816, 7408ms, remount)
[w6:mn:pro] heartbeat words=43821 queue=151 rotation=2 idle=10s
[w6:mn:pro] [api] 200 mode=pro startsWith=noncow
[w6:mn:pro] [api] 200 mode=pro startsWith=noncow (355ms direct)
[w6:mn:pro] "noncow" → 0 records, 0 words
[w6:mn:pro] "noncow" branch complete
[w6:mn:pro] Saved 43,821 worker words
[w6:mn:pro] Searching "noncox" | queue=150 | words=43821
[w6:mn:pro] Pacing 16s before "noncox" (gap=15500ms)
[w6:mn:pro] Managed Turnstile token (len=816, 4794ms, remount)
[w6:mn:pro] [api] 200 mode=pro startsWith=noncox
[w6:mn:pro] [api] 200 mode=pro startsWith=noncox (439ms direct)
[w6:mn:pro] "noncox" → 0 records, 0 words
[w6:mn:pro] "noncox" branch complete
[w6:mn:pro] Saved 43,821 worker words
[w6:mn:pro] Searching "noncoy" | queue=149 | words=43821
[w6:mn:pro] Pacing 15s before "noncoy" (gap=15500ms)
[w6:mn:pro] Managed Turnstile token (len=816, 5270ms, remount)
[w6:mn:pro] [api] 200 mode=pro startsWith=noncoy
[w6:mn:pro] [api] 200 mode=pro startsWith=noncoy (378ms direct)
[w6:mn:pro] "noncoy" → 0 records, 0 words
[w6:mn:pro] "noncoy" branch complete
[w6:mn:pro] Saved 43,821 worker words
[w6:mn:pro] Searching "noncoz" | queue=148 | words=43821
[w6:mn:pro] Pacing 16s before "noncoz" (gap=15500ms)
[w6:mn:pro] Managed Turnstile token (len=816, 5586ms, remount)
[w6:mn:pro] [api] 200 mode=pro startsWith=noncoz
[w6:mn:pro] [api] 200 mode=pro startsWith=noncoz (656ms direct)
[w6:mn:pro] "noncoz" → 0 records, 0 words
[w6:mn:pro] "noncoz" branch complete
[w6:mn:pro] Saved 43,821 worker words
[w6:mn:pro] Searching "nondef" | queue=147 | words=43821
[w6:mn:pro] Pacing 15s before "nondef" (gap=15500ms)
[w6:mn:pro] Managed Turnstile token (len=816, 5389ms, remount)
[w6:mn:pro] heartbeat words=43821 queue=147 rotation=2 idle=12s
[w6:mn:pro] [api] 200 mode=pro startsWith=nondef
[w6:mn:pro] [api] 200 mode=pro startsWith=nondef (367ms direct)
[w6:mn:pro] "nondef" → 66 records, 66 words
[w6:mn:pro] "nondef" branch complete
[w6:mn:pro] Saved 43,859 worker words
[w6:mn:pro] Searching "nondeg" | queue=146 | words=43859
[w6:mn:pro] Pacing 15s before "nondeg" (gap=15500ms)
[w6:mn:pro] Managed Turnstile token (len=816, 8249ms, remount)
[w6:mn:pro] [api] 200 mode=pro startsWith=nondeg
[w6:mn:pro] [api] 200 mode=pro startsWith=nondeg (376ms direct)
[w6:mn:pro] "nondeg" → 15 records, 15 words
[w6:mn:pro] "nondeg" branch complete
[w6:mn:pro] Saved 43,874 worker words
[w6:mn:pro] Searching "nondeh" | queue=145 | words=43874
[w6:mn:pro] Pacing 15s before "nondeh" (gap=15500ms)
[w6:mn:pro] Managed Turnstile token (len=816, 8437ms, remount)
[w6:mn:pro] [api] 200 mode=pro startsWith=nondeh
[w6:mn:pro] [api] 200 mode=pro startsWith=nondeh (633ms direct)
[w6:mn:pro] "nondeh" → 1 records, 1 words
[w6:mn:pro] "nondeh" branch complete
[w6:mn:pro] Saved 43,875 worker words
[w6:mn:pro] Searching "nondei" | queue=144 | words=43875
[w6:mn:pro] Pacing 15s before "nondei" (gap=15500ms)
[w6:mn:pro] Managed Turnstile miss (15110ms)
[w6:mn:pro] Failed "nondei" attempt 1: No Turnstile token for direct search
[w6:mn:pro] Saved 43,875 worker words; shared last.txt now 413,898
[w6:mn:pro] Turnstile miss — soft reload before rotate
[w6:mn:pro] heartbeat words=43875 queue=145 rotation=2 idle=25s
[w6:mn:pro] Site Turnstile remint timed out (9427ms)
[w6:mn:pro] Soft reload mint failed — rotating immediately
[w6:mn:pro] Tor NEWNYM gen=3; waiting 8000ms
[w6:mn:pro] Tor ready on 19056 exit=109.70.100.15
[w6:mn:pro] Rotating IP (#3, try 1) after No Turnstile token for direct search → tor#4 socks5://127.0.0.1:19056
[w6:mn:pro] Launching persistent Chrome profile /tmp/lll-pw-w6-r3
[w6:mn:pro] Proxy tor#4 socks5://127.0.0.1:19056
[w6:mn:pro] Opening https://lastletterlibrary.com
[w6:mn:pro] Library mode=pro
[w6:mn:pro] Managed Turnstile token (len=816, 5835ms, remount)
[w6:mn:pro] Search mode=direct (skip UI Wait Ns… gate)
[w6:mn:pro] Cleaned 1 old rotated profile(s)
[w6:mn:pro] Searching "nondei" | queue=144 | words=43875
[w6:mn:pro] [api] 200 mode=pro startsWith=nondei
[w6:mn:pro] [api] 200 mode=pro startsWith=nondei (567ms direct)
[w6:mn:pro] "nondei" → 4 records, 4 words
[w6:mn:pro] "nondei" branch complete
[w6:mn:pro] Saved 43,879 worker words
[w6:mn:pro] Searching "nondej" | queue=143 | words=43879
[w6:mn:pro] Pacing 15s before "nondej" (gap=15500ms)
[w6:mn:pro] Managed Turnstile token (len=816, 4351ms, remount)
[w6:mn:pro] [api] 200 mode=pro startsWith=nondej
[w6:mn:pro] [api] 200 mode=pro startsWith=nondej (424ms direct)
[w6:mn:pro] "nondej" → 0 records, 0 words
[w6:mn:pro] "nondej" branch complete
[w6:mn:pro] Saved 43,879 worker words
[w6:mn:pro] Searching "nondek" | queue=142 | words=43879
[w6:mn:pro] Pacing 15s before "nondek" (gap=15500ms)
[w6:mn:pro] Managed Turnstile token (len=794, 4987ms, remount)
[w6:mn:pro] [api] 200 mode=pro startsWith=nondek
[w6:mn:pro] [api] 200 mode=pro startsWith=nondek (486ms direct)
[w6:mn:pro] "nondek" → 0 records, 0 words
[w6:mn:pro] "nondek" branch complete
[w6:mn:pro] Saved 43,879 worker words
[w6:mn:pro] Searching "nondel" | queue=141 | words=43879
[w6:mn:pro] Pacing 15s before "nondel" (gap=15500ms)
[w6:mn:pro] Managed Turnstile token (len=794, 4595ms, remount)
[w6:mn:pro] heartbeat words=43879 queue=141 rotation=3 idle=5s
[w6:mn:pro] [api] 200 mode=pro startsWith=nondel
[w6:mn:pro] [api] 200 mode=pro startsWith=nondel (630ms direct)
[w6:mn:pro] "nondel" → 29 records, 29 words
[w6:mn:pro] "nondel" branch complete
[w6:mn:pro] Saved 43,908 worker words
[w6:mn:pro] Searching "nondem" | queue=140 | words=43908
[w6:mn:pro] Pacing 15s before "nondem" (gap=15500ms)
[w6:mn:pro] Managed Turnstile token (len=816, 4743ms, remount)
[w6:mn:pro] [api] 429 mode=pro startsWith=nondem
[w6:mn:pro] [api] 429 mode=pro startsWith=nondem (449ms direct)
[w6:mn:pro] Learned server gap ≈ 15500ms (wait hint 2000ms)
[w6:mn:pro] Rate limited — inline wait 2000ms then retry "nondem"
[w6:mn:pro] Managed Turnstile token (len=816, 5665ms, remount)
[w6:mn:pro] [api] 200 mode=pro startsWith=nondem
[w6:mn:pro] [api] 200 mode=pro startsWith=nondem (1459ms direct)
[w6:mn:pro] "nondem" → 19 records, 19 words
[w6:mn:pro] "nondem" branch complete
[w6:mn:pro] Saved 43,927 worker words
[w6:mn:pro] Searching "nonden" | queue=139 | words=43927
[w6:mn:pro] Pacing 14s before "nonden" (gap=15500ms)
[w6:mn:pro] Managed Turnstile token (len=816, 8133ms, remount)
[w6:mn:pro] [api] 429 mode=pro startsWith=nonden
[w6:mn:pro] [api] 429 mode=pro startsWith=nonden (459ms direct)
[w6:mn:pro] Learned server gap ≈ 15500ms (wait hint 2000ms)
[w6:mn:pro] Rate limited — inline wait 2000ms then retry "nonden"
[w6:mn:pro] Managed Turnstile token (len=816, 6410ms, remount)
[w6:mn:pro] [api] 200 mode=pro startsWith=nonden
[w6:mn:pro] [api] 200 mode=pro startsWith=nonden (740ms direct)
[w6:mn:pro] "nonden" → 17 records, 17 words
[w6:mn:pro] "nonden" branch complete
[w6:mn:pro] Saved 43,944 worker words
[w6:mn:pro] Searching "nondeo" | queue=138 | words=43944
[w6:mn:pro] Pacing 15s before "nondeo" (gap=15500ms)
[w6:mn:pro] heartbeat words=43944 queue=138 rotation=3 idle=5s
[w6:mn:pro] Managed Turnstile token (len=816, 5997ms, remount)
[w6:mn:pro] [api] 200 mode=pro startsWith=nondeo
[w6:mn:pro] [api] 200 mode=pro startsWith=nondeo (397ms direct)
[w6:mn:pro] "nondeo" → 2 records, 2 words
[w6:mn:pro] "nondeo" branch complete
[w6:mn:pro] Saved 43,946 worker words
[w6:mn:pro] Searching "nondep" | queue=137 | words=43946
[w6:mn:pro] Pacing 16s before "nondep" (gap=15500ms)
[w6:mn:pro] Managed Turnstile token (len=794, 5607ms, remount)
[w6:mn:pro] [api] 200 mode=pro startsWith=nondep
[w6:mn:pro] [api] 200 mode=pro startsWith=nondep (379ms direct)
[w6:mn:pro] "nondep" → 50 records, 50 words
[w6:mn:pro] "nondep" branch complete
[w6:mn:pro] Saved 43,991 worker words; shared last.txt now 414,467
[w6:mn:pro] Searching "nondex" | queue=136 | words=43991
[w6:mn:pro] Pacing 15s before "nondex" (gap=15500ms)
[w6:mn:pro] Managed Turnstile token (len=816, 10151ms, remount)
[w6:mn:pro] [api] 200 mode=pro startsWith=nondex
[w6:mn:pro] [api] 200 mode=pro startsWith=nondex (458ms direct)
[w6:mn:pro] "nondex" → 5 records, 5 words
[w6:mn:pro] "nondex" branch complete
[w6:mn:pro] Saved 43,991 worker words
[w6:mn:pro] Searching "nondey" | queue=135 | words=43991
[w6:mn:pro] Pacing 15s before "nondey" (gap=15500ms)
[w6:mn:pro] Managed Turnstile miss (15034ms)
[w6:mn:pro] Failed "nondey" attempt 1: No Turnstile token for direct search
[w6:mn:pro] Saved 43,991 worker words
[w6:mn:pro] Turnstile miss — soft reload before rotate
[w6:mn:pro] heartbeat words=43991 queue=136 rotation=3 idle=19s
[w6:mn:pro] Turnstile token present (len=816)
[w6:mn:pro] Site Turnstile token (8108ms)
[w6:mn:pro] Searching "nondey" | queue=135 | words=43991
[w6:mn:pro] [api] 200 mode=pro startsWith=nondey
[w6:mn:pro] [api] 200 mode=pro startsWith=nondey (456ms direct)
[w6:mn:pro] "nondey" → 0 records, 0 words
[w6:mn:pro] "nondey" branch complete
[w6:mn:pro] Saved 43,991 worker words
[w6:mn:pro] Searching "nondez" | queue=134 | words=43991
[w6:mn:pro] Pacing 15s before "nondez" (gap=15500ms)
[w6:mn:pro] Managed Turnstile token (len=816, 7613ms, remount)
[w6:mn:pro] [api] 200 mode=pro startsWith=nondez
[w6:mn:pro] [api] 200 mode=pro startsWith=nondez (2894ms direct)
[w6:mn:pro] "nondez" → 0 records, 0 words
[w6:mn:pro] "nondez" branch complete
[w6:mn:pro] Saved 43,991 worker words
[w6:mn:pro] Searching "nondir" | queue=133 | words=43991
[w6:mn:pro] Pacing 13s before "nondir" (gap=15500ms)
[w6:mn:pro] Managed Turnstile miss (15129ms)
[w6:mn:pro] Failed "nondir" attempt 1: No Turnstile token for direct search
[w6:mn:pro] Saved 43,991 worker words
[w6:mn:pro] Turnstile miss — soft reload before rotate
[w6:mn:pro] Site Turnstile remint timed out (11787ms)
[w6:mn:pro] Soft reload mint failed — rotating immediately
[w6:mn:pro] Tor NEWNYM gen=4; waiting 8000ms
[w6:mn:pro] heartbeat words=43991 queue=134 rotation=4 idle=36s
[w6:mn:pro] Tor ready on 19056 exit=45.84.107.97
[w6:mn:pro] Rotating IP (#4, try 1) after No Turnstile token for direct search → tor#5 socks5://127.0.0.1:19056
[w6:mn:pro] Launching persistent Chrome profile /tmp/lll-pw-w6-r4
[w6:mn:pro] Proxy tor#5 socks5://127.0.0.1:19056
[w6:mn:pro] Opening https://lastletterlibrary.com
[w6:mn:pro] Library mode=pro
[w6:mn:pro] Managed Turnstile token (len=816, 5139ms, remount)
[w6:mn:pro] Search mode=direct (skip UI Wait Ns… gate)
[w6:mn:pro] Cleaned 1 old rotated profile(s)
[w6:mn:pro] Searching "nondir" | queue=133 | words=43991
[w6:mn:pro] [api] 200 mode=pro startsWith=nondir
[w6:mn:pro] [api] 200 mode=pro startsWith=nondir (420ms direct)
[w6:mn:pro] "nondir" → 6 records, 6 words
[w6:mn:pro] "nondir" branch complete
[w6:mn:pro] Saved 43,991 worker words
[w6:mn:pro] Searching "nondis" | queue=132 | words=43991
[w6:mn:pro] Pacing 15s before "nondis" (gap=15500ms)
[w6:mn:pro] Managed Turnstile token (len=816, 5141ms, remount)
[w6:mn:pro] [api] 200 mode=pro startsWith=nondis
[w6:mn:pro] [api] 200 mode=pro startsWith=nondis (434ms direct)
[w6:mn:pro] "nondis" → 100 records, 100 words
[w6:mn:pro] Pacing 15s before "nondis" (gap=15500ms)
[w6:mn:pro] Managed Turnstile token (len=816, 4829ms, remount)
[w6:mn:pro] [api] 200 mode=pro startsWith=nondis
[w6:mn:pro] [api] 200 mode=pro startsWith=nondis sort=alphabetical:desc (435ms direct)
[w6:mn:pro] "nondis" full page ends at "nondistinguished" (next='t'); skip 21 covered groups → 7 children reverse Z→A ends at "nondisclosures" (lo='c' hi='t'); skip 16 middle + 0 new words
[w6:mn:pro] Saved 44,034 worker words
[w6:mn:pro] Searching "nondiv" | queue=138 | words=44034
[w6:mn:pro] Pacing 15s before "nondiv" (gap=15500ms)
[w6:mn:pro] Managed Turnstile token (len=816, 6855ms, remount)
[w6:mn:pro] heartbeat words=44034 queue=138 rotation=4 idle=14s
[w6:mn:pro] [api] 200 mode=pro startsWith=nondiv
[w6:mn:pro] [api] 200 mode=pro startsWith=nondiv (421ms direct)
[w6:mn:pro] "nondiv" → 23 records, 23 words
[w6:mn:pro] "nondiv" branch complete
[w6:mn:pro] Saved 44,034 worker words; shared last.txt now 414,966
[w6:mn:pro] Searching "nondiw" | queue=137 | words=44034
[w6:mn:pro] Pacing 15s before "nondiw" (gap=15500ms)
[w6:mn:pro] Managed Turnstile token (len=816, 5663ms, remount)
[w6:mn:pro] [api] 200 mode=pro startsWith=nondiw
[w6:mn:pro] [api] 200 mode=pro startsWith=nondiw (518ms direct)
[w6:mn:pro] "nondiw" → 0 records, 0 words
[w6:mn:pro] "nondiw" branch complete
[w6:mn:pro] Saved 44,034 worker words
[w6:mn:pro] Searching "nondix" | queue=136 | words=44034
[w6:mn:pro] Pacing 15s before "nondix" (gap=15500ms)
[w6:mn:pro] Managed Turnstile token (len=816, 8892ms, remount)
[w6:mn:pro] [api] 200 mode=pro startsWith=nondix
[w6:mn:pro] [api] 200 mode=pro startsWith=nondix (413ms direct)
[w6:mn:pro] "nondix" → 0 records, 0 words
[w6:mn:pro] "nondix" branch complete
[w6:mn:pro] Saved 44,034 worker words
[w6:mn:pro] Searching "nondiy" | queue=135 | words=44034
[w6:mn:pro] Pacing 15s before "nondiy" (gap=15500ms)
[w6:mn:pro] Managed Turnstile token (len=816, 6479ms, remount)
[w6:mn:pro] [api] 200 mode=pro startsWith=nondiy
[w6:mn:pro] [api] 200 mode=pro startsWith=nondiy (501ms direct)
[w6:mn:pro] "nondiy" → 0 records, 0 words
[w6:mn:pro] "nondiy" branch complete
[w6:mn:pro] Saved 44,034 worker words
[w6:mn:pro] Searching "nondiz" | queue=134 | words=44034
[w6:mn:pro] Pacing 14s before "nondiz" (gap=15500ms)
[w6:mn:pro] Managed Turnstile token (len=816, 10874ms, remount)
[w6:mn:pro] heartbeat words=44034 queue=134 rotation=4 idle=10s
[w6:mn:pro] [api] 200 mode=pro startsWith=nondiz
[w6:mn:pro] [api] 200 mode=pro startsWith=nondiz (444ms direct)
[w6:mn:pro] "nondiz" → 0 records, 0 words
[w6:mn:pro] "nondiz" branch complete
[w6:mn:pro] Saved 44,034 worker words
[w6:mn:pro] Searching "nonexp" | queue=133 | words=44034
[w6:mn:pro] Pacing 15s before "nonexp" (gap=15500ms)
[w6:mn:pro] Managed Turnstile token (len=816, 4656ms, remount)
[w6:mn:pro] [api] 200 mode=pro startsWith=nonexp
[w6:mn:pro] [api] 200 mode=pro startsWith=nonexp (480ms direct)
[w6:mn:pro] "nonexp" → 64 records, 64 words
[w6:mn:pro] "nonexp" branch complete
[w6:mn:pro] Saved 44,036 worker words
[w6:mn:pro] Searching "nonexu" | queue=132 | words=44036
[w6:mn:pro] Pacing 15s before "nonexu" (gap=15500ms)
[w6:mn:pro] Managed Turnstile token (len=816, 6578ms, remount)
[w6:mn:pro] [api] 200 mode=pro startsWith=nonexu
[w6:mn:pro] [api] 200 mode=pro startsWith=nonexu (537ms direct)
[w6:mn:pro] "nonexu" → 6 records, 6 words
[w6:mn:pro] "nonexu" branch complete
[w6:mn:pro] Saved 44,036 worker words
[w6:mn:pro] Searching "nonexv" | queue=131 | words=44036
[w6:mn:pro] Pacing 15s before "nonexv" (gap=15500ms)
[w6:mn:pro] Managed Turnstile token (len=816, 5485ms, remount)
[w6:mn:pro] [api] 200 mode=pro startsWith=nonexv
[w6:mn:pro] [api] 200 mode=pro startsWith=nonexv (395ms direct)
[w6:mn:pro] "nonexv" → 0 records, 0 words
[w6:mn:pro] "nonexv" branch complete
[w6:mn:pro] Saved 44,036 worker words
[w6:mn:pro] Searching "nonexw" | queue=130 | words=44036
[w6:mn:pro] Pacing 15s before "nonexw" (gap=15500ms)
[w6:mn:pro] Managed Turnstile token (len=816, 4613ms, remount)
[w6:mn:pro] heartbeat words=44036 queue=130 rotation=4 idle=10s
[w6:mn:pro] [api] 200 mode=pro startsWith=nonexw
[w6:mn:pro] [api] 200 mode=pro startsWith=nonexw (428ms direct)
[w6:mn:pro] "nonexw" → 0 records, 0 words
[w6:mn:pro] "nonexw" branch complete
[w6:mn:pro] Saved 44,036 worker words; shared last.txt now 415,114
[w6:mn:pro] Searching "nonexx" | queue=129 | words=44036
[w6:mn:pro] Pacing 13s before "nonexx" (gap=15500ms)
[w6:mn:pro] Managed Turnstile token (len=816, 15281ms, remount)
[w6:mn:pro] [api] 200 mode=pro startsWith=nonexx
[w6:mn:pro] [api] 200 mode=pro startsWith=nonexx (510ms direct)
[w6:mn:pro] "nonexx" → 0 records, 0 words
[w6:mn:pro] "nonexx" branch complete
[w6:mn:pro] Saved 44,036 worker words
[w6:mn:pro] Searching "nonexy" | queue=128 | words=44036
[w6:mn:pro] Pacing 15s before "nonexy" (gap=15500ms)
[w6:mn:pro] Managed Turnstile token (len=816, 8363ms, remount)
[w6:mn:pro] [api] 200 mode=pro startsWith=nonexy
[w6:mn:pro] [api] 200 mode=pro startsWith=nonexy (471ms direct)
[w6:mn:pro] "nonexy" → 0 records, 0 words
[w6:mn:pro] "nonexy" branch complete
[w6:mn:pro] Saved 44,036 worker words
[w6:mn:pro] Searching "nonexz" | queue=127 | words=44036
[w6:mn:pro] Pacing 15s before "nonexz" (gap=15500ms)
[w6:mn:pro] Managed Turnstile token (len=816, 7454ms, remount)
[w6:mn:pro] [api] 200 mode=pro startsWith=nonexz
[w6:mn:pro] [api] 200 mode=pro startsWith=nonexz (442ms direct)
[w6:mn:pro] "nonexz" → 0 records, 0 words
[w6:mn:pro] "nonexz" branch complete
[w6:mn:pro] Saved 44,036 worker words
[w6:mn:pro] Searching "noninf" | queue=126 | words=44036
[w6:mn:pro] Pacing 15s before "noninf" (gap=15500ms)
[w6:mn:pro] heartbeat words=44036 queue=126 rotation=4 idle=7s
[w6:mn:pro] Managed Turnstile token (len=816, 13191ms, remount)
[w6:mn:pro] [api] 200 mode=pro startsWith=noninf
[w6:mn:pro] [api] 200 mode=pro startsWith=noninf (642ms direct)
[w6:mn:pro] "noninf" → 47 records, 47 words
[w6:mn:pro] "noninf" branch complete
[w6:mn:pro] Saved 44,050 worker words
[w6:mn:pro] Searching "noning" | queue=125 | words=44050
[w6:mn:pro] Pacing 15s before "noning" (gap=15500ms)
[w6:mn:pro] Managed Turnstile token (len=816, 14328ms, remount)
[w6:mn:pro] [api] 200 mode=pro startsWith=noning
[w6:mn:pro] [api] 200 mode=pro startsWith=noning (461ms direct)
[w6:mn:pro] "noning" → 0 records, 0 words
[w6:mn:pro] "noning" branch complete
[w6:mn:pro] Saved 44,050 worker words
[w6:mn:pro] Searching "noninh" | queue=124 | words=44050
[w6:mn:pro] Pacing 15s before "noninh" (gap=15500ms)
[w6:mn:pro] Managed Turnstile token (len=816, 9245ms, remount)
[w6:mn:pro] [api] 200 mode=pro startsWith=noninh
[w6:mn:pro] [api] 200 mode=pro startsWith=noninh (488ms direct)
[w6:mn:pro] "noninh" → 16 records, 16 words
[w6:mn:pro] "noninh" branch complete
[w6:mn:pro] Saved 44,066 worker words
[w6:mn:pro] Searching "nonini" | queue=123 | words=44066
[w6:mn:pro] Pacing 15s before "nonini" (gap=15500ms)
[w6:mn:pro] Managed Turnstile token (len=816, 9558ms, remount)
[w6:mn:pro] [api] 200 mode=pro startsWith=nonini
[w6:mn:pro] [api] 200 mode=pro startsWith=nonini (432ms direct)
[w6:mn:pro] "nonini" → 4 records, 4 words
[w6:mn:pro] "nonini" branch complete
[w6:mn:pro] Saved 44,070 worker words
[w6:mn:pro] Searching "noninj" | queue=122 | words=44070
[w6:mn:pro] Pacing 15s before "noninj" (gap=15500ms)
[w6:mn:pro] heartbeat words=44070 queue=122 rotation=4 idle=5s
[w6:mn:pro] Managed Turnstile token (len=816, 11286ms, remount)
[w6:mn:pro] [api] 200 mode=pro startsWith=noninj
[w6:mn:pro] [api] 200 mode=pro startsWith=noninj (438ms direct)
[w6:mn:pro] "noninj" → 5 records, 5 words
[w6:mn:pro] "noninj" branch complete
[w6:mn:pro] Saved 44,075 worker words; shared last.txt now 415,417
[w6:mn:pro] Searching "nonink" | queue=121 | words=44075
[w6:mn:pro] Pacing 14s before "nonink" (gap=15500ms)
[w6:mn:pro] Managed Turnstile token (len=816, 8587ms, remount)
[w6:mn:pro] [api] 200 mode=pro startsWith=nonink
[w6:mn:pro] [api] 200 mode=pro startsWith=nonink (530ms direct)
[w6:mn:pro] "nonink" → 0 records, 0 words
[w6:mn:pro] "nonink" branch complete
[w6:mn:pro] Saved 44,075 worker words
[w6:mn:pro] Searching "noninl" | queue=120 | words=44075
[w6:mn:pro] Pacing 15s before "noninl" (gap=15500ms)
[w6:mn:pro] Managed Turnstile token (len=816, 11030ms, remount)
[w6:mn:pro] [api] 200 mode=pro startsWith=noninl
[w6:mn:pro] [api] 200 mode=pro startsWith=noninl (533ms direct)
[w6:mn:pro] "noninl" → 0 records, 0 words
[w6:mn:pro] "noninl" branch complete
[w6:mn:pro] Saved 44,075 worker words
[w6:mn:pro] Searching "noninm" | queue=119 | words=44075
[w6:mn:pro] Pacing 15s before "noninm" (gap=15500ms)
[w6:mn:pro] Managed Turnstile token (len=816, 11902ms, remount)
[w6:mn:pro] [api] 200 mode=pro startsWith=noninm
[w6:mn:pro] [api] 200 mode=pro startsWith=noninm (499ms direct)
[w6:mn:pro] "noninm" → 0 records, 0 words
[w6:mn:pro] "noninm" branch complete
[w6:mn:pro] Saved 44,075 worker words
[w6:mn:pro] Searching "noninn" | queue=118 | words=44075
[w6:mn:pro] Pacing 14s before "noninn" (gap=15500ms)
[w6:mn:pro] heartbeat words=44075 queue=118 rotation=4 idle=1s
[w6:mn:pro] Managed Turnstile token (len=816, 7783ms, remount)
[w6:mn:pro] [api] 200 mode=pro startsWith=noninn
[w6:mn:pro] [api] 200 mode=pro startsWith=noninn (790ms direct)
[w6:mn:pro] "noninn" → 0 records, 0 words
[w6:mn:pro] "noninn" branch complete
[w6:mn:pro] Saved 44,075 worker words
[w6:mn:pro] Searching "nonino" | queue=117 | words=44075
[w6:mn:pro] Pacing 15s before "nonino" (gap=15500ms)
[w6:mn:pro] Managed Turnstile token (len=816, 3793ms, remount)
[w6:mn:pro] [api] 200 mode=pro startsWith=nonino
[w6:mn:pro] [api] 200 mode=pro startsWith=nonino (424ms direct)
[w6:mn:pro] "nonino" → 2 records, 2 words
[w6:mn:pro] "nonino" branch complete
[w6:mn:pro] Saved 44,077 worker words
[w6:mn:pro] Searching "noninp" | queue=116 | words=44077
[w6:mn:pro] Pacing 15s before "noninp" (gap=15500ms)
[w6:mn:pro] Managed Turnstile token (len=816, 4359ms, remount)
[w6:mn:pro] [api] 200 mode=pro startsWith=noninp
[w6:mn:pro] [api] 200 mode=pro startsWith=noninp (417ms direct)
[w6:mn:pro] "noninp" → 0 records, 0 words
[w6:mn:pro] "noninp" branch complete
[w6:mn:pro] Saved 44,077 worker words
[w6:mn:pro] Searching "noninq" | queue=115 | words=44077
[w6:mn:pro] Pacing 16s before "noninq" (gap=15500ms)
[w6:mn:pro] Managed Turnstile token (len=816, 5637ms, remount)
[w6:mn:pro] [api] 200 mode=pro startsWith=noninq
[w6:mn:pro] [api] 200 mode=pro startsWith=noninq (465ms direct)
[w6:mn:pro] "noninq" → 2 records, 2 words
[w6:mn:pro] "noninq" branch complete
[w6:mn:pro] Saved 44,079 worker words
[w6:mn:pro] Searching "noninr" | queue=114 | words=44079
[w6:mn:pro] Pacing 15s before "noninr" (gap=15500ms)
[w6:mn:pro] heartbeat words=44079 queue=114 rotation=4 idle=1s
[w6:mn:pro] Managed Turnstile token (len=816, 12136ms, remount)
[w6:mn:pro] [api] 200 mode=pro startsWith=noninr
[w6:mn:pro] [api] 200 mode=pro startsWith=noninr (679ms direct)
[w6:mn:pro] "noninr" → 0 records, 0 words
[w6:mn:pro] "noninr" branch complete
[w6:mn:pro] Saved 44,079 worker words; shared last.txt now 415,755
[w6:mn:pro] Searching "nonins" | queue=113 | words=44079
[w6:mn:pro] Pacing 14s before "nonins" (gap=15500ms)
[w6:mn:pro] Managed Turnstile token (len=816, 7681ms, remount)
[w6:mn:pro] [api] 200 mode=pro startsWith=nonins
[w6:mn:pro] [api] 200 mode=pro startsWith=nonins (438ms direct)
[w6:mn:pro] "nonins" → 35 records, 35 words
[w6:mn:pro] "nonins" branch complete
[w6:mn:pro] Saved 44,114 worker words
[w6:mn:pro] Searching "nonint" | queue=112 | words=44114
[w6:mn:pro] Pacing 15s before "nonint" (gap=15500ms)
[w6:mn:pro] Managed Turnstile token (len=816, 11463ms, remount)
[w6:mn:pro] [api] 200 mode=pro startsWith=nonint
[w6:mn:pro] [api] 200 mode=pro startsWith=nonint (567ms direct)
[w6:mn:pro] "nonint" → 92 records, 92 words
[w6:mn:pro] "nonint" branch complete
[w6:mn:pro] Saved 44,206 worker words
[w6:mn:pro] Searching "noninu" | queue=111 | words=44206
[w6:mn:pro] Pacing 15s before "noninu" (gap=15500ms)
[w6:mn:pro] Managed Turnstile token (len=816, 4816ms, remount)
[w6:mn:pro] heartbeat words=44206 queue=111 rotation=4 idle=14s
[w6:mn:pro] [api] 200 mode=pro startsWith=noninu
[w6:mn:pro] [api] 200 mode=pro startsWith=noninu (387ms direct)
[w6:mn:pro] "noninu" → 0 records, 0 words
[w6:mn:pro] "noninu" branch complete
[w6:mn:pro] Saved 44,206 worker words
[w6:mn:pro] Searching "noninv" | queue=110 | words=44206
[w6:mn:pro] Pacing 16s before "noninv" (gap=15500ms)
[w6:mn:pro] Managed Turnstile token (len=816, 7995ms, remount)
[w6:mn:pro] [api] 200 mode=pro startsWith=noninv
[w6:mn:pro] [api] 200 mode=pro startsWith=noninv (400ms direct)
[w6:mn:pro] "noninv" → 13 records, 13 words
[w6:mn:pro] "noninv" branch complete
[w6:mn:pro] Saved 44,219 worker words
[w6:mn:pro] Searching "noninw" | queue=109 | words=44219
[w6:mn:pro] Pacing 15s before "noninw" (gap=15500ms)
[w6:mn:pro] Managed Turnstile miss (15161ms)
[w6:mn:pro] Failed "noninw" attempt 1: No Turnstile token for direct search
[w6:mn:pro] Saved 44,219 worker words
[w6:mn:pro] Turnstile miss — soft reload before rotate
[w6:mn:pro] Site Turnstile remint timed out (9752ms)
[w6:mn:pro] Soft reload mint failed — rotating immediately
[w6:mn:pro] Tor NEWNYM gen=5; waiting 8000ms
[w6:mn:pro] Tor ready on 19056 exit=192.42.116.47
[w6:mn:pro] Rotating IP (#5, try 1) after No Turnstile token for direct search → tor#6 socks5://127.0.0.1:19056
[w6:mn:pro] Launching persistent Chrome profile /tmp/lll-pw-w6-r5
[w6:mn:pro] Proxy tor#6 socks5://127.0.0.1:19056
[w6:mn:pro] Opening https://lastletterlibrary.com
[w6:mn:pro] Library mode=pro
[w6:mn:pro] heartbeat words=44219 queue=110 rotation=5 idle=43s
[w6:mn:pro] Managed Turnstile token (len=816, 5706ms, remount)
[w6:mn:pro] Search mode=direct (skip UI Wait Ns… gate)
[w6:mn:pro] Cleaned 1 old rotated profile(s)
[w6:mn:pro] Searching "noninw" | queue=109 | words=44219
[w6:mn:pro] [api] 200 mode=pro startsWith=noninw
[w6:mn:pro] [api] 200 mode=pro startsWith=noninw (411ms direct)
[w6:mn:pro] "noninw" → 0 records, 0 words
[w6:mn:pro] "noninw" branch complete
[w6:mn:pro] Saved 44,219 worker words
[w6:mn:pro] Searching "noninx" | queue=108 | words=44219
[w6:mn:pro] Pacing 15s before "noninx" (gap=15500ms)
[w6:mn:pro] Managed Turnstile token (len=816, 4205ms, remount)
[w6:mn:pro] [api] 200 mode=pro startsWith=noninx
[w6:mn:pro] [api] 200 mode=pro startsWith=noninx (466ms direct)
[w6:mn:pro] "noninx" → 0 records, 0 words
[w6:mn:pro] "noninx" branch complete
[w6:mn:pro] Saved 44,219 worker words
[w6:mn:pro] Searching "noniny" | queue=107 | words=44219
[w6:mn:pro] Pacing 15s before "noniny" (gap=15500ms)
[w6:mn:pro] Managed Turnstile token (len=816, 5339ms, remount)
[w6:mn:pro] [api] 200 mode=pro startsWith=noniny
[w6:mn:pro] [api] 200 mode=pro startsWith=noniny (451ms direct)
[w6:mn:pro] "noniny" → 0 records, 0 words
[w6:mn:pro] "noniny" branch complete
[w6:mn:pro] Saved 44,219 worker words; shared last.txt now 416,188
[w6:mn:pro] Searching "noninz" | queue=106 | words=44219
[w6:mn:pro] Pacing 15s before "noninz" (gap=15500ms)
[w6:mn:pro] Managed Turnstile token (len=794, 7179ms, remount)
[w6:mn:pro] [api] 200 mode=pro startsWith=noninz
[w6:mn:pro] [api] 200 mode=pro startsWith=noninz (402ms direct)
[w6:mn:pro] "noninz" → 0 records, 0 words
[w6:mn:pro] "noninz" branch complete
[w6:mn:pro] Saved 44,219 worker words
[w6:mn:pro] Searching "nonpay" | queue=105 | words=44219
[w6:mn:pro] Pacing 15s before "nonpay" (gap=15500ms)
[w6:mn:pro] Managed Turnstile token (len=794, 6009ms, remount)
[w6:mn:pro] heartbeat words=44219 queue=105 rotation=5 idle=9s
[w6:mn:pro] [api] 200 mode=pro startsWith=nonpay
[w6:mn:pro] [api] 200 mode=pro startsWith=nonpay (397ms direct)
[w6:mn:pro] "nonpay" → 4 records, 4 words
[w6:mn:pro] "nonpay" branch complete
[w6:mn:pro] Saved 44,219 worker words
[w6:mn:pro] Searching "nonpaz" | queue=104 | words=44219
[w6:mn:pro] Pacing 15s before "nonpaz" (gap=15500ms)
[w6:mn:pro] Managed Turnstile token (len=816, 4388ms, remount)
[w6:mn:pro] [api] 200 mode=pro startsWith=nonpaz
[w6:mn:pro] [api] 200 mode=pro startsWith=nonpaz (450ms direct)
[w6:mn:pro] "nonpaz" → 0 records, 0 words
[w6:mn:pro] "nonpaz" branch complete
[w6:mn:pro] Saved 44,219 worker words
[w6:mn:pro] Searching "nonper" | queue=103 | words=44219
[w6:mn:pro] Pacing 15s before "nonper" (gap=15500ms)
[w6:mn:pro] Managed Turnstile token (len=816, 5403ms, remount)
[w6:mn:pro] [api] 200 mode=pro startsWith=nonper
[w6:mn:pro] [api] 200 mode=pro startsWith=nonper (441ms direct)
[w6:mn:pro] "nonper" → 100 records, 100 words
[w6:mn:pro] Pacing 15s before "nonper" (gap=15500ms)
[w6:mn:pro] Managed Turnstile token (len=816, 7449ms, remount)
[w6:mn:pro] [api] 200 mode=pro startsWith=nonper
[w6:mn:pro] [api] 200 mode=pro startsWith=nonper sort=alphabetical:desc (461ms direct)
[w6:mn:pro] "nonper" full page ends at "nonperverse" (next='v'); skip 23 covered groups → 5 children reverse Z→A ends at "nonperceptive" (lo='c' hi='v'); skip 18 middle + 0 new words
[w6:mn:pro] Saved 44,219 worker words
[w6:mn:pro] Searching "nonpet" | queue=107 | words=44219
[w6:mn:pro] Pacing 15s before "nonpet" (gap=15500ms)
[w6:mn:pro] heartbeat words=44219 queue=107 rotation=5 idle=7s
[w6:mn:pro] Managed Turnstile miss (15400ms)
[w6:mn:pro] Failed "nonpet" attempt 1: No Turnstile token for direct search
[w6:mn:pro] Saved 44,219 worker words
[w6:mn:pro] Turnstile miss — soft reload before rotate
[w6:mn:pro] Managed Turnstile token (len=794, 4553ms, remount)
[w6:mn:pro] Searching "nonpet" | queue=107 | words=44219
[w6:mn:pro] [api] 200 mode=pro startsWith=nonpet
[w6:mn:pro] [api] 200 mode=pro startsWith=nonpet (360ms direct)
[w6:mn:pro] "nonpet" → 2 records, 2 words
[w6:mn:pro] "nonpet" branch complete
[w6:mn:pro] Saved 44,219 worker words
[w6:mn:pro] Searching "nonpeu" | queue=106 | words=44219
[w6:mn:pro] Pacing 16s before "nonpeu" (gap=15500ms)
[w6:mn:pro] Managed Turnstile token (len=816, 4391ms, remount)
[w6:mn:pro] [api] 200 mode=pro startsWith=nonpeu
[w6:mn:pro] [api] 200 mode=pro startsWith=nonpeu (452ms direct)
[w6:mn:pro] "nonpeu" → 0 records, 0 words
[w6:mn:pro] "nonpeu" branch complete
[w6:mn:pro] Saved 44,219 worker words
[w6:mn:pro] Searching "nonpev" | queue=105 | words=44219
[w6:mn:pro] Pacing 15s before "nonpev" (gap=15500ms)
[w6:mn:pro] Managed Turnstile token (len=816, 6269ms, remount)
[w6:mn:pro] [api] 200 mode=pro startsWith=nonpev
[w6:mn:pro] [api] 200 mode=pro startsWith=nonpev (408ms direct)
[w6:mn:pro] "nonpev" → 0 records, 0 words
[w6:mn:pro] "nonpev" branch complete
[w6:mn:pro] Saved 44,219 worker words; shared last.txt now 416,710
[w6:mn:pro] Searching "nonpew" | queue=104 | words=44219
[w6:mn:pro] Pacing 15s before "nonpew" (gap=15500ms)
[w6:mn:pro] Managed Turnstile token (len=816, 13830ms, remount)
[w6:mn:pro] heartbeat words=44219 queue=104 rotation=5 idle=13s
[w6:mn:pro] [api] 200 mode=pro startsWith=nonpew
[w6:mn:pro] [api] 200 mode=pro startsWith=nonpew (482ms direct)
[w6:mn:pro] "nonpew" → 0 records, 0 words
[w6:mn:pro] "nonpew" branch complete
[w6:mn:pro] Saved 44,219 worker words
[w6:mn:pro] Searching "nonpex" | queue=103 | words=44219
[w6:mn:pro] Pacing 13s before "nonpex" (gap=15500ms)
[w6:mn:pro] Managed Turnstile token (len=816, 16045ms, remount)
[w6:mn:pro] [api] 200 mode=pro startsWith=nonpex
[w6:mn:pro] [api] 200 mode=pro startsWith=nonpex (548ms direct)
[w6:mn:pro] "nonpex" → 0 records, 0 words
[w6:mn:pro] "nonpex" branch complete
[w6:mn:pro] Saved 44,219 worker words
[w6:mn:pro] Searching "nonpey" | queue=102 | words=44219
[w6:mn:pro] Pacing 13s before "nonpey" (gap=15500ms)
[w6:mn:pro] Managed Turnstile token (len=816, 6346ms, remount)
[w6:mn:pro] [api] 200 mode=pro startsWith=nonpey
[w6:mn:pro] [api] 200 mode=pro startsWith=nonpey (391ms direct)
[w6:mn:pro] "nonpey" → 0 records, 0 words
[w6:mn:pro] "nonpey" branch complete
[w6:mn:pro] Saved 44,219 worker words
[w6:mn:pro] Searching "nonpez" | queue=101 | words=44219
[w6:mn:pro] Pacing 16s before "nonpez" (gap=15500ms)
[w6:mn:pro] Managed Turnstile miss (15062ms)
[w6:mn:pro] Managed Turnstile token (len=816, 5703ms, remount)
[w6:mn:pro] [api] 200 mode=pro startsWith=nonpez
[w6:mn:pro] [api] 200 mode=pro startsWith=nonpez (594ms direct)
[w6:mn:pro] "nonpez" → 0 records, 0 words
[w6:mn:pro] "nonpez" branch complete
[w6:mn:pro] Saved 44,219 worker words
[w6:mn:pro] Searching "nonpri" | queue=100 | words=44219
[w6:mn:pro] Pacing 15s before "nonpri" (gap=15500ms)
[w6:mn:pro] heartbeat words=44219 queue=100 rotation=5 idle=4s
[w6:mn:pro] Managed Turnstile token (len=816, 6804ms, remount)
[w6:mn:pro] [api] 200 mode=pro startsWith=nonpri
[w6:mn:pro] [api] 200 mode=pro startsWith=nonpri (576ms direct)
[w6:mn:pro] "nonpri" → 12 records, 12 words
[w6:mn:pro] "nonpri" branch complete
[w6:mn:pro] Saved 44,220 worker words
[w6:mn:pro] Searching "nonprj" | queue=99 | words=44220
[w6:mn:pro] Pacing 15s before "nonprj" (gap=15500ms)
[w6:mn:pro] Managed Turnstile token (len=794, 6786ms, remount)
[w6:mn:pro] [api] 200 mode=pro startsWith=nonprj
[w6:mn:pro] [api] 200 mode=pro startsWith=nonprj (494ms direct)
[w6:mn:pro] "nonprj" → 0 records, 0 words
[w6:mn:pro] "nonprj" branch complete
[w6:mn:pro] Saved 44,220 worker words
[w6:mn:pro] Searching "nonprk" | queue=98 | words=44220
[w6:mn:pro] Pacing 15s before "nonprk" (gap=15500ms)
[w6:mn:pro] Managed Turnstile token (len=816, 4210ms, remount)
[w6:mn:pro] [api] 200 mode=pro startsWith=nonprk
[w6:mn:pro] [api] 200 mode=pro startsWith=nonprk (501ms direct)
[w6:mn:pro] "nonprk" → 0 records, 0 words
[w6:mn:pro] "nonprk" branch complete
[w6:mn:pro] Saved 44,220 worker words
[w6:mn:pro] Searching "nonprl" | queue=97 | words=44220
[w6:mn:pro] Pacing 15s before "nonprl" (gap=15500ms)
[w6:mn:pro] Managed Turnstile token (len=816, 5655ms, remount)
[w6:mn:pro] [api] 200 mode=pro startsWith=nonprl
[w6:mn:pro] [api] 200 mode=pro startsWith=nonprl (396ms direct)
[w6:mn:pro] "nonprl" → 0 records, 0 words
[w6:mn:pro] "nonprl" branch complete
[w6:mn:pro] Saved 44,220 worker words; shared last.txt now 417,033
[w6:mn:pro] Searching "nonprm" | queue=96 | words=44220
[w6:mn:pro] Pacing 15s before "nonprm" (gap=15500ms)
[w6:mn:pro] heartbeat words=44220 queue=96 rotation=5 idle=2s
[w6:mn:pro] Managed Turnstile token (len=816, 6875ms, remount)
[w6:mn:pro] [api] 200 mode=pro startsWith=nonprm
[w6:mn:pro] [api] 200 mode=pro startsWith=nonprm (497ms direct)
[w6:mn:pro] "nonprm" → 0 records, 0 words
[w6:mn:pro] "nonprm" branch complete
[w6:mn:pro] Saved 44,220 worker words
[w6:mn:pro] Searching "nonprn" | queue=95 | words=44220
[w6:mn:pro] Pacing 15s before "nonprn" (gap=15500ms)
[w6:mn:pro] Managed Turnstile token (len=794, 4511ms, remount)
[w6:mn:pro] [api] 200 mode=pro startsWith=nonprn
[w6:mn:pro] [api] 200 mode=pro startsWith=nonprn (457ms direct)
[w6:mn:pro] "nonprn" → 0 records, 0 words
[w6:mn:pro] "nonprn" branch complete
[w6:mn:pro] Saved 44,220 worker words
[w6:mn:pro] Searching "nonpro" | queue=94 | words=44220
[w6:mn:pro] Pacing 15s before "nonpro" (gap=15500ms)
[w6:mn:pro] Managed Turnstile token (len=816, 4879ms, remount)
[w6:mn:pro] [api] 200 mode=pro startsWith=nonpro
[w6:mn:pro] [api] 200 mode=pro startsWith=nonpro (398ms direct)
[w6:mn:pro] "nonpro" → 100 records, 100 words
[w6:mn:pro] Pacing 16s before "nonpro" (gap=15500ms)
[w6:mn:pro] Managed Turnstile miss (15073ms)
[w6:mn:pro] heartbeat words=44304 queue=94 rotation=5 idle=31s
[w6:mn:pro] Managed Turnstile token (len=816, 11856ms, remount)
[w6:mn:pro] [api] 200 mode=pro startsWith=nonpro
[w6:mn:pro] [api] 200 mode=pro startsWith=nonpro sort=alphabetical:desc (486ms direct)
[w6:mn:pro] "nonpro" full page ends at "nonpronunciation" (next='n'); skip 25 covered groups → 3 children reverse Z→A ends at "nonprolific" (lo='l' hi='x'); skip 11 middle + 0 new words
[w6:mn:pro] Saved 44,304 worker words
[w6:mn:pro] Searching "nonpru" | queue=96 | words=44304
[w6:mn:pro] Pacing 15s before "nonpru" (gap=15500ms)
[w6:mn:pro] Managed Turnstile token (len=816, 7828ms, remount)
[w6:mn:pro] [api] 200 mode=pro startsWith=nonpru
[w6:mn:pro] [api] 200 mode=pro startsWith=nonpru (467ms direct)
[w6:mn:pro] "nonpru" → 5 records, 5 words
[w6:mn:pro] "nonpru" branch complete
[w6:mn:pro] Saved 44,304 worker words
[w6:mn:pro] Searching "nonprv" | queue=95 | words=44304
[w6:mn:pro] Pacing 15s before "nonprv" (gap=15500ms)
[w6:mn:pro] Managed Turnstile token (len=794, 5490ms, remount)
[w6:mn:pro] [api] 200 mode=pro startsWith=nonprv
[w6:mn:pro] [api] 200 mode=pro startsWith=nonprv (609ms direct)
[w6:mn:pro] "nonprv" → 0 records, 0 words
[w6:mn:pro] "nonprv" branch complete
[w6:mn:pro] Saved 44,304 worker words
[w6:mn:pro] Searching "nonprw" | queue=94 | words=44304
[w6:mn:pro] Pacing 15s before "nonprw" (gap=15500ms)
[w6:mn:pro] Managed Turnstile token (len=816, 4197ms, remount)
[w6:mn:pro] [api] 200 mode=pro startsWith=nonprw
[w6:mn:pro] [api] 200 mode=pro startsWith=nonprw (416ms direct)
[w6:mn:pro] "nonprw" → 0 records, 0 words
[w6:mn:pro] "nonprw" branch complete
[w6:mn:pro] Saved 44,304 worker words
[w6:mn:pro] Searching "nonprx" | queue=93 | words=44304
[w6:mn:pro] Pacing 16s before "nonprx" (gap=15500ms)
[w6:mn:pro] heartbeat words=44304 queue=93 rotation=5 idle=2s
[w6:mn:pro] Managed Turnstile token (len=816, 4924ms, remount)
[w6:mn:pro] [api] 200 mode=pro startsWith=nonprx
[w6:mn:pro] [api] 200 mode=pro startsWith=nonprx (457ms direct)
[w6:mn:pro] "nonprx" → 0 records, 0 words
[w6:mn:pro] "nonprx" branch complete
[w6:mn:pro] Saved 44,304 worker words
[w6:mn:pro] Searching "nonpry" | queue=92 | words=44304
[w6:mn:pro] Pacing 15s before "nonpry" (gap=15500ms)
[w6:mn:pro] Managed Turnstile miss (15371ms)
[w6:mn:pro] Failed "nonpry" attempt 1: No Turnstile token for direct search
[w6:mn:pro] Saved 44,304 worker words; shared last.txt now 417,471
[w6:mn:pro] Turnstile miss — soft reload before rotate
[w6:mn:pro] Turnstile token present (len=816)
[w6:mn:pro] Site Turnstile token (8715ms)
[w6:mn:pro] Searching "nonpry" | queue=92 | words=44304
[w6:mn:pro] [api] 200 mode=pro startsWith=nonpry
[w6:mn:pro] [api] 200 mode=pro startsWith=nonpry (516ms direct)
[w6:mn:pro] "nonpry" → 0 records, 0 words
[w6:mn:pro] "nonpry" branch complete
[w6:mn:pro] Saved 44,304 worker words
[w6:mn:pro] Searching "nonprz" | queue=91 | words=44304
[w6:mn:pro] Pacing 15s before "nonprz" (gap=15500ms)
[w6:mn:pro] Managed Turnstile token (len=794, 4302ms, remount)
[w6:mn:pro] [api] 200 mode=pro startsWith=nonprz
[w6:mn:pro] [api] 200 mode=pro startsWith=nonprz (405ms direct)
[w6:mn:pro] "nonprz" → 0 records, 0 words
[w6:mn:pro] "nonprz" branch complete
[w6:mn:pro] Saved 44,304 worker words
[w6:mn:pro] Searching "nonrec" | queue=90 | words=44304
[w6:mn:pro] Pacing 16s before "nonrec" (gap=15500ms)
[w6:mn:pro] heartbeat words=44304 queue=90 rotation=5 idle=3s
[w6:mn:pro] Managed Turnstile token (len=816, 4368ms, remount)
[w6:mn:pro] [api] 200 mode=pro startsWith=nonrec
[w6:mn:pro] [api] 200 mode=pro startsWith=nonrec (416ms direct)
[w6:mn:pro] "nonrec" → 66 records, 66 words
[w6:mn:pro] "nonrec" branch complete
[w6:mn:pro] Saved 44,307 worker words
[w6:mn:pro] Searching "nonred" | queue=89 | words=44307
[w6:mn:pro] Pacing 15s before "nonred" (gap=15500ms)
[w6:mn:pro] Managed Turnstile token (len=816, 4410ms, remount)
[w6:mn:pro] [api] 200 mode=pro startsWith=nonred
[w6:mn:pro] [api] 200 mode=pro startsWith=nonred (454ms direct)
[w6:mn:pro] "nonred" → 14 records, 14 words
[w6:mn:pro] "nonred" branch complete
[w6:mn:pro] Saved 44,321 worker words
[w6:mn:pro] Searching "nonree" | queue=88 | words=44321
[w6:mn:pro] Pacing 15s before "nonree" (gap=15500ms)
[w6:mn:pro] Managed Turnstile token (len=794, 5364ms, remount)
[w6:mn:pro] [api] 200 mode=pro startsWith=nonree
[w6:mn:pro] [api] 200 mode=pro startsWith=nonree (407ms direct)
[w6:mn:pro] "nonree" → 0 records, 0 words
[w6:mn:pro] "nonree" branch complete
[w6:mn:pro] Saved 44,321 worker words
[w6:mn:pro] Searching "nonref" | queue=87 | words=44321
[w6:mn:pro] Pacing 16s before "nonref" (gap=15500ms)
[w6:mn:pro] Managed Turnstile token (len=816, 3945ms, remount)
[w6:mn:pro] [api] 200 mode=pro startsWith=nonref
[w6:mn:pro] [api] 200 mode=pro startsWith=nonref (406ms direct)
[w6:mn:pro] "nonref" → 26 records, 26 words
[w6:mn:pro] "nonref" branch complete
[w6:mn:pro] Saved 44,347 worker words
[w6:mn:pro] Searching "nonreg" | queue=86 | words=44347
[w6:mn:pro] Pacing 15s before "nonreg" (gap=15500ms)
[w6:mn:pro] heartbeat words=44347 queue=86 rotation=5 idle=1s
[w6:mn:pro] Managed Turnstile token (len=816, 7337ms, remount)
[w6:mn:pro] [api] 200 mode=pro startsWith=nonreg
[w6:mn:pro] [api] 200 mode=pro startsWith=nonreg (443ms direct)
[w6:mn:pro] "nonreg" → 22 records, 22 words
[w6:mn:pro] "nonreg" branch complete
[w6:mn:pro] Saved 44,369 worker words
[w6:mn:pro] Searching "nonreh" | queue=85 | words=44369
[w6:mn:pro] Pacing 15s before "nonreh" (gap=15500ms)
[w6:mn:pro] Managed Turnstile token (len=816, 10050ms, remount)
[w6:mn:pro] [api] 200 mode=pro startsWith=nonreh
[w6:mn:pro] [api] 200 mode=pro startsWith=nonreh (398ms direct)
[w6:mn:pro] "nonreh" → 1 records, 1 words
[w6:mn:pro] "nonreh" branch complete
[w6:mn:pro] Saved 44,370 worker words; shared last.txt now 417,627
[w6:mn:pro] Searching "nonrei" | queue=84 | words=44370
[w6:mn:pro] Pacing 15s before "nonrei" (gap=15500ms)
[w6:mn:pro] Managed Turnstile token (len=794, 4472ms, remount)
[w6:mn:pro] [api] 200 mode=pro startsWith=nonrei
[w6:mn:pro] [api] 200 mode=pro startsWith=nonrei (500ms direct)
[w6:mn:pro] "nonrei" → 4 records, 4 words
[w6:mn:pro] "nonrei" branch complete
[w6:mn:pro] Saved 44,374 worker words
[w6:mn:pro] Searching "nonrej" | queue=83 | words=44374
[w6:mn:pro] Pacing 15s before "nonrej" (gap=15500ms)
[w6:mn:pro] heartbeat words=44374 queue=83 rotation=5 idle=14s
[w6:mn:pro] Managed Turnstile token (len=816, 14731ms, remount)
[w6:mn:pro] [api] 200 mode=pro startsWith=nonrej
[w6:mn:pro] [api] 200 mode=pro startsWith=nonrej (477ms direct)
[w6:mn:pro] "nonrej" → 2 records, 2 words
[w6:mn:pro] "nonrej" branch complete
[w6:mn:pro] Saved 44,376 worker words
[w6:mn:pro] Searching "nonrek" | queue=82 | words=44376
[w6:mn:pro] Pacing 15s before "nonrek" (gap=15500ms)
[w6:mn:pro] Managed Turnstile token (len=816, 5921ms, remount)
[w6:mn:pro] [api] 200 mode=pro startsWith=nonrek
[w6:mn:pro] [api] 200 mode=pro startsWith=nonrek (529ms direct)
[w6:mn:pro] "nonrek" → 0 records, 0 words
[w6:mn:pro] "nonrek" branch complete
[w6:mn:pro] Saved 44,376 worker words
[w6:mn:pro] Searching "nonrel" | queue=81 | words=44376
[w6:mn:pro] Pacing 15s before "nonrel" (gap=15500ms)
[w6:mn:pro] Managed Turnstile token (len=816, 5067ms, remount)
[w6:mn:pro] [api] 200 mode=pro startsWith=nonrel
[w6:mn:pro] [api] 200 mode=pro startsWith=nonrel (411ms direct)
[w6:mn:pro] "nonrel" → 27 records, 27 words
[w6:mn:pro] "nonrel" branch complete
[w6:mn:pro] Saved 44,403 worker words
[w6:mn:pro] Searching "nonrem" | queue=80 | words=44403
[w6:mn:pro] Pacing 15s before "nonrem" (gap=15500ms)
[w6:mn:pro] Managed Turnstile token (len=816, 6324ms, remount)
[w6:mn:pro] [api] 200 mode=pro startsWith=nonrem
[w6:mn:pro] [api] 200 mode=pro startsWith=nonrem (461ms direct)
[w6:mn:pro] "nonrem" → 20 records, 20 words
[w6:mn:pro] "nonrem" branch complete
[w6:mn:pro] Saved 44,423 worker words
[w6:mn:pro] Searching "nonren" | queue=79 | words=44423
[w6:mn:pro] Pacing 15s before "nonren" (gap=15500ms)
[w6:mn:pro] Managed Turnstile token (len=794, 8052ms, remount)
[w6:mn:pro] heartbeat words=44423 queue=79 rotation=5 idle=12s
[w6:mn:pro] [api] 200 mode=pro startsWith=nonren
[w6:mn:pro] [api] 200 mode=pro startsWith=nonren (425ms direct)
[w6:mn:pro] "nonren" → 11 records, 11 words
[w6:mn:pro] "nonren" branch complete
[w6:mn:pro] Saved 44,434 worker words
[w6:mn:pro] Searching "nonreo" | queue=78 | words=44434
[w6:mn:pro] Pacing 15s before "nonreo" (gap=15500ms)
[w6:mn:pro] Managed Turnstile miss (15648ms)
[w6:mn:pro] Failed "nonreo" attempt 1: No Turnstile token for direct search
[w6:mn:pro] Saved 44,434 worker words
[w6:mn:pro] Turnstile miss — soft reload before rotate
[w6:mn:pro] Managed Turnstile token (len=816, 5935ms, remount)
[w6:mn:pro] Searching "nonreo" | queue=78 | words=44434
[w6:mn:pro] [api] 200 mode=pro startsWith=nonreo
[w6:mn:pro] [api] 200 mode=pro startsWith=nonreo (379ms direct)
[w6:mn:pro] "nonreo" → 0 records, 0 words
[w6:mn:pro] "nonreo" branch complete
[w6:mn:pro] Saved 44,434 worker words; shared last.txt now 417,842
[w6:mn:pro] Searching "nonrep" | queue=77 | words=44434
[w6:mn:pro] Pacing 15s before "nonrep" (gap=15500ms)
[w6:mn:pro] Managed Turnstile token (len=816, 3850ms, remount)
[w6:mn:pro] [api] 200 mode=pro startsWith=nonrep
[w6:mn:pro] [api] 200 mode=pro startsWith=nonrep (461ms direct)
[w6:mn:pro] "nonrep" → 65 records, 65 words
[w6:mn:pro] "nonrep" branch complete
[w6:mn:pro] Saved 44,499 worker words
[w6:mn:pro] Searching "nonreq" | queue=76 | words=44499
[w6:mn:pro] Pacing 15s before "nonreq" (gap=15500ms)
[w6:mn:pro] Managed Turnstile token (len=816, 4069ms, remount)
[w6:mn:pro] [api] 200 mode=pro startsWith=nonreq
[w6:mn:pro] [api] 200 mode=pro startsWith=nonreq (412ms direct)
[w6:mn:pro] "nonreq" → 7 records, 7 words
[w6:mn:pro] "nonreq" branch complete
[w6:mn:pro] Saved 44,506 worker words
[w6:mn:pro] Searching "nonrer" | queue=75 | words=44506
[w6:mn:pro] Pacing 15s before "nonrer" (gap=15500ms)
[w6:mn:pro] heartbeat words=44506 queue=75 rotation=5 idle=1s
[w6:mn:pro] Managed Turnstile token (len=816, 5128ms, remount)
[w6:mn:pro] [api] 200 mode=pro startsWith=nonrer
[w6:mn:pro] [api] 200 mode=pro startsWith=nonrer (395ms direct)
[w6:mn:pro] "nonrer" → 0 records, 0 words
[w6:mn:pro] "nonrer" branch complete
[w6:mn:pro] Saved 44,506 worker words
[w6:mn:pro] Searching "nonres" | queue=74 | words=44506
[w6:mn:pro] Pacing 15s before "nonres" (gap=15500ms)
[w6:mn:pro] Managed Turnstile token (len=816, 7167ms, remount)
[w6:mn:pro] [api] 200 mode=pro startsWith=nonres
[w6:mn:pro] [api] 200 mode=pro startsWith=nonres (539ms direct)
[w6:mn:pro] "nonres" → 81 records, 81 words
[w6:mn:pro] "nonres" branch complete
[w6:mn:pro] Saved 44,587 worker words
[w6:mn:pro] Searching "nonret" | queue=73 | words=44587
[w6:mn:pro] Pacing 15s before "nonret" (gap=15500ms)
[w6:mn:pro] Managed Turnstile token (len=816, 9643ms, remount)
[w6:mn:pro] [api] 200 mode=pro startsWith=nonret
[w6:mn:pro] [api] 200 mode=pro startsWith=nonret (412ms direct)
[w6:mn:pro] "nonret" → 32 records, 32 words
[w6:mn:pro] "nonret" branch complete
[w6:mn:pro] Saved 44,619 worker words
[w6:mn:pro] Searching "nonreu" | queue=72 | words=44619
[w6:mn:pro] Pacing 16s before "nonreu" (gap=15500ms)
[w6:mn:pro] Managed Turnstile token (len=794, 8828ms, remount)
[w6:mn:pro] heartbeat words=44619 queue=72 rotation=5 idle=14s
[w6:mn:pro] [api] 200 mode=pro startsWith=nonreu
[w6:mn:pro] [api] 200 mode=pro startsWith=nonreu (473ms direct)
[w6:mn:pro] "nonreu" → 2 records, 2 words
[w6:mn:pro] "nonreu" branch complete
[w6:mn:pro] Saved 44,621 worker words
[w6:mn:pro] Searching "nonrev" | queue=71 | words=44621
[w6:mn:pro] Pacing 15s before "nonrev" (gap=15500ms)
[w6:mn:pro] Managed Turnstile token (len=816, 7860ms, remount)
[w6:mn:pro] [api] 200 mode=pro startsWith=nonrev
[w6:mn:pro] [api] 200 mode=pro startsWith=nonrev (393ms direct)
[w6:mn:pro] "nonrev" → 36 records, 36 words
[w6:mn:pro] "nonrev" branch complete
[w6:mn:pro] Saved 44,625 worker words
[w6:mn:pro] Searching "nonrew" | queue=70 | words=44625
[w6:mn:pro] Pacing 16s before "nonrew" (gap=15500ms)
[w6:mn:pro] Managed Turnstile token (len=816, 4289ms, remount)
[w6:mn:pro] [api] 200 mode=pro startsWith=nonrew
[w6:mn:pro] [api] 200 mode=pro startsWith=nonrew (429ms direct)
[w6:mn:pro] "nonrew" → 0 records, 0 words
[w6:mn:pro] "nonrew" branch complete
[w6:mn:pro] Saved 44,625 worker words; shared last.txt now 418,324
[w6:mn:pro] Searching "nonrex" | queue=69 | words=44625
[w6:mn:pro] Pacing 15s before "nonrex" (gap=15500ms)
[w6:mn:pro] Managed Turnstile token (len=816, 4864ms, remount)
[w6:mn:pro] [api] 200 mode=pro startsWith=nonrex
[w6:mn:pro] [api] 200 mode=pro startsWith=nonrex (435ms direct)
[w6:mn:pro] "nonrex" → 0 records, 0 words
[w6:mn:pro] "nonrex" branch complete
[w6:mn:pro] Saved 44,625 worker words
[w6:mn:pro] Searching "nonrey" | queue=68 | words=44625
[w6:mn:pro] Pacing 15s before "nonrey" (gap=15500ms)
[w6:mn:pro] Managed Turnstile token (len=816, 10729ms, remount)
[w6:mn:pro] heartbeat words=44625 queue=68 rotation=5 idle=12s
[w6:mn:pro] [api] 200 mode=pro startsWith=nonrey
[w6:mn:pro] [api] 200 mode=pro startsWith=nonrey (468ms direct)
[w6:mn:pro] "nonrey" → 0 records, 0 words
[w6:mn:pro] "nonrey" branch complete
[w6:mn:pro] Saved 44,625 worker words
[w6:mn:pro] Searching "nonrez" | queue=67 | words=44625
[w6:mn:pro] Pacing 15s before "nonrez" (gap=15500ms)
[w6:mn:pro] Managed Turnstile token (len=794, 4102ms, remount)
[w6:mn:pro] [api] 200 mode=pro startsWith=nonrez
[w6:mn:pro] [api] 200 mode=pro startsWith=nonrez (398ms direct)
[w6:mn:pro] "nonrez" → 0 records, 0 words
[w6:mn:pro] "nonrez" branch complete
[w6:mn:pro] Saved 44,625 worker words
[w6:mn:pro] Searching "nonsex" | queue=66 | words=44625
[w6:mn:pro] Pacing 16s before "nonsex" (gap=15500ms)
[w6:mn:pro] Managed Turnstile token (len=816, 4397ms, remount)
[w6:mn:pro] [api] 200 mode=pro startsWith=nonsex
[w6:mn:pro] [api] 200 mode=pro startsWith=nonsex (406ms direct)
[w6:mn:pro] "nonsex" → 5 records, 5 words
[w6:mn:pro] "nonsex" branch complete
[w6:mn:pro] Saved 44,625 worker words
[w6:mn:pro] Searching "nonsey" | queue=65 | words=44625
[w6:mn:pro] Pacing 15s before "nonsey" (gap=15500ms)
[w6:mn:pro] Managed Turnstile token (len=816, 13987ms, remount)
[w6:mn:pro] [api] 200 mode=pro startsWith=nonsey
[w6:mn:pro] [api] 200 mode=pro startsWith=nonsey (441ms direct)
[w6:mn:pro] "nonsey" → 0 records, 0 words
[w6:mn:pro] "nonsey" branch complete
[w6:mn:pro] Saved 44,625 worker words
[w6:mn:pro] Searching "nonsez" | queue=64 | words=44625
[w6:mn:pro] Pacing 15s before "nonsez" (gap=15500ms)
[w6:mn:pro] heartbeat words=44625 queue=64 rotation=5 idle=10s
[w6:mn:pro] Managed Turnstile token (len=794, 13325ms, remount)
[w6:mn:pro] [api] 200 mode=pro startsWith=nonsez
[w6:mn:pro] [api] 200 mode=pro startsWith=nonsez (432ms direct)
[w6:mn:pro] "nonsez" → 0 records, 0 words
[w6:mn:pro] "nonsez" branch complete
[w6:mn:pro] Saved 44,625 worker words
[w6:mn:pro] Searching "nonsus" | queue=63 | words=44625
[w6:mn:pro] Pacing 15s before "nonsus" (gap=15500ms)
[w6:mn:pro] Managed Turnstile token (len=794, 5986ms, remount)
[w6:mn:pro] [api] 200 mode=pro startsWith=nonsus
[w6:mn:pro] [api] 200 mode=pro startsWith=nonsus (538ms direct)
[w6:mn:pro] "nonsus" → 18 records, 18 words
[w6:mn:pro] "nonsus" branch complete
[w6:mn:pro] Saved 44,625 worker words
[w6:mn:pro] Searching "nonsut" | queue=62 | words=44625
[w6:mn:pro] Pacing 15s before "nonsut" (gap=15500ms)
[w6:mn:pro] Managed Turnstile token (len=794, 4448ms, remount)
[w6:mn:pro] [api] 200 mode=pro startsWith=nonsut
[w6:mn:pro] [api] 200 mode=pro startsWith=nonsut (411ms direct)
[w6:mn:pro] "nonsut" → 0 records, 0 words
[w6:mn:pro] "nonsut" branch complete
[w6:mn:pro] Saved 44,625 worker words; shared last.txt now 418,449
[w6:mn:pro] Searching "nonsuu" | queue=61 | words=44625
[w6:mn:pro] Pacing 15s before "nonsuu" (gap=15500ms)
[w6:mn:pro] Managed Turnstile token (len=794, 5689ms, remount)
[w6:mn:pro] [api] 200 mode=pro startsWith=nonsuu
[w6:mn:pro] [api] 200 mode=pro startsWith=nonsuu (405ms direct)
[w6:mn:pro] "nonsuu" → 0 records, 0 words
[w6:mn:pro] "nonsuu" branch complete
[w6:mn:pro] Saved 44,625 worker words
[w6:mn:pro] Searching "nonsuv" | queue=60 | words=44625
[w6:mn:pro] Pacing 15s before "nonsuv" (gap=15500ms)
[w6:mn:pro] heartbeat words=44625 queue=60 rotation=5 idle=8s
[w6:mn:pro] Managed Turnstile token (len=816, 8380ms, remount)
[w6:mn:pro] [api] 200 mode=pro startsWith=nonsuv
[w6:mn:pro] [api] 200 mode=pro startsWith=nonsuv (604ms direct)
[w6:mn:pro] "nonsuv" → 0 records, 0 words
[w6:mn:pro] "nonsuv" branch complete
[w6:mn:pro] Saved 44,625 worker words
[w6:mn:pro] Searching "nonsuw" | queue=59 | words=44625
[w6:mn:pro] Pacing 15s before "nonsuw" (gap=15500ms)
[w6:mn:pro] Managed Turnstile miss (15120ms)
[w6:mn:pro] Failed "nonsuw" attempt 1: No Turnstile token for direct search
[w6:mn:pro] Saved 44,625 worker words
[w6:mn:pro] Turnstile miss — soft reload before rotate
[w6:mn:pro] Site Turnstile remint timed out (9545ms)
[w6:mn:pro] Soft reload mint failed — rotating immediately
[w6:mn:pro] Tor NEWNYM gen=6; waiting 8000ms
[w6:mn:pro] Tor ready on 19056 exit=192.42.116.98
[w6:mn:pro] Rotating IP (#6, try 1) after No Turnstile token for direct search → tor#7 socks5://127.0.0.1:19056
[w6:mn:pro] Launching persistent Chrome profile /tmp/lll-pw-w6-r6
[w6:mn:pro] Proxy tor#7 socks5://127.0.0.1:19056
[w6:mn:pro] Opening https://lastletterlibrary.com
[w6:mn:pro] Library mode=pro
[w6:mn:pro] heartbeat words=44625 queue=60 rotation=6 idle=52s
[w6:mn:pro] Turnstile token present (len=816)
[w6:mn:pro] Site Turnstile token (19308ms)
[w6:mn:pro] Search mode=direct (skip UI Wait Ns… gate)
[w6:mn:pro] Cleaned 1 old rotated profile(s)
[w6:mn:pro] Searching "nonsuw" | queue=59 | words=44625
[w6:mn:pro] [api] 200 mode=pro startsWith=nonsuw
[w6:mn:pro] [api] 200 mode=pro startsWith=nonsuw (505ms direct)
[w6:mn:pro] "nonsuw" → 0 records, 0 words
[w6:mn:pro] "nonsuw" branch complete
[w6:mn:pro] Saved 44,625 worker words
[w6:mn:pro] Searching "nonsux" | queue=58 | words=44625
[w6:mn:pro] Pacing 15s before "nonsux" (gap=15500ms)
[w6:mn:pro] Managed Turnstile miss (15052ms)
[w6:mn:pro] Failed "nonsux" attempt 1: No Turnstile token for direct search
[w6:mn:pro] Saved 44,625 worker words
[w6:mn:pro] Turnstile miss — soft reload before rotate
[w6:mn:pro] Site Turnstile remint timed out (9474ms)
[w6:mn:pro] Soft reload mint failed — rotating immediately
[w6:mn:pro] Tor NEWNYM gen=7; waiting 8000ms
[w6:mn:pro] Tor ready on 19056 exit=192.42.116.143
[w6:mn:pro] Rotating IP (#7, try 1) after No Turnstile token for direct search → tor#8 socks5://127.0.0.1:19056
[w6:mn:pro] Launching persistent Chrome profile /tmp/lll-pw-w6-r7
[w6:mn:pro] Proxy tor#8 socks5://127.0.0.1:19056
[w6:mn:pro] Opening https://lastletterlibrary.com
[w6:mn:pro] Library mode=pro
[w6:mn:pro] heartbeat words=44625 queue=59 rotation=7 idle=51s
[w6:mn:pro] Turnstile token present (len=816)
[w6:mn:pro] Site Turnstile token (19543ms)
[w6:mn:pro] Search mode=direct (skip UI Wait Ns… gate)
[w6:mn:pro] Cleaned 1 old rotated profile(s)
[w6:mn:pro] Searching "nonsux" | queue=58 | words=44625
[w6:mn:pro] [api] 200 mode=pro startsWith=nonsux
[w6:mn:pro] [api] 200 mode=pro startsWith=nonsux (402ms direct)
[w6:mn:pro] "nonsux" → 0 records, 0 words
[w6:mn:pro] "nonsux" branch complete
[w6:mn:pro] Saved 44,625 worker words
[w6:mn:pro] Searching "nonsuy" | queue=57 | words=44625
[w6:mn:pro] Pacing 16s before "nonsuy" (gap=15500ms)
[w6:mn:pro] Managed Turnstile miss (15112ms)
[w6:mn:pro] Failed "nonsuy" attempt 1: No Turnstile token for direct search
[w6:mn:pro] Saved 44,625 worker words
[w6:mn:pro] Turnstile miss — soft reload before rotate
[w6:mn:pro] Turnstile token present (len=816)
[w6:mn:pro] Site Turnstile token (6762ms)
[w6:mn:pro] Searching "nonsuy" | queue=57 | words=44625
[w6:mn:pro] [api] 200 mode=pro startsWith=nonsuy
[w6:mn:pro] [api] 200 mode=pro startsWith=nonsuy (413ms direct)
[w6:mn:pro] "nonsuy" → 0 records, 0 words
[w6:mn:pro] "nonsuy" branch complete
[w6:mn:pro] Saved 44,625 worker words; shared last.txt now 418,823
[w6:mn:pro] Searching "nonsuz" | queue=56 | words=44625
[w6:mn:pro] Pacing 14s before "nonsuz" (gap=15500ms)
[w6:mn:pro] Managed Turnstile miss (15090ms)
[w6:mn:pro] Failed "nonsuz" attempt 1: No Turnstile token for direct search
[w6:mn:pro] Saved 44,625 worker words
[w6:mn:pro] Turnstile miss — soft reload before rotate
[w6:mn:pro] heartbeat words=44625 queue=57 rotation=7 idle=24s
[w6:mn:pro] Site Turnstile remint timed out (9499ms)
[w6:mn:pro] Soft reload mint failed — rotating immediately
[w6:mn:pro] Tor NEWNYM gen=8; waiting 8000ms
[w6:mn:pro] Tor ready on 19056 exit=45.84.107.198
[w6:mn:pro] Rotating IP (#8, try 1) after No Turnstile token for direct search → tor#9 socks5://127.0.0.1:19056
[w6:mn:pro] Launching persistent Chrome profile /tmp/lll-pw-w6-r8
[w6:mn:pro] Proxy tor#9 socks5://127.0.0.1:19056
[w6:mn:pro] Opening https://lastletterlibrary.com
[w6:mn:pro] Library mode=pro
[w6:mn:pro] Managed Turnstile token (len=816, 6861ms, remount)
[w6:mn:pro] Search mode=direct (skip UI Wait Ns… gate)
[w6:mn:pro] Cleaned 1 old rotated profile(s)
[w6:mn:pro] Searching "nonsuz" | queue=56 | words=44625
[w6:mn:pro] [api] 200 mode=pro startsWith=nonsuz
[w6:mn:pro] [api] 200 mode=pro startsWith=nonsuz (500ms direct)
[w6:mn:pro] "nonsuz" → 0 records, 0 words
[w6:mn:pro] "nonsuz" branch complete
[w6:mn:pro] Saved 44,625 worker words
[w6:mn:pro] Searching "nontru" | queue=55 | words=44625
[w6:mn:pro] Pacing 15s before "nontru" (gap=15500ms)
[w6:mn:pro] Managed Turnstile token (len=816, 3223ms, remount)
[w6:mn:pro] [api] 200 mode=pro startsWith=nontru
[w6:mn:pro] [api] 200 mode=pro startsWith=nontru (458ms direct)
[w6:mn:pro] "nontru" → 8 records, 8 words
[w6:mn:pro] "nontru" branch complete
[w6:mn:pro] Saved 44,625 worker words
[w6:mn:pro] Searching "nontrv" | queue=54 | words=44625
[w6:mn:pro] Pacing 15s before "nontrv" (gap=15500ms)
[w6:mn:pro] Managed Turnstile token (len=816, 3842ms, remount)
[w6:mn:pro] [api] 200 mode=pro startsWith=nontrv
[w6:mn:pro] [api] 200 mode=pro startsWith=nontrv (369ms direct)
[w6:mn:pro] "nontrv" → 0 records, 0 words
[w6:mn:pro] "nontrv" branch complete
[w6:mn:pro] Saved 44,625 worker words
[w6:mn:pro] Searching "nontrw" | queue=53 | words=44625
[w6:mn:pro] Pacing 16s before "nontrw" (gap=15500ms)
[w6:mn:pro] Managed Turnstile token (len=816, 4729ms, remount)
[w6:mn:pro] heartbeat words=44625 queue=53 rotation=8 idle=6s
[w6:mn:pro] [api] 200 mode=pro startsWith=nontrw
[w6:mn:pro] [api] 200 mode=pro startsWith=nontrw (400ms direct)
[w6:mn:pro] "nontrw" → 0 records, 0 words
[w6:mn:pro] "nontrw" branch complete
[w6:mn:pro] Saved 44,625 worker words
[w6:mn:pro] Searching "nontrx" | queue=52 | words=44625
[w6:mn:pro] Pacing 16s before "nontrx" (gap=15500ms)
[w6:mn:pro] Managed Turnstile token (len=816, 4537ms, remount)
[w6:mn:pro] [api] 200 mode=pro startsWith=nontrx
[w6:mn:pro] [api] 200 mode=pro startsWith=nontrx (459ms direct)
[w6:mn:pro] "nontrx" → 0 records, 0 words
[w6:mn:pro] "nontrx" branch complete
[w6:mn:pro] Saved 44,625 worker words
[w6:mn:pro] Searching "nontry" | queue=51 | words=44625
[w6:mn:pro] Pacing 15s before "nontry" (gap=15500ms)
[w6:mn:pro] Managed Turnstile token (len=816, 4442ms, remount)
[w6:mn:pro] [api] 200 mode=pro startsWith=nontry
[w6:mn:pro] [api] 200 mode=pro startsWith=nontry (426ms direct)
[w6:mn:pro] "nontry" → 0 records, 0 words
[w6:mn:pro] "nontry" branch complete
[w6:mn:pro] Saved 44,625 worker words
[w6:mn:pro] Searching "nontrz" | queue=50 | words=44625
[w6:mn:pro] Pacing 15s before "nontrz" (gap=15500ms)
[w6:mn:pro] Managed Turnstile token (len=816, 9860ms, remount)
[w6:mn:pro] [api] 200 mode=pro startsWith=nontrz
[w6:mn:pro] [api] 200 mode=pro startsWith=nontrz (477ms direct)
[w6:mn:pro] "nontrz" → 0 records, 0 words
[w6:mn:pro] "nontrz" branch complete
[w6:mn:pro] Saved 44,625 worker words; shared last.txt now 419,507
[w6:mn:pro] Searching "nucleu" | queue=49 | words=44625
[w6:mn:pro] Pacing 13s before "nucleu" (gap=15500ms)
[w6:mn:pro] heartbeat words=44625 queue=49 rotation=8 idle=2s
[w6:mn:pro] Managed Turnstile token (len=816, 8097ms, remount)
[w6:mn:pro] [api] 200 mode=pro startsWith=nucleu
[w6:mn:pro] [api] 200 mode=pro startsWith=nucleu (541ms direct)
[w6:mn:pro] "nucleu" → 2 records, 2 words
[w6:mn:pro] "nucleu" branch complete
[w6:mn:pro] Saved 44,625 worker words
[w6:mn:pro] Searching "nuclev" | queue=48 | words=44625
[w6:mn:pro] Pacing 15s before "nuclev" (gap=15500ms)
[w6:mn:pro] Managed Turnstile token (len=816, 3013ms, remount)
[w6:mn:pro] [api] 200 mode=pro startsWith=nuclev
[w6:mn:pro] [api] 200 mode=pro startsWith=nuclev (395ms direct)
[w6:mn:pro] "nuclev" → 0 records, 0 words
[w6:mn:pro] "nuclev" branch complete
[w6:mn:pro] Saved 44,625 worker words
[w6:mn:pro] Searching "nuclew" | queue=47 | words=44625
[w6:mn:pro] Pacing 16s before "nuclew" (gap=15500ms)
[w6:mn:pro] Managed Turnstile miss (15064ms)
[w6:mn:pro] Managed Turnstile token (len=816, 3734ms, remount)
[w6:mn:pro] [api] 200 mode=pro startsWith=nuclew
[w6:mn:pro] [api] 200 mode=pro startsWith=nuclew (383ms direct)
[w6:mn:pro] "nuclew" → 0 records, 0 words
[w6:mn:pro] "nuclew" branch complete
[w6:mn:pro] Saved 44,625 worker words
[w6:mn:pro] Searching "nuclex" | queue=46 | words=44625
[w6:mn:pro] Pacing 16s before "nuclex" (gap=15500ms)
[w6:mn:pro] Managed Turnstile token (len=816, 4004ms, remount)
[w6:mn:pro] heartbeat words=44625 queue=46 rotation=8 idle=14s
[w6:mn:pro] [api] 200 mode=pro startsWith=nuclex
[w6:mn:pro] [api] 200 mode=pro startsWith=nuclex (430ms direct)
[w6:mn:pro] "nuclex" → 0 records, 0 words
[w6:mn:pro] "nuclex" branch complete
[w6:mn:pro] Saved 44,625 worker words
[w6:mn:pro] Searching "nucley" | queue=45 | words=44625
[w6:mn:pro] Pacing 15s before "nucley" (gap=15500ms)
[w6:mn:pro] Managed Turnstile token (len=816, 3909ms, remount)
[w6:mn:pro] [api] 200 mode=pro startsWith=nucley
[w6:mn:pro] [api] 200 mode=pro startsWith=nucley (392ms direct)
[w6:mn:pro] "nucley" → 0 records, 0 words
[w6:mn:pro] "nucley" branch complete
[w6:mn:pro] Saved 44,625 worker words
[w6:mn:pro] Searching "nuclez" | queue=44 | words=44625
[w6:mn:pro] Pacing 16s before "nuclez" (gap=15500ms)
[w6:mn:pro] Managed Turnstile token (len=816, 4408ms, remount)
[w6:mn:pro] [api] 200 mode=pro startsWith=nuclez
[w6:mn:pro] [api] 200 mode=pro startsWith=nuclez (391ms direct)
[w6:mn:pro] "nuclez" → 0 records, 0 words
[w6:mn:pro] "nuclez" branch complete
[w6:mn:pro] Saved 44,625 worker words
[w6:mn:pro] Searching "noncoms" | queue=43 | words=44625
[w6:mn:pro] Pacing 15s before "noncoms" (gap=15500ms)
[w6:mn:pro] Managed Turnstile token (len=816, 8100ms, remount)
[w6:mn:pro] [api] 200 mode=pro startsWith=noncoms
[w6:mn:pro] [api] 200 mode=pro startsWith=noncoms (394ms direct)
[w6:mn:pro] "noncoms" → 1 records, 1 words (incl. exact "noncoms")
[w6:mn:pro] "noncoms" branch complete
[w6:mn:pro] Saved 44,625 worker words
[w6:mn:pro] Searching "noncomt" | queue=42 | words=44625
[w6:mn:pro] Pacing 16s before "noncomt" (gap=15500ms)
[w6:mn:pro] Managed Turnstile token (len=816, 5018ms, remount)
[w6:mn:pro] heartbeat words=44625 queue=42 rotation=8 idle=12s
[w6:mn:pro] [api] 200 mode=pro startsWith=noncomt
[w6:mn:pro] [api] 200 mode=pro startsWith=noncomt (395ms direct)
[w6:mn:pro] "noncomt" → 0 records, 0 words
[w6:mn:pro] "noncomt" branch complete
[w6:mn:pro] Saved 44,625 worker words; shared last.txt now 420,546
[w6:mn:pro] Searching "noncomu" | queue=41 | words=44625
[w6:mn:pro] Pacing 13s before "noncomu" (gap=15500ms)
[w6:mn:pro] Managed Turnstile token (len=816, 11388ms, remount)
[w6:mn:pro] [api] 200 mode=pro startsWith=noncomu
[w6:mn:pro] [api] 200 mode=pro startsWith=noncomu (996ms direct)
[w6:mn:pro] "noncomu" → 0 records, 0 words
[w6:mn:pro] "noncomu" branch complete
[w6:mn:pro] Saved 44,625 worker words
[w6:mn:pro] Searching "noncomv" | queue=40 | words=44625
[w6:mn:pro] Pacing 15s before "noncomv" (gap=15500ms)
[w6:mn:pro] Managed Turnstile token (len=816, 6980ms, remount)
[w6:mn:pro] [api] 200 mode=pro startsWith=noncomv
[w6:mn:pro] [api] 200 mode=pro startsWith=noncomv (389ms direct)
[w6:mn:pro] "noncomv" → 0 records, 0 words
[w6:mn:pro] "noncomv" branch complete
[w6:mn:pro] Saved 44,625 worker words
[w6:mn:pro] Searching "noncomw" | queue=39 | words=44625
[w6:mn:pro] Pacing 15s before "noncomw" (gap=15500ms)
[w6:mn:pro] Managed Turnstile token (len=816, 13434ms, remount)
[w6:mn:pro] [api] 200 mode=pro startsWith=noncomw
[w6:mn:pro] [api] 200 mode=pro startsWith=noncomw (474ms direct)
[w6:mn:pro] "noncomw" → 0 records, 0 words
[w6:mn:pro] "noncomw" branch complete
[w6:mn:pro] Saved 44,625 worker words
[w6:mn:pro] Searching "noncomx" | queue=38 | words=44625
[w6:mn:pro] Pacing 15s before "noncomx" (gap=15500ms)
[w6:mn:pro] Managed Turnstile token (len=816, 3852ms, remount)
[w6:mn:pro] heartbeat words=44625 queue=38 rotation=8 idle=9s
[w6:mn:pro] [api] 200 mode=pro startsWith=noncomx
[w6:mn:pro] [api] 200 mode=pro startsWith=noncomx (371ms direct)
[w6:mn:pro] "noncomx" → 0 records, 0 words
[w6:mn:pro] "noncomx" branch complete
[w6:mn:pro] Saved 44,625 worker words
[w6:mn:pro] Searching "noncomy" | queue=37 | words=44625
[w6:mn:pro] Pacing 16s before "noncomy" (gap=15500ms)
[w6:mn:pro] Managed Turnstile token (len=816, 3949ms, remount)
[w6:mn:pro] [api] 200 mode=pro startsWith=noncomy
[w6:mn:pro] [api] 200 mode=pro startsWith=noncomy (440ms direct)
[w6:mn:pro] "noncomy" → 0 records, 0 words
[w6:mn:pro] "noncomy" branch complete
[w6:mn:pro] Saved 44,625 worker words
[w6:mn:pro] Searching "noncomz" | queue=36 | words=44625
[w6:mn:pro] Pacing 15s before "noncomz" (gap=15500ms)
[w6:mn:pro] Managed Turnstile token (len=816, 3692ms, remount)
[w6:mn:pro] [api] 200 mode=pro startsWith=noncomz
[w6:mn:pro] [api] 200 mode=pro startsWith=noncomz (540ms direct)
[w6:mn:pro] "noncomz" → 0 records, 0 words
[w6:mn:pro] "noncomz" branch complete
[w6:mn:pro] Saved 44,625 worker words
[w6:mn:pro] Searching "nonconf" | queue=35 | words=44625
[w6:mn:pro] Pacing 15s before "nonconf" (gap=15500ms)
[w6:mn:pro] Managed Turnstile token (len=816, 8654ms, remount)
[w6:mn:pro] [api] 200 mode=pro startsWith=nonconf
[w6:mn:pro] [api] 200 mode=pro startsWith=nonconf (420ms direct)
[w6:mn:pro] "nonconf" → 57 records, 57 words
[w6:mn:pro] "nonconf" branch complete
[w6:mn:pro] Saved 44,650 worker words
[w6:mn:pro] Searching "noncong" | queue=34 | words=44650
[w6:mn:pro] Pacing 15s before "noncong" (gap=15500ms)
[w6:mn:pro] Managed Turnstile token (len=816, 4352ms, remount)
[w6:mn:pro] heartbeat words=44650 queue=34 rotation=8 idle=7s
[w6:mn:pro] [api] 200 mode=pro startsWith=noncong
[w6:mn:pro] [api] 200 mode=pro startsWith=noncong (477ms direct)
[w6:mn:pro] "noncong" → 15 records, 15 words
[w6:mn:pro] "noncong" branch complete
[w6:mn:pro] Saved 44,665 worker words; shared last.txt now 421,161
[w6:mn:pro] Searching "nonconh" | queue=33 | words=44665
[w6:mn:pro] Pacing 15s before "nonconh" (gap=15500ms)
[w6:mn:pro] Managed Turnstile token (len=816, 4311ms, remount)
[w6:mn:pro] [api] 200 mode=pro startsWith=nonconh
[w6:mn:pro] [api] 200 mode=pro startsWith=nonconh (373ms direct)
[w6:mn:pro] "nonconh" → 0 records, 0 words
[w6:mn:pro] "nonconh" branch complete
[w6:mn:pro] Saved 44,665 worker words
[w6:mn:pro] Searching "nonconi" | queue=32 | words=44665
[w6:mn:pro] Pacing 15s before "nonconi" (gap=15500ms)
[w6:mn:pro] Managed Turnstile token (len=816, 3907ms, remount)
[w6:mn:pro] [api] 200 mode=pro startsWith=nonconi
[w6:mn:pro] [api] 200 mode=pro startsWith=nonconi (398ms direct)
[w6:mn:pro] "nonconi" → 0 records, 0 words
[w6:mn:pro] "nonconi" branch complete
[w6:mn:pro] Saved 44,665 worker words
[w6:mn:pro] Searching "nonconj" | queue=31 | words=44665
[w6:mn:pro] Pacing 16s before "nonconj" (gap=15500ms)
[w6:mn:pro] Managed Turnstile miss (15045ms)
[w6:mn:pro] Managed Turnstile token (len=816, 4675ms, remount)
[w6:mn:pro] [api] 200 mode=pro startsWith=nonconj
[w6:mn:pro] [api] 200 mode=pro startsWith=nonconj (396ms direct)
[w6:mn:pro] "nonconj" → 13 records, 13 words
[w6:mn:pro] "nonconj" branch complete
[w6:mn:pro] Saved 44,678 worker words
[w6:mn:pro] Searching "nonconk" | queue=30 | words=44678
[w6:mn:pro] Pacing 15s before "nonconk" (gap=15500ms)
[w6:mn:pro] heartbeat words=44678 queue=30 rotation=8 idle=1s
[w6:mn:pro] Managed Turnstile token (len=816, 11075ms, remount)
[w6:mn:pro] [api] 200 mode=pro startsWith=nonconk
[w6:mn:pro] [api] 200 mode=pro startsWith=nonconk (386ms direct)
[w6:mn:pro] "nonconk" → 0 records, 0 words
[w6:mn:pro] "nonconk" branch complete
[w6:mn:pro] Saved 44,678 worker words
[w6:mn:pro] Searching "nonconl" | queue=29 | words=44678
[w6:mn:pro] Pacing 16s before "nonconl" (gap=15500ms)
[w6:mn:pro] Managed Turnstile token (len=816, 3380ms, remount)
[w6:mn:pro] [api] 200 mode=pro startsWith=nonconl
[w6:mn:pro] [api] 200 mode=pro startsWith=nonconl (396ms direct)
[w6:mn:pro] "nonconl" → 0 records, 0 words
[w6:mn:pro] "nonconl" branch complete
[w6:mn:pro] Saved 44,678 worker words
[w6:mn:pro] Searching "nonconm" | queue=28 | words=44678
[w6:mn:pro] Pacing 15s before "nonconm" (gap=15500ms)
[w6:mn:pro] Managed Turnstile token (len=816, 6444ms, remount)
[w6:mn:pro] [api] 200 mode=pro startsWith=nonconm
[w6:mn:pro] [api] 200 mode=pro startsWith=nonconm (391ms direct)
[w6:mn:pro] "nonconm" → 0 records, 0 words
[w6:mn:pro] "nonconm" branch complete
[w6:mn:pro] Saved 44,678 worker words
[w6:mn:pro] Searching "nonconn" | queue=27 | words=44678
[w6:mn:pro] Pacing 16s before "nonconn" (gap=15500ms)
[w6:mn:pro] Managed Turnstile token (len=816, 5598ms, remount)
[w6:mn:pro] heartbeat words=44678 queue=27 rotation=8 idle=14s
[w6:mn:pro] [api] 200 mode=pro startsWith=nonconn
[w6:mn:pro] [api] 200 mode=pro startsWith=nonconn (623ms direct)
[w6:mn:pro] "nonconn" → 12 records, 12 words
[w6:mn:pro] "nonconn" branch complete
[w6:mn:pro] Saved 44,690 worker words
[w6:mn:pro] Searching "noncono" | queue=26 | words=44690
[w6:mn:pro] Pacing 15s before "noncono" (gap=15500ms)
[w6:mn:pro] Managed Turnstile token (len=816, 5581ms, remount)
[w6:mn:pro] [api] 200 mode=pro startsWith=noncono
[w6:mn:pro] [api] 200 mode=pro startsWith=noncono (395ms direct)
[w6:mn:pro] "noncono" → 0 records, 0 words
[w6:mn:pro] "noncono" branch complete
[w6:mn:pro] Saved 44,690 worker words; shared last.txt now 422,124
[w6:mn:pro] Searching "nonconp" | queue=25 | words=44690
[w6:mn:pro] Pacing 15s before "nonconp" (gap=15500ms)
[w6:mn:pro] Managed Turnstile token (len=816, 5203ms, remount)
[w6:mn:pro] [api] 200 mode=pro startsWith=nonconp
[w6:mn:pro] [api] 200 mode=pro startsWith=nonconp (533ms direct)
[w6:mn:pro] "nonconp" → 0 records, 0 words
[w6:mn:pro] "nonconp" branch complete
[w6:mn:pro] Saved 44,690 worker words
[w6:mn:pro] Searching "nonconq" | queue=24 | words=44690
[w6:mn:pro] Pacing 15s before "nonconq" (gap=15500ms)
[w6:mn:pro] Managed Turnstile token (len=816, 13540ms, remount)
[w6:mn:pro] [api] 200 mode=pro startsWith=nonconq
[w6:mn:pro] [api] 200 mode=pro startsWith=nonconq (467ms direct)
[w6:mn:pro] "nonconq" → 0 records, 0 words
[w6:mn:pro] "nonconq" branch complete
[w6:mn:pro] Saved 44,690 worker words
[w6:mn:pro] Searching "nonconr" | queue=23 | words=44690
[w6:mn:pro] Pacing 15s before "nonconr" (gap=15500ms)
[w6:mn:pro] heartbeat words=44690 queue=23 rotation=8 idle=12s
[w6:mn:pro] Managed Turnstile token (len=816, 13225ms, remount)
[w6:mn:pro] [api] 200 mode=pro startsWith=nonconr
[w6:mn:pro] [api] 200 mode=pro startsWith=nonconr (573ms direct)
[w6:mn:pro] "nonconr" → 0 records, 0 words
[w6:mn:pro] "nonconr" branch complete
[w6:mn:pro] Saved 44,690 worker words
[w6:mn:pro] Searching "noncons" | queue=22 | words=44690
[w6:mn:pro] Pacing 15s before "noncons" (gap=15500ms)
[w6:mn:pro] Managed Turnstile token (len=816, 5231ms, remount)
[w6:mn:pro] [api] 200 mode=pro startsWith=noncons
[w6:mn:pro] [api] 200 mode=pro startsWith=noncons (387ms direct)
[w6:mn:pro] "noncons" → 71 records, 71 words
[w6:mn:pro] "noncons" branch complete
[w6:mn:pro] Saved 44,761 worker words
[w6:mn:pro] Searching "noncont" | queue=21 | words=44761
[w6:mn:pro] Pacing 16s before "noncont" (gap=15500ms)
[w6:mn:pro] Managed Turnstile token (len=816, 3890ms, remount)
[w6:mn:pro] [api] 200 mode=pro startsWith=noncont
[w6:mn:pro] [api] 200 mode=pro startsWith=noncont (400ms direct)
[w6:mn:pro] "noncont" → 89 records, 89 words
[w6:mn:pro] "noncont" branch complete
[w6:mn:pro] Saved 44,850 worker words
[w6:mn:pro] Searching "nonconu" | queue=20 | words=44850
[w6:mn:pro] Pacing 16s before "nonconu" (gap=15500ms)
[w6:mn:pro] Managed Turnstile token (len=816, 3600ms, remount)
[w6:mn:pro] [api] 200 mode=pro startsWith=nonconu
[w6:mn:pro] [api] 200 mode=pro startsWith=nonconu (456ms direct)
[w6:mn:pro] "nonconu" → 0 records, 0 words
[w6:mn:pro] "nonconu" branch complete
[w6:mn:pro] Saved 44,850 worker words
[w6:mn:pro] Searching "nonconv" | queue=19 | words=44850
[w6:mn:pro] Pacing 16s before "nonconv" (gap=15500ms)
[w6:mn:pro] Managed Turnstile token (len=816, 2969ms, remount)
[w6:mn:pro] heartbeat words=44850 queue=19 rotation=8 idle=10s
[w6:mn:pro] [api] 200 mode=pro startsWith=nonconv
[w6:mn:pro] [api] 200 mode=pro startsWith=nonconv (397ms direct)
[w6:mn:pro] "nonconv" → 29 records, 29 words
[w6:mn:pro] "nonconv" branch complete
[w6:mn:pro] Saved 44,858 worker words
[w6:mn:pro] Searching "nonconw" | queue=18 | words=44858
[w6:mn:pro] Pacing 16s before "nonconw" (gap=15500ms)
[w6:mn:pro] Managed Turnstile token (len=816, 3858ms, remount)
[w6:mn:pro] [api] 200 mode=pro startsWith=nonconw
[w6:mn:pro] [api] 200 mode=pro startsWith=nonconw (401ms direct)
[w6:mn:pro] "nonconw" → 0 records, 0 words
[w6:mn:pro] "nonconw" branch complete
[w6:mn:pro] Saved 44,858 worker words; shared last.txt now 422,421
[w6:mn:pro] Searching "nonconx" | queue=17 | words=44858
[w6:mn:pro] Pacing 15s before "nonconx" (gap=15500ms)
[w6:mn:pro] Managed Turnstile token (len=816, 4017ms, remount)
[w6:mn:pro] [api] 200 mode=pro startsWith=nonconx
[w6:mn:pro] [api] 200 mode=pro startsWith=nonconx (539ms direct)
[w6:mn:pro] "nonconx" → 0 records, 0 words
[w6:mn:pro] "nonconx" branch complete
[w6:mn:pro] Saved 44,858 worker words
[w6:mn:pro] Searching "noncony" | queue=16 | words=44858
[w6:mn:pro] Pacing 15s before "noncony" (gap=15500ms)
[w6:mn:pro] Managed Turnstile token (len=816, 3739ms, remount)
[w6:mn:pro] [api] 200 mode=pro startsWith=noncony
[w6:mn:pro] [api] 200 mode=pro startsWith=noncony (441ms direct)
[w6:mn:pro] "noncony" → 0 records, 0 words
[w6:mn:pro] "noncony" branch complete
[w6:mn:pro] Saved 44,858 worker words
[w6:mn:pro] Searching "nonconz" | queue=15 | words=44858
[w6:mn:pro] Pacing 15s before "nonconz" (gap=15500ms)
[w6:mn:pro] heartbeat words=44858 queue=15 rotation=8 idle=8s
[w6:mn:pro] Managed Turnstile token (len=816, 8529ms, remount)
[w6:mn:pro] [api] 200 mode=pro startsWith=nonconz
[w6:mn:pro] [api] 200 mode=pro startsWith=nonconz (384ms direct)
[w6:mn:pro] "nonconz" → 0 records, 0 words
[w6:mn:pro] "nonconz" branch complete
[w6:mn:pro] Saved 44,858 worker words
[w6:mn:pro] Searching "nondist" | queue=14 | words=44858
[w6:mn:pro] Pacing 16s before "nondist" (gap=15500ms)
[w6:mn:pro] Managed Turnstile token (len=816, 3709ms, remount)
[w6:mn:pro] [api] 200 mode=pro startsWith=nondist
[w6:mn:pro] [api] 200 mode=pro startsWith=nondist (403ms direct)
[w6:mn:pro] "nondist" → 28 records, 28 words
[w6:mn:pro] "nondist" branch complete
[w6:mn:pro] Saved 44,858 worker words
[w6:mn:pro] Searching "nondisu" | queue=13 | words=44858
[w6:mn:pro] Pacing 16s before "nondisu" (gap=15500ms)
[w6:mn:pro] Managed Turnstile token (len=816, 3384ms, remount)
[w6:mn:pro] [api] 200 mode=pro startsWith=nondisu
[w6:mn:pro] [api] 200 mode=pro startsWith=nondisu (463ms direct)
[w6:mn:pro] "nondisu" → 0 records, 0 words
[w6:mn:pro] "nondisu" branch complete
[w6:mn:pro] Saved 44,858 worker words
[w6:mn:pro] Searching "nondisv" | queue=12 | words=44858
[w6:mn:pro] Pacing 15s before "nondisv" (gap=15500ms)
[w6:mn:pro] Managed Turnstile token (len=816, 3865ms, remount)
[w6:mn:pro] [api] 200 mode=pro startsWith=nondisv
[w6:mn:pro] [api] 200 mode=pro startsWith=nondisv (378ms direct)
[w6:mn:pro] "nondisv" → 0 records, 0 words
[w6:mn:pro] "nondisv" branch complete
[w6:mn:pro] Saved 44,858 worker words
[w6:mn:pro] Searching "nondisw" | queue=11 | words=44858
[w6:mn:pro] Pacing 16s before "nondisw" (gap=15500ms)
[w6:mn:pro] Managed Turnstile token (len=816, 3233ms, remount)
[w6:mn:pro] heartbeat words=44858 queue=11 rotation=8 idle=6s
[w6:mn:pro] [api] 200 mode=pro startsWith=nondisw
[w6:mn:pro] [api] 200 mode=pro startsWith=nondisw (418ms direct)
[w6:mn:pro] "nondisw" → 0 records, 0 words
[w6:mn:pro] "nondisw" branch complete
[w6:mn:pro] Saved 44,858 worker words
[w6:mn:pro] Searching "nondisx" | queue=10 | words=44858
[w6:mn:pro] Pacing 15s before "nondisx" (gap=15500ms)
[w6:mn:pro] Managed Turnstile token (len=816, 9853ms, remount)
[w6:mn:pro] [api] 200 mode=pro startsWith=nondisx
[w6:mn:pro] [api] 200 mode=pro startsWith=nondisx (396ms direct)
[w6:mn:pro] "nondisx" → 0 records, 0 words
[w6:mn:pro] "nondisx" branch complete
[w6:mn:pro] Saved 44,858 worker words; shared last.txt now 422,458
[w6:mn:pro] Searching "nondisy" | queue=9 | words=44858
[w6:mn:pro] Pacing 13s before "nondisy" (gap=15500ms)
[w6:mn:pro] Managed Turnstile token (len=816, 13856ms, remount)
[w6:mn:pro] [api] 200 mode=pro startsWith=nondisy
[w6:mn:pro] [api] 200 mode=pro startsWith=nondisy (634ms direct)
[w6:mn:pro] "nondisy" → 0 records, 0 words
[w6:mn:pro] "nondisy" branch complete
[w6:mn:pro] Saved 44,858 worker words
[w6:mn:pro] Searching "nondisz" | queue=8 | words=44858
[w6:mn:pro] Pacing 15s before "nondisz" (gap=15500ms)
[w6:mn:pro] Managed Turnstile token (len=816, 12502ms, remount)
[w6:mn:pro] [api] 200 mode=pro startsWith=nondisz
[w6:mn:pro] [api] 200 mode=pro startsWith=nondisz (428ms direct)
[w6:mn:pro] "nondisz" → 0 records, 0 words
[w6:mn:pro] "nondisz" branch complete
[w6:mn:pro] Saved 44,858 worker words
[w6:mn:pro] Searching "nonperv" | queue=7 | words=44858
[w6:mn:pro] Pacing 15s before "nonperv" (gap=15500ms)
[w6:mn:pro] heartbeat words=44858 queue=7 rotation=8 idle=4s
[w6:mn:pro] Managed Turnstile token (len=816, 4882ms, remount)
[w6:mn:pro] [api] 200 mode=pro startsWith=nonperv
[w6:mn:pro] [api] 200 mode=pro startsWith=nonperv (396ms direct)
[w6:mn:pro] "nonperv" → 10 records, 10 words
[w6:mn:pro] "nonperv" branch complete
[w6:mn:pro] Saved 44,858 worker words
[w6:mn:pro] Searching "nonperw" | queue=6 | words=44858
[w6:mn:pro] Pacing 16s before "nonperw" (gap=15500ms)
[w6:mn:pro] Managed Turnstile token (len=816, 3447ms, remount)
[w6:mn:pro] [api] 200 mode=pro startsWith=nonperw
[w6:mn:pro] [api] 200 mode=pro startsWith=nonperw (577ms direct)
[w6:mn:pro] "nonperw" → 0 records, 0 words
[w6:mn:pro] "nonperw" branch complete
[w6:mn:pro] Saved 44,858 worker words
[w6:mn:pro] Searching "nonperx" | queue=5 | words=44858
[w6:mn:pro] Pacing 15s before "nonperx" (gap=15500ms)
[w6:mn:pro] Managed Turnstile token (len=816, 3854ms, remount)
[w6:mn:pro] [api] 200 mode=pro startsWith=nonperx
[w6:mn:pro] [api] 200 mode=pro startsWith=nonperx (496ms direct)
[w6:mn:pro] "nonperx" → 0 records, 0 words
[w6:mn:pro] "nonperx" branch complete
[w6:mn:pro] Saved 44,858 worker words
[w6:mn:pro] Searching "nonpery" | queue=4 | words=44858
[w6:mn:pro] Pacing 15s before "nonpery" (gap=15500ms)
[w6:mn:pro] Managed Turnstile token (len=816, 2933ms, remount)
[w6:mn:pro] [api] 200 mode=pro startsWith=nonpery
[w6:mn:pro] [api] 200 mode=pro startsWith=nonpery (393ms direct)
[w6:mn:pro] "nonpery" → 0 records, 0 words
[w6:mn:pro] "nonpery" branch complete
[w6:mn:pro] Saved 44,858 worker words
[w6:mn:pro] Searching "nonperz" | queue=3 | words=44858
[w6:mn:pro] Pacing 16s before "nonperz" (gap=15500ms)
[w6:mn:pro] heartbeat words=44858 queue=3 rotation=8 idle=2s
[w6:mn:pro] Managed Turnstile token (len=816, 3293ms, remount)
[w6:mn:pro] [api] 200 mode=pro startsWith=nonperz
[w6:mn:pro] [api] 200 mode=pro startsWith=nonperz (389ms direct)
[w6:mn:pro] "nonperz" → 0 records, 0 words
[w6:mn:pro] "nonperz" branch complete
[w6:mn:pro] Saved 44,858 worker words
[w6:mn:pro] Searching "nonprox" | queue=2 | words=44858
[w6:mn:pro] Pacing 16s before "nonprox" (gap=15500ms)
[w6:mn:pro] Managed Turnstile token (len=816, 3351ms, remount)
[w6:mn:pro] [api] 200 mode=pro startsWith=nonprox
[w6:mn:pro] [api] 200 mode=pro startsWith=nonprox (446ms direct)
[w6:mn:pro] "nonprox" → 1 records, 1 words
[w6:mn:pro] "nonprox" branch complete
[w6:mn:pro] Saved 44,858 worker words; shared last.txt now 422,478
[w6:mn:pro] Searching "nonproy" | queue=1 | words=44858
[w6:mn:pro] Pacing 15s before "nonproy" (gap=15500ms)
[w6:mn:pro] Managed Turnstile token (len=816, 4121ms, remount)
[w6:mn:pro] [api] 200 mode=pro startsWith=nonproy
[w6:mn:pro] [api] 200 mode=pro startsWith=nonproy (418ms direct)
[w6:mn:pro] "nonproy" → 0 records, 0 words
[w6:mn:pro] "nonproy" branch complete
[w6:mn:pro] Saved 44,858 worker words
[w6:mn:pro] Searching "nonproz" | queue=0 | words=44858
[w6:mn:pro] Pacing 15s before "nonproz" (gap=15500ms)
[w6:mn:pro] Managed Turnstile miss (15119ms)
[w6:mn:pro] Failed "nonproz" attempt 1: No Turnstile token for direct search
[w6:mn:pro] Saved 44,858 worker words
[w6:mn:pro] Turnstile miss — soft reload before rotate
[w6:mn:pro] heartbeat words=44858 queue=1 rotation=8 idle=15s
[w6:mn:pro] Managed Turnstile token (len=816, 4047ms, remount)
[w6:mn:pro] Searching "nonproz" | queue=0 | words=44858
[w6:mn:pro] [api] 200 mode=pro startsWith=nonproz
[w6:mn:pro] [api] 200 mode=pro startsWith=nonproz (461ms direct)
[w6:mn:pro] "nonproz" → 0 records, 0 words
[w6:mn:pro] "nonproz" branch complete
[w6:mn:pro] Saved 44,858 worker words
[w6:mn:pro] Saved 44,858 worker words
[w6:mn:pro] Worker done. prefixes=5544 words=44858
[w6:mn:pro] Managed Turnstile miss (68ms)
[w6:mn:pro] Tor exited code=0
