[w0:ab:pro] IP mode=tor
[w0:ab:pro] Cleaned 1 old rotated profile(s)
[w0:ab:pro] Starting Tor gen=1 socks=127.0.0.1:19050 (try 1)
[w0:ab:pro] tor: Aug 05 08:51:34.646 [notice] Opened Socks listener connection (ready) on 127.0.0.1:19050
Aug 05 08:51:34.646 [warn] Fixing permissions on directory /tmp/lll-tor
[w0:ab:pro] tor: Aug 05 08:51:34.000 [notice] Bootstrapped 0% (starting): Starting
[w0:ab:pro] tor: Aug 05 08:51:35.000 [notice] Bootstrapped 5% (conn): Connecting to a relay
[w0:ab:pro] tor: Aug 05 08:51:35.000 [notice] Bootstrapped 10% (conn_done): Connected to a relay
[w0:ab:pro] tor: Aug 05 08:51:37.000 [notice] Bootstrapped 14% (handshake): Handshaking with a relay
[w0:ab:pro] tor: Aug 05 08:51:37.000 [notice] Bootstrapped 15% (handshake_done): Handshake with a relay done
Aug 05 08:51:37.000 [notice] Bootstrapped 20% (onehop_create): Estab
[w0:ab:pro] tor: Aug 05 08:51:38.000 [notice] Bootstrapped 25% (requesting_status): Asking for networkstatus consensus
[w0:ab:pro] tor: Aug 05 08:51:38.000 [notice] Bootstrapped 30% (loading_status): Loading networkstatus consensus
[w0:ab:pro] tor: Aug 05 08:51:40.000 [notice] Bootstrapped 40% (loading_keys): Loading authority key certs
[w0:ab:pro] tor: Aug 05 08:51:40.000 [notice] Bootstrapped 45% (requesting_descriptors): Asking for relay descriptors
Aug 05 08:51:40.000 [notice] I learned some more directory 
[w0:ab:pro] tor: Aug 05 08:51:41.000 [notice] Bootstrapped 50% (loading_descriptors): Loading relay descriptors
[w0:ab:pro] tor: Aug 05 08:51:45.000 [notice] Bootstrapped 55% (loading_descriptors): Loading relay descriptors
[w0:ab:pro] tor: Aug 05 08:51:48.000 [notice] Bootstrapped 61% (loading_descriptors): Loading relay descriptors
[w0:ab:pro] tor: Aug 05 08:51:48.000 [notice] Bootstrapped 67% (loading_descriptors): Loading relay descriptors
[w0:ab:pro] tor: Aug 05 08:51:48.000 [notice] Bootstrapped 75% (enough_dirinfo): Loaded enough directory info to build circuits
[w0:ab:pro] tor: Aug 05 08:51:48.000 [notice] Bootstrapped 90% (ap_handshake_done): Handshake finished with a relay to build circuits
Aug 05 08:51:48.000 [notice] Bootstrapped 9
[w0:ab:pro] tor: Aug 05 08:51:49.000 [notice] Bootstrapped 100% (done): Done
[w0:ab:pro] Tor ready on 19050 exit=109.70.100.2
[w0:ab:pro] Launching persistent Chrome profile /tmp/lll-pw-w0-r0
[w0:ab:pro] Proxy tor#1 socks5://127.0.0.1:19050
[w0:ab:pro] Opening https://lastletterlibrary.com
[w0:ab:pro] Library mode=pro
[w0:ab:pro] Site Turnstile remint timed out (22959ms)
[w0:ab:pro] Search mode=direct (skip UI Wait Ns… gate)
[w0:ab:pro] Browser exit IP=104.244.73.190 (unique)
[w0:ab:pro] Loaded 2631 prefixes, 24263 words; queue=228
[w0:ab:pro] Searching "allex" | queue=227 | words=24263
[w0:ab:pro] Site Turnstile remint timed out (22688ms)
[w0:ab:pro] Managed Turnstile token (len=837, 7335ms, remount)
[w0:ab:pro] Turnstile token present (len=837)
[w0:ab:pro] Site Turnstile token (19779ms)
[w0:ab:pro] [api] 200 mode=pro startsWith=allex
[w0:ab:pro] [api] 200 mode=pro startsWith=allex (656ms direct)
[w0:ab:pro] "allex" → 0 records, 0 words
[w0:ab:pro] "allex" branch complete
[w0:ab:pro] Saved 24,263 worker words
[w0:ab:pro] Searching "alley" | queue=226 | words=24263
[w0:ab:pro] Pacing 15s before "alley" (gap=15500ms)
[w0:ab:pro] [api] 403 mode=pro startsWith=alley
[w0:ab:pro] [api] 403 mode=pro startsWith=alley (3494ms direct)
[w0:ab:pro] Failed "alley" attempt 1: API 403 for "alley": Anti-bot verification failed. Please refresh the page.
[w0:ab:pro] Saved 24,263 worker words
[w0:ab:pro] Tor exited code=0
[w0:ab:pro] Starting Tor gen=2 socks=127.0.0.1:19050 (try 1)
[w0:ab:pro] tor: Aug 05 08:53:26.065 [notice] Opened Socks listener connection (ready) on 127.0.0.1:19050
Aug 05 08:53:26.065 [warn] Fixing permissions on directory /tmp/lll-tor
[w0:ab:pro] tor: Aug 05 08:53:26.000 [notice] Bootstrapped 0% (starting): Starting
[w0:ab:pro] tor: Aug 05 08:53:27.000 [notice] Bootstrapped 5% (conn): Connecting to a relay
[w0:ab:pro] tor: Aug 05 08:53:27.000 [notice] Bootstrapped 10% (conn_done): Connected to a relay
[w0:ab:pro] heartbeat words=24263 queue=227 rotation=1 idle=1s
[w0:ab:pro] tor: Aug 05 08:53:28.000 [notice] Bootstrapped 14% (handshake): Handshaking with a relay
[w0:ab:pro] tor: Aug 05 08:53:29.000 [notice] Bootstrapped 15% (handshake_done): Handshake with a relay done
[w0:ab:pro] tor: Aug 05 08:53:29.000 [notice] Bootstrapped 20% (onehop_create): Establishing an encrypted directory connection
[w0:ab:pro] tor: Aug 05 08:53:29.000 [notice] Bootstrapped 25% (requesting_status): Asking for networkstatus consensus
[w0:ab:pro] tor: Aug 05 08:53:29.000 [notice] Bootstrapped 30% (loading_status): Loading networkstatus consensus
[w0:ab:pro] tor: Aug 05 08:53:30.000 [notice] Bootstrapped 40% (loading_keys): Loading authority key certs
[w0:ab:pro] tor: Aug 05 08:53:30.000 [notice] Bootstrapped 45% (requesting_descriptors): Asking for relay descriptors
Aug 05 08:53:30.000 [notice] I learned some more directory 
[w0:ab:pro] tor: Aug 05 08:53:31.000 [notice] Bootstrapped 50% (loading_descriptors): Loading relay descriptors
[w0:ab:pro] tor: Aug 05 08:53:36.000 [notice] Bootstrapped 55% (loading_descriptors): Loading relay descriptors
[w0:ab:pro] tor: Aug 05 08:53:36.000 [notice] Bootstrapped 61% (loading_descriptors): Loading relay descriptors
[w0:ab:pro] tor: Aug 05 08:53:39.000 [notice] Bootstrapped 68% (loading_descriptors): Loading relay descriptors
[w0:ab:pro] tor: Aug 05 08:53:39.000 [notice] Bootstrapped 75% (enough_dirinfo): Loaded enough directory info to build circuits
[w0:ab:pro] tor: Aug 05 08:53:40.000 [notice] Bootstrapped 90% (ap_handshake_done): Handshake finished with a relay to build circuits
Aug 05 08:53:40.000 [notice] Bootstrapped 9
[w0:ab:pro] tor: Aug 05 08:53:41.000 [notice] Bootstrapped 100% (done): Done
[w0:ab:pro] Tor ready on 19050 exit=192.42.116.143
[w0:ab:pro] Rotating IP (#1, try 1) after API 403 for "alley": Anti-bot verification failed. Please refresh the page. → tor#2 socks5://127.0.0.1:19050
[w0:ab:pro] Launching persistent Chrome profile /tmp/lll-pw-w0-r1
[w0:ab:pro] Proxy tor#2 socks5://127.0.0.1:19050
[w0:ab:pro] Opening https://lastletterlibrary.com
[w0:ab:pro] Library mode=pro
[w0:ab:pro] heartbeat words=24263 queue=227 rotation=1 idle=22s
[w0:ab:pro] Turnstile token present (len=816)
[w0:ab:pro] Site Turnstile token (21159ms)
[w0:ab:pro] Search mode=direct (skip UI Wait Ns… gate)
[w0:ab:pro] Cleaned 1 old rotated profile(s)
[w0:ab:pro] Browser exit IP=192.42.116.143 (unique)
[w0:ab:pro] Searching "alley" | queue=226 | words=24263
[w0:ab:pro] [api] 200 mode=pro startsWith=alley
[w0:ab:pro] [api] 200 mode=pro startsWith=alley (1220ms direct)
[w0:ab:pro] "alley" → 11 records, 11 words (incl. exact "alley")
[w0:ab:pro] "alley" branch complete
[w0:ab:pro] Saved 24,274 worker words
[w0:ab:pro] Searching "allez" | queue=225 | words=24274
[w0:ab:pro] Pacing 15s before "allez" (gap=15500ms)
[w0:ab:pro] Managed Turnstile token (len=816, 6643ms, remount)
[w0:ab:pro] [api] 429 mode=pro startsWith=allez
[w0:ab:pro] [api] 429 mode=pro startsWith=allez (434ms direct)
[w0:ab:pro] Learned server gap ≈ 15500ms (wait hint 2000ms)
[w0:ab:pro] Rate limited — inline wait 2000ms then retry "allez"
[w0:ab:pro] heartbeat words=24274 queue=225 rotation=1 idle=17s
[w0:ab:pro] Site Turnstile remint timed out (22585ms)
[w0:ab:pro] Managed Turnstile token (len=816, 6845ms, remount)
[w0:ab:pro] Managed Turnstile token (len=816, 16416ms, remount)
[w0:ab:pro] [api] 200 mode=pro startsWith=allez
[w0:ab:pro] [api] 200 mode=pro startsWith=allez (514ms direct)
[w0:ab:pro] "allez" → 0 records, 0 words
[w0:ab:pro] "allez" branch complete
[w0:ab:pro] Saved 24,274 worker words
[w0:ab:pro] Searching "allom" | queue=224 | words=24274
[w0:ab:pro] Pacing 15s before "allom" (gap=15500ms)
[w0:ab:pro] [api] 403 mode=pro startsWith=allom
[w0:ab:pro] [api] 403 mode=pro startsWith=allom (389ms direct)
[w0:ab:pro] Failed "allom" attempt 1: API 403 for "allom": Anti-bot verification failed. Please refresh the page.
[w0:ab:pro] Saved 24,274 worker words
[w0:ab:pro] Tor exited code=0
[w0:ab:pro] Starting Tor gen=3 socks=127.0.0.1:19050 (try 1)
[w0:ab:pro] tor: Aug 05 08:56:07.871 [warn] Fixing permissions on directory /tmp/lll-tor-w0
[w0:ab:pro] tor: Aug 05 08:56:08.000 [notice] Bootstrapped 0% (starting): Starting
[w0:ab:pro] tor: Aug 05 08:56:09.000 [notice] Bootstrapped 5% (conn): Connecting to a relay
[w0:ab:pro] tor: Aug 05 08:56:09.000 [notice] Bootstrapped 10% (conn_done): Connected to a relay
[w0:ab:pro] tor: Aug 05 08:56:10.000 [notice] Bootstrapped 14% (handshake): Handshaking with a relay
[w0:ab:pro] tor: Aug 05 08:56:15.000 [notice] Bootstrapped 15% (handshake_done): Handshake with a relay done
Aug 05 08:56:15.000 [notice] Bootstrapped 20% (onehop_create): Estab
[w0:ab:pro] tor: Aug 05 08:56:15.000 [notice] Bootstrapped 25% (requesting_status): Asking for networkstatus consensus
[w0:ab:pro] tor: Aug 05 08:56:15.000 [notice] Bootstrapped 30% (loading_status): Loading networkstatus consensus
[w0:ab:pro] tor: Aug 05 08:56:17.000 [notice] Bootstrapped 40% (loading_keys): Loading authority key certs
[w0:ab:pro] tor: Aug 05 08:56:17.000 [notice] Bootstrapped 45% (requesting_descriptors): Asking for relay descriptors
Aug 05 08:56:17.000 [notice] I learned some more directory 
[w0:ab:pro] tor: Aug 05 08:56:19.000 [notice] Bootstrapped 50% (loading_descriptors): Loading relay descriptors
[w0:ab:pro] heartbeat words=24274 queue=225 rotation=2 idle=9s
[w0:ab:pro] tor: Aug 05 08:57:21.000 [notice] Bootstrapped 55% (loading_descriptors): Loading relay descriptors
[w0:ab:pro] heartbeat words=24274 queue=225 rotation=2 idle=8s
[w0:ab:pro] tor: Aug 05 08:57:38.000 [notice] Bootstrapped 61% (loading_descriptors): Loading relay descriptors
[w0:ab:pro] tor: Aug 05 08:57:46.000 [notice] Bootstrapped 67% (loading_descriptors): Loading relay descriptors
[w0:ab:pro] tor: Aug 05 08:57:56.000 [notice] Bootstrapped 75% (enough_dirinfo): Loaded enough directory info to build circuits
[w0:ab:pro] tor: Aug 05 08:57:56.000 [notice] Bootstrapped 90% (ap_handshake_done): Handshake finished with a relay to build circuits
Aug 05 08:57:56.000 [notice] Bootstrapped 9
[w0:ab:pro] tor: Aug 05 08:57:57.000 [notice] Bootstrapped 100% (done): Done
[w0:ab:pro] Tor ready on 19050 exit=192.42.116.100
[w0:ab:pro] Rotating IP (#2, try 1) after API 403 for "allom": Anti-bot verification failed. Please refresh the page. → tor#3 socks5://127.0.0.1:19050
[w0:ab:pro] Launching persistent Chrome profile /tmp/lll-pw-w0-r2
[w0:ab:pro] Proxy tor#3 socks5://127.0.0.1:19050
[w0:ab:pro] Opening https://lastletterlibrary.com
[w0:ab:pro] heartbeat words=24274 queue=225 rotation=2 idle=11s
[w0:ab:pro] Library mode=pro
[w0:ab:pro] Tor exited code=0
[w0:ab:pro] Site Turnstile remint timed out (22816ms)
[w0:ab:pro] Search mode=direct (skip UI Wait Ns… gate)
[w0:ab:pro] Cleaned 1 old rotated profile(s)
[w0:ab:pro] Browser exit IP probe failed — continuing
[w0:ab:pro] Searching "allom" | queue=224 | words=24274
[w0:ab:pro] Failed "allom" attempt 1: locator.count: Target page, context or browser has been closed
[w0:ab:pro] Saved 24,274 worker words
[w0:ab:pro] Searching "allom" | queue=224 | words=24274
[w0:ab:pro] Failed "allom" attempt 2: locator.count: Target page, context or browser has been closed
[w0:ab:pro] Saved 24,274 worker words
[w0:ab:pro] Starting Tor gen=4 socks=127.0.0.1:19050 (try 1)
[w0:ab:pro] tor: Aug 05 08:59:26.787 [warn] Fixing permissions on directory /tmp/lll-tor-w0
[w0:ab:pro] tor: Aug 05 08:59:26.000 [notice] Bootstrapped 0% (starting): Starting
[w0:ab:pro] tor: Aug 05 08:59:27.000 [notice] Bootstrapped 5% (conn): Connecting to a relay
[w0:ab:pro] tor: Aug 05 08:59:27.000 [notice] Bootstrapped 10% (conn_done): Connected to a relay
[w0:ab:pro] heartbeat words=24274 queue=225 rotation=3 idle=2s
[w0:ab:pro] tor: Aug 05 08:59:34.000 [notice] Bootstrapped 14% (handshake): Handshaking with a relay
[w0:ab:pro] tor: Aug 05 08:59:35.000 [notice] Bootstrapped 15% (handshake_done): Handshake with a relay done
Aug 05 08:59:35.000 [notice] Bootstrapped 20% (onehop_create): Estab
[w0:ab:pro] tor: Aug 05 08:59:36.000 [notice] Bootstrapped 25% (requesting_status): Asking for networkstatus consensus
[w0:ab:pro] tor: Aug 05 08:59:36.000 [notice] Bootstrapped 30% (loading_status): Loading networkstatus consensus
[w0:ab:pro] tor: Aug 05 08:59:37.000 [notice] Bootstrapped 40% (loading_keys): Loading authority key certs
[w0:ab:pro] tor: Aug 05 08:59:37.000 [notice] Bootstrapped 45% (requesting_descriptors): Asking for relay descriptors
Aug 05 08:59:37.000 [notice] I learned some more directory 
[w0:ab:pro] tor: Aug 05 08:59:38.000 [notice] Bootstrapped 50% (loading_descriptors): Loading relay descriptors
[w0:ab:pro] IP mode=tor
[w0:ab:pro] Cleaned 1 old rotated profile(s)
[w0:ab:pro] Starting Tor gen=1 socks=127.0.0.1:19050 (try 1)
[w0:ab:pro] tor: Aug 05 09:00:03.461 [notice] Opened Socks listener connection (ready) on 127.0.0.1:19050
Aug 05 09:00:03.461 [warn] Fixing permissions on directory /tmp/lll-tor
[w0:ab:pro] tor: Aug 05 09:00:03.000 [notice] Bootstrapped 0% (starting): Starting
[w0:ab:pro] tor: Aug 05 09:00:04.000 [notice] Bootstrapped 5% (conn): Connecting to a relay
[w0:ab:pro] tor: Aug 05 09:00:04.000 [notice] Bootstrapped 10% (conn_done): Connected to a relay
[w0:ab:pro] tor: Aug 05 09:00:05.000 [notice] Bootstrapped 14% (handshake): Handshaking with a relay
[w0:ab:pro] tor: Aug 05 09:00:05.000 [notice] Bootstrapped 15% (handshake_done): Handshake with a relay done
Aug 05 09:00:05.000 [notice] Bootstrapped 20% (onehop_create): Estab
[w0:ab:pro] tor: Aug 05 09:00:05.000 [notice] Bootstrapped 25% (requesting_status): Asking for networkstatus consensus
[w0:ab:pro] tor: Aug 05 09:00:05.000 [notice] Bootstrapped 30% (loading_status): Loading networkstatus consensus
[w0:ab:pro] tor: Aug 05 09:00:07.000 [notice] Bootstrapped 40% (loading_keys): Loading authority key certs
[w0:ab:pro] tor: Aug 05 09:00:07.000 [notice] Bootstrapped 45% (requesting_descriptors): Asking for relay descriptors
Aug 05 09:00:07.000 [notice] I learned some more directory 
[w0:ab:pro] tor: Aug 05 09:00:08.000 [notice] Bootstrapped 50% (loading_descriptors): Loading relay descriptors
[w0:ab:pro] tor: Aug 05 09:00:15.000 [notice] Bootstrapped 55% (loading_descriptors): Loading relay descriptors
[w0:ab:pro] tor: Aug 05 09:00:15.000 [notice] Bootstrapped 61% (loading_descriptors): Loading relay descriptors
[w0:ab:pro] tor: Aug 05 09:00:16.000 [notice] Bootstrapped 67% (loading_descriptors): Loading relay descriptors
[w0:ab:pro] tor: Aug 05 09:00:16.000 [notice] Bootstrapped 75% (enough_dirinfo): Loaded enough directory info to build circuits
[w0:ab:pro] tor: Aug 05 09:00:17.000 [notice] Bootstrapped 90% (ap_handshake_done): Handshake finished with a relay to build circuits
Aug 05 09:00:17.000 [notice] Bootstrapped 9
[w0:ab:pro] tor: Aug 05 09:00:18.000 [notice] Bootstrapped 100% (done): Done
[w0:ab:pro] Tor ready on 19050 exit=185.220.101.27
[w0:ab:pro] Launching persistent Chrome profile /tmp/lll-pw-w0-r0
[w0:ab:pro] Proxy tor#1 socks5://127.0.0.1:19050
[w0:ab:pro] Opening https://lastletterlibrary.com
[w0:ab:pro] Library mode=pro
[w0:ab:pro] Site Turnstile remint timed out (26198ms)
[w0:ab:pro] Search mode=direct (skip UI Wait Ns… gate)
[w0:ab:pro] Browser exit IP=192.42.116.58 (unique)
[w0:ab:pro] Loaded 2634 prefixes, 24274 words; queue=225
[w0:ab:pro] Searching "allom" | queue=224 | words=24274
[w0:ab:pro] Site Turnstile remint timed out (22312ms)
[w0:ab:pro] Site Turnstile remint timed out (22455ms)
[w0:ab:pro] heartbeat words=24274 queue=224 rotation=0 idle=16s
[w0:ab:pro] Site Turnstile remint timed out (23365ms)
[w0:ab:pro] Turnstile mint hard timeout after 28000ms
[w0:ab:pro] Failed "allom" attempt 1: No Turnstile token for direct search
[w0:ab:pro] Site Turnstile remint timed out (32993ms)
[w0:ab:pro] Saved 24,274 worker words
[w0:ab:pro] Turnstile miss — soft reload before rotate
[w0:ab:pro] heartbeat words=24274 queue=225 rotation=0 idle=19s
[w0:ab:pro] Turnstile mint hard timeout after 15000ms
[w0:ab:pro] Soft reload mint failed — rotating immediately
[w0:ab:pro] Site Turnstile remint timed out (15196ms)
[w0:ab:pro] Tor exited code=null
[w0:ab:pro] Starting Tor gen=2 socks=127.0.0.1:19050 (try 1)
[w0:ab:pro] tor: Aug 05 09:03:08.336 [notice] Opening Socks listener on 127.0.0.1:19050
Aug 05 09:03:08.336 [notice] Opened Socks listener connection (ready) on 127.0.0.1:19050

[w0:ab:pro] tor: Aug 05 09:03:11.000 [notice] Bootstrapped 0% (starting): Starting
[w0:ab:pro] tor: Aug 05 09:03:13.000 [notice] Bootstrapped 5% (conn): Connecting to a relay
[w0:ab:pro] tor: Aug 05 09:03:13.000 [notice] Bootstrapped 10% (conn_done): Connected to a relay
[w0:ab:pro] tor: Aug 05 09:03:13.000 [notice] Bootstrapped 14% (handshake): Handshaking with a relay
[w0:ab:pro] tor: Aug 05 09:03:20.000 [notice] Bootstrapped 15% (handshake_done): Handshake with a relay done
[w0:ab:pro] tor: Aug 05 09:03:20.000 [notice] Bootstrapped 20% (onehop_create): Establishing an encrypted directory connection
[w0:ab:pro] tor: Aug 05 09:03:20.000 [notice] Bootstrapped 25% (requesting_status): Asking for networkstatus consensus
[w0:ab:pro] tor: Aug 05 09:03:20.000 [notice] Bootstrapped 30% (loading_status): Loading networkstatus consensus
[w0:ab:pro] tor: Aug 05 09:03:22.000 [notice] Bootstrapped 40% (loading_keys): Loading authority key certs
[w0:ab:pro] tor: Aug 05 09:03:26.000 [notice] Bootstrapped 45% (requesting_descriptors): Asking for relay descriptors
Aug 05 09:03:26.000 [notice] I learned some more directory 
[w0:ab:pro] tor: Aug 05 09:03:29.000 [notice] Bootstrapped 50% (loading_descriptors): Loading relay descriptors
[w0:ab:pro] tor: Aug 05 09:03:58.000 [notice] Bootstrapped 55% (loading_descriptors): Loading relay descriptors
[w0:ab:pro] tor: Aug 05 09:03:58.000 [notice] Bootstrapped 60% (loading_descriptors): Loading relay descriptors
[w0:ab:pro] tor: Aug 05 09:03:58.000 [notice] Bootstrapped 66% (loading_descriptors): Loading relay descriptors
[w0:ab:pro] heartbeat words=24274 queue=225 rotation=1 idle=0s
[w0:ab:pro] tor: Aug 05 09:03:58.000 [notice] Bootstrapped 75% (enough_dirinfo): Loaded enough directory info to build circuits
[w0:ab:pro] tor: Aug 05 09:03:58.000 [notice] Bootstrapped 90% (ap_handshake_done): Handshake finished with a relay to build circuits
Aug 05 09:03:58.000 [notice] Bootstrapped 9
[w0:ab:pro] tor: Aug 05 09:03:59.000 [notice] Bootstrapped 100% (done): Done
[w0:ab:pro] Tor ready on 19050 exit=193.189.100.194
[w0:ab:pro] Rotating IP (#1, try 1) after No Turnstile token for direct search → tor#2 socks5://127.0.0.1:19050
[w0:ab:pro] Launching persistent Chrome profile /tmp/lll-pw-w0-r1
[w0:ab:pro] Proxy tor#2 socks5://127.0.0.1:19050
[w0:ab:pro] Opening https://lastletterlibrary.com
[w0:ab:pro] Library mode=pro
[w0:ab:pro] Site Turnstile remint timed out (22286ms)
[w0:ab:pro] Search mode=direct (skip UI Wait Ns… gate)
[w0:ab:pro] Cleaned 1 old rotated profile(s)
[w0:ab:pro] Browser exit IP=185.244.192.184 (unique)
[w0:ab:pro] Searching "allom" | queue=224 | words=24274
[w0:ab:pro] Turnstile token present (len=837)
[w0:ab:pro] Site Turnstile token (19881ms)
[w0:ab:pro] [api] 200 mode=pro startsWith=allom
[w0:ab:pro] [api] 200 mode=pro startsWith=allom (796ms direct)
[w0:ab:pro] "allom" → 17 records, 17 words
[w0:ab:pro] "allom" branch complete
[w0:ab:pro] Saved 24,282 worker words
[w0:ab:pro] Searching "allon" | queue=223 | words=24282
[w0:ab:pro] Pacing 13s before "allon" (gap=15500ms)
[w0:ab:pro] heartbeat words=24282 queue=223 rotation=1 idle=6s
[w0:ab:pro] Site Turnstile remint timed out (26720ms)
[w0:ab:pro] Site Turnstile remint timed out (23568ms)
[w0:ab:pro] heartbeat words=24282 queue=223 rotation=1 idle=17s
[w0:ab:pro] Site Turnstile remint timed out (26970ms)
[w0:ab:pro] Site Turnstile remint timed out (24877ms)
[w0:ab:pro] Site Turnstile remint timed out (22845ms)
[w0:ab:pro] Failed "allon" attempt 1: No Turnstile token for direct search
[w0:ab:pro] Saved 24,282 worker words
[w0:ab:pro] Turnstile miss — soft reload before rotate
[w0:ab:pro] heartbeat words=24282 queue=224 rotation=1 idle=2s
[w0:ab:pro] Site Turnstile remint timed out (9535ms)
[w0:ab:pro] Soft reload mint failed — rotating immediately
[w0:ab:pro] Tor exited code=0
[w0:ab:pro] Starting Tor gen=3 socks=127.0.0.1:19050 (try 1)
[w0:ab:pro] tor: Aug 05 09:07:08.657 [warn] Fixing permissions on directory /tmp/lll-tor-w0
[w0:ab:pro] tor: Aug 05 09:07:08.000 [notice] Bootstrapped 0% (starting): Starting
Aug 05 09:07:08.000 [notice] Starting with guard context "default"
[w0:ab:pro] tor: Aug 05 09:07:09.000 [notice] Bootstrapped 5% (conn): Connecting to a relay
[w0:ab:pro] tor: Aug 05 09:07:09.000 [notice] Bootstrapped 10% (conn_done): Connected to a relay
[w0:ab:pro] tor: Aug 05 09:07:16.000 [notice] Bootstrapped 14% (handshake): Handshaking with a relay
[w0:ab:pro] tor: Aug 05 09:07:16.000 [notice] Bootstrapped 15% (handshake_done): Handshake with a relay done
Aug 05 09:07:16.000 [notice] Bootstrapped 20% (onehop_create): Estab
[w0:ab:pro] tor: Aug 05 09:07:16.000 [notice] Bootstrapped 25% (requesting_status): Asking for networkstatus consensus
[w0:ab:pro] tor: Aug 05 09:07:17.000 [notice] Bootstrapped 30% (loading_status): Loading networkstatus consensus
[w0:ab:pro] tor: Aug 05 09:07:18.000 [notice] Bootstrapped 40% (loading_keys): Loading authority key certs
[w0:ab:pro] tor: Aug 05 09:07:19.000 [notice] Bootstrapped 45% (requesting_descriptors): Asking for relay descriptors
Aug 05 09:07:19.000 [notice] I learned some more directory 
[w0:ab:pro] tor: Aug 05 09:07:19.000 [notice] Bootstrapped 50% (loading_descriptors): Loading relay descriptors
[w0:ab:pro] tor: Aug 05 09:07:25.000 [notice] Bootstrapped 55% (loading_descriptors): Loading relay descriptors
[w0:ab:pro] tor: Aug 05 09:07:28.000 [notice] Bootstrapped 61% (loading_descriptors): Loading relay descriptors
[w0:ab:pro] tor: Aug 05 09:07:28.000 [notice] Bootstrapped 67% (loading_descriptors): Loading relay descriptors
[w0:ab:pro] tor: Aug 05 09:07:29.000 [notice] Bootstrapped 75% (enough_dirinfo): Loaded enough directory info to build circuits
[w0:ab:pro] tor: Aug 05 09:07:29.000 [notice] Bootstrapped 90% (ap_handshake_done): Handshake finished with a relay to build circuits
Aug 05 09:07:29.000 [notice] Bootstrapped 9
[w0:ab:pro] tor: Aug 05 09:07:29.000 [notice] Bootstrapped 100% (done): Done
[w0:ab:pro] Tor ready on 19050 exit=185.220.101.25
[w0:ab:pro] Rotating IP (#2, try 1) after No Turnstile token for direct search → tor#3 socks5://127.0.0.1:19050
[w0:ab:pro] Launching persistent Chrome profile /tmp/lll-pw-w0-r2
[w0:ab:pro] Proxy tor#3 socks5://127.0.0.1:19050
[w0:ab:pro] Opening https://lastletterlibrary.com
[w0:ab:pro] Library mode=pro
[w0:ab:pro] heartbeat words=24282 queue=224 rotation=2 idle=15s
[w0:ab:pro] Turnstile token present (len=816)
[w0:ab:pro] Site Turnstile token (23065ms)
[w0:ab:pro] Search mode=direct (skip UI Wait Ns… gate)
[w0:ab:pro] Cleaned 1 old rotated profile(s)
[w0:ab:pro] Browser exit IP=192.42.116.116 (unique)
[w0:ab:pro] Searching "allon" | queue=223 | words=24282
[w0:ab:pro] [api] 200 mode=pro startsWith=allon
[w0:ab:pro] [api] 200 mode=pro startsWith=allon (673ms direct)
[w0:ab:pro] "allon" → 10 records, 10 words
[w0:ab:pro] "allon" branch complete
[w0:ab:pro] Saved 24,292 worker words
[w0:ab:pro] Searching "alloo" | queue=222 | words=24292
[w0:ab:pro] Pacing 12s before "alloo" (gap=15500ms)
[w0:ab:pro] Turnstile token present (len=816)
[w0:ab:pro] Site Turnstile token (25954ms)
[w0:ab:pro] [api] 200 mode=pro startsWith=alloo
[w0:ab:pro] [api] 200 mode=pro startsWith=alloo (1138ms direct)
[w0:ab:pro] "alloo" → 1 records, 1 words (incl. exact "alloo")
[w0:ab:pro] "alloo" branch complete
[w0:ab:pro] Saved 24,293 worker words
[w0:ab:pro] Searching "allop" | queue=221 | words=24293
[w0:ab:pro] Pacing 12s before "allop" (gap=15500ms)
[w0:ab:pro] heartbeat words=24293 queue=221 rotation=2 idle=12s
[w0:ab:pro] Turnstile token present (len=816)
[w0:ab:pro] Site Turnstile token (25300ms)
[w0:ab:pro] [api] 200 mode=pro startsWith=allop
[w0:ab:pro] [api] 200 mode=pro startsWith=allop (483ms direct)
[w0:ab:pro] "allop" → 49 records, 49 words
[w0:ab:pro] "allop" branch complete
[w0:ab:pro] Saved 24,342 worker words
[w0:ab:pro] Searching "alloq" | queue=220 | words=24342
[w0:ab:pro] Pacing 13s before "alloq" (gap=15500ms)
[w0:ab:pro] Site Turnstile remint timed out (26254ms)
[w0:ab:pro] heartbeat words=24342 queue=220 rotation=2 idle=22s
[w0:ab:pro] Turnstile mint hard timeout after 28000ms
[w0:ab:pro] Site Turnstile remint timed out (24300ms)
[w0:ab:pro] Site Turnstile remint timed out (26132ms)
[w0:ab:pro] Failed "alloq" attempt 1: No Turnstile token for direct search
[w0:ab:pro] Saved 24,342 worker words
[w0:ab:pro] Turnstile miss — soft reload before rotate
[w0:ab:pro] heartbeat words=24342 queue=221 rotation=2 idle=1s
[w0:ab:pro] Site Turnstile remint timed out (87762ms)
[w0:ab:pro] Turnstile mint hard timeout after 15000ms
[w0:ab:pro] Soft reload mint failed — rotating immediately
[w0:ab:pro] Site Turnstile remint timed out (15128ms)
[w0:ab:pro] Starting Tor gen=4 socks=127.0.0.1:19050 (try 1)
[w0:ab:pro] tor: Aug 05 09:11:21.767 [notice] Tor 0.4.8.12 running on Darwin with Libevent 2.1.12-stable, OpenSSL 3.6.3, Zlib 1.2.12, Liblzma N/A, Libzstd N/A and Unknown N/A as
[w0:ab:pro] Tor exited code=0
[w0:ab:pro] tor: Aug 05 09:11:23.000 [notice] Bootstrapped 0% (starting): Starting
Aug 05 09:11:23.000 [notice] Starting with guard context "default"
[w0:ab:pro] tor: Aug 05 09:11:24.000 [notice] Bootstrapped 5% (conn): Connecting to a relay
[w0:ab:pro] tor: Aug 05 09:11:24.000 [notice] Bootstrapped 10% (conn_done): Connected to a relay
[w0:ab:pro] tor: Aug 05 09:11:25.000 [notice] Bootstrapped 14% (handshake): Handshaking with a relay
[w0:ab:pro] tor: Aug 05 09:11:25.000 [notice] Bootstrapped 15% (handshake_done): Handshake with a relay done
Aug 05 09:11:25.000 [notice] Bootstrapped 20% (onehop_create): Estab
[w0:ab:pro] tor: Aug 05 09:11:26.000 [notice] Bootstrapped 25% (requesting_status): Asking for networkstatus consensus
[w0:ab:pro] tor: Aug 05 09:11:27.000 [notice] Bootstrapped 30% (loading_status): Loading networkstatus consensus
[w0:ab:pro] tor: Aug 05 09:11:32.000 [notice] Bootstrapped 40% (loading_keys): Loading authority key certs
[w0:ab:pro] tor: Aug 05 09:11:34.000 [notice] The current consensus has no exit nodes. Tor can only build internal paths, such as paths to onion services.
Aug 05 09:11:34.000 [n
[w0:ab:pro] tor: Aug 05 09:11:36.000 [notice] Bootstrapped 50% (loading_descriptors): Loading relay descriptors
[w0:ab:pro] tor: Aug 05 09:11:46.000 [notice] Bootstrapped 55% (loading_descriptors): Loading relay descriptors
[w0:ab:pro] tor: Aug 05 09:11:47.000 [notice] Bootstrapped 61% (loading_descriptors): Loading relay descriptors
[w0:ab:pro] tor: Aug 05 09:11:47.000 [notice] Bootstrapped 67% (loading_descriptors): Loading relay descriptors
[w0:ab:pro] tor: Aug 05 09:11:48.000 [notice] Bootstrapped 75% (enough_dirinfo): Loaded enough directory info to build circuits
[w0:ab:pro] tor: Aug 05 09:11:48.000 [notice] Bootstrapped 90% (ap_handshake_done): Handshake finished with a relay to build circuits
Aug 05 09:11:48.000 [notice] Bootstrapped 9
[w0:ab:pro] tor: Aug 05 09:11:50.000 [notice] Bootstrapped 100% (done): Done
[w0:ab:pro] Tor ready on 19050 exit=109.70.100.4
[w0:ab:pro] Rotating IP (#3, try 1) after No Turnstile token for direct search → tor#4 socks5://127.0.0.1:19050
[w0:ab:pro] Launching persistent Chrome profile /tmp/lll-pw-w0-r3
[w0:ab:pro] Proxy tor#4 socks5://127.0.0.1:19050
[w0:ab:pro] Opening https://lastletterlibrary.com
[w0:ab:pro] heartbeat words=24342 queue=221 rotation=3 idle=1s
[w0:ab:pro] Library mode=pro
[w0:ab:pro] Managed Turnstile token (len=816, 13052ms, remount)
[w0:ab:pro] Search mode=direct (skip UI Wait Ns… gate)
[w0:ab:pro] Cleaned 1 old rotated profile(s)
[w0:ab:pro] Browser exit IP=109.70.100.4 (unique)
[w0:ab:pro] Searching "alloq" | queue=220 | words=24342
[w0:ab:pro] [api] 200 mode=pro startsWith=alloq
[w0:ab:pro] [api] 200 mode=pro startsWith=alloq (652ms direct)
[w0:ab:pro] "alloq" → 2 records, 2 words
[w0:ab:pro] "alloq" branch complete
[w0:ab:pro] heartbeat words=24344 queue=220 rotation=3 idle=16s
[w0:ab:pro] Saved 24,344 worker words; shared last.txt now 281,047
[w0:ab:pro] Searching "allor" | queue=219 | words=24344
[w0:ab:pro] Turnstile mint hard timeout after 28000ms
[w0:ab:pro] Site Turnstile remint timed out (31457ms)
[w0:ab:pro] Managed Turnstile token (len=816, 10970ms, remount)
[w0:ab:pro] [api] 200 mode=pro startsWith=allor
[w0:ab:pro] [api] 200 mode=pro startsWith=allor (653ms direct)
[w0:ab:pro] "allor" → 1 records, 1 words
[w0:ab:pro] "allor" branch complete
[w0:ab:pro] Saved 24,345 worker words
[w0:ab:pro] Searching "allos" | queue=218 | words=24345
[w0:ab:pro] Pacing 14s before "allos" (gap=15500ms)
[w0:ab:pro] Managed Turnstile token (len=816, 8066ms, reset)
[w0:ab:pro] [api] 200 mode=pro startsWith=allos
[w0:ab:pro] [api] 200 mode=pro startsWith=allos (550ms direct)
[w0:ab:pro] "allos" → 17 records, 17 words
[w0:ab:pro] "allos" branch complete
[w0:ab:pro] Saved 24,362 worker words
[w0:ab:pro] Searching "allot" | queue=217 | words=24362
[w0:ab:pro] Pacing 13s before "allot" (gap=15500ms)
[w0:ab:pro] Managed Turnstile token (len=816, 16324ms, reset)
[w0:ab:pro] [api] 200 mode=pro startsWith=allot
[w0:ab:pro] [api] 200 mode=pro startsWith=allot (555ms direct)
[w0:ab:pro] "allot" → 52 records, 52 words (incl. exact "allot")
[w0:ab:pro] "allot" branch complete
[w0:ab:pro] Saved 24,414 worker words
[w0:ab:pro] Searching "allou" | queue=216 | words=24414
[w0:ab:pro] Pacing 14s before "allou" (gap=15500ms)
[w0:ab:pro] heartbeat words=24414 queue=216 rotation=3 idle=1s
[w0:ab:pro] Managed Turnstile token (len=816, 11805ms, reset)
[w0:ab:pro] [api] 200 mode=pro startsWith=allou
[w0:ab:pro] [api] 200 mode=pro startsWith=allou (563ms direct)
[w0:ab:pro] "allou" → 0 records, 0 words
[w0:ab:pro] "allou" branch complete
[w0:ab:pro] Saved 24,414 worker words
[w0:ab:pro] Searching "allov" | queue=215 | words=24414
[w0:ab:pro] Pacing 15s before "allov" (gap=15500ms)
[w0:ab:pro] Managed Turnstile token (len=816, 11515ms, reset)
[w0:ab:pro] [api] 200 mode=pro startsWith=allov
[w0:ab:pro] [api] 200 mode=pro startsWith=allov (701ms direct)
[w0:ab:pro] "allov" → 2 records, 2 words
[w0:ab:pro] "allov" branch complete
[w0:ab:pro] Saved 24,416 worker words
[w0:ab:pro] Searching "allow" | queue=214 | words=24416
[w0:ab:pro] Pacing 13s before "allow" (gap=15500ms)
[w0:ab:pro] Managed Turnstile token (len=816, 16271ms, reset)
[w0:ab:pro] [api] 200 mode=pro startsWith=allow
[w0:ab:pro] [api] 200 mode=pro startsWith=allow (619ms direct)
[w0:ab:pro] "allow" → 17 records, 17 words (incl. exact "allow")
[w0:ab:pro] "allow" branch complete
[w0:ab:pro] Saved 24,433 worker words
[w0:ab:pro] Searching "allox" | queue=213 | words=24433
[w0:ab:pro] Pacing 14s before "allox" (gap=15500ms)
[w0:ab:pro] heartbeat words=24433 queue=213 rotation=3 idle=12s
[w0:ab:pro] Managed Turnstile token (len=816, 18951ms, reset)
[w0:ab:pro] [api] 200 mode=pro startsWith=allox
[w0:ab:pro] [api] 200 mode=pro startsWith=allox (1440ms direct)
[w0:ab:pro] "allox" → 5 records, 5 words
[w0:ab:pro] "allox" branch complete
[w0:ab:pro] Saved 24,438 worker words
[w0:ab:pro] Searching "alloy" | queue=212 | words=24438
[w0:ab:pro] Pacing 13s before "alloy" (gap=15500ms)
[w0:ab:pro] Turnstile token present (len=816)
[w0:ab:pro] Site Turnstile token (23467ms)
[w0:ab:pro] [api] 200 mode=pro startsWith=alloy
[w0:ab:pro] [api] 200 mode=pro startsWith=alloy (2067ms direct)
[w0:ab:pro] "alloy" → 5 records, 5 words (incl. exact "alloy")
[w0:ab:pro] "alloy" branch complete
[w0:ab:pro] Saved 24,443 worker words; shared last.txt now 281,356
[w0:ab:pro] Searching "alloz" | queue=211 | words=24443
[w0:ab:pro] heartbeat words=24443 queue=211 rotation=3 idle=7s
[w0:ab:pro] Site Turnstile remint timed out (26827ms)
[w0:ab:pro] Site Turnstile remint timed out (23688ms)
[w0:ab:pro] Turnstile token present (len=816)
[w0:ab:pro] Site Turnstile token (19238ms)
[w0:ab:pro] [api] 200 mode=pro startsWith=alloz
[w0:ab:pro] [api] 200 mode=pro startsWith=alloz (590ms direct)
[w0:ab:pro] "alloz" → 2 records, 2 words
[w0:ab:pro] "alloz" branch complete
[w0:ab:pro] Saved 24,445 worker words
[w0:ab:pro] Searching "alpha" | queue=210 | words=24445
[w0:ab:pro] Pacing 10s before "alpha" (gap=15500ms)
[w0:ab:pro] heartbeat words=24445 queue=210 rotation=3 idle=10s
[w0:ab:pro] Turnstile token present (len=816)
[w0:ab:pro] Site Turnstile token (21873ms)
[w0:ab:pro] [api] 200 mode=pro startsWith=alpha
[w0:ab:pro] [api] 200 mode=pro startsWith=alpha (583ms direct)
[w0:ab:pro] "alpha" → 100 records, 100 words (incl. exact "alpha")
[w0:ab:pro] Pacing 15s before "alpha" (gap=15500ms)
[w0:ab:pro] Managed Turnstile token (len=816, 7367ms, remount)
[w0:ab:pro] [api] 200 mode=pro startsWith=alpha
[w0:ab:pro] [api] 200 mode=pro startsWith=alpha sort=alphabetical:desc (549ms direct)
[w0:ab:pro] "alpha" full page ends at "alphanumeric" (next='n'); skip 17 covered groups → 11 children reverse Z→A ends at "alpha-galactosidase" (lo='-' hi='x'); skip 2 middle + 0 new words
[w0:ab:pro] Saved 24,445 worker words
[w0:ab:pro] Searching "alphb" | queue=220 | words=24445
[w0:ab:pro] Pacing 15s before "alphb" (gap=15500ms)
[w0:ab:pro] Managed Turnstile token (len=816, 5944ms, reset)
[w0:ab:pro] [api] 200 mode=pro startsWith=alphb
[w0:ab:pro] [api] 200 mode=pro startsWith=alphb (470ms direct)
[w0:ab:pro] "alphb" → 0 records, 0 words
[w0:ab:pro] "alphb" branch complete
[w0:ab:pro] Saved 24,445 worker words
[w0:ab:pro] Searching "alphc" | queue=219 | words=24445
[w0:ab:pro] Pacing 15s before "alphc" (gap=15500ms)
[w0:ab:pro] Managed Turnstile token (len=816, 7571ms, reset)
[w0:ab:pro] [api] 200 mode=pro startsWith=alphc
[w0:ab:pro] [api] 200 mode=pro startsWith=alphc (733ms direct)
[w0:ab:pro] "alphc" → 0 records, 0 words
[w0:ab:pro] "alphc" branch complete
[w0:ab:pro] heartbeat words=24445 queue=219 rotation=3 idle=1s
[w0:ab:pro] Saved 24,445 worker words
[w0:ab:pro] Searching "alphd" | queue=218 | words=24445
[w0:ab:pro] Pacing 11s before "alphd" (gap=15500ms)
[w0:ab:pro] Managed Turnstile token (len=816, 18214ms, reset)
[w0:ab:pro] [api] 200 mode=pro startsWith=alphd
[w0:ab:pro] [api] 200 mode=pro startsWith=alphd (808ms direct)
[w0:ab:pro] "alphd" → 0 records, 0 words
[w0:ab:pro] "alphd" branch complete
[w0:ab:pro] Saved 24,445 worker words
[w0:ab:pro] Searching "alphe" | queue=217 | words=24445
[w0:ab:pro] Pacing 9s before "alphe" (gap=15500ms)
[w0:ab:pro] Managed Turnstile token (len=816, 24893ms, reset)
[w0:ab:pro] [api] 200 mode=pro startsWith=alphe
[w0:ab:pro] [api] 200 mode=pro startsWith=alphe (711ms direct)
[w0:ab:pro] "alphe" → 4 records, 4 words
[w0:ab:pro] "alphe" branch complete
[w0:ab:pro] Saved 24,445 worker words
[w0:ab:pro] Searching "alphf" | queue=216 | words=24445
[w0:ab:pro] Pacing 9s before "alphf" (gap=15500ms)
[w0:ab:pro] heartbeat words=24445 queue=216 rotation=3 idle=10s
[w0:ab:pro] Turnstile mint hard timeout after 28000ms
[w0:ab:pro] Turnstile mint hard timeout after 28000ms
[w0:ab:pro] heartbeat words=24445 queue=216 rotation=3 idle=17s
[w0:ab:pro] Site Turnstile remint timed out (23067ms)
[w0:ab:pro] Managed Turnstile token (len=816, 4298ms, remount)
[w0:ab:pro] [api] 200 mode=pro startsWith=alphf
[w0:ab:pro] [api] 200 mode=pro startsWith=alphf (456ms direct)
[w0:ab:pro] "alphf" → 0 records, 0 words
[w0:ab:pro] "alphf" branch complete
[w0:ab:pro] Saved 24,445 worker words
[w0:ab:pro] Searching "alphg" | queue=215 | words=24445
[w0:ab:pro] Pacing 16s before "alphg" (gap=15500ms)
[w0:ab:pro] Managed Turnstile token (len=816, 4150ms, reset)
[w0:ab:pro] [api] 200 mode=pro startsWith=alphg
[w0:ab:pro] [api] 200 mode=pro startsWith=alphg (531ms direct)
[w0:ab:pro] "alphg" → 0 records, 0 words
[w0:ab:pro] "alphg" branch complete
[w0:ab:pro] Saved 24,445 worker words; shared last.txt now 281,877
[w0:ab:pro] Searching "alphh" | queue=214 | words=24445
[w0:ab:pro] Pacing 2s before "alphh" (gap=15500ms)
[w0:ab:pro] Managed Turnstile token (len=816, 14820ms, reset)
[w0:ab:pro] [api] 200 mode=pro startsWith=alphh
[w0:ab:pro] [api] 200 mode=pro startsWith=alphh (506ms direct)
[w0:ab:pro] "alphh" → 0 records, 0 words
[w0:ab:pro] "alphh" branch complete
[w0:ab:pro] Saved 24,445 worker words
[w0:ab:pro] Searching "alphi" | queue=213 | words=24445
[w0:ab:pro] Pacing 14s before "alphi" (gap=15500ms)
[w0:ab:pro] heartbeat words=24445 queue=213 rotation=3 idle=17s
[w0:ab:pro] Turnstile token present (len=816)
[w0:ab:pro] Site Turnstile token (18616ms)
[w0:ab:pro] [api] 200 mode=pro startsWith=alphi
[w0:ab:pro] [api] 200 mode=pro startsWith=alphi (466ms direct)
[w0:ab:pro] "alphi" → 2 records, 2 words
[w0:ab:pro] "alphi" branch complete
[w0:ab:pro] Saved 24,445 worker words
[w0:ab:pro] Searching "alphj" | queue=212 | words=24445
[w0:ab:pro] Pacing 15s before "alphj" (gap=15500ms)
[w0:ab:pro] Turnstile token present (len=816)
[w0:ab:pro] Site Turnstile token (19349ms)
[w0:ab:pro] [api] 200 mode=pro startsWith=alphj
[w0:ab:pro] [api] 200 mode=pro startsWith=alphj (626ms direct)
[w0:ab:pro] "alphj" → 0 records, 0 words
[w0:ab:pro] "alphj" branch complete
[w0:ab:pro] Saved 24,445 worker words
[w0:ab:pro] Searching "alphk" | queue=211 | words=24445
[w0:ab:pro] Pacing 15s before "alphk" (gap=15500ms)
[w0:ab:pro] Turnstile mint hard timeout after 28000ms
[w0:ab:pro] Turnstile token present (len=816)
[w0:ab:pro] Site Turnstile token (28498ms)
[w0:ab:pro] heartbeat words=24445 queue=211 rotation=3 idle=9s
[w0:ab:pro] Turnstile token present (len=816)
[w0:ab:pro] Site Turnstile token (26010ms)
[w0:ab:pro] [api] 200 mode=pro startsWith=alphk
[w0:ab:pro] [api] 200 mode=pro startsWith=alphk (704ms direct)
[w0:ab:pro] "alphk" → 0 records, 0 words
[w0:ab:pro] "alphk" branch complete
[w0:ab:pro] Saved 24,445 worker words
[w0:ab:pro] Searching "alphl" | queue=210 | words=24445
[w0:ab:pro] Pacing 13s before "alphl" (gap=15500ms)
[w0:ab:pro] Site Turnstile remint timed out (26972ms)
[w0:ab:pro] heartbeat words=24445 queue=210 rotation=3 idle=15s
[w0:ab:pro] Turnstile token present (len=816)
[w0:ab:pro] Site Turnstile token (21121ms)
[w0:ab:pro] [api] 200 mode=pro startsWith=alphl
[w0:ab:pro] [api] 200 mode=pro startsWith=alphl (629ms direct)
[w0:ab:pro] "alphl" → 0 records, 0 words
[w0:ab:pro] "alphl" branch complete
[w0:ab:pro] Saved 24,445 worker words
[w0:ab:pro] Searching "alphm" | queue=209 | words=24445
[w0:ab:pro] Pacing 13s before "alphm" (gap=15500ms)
[w0:ab:pro] Managed Turnstile token (len=816, 18027ms, remount)
[w0:ab:pro] [api] 200 mode=pro startsWith=alphm
[w0:ab:pro] [api] 200 mode=pro startsWith=alphm (651ms direct)
[w0:ab:pro] "alphm" → 0 records, 0 words
[w0:ab:pro] "alphm" branch complete
[w0:ab:pro] Saved 24,445 worker words
[w0:ab:pro] Searching "alphn" | queue=208 | words=24445
[w0:ab:pro] Pacing 14s before "alphn" (gap=15500ms)
[w0:ab:pro] Managed Turnstile token (len=816, 18140ms, reset)
[w0:ab:pro] [api] 200 mode=pro startsWith=alphn
[w0:ab:pro] [api] 200 mode=pro startsWith=alphn (584ms direct)
[w0:ab:pro] "alphn" → 0 records, 0 words
[w0:ab:pro] "alphn" branch complete
[w0:ab:pro] Saved 24,445 worker words
[w0:ab:pro] Searching "alpho" | queue=207 | words=24445
[w0:ab:pro] Pacing 12s before "alpho" (gap=15500ms)
[w0:ab:pro] heartbeat words=24445 queue=207 rotation=3 idle=10s
[w0:ab:pro] Turnstile mint hard timeout after 28000ms
[w0:ab:pro] Site Turnstile remint timed out (28753ms)
[w0:ab:pro] Site Turnstile remint timed out (23649ms)
[w0:ab:pro] heartbeat words=24445 queue=207 rotation=3 idle=21s
[w0:ab:pro] Turnstile token present (len=816)
[w0:ab:pro] Site Turnstile token (23678ms)
[w0:ab:pro] [api] 200 mode=pro startsWith=alpho
[w0:ab:pro] [api] 200 mode=pro startsWith=alpho (537ms direct)
[w0:ab:pro] "alpho" → 10 records, 10 words
[w0:ab:pro] "alpho" branch complete
[w0:ab:pro] Saved 24,445 worker words; shared last.txt now 282,369
[w0:ab:pro] Searching "alphp" | queue=206 | words=24445
[w0:ab:pro] Turnstile mint hard timeout after 28000ms
[w0:ab:pro] Turnstile token present (len=816)
[w0:ab:pro] Site Turnstile token (34371ms)
[w0:ab:pro] heartbeat words=24445 queue=206 rotation=3 idle=21s
[w0:ab:pro] Turnstile mint hard timeout after 28000ms
[w0:ab:pro] Site Turnstile remint timed out (32697ms)
[w0:ab:pro] Turnstile token present (len=816)
[w0:ab:pro] Site Turnstile token (21467ms)
[w0:ab:pro] [api] 200 mode=pro startsWith=alphp
[w0:ab:pro] [api] 200 mode=pro startsWith=alphp (593ms direct)
[w0:ab:pro] "alphp" → 0 records, 0 words
[w0:ab:pro] "alphp" branch complete
[w0:ab:pro] Saved 24,445 worker words
[w0:ab:pro] Searching "alphq" | queue=205 | words=24445
[w0:ab:pro] Pacing 14s before "alphq" (gap=15500ms)
[w0:ab:pro] Turnstile token present (len=816)
[w0:ab:pro] Site Turnstile token (26066ms)
[w0:ab:pro] [api] 200 mode=pro startsWith=alphq
[w0:ab:pro] [api] 200 mode=pro startsWith=alphq (2172ms direct)
[w0:ab:pro] "alphq" → 0 records, 0 words
[w0:ab:pro] "alphq" branch complete
[w0:ab:pro] Saved 24,445 worker words
[w0:ab:pro] Searching "alphr" | queue=204 | words=24445
[w0:ab:pro] Pacing 8s before "alphr" (gap=15500ms)
[w0:ab:pro] heartbeat words=24445 queue=204 rotation=3 idle=4s
[w0:ab:pro] Turnstile token present (len=816)
[w0:ab:pro] Site Turnstile token (21426ms)
[w0:ab:pro] [api] 200 mode=pro startsWith=alphr
[w0:ab:pro] [api] 200 mode=pro startsWith=alphr (674ms direct)
[w0:ab:pro] "alphr" → 0 records, 0 words
[w0:ab:pro] "alphr" branch complete
[w0:ab:pro] Saved 24,445 worker words
[w0:ab:pro] Searching "alphs" | queue=203 | words=24445
[w0:ab:pro] Pacing 14s before "alphs" (gap=15500ms)
[w0:ab:pro] Turnstile token present (len=837)
[w0:ab:pro] Site Turnstile token (20923ms)
[w0:ab:pro] [api] 200 mode=pro startsWith=alphs
[w0:ab:pro] [api] 200 mode=pro startsWith=alphs (546ms direct)
[w0:ab:pro] "alphs" → 0 records, 0 words
[w0:ab:pro] "alphs" branch complete
[w0:ab:pro] Saved 24,445 worker words
[w0:ab:pro] Searching "alpht" | queue=202 | words=24445
[w0:ab:pro] Pacing 15s before "alpht" (gap=15500ms)
[w0:ab:pro] Managed Turnstile token (len=816, 9832ms, remount)
[w0:ab:pro] [api] 200 mode=pro startsWith=alpht
[w0:ab:pro] [api] 200 mode=pro startsWith=alpht (566ms direct)
[w0:ab:pro] "alpht" → 0 records, 0 words
[w0:ab:pro] "alpht" branch complete
[w0:ab:pro] Saved 24,445 worker words
[w0:ab:pro] Searching "alphu" | queue=201 | words=24445
[w0:ab:pro] Pacing 15s before "alphu" (gap=15500ms)
[w0:ab:pro] Managed Turnstile token (len=816, 5699ms, reset)
[w0:ab:pro] heartbeat words=24445 queue=201 rotation=3 idle=0s
[w0:ab:pro] [api] 200 mode=pro startsWith=alphu
[w0:ab:pro] [api] 200 mode=pro startsWith=alphu (581ms direct)
[w0:ab:pro] "alphu" → 0 records, 0 words
[w0:ab:pro] "alphu" branch complete
[w0:ab:pro] Saved 24,445 worker words
[w0:ab:pro] Searching "alphv" | queue=200 | words=24445
[w0:ab:pro] Pacing 15s before "alphv" (gap=15500ms)
[w0:ab:pro] Managed Turnstile token (len=816, 5614ms, reset)
[w0:ab:pro] [api] 200 mode=pro startsWith=alphv
[w0:ab:pro] [api] 200 mode=pro startsWith=alphv (692ms direct)
[w0:ab:pro] "alphv" → 0 records, 0 words
[w0:ab:pro] "alphv" branch complete
[w0:ab:pro] Saved 24,445 worker words
[w0:ab:pro] Searching "alphw" | queue=199 | words=24445
[w0:ab:pro] Pacing 15s before "alphw" (gap=15500ms)
[w0:ab:pro] Turnstile token present (len=837)
[w0:ab:pro] Site Turnstile token (21684ms)
[w0:ab:pro] [api] 200 mode=pro startsWith=alphw
[w0:ab:pro] [api] 200 mode=pro startsWith=alphw (638ms direct)
[w0:ab:pro] "alphw" → 0 records, 0 words
[w0:ab:pro] "alphw" branch complete
[w0:ab:pro] Saved 24,445 worker words; shared last.txt now 282,589
[w0:ab:pro] Searching "alphx" | queue=198 | words=24445
[w0:ab:pro] Pacing 12s before "alphx" (gap=15500ms)
[w0:ab:pro] heartbeat words=24445 queue=198 rotation=3 idle=9s
[w0:ab:pro] Managed Turnstile token (len=816, 15420ms, remount)
[w0:ab:pro] [api] 200 mode=pro startsWith=alphx
[w0:ab:pro] [api] 200 mode=pro startsWith=alphx (723ms direct)
[w0:ab:pro] "alphx" → 0 records, 0 words
[w0:ab:pro] "alphx" branch complete
[w0:ab:pro] Saved 24,445 worker words
[w0:ab:pro] Searching "alphy" | queue=197 | words=24445
[w0:ab:pro] Pacing 12s before "alphy" (gap=15500ms)
[w0:ab:pro] Managed Turnstile token (len=816, 19143ms, reset)
[w0:ab:pro] [api] 200 mode=pro startsWith=alphy
[w0:ab:pro] [api] 200 mode=pro startsWith=alphy (615ms direct)
[w0:ab:pro] "alphy" → 3 records, 3 words
[w0:ab:pro] "alphy" branch complete
[w0:ab:pro] Saved 24,445 worker words
[w0:ab:pro] Searching "alphz" | queue=196 | words=24445
[w0:ab:pro] Pacing 13s before "alphz" (gap=15500ms)
[w0:ab:pro] Turnstile token present (len=816)
[w0:ab:pro] Site Turnstile token (22004ms)
[w0:ab:pro] [api] 200 mode=pro startsWith=alphz
[w0:ab:pro] [api] 200 mode=pro startsWith=alphz (644ms direct)
[w0:ab:pro] "alphz" → 0 records, 0 words
[w0:ab:pro] "alphz" branch complete
[w0:ab:pro] Saved 24,445 worker words
[w0:ab:pro] Searching "amphi" | queue=195 | words=24445
[w0:ab:pro] Pacing 14s before "amphi" (gap=15500ms)
[w0:ab:pro] heartbeat words=24445 queue=195 rotation=3 idle=10s
[w0:ab:pro] Turnstile token present (len=816)
[w0:ab:pro] Site Turnstile token (26815ms)
[w0:ab:pro] [api] 200 mode=pro startsWith=amphi
[w0:ab:pro] [api] 200 mode=pro startsWith=amphi (753ms direct)
[w0:ab:pro] "amphi" → 100 records, 100 words
[w0:ab:pro] Pacing 12s before "amphi" (gap=15500ms)
[w0:ab:pro] Turnstile mint hard timeout after 28000ms
[w0:ab:pro] heartbeat words=24445 queue=195 rotation=3 idle=12s
[w0:ab:pro] Turnstile token present (len=816)
[w0:ab:pro] Site Turnstile token (25362ms)
[w0:ab:pro] [api] 200 mode=pro startsWith=amphi
[w0:ab:pro] [api] 200 mode=pro startsWith=amphi sort=alphabetical:desc (548ms direct)
[w0:ab:pro] "amphi" full page ends at "amphioxi" (next='o'); skip 23 covered groups → 5 children reverse Z→A ends at "amphidromia" (lo='d' hi='v'); skip 17 middle + 0 new words
[w0:ab:pro] Saved 24,445 worker words
[w0:ab:pro] Searching "ampho" | queue=199 | words=24445
[w0:ab:pro] Pacing 13s before "ampho" (gap=15500ms)
[w0:ab:pro] Managed Turnstile token (len=816, 14364ms, remount)
[w0:ab:pro] [api] 200 mode=pro startsWith=ampho
[w0:ab:pro] [api] 200 mode=pro startsWith=ampho (649ms direct)
[w0:ab:pro] "ampho" → 21 records, 21 words
[w0:ab:pro] "ampho" branch complete
[w0:ab:pro] Saved 24,445 worker words
[w0:ab:pro] Searching "amphp" | queue=198 | words=24445
[w0:ab:pro] Pacing 15s before "amphp" (gap=15500ms)
[w0:ab:pro] Managed Turnstile token (len=816, 8116ms, reset)
[w0:ab:pro] [api] 200 mode=pro startsWith=amphp
[w0:ab:pro] [api] 200 mode=pro startsWith=amphp (597ms direct)
[w0:ab:pro] "amphp" → 0 records, 0 words
[w0:ab:pro] "amphp" branch complete
[w0:ab:pro] Saved 24,445 worker words
[w0:ab:pro] Searching "amphq" | queue=197 | words=24445
[w0:ab:pro] Pacing 15s before "amphq" (gap=15500ms)
[w0:ab:pro] Managed Turnstile token (len=816, 5749ms, reset)
[w0:ab:pro] heartbeat words=24445 queue=197 rotation=3 idle=9s
[w0:ab:pro] [api] 200 mode=pro startsWith=amphq
[w0:ab:pro] [api] 200 mode=pro startsWith=amphq (626ms direct)
[w0:ab:pro] "amphq" → 0 records, 0 words
[w0:ab:pro] "amphq" branch complete
[w0:ab:pro] Saved 24,445 worker words
[w0:ab:pro] Searching "amphr" | queue=196 | words=24445
[w0:ab:pro] Pacing 15s before "amphr" (gap=15500ms)
[w0:ab:pro] Managed Turnstile token (len=816, 6072ms, reset)
[w0:ab:pro] [api] 200 mode=pro startsWith=amphr
[w0:ab:pro] [api] 200 mode=pro startsWith=amphr (612ms direct)
[w0:ab:pro] "amphr" → 0 records, 0 words
[w0:ab:pro] "amphr" branch complete
[w0:ab:pro] Saved 24,445 worker words; shared last.txt now 282,936
[w0:ab:pro] Searching "amphs" | queue=195 | words=24445
[w0:ab:pro] Pacing 15s before "amphs" (gap=15500ms)
[w0:ab:pro] Managed Turnstile token (len=816, 6210ms, reset)
[w0:ab:pro] [api] 200 mode=pro startsWith=amphs
[w0:ab:pro] [api] 200 mode=pro startsWith=amphs (645ms direct)
[w0:ab:pro] "amphs" → 0 records, 0 words
[w0:ab:pro] "amphs" branch complete
[w0:ab:pro] Saved 24,445 worker words
[w0:ab:pro] Searching "ampht" | queue=194 | words=24445
[w0:ab:pro] Pacing 14s before "ampht" (gap=15500ms)
[w0:ab:pro] Managed Turnstile token (len=816, 16520ms, reset)
[w0:ab:pro] [api] 200 mode=pro startsWith=ampht
[w0:ab:pro] [api] 200 mode=pro startsWith=ampht (635ms direct)
[w0:ab:pro] "ampht" → 0 records, 0 words
[w0:ab:pro] "ampht" branch complete
[w0:ab:pro] Saved 24,445 worker words
[w0:ab:pro] Searching "amphu" | queue=193 | words=24445
[w0:ab:pro] Pacing 13s before "amphu" (gap=15500ms)
[w0:ab:pro] heartbeat words=24445 queue=193 rotation=3 idle=7s
[w0:ab:pro] Managed Turnstile token (len=816, 17830ms, reset)
[w0:ab:pro] [api] 200 mode=pro startsWith=amphu
[w0:ab:pro] [api] 200 mode=pro startsWith=amphu (605ms direct)
[w0:ab:pro] "amphu" → 0 records, 0 words
[w0:ab:pro] "amphu" branch complete
[w0:ab:pro] Saved 24,445 worker words
[w0:ab:pro] Searching "amphv" | queue=192 | words=24445
[w0:ab:pro] Pacing 14s before "amphv" (gap=15500ms)
[w0:ab:pro] Site Turnstile remint timed out (24456ms)
[w0:ab:pro] Site Turnstile remint timed out (26073ms)
[w0:ab:pro] heartbeat words=24445 queue=192 rotation=3 idle=1s
[w0:ab:pro] Turnstile mint hard timeout after 28000ms
[w0:ab:pro] Turnstile token present (len=816)
[w0:ab:pro] Site Turnstile token (34095ms)
[w0:ab:pro] Turnstile mint hard timeout after 28000ms
[w0:ab:pro] Failed "amphv" attempt 1: No Turnstile token for direct search
[w0:ab:pro] heartbeat words=24445 queue=193 rotation=3 idle=2s
[w0:ab:pro] Saved 24,445 worker words
[w0:ab:pro] Turnstile miss — soft reload before rotate
[w0:ab:pro] Site Turnstile remint timed out (985525ms)
[w0:ab:pro] Site Turnstile remint timed out (288839ms)
[w0:ab:pro] Site Turnstile remint timed out (39222ms)
[w0:ab:pro] Site Turnstile remint timed out (959528ms)
[w0:ab:pro] Turnstile token present (len=816)
[w0:ab:pro] Site Turnstile token (10234ms)
[w0:ab:pro] Searching "amphv" | queue=192 | words=24445
[w0:ab:pro] [api] 200 mode=pro startsWith=amphv
[w0:ab:pro] [api] 200 mode=pro startsWith=amphv (757ms direct)
[w0:ab:pro] "amphv" → 0 records, 0 words
[w0:ab:pro] "amphv" branch complete
[w0:ab:pro] Saved 24,445 worker words
[w0:ab:pro] Searching "amphw" | queue=191 | words=24445
[w0:ab:pro] Pacing 14s before "amphw" (gap=15500ms)
[w0:ab:pro] Managed Turnstile token (len=816, 7644ms, remount)
[w0:ab:pro] [api] 200 mode=pro startsWith=amphw
[w0:ab:pro] [api] 200 mode=pro startsWith=amphw (571ms direct)
[w0:ab:pro] "amphw" → 0 records, 0 words
[w0:ab:pro] "amphw" branch complete
[w0:ab:pro] Saved 24,445 worker words
[w0:ab:pro] Searching "amphx" | queue=190 | words=24445
[w0:ab:pro] Pacing 15s before "amphx" (gap=15500ms)
[w0:ab:pro] Managed Turnstile token (len=816, 5388ms, reset)
[w0:ab:pro] [api] 200 mode=pro startsWith=amphx
[w0:ab:pro] [api] 200 mode=pro startsWith=amphx (549ms direct)
[w0:ab:pro] "amphx" → 0 records, 0 words
[w0:ab:pro] "amphx" branch complete
[w0:ab:pro] Saved 24,445 worker words
[w0:ab:pro] Searching "amphy" | queue=189 | words=24445
[w0:ab:pro] Pacing 15s before "amphy" (gap=15500ms)
[w0:ab:pro] heartbeat words=24445 queue=189 rotation=3 idle=12s
[w0:ab:pro] Managed Turnstile token (len=816, 15296ms, reset)
[w0:ab:pro] [api] 200 mode=pro startsWith=amphy
[w0:ab:pro] [api] 200 mode=pro startsWith=amphy (959ms direct)
[w0:ab:pro] "amphy" → 0 records, 0 words
[w0:ab:pro] "amphy" branch complete
[w0:ab:pro] Saved 24,445 worker words; shared last.txt now 283,235
[w0:ab:pro] Searching "amphz" | queue=188 | words=24445
[w0:ab:pro] Turnstile mint hard timeout after 28000ms
[w0:ab:pro] Site Turnstile remint timed out (29871ms)
[w0:ab:pro] Site Turnstile remint timed out (26956ms)
[w0:ab:pro] heartbeat words=24445 queue=188 rotation=3 idle=0s
[w0:ab:pro] Turnstile token present (len=816)
[w0:ab:pro] Site Turnstile token (21378ms)
[w0:ab:pro] [api] 200 mode=pro startsWith=amphz
[w0:ab:pro] [api] 200 mode=pro startsWith=amphz (620ms direct)
[w0:ab:pro] "amphz" → 0 records, 0 words
[w0:ab:pro] "amphz" branch complete
[w0:ab:pro] Saved 24,445 worker words
[w0:ab:pro] Searching "analy" | queue=187 | words=24445
[w0:ab:pro] Pacing 13s before "analy" (gap=15500ms)
[w0:ab:pro] Turnstile token present (len=816)
[w0:ab:pro] Site Turnstile token (27111ms)
[w0:ab:pro] [api] 200 mode=pro startsWith=analy
[w0:ab:pro] [api] 200 mode=pro startsWith=analy (827ms direct)
[w0:ab:pro] "analy" → 36 records, 36 words
[w0:ab:pro] "analy" branch complete
[w0:ab:pro] Saved 24,445 worker words
[w0:ab:pro] Searching "analz" | queue=186 | words=24445
[w0:ab:pro] Pacing 11s before "analz" (gap=15500ms)
[w0:ab:pro] heartbeat words=24445 queue=186 rotation=3 idle=5s
[w0:ab:pro] Managed Turnstile token (len=816, 11014ms, remount)
[w0:ab:pro] [api] 200 mode=pro startsWith=analz
[w0:ab:pro] [api] 200 mode=pro startsWith=analz (581ms direct)
[w0:ab:pro] "analz" → 0 records, 0 words
[w0:ab:pro] "analz" branch complete
[w0:ab:pro] Saved 24,445 worker words
[w0:ab:pro] Searching "anatt" | queue=185 | words=24445
[w0:ab:pro] Pacing 15s before "anatt" (gap=15500ms)
[w0:ab:pro] Managed Turnstile token (len=816, 6465ms, reset)
[w0:ab:pro] [api] 200 mode=pro startsWith=anatt
[w0:ab:pro] [api] 200 mode=pro startsWith=anatt (615ms direct)
[w0:ab:pro] "anatt" → 4 records, 4 words
[w0:ab:pro] "anatt" branch complete
[w0:ab:pro] Saved 24,445 worker words
[w0:ab:pro] Searching "anatu" | queue=184 | words=24445
[w0:ab:pro] Pacing 15s before "anatu" (gap=15500ms)
[w0:ab:pro] Managed Turnstile token (len=816, 7310ms, reset)
[w0:ab:pro] [api] 200 mode=pro startsWith=anatu
[w0:ab:pro] [api] 200 mode=pro startsWith=anatu (903ms direct)
[w0:ab:pro] "anatu" → 0 records, 0 words
[w0:ab:pro] "anatu" branch complete
[w0:ab:pro] Saved 24,445 worker words
[w0:ab:pro] Searching "anatv" | queue=183 | words=24445
[w0:ab:pro] Pacing 13s before "anatv" (gap=15500ms)
[w0:ab:pro] heartbeat words=24445 queue=183 rotation=3 idle=21s
[w0:ab:pro] Turnstile token present (len=816)
[w0:ab:pro] Site Turnstile token (23474ms)
[w0:ab:pro] [api] 200 mode=pro startsWith=anatv
[w0:ab:pro] [api] 200 mode=pro startsWith=anatv (669ms direct)
[w0:ab:pro] "anatv" → 0 records, 0 words
[w0:ab:pro] "anatv" branch complete
[w0:ab:pro] Saved 24,445 worker words
[w0:ab:pro] Searching "anatw" | queue=182 | words=24445
[w0:ab:pro] Pacing 13s before "anatw" (gap=15500ms)
[w0:ab:pro] Turnstile token present (len=816)
[w0:ab:pro] Site Turnstile token (21827ms)
[w0:ab:pro] [api] 200 mode=pro startsWith=anatw
[w0:ab:pro] [api] 200 mode=pro startsWith=anatw (856ms direct)
[w0:ab:pro] "anatw" → 0 records, 0 words
[w0:ab:pro] "anatw" branch complete
[w0:ab:pro] Saved 24,445 worker words
[w0:ab:pro] Searching "anatx" | queue=181 | words=24445
[w0:ab:pro] Pacing 13s before "anatx" (gap=15500ms)
[w0:ab:pro] Managed Turnstile token (len=816, 18254ms, remount)
[w0:ab:pro] [api] 200 mode=pro startsWith=anatx
[w0:ab:pro] [api] 200 mode=pro startsWith=anatx (698ms direct)
[w0:ab:pro] "anatx" → 0 records, 0 words
[w0:ab:pro] "anatx" branch complete
[w0:ab:pro] Saved 24,445 worker words; shared last.txt now 283,741
[w0:ab:pro] Searching "anaty" | queue=180 | words=24445
[w0:ab:pro] heartbeat words=24445 queue=180 rotation=3 idle=2s
[w0:ab:pro] Pacing 1s before "anaty" (gap=15500ms)
[w0:ab:pro] Turnstile token present (len=816)
[w0:ab:pro] Site Turnstile token (25623ms)
[w0:ab:pro] [api] 200 mode=pro startsWith=anaty
[w0:ab:pro] [api] 200 mode=pro startsWith=anaty (759ms direct)
[w0:ab:pro] "anaty" → 0 records, 0 words
[w0:ab:pro] "anaty" branch complete
[w0:ab:pro] Saved 24,445 worker words
[w0:ab:pro] Searching "anatz" | queue=179 | words=24445
[w0:ab:pro] Pacing 12s before "anatz" (gap=15500ms)
[w0:ab:pro] Turnstile token present (len=816)
[w0:ab:pro] Site Turnstile token (25185ms)
[w0:ab:pro] [api] 200 mode=pro startsWith=anatz
[w0:ab:pro] [api] 200 mode=pro startsWith=anatz (766ms direct)
[w0:ab:pro] "anatz" → 0 records, 0 words
[w0:ab:pro] "anatz" branch complete
[w0:ab:pro] Saved 24,445 worker words
[w0:ab:pro] Searching "andro" | queue=178 | words=24445
[w0:ab:pro] Pacing 14s before "andro" (gap=15500ms)
[w0:ab:pro] heartbeat words=24445 queue=178 rotation=3 idle=18s
[w0:ab:pro] Site Turnstile remint timed out (26826ms)
[w0:ab:pro] Site Turnstile remint timed out (26652ms)
[w0:ab:pro] heartbeat words=24445 queue=178 rotation=3 idle=25s
[w0:ab:pro] Turnstile token present (len=816)
[w0:ab:pro] Site Turnstile token (26677ms)
[w0:ab:pro] [api] 200 mode=pro startsWith=andro
[w0:ab:pro] [api] 200 mode=pro startsWith=andro (536ms direct)
[w0:ab:pro] "andro" → 88 records, 88 words (incl. exact "andro")
[w0:ab:pro] "andro" branch complete
[w0:ab:pro] Saved 24,445 worker words
[w0:ab:pro] Searching "andrp" | queue=177 | words=24445
[w0:ab:pro] Pacing 14s before "andrp" (gap=15500ms)
[w0:ab:pro] Managed Turnstile token (len=816, 8207ms, remount)
[w0:ab:pro] [api] 200 mode=pro startsWith=andrp
[w0:ab:pro] [api] 200 mode=pro startsWith=andrp (467ms direct)
[w0:ab:pro] "andrp" → 0 records, 0 words
[w0:ab:pro] "andrp" branch complete
[w0:ab:pro] Saved 24,445 worker words
[w0:ab:pro] Searching "andrq" | queue=176 | words=24445
[w0:ab:pro] Pacing 15s before "andrq" (gap=15500ms)
[w0:ab:pro] Managed Turnstile token (len=816, 5241ms, reset)
[w0:ab:pro] [api] 200 mode=pro startsWith=andrq
[w0:ab:pro] [api] 200 mode=pro startsWith=andrq (510ms direct)
[w0:ab:pro] "andrq" → 0 records, 0 words
[w0:ab:pro] "andrq" branch complete
[w0:ab:pro] Saved 24,445 worker words
[w0:ab:pro] Searching "andrr" | queue=175 | words=24445
[w0:ab:pro] Pacing 15s before "andrr" (gap=15500ms)
[w0:ab:pro] Managed Turnstile token (len=816, 11500ms, reset)
[w0:ab:pro] [api] 200 mode=pro startsWith=andrr
[w0:ab:pro] [api] 200 mode=pro startsWith=andrr (757ms direct)
[w0:ab:pro] "andrr" → 0 records, 0 words
[w0:ab:pro] "andrr" branch complete
[w0:ab:pro] Saved 24,445 worker words
[w0:ab:pro] Searching "andrs" | queue=174 | words=24445
[w0:ab:pro] Pacing 12s before "andrs" (gap=15500ms)
[w0:ab:pro] heartbeat words=24445 queue=174 rotation=3 idle=8s
[w0:ab:pro] Managed Turnstile token (len=816, 14632ms, reset)
[w0:ab:pro] [api] 200 mode=pro startsWith=andrs
[w0:ab:pro] [api] 200 mode=pro startsWith=andrs (486ms direct)
[w0:ab:pro] "andrs" → 0 records, 0 words
[w0:ab:pro] "andrs" branch complete
[w0:ab:pro] Saved 24,445 worker words
[w0:ab:pro] Searching "andrt" | queue=173 | words=24445
[w0:ab:pro] Pacing 14s before "andrt" (gap=15500ms)
[w0:ab:pro] Managed Turnstile token (len=816, 20461ms, reset)
[w0:ab:pro] [api] 200 mode=pro startsWith=andrt
[w0:ab:pro] [api] 200 mode=pro startsWith=andrt (539ms direct)
[w0:ab:pro] "andrt" → 0 records, 0 words
[w0:ab:pro] "andrt" branch complete
[w0:ab:pro] Saved 24,445 worker words; shared last.txt now 284,165
[w0:ab:pro] Searching "andru" | queue=172 | words=24445
[w0:ab:pro] Turnstile mint hard timeout after 28000ms
[w0:ab:pro] Turnstile token present (len=816)
[w0:ab:pro] Site Turnstile token (28532ms)
[w0:ab:pro] heartbeat words=24445 queue=172 rotation=3 idle=5s
[w0:ab:pro] Managed Turnstile token (len=816, 16856ms, remount)
[w0:ab:pro] [api] 200 mode=pro startsWith=andru
[w0:ab:pro] [api] 200 mode=pro startsWith=andru (623ms direct)
[w0:ab:pro] "andru" → 0 records, 0 words
[w0:ab:pro] "andru" branch complete
[w0:ab:pro] Saved 24,445 worker words
[w0:ab:pro] Searching "andrv" | queue=171 | words=24445
[w0:ab:pro] Pacing 12s before "andrv" (gap=15500ms)
[w0:ab:pro] Turnstile mint hard timeout after 28000ms
[w0:ab:pro] Site Turnstile remint timed out (33358ms)
[w0:ab:pro] heartbeat words=24445 queue=171 rotation=3 idle=13s
[w0:ab:pro] Turnstile token present (len=816)
[w0:ab:pro] Site Turnstile token (25744ms)
[w0:ab:pro] [api] 200 mode=pro startsWith=andrv
[w0:ab:pro] [api] 200 mode=pro startsWith=andrv (690ms direct)
[w0:ab:pro] "andrv" → 0 records, 0 words
[w0:ab:pro] "andrv" branch complete
[w0:ab:pro] Saved 24,445 worker words
[w0:ab:pro] Searching "andrw" | queue=170 | words=24445
[w0:ab:pro] Pacing 9s before "andrw" (gap=15500ms)
[w0:ab:pro] Managed Turnstile token (len=816, 12927ms, remount)
[w0:ab:pro] [api] 200 mode=pro startsWith=andrw
[w0:ab:pro] [api] 200 mode=pro startsWith=andrw (536ms direct)
[w0:ab:pro] "andrw" → 0 records, 0 words
[w0:ab:pro] "andrw" branch complete
[w0:ab:pro] Saved 24,445 worker words
[w0:ab:pro] Searching "andrx" | queue=169 | words=24445
[w0:ab:pro] Pacing 15s before "andrx" (gap=15500ms)
[w0:ab:pro] Turnstile token present (len=816)
[w0:ab:pro] Site Turnstile token (19079ms)
[w0:ab:pro] [api] 200 mode=pro startsWith=andrx
[w0:ab:pro] [api] 200 mode=pro startsWith=andrx (556ms direct)
[w0:ab:pro] "andrx" → 0 records, 0 words
[w0:ab:pro] "andrx" branch complete
[w0:ab:pro] Saved 24,445 worker words
[w0:ab:pro] Searching "andry" | queue=168 | words=24445
[w0:ab:pro] Pacing 15s before "andry" (gap=15500ms)
[w0:ab:pro] Managed Turnstile token (len=816, 6251ms, remount)
[w0:ab:pro] heartbeat words=24445 queue=168 rotation=3 idle=9s
[w0:ab:pro] [api] 200 mode=pro startsWith=andry
[w0:ab:pro] [api] 200 mode=pro startsWith=andry (456ms direct)
[w0:ab:pro] "andry" → 0 records, 0 words
[w0:ab:pro] "andry" branch complete
[w0:ab:pro] Saved 24,445 worker words
[w0:ab:pro] Searching "andrz" | queue=167 | words=24445
[w0:ab:pro] Pacing 16s before "andrz" (gap=15500ms)
[w0:ab:pro] Managed Turnstile token (len=816, 4100ms, reset)
[w0:ab:pro] [api] 200 mode=pro startsWith=andrz
[w0:ab:pro] [api] 200 mode=pro startsWith=andrz (560ms direct)
[w0:ab:pro] "andrz" → 0 records, 0 words
[w0:ab:pro] "andrz" branch complete
[w0:ab:pro] Saved 24,445 worker words
[w0:ab:pro] Searching "angis" | queue=166 | words=24445
[w0:ab:pro] Pacing 14s before "angis" (gap=15500ms)
[w0:ab:pro] Site Turnstile remint timed out (24160ms)
[w0:ab:pro] Managed Turnstile token (len=816, 15340ms, remount)
[w0:ab:pro] [api] 200 mode=pro startsWith=angis
[w0:ab:pro] [api] 200 mode=pro startsWith=angis (612ms direct)
[w0:ab:pro] "angis" → 2 records, 2 words
[w0:ab:pro] "angis" branch complete
[w0:ab:pro] Saved 24,445 worker words
[w0:ab:pro] Searching "angit" | queue=165 | words=24445
[w0:ab:pro] Pacing 13s before "angit" (gap=15500ms)
[w0:ab:pro] heartbeat words=24445 queue=165 rotation=3 idle=2s
[w0:ab:pro] Managed Turnstile token (len=816, 19126ms, reset)
[w0:ab:pro] [api] 200 mode=pro startsWith=angit
[w0:ab:pro] [api] 200 mode=pro startsWith=angit (500ms direct)
[w0:ab:pro] "angit" → 0 records, 0 words
[w0:ab:pro] "angit" branch complete
[w0:ab:pro] Turnstile mint hard timeout after 28000ms
[w0:ab:pro] Saved 24,445 worker words; shared last.txt now 284,875
[w0:ab:pro] Searching "angiu" | queue=164 | words=24445
[w0:ab:pro] Site Turnstile remint timed out (40341ms)
[w0:ab:pro] heartbeat words=24445 queue=164 rotation=3 idle=3s
[w0:ab:pro] Managed Turnstile token (len=794, 20089ms, remount)
[w0:ab:pro] [api] 200 mode=pro startsWith=angiu
[w0:ab:pro] [api] 200 mode=pro startsWith=angiu (534ms direct)
[w0:ab:pro] "angiu" → 0 records, 0 words
[w0:ab:pro] "angiu" branch complete
[w0:ab:pro] Saved 24,445 worker words
[w0:ab:pro] Searching "angiv" | queue=163 | words=24445
[w0:ab:pro] Pacing 15s before "angiv" (gap=15500ms)
[w0:ab:pro] Site Turnstile remint timed out (25522ms)
[w0:ab:pro] heartbeat words=24445 queue=163 rotation=3 idle=24s
[w0:ab:pro] Turnstile mint hard timeout after 28000ms
[w0:ab:pro] Site Turnstile remint timed out (32906ms)
[w0:ab:pro] Turnstile token present (len=816)
[w0:ab:pro] Site Turnstile token (24889ms)
[w0:ab:pro] [api] 200 mode=pro startsWith=angiv
[w0:ab:pro] [api] 200 mode=pro startsWith=angiv (520ms direct)
[w0:ab:pro] "angiv" → 0 records, 0 words
[w0:ab:pro] "angiv" branch complete
[w0:ab:pro] Saved 24,445 worker words
[w0:ab:pro] Searching "angiw" | queue=162 | words=24445
[w0:ab:pro] Pacing 12s before "angiw" (gap=15500ms)
[w0:ab:pro] Managed Turnstile token (len=816, 11876ms, remount)
[w0:ab:pro] [api] 200 mode=pro startsWith=angiw
[w0:ab:pro] [api] 200 mode=pro startsWith=angiw (458ms direct)
[w0:ab:pro] "angiw" → 0 records, 0 words
[w0:ab:pro] "angiw" branch complete
[w0:ab:pro] Saved 24,445 worker words
[w0:ab:pro] Searching "angix" | queue=161 | words=24445
[w0:ab:pro] Pacing 16s before "angix" (gap=15500ms)
[w0:ab:pro] Managed Turnstile token (len=816, 3843ms, reset)
[w0:ab:pro] heartbeat words=24445 queue=161 rotation=3 idle=11s
[w0:ab:pro] [api] 200 mode=pro startsWith=angix
[w0:ab:pro] [api] 200 mode=pro startsWith=angix (595ms direct)
[w0:ab:pro] "angix" → 0 records, 0 words
[w0:ab:pro] "angix" branch complete
[w0:ab:pro] Saved 24,445 worker words
[w0:ab:pro] Searching "angiy" | queue=160 | words=24445
[w0:ab:pro] Pacing 15s before "angiy" (gap=15500ms)
[w0:ab:pro] Managed Turnstile token (len=816, 6771ms, reset)
[w0:ab:pro] [api] 200 mode=pro startsWith=angiy
[w0:ab:pro] [api] 200 mode=pro startsWith=angiy (620ms direct)
[w0:ab:pro] "angiy" → 0 records, 0 words
[w0:ab:pro] "angiy" branch complete
[w0:ab:pro] Saved 24,445 worker words
[w0:ab:pro] Searching "angiz" | queue=159 | words=24445
[w0:ab:pro] Pacing 12s before "angiz" (gap=15500ms)
[w0:ab:pro] Turnstile mint hard timeout after 28000ms
[w0:ab:pro] heartbeat words=24445 queue=159 rotation=3 idle=14s
[w0:ab:pro] Turnstile mint hard timeout after 28000ms
[w0:ab:pro] Site Turnstile remint timed out (37131ms)
[w0:ab:pro] Turnstile mint hard timeout after 28000ms
[w0:ab:pro] heartbeat words=24445 queue=159 rotation=3 idle=18s
[w0:ab:pro] Site Turnstile remint timed out (47492ms)
[w0:ab:pro] Turnstile mint hard timeout after 28000ms
[w0:ab:pro] Failed "angiz" attempt 1: No Turnstile token for direct search
[w0:ab:pro] Saved 24,445 worker words
[w0:ab:pro] Turnstile miss — soft reload before rotate
[w0:ab:pro] Site Turnstile remint timed out (134883ms)
[w0:ab:pro] Site Turnstile remint timed out (51219ms)
[w0:ab:pro] Turnstile mint hard timeout after 15000ms
[w0:ab:pro] Soft reload mint failed — rotating immediately
[w0:ab:pro] Site Turnstile remint timed out (22145ms)
[w0:ab:pro] Tor exited code=0
[w0:ab:pro] Starting Tor gen=5 socks=127.0.0.1:19050 (try 1)
[w0:ab:pro] tor: Aug 05 09:52:57.477 [notice] Opened Socks listener connection (ready) on 127.0.0.1:19050
Aug 05 09:52:57.477 [warn] Fixing permissions on directory /tmp/lll-tor
[w0:ab:pro] tor: Aug 05 09:52:57.000 [notice] Bootstrapped 0% (starting): Starting
[w0:ab:pro] tor: Aug 05 09:52:58.000 [notice] Bootstrapped 5% (conn): Connecting to a relay
[w0:ab:pro] tor: Aug 05 09:52:58.000 [notice] Bootstrapped 10% (conn_done): Connected to a relay
[w0:ab:pro] tor: Aug 05 09:53:00.000 [notice] Bootstrapped 14% (handshake): Handshaking with a relay
[w0:ab:pro] tor: Aug 05 09:53:04.000 [notice] Bootstrapped 15% (handshake_done): Handshake with a relay done
Aug 05 09:53:04.000 [notice] Bootstrapped 20% (onehop_create): Estab
[w0:ab:pro] tor: Aug 05 09:53:04.000 [notice] Bootstrapped 25% (requesting_status): Asking for networkstatus consensus
[w0:ab:pro] tor: Aug 05 09:53:04.000 [notice] Bootstrapped 30% (loading_status): Loading networkstatus consensus
[w0:ab:pro] tor: Aug 05 09:53:06.000 [notice] Bootstrapped 40% (loading_keys): Loading authority key certs
[w0:ab:pro] heartbeat words=24445 queue=160 rotation=4 idle=0s
[w0:ab:pro] tor: Aug 05 09:53:06.000 [notice] The current consensus has no exit nodes. Tor can only build internal paths, such as paths to onion services.
Aug 05 09:53:06.000 [n
[w0:ab:pro] tor: Aug 05 09:53:07.000 [notice] Bootstrapped 50% (loading_descriptors): Loading relay descriptors
[w0:ab:pro] tor: Aug 05 09:53:16.000 [notice] Bootstrapped 55% (loading_descriptors): Loading relay descriptors
[w0:ab:pro] tor: Aug 05 09:53:17.000 [notice] Bootstrapped 61% (loading_descriptors): Loading relay descriptors
[w0:ab:pro] tor: Aug 05 09:53:17.000 [notice] Bootstrapped 67% (loading_descriptors): Loading relay descriptors
[w0:ab:pro] tor: Aug 05 09:53:18.000 [notice] Bootstrapped 75% (enough_dirinfo): Loaded enough directory info to build circuits
[w0:ab:pro] tor: Aug 05 09:53:18.000 [notice] Bootstrapped 90% (ap_handshake_done): Handshake finished with a relay to build circuits
Aug 05 09:53:18.000 [notice] Bootstrapped 9
[w0:ab:pro] tor: Aug 05 09:53:18.000 [notice] Bootstrapped 100% (done): Done
[w0:ab:pro] Tor ready on 19050 exit=192.42.116.107
[w0:ab:pro] Rotating IP (#4, try 1) after No Turnstile token for direct search → tor#5 socks5://127.0.0.1:19050
[w0:ab:pro] Launching persistent Chrome profile /tmp/lll-pw-w0-r4
[w0:ab:pro] Proxy tor#5 socks5://127.0.0.1:19050
[w0:ab:pro] Opening https://lastletterlibrary.com
[w0:ab:pro] Library mode=pro
[w0:ab:pro] heartbeat words=24445 queue=160 rotation=4 idle=14s
[w0:ab:pro] Turnstile token present (len=816)
[w0:ab:pro] Site Turnstile token (24307ms)
[w0:ab:pro] Search mode=direct (skip UI Wait Ns… gate)
[w0:ab:pro] Cleaned 1 old rotated profile(s)
[w0:ab:pro] Browser exit IP=185.220.101.96 (unique)
[w0:ab:pro] Searching "angiz" | queue=159 | words=24445
[w0:ab:pro] [api] 200 mode=pro startsWith=angiz
[w0:ab:pro] [api] 200 mode=pro startsWith=angiz (612ms direct)
[w0:ab:pro] "angiz" → 0 records, 0 words
[w0:ab:pro] "angiz" branch complete
[w0:ab:pro] Saved 24,445 worker words
[w0:ab:pro] Searching "animu" | queue=158 | words=24445
[w0:ab:pro] Pacing 14s before "animu" (gap=15500ms)
[w0:ab:pro] Turnstile token present (len=816)
[w0:ab:pro] Site Turnstile token (25289ms)
[w0:ab:pro] [api] 200 mode=pro startsWith=animu
[w0:ab:pro] [api] 200 mode=pro startsWith=animu (623ms direct)
[w0:ab:pro] "animu" → 2 records, 2 words
[w0:ab:pro] "animu" branch complete
[w0:ab:pro] heartbeat words=24445 queue=158 rotation=4 idle=11s
[w0:ab:pro] Turnstile mint hard timeout after 28000ms
[w0:ab:pro] Saved 24,445 worker words; shared last.txt now 286,036
[w0:ab:pro] Searching "animv" | queue=157 | words=24445
[w0:ab:pro] Site Turnstile remint timed out (46198ms)
[w0:ab:pro] Turnstile token present (len=816)
[w0:ab:pro] Site Turnstile token (23998ms)
[w0:ab:pro] [api] 200 mode=pro startsWith=animv
[w0:ab:pro] [api] 200 mode=pro startsWith=animv (474ms direct)
[w0:ab:pro] "animv" → 0 records, 0 words
[w0:ab:pro] "animv" branch complete
[w0:ab:pro] Saved 24,445 worker words
[w0:ab:pro] Searching "animw" | queue=156 | words=24445
[w0:ab:pro] Pacing 14s before "animw" (gap=15500ms)
[w0:ab:pro] heartbeat words=24445 queue=156 rotation=4 idle=7s
[w0:ab:pro] Site Turnstile remint timed out (23137ms)
[w0:ab:pro] Site Turnstile remint timed out (26457ms)
[w0:ab:pro] heartbeat words=24445 queue=156 rotation=4 idle=18s
[w0:ab:pro] Turnstile token present (len=816)
[w0:ab:pro] Site Turnstile token (23227ms)
[w0:ab:pro] [api] 200 mode=pro startsWith=animw
[w0:ab:pro] [api] 200 mode=pro startsWith=animw (522ms direct)
[w0:ab:pro] "animw" → 0 records, 0 words
[w0:ab:pro] "animw" branch complete
[w0:ab:pro] Saved 24,445 worker words
[w0:ab:pro] Searching "animx" | queue=155 | words=24445
[w0:ab:pro] Pacing 15s before "animx" (gap=15500ms)
[w0:ab:pro] Turnstile mint hard timeout after 28000ms
[w0:ab:pro] Turnstile token present (len=816)
[w0:ab:pro] Site Turnstile token (28616ms)
[w0:ab:pro] Site Turnstile remint timed out (25504ms)
[w0:ab:pro] heartbeat words=24445 queue=155 rotation=4 idle=0s
[w0:ab:pro] Turnstile mint hard timeout after 28000ms
[w0:ab:pro] Site Turnstile remint timed out (31533ms)
[w0:ab:pro] Turnstile mint hard timeout after 28000ms
[w0:ab:pro] Site Turnstile remint timed out (28598ms)
[w0:ab:pro] Failed "animx" attempt 1: No Turnstile token for direct search
[w0:ab:pro] Saved 24,445 worker words
[w0:ab:pro] Turnstile miss — soft reload before rotate
[w0:ab:pro] heartbeat words=24445 queue=156 rotation=4 idle=2s
[w0:ab:pro] Turnstile mint hard timeout after 15000ms
[w0:ab:pro] Soft reload mint failed — rotating immediately
[w0:ab:pro] Tor exited code=0
[w0:ab:pro] Starting Tor gen=6 socks=127.0.0.1:19050 (try 1)
[w0:ab:pro] Site Turnstile remint timed out (22387ms)
[w0:ab:pro] tor: Aug 05 09:59:38.068 [notice] Opened Socks listener connection (ready) on 127.0.0.1:19050
Aug 05 09:59:38.068 [warn] Fixing permissions on directory /tmp/lll-tor
[w0:ab:pro] tor: Aug 05 09:59:38.000 [notice] Bootstrapped 0% (starting): Starting
[w0:ab:pro] tor: Aug 05 09:59:39.000 [notice] Bootstrapped 5% (conn): Connecting to a relay
[w0:ab:pro] tor: Aug 05 09:59:39.000 [notice] Bootstrapped 10% (conn_done): Connected to a relay
[w0:ab:pro] tor: Aug 05 09:59:40.000 [notice] Bootstrapped 14% (handshake): Handshaking with a relay
[w0:ab:pro] tor: Aug 05 09:59:40.000 [notice] Bootstrapped 15% (handshake_done): Handshake with a relay done
Aug 05 09:59:40.000 [notice] Bootstrapped 20% (onehop_create): Estab
[w0:ab:pro] tor: Aug 05 09:59:41.000 [notice] Bootstrapped 25% (requesting_status): Asking for networkstatus consensus
[w0:ab:pro] tor: Aug 05 09:59:41.000 [notice] Bootstrapped 30% (loading_status): Loading networkstatus consensus
[w0:ab:pro] tor: Aug 05 09:59:43.000 [notice] Bootstrapped 40% (loading_keys): Loading authority key certs
[w0:ab:pro] tor: Aug 05 09:59:43.000 [notice] Bootstrapped 45% (requesting_descriptors): Asking for relay descriptors
Aug 05 09:59:43.000 [notice] I learned some more directory 
[w0:ab:pro] tor: Aug 05 09:59:44.000 [notice] Bootstrapped 50% (loading_descriptors): Loading relay descriptors
[w0:ab:pro] tor: Aug 05 09:59:52.000 [notice] Bootstrapped 55% (loading_descriptors): Loading relay descriptors
[w0:ab:pro] heartbeat words=24445 queue=156 rotation=5 idle=15s
[w0:ab:pro] heartbeat words=24445 queue=156 rotation=5 idle=75s
[w0:ab:pro] tor: Aug 05 10:01:12.000 [notice] Bootstrapped 61% (loading_descriptors): Loading relay descriptors
[w0:ab:pro] tor: Aug 05 10:01:20.000 [notice] Bootstrapped 67% (loading_descriptors): Loading relay descriptors
[w0:ab:pro] tor: Aug 05 10:01:33.000 [notice] Bootstrapped 75% (enough_dirinfo): Loaded enough directory info to build circuits
[w0:ab:pro] tor: Aug 05 10:01:36.000 [notice] Bootstrapped 90% (ap_handshake_done): Handshake finished with a relay to build circuits
Aug 05 10:01:36.000 [notice] Bootstrapped 9
[w0:ab:pro] tor: Aug 05 10:01:39.000 [notice] Bootstrapped 100% (done): Done
[w0:ab:pro] Tor ready on 19050 exit=104.244.72.132
[w0:ab:pro] Rotating IP (#5, try 1) after No Turnstile token for direct search → tor#6 socks5://127.0.0.1:19050
[w0:ab:pro] Launching persistent Chrome profile /tmp/lll-pw-w0-r5
[w0:ab:pro] Proxy tor#6 socks5://127.0.0.1:19050
[w0:ab:pro] Opening https://lastletterlibrary.com
[w0:ab:pro] Library mode=pro
[w0:ab:pro] heartbeat words=24445 queue=156 rotation=5 idle=6s
[w0:ab:pro] Site Turnstile remint timed out (23413ms)
[w0:ab:pro] Search mode=direct (skip UI Wait Ns… gate)
[w0:ab:pro] Cleaned 1 old rotated profile(s)
[w0:ab:pro] Browser exit IP=104.244.72.132 (unique)
[w0:ab:pro] Searching "animx" | queue=155 | words=24445
[w0:ab:pro] Site Turnstile remint timed out (24437ms)
[w0:ab:pro] heartbeat words=24445 queue=155 rotation=5 idle=17s
[w0:ab:pro] Turnstile token present (len=837)
[w0:ab:pro] Site Turnstile token (24715ms)
[w0:ab:pro] [api] 200 mode=pro startsWith=animx
[w0:ab:pro] [api] 200 mode=pro startsWith=animx (726ms direct)
[w0:ab:pro] "animx" → 0 records, 0 words
[w0:ab:pro] "animx" branch complete
[w0:ab:pro] Saved 24,445 worker words
[w0:ab:pro] Searching "animy" | queue=154 | words=24445
[w0:ab:pro] Pacing 12s before "animy" (gap=15500ms)
[w0:ab:pro] Turnstile mint hard timeout after 28000ms
[w0:ab:pro] Site Turnstile remint timed out (34788ms)
[w0:ab:pro] heartbeat words=24445 queue=154 rotation=5 idle=16s
[w0:ab:pro] Turnstile mint hard timeout after 28000ms
[w0:ab:pro] Turnstile mint hard timeout after 28000ms
[w0:ab:pro] Site Turnstile remint timed out (30381ms)
[w0:ab:pro] heartbeat words=24445 queue=154 rotation=5 idle=24s
[w0:ab:pro] Turnstile mint hard timeout after 28000ms
[w0:ab:pro] Failed "animy" attempt 1: No Turnstile token for direct search
[w0:ab:pro] Saved 24,445 worker words
[w0:ab:pro] Turnstile miss — soft reload before rotate
[w0:ab:pro] Site Turnstile remint timed out (37829ms)
[w0:ab:pro] Site Turnstile remint timed out (94982ms)
[w0:ab:pro] Turnstile mint hard timeout after 15000ms
[w0:ab:pro] Soft reload mint failed — rotating immediately
[w0:ab:pro] Site Turnstile remint timed out (20242ms)
[w0:ab:pro] Tor exited code=null
[w0:ab:pro] Starting Tor gen=7 socks=127.0.0.1:19050 (try 1)
[w0:ab:pro] tor: Aug 05 10:05:47.223 [notice] Opened Socks listener connection (ready) on 127.0.0.1:19050
Aug 05 10:05:47.223 [warn] Fixing permissions on directory /tmp/lll-tor
[w0:ab:pro] tor: Aug 05 10:05:52.000 [notice] Bootstrapped 0% (starting): Starting
Aug 05 10:05:52.000 [notice] Starting with guard context "default"
[w0:ab:pro] tor: Aug 05 10:05:53.000 [notice] Bootstrapped 5% (conn): Connecting to a relay
Aug 05 10:05:53.000 [notice] Bootstrapped 10% (conn_done): Connected to a relay
[w0:ab:pro] heartbeat words=24445 queue=155 rotation=6 idle=15s
[w0:ab:pro] tor: Aug 05 10:07:02.000 [notice] Bootstrapped 14% (handshake): Handshaking with a relay
[w0:ab:pro] tor: Aug 05 10:07:02.000 [notice] Bootstrapped 15% (handshake_done): Handshake with a relay done
Aug 05 10:07:02.000 [notice] Bootstrapped 20% (onehop_create): Estab
[w0:ab:pro] tor: Aug 05 10:07:04.000 [notice] Bootstrapped 40% (loading_keys): Loading authority key certs
[w0:ab:pro] tor: Aug 05 10:07:05.000 [notice] The current consensus has no exit nodes. Tor can only build internal paths, such as paths to onion services.
Aug 05 10:07:05.000 [n
[w0:ab:pro] tor: Aug 05 10:07:07.000 [notice] Bootstrapped 50% (loading_descriptors): Loading relay descriptors
[w0:ab:pro] heartbeat words=24445 queue=155 rotation=6 idle=2s
[w0:ab:pro] tor: Aug 05 10:07:49.000 [notice] Bootstrapped 55% (loading_descriptors): Loading relay descriptors
[w0:ab:pro] tor: Aug 05 10:08:04.000 [notice] Bootstrapped 60% (loading_descriptors): Loading relay descriptors
[w0:ab:pro] heartbeat words=24445 queue=155 rotation=6 idle=4s
[w0:ab:pro] tor: Aug 05 10:08:11.000 [notice] Bootstrapped 66% (loading_descriptors): Loading relay descriptors
[w0:ab:pro] tor: Aug 05 10:08:17.000 [notice] Bootstrapped 75% (enough_dirinfo): Loaded enough directory info to build circuits
[w0:ab:pro] tor: Aug 05 10:08:17.000 [notice] Bootstrapped 90% (ap_handshake_done): Handshake finished with a relay to build circuits
Aug 05 10:08:17.000 [notice] Bootstrapped 9
[w0:ab:pro] tor: Aug 05 10:08:18.000 [notice] Bootstrapped 100% (done): Done
[w0:ab:pro] Tor exit 192.42.116.113 already used by another worker — new circuit
[w0:ab:pro] Tor exited code=0
[w0:ab:pro] Starting Tor gen=8 socks=127.0.0.1:19050 (try 2)
[w0:ab:pro] tor: Aug 05 10:08:26.761 [warn] Fixing permissions on directory /tmp/lll-tor-w0
[w0:ab:pro] tor: Aug 05 10:08:26.000 [notice] Bootstrapped 0% (starting): Starting
[w0:ab:pro] tor: Aug 05 10:08:27.000 [notice] Bootstrapped 5% (conn): Connecting to a relay
[w0:ab:pro] tor: Aug 05 10:08:27.000 [notice] Bootstrapped 10% (conn_done): Connected to a relay
[w0:ab:pro] tor: Aug 05 10:08:28.000 [notice] Bootstrapped 14% (handshake): Handshaking with a relay
[w0:ab:pro] tor: Aug 05 10:08:28.000 [notice] Bootstrapped 15% (handshake_done): Handshake with a relay done
Aug 05 10:08:28.000 [notice] Bootstrapped 20% (onehop_create): Estab
[w0:ab:pro] tor: Aug 05 10:08:28.000 [notice] Bootstrapped 25% (requesting_status): Asking for networkstatus consensus
[w0:ab:pro] tor: Aug 05 10:08:28.000 [notice] Bootstrapped 30% (loading_status): Loading networkstatus consensus
[w0:ab:pro] tor: Aug 05 10:08:30.000 [notice] Bootstrapped 40% (loading_keys): Loading authority key certs
[w0:ab:pro] tor: Aug 05 10:08:30.000 [notice] Bootstrapped 45% (requesting_descriptors): Asking for relay descriptors
Aug 05 10:08:30.000 [notice] I learned some more directory 
[w0:ab:pro] tor: Aug 05 10:08:31.000 [notice] Bootstrapped 50% (loading_descriptors): Loading relay descriptors
[w0:ab:pro] tor: Aug 05 10:08:35.000 [notice] Bootstrapped 55% (loading_descriptors): Loading relay descriptors
[w0:ab:pro] tor: Aug 05 10:08:38.000 [notice] Bootstrapped 61% (loading_descriptors): Loading relay descriptors
[w0:ab:pro] tor: Aug 05 10:08:39.000 [notice] Bootstrapped 67% (loading_descriptors): Loading relay descriptors
[w0:ab:pro] tor: Aug 05 10:08:39.000 [notice] Bootstrapped 75% (enough_dirinfo): Loaded enough directory info to build circuits
[w0:ab:pro] tor: Aug 05 10:08:40.000 [notice] Bootstrapped 90% (ap_handshake_done): Handshake finished with a relay to build circuits
Aug 05 10:08:40.000 [notice] Bootstrapped 9
[w0:ab:pro] tor: Aug 05 10:08:40.000 [notice] Bootstrapped 100% (done): Done
[w0:ab:pro] Tor ready on 19050 exit=45.84.107.172
[w0:ab:pro] Rotating IP (#6, try 1) after No Turnstile token for direct search → tor#7 socks5://127.0.0.1:19050
[w0:ab:pro] Launching persistent Chrome profile /tmp/lll-pw-w0-r6
[w0:ab:pro] Proxy tor#7 socks5://127.0.0.1:19050
[w0:ab:pro] Opening https://lastletterlibrary.com
[w0:ab:pro] Library mode=pro
[w0:ab:pro] heartbeat words=24445 queue=155 rotation=6 idle=16s
[w0:ab:pro] Site Turnstile remint timed out (27125ms)
[w0:ab:pro] Search mode=direct (skip UI Wait Ns… gate)
[w0:ab:pro] Cleaned 1 old rotated profile(s)
[w0:ab:pro] Browser exit IP=45.84.107.172 (unique)
[w0:ab:pro] Searching "animy" | queue=154 | words=24445
[w0:ab:pro] Site Turnstile remint timed out (25487ms)
[w0:ab:pro] heartbeat words=24445 queue=154 rotation=6 idle=14s
[w0:ab:pro] Site Turnstile remint timed out (24616ms)
[w0:ab:pro] Site Turnstile remint timed out (27840ms)
[w0:ab:pro] heartbeat words=24445 queue=154 rotation=6 idle=21s
[w0:ab:pro] Site Turnstile remint timed out (23602ms)
[w0:ab:pro] Failed "animy" attempt 1: No Turnstile token for direct search
[w0:ab:pro] Saved 24,445 worker words
[w0:ab:pro] Turnstile miss — soft reload before rotate
[w0:ab:pro] Site Turnstile remint timed out (9538ms)
[w0:ab:pro] Soft reload mint failed — rotating immediately
[w0:ab:pro] Tor exited code=0
[w0:ab:pro] Starting Tor gen=9 socks=127.0.0.1:19050 (try 1)
[w0:ab:pro] tor: Aug 05 10:11:23.593 [warn] Fixing permissions on directory /tmp/lll-tor-w0
[w0:ab:pro] tor: Aug 05 10:11:23.000 [notice] Bootstrapped 0% (starting): Starting
[w0:ab:pro] tor: Aug 05 10:11:24.000 [notice] Bootstrapped 5% (conn): Connecting to a relay
[w0:ab:pro] tor: Aug 05 10:11:24.000 [notice] Bootstrapped 10% (conn_done): Connected to a relay
[w0:ab:pro] tor: Aug 05 10:11:25.000 [notice] Bootstrapped 14% (handshake): Handshaking with a relay
[w0:ab:pro] tor: Aug 05 10:11:25.000 [notice] Bootstrapped 15% (handshake_done): Handshake with a relay done
Aug 05 10:11:25.000 [notice] Bootstrapped 20% (onehop_create): Estab
[w0:ab:pro] tor: Aug 05 10:11:25.000 [notice] Bootstrapped 25% (requesting_status): Asking for networkstatus consensus
[w0:ab:pro] tor: Aug 05 10:11:25.000 [notice] Bootstrapped 30% (loading_status): Loading networkstatus consensus
[w0:ab:pro] tor: Aug 05 10:11:27.000 [notice] Bootstrapped 40% (loading_keys): Loading authority key certs
[w0:ab:pro] tor: Aug 05 10:11:28.000 [notice] Bootstrapped 45% (requesting_descriptors): Asking for relay descriptors
Aug 05 10:11:28.000 [notice] I learned some more directory 
[w0:ab:pro] tor: Aug 05 10:11:29.000 [notice] Bootstrapped 50% (loading_descriptors): Loading relay descriptors
[w0:ab:pro] tor: Aug 05 10:11:36.000 [notice] Bootstrapped 55% (loading_descriptors): Loading relay descriptors
[w0:ab:pro] tor: Aug 05 10:11:38.000 [notice] Bootstrapped 61% (loading_descriptors): Loading relay descriptors
[w0:ab:pro] tor: Aug 05 10:11:38.000 [notice] Bootstrapped 67% (loading_descriptors): Loading relay descriptors
[w0:ab:pro] tor: Aug 05 10:11:39.000 [notice] Bootstrapped 75% (enough_dirinfo): Loaded enough directory info to build circuits
[w0:ab:pro] tor: Aug 05 10:11:39.000 [notice] Bootstrapped 90% (ap_handshake_done): Handshake finished with a relay to build circuits
Aug 05 10:11:39.000 [notice] Bootstrapped 9
[w0:ab:pro] tor: Aug 05 10:11:40.000 [notice] Bootstrapped 100% (done): Done
[w0:ab:pro] Tor ready on 19050 exit=192.42.116.44
[w0:ab:pro] Rotating IP (#7, try 1) after No Turnstile token for direct search → tor#8 socks5://127.0.0.1:19050
[w0:ab:pro] Launching persistent Chrome profile /tmp/lll-pw-w0-r7
[w0:ab:pro] Proxy tor#8 socks5://127.0.0.1:19050
[w0:ab:pro] Opening https://lastletterlibrary.com
[w0:ab:pro] Library mode=pro
[w0:ab:pro] Managed Turnstile token (len=816, 9398ms, remount)
[w0:ab:pro] Search mode=direct (skip UI Wait Ns… gate)
[w0:ab:pro] Cleaned 1 old rotated profile(s)
[w0:ab:pro] Browser exit IP=192.42.116.44 (unique)
[w0:ab:pro] Searching "animy" | queue=154 | words=24445
[w0:ab:pro] [api] 200 mode=pro startsWith=animy
[w0:ab:pro] [api] 200 mode=pro startsWith=animy (727ms direct)
[w0:ab:pro] "animy" → 0 records, 0 words
[w0:ab:pro] "animy" branch complete
[w0:ab:pro] Saved 24,445 worker words
[w0:ab:pro] Searching "animz" | queue=153 | words=24445
[w0:ab:pro] Pacing 14s before "animz" (gap=15500ms)
[w0:ab:pro] heartbeat words=24445 queue=153 rotation=7 idle=2s
[w0:ab:pro] Managed Turnstile token (len=794, 10338ms, reset)
[w0:ab:pro] [api] 200 mode=pro startsWith=animz
[w0:ab:pro] [api] 200 mode=pro startsWith=animz (470ms direct)
[w0:ab:pro] "animz" → 0 records, 0 words
[w0:ab:pro] "animz" branch complete
[w0:ab:pro] Saved 24,445 worker words; shared last.txt now 289,325
[w0:ab:pro] Searching "anten" | queue=152 | words=24445
[w0:ab:pro] Pacing 8s before "anten" (gap=15500ms)
[w0:ab:pro] Site Turnstile remint timed out (24636ms)
[w0:ab:pro] Managed Turnstile token (len=816, 11783ms, remount)
[w0:ab:pro] [api] 200 mode=pro startsWith=anten
[w0:ab:pro] [api] 200 mode=pro startsWith=anten (626ms direct)
[w0:ab:pro] "anten" → 26 records, 26 words
[w0:ab:pro] "anten" branch complete
[w0:ab:pro] Saved 24,445 worker words
[w0:ab:pro] Searching "antev" | queue=151 | words=24445
[w0:ab:pro] Pacing 14s before "antev" (gap=15500ms)
[w0:ab:pro] heartbeat words=24445 queue=151 rotation=7 idle=10s
[w0:ab:pro] Managed Turnstile token (len=816, 12780ms, reset)
[w0:ab:pro] [api] 200 mode=pro startsWith=antev
[w0:ab:pro] [api] 200 mode=pro startsWith=antev (513ms direct)
[w0:ab:pro] "antev" → 8 records, 8 words
[w0:ab:pro] "antev" branch complete
[w0:ab:pro] Saved 24,445 worker words
[w0:ab:pro] Searching "antew" | queue=150 | words=24445
[w0:ab:pro] Pacing 14s before "antew" (gap=15500ms)
[w0:ab:pro] Managed Turnstile token (len=816, 9862ms, reset)
[w0:ab:pro] [api] 200 mode=pro startsWith=antew
[w0:ab:pro] [api] 200 mode=pro startsWith=antew (545ms direct)
[w0:ab:pro] "antew" → 0 records, 0 words
[w0:ab:pro] "antew" branch complete
[w0:ab:pro] Saved 24,445 worker words
[w0:ab:pro] Searching "antex" | queue=149 | words=24445
[w0:ab:pro] Pacing 14s before "antex" (gap=15500ms)
[w0:ab:pro] Turnstile token present (len=816)
[w0:ab:pro] Site Turnstile token (19672ms)
[w0:ab:pro] [api] 200 mode=pro startsWith=antex
[w0:ab:pro] [api] 200 mode=pro startsWith=antex (482ms direct)
[w0:ab:pro] "antex" → 0 records, 0 words
[w0:ab:pro] "antex" branch complete
[w0:ab:pro] Saved 24,445 worker words
[w0:ab:pro] Searching "antey" | queue=148 | words=24445
[w0:ab:pro] Pacing 15s before "antey" (gap=15500ms)
[w0:ab:pro] heartbeat words=24445 queue=148 rotation=7 idle=19s
[w0:ab:pro] Turnstile token present (len=816)
[w0:ab:pro] Site Turnstile token (24498ms)
[w0:ab:pro] [api] 200 mode=pro startsWith=antey
[w0:ab:pro] [api] 200 mode=pro startsWith=antey (439ms direct)
[w0:ab:pro] "antey" → 0 records, 0 words
[w0:ab:pro] "antey" branch complete
[w0:ab:pro] Saved 24,445 worker words
[w0:ab:pro] Searching "antez" | queue=147 | words=24445
[w0:ab:pro] Pacing 15s before "antez" (gap=15500ms)
[w0:ab:pro] Managed Turnstile token (len=816, 16061ms, remount)
[w0:ab:pro] [api] 200 mode=pro startsWith=antez
[w0:ab:pro] [api] 200 mode=pro startsWith=antez (668ms direct)
[w0:ab:pro] "antez" → 0 records, 0 words
[w0:ab:pro] "antez" branch complete
[w0:ab:pro] Saved 24,445 worker words
[w0:ab:pro] Searching "antho" | queue=146 | words=24445
[w0:ab:pro] Pacing 13s before "antho" (gap=15500ms)
[w0:ab:pro] Managed Turnstile token (len=816, 16830ms, reset)
[w0:ab:pro] [api] 200 mode=pro startsWith=antho
[w0:ab:pro] [api] 200 mode=pro startsWith=antho (602ms direct)
[w0:ab:pro] "antho" → 79 records, 79 words
[w0:ab:pro] "antho" branch complete
[w0:ab:pro] Saved 24,482 worker words
[w0:ab:pro] Searching "anthp" | queue=145 | words=24482
[w0:ab:pro] Pacing 13s before "anthp" (gap=15500ms)
[w0:ab:pro] heartbeat words=24482 queue=145 rotation=7 idle=17s
[w0:ab:pro] Managed Turnstile token (len=816, 20052ms, reset)
[w0:ab:pro] [api] 200 mode=pro startsWith=anthp
[w0:ab:pro] [api] 200 mode=pro startsWith=anthp (585ms direct)
[w0:ab:pro] "anthp" → 0 records, 0 words
[w0:ab:pro] "anthp" branch complete
[w0:ab:pro] Saved 24,482 worker words; shared last.txt now 289,636
[w0:ab:pro] Searching "anthq" | queue=144 | words=24482
[w0:ab:pro] Pacing 6s before "anthq" (gap=15500ms)
[w0:ab:pro] Managed Turnstile token (len=816, 17061ms, reset)
[w0:ab:pro] [api] 200 mode=pro startsWith=anthq
[w0:ab:pro] [api] 200 mode=pro startsWith=anthq (786ms direct)
[w0:ab:pro] "anthq" → 0 records, 0 words
[w0:ab:pro] "anthq" branch complete
[w0:ab:pro] Saved 24,482 worker words
[w0:ab:pro] Searching "anthr" | queue=143 | words=24482
[w0:ab:pro] Pacing 14s before "anthr" (gap=15500ms)
[w0:ab:pro] Turnstile token present (len=816)
[w0:ab:pro] Site Turnstile token (27908ms)
[w0:ab:pro] [api] 200 mode=pro startsWith=anthr
[w0:ab:pro] [api] 200 mode=pro startsWith=anthr (673ms direct)
[w0:ab:pro] "anthr" → 100 records, 100 words
[w0:ab:pro] Pacing 14s before "anthr" (gap=15500ms)
[w0:ab:pro] heartbeat words=24582 queue=143 rotation=7 idle=9s
[w0:ab:pro] Turnstile token present (len=816)
[w0:ab:pro] Site Turnstile token (25390ms)
[w0:ab:pro] [api] 200 mode=pro startsWith=anthr
[w0:ab:pro] [api] 200 mode=pro startsWith=anthr sort=alphabetical:desc (636ms direct)
[w0:ab:pro] "anthr" full page ends at "anthropological" (next='o'); skip 25 covered groups → 3 children reverse Z→A ends at "anthropometric" (lo='o' hi='y'); skip 9 middle + 6 new words
[w0:ab:pro] Saved 24,588 worker words
[w0:ab:pro] Searching "anthy" | queue=145 | words=24588
[w0:ab:pro] Pacing 10s before "anthy" (gap=15500ms)
[w0:ab:pro] Site Turnstile remint timed out (25895ms)
[w0:ab:pro] heartbeat words=24588 queue=145 rotation=7 idle=15s
[w0:ab:pro] Turnstile token present (len=816)
[w0:ab:pro] Site Turnstile token (27226ms)
[w0:ab:pro] [api] 200 mode=pro startsWith=anthy
[w0:ab:pro] [api] 200 mode=pro startsWith=anthy (645ms direct)
[w0:ab:pro] "anthy" → 3 records, 3 words
[w0:ab:pro] "anthy" branch complete
[w0:ab:pro] Saved 24,588 worker words
[w0:ab:pro] Searching "anthz" | queue=144 | words=24588
[w0:ab:pro] Pacing 15s before "anthz" (gap=15500ms)
[w0:ab:pro] Managed Turnstile token (len=794, 7224ms, remount)
[w0:ab:pro] [api] 200 mode=pro startsWith=anthz
[w0:ab:pro] [api] 200 mode=pro startsWith=anthz (645ms direct)
[w0:ab:pro] "anthz" → 0 records, 0 words
[w0:ab:pro] "anthz" branch complete
[w0:ab:pro] Saved 24,588 worker words
[w0:ab:pro] Searching "anti-" | queue=143 | words=24588
[w0:ab:pro] Pacing 15s before "anti-" (gap=15500ms)
[w0:ab:pro] Managed Turnstile token (len=794, 5415ms, reset)
[w0:ab:pro] [api] 200 mode=pro startsWith=anti-
[w0:ab:pro] [api] 200 mode=pro startsWith=anti- (595ms direct)
[w0:ab:pro] "anti-" → 100 records, 100 words
[w0:ab:pro] Pacing 15s before "anti-" (gap=15500ms)
[w0:ab:pro] heartbeat words=24589 queue=143 rotation=7 idle=15s
[w0:ab:pro] Turnstile token present (len=816)
[w0:ab:pro] Site Turnstile token (22435ms)
[w0:ab:pro] [api] 200 mode=pro startsWith=anti-
[w0:ab:pro] [api] 200 mode=pro startsWith=anti- sort=alphabetical:desc (639ms direct)
[w0:ab:pro] "anti-" full page ends at "anti-catholicism" (next='c'); skip 10 covered groups → 18 children reverse Z→A ends at "anti-skid" (lo='s' hi='z'); skip 6 middle + 100 new words
[w0:ab:pro] Saved 24,689 worker words
[w0:ab:pro] Searching "antia" | queue=160 | words=24689
[w0:ab:pro] Pacing 12s before "antia" (gap=15500ms)
[w0:ab:pro] Turnstile mint hard timeout after 28000ms
[w0:ab:pro] Turnstile token present (len=794)
[w0:ab:pro] Site Turnstile token (28761ms)
[w0:ab:pro] heartbeat words=24689 queue=160 rotation=7 idle=23s
[w0:ab:pro] Site Turnstile remint timed out (24364ms)
[w0:ab:pro] Turnstile mint hard timeout after 28000ms
[w0:ab:pro] Turnstile token present (len=816)
[w0:ab:pro] Site Turnstile token (23524ms)
[w0:ab:pro] [api] 200 mode=pro startsWith=antia
[w0:ab:pro] [api] 200 mode=pro startsWith=antia (655ms direct)
[w0:ab:pro] "antia" → 100 records, 100 words
[w0:ab:pro] Pacing 14s before "antia" (gap=15500ms)
[w0:ab:pro] heartbeat words=24789 queue=160 rotation=7 idle=6s
[w0:ab:pro] Turnstile token present (len=816)
[w0:ab:pro] Site Turnstile token (25333ms)
[w0:ab:pro] [api] 200 mode=pro startsWith=antia
[w0:ab:pro] [api] 200 mode=pro startsWith=antia sort=alphabetical:desc (808ms direct)
[w0:ab:pro] "antia" full page ends at "antiatheistic" (next='t'); skip 22 covered groups → 6 children reverse Z→A ends at "antiaditis" (lo='d' hi='u'); skip 16 middle + 15 new words
[w0:ab:pro] Saved 24,804 worker words
[w0:ab:pro] Searching "antib" | queue=165 | words=24804
[w0:ab:pro] Pacing 12s before "antib" (gap=15500ms)
[w0:ab:pro] Managed Turnstile token (len=794, 19334ms, remount)
[w0:ab:pro] [api] 200 mode=pro startsWith=antib
[w0:ab:pro] [api] 200 mode=pro startsWith=antib (563ms direct)
[w0:ab:pro] "antib" → 58 records, 58 words
[w0:ab:pro] "antib" branch complete
[w0:ab:pro] Saved 24,862 worker words
[w0:ab:pro] Searching "antic" | queue=164 | words=24862
[w0:ab:pro] Pacing 13s before "antic" (gap=15500ms)
[w0:ab:pro] Managed Turnstile token (len=816, 16779ms, reset)
[w0:ab:pro] [api] 200 mode=pro startsWith=antic
[w0:ab:pro] [api] 200 mode=pro startsWith=antic (628ms direct)
[w0:ab:pro] "antic" → 100 records, 100 words (incl. exact "antic")
[w0:ab:pro] Pacing 15s before "antic" (gap=15500ms)
[w0:ab:pro] heartbeat words=24962 queue=164 rotation=7 idle=0s
[w0:ab:pro] Turnstile token present (len=816)
[w0:ab:pro] Site Turnstile token (21201ms)
[w0:ab:pro] [api] 200 mode=pro startsWith=antic
[w0:ab:pro] [api] 200 mode=pro startsWith=antic sort=alphabetical:desc (482ms direct)
[w0:ab:pro] "antic" full page ends at "anticivisms" (next='i'); skip 19 covered groups → 9 children reverse Z→A ends at "anticoincidence" (lo='o' hi='y'); skip 9 middle + 100 new words
[w0:ab:pro] Saved 25,062 worker words; shared last.txt now 291,859
[w0:ab:pro] Searching "antid" | queue=172 | words=25062
[w0:ab:pro] Turnstile mint hard timeout after 28000ms
[w0:ab:pro] Site Turnstile remint timed out (33500ms)
[w0:ab:pro] heartbeat words=25062 queue=172 rotation=7 idle=4s
[w0:ab:pro] Managed Turnstile token (len=816, 16112ms, remount)
[w0:ab:pro] [api] 200 mode=pro startsWith=antid
[w0:ab:pro] [api] 200 mode=pro startsWith=antid (2097ms direct)
[w0:ab:pro] "antid" → 82 records, 82 words
[w0:ab:pro] "antid" branch complete
[w0:ab:pro] Saved 25,144 worker words
[w0:ab:pro] Searching "antie" | queue=171 | words=25144
[w0:ab:pro] Pacing 10s before "antie" (gap=15500ms)
[w0:ab:pro] Turnstile mint hard timeout after 28000ms
[w0:ab:pro] Site Turnstile remint timed out (33853ms)
[w0:ab:pro] Managed Turnstile token (len=816, 16160ms, remount)
[w0:ab:pro] [api] 200 mode=pro startsWith=antie
[w0:ab:pro] [api] 200 mode=pro startsWith=antie (655ms direct)
[w0:ab:pro] "antie" → 73 records, 73 words
[w0:ab:pro] "antie" branch complete
[w0:ab:pro] Saved 25,217 worker words
[w0:ab:pro] Searching "antif" | queue=170 | words=25217
[w0:ab:pro] Pacing 15s before "antif" (gap=15500ms)
[w0:ab:pro] heartbeat words=25217 queue=170 rotation=7 idle=5s
[w0:ab:pro] Managed Turnstile token (len=816, 12072ms, reset)
[w0:ab:pro] [api] 200 mode=pro startsWith=antif
[w0:ab:pro] [api] 200 mode=pro startsWith=antif (645ms direct)
[w0:ab:pro] "antif" → 97 records, 97 words
[w0:ab:pro] "antif" branch complete
[w0:ab:pro] Saved 25,314 worker words
[w0:ab:pro] Searching "antig" | queue=169 | words=25314
[w0:ab:pro] Pacing 15s before "antig" (gap=15500ms)
[w0:ab:pro] Managed Turnstile token (len=816, 6738ms, reset)
[w0:ab:pro] [api] 200 mode=pro startsWith=antig
[w0:ab:pro] [api] 200 mode=pro startsWith=antig (624ms direct)
[w0:ab:pro] "antig" → 48 records, 48 words
[w0:ab:pro] "antig" branch complete
[w0:ab:pro] Saved 25,362 worker words
[w0:ab:pro] Searching "antih" | queue=168 | words=25362
[w0:ab:pro] Pacing 15s before "antih" (gap=15500ms)
[w0:ab:pro] Turnstile token present (len=816)
[w0:ab:pro] Site Turnstile token (22377ms)
[w0:ab:pro] [api] 200 mode=pro startsWith=antih
[w0:ab:pro] [api] 200 mode=pro startsWith=antih (558ms direct)
[w0:ab:pro] "antih" → 58 records, 58 words
[w0:ab:pro] "antih" branch complete
[w0:ab:pro] Saved 25,420 worker words
[w0:ab:pro] Searching "antii" | queue=167 | words=25420
[w0:ab:pro] Pacing 15s before "antii" (gap=15500ms)
[w0:ab:pro] heartbeat words=25420 queue=167 rotation=7 idle=10s
[w0:ab:pro] Site Turnstile remint timed out (23035ms)
[w0:ab:pro] Managed Turnstile token (len=816, 17996ms, remount)
[w0:ab:pro] [api] 200 mode=pro startsWith=antii
[w0:ab:pro] [api] 200 mode=pro startsWith=antii (657ms direct)
[w0:ab:pro] "antii" → 4 records, 4 words
[w0:ab:pro] "antii" branch complete
[w0:ab:pro] Saved 25,424 worker words
[w0:ab:pro] Searching "antij" | queue=166 | words=25424
[w0:ab:pro] Pacing 14s before "antij" (gap=15500ms)
[w0:ab:pro] Turnstile token present (len=816)
[w0:ab:pro] Site Turnstile token (26075ms)
[w0:ab:pro] [api] 200 mode=pro startsWith=antij
[w0:ab:pro] [api] 200 mode=pro startsWith=antij (578ms direct)
[w0:ab:pro] "antij" → 5 records, 5 words
[w0:ab:pro] "antij" branch complete
[w0:ab:pro] heartbeat words=25429 queue=166 rotation=7 idle=1s
[w0:ab:pro] Saved 25,429 worker words
[w0:ab:pro] Searching "antik" | queue=165 | words=25429
[w0:ab:pro] Pacing 12s before "antik" (gap=15500ms)
[w0:ab:pro] Turnstile mint hard timeout after 28000ms
[w0:ab:pro] Turnstile token present (len=816)
[w0:ab:pro] Site Turnstile token (35364ms)
[w0:ab:pro] Turnstile token present (len=816)
[w0:ab:pro] Site Turnstile token (27890ms)
[w0:ab:pro] [api] 200 mode=pro startsWith=antik
[w0:ab:pro] [api] 200 mode=pro startsWith=antik (528ms direct)
[w0:ab:pro] "antik" → 8 records, 8 words
[w0:ab:pro] "antik" branch complete
[w0:ab:pro] heartbeat words=25437 queue=165 rotation=7 idle=6s
[w0:ab:pro] Saved 25,437 worker words; shared last.txt now 292,676
[w0:ab:pro] Searching "antil" | queue=164 | words=25437
[w0:ab:pro] Turnstile mint hard timeout after 28000ms
[w0:ab:pro] Site Turnstile remint timed out (43664ms)
[w0:ab:pro] Turnstile token present (len=794)
[w0:ab:pro] Site Turnstile token (18750ms)
[w0:ab:pro] [api] 200 mode=pro startsWith=antil
[w0:ab:pro] [api] 200 mode=pro startsWith=antil (606ms direct)
[w0:ab:pro] "antil" → 65 records, 65 words
[w0:ab:pro] "antil" branch complete
[w0:ab:pro] Saved 25,502 worker words
[w0:ab:pro] Searching "antim" | queue=163 | words=25502
[w0:ab:pro] Pacing 13s before "antim" (gap=15500ms)
[w0:ab:pro] Managed Turnstile token (len=816, 11299ms, remount)
[w0:ab:pro] [api] 200 mode=pro startsWith=antim
[w0:ab:pro] [api] 200 mode=pro startsWith=antim (561ms direct)
[w0:ab:pro] "antim" → 100 records, 100 words
[w0:ab:pro] Pacing 14s before "antim" (gap=15500ms)
[w0:ab:pro] heartbeat words=25602 queue=163 rotation=7 idle=1s
[w0:ab:pro] Managed Turnstile token (len=794, 13719ms, reset)
[w0:ab:pro] [api] 200 mode=pro startsWith=antim
[w0:ab:pro] [api] 200 mode=pro startsWith=antim sort=alphabetical:desc (507ms direct)
[w0:ab:pro] "antim" full page ends at "antimitotics" (next='i'); skip 25 covered groups → 3 children reverse Z→A ends at "antimilitarisms" (lo='i' hi='y'); skip 15 middle + 80 new words
[w0:ab:pro] Saved 25,682 worker words
[w0:ab:pro] Searching "antin" | queue=165 | words=25682
[w0:ab:pro] Pacing 15s before "antin" (gap=15500ms)
[w0:ab:pro] Managed Turnstile token (len=794, 10285ms, reset)
[w0:ab:pro] [api] 200 mode=pro startsWith=antin
[w0:ab:pro] [api] 200 mode=pro startsWith=antin (789ms direct)
[w0:ab:pro] "antin" → 78 records, 78 words
[w0:ab:pro] "antin" branch complete
[w0:ab:pro] Saved 25,760 worker words
[w0:ab:pro] Searching "antio" | queue=164 | words=25760
[w0:ab:pro] Pacing 15s before "antio" (gap=15500ms)
[w0:ab:pro] Managed Turnstile token (len=794, 5039ms, reset)
[w0:ab:pro] [api] 200 mode=pro startsWith=antio
[w0:ab:pro] [api] 200 mode=pro startsWith=antio (492ms direct)
[w0:ab:pro] "antio" → 32 records, 32 words
[w0:ab:pro] "antio" branch complete
[w0:ab:pro] Saved 25,792 worker words
[w0:ab:pro] Searching "antip" | queue=163 | words=25792
[w0:ab:pro] Pacing 15s before "antip" (gap=15500ms)
[w0:ab:pro] Managed Turnstile token (len=816, 9291ms, reset)
[w0:ab:pro] heartbeat words=25792 queue=163 rotation=7 idle=7s
[w0:ab:pro] [api] 200 mode=pro startsWith=antip
[w0:ab:pro] [api] 200 mode=pro startsWith=antip (1082ms direct)
[w0:ab:pro] "antip" → 100 records, 100 words
[w0:ab:pro] Pacing 12s before "antip" (gap=15500ms)
[w0:ab:pro] Site Turnstile remint timed out (24828ms)
[w0:ab:pro] Site Turnstile remint timed out (26321ms)
[w0:ab:pro] heartbeat words=25892 queue=163 rotation=7 idle=6s
[w0:ab:pro] Turnstile mint hard timeout after 28000ms
[w0:ab:pro] Site Turnstile remint timed out (33301ms)
[w0:ab:pro] Turnstile mint hard timeout after 28000ms
[w0:ab:pro] "antip" reverse search failed (No Turnstile token for direct search); forward-only
[w0:ab:pro] "antip" full page ends at "antiphonic" (next='h'); skip 9 covered groups → 19 children from antiph..
[w0:ab:pro] Site Turnstile remint timed out (35234ms)
[w0:ab:pro] Saved 25,892 worker words
[w0:ab:pro] Searching "antiq" | queue=181 | words=25892
[w0:ab:pro] heartbeat words=25892 queue=181 rotation=7 idle=2s
[w0:ab:pro] Turnstile token present (len=816)
[w0:ab:pro] Site Turnstile token (24090ms)
[w0:ab:pro] [api] 200 mode=pro startsWith=antiq
[w0:ab:pro] [api] 200 mode=pro startsWith=antiq (916ms direct)
[w0:ab:pro] "antiq" → 39 records, 39 words (incl. exact "antiq")
[w0:ab:pro] "antiq" branch complete
[w0:ab:pro] Saved 25,931 worker words
[w0:ab:pro] Searching "antir" | queue=180 | words=25931
[w0:ab:pro] Pacing 12s before "antir" (gap=15500ms)
[w0:ab:pro] Turnstile token present (len=816)
[w0:ab:pro] Site Turnstile token (21082ms)
[w0:ab:pro] [api] 200 mode=pro startsWith=antir
[w0:ab:pro] [api] 200 mode=pro startsWith=antir (509ms direct)
[w0:ab:pro] "antir" → 100 records, 100 words
[w0:ab:pro] Pacing 15s before "antir" (gap=15500ms)
[w0:ab:pro] heartbeat words=26031 queue=180 rotation=7 idle=13s
[w0:ab:pro] Site Turnstile remint timed out (23057ms)
[w0:ab:pro] Turnstile token present (len=837)
[w0:ab:pro] Site Turnstile token (20608ms)
[w0:ab:pro] [api] 200 mode=pro startsWith=antir
[w0:ab:pro] [api] 200 mode=pro startsWith=antir sort=alphabetical:desc (527ms direct)
[w0:ab:pro] "antir" full page ends at "antiroyalists" (next='o'); skip 22 covered groups → 6 children reverse Z→A ends at "antirachitics" (lo='a' hi='u'); skip 19 middle + 4 new words
[w0:ab:pro] Saved 26,035 worker words
[w0:ab:pro] Searching "antis" | queue=185 | words=26035
[w0:ab:pro] Pacing 15s before "antis" (gap=15500ms)
[w0:ab:pro] Turnstile mint hard timeout after 28000ms
[w0:ab:pro] heartbeat words=26035 queue=185 rotation=7 idle=1s
[w0:ab:pro] Site Turnstile remint timed out (29317ms)
[w0:ab:pro] Turnstile mint hard timeout after 28000ms
[w0:ab:pro] Site Turnstile remint timed out (31833ms)
[w0:ab:pro] Turnstile token present (len=816)
[w0:ab:pro] Site Turnstile token (20380ms)
[w0:ab:pro] [api] 200 mode=pro startsWith=antis
[w0:ab:pro] [api] 200 mode=pro startsWith=antis (593ms direct)
[w0:ab:pro] "antis" → 100 records, 100 words (incl. exact "antis")
[w0:ab:pro] Pacing 15s before "antis" (gap=15500ms)
[w0:ab:pro] heartbeat words=26135 queue=185 rotation=7 idle=11s
[w0:ab:pro] Site Turnstile remint timed out (26029ms)
[w0:ab:pro] Site Turnstile remint timed out (25542ms)
[w0:ab:pro] heartbeat words=26135 queue=185 rotation=7 idle=20s
[w0:ab:pro] Site Turnstile remint timed out (24469ms)
[w0:ab:pro] Turnstile mint hard timeout after 28000ms
[w0:ab:pro] Site Turnstile remint timed out (28452ms)
[w0:ab:pro] heartbeat words=26135 queue=185 rotation=7 idle=27s
[w0:ab:pro] Turnstile mint hard timeout after 28000ms
[w0:ab:pro] "antis" reverse search failed (No Turnstile token for direct search); forward-only
[w0:ab:pro] "antis" full page ends at "antislip" (next='l'); skip 13 covered groups → 15 children from antisl..
[w0:ab:pro] Site Turnstile remint timed out (30979ms)
[w0:ab:pro] Saved 26,135 worker words; shared last.txt now 295,042
[w0:ab:pro] Searching "antit" | queue=199 | words=26135
[w0:ab:pro] Site Turnstile remint timed out (22585ms)
[w0:ab:pro] heartbeat words=26135 queue=199 rotation=7 idle=12s
[w0:ab:pro] Turnstile mint hard timeout after 28000ms
[w0:ab:pro] Site Turnstile remint timed out (29982ms)
[w0:ab:pro] Turnstile mint hard timeout after 28000ms
[w0:ab:pro] Site Turnstile remint timed out (36815ms)
[w0:ab:pro] heartbeat words=26135 queue=199 rotation=7 idle=7s
[w0:ab:pro] Site Turnstile remint timed out (28338ms)
[w0:ab:pro] Failed "antit" attempt 1: No Turnstile token for direct search
[w0:ab:pro] Saved 26,135 worker words
[w0:ab:pro] Turnstile miss — soft reload before rotate
[w0:ab:pro] Site Turnstile remint timed out (1105887ms)
[w0:ab:pro] Turnstile mint hard timeout after 15000ms
[w0:ab:pro] Soft reload mint failed — rotating immediately
[w0:ab:pro] Site Turnstile remint timed out (23147ms)
[w0:ab:pro] heartbeat words=26135 queue=200 rotation=8 idle=19s
[w0:ab:pro] Tor exited code=null
[w0:ab:pro] Starting Tor gen=10 socks=127.0.0.1:19050 (try 1)
[w0:ab:pro] tor: Aug 05 10:38:21.553 [notice] Opening Socks listener on 127.0.0.1:19050
Aug 05 10:38:21.553 [notice] Opened Socks listener connection (ready) on 127.0.0.1:19050

[w0:ab:pro] tor: Aug 05 10:38:23.000 [notice] Bootstrapped 0% (starting): Starting
Aug 05 10:38:23.000 [notice] Starting with guard context "default"
[w0:ab:pro] tor: Aug 05 10:38:24.000 [notice] Bootstrapped 5% (conn): Connecting to a relay
[w0:ab:pro] tor: Aug 05 10:38:24.000 [notice] Bootstrapped 10% (conn_done): Connected to a relay
[w0:ab:pro] heartbeat words=26135 queue=200 rotation=8 idle=50s
[w0:ab:pro] tor: Aug 05 10:39:33.000 [notice] Bootstrapped 14% (handshake): Handshaking with a relay
[w0:ab:pro] tor: Aug 05 10:39:38.000 [notice] Bootstrapped 15% (handshake_done): Handshake with a relay done
Aug 05 10:39:38.000 [notice] Bootstrapped 20% (onehop_create): Estab
[w0:ab:pro] tor: Aug 05 10:39:38.000 [notice] Bootstrapped 25% (requesting_status): Asking for networkstatus consensus
Aug 05 10:39:38.000 [notice] Bootstrapped 30% (loading_sta
[w0:ab:pro] tor: Aug 05 10:39:41.000 [notice] Bootstrapped 40% (loading_keys): Loading authority key certs
[w0:ab:pro] tor: Aug 05 10:39:43.000 [notice] The current consensus has no exit nodes. Tor can only build internal paths, such as paths to onion services.
Aug 05 10:39:43.000 [n
[w0:ab:pro] tor: Aug 05 10:39:45.000 [notice] Bootstrapped 50% (loading_descriptors): Loading relay descriptors
[w0:ab:pro] heartbeat words=26135 queue=200 rotation=8 idle=29s
[w0:ab:pro] tor: Aug 05 10:40:17.000 [notice] Bootstrapped 55% (loading_descriptors): Loading relay descriptors
[w0:ab:pro] tor: Aug 05 10:40:23.000 [notice] Bootstrapped 61% (loading_descriptors): Loading relay descriptors
[w0:ab:pro] tor: Aug 05 10:40:25.000 [notice] Bootstrapped 67% (loading_descriptors): Loading relay descriptors
[w0:ab:pro] tor: Aug 05 10:40:29.000 [notice] Bootstrapped 75% (enough_dirinfo): Loaded enough directory info to build circuits
[w0:ab:pro] tor: Aug 05 10:40:29.000 [notice] Bootstrapped 90% (ap_handshake_done): Handshake finished with a relay to build circuits
Aug 05 10:40:29.000 [notice] Bootstrapped 9
[w0:ab:pro] tor: Aug 05 10:40:35.000 [notice] Bootstrapped 100% (done): Done
[w0:ab:pro] Tor ready on 19050 exit=109.70.100.3
[w0:ab:pro] Rotating IP (#8, try 1) after No Turnstile token for direct search → tor#9 socks5://127.0.0.1:19050
[w0:ab:pro] Launching persistent Chrome profile /tmp/lll-pw-w0-r8
[w0:ab:pro] Proxy tor#9 socks5://127.0.0.1:19050
[w0:ab:pro] Opening https://lastletterlibrary.com
[w0:ab:pro] Library mode=pro
[w0:ab:pro] Managed Turnstile token (len=816, 11116ms, remount)
[w0:ab:pro] Search mode=direct (skip UI Wait Ns… gate)
[w0:ab:pro] Cleaned 1 old rotated profile(s)
[w0:ab:pro] heartbeat words=26135 queue=200 rotation=8 idle=1s
[w0:ab:pro] Browser exit IP=109.70.100.3 (unique)
[w0:ab:pro] Searching "antit" | queue=199 | words=26135
[w0:ab:pro] [api] 200 mode=pro startsWith=antit
[w0:ab:pro] [api] 200 mode=pro startsWith=antit (594ms direct)
[w0:ab:pro] "antit" → 100 records, 100 words
[w0:ab:pro] Pacing 15s before "antit" (gap=15500ms)
[w0:ab:pro] Managed Turnstile token (len=816, 8163ms, reset)
[w0:ab:pro] [api] 200 mode=pro startsWith=antit
[w0:ab:pro] [api] 200 mode=pro startsWith=antit sort=alphabetical:desc (633ms direct)
[w0:ab:pro] "antit" full page ends at "antitypy" (next='y'); skip 26 covered groups → 2 children reverse Z→A ends at "antitakeover" (lo='a' hi='y'); skip 23 middle + 0 new words
[w0:ab:pro] Saved 26,203 worker words
[w0:ab:pro] Searching "antiz" | queue=200 | words=26203
[w0:ab:pro] Pacing 14s before "antiz" (gap=15500ms)
[w0:ab:pro] Managed Turnstile token (len=816, 15285ms, reset)
[w0:ab:pro] [api] 200 mode=pro startsWith=antiz
[w0:ab:pro] [api] 200 mode=pro startsWith=antiz (588ms direct)
[w0:ab:pro] "antiz" → 3 records, 3 words
[w0:ab:pro] "antiz" branch complete
[w0:ab:pro] Saved 26,203 worker words
[w0:ab:pro] Searching "appen" | queue=199 | words=26203
[w0:ab:pro] Pacing 14s before "appen" (gap=15500ms)
[w0:ab:pro] Turnstile token present (len=816)
[w0:ab:pro] Site Turnstile token (19367ms)
[w0:ab:pro] [api] 200 mode=pro startsWith=appen
[w0:ab:pro] [api] 200 mode=pro startsWith=appen (681ms direct)
[w0:ab:pro] "appen" → 46 records, 46 words
[w0:ab:pro] "appen" branch complete
[w0:ab:pro] Saved 26,210 worker words
[w0:ab:pro] Searching "appeo" | queue=198 | words=26210
[w0:ab:pro] Pacing 14s before "appeo" (gap=15500ms)
[w0:ab:pro] heartbeat words=26210 queue=198 rotation=8 idle=5s
[w0:ab:pro] Managed Turnstile token (len=816, 13097ms, remount)
[w0:ab:pro] [api] 200 mode=pro startsWith=appeo
[w0:ab:pro] [api] 200 mode=pro startsWith=appeo (633ms direct)
[w0:ab:pro] "appeo" → 0 records, 0 words
[w0:ab:pro] "appeo" branch complete
[w0:ab:pro] Saved 26,210 worker words
[w0:ab:pro] Searching "appep" | queue=197 | words=26210
[w0:ab:pro] Pacing 11s before "appep" (gap=15500ms)
[w0:ab:pro] Turnstile mint hard timeout after 28000ms
[w0:ab:pro] Site Turnstile remint timed out (30464ms)
[w0:ab:pro] Managed Turnstile token (len=816, 16821ms, remount)
[w0:ab:pro] [api] 200 mode=pro startsWith=appep
[w0:ab:pro] [api] 200 mode=pro startsWith=appep (692ms direct)
[w0:ab:pro] "appep" → 0 records, 0 words
[w0:ab:pro] "appep" branch complete
[w0:ab:pro] Saved 26,210 worker words
[w0:ab:pro] Searching "appeq" | queue=196 | words=26210
[w0:ab:pro] Pacing 15s before "appeq" (gap=15500ms)
[w0:ab:pro] heartbeat words=26210 queue=196 rotation=8 idle=3s
[w0:ab:pro] Managed Turnstile token (len=816, 16003ms, reset)
[w0:ab:pro] [api] 200 mode=pro startsWith=appeq
[w0:ab:pro] [api] 200 mode=pro startsWith=appeq (700ms direct)
[w0:ab:pro] "appeq" → 0 records, 0 words
[w0:ab:pro] "appeq" branch complete
[w0:ab:pro] Saved 26,210 worker words
[w0:ab:pro] Searching "apper" | queue=195 | words=26210
[w0:ab:pro] Pacing 14s before "apper" (gap=15500ms)
[w0:ab:pro] Managed Turnstile token (len=816, 9379ms, reset)
[w0:ab:pro] [api] 200 mode=pro startsWith=apper
[w0:ab:pro] [api] 200 mode=pro startsWith=apper (560ms direct)
[w0:ab:pro] "apper" → 25 records, 25 words
[w0:ab:pro] "apper" branch complete
[w0:ab:pro] Saved 26,235 worker words; shared last.txt now 296,101
[w0:ab:pro] Searching "appes" | queue=194 | words=26235
[w0:ab:pro] Pacing 3s before "appes" (gap=15500ms)
[w0:ab:pro] Turnstile token present (len=816)
[w0:ab:pro] Site Turnstile token (26532ms)
[w0:ab:pro] [api] 200 mode=pro startsWith=appes
[w0:ab:pro] [api] 200 mode=pro startsWith=appes (788ms direct)
[w0:ab:pro] "appes" → 2 records, 2 words
[w0:ab:pro] "appes" branch complete
[w0:ab:pro] Saved 26,237 worker words
[w0:ab:pro] Searching "appet" | queue=193 | words=26237
[w0:ab:pro] heartbeat words=26237 queue=193 rotation=8 idle=0s
[w0:ab:pro] Pacing 11s before "appet" (gap=15500ms)
[w0:ab:pro] Turnstile mint hard timeout after 28000ms
[w0:ab:pro] Site Turnstile remint timed out (29871ms)
[w0:ab:pro] Site Turnstile remint timed out (23421ms)
[w0:ab:pro] heartbeat words=26237 queue=193 rotation=8 idle=10s
[w0:ab:pro] Site Turnstile remint timed out (23716ms)
[w0:ab:pro] Turnstile token present (len=816)
[w0:ab:pro] Site Turnstile token (20384ms)
[w0:ab:pro] [api] 200 mode=pro startsWith=appet
[w0:ab:pro] [api] 200 mode=pro startsWith=appet (510ms direct)
[w0:ab:pro] "appet" → 36 records, 36 words
[w0:ab:pro] "appet" branch complete
[w0:ab:pro] Saved 26,273 worker words
[w0:ab:pro] Searching "appeu" | queue=192 | words=26273
[w0:ab:pro] Pacing 15s before "appeu" (gap=15500ms)
[w0:ab:pro] heartbeat words=26273 queue=192 rotation=8 idle=25s
[w0:ab:pro] Turnstile mint hard timeout after 28000ms
[w0:ab:pro] Site Turnstile remint timed out (28204ms)
[w0:ab:pro] Site Turnstile remint timed out (25009ms)
[w0:ab:pro] Site Turnstile remint timed out (25200ms)
[w0:ab:pro] heartbeat words=26273 queue=192 rotation=8 idle=7s
[w0:ab:pro] Turnstile mint hard timeout after 28000ms
[w0:ab:pro] Failed "appeu" attempt 1: No Turnstile token for direct search
[w0:ab:pro] Saved 26,273 worker words
[w0:ab:pro] Turnstile miss — soft reload before rotate
[w0:ab:pro] Site Turnstile remint timed out (34493ms)
[w0:ab:pro] heartbeat words=26273 queue=193 rotation=8 idle=33s
[w0:ab:pro] Turnstile mint hard timeout after 15000ms
[w0:ab:pro] Soft reload mint failed — rotating immediately
[w0:ab:pro] Site Turnstile remint timed out (25287ms)
[w0:ab:pro] Tor exited code=0
[w0:ab:pro] Starting Tor gen=11 socks=127.0.0.1:19050 (try 1)
[w0:ab:pro] tor: Aug 05 10:48:44.134 [notice] Tor 0.4.8.12 running on Darwin with Libevent 2.1.12-stable, OpenSSL 3.6.3, Zlib 1.2.12, Liblzma N/A, Libzstd N/A and Unknown N/A as
[w0:ab:pro] tor: Aug 05 10:48:44.000 [notice] Bootstrapped 0% (starting): Starting
[w0:ab:pro] tor: Aug 05 10:48:45.000 [notice] Bootstrapped 5% (conn): Connecting to a relay
[w0:ab:pro] tor: Aug 05 10:48:45.000 [notice] Bootstrapped 10% (conn_done): Connected to a relay
[w0:ab:pro] heartbeat words=26273 queue=193 rotation=9 idle=29s
[w0:ab:pro] tor: Aug 05 10:49:54.000 [notice] Bootstrapped 14% (handshake): Handshaking with a relay
[w0:ab:pro] tor: Aug 05 10:49:55.000 [notice] Bootstrapped 15% (handshake_done): Handshake with a relay done
Aug 05 10:49:55.000 [notice] Bootstrapped 20% (onehop_create): Estab
[w0:ab:pro] tor: Aug 05 10:49:55.000 [notice] Bootstrapped 25% (requesting_status): Asking for networkstatus consensus
[w0:ab:pro] tor: Aug 05 10:49:55.000 [notice] Bootstrapped 30% (loading_status): Loading networkstatus consensus
[w0:ab:pro] tor: Aug 05 10:49:58.000 [notice] Bootstrapped 40% (loading_keys): Loading authority key certs
[w0:ab:pro] tor: Aug 05 10:49:59.000 [notice] Bootstrapped 45% (requesting_descriptors): Asking for relay descriptors
Aug 05 10:49:59.000 [notice] I learned some more directory 
[w0:ab:pro] tor: Aug 05 10:50:00.000 [notice] Bootstrapped 50% (loading_descriptors): Loading relay descriptors
[w0:ab:pro] heartbeat words=26273 queue=193 rotation=9 idle=15s
[w0:ab:pro] tor: Aug 05 10:50:40.000 [notice] Bootstrapped 55% (loading_descriptors): Loading relay descriptors
[w0:ab:pro] tor: Aug 05 10:50:59.000 [notice] Bootstrapped 61% (loading_descriptors): Loading relay descriptors
[w0:ab:pro] tor: Aug 05 10:51:04.000 [notice] Bootstrapped 67% (loading_descriptors): Loading relay descriptors
[w0:ab:pro] tor: Aug 05 10:51:07.000 [notice] Bootstrapped 75% (enough_dirinfo): Loaded enough directory info to build circuits
[w0:ab:pro] tor: Aug 05 10:51:09.000 [notice] Bootstrapped 90% (ap_handshake_done): Handshake finished with a relay to build circuits
Aug 05 10:51:09.000 [notice] Bootstrapped 9
[w0:ab:pro] tor: Aug 05 10:51:14.000 [notice] Bootstrapped 100% (done): Done
[w0:ab:pro] heartbeat words=26273 queue=193 rotation=9 idle=1s
[w0:ab:pro] Tor ready on 19050 exit=192.42.116.19
[w0:ab:pro] Rotating IP (#9, try 1) after No Turnstile token for direct search → tor#10 socks5://127.0.0.1:19050
[w0:ab:pro] Launching persistent Chrome profile /tmp/lll-pw-w0-r9
[w0:ab:pro] Proxy tor#10 socks5://127.0.0.1:19050
[w0:ab:pro] Opening https://lastletterlibrary.com
[w0:ab:pro] Library mode=pro
[w0:ab:pro] Managed Turnstile token (len=816, 12505ms, remount)
[w0:ab:pro] Search mode=direct (skip UI Wait Ns… gate)
[w0:ab:pro] Cleaned 1 old rotated profile(s)
[w0:ab:pro] Browser exit IP=109.70.100.9 (unique)
[w0:ab:pro] Searching "appeu" | queue=192 | words=26273
[w0:ab:pro] [api] 200 mode=pro startsWith=appeu
[w0:ab:pro] [api] 200 mode=pro startsWith=appeu (983ms direct)
[w0:ab:pro] "appeu" → 0 records, 0 words
[w0:ab:pro] "appeu" branch complete
[w0:ab:pro] heartbeat words=26273 queue=192 rotation=9 idle=5s
[w0:ab:pro] Saved 26,273 worker words
[w0:ab:pro] Searching "appev" | queue=191 | words=26273
[w0:ab:pro] Pacing 7s before "appev" (gap=15500ms)
[w0:ab:pro] Managed Turnstile token (len=816, 16393ms, reset)
[w0:ab:pro] [api] 200 mode=pro startsWith=appev
[w0:ab:pro] [api] 200 mode=pro startsWith=appev (634ms direct)
[w0:ab:pro] "appev" → 0 records, 0 words
[w0:ab:pro] "appev" branch complete
[w0:ab:pro] Saved 26,273 worker words
[w0:ab:pro] Searching "appew" | queue=190 | words=26273
[w0:ab:pro] Pacing 14s before "appew" (gap=15500ms)
[w0:ab:pro] Managed Turnstile token (len=816, 7473ms, reset)
[w0:ab:pro] [api] 200 mode=pro startsWith=appew
[w0:ab:pro] [api] 200 mode=pro startsWith=appew (536ms direct)
[w0:ab:pro] "appew" → 0 records, 0 words
[w0:ab:pro] "appew" branch complete
[w0:ab:pro] Saved 26,273 worker words
[w0:ab:pro] Searching "appex" | queue=189 | words=26273
[w0:ab:pro] Pacing 15s before "appex" (gap=15500ms)
[w0:ab:pro] Managed Turnstile token (len=816, 4555ms, reset)
[w0:ab:pro] [api] 200 mode=pro startsWith=appex
[w0:ab:pro] [api] 200 mode=pro startsWith=appex (545ms direct)
[w0:ab:pro] "appex" → 0 records, 0 words
[w0:ab:pro] "appex" branch complete
[w0:ab:pro] Saved 26,273 worker words
[w0:ab:pro] Searching "appey" | queue=188 | words=26273
[w0:ab:pro] Pacing 15s before "appey" (gap=15500ms)
[w0:ab:pro] Managed Turnstile token (len=816, 5280ms, reset)
[w0:ab:pro] [api] 200 mode=pro startsWith=appey
[w0:ab:pro] [api] 200 mode=pro startsWith=appey (766ms direct)
[w0:ab:pro] "appey" → 0 records, 0 words
[w0:ab:pro] "appey" branch complete
[w0:ab:pro] Saved 26,273 worker words; shared last.txt now 297,455
[w0:ab:pro] Searching "appez" | queue=187 | words=26273
[w0:ab:pro] heartbeat words=26273 queue=187 rotation=9 idle=0s
[w0:ab:pro] Pacing 14s before "appez" (gap=15500ms)
[w0:ab:pro] Managed Turnstile token (len=816, 8049ms, reset)
[w0:ab:pro] [api] 200 mode=pro startsWith=appez
[w0:ab:pro] [api] 200 mode=pro startsWith=appez (615ms direct)
[w0:ab:pro] "appez" → 0 records, 0 words
[w0:ab:pro] "appez" branch complete
[w0:ab:pro] Saved 26,273 worker words
[w0:ab:pro] Searching "appro" | queue=186 | words=26273
[w0:ab:pro] Pacing 15s before "appro" (gap=15500ms)
[w0:ab:pro] Managed Turnstile token (len=816, 12517ms, reset)
[w0:ab:pro] [api] 200 mode=pro startsWith=appro
[w0:ab:pro] [api] 200 mode=pro startsWith=appro (477ms direct)
[w0:ab:pro] "appro" → 90 records, 90 words (incl. exact "appro")
[w0:ab:pro] "appro" branch complete
[w0:ab:pro] Saved 26,273 worker words
[w0:ab:pro] Searching "apprp" | queue=185 | words=26273
[w0:ab:pro] Pacing 15s before "apprp" (gap=15500ms)
[w0:ab:pro] Turnstile token present (len=816)
[w0:ab:pro] Site Turnstile token (22642ms)
[w0:ab:pro] [api] 200 mode=pro startsWith=apprp
[w0:ab:pro] [api] 200 mode=pro startsWith=apprp (863ms direct)
[w0:ab:pro] "apprp" → 0 records, 0 words
[w0:ab:pro] "apprp" branch complete
[w0:ab:pro] Saved 26,273 worker words
[w0:ab:pro] Searching "apprq" | queue=184 | words=26273
[w0:ab:pro] Pacing 14s before "apprq" (gap=15500ms)
[w0:ab:pro] heartbeat words=26273 queue=184 rotation=9 idle=11s
[w0:ab:pro] Turnstile token present (len=816)
[w0:ab:pro] Site Turnstile token (25870ms)
[w0:ab:pro] [api] 200 mode=pro startsWith=apprq
[w0:ab:pro] [api] 200 mode=pro startsWith=apprq (502ms direct)
[w0:ab:pro] "apprq" → 0 records, 0 words
[w0:ab:pro] "apprq" branch complete
[w0:ab:pro] Saved 26,273 worker words
[w0:ab:pro] Searching "apprr" | queue=183 | words=26273
[w0:ab:pro] Pacing 14s before "apprr" (gap=15500ms)
[w0:ab:pro] Site Turnstile remint timed out (26807ms)
[w0:ab:pro] heartbeat words=26273 queue=183 rotation=9 idle=18s
[w0:ab:pro] Site Turnstile remint timed out (27740ms)
[w0:ab:pro] Turnstile mint hard timeout after 28000ms
[w0:ab:pro] Turnstile token present (len=794)
[w0:ab:pro] Site Turnstile token (30020ms)
[w0:ab:pro] Turnstile token present (len=816)
[w0:ab:pro] Site Turnstile token (19672ms)
[w0:ab:pro] heartbeat words=26273 queue=183 rotation=9 idle=0s
[w0:ab:pro] [api] 200 mode=pro startsWith=apprr
[w0:ab:pro] [api] 200 mode=pro startsWith=apprr (1370ms direct)
[w0:ab:pro] "apprr" → 0 records, 0 words
[w0:ab:pro] "apprr" branch complete
[w0:ab:pro] Saved 26,273 worker words
[w0:ab:pro] Searching "apprs" | queue=182 | words=26273
[w0:ab:pro] Pacing 15s before "apprs" (gap=15500ms)
[w0:ab:pro] Managed Turnstile token (len=816, 6579ms, remount)
[w0:ab:pro] [api] 429 mode=pro startsWith=apprs
[w0:ab:pro] [api] 429 mode=pro startsWith=apprs (463ms direct)
[w0:ab:pro] Learned server gap ≈ 15500ms (wait hint 2000ms)
[w0:ab:pro] Rate limited — inline wait 2000ms then retry "apprs"
[w0:ab:pro] Site Turnstile remint timed out (25231ms)
[w0:ab:pro] heartbeat words=26273 queue=182 rotation=9 idle=19s
[w0:ab:pro] Turnstile token present (len=816)
[w0:ab:pro] Site Turnstile token (27839ms)
[w0:ab:pro] [api] 200 mode=pro startsWith=apprs
[w0:ab:pro] [api] 200 mode=pro startsWith=apprs (582ms direct)
[w0:ab:pro] "apprs" → 0 records, 0 words
[w0:ab:pro] "apprs" branch complete
[w0:ab:pro] Saved 26,273 worker words
[w0:ab:pro] Searching "apprt" | queue=181 | words=26273
[w0:ab:pro] Pacing 13s before "apprt" (gap=15500ms)
[w0:ab:pro] Site Turnstile remint timed out (25871ms)
[w0:ab:pro] heartbeat words=26273 queue=181 rotation=9 idle=24s
[w0:ab:pro] Turnstile mint hard timeout after 28000ms
[w0:ab:pro] Site Turnstile remint timed out (29884ms)
[w0:ab:pro] Site Turnstile remint timed out (24495ms)
[w0:ab:pro] Site Turnstile remint timed out (26917ms)
[w0:ab:pro] Failed "apprt" attempt 1: No Turnstile token for direct search
[w0:ab:pro] Saved 26,273 worker words
[w0:ab:pro] Turnstile miss — soft reload before rotate
[w0:ab:pro] heartbeat words=26273 queue=182 rotation=9 idle=3s
[w0:ab:pro] Turnstile token present (len=816)
[w0:ab:pro] Site Turnstile token (9794ms)
[w0:ab:pro] Searching "apprt" | queue=181 | words=26273
[w0:ab:pro] [api] 200 mode=pro startsWith=apprt
[w0:ab:pro] [api] 200 mode=pro startsWith=apprt (601ms direct)
[w0:ab:pro] "apprt" → 0 records, 0 words
[w0:ab:pro] "apprt" branch complete
[w0:ab:pro] Saved 26,273 worker words; shared last.txt now 298,500
[w0:ab:pro] Searching "appru" | queue=180 | words=26273
[w0:ab:pro] Pacing 15s before "appru" (gap=15500ms)
[w0:ab:pro] Managed Turnstile token (len=816, 7256ms, remount)
[w0:ab:pro] [api] 200 mode=pro startsWith=appru
[w0:ab:pro] [api] 200 mode=pro startsWith=appru (552ms direct)
[w0:ab:pro] "appru" → 0 records, 0 words
[w0:ab:pro] "appru" branch complete
[w0:ab:pro] Saved 26,273 worker words
[w0:ab:pro] Searching "apprv" | queue=179 | words=26273
[w0:ab:pro] Pacing 15s before "apprv" (gap=15500ms)
[w0:ab:pro] Managed Turnstile token (len=816, 4060ms, reset)
[w0:ab:pro] [api] 200 mode=pro startsWith=apprv
[w0:ab:pro] [api] 200 mode=pro startsWith=apprv (2309ms direct)
[w0:ab:pro] "apprv" → 0 records, 0 words
[w0:ab:pro] "apprv" branch complete
[w0:ab:pro] Saved 26,273 worker words
[w0:ab:pro] Searching "apprw" | queue=178 | words=26273
[w0:ab:pro] Pacing 14s before "apprw" (gap=15500ms)
[w0:ab:pro] Managed Turnstile token (len=816, 3734ms, reset)
[w0:ab:pro] [api] 429 mode=pro startsWith=apprw
[w0:ab:pro] [api] 429 mode=pro startsWith=apprw (608ms direct)
[w0:ab:pro] Learned server gap ≈ 15500ms (wait hint 3000ms)
[w0:ab:pro] Rate limited — inline wait 3000ms then retry "apprw"
[w0:ab:pro] heartbeat words=26273 queue=178 rotation=9 idle=3s
[w0:ab:pro] Managed Turnstile token (len=816, 4443ms, reset)
[w0:ab:pro] [api] 200 mode=pro startsWith=apprw
[w0:ab:pro] [api] 200 mode=pro startsWith=apprw (504ms direct)
[w0:ab:pro] "apprw" → 0 records, 0 words
[w0:ab:pro] "apprw" branch complete
[w0:ab:pro] Saved 26,273 worker words
[w0:ab:pro] Searching "apprx" | queue=177 | words=26273
[w0:ab:pro] Pacing 15s before "apprx" (gap=15500ms)
[w0:ab:pro] Managed Turnstile token (len=816, 5060ms, reset)
[w0:ab:pro] [api] 200 mode=pro startsWith=apprx
[w0:ab:pro] [api] 200 mode=pro startsWith=apprx (472ms direct)
[w0:ab:pro] "apprx" → 0 records, 0 words
[w0:ab:pro] "apprx" branch complete
[w0:ab:pro] Saved 26,273 worker words
[w0:ab:pro] Searching "appry" | queue=176 | words=26273
[w0:ab:pro] Pacing 15s before "appry" (gap=15500ms)
[w0:ab:pro] Managed Turnstile token (len=816, 4115ms, reset)
[w0:ab:pro] [api] 200 mode=pro startsWith=appry
[w0:ab:pro] [api] 200 mode=pro startsWith=appry (549ms direct)
[w0:ab:pro] "appry" → 0 records, 0 words
[w0:ab:pro] "appry" branch complete
[w0:ab:pro] Saved 26,273 worker words
[w0:ab:pro] Searching "apprz" | queue=175 | words=26273
[w0:ab:pro] Pacing 15s before "apprz" (gap=15500ms)
[w0:ab:pro] Managed Turnstile token (len=816, 6860ms, reset)
[w0:ab:pro] [api] 200 mode=pro startsWith=apprz
[w0:ab:pro] [api] 200 mode=pro startsWith=apprz (686ms direct)
[w0:ab:pro] "apprz" → 0 records, 0 words
[w0:ab:pro] "apprz" branch complete
[w0:ab:pro] Saved 26,273 worker words
[w0:ab:pro] Searching "aquav" | queue=174 | words=26273
[w0:ab:pro] Pacing 15s before "aquav" (gap=15500ms)
[w0:ab:pro] heartbeat words=26273 queue=174 rotation=9 idle=11s
[w0:ab:pro] Managed Turnstile token (len=816, 12206ms, reset)
[w0:ab:pro] [api] 200 mode=pro startsWith=aquav
[w0:ab:pro] [api] 200 mode=pro startsWith=aquav (927ms direct)
[w0:ab:pro] "aquav" → 2 records, 2 words
[w0:ab:pro] "aquav" branch complete
[w0:ab:pro] Saved 26,273 worker words
[w0:ab:pro] Searching "aquaw" | queue=173 | words=26273
[w0:ab:pro] Pacing 12s before "aquaw" (gap=15500ms)
[w0:ab:pro] Managed Turnstile token (len=816, 19087ms, remount)
[w0:ab:pro] [api] 200 mode=pro startsWith=aquaw
[w0:ab:pro] [api] 200 mode=pro startsWith=aquaw (507ms direct)
[w0:ab:pro] "aquaw" → 0 records, 0 words
[w0:ab:pro] "aquaw" branch complete
[w0:ab:pro] Saved 26,273 worker words; shared last.txt now 298,848
[w0:ab:pro] Searching "aquax" | queue=172 | words=26273
[w0:ab:pro] Pacing 8s before "aquax" (gap=15500ms)
[w0:ab:pro] Managed Turnstile token (len=816, 11622ms, reset)
[w0:ab:pro] [api] 200 mode=pro startsWith=aquax
[w0:ab:pro] [api] 200 mode=pro startsWith=aquax (520ms direct)
[w0:ab:pro] "aquax" → 0 records, 0 words
[w0:ab:pro] "aquax" branch complete
[w0:ab:pro] Saved 26,273 worker words
[w0:ab:pro] Searching "aquay" | queue=171 | words=26273
[w0:ab:pro] Pacing 14s before "aquay" (gap=15500ms)
[w0:ab:pro] heartbeat words=26273 queue=171 rotation=9 idle=17s
[w0:ab:pro] Turnstile token present (len=816)
[w0:ab:pro] Site Turnstile token (20670ms)
[w0:ab:pro] [api] 200 mode=pro startsWith=aquay
[w0:ab:pro] [api] 200 mode=pro startsWith=aquay (477ms direct)
[w0:ab:pro] "aquay" → 0 records, 0 words
[w0:ab:pro] "aquay" branch complete
[w0:ab:pro] Saved 26,273 worker words
[w0:ab:pro] Searching "aquaz" | queue=170 | words=26273
[w0:ab:pro] Pacing 15s before "aquaz" (gap=15500ms)
[w0:ab:pro] Managed Turnstile token (len=816, 4872ms, remount)
[w0:ab:pro] [api] 200 mode=pro startsWith=aquaz
[w0:ab:pro] [api] 200 mode=pro startsWith=aquaz (538ms direct)
[w0:ab:pro] "aquaz" → 0 records, 0 words
[w0:ab:pro] "aquaz" branch complete
[w0:ab:pro] Saved 26,273 worker words
[w0:ab:pro] Searching "archb" | queue=169 | words=26273
[w0:ab:pro] Pacing 15s before "archb" (gap=15500ms)
[w0:ab:pro] Managed Turnstile token (len=816, 5426ms, reset)
[w0:ab:pro] [api] 200 mode=pro startsWith=archb
[w0:ab:pro] [api] 200 mode=pro startsWith=archb (532ms direct)
[w0:ab:pro] "archb" → 7 records, 7 words
[w0:ab:pro] "archb" branch complete
[w0:ab:pro] Saved 26,279 worker words
[w0:ab:pro] Searching "archc" | queue=168 | words=26279
[w0:ab:pro] Pacing 15s before "archc" (gap=15500ms)
[w0:ab:pro] Managed Turnstile token (len=816, 5394ms, reset)
[w0:ab:pro] [api] 200 mode=pro startsWith=archc
[w0:ab:pro] [api] 200 mode=pro startsWith=archc (587ms direct)
[w0:ab:pro] "archc" → 11 records, 11 words
[w0:ab:pro] "archc" branch complete
[w0:ab:pro] Saved 26,290 worker words
[w0:ab:pro] Searching "archd" | queue=167 | words=26290
[w0:ab:pro] Pacing 14s before "archd" (gap=15500ms)
[w0:ab:pro] heartbeat words=26290 queue=167 rotation=9 idle=8s
[w0:ab:pro] Managed Turnstile token (len=816, 10865ms, reset)
[w0:ab:pro] [api] 200 mode=pro startsWith=archd
[w0:ab:pro] [api] 200 mode=pro startsWith=archd (842ms direct)
[w0:ab:pro] "archd" → 28 records, 28 words
[w0:ab:pro] "archd" branch complete
[w0:ab:pro] Saved 26,318 worker words
[w0:ab:pro] Searching "arche" | queue=166 | words=26318
[w0:ab:pro] Pacing 13s before "arche" (gap=15500ms)
[w0:ab:pro] Turnstile token present (len=816)
[w0:ab:pro] Site Turnstile token (20435ms)
[w0:ab:pro] [api] 200 mode=pro startsWith=arche
[w0:ab:pro] [api] 200 mode=pro startsWith=arche (765ms direct)
[w0:ab:pro] "arche" → 77 records, 77 words (incl. exact "arche")
[w0:ab:pro] "arche" branch complete
[w0:ab:pro] Saved 26,395 worker words
[w0:ab:pro] Searching "archf" | queue=165 | words=26395
[w0:ab:pro] Pacing 14s before "archf" (gap=15500ms)
[w0:ab:pro] Site Turnstile remint timed out (23658ms)
[w0:ab:pro] heartbeat words=26395 queue=165 rotation=9 idle=6s
[w0:ab:pro] Site Turnstile remint timed out (24851ms)
[w0:ab:pro] Turnstile token present (len=816)
[w0:ab:pro] Site Turnstile token (22752ms)
[w0:ab:pro] [api] 200 mode=pro startsWith=archf
[w0:ab:pro] [api] 200 mode=pro startsWith=archf (631ms direct)
[w0:ab:pro] "archf" → 7 records, 7 words
[w0:ab:pro] "archf" branch complete
[w0:ab:pro] Saved 26,402 worker words; shared last.txt now 299,624
[w0:ab:pro] Searching "archg" | queue=164 | words=26402
[w0:ab:pro] Pacing 2s before "archg" (gap=15500ms)
[w0:ab:pro] heartbeat words=26402 queue=164 rotation=9 idle=4s
[w0:ab:pro] Managed Turnstile token (len=816, 18812ms, remount)
[w0:ab:pro] [api] 200 mode=pro startsWith=archg
[w0:ab:pro] [api] 200 mode=pro startsWith=archg (634ms direct)
[w0:ab:pro] "archg" → 3 records, 3 words
[w0:ab:pro] "archg" branch complete
[w0:ab:pro] Saved 26,405 worker words
[w0:ab:pro] Searching "archh" | queue=163 | words=26405
[w0:ab:pro] Pacing 14s before "archh" (gap=15500ms)
[w0:ab:pro] Managed Turnstile token (len=816, 16628ms, reset)
[w0:ab:pro] [api] 200 mode=pro startsWith=archh
[w0:ab:pro] [api] 200 mode=pro startsWith=archh (562ms direct)
[w0:ab:pro] "archh" → 0 records, 0 words
[w0:ab:pro] "archh" branch complete
[w0:ab:pro] Saved 26,405 worker words
[w0:ab:pro] Searching "archi" | queue=162 | words=26405
[w0:ab:pro] Pacing 15s before "archi" (gap=15500ms)
[w0:ab:pro] Managed Turnstile token (len=816, 9148ms, reset)
[w0:ab:pro] [api] 200 mode=pro startsWith=archi
[w0:ab:pro] [api] 200 mode=pro startsWith=archi (608ms direct)
[w0:ab:pro] "archi" → 100 records, 100 words (incl. exact "archi")
[w0:ab:pro] Pacing 15s before "archi" (gap=15500ms)
[w0:ab:pro] Managed Turnstile token (len=816, 8347ms, reset)
[w0:ab:pro] [api] 200 mode=pro startsWith=archi
[w0:ab:pro] [api] 200 mode=pro startsWith=archi sort=alphabetical:desc (630ms direct)
[w0:ab:pro] "archi" full page ends at "archiving" (next='v'); skip 23 covered groups → 5 children reverse Z→A ends at "archiblastula" (lo='b' hi='v'); skip 19 middle + 0 new words
[w0:ab:pro] Saved 26,477 worker words
[w0:ab:pro] Searching "archy" | queue=166 | words=26477
[w0:ab:pro] Pacing 15s before "archy" (gap=15500ms)
[w0:ab:pro] heartbeat words=26477 queue=166 rotation=9 idle=6s
[w0:ab:pro] Site Turnstile remint timed out (23945ms)
[w0:ab:pro] Site Turnstile remint timed out (26081ms)
[w0:ab:pro] heartbeat words=26477 queue=166 rotation=9 idle=16s
[w0:ab:pro] Managed Turnstile token (len=816, 15563ms, remount)
[w0:ab:pro] [api] 200 mode=pro startsWith=archy
[w0:ab:pro] [api] 200 mode=pro startsWith=archy (739ms direct)
[w0:ab:pro] "archy" → 1 records, 1 words (incl. exact "archy")
[w0:ab:pro] "archy" branch complete
[w0:ab:pro] Saved 26,477 worker words
[w0:ab:pro] Searching "archz" | queue=165 | words=26477
[w0:ab:pro] Pacing 14s before "archz" (gap=15500ms)
[w0:ab:pro] Managed Turnstile token (len=816, 15994ms, reset)
[w0:ab:pro] [api] 200 mode=pro startsWith=archz
[w0:ab:pro] [api] 200 mode=pro startsWith=archz (648ms direct)
[w0:ab:pro] "archz" → 0 records, 0 words
[w0:ab:pro] "archz" branch complete
[w0:ab:pro] Saved 26,477 worker words
[w0:ab:pro] Searching "artis" | queue=164 | words=26477
[w0:ab:pro] Pacing 11s before "artis" (gap=15500ms)
[w0:ab:pro] Turnstile token present (len=816)
[w0:ab:pro] Site Turnstile token (27079ms)
[w0:ab:pro] [api] 200 mode=pro startsWith=artis
[w0:ab:pro] [api] 200 mode=pro startsWith=artis (586ms direct)
[w0:ab:pro] "artis" → 18 records, 18 words (incl. exact "artis")
[w0:ab:pro] "artis" branch complete
[w0:ab:pro] Saved 26,477 worker words
[w0:ab:pro] Searching "artit" | queue=163 | words=26477
[w0:ab:pro] Pacing 11s before "artit" (gap=15500ms)
[w0:ab:pro] heartbeat words=26477 queue=163 rotation=9 idle=7s
[w0:ab:pro] Turnstile token present (len=816)
[w0:ab:pro] Site Turnstile token (25392ms)
[w0:ab:pro] [api] 200 mode=pro startsWith=artit
[w0:ab:pro] [api] 200 mode=pro startsWith=artit (671ms direct)
[w0:ab:pro] "artit" → 0 records, 0 words
[w0:ab:pro] "artit" branch complete
[w0:ab:pro] Saved 26,477 worker words
[w0:ab:pro] Searching "artiu" | queue=162 | words=26477
[w0:ab:pro] Pacing 12s before "artiu" (gap=15500ms)
[w0:ab:pro] Managed Turnstile token (len=816, 17485ms, remount)
[w0:ab:pro] [api] 200 mode=pro startsWith=artiu
[w0:ab:pro] [api] 200 mode=pro startsWith=artiu (1022ms direct)
[w0:ab:pro] "artiu" → 0 records, 0 words
[w0:ab:pro] "artiu" branch complete
[w0:ab:pro] Saved 26,477 worker words; shared last.txt now 300,254
[w0:ab:pro] Searching "artiv" | queue=161 | words=26477
[w0:ab:pro] heartbeat words=26477 queue=161 rotation=9 idle=7s
[w0:ab:pro] Turnstile token present (len=816)
[w0:ab:pro] Site Turnstile token (23779ms)
[w0:ab:pro] [api] 200 mode=pro startsWith=artiv
[w0:ab:pro] [api] 200 mode=pro startsWith=artiv (586ms direct)
[w0:ab:pro] "artiv" → 0 records, 0 words
[w0:ab:pro] "artiv" branch complete
[w0:ab:pro] Saved 26,477 worker words
[w0:ab:pro] Searching "artiw" | queue=160 | words=26477
[w0:ab:pro] Pacing 15s before "artiw" (gap=15500ms)
[w0:ab:pro] Managed Turnstile token (len=816, 8921ms, remount)
[w0:ab:pro] [api] 200 mode=pro startsWith=artiw
[w0:ab:pro] [api] 200 mode=pro startsWith=artiw (559ms direct)
[w0:ab:pro] "artiw" → 0 records, 0 words
[w0:ab:pro] "artiw" branch complete
[w0:ab:pro] Saved 26,477 worker words
[w0:ab:pro] Searching "artix" | queue=159 | words=26477
[w0:ab:pro] Pacing 15s before "artix" (gap=15500ms)
[w0:ab:pro] Managed Turnstile token (len=816, 4990ms, reset)
[w0:ab:pro] [api] 200 mode=pro startsWith=artix
[w0:ab:pro] [api] 200 mode=pro startsWith=artix (586ms direct)
[w0:ab:pro] "artix" → 0 records, 0 words
[w0:ab:pro] "artix" branch complete
[w0:ab:pro] Saved 26,477 worker words
[w0:ab:pro] Searching "artiy" | queue=158 | words=26477
[w0:ab:pro] Pacing 15s before "artiy" (gap=15500ms)
[w0:ab:pro] Managed Turnstile token (len=816, 16545ms, reset)
[w0:ab:pro] [api] 200 mode=pro startsWith=artiy
[w0:ab:pro] [api] 200 mode=pro startsWith=artiy (770ms direct)
[w0:ab:pro] "artiy" → 0 records, 0 words
[w0:ab:pro] "artiy" branch complete
[w0:ab:pro] Saved 26,477 worker words
[w0:ab:pro] Searching "artiz" | queue=157 | words=26477
[w0:ab:pro] Pacing 15s before "artiz" (gap=15500ms)
[w0:ab:pro] heartbeat words=26477 queue=157 rotation=9 idle=8s
[w0:ab:pro] Site Turnstile remint timed out (26495ms)
[w0:ab:pro] Site Turnstile remint timed out (24419ms)
[w0:ab:pro] Managed Turnstile token (len=816, 16625ms, remount)
[w0:ab:pro] [api] 200 mode=pro startsWith=artiz
[w0:ab:pro] heartbeat words=26477 queue=157 rotation=9 idle=0s
[w0:ab:pro] [api] 200 mode=pro startsWith=artiz (546ms direct)
[w0:ab:pro] "artiz" → 0 records, 0 words
[w0:ab:pro] "artiz" branch complete
[w0:ab:pro] Saved 26,477 worker words
[w0:ab:pro] Searching "asset" | queue=156 | words=26477
[w0:ab:pro] Pacing 14s before "asset" (gap=15500ms)
[w0:ab:pro] Managed Turnstile token (len=816, 17871ms, reset)
[w0:ab:pro] [api] 200 mode=pro startsWith=asset
[w0:ab:pro] [api] 200 mode=pro startsWith=asset (489ms direct)
[w0:ab:pro] "asset" → 3 records, 3 words (incl. exact "asset")
[w0:ab:pro] "asset" branch complete
[w0:ab:pro] Saved 26,479 worker words
[w0:ab:pro] Searching "asseu" | queue=155 | words=26479
[w0:ab:pro] Pacing 15s before "asseu" (gap=15500ms)
[w0:ab:pro] Site Turnstile remint timed out (24384ms)
[w0:ab:pro] heartbeat words=26479 queue=155 rotation=9 idle=17s
[w0:ab:pro] Turnstile token present (len=816)
[w0:ab:pro] Site Turnstile token (21868ms)
[w0:ab:pro] [api] 200 mode=pro startsWith=asseu
[w0:ab:pro] [api] 200 mode=pro startsWith=asseu (623ms direct)
[w0:ab:pro] "asseu" → 0 records, 0 words
[w0:ab:pro] "asseu" branch complete
[w0:ab:pro] Saved 26,479 worker words
[w0:ab:pro] Searching "assev" | queue=154 | words=26479
[w0:ab:pro] Pacing 13s before "assev" (gap=15500ms)
[w0:ab:pro] Managed Turnstile token (len=816, 18686ms, remount)
[w0:ab:pro] [api] 200 mode=pro startsWith=assev
[w0:ab:pro] [api] 200 mode=pro startsWith=assev (450ms direct)
[w0:ab:pro] "assev" → 14 records, 14 words
[w0:ab:pro] "assev" branch complete
[w0:ab:pro] Saved 26,493 worker words; shared last.txt now 301,016
[w0:ab:pro] Searching "assew" | queue=153 | words=26493
[w0:ab:pro] Pacing 15s before "assew" (gap=15500ms)
[w0:ab:pro] Managed Turnstile token (len=816, 10075ms, reset)
[w0:ab:pro] [api] 200 mode=pro startsWith=assew
[w0:ab:pro] [api] 200 mode=pro startsWith=assew (698ms direct)
[w0:ab:pro] "assew" → 0 records, 0 words
[w0:ab:pro] "assew" branch complete
[w0:ab:pro] Saved 26,493 worker words
[w0:ab:pro] Searching "assex" | queue=152 | words=26493
[w0:ab:pro] Pacing 14s before "assex" (gap=15500ms)
[w0:ab:pro] heartbeat words=26493 queue=152 rotation=9 idle=18s
[w0:ab:pro] Turnstile token present (len=816)
[w0:ab:pro] Site Turnstile token (19929ms)
[w0:ab:pro] [api] 200 mode=pro startsWith=assex
[w0:ab:pro] [api] 200 mode=pro startsWith=assex (761ms direct)
[w0:ab:pro] "assex" → 0 records, 0 words
[w0:ab:pro] "assex" branch complete
[w0:ab:pro] Saved 26,493 worker words
[w0:ab:pro] Searching "assey" | queue=151 | words=26493
[w0:ab:pro] Pacing 15s before "assey" (gap=15500ms)
[w0:ab:pro] Managed Turnstile token (len=816, 13486ms, remount)
[w0:ab:pro] [api] 200 mode=pro startsWith=assey
[w0:ab:pro] [api] 200 mode=pro startsWith=assey (523ms direct)
[w0:ab:pro] "assey" → 0 records, 0 words
[w0:ab:pro] "assey" branch complete
[w0:ab:pro] Saved 26,493 worker words
[w0:ab:pro] Searching "assez" | queue=150 | words=26493
[w0:ab:pro] Pacing 12s before "assez" (gap=15500ms)
[w0:ab:pro] Turnstile mint hard timeout after 28000ms
[w0:ab:pro] Turnstile token present (len=816)
[w0:ab:pro] Site Turnstile token (30036ms)
[w0:ab:pro] heartbeat words=26493 queue=150 rotation=9 idle=10s
[w0:ab:pro] Turnstile token present (len=816)
[w0:ab:pro] Site Turnstile token (23476ms)
[w0:ab:pro] [api] 200 mode=pro startsWith=assez
[w0:ab:pro] [api] 200 mode=pro startsWith=assez (467ms direct)
[w0:ab:pro] "assez" → 1 records, 1 words (incl. exact "assez")
[w0:ab:pro] "assez" branch complete
[w0:ab:pro] Saved 26,494 worker words
[w0:ab:pro] Searching "astro" | queue=149 | words=26494
[w0:ab:pro] Pacing 11s before "astro" (gap=15500ms)
[w0:ab:pro] Managed Turnstile token (len=816, 19038ms, remount)
[w0:ab:pro] [api] 200 mode=pro startsWith=astro
[w0:ab:pro] [api] 200 mode=pro startsWith=astro (454ms direct)
[w0:ab:pro] "astro" → 100 records, 100 words
[w0:ab:pro] Pacing 15s before "astro" (gap=15500ms)
[w0:ab:pro] Managed Turnstile token (len=816, 5670ms, reset)
[w0:ab:pro] [api] 200 mode=pro startsWith=astro
[w0:ab:pro] [api] 200 mode=pro startsWith=astro sort=alphabetical:desc (446ms direct)
[w0:ab:pro] "astro" full page ends at "astronavigation" (next='n'); skip 21 covered groups → 7 children reverse Z→A ends at "astroids" (lo='i' hi='t'); skip 10 middle + 0 new words
[w0:ab:pro] Saved 26,517 worker words
[w0:ab:pro] Searching "astru" | queue=155 | words=26517
[w0:ab:pro] Pacing 15s before "astru" (gap=15500ms)
[w0:ab:pro] Managed Turnstile token (len=816, 3626ms, reset)
[w0:ab:pro] heartbeat words=26517 queue=155 rotation=9 idle=7s
[w0:ab:pro] [api] 200 mode=pro startsWith=astru
[w0:ab:pro] [api] 200 mode=pro startsWith=astru (454ms direct)
[w0:ab:pro] "astru" → 2 records, 2 words
[w0:ab:pro] "astru" branch complete
[w0:ab:pro] Saved 26,517 worker words
[w0:ab:pro] Searching "astrv" | queue=154 | words=26517
[w0:ab:pro] Pacing 16s before "astrv" (gap=15500ms)
[w0:ab:pro] Managed Turnstile token (len=816, 5955ms, reset)
[w0:ab:pro] [api] 200 mode=pro startsWith=astrv
[w0:ab:pro] [api] 200 mode=pro startsWith=astrv (641ms direct)
[w0:ab:pro] "astrv" → 0 records, 0 words
[w0:ab:pro] "astrv" branch complete
[w0:ab:pro] Saved 26,517 worker words
[w0:ab:pro] Searching "astrw" | queue=153 | words=26517
[w0:ab:pro] Pacing 15s before "astrw" (gap=15500ms)
[w0:ab:pro] Managed Turnstile token (len=816, 7156ms, reset)
[w0:ab:pro] [api] 200 mode=pro startsWith=astrw
[w0:ab:pro] [api] 200 mode=pro startsWith=astrw (574ms direct)
[w0:ab:pro] "astrw" → 0 records, 0 words
[w0:ab:pro] "astrw" branch complete
[w0:ab:pro] Saved 26,517 worker words; shared last.txt now 301,509
[w0:ab:pro] Searching "astrx" | queue=152 | words=26517
[w0:ab:pro] Pacing 11s before "astrx" (gap=15500ms)
[w0:ab:pro] heartbeat words=26517 queue=152 rotation=9 idle=19s
[w0:ab:pro] Turnstile token present (len=816)
[w0:ab:pro] Site Turnstile token (27857ms)
[w0:ab:pro] [api] 200 mode=pro startsWith=astrx
[w0:ab:pro] [api] 200 mode=pro startsWith=astrx (862ms direct)
[w0:ab:pro] "astrx" → 0 records, 0 words
[w0:ab:pro] "astrx" branch complete
[w0:ab:pro] Saved 26,517 worker words
[w0:ab:pro] Searching "astry" | queue=151 | words=26517
[w0:ab:pro] Pacing 10s before "astry" (gap=15500ms)
[w0:ab:pro] Turnstile mint hard timeout after 28000ms
[w0:ab:pro] heartbeat words=26517 queue=151 rotation=9 idle=22s
[w0:ab:pro] Site Turnstile remint timed out (24097ms)
[w0:ab:pro] Site Turnstile remint timed out (24936ms)
[w0:ab:pro] Turnstile mint hard timeout after 28000ms
[w0:ab:pro] heartbeat words=26517 queue=151 rotation=9 idle=4s
[w0:ab:pro] Failed "astry" attempt 1: No Turnstile token for direct search
[w0:ab:pro] Saved 26,517 worker words
[w0:ab:pro] Turnstile miss — soft reload before rotate
[w0:ab:pro] Site Turnstile remint timed out (42500ms)
[w0:ab:pro] Site Turnstile remint timed out (125784ms)
[w0:ab:pro] Turnstile mint hard timeout after 15000ms
[w0:ab:pro] Soft reload mint failed — rotating immediately
[w0:ab:pro] Tor exited code=null
[w0:ab:pro] Starting Tor gen=12 socks=127.0.0.1:19050 (try 1)
[w0:ab:pro] Site Turnstile remint timed out (25459ms)
[w0:ab:pro] tor: Aug 05 11:18:56.802 [notice] Tor 0.4.8.12 running on Darwin with Libevent 2.1.12-stable, OpenSSL 3.6.3, Zlib 1.2.12, Liblzma N/A, Libzstd N/A and Unknown N/A as
[w0:ab:pro] tor: Aug 05 11:18:59.000 [notice] Bootstrapped 0% (starting): Starting
Aug 05 11:18:59.000 [notice] Starting with guard context "default"
[w0:ab:pro] tor: Aug 05 11:19:00.000 [notice] Bootstrapped 5% (conn): Connecting to a relay
Aug 05 11:19:00.000 [notice] Bootstrapped 10% (conn_done): Connected to a relay
[w0:ab:pro] tor: Aug 05 11:19:02.000 [notice] Bootstrapped 14% (handshake): Handshaking with a relay
[w0:ab:pro] tor: Aug 05 11:19:02.000 [notice] Bootstrapped 15% (handshake_done): Handshake with a relay done
[w0:ab:pro] tor: Aug 05 11:19:02.000 [notice] Bootstrapped 20% (onehop_create): Establishing an encrypted directory connection
[w0:ab:pro] tor: Aug 05 11:19:02.000 [notice] Bootstrapped 25% (requesting_status): Asking for networkstatus consensus
[w0:ab:pro] tor: Aug 05 11:19:03.000 [notice] Bootstrapped 30% (loading_status): Loading networkstatus consensus
[w0:ab:pro] tor: Aug 05 11:19:06.000 [notice] Bootstrapped 40% (loading_keys): Loading authority key certs
[w0:ab:pro] tor: Aug 05 11:19:10.000 [notice] Bootstrapped 45% (requesting_descriptors): Asking for relay descriptors
Aug 05 11:19:10.000 [notice] I learned some more directory 
[w0:ab:pro] tor: Aug 05 11:19:11.000 [notice] Bootstrapped 50% (loading_descriptors): Loading relay descriptors
[w0:ab:pro] heartbeat words=26517 queue=152 rotation=10 idle=11s
[w0:ab:pro] tor: Aug 05 11:19:24.000 [notice] Bootstrapped 55% (loading_descriptors): Loading relay descriptors
[w0:ab:pro] tor: Aug 05 11:19:30.000 [notice] Bootstrapped 61% (loading_descriptors): Loading relay descriptors
[w0:ab:pro] tor: Aug 05 11:19:31.000 [notice] Bootstrapped 66% (loading_descriptors): Loading relay descriptors
[w0:ab:pro] tor: Aug 05 11:19:31.000 [notice] Bootstrapped 75% (enough_dirinfo): Loaded enough directory info to build circuits
[w0:ab:pro] tor: Aug 05 11:19:32.000 [notice] Bootstrapped 90% (ap_handshake_done): Handshake finished with a relay to build circuits
Aug 05 11:19:32.000 [notice] Bootstrapped 9
[w0:ab:pro] tor: Aug 05 11:19:33.000 [notice] Bootstrapped 100% (done): Done
[w0:ab:pro] Tor ready on 19050 exit=192.42.116.21
[w0:ab:pro] Rotating IP (#10, try 1) after No Turnstile token for direct search → tor#11 socks5://127.0.0.1:19050
[w0:ab:pro] Launching persistent Chrome profile /tmp/lll-pw-w0-r10
[w0:ab:pro] Proxy tor#11 socks5://127.0.0.1:19050
[w0:ab:pro] Opening https://lastletterlibrary.com
[w0:ab:pro] Library mode=pro
[w0:ab:pro] Site Turnstile remint timed out (27235ms)
[w0:ab:pro] Search mode=direct (skip UI Wait Ns… gate)
[w0:ab:pro] Cleaned 1 old rotated profile(s)
[w0:ab:pro] Browser exit IP=185.220.100.255 (unique)
[w0:ab:pro] Searching "astry" | queue=151 | words=26517
[w0:ab:pro] heartbeat words=26517 queue=151 rotation=10 idle=0s
[w0:ab:pro] Turnstile token present (len=837)
[w0:ab:pro] Site Turnstile token (21696ms)
[w0:ab:pro] [api] 200 mode=pro startsWith=astry
[w0:ab:pro] [api] 200 mode=pro startsWith=astry (1232ms direct)
[w0:ab:pro] "astry" → 0 records, 0 words
[w0:ab:pro] "astry" branch complete
[w0:ab:pro] Saved 26,517 worker words
[w0:ab:pro] Searching "astrz" | queue=150 | words=26517
[w0:ab:pro] Pacing 14s before "astrz" (gap=15500ms)
[w0:ab:pro] Site Turnstile remint timed out (23171ms)
[w0:ab:pro] Turnstile token present (len=837)
[w0:ab:pro] Site Turnstile token (20680ms)
[w0:ab:pro] heartbeat words=26517 queue=150 rotation=10 idle=1s
[w0:ab:pro] [api] 200 mode=pro startsWith=astrz
[w0:ab:pro] [api] 200 mode=pro startsWith=astrz (1362ms direct)
[w0:ab:pro] "astrz" → 0 records, 0 words
[w0:ab:pro] "astrz" branch complete
[w0:ab:pro] Saved 26,517 worker words
[w0:ab:pro] Searching "attes" | queue=149 | words=26517
[w0:ab:pro] Pacing 13s before "attes" (gap=15500ms)
[w0:ab:pro] Site Turnstile remint timed out (23947ms)
[w0:ab:pro] Site Turnstile remint timed out (25300ms)
[w0:ab:pro] heartbeat words=26517 queue=149 rotation=10 idle=9s
[w0:ab:pro] Turnstile mint hard timeout after 28000ms
[w0:ab:pro] Turnstile mint hard timeout after 28000ms
[w0:ab:pro] Failed "attes" attempt 1: No Turnstile token for direct search
[w0:ab:pro] Saved 26,517 worker words
[w0:ab:pro] Turnstile miss — soft reload before rotate
[w0:ab:pro] heartbeat words=26517 queue=150 rotation=10 idle=7s
[w0:ab:pro] Site Turnstile remint timed out (41813ms)
[w0:ab:pro] Site Turnstile remint timed out (70227ms)
[w0:ab:pro] Site Turnstile remint timed out (13246ms)
[w0:ab:pro] Soft reload mint failed — rotating immediately
[w0:ab:pro] Tor exited code=null
[w0:ab:pro] Starting Tor gen=13 socks=127.0.0.1:19050 (try 1)
[w0:ab:pro] tor: Aug 05 11:23:38.598 [warn] Fixing permissions on directory /tmp/lll-tor-w0
[w0:ab:pro] tor: Aug 05 11:23:39.000 [notice] Bootstrapped 0% (starting): Starting
Aug 05 11:23:39.000 [notice] Starting with guard context "default"
[w0:ab:pro] tor: Aug 05 11:23:40.000 [notice] Bootstrapped 5% (conn): Connecting to a relay
[w0:ab:pro] tor: Aug 05 11:23:40.000 [notice] Bootstrapped 10% (conn_done): Connected to a relay
[w0:ab:pro] tor: Aug 05 11:23:41.000 [notice] Bootstrapped 14% (handshake): Handshaking with a relay
[w0:ab:pro] tor: Aug 05 11:23:47.000 [notice] Bootstrapped 15% (handshake_done): Handshake with a relay done
Aug 05 11:23:47.000 [notice] Bootstrapped 20% (onehop_create): Estab
[w0:ab:pro] tor: Aug 05 11:23:47.000 [notice] Bootstrapped 25% (requesting_status): Asking for networkstatus consensus
[w0:ab:pro] tor: Aug 05 11:23:47.000 [notice] Bootstrapped 30% (loading_status): Loading networkstatus consensus
[w0:ab:pro] tor: Aug 05 11:23:48.000 [notice] Bootstrapped 40% (loading_keys): Loading authority key certs
[w0:ab:pro] tor: Aug 05 11:23:48.000 [notice] Bootstrapped 45% (requesting_descriptors): Asking for relay descriptors
[w0:ab:pro] tor: Aug 05 11:23:49.000 [notice] Bootstrapped 50% (loading_descriptors): Loading relay descriptors
[w0:ab:pro] tor: Aug 05 11:23:58.000 [notice] Bootstrapped 55% (loading_descriptors): Loading relay descriptors
[w0:ab:pro] tor: Aug 05 11:24:00.000 [notice] Bootstrapped 61% (loading_descriptors): Loading relay descriptors
[w0:ab:pro] tor: Aug 05 11:24:02.000 [notice] Bootstrapped 67% (loading_descriptors): Loading relay descriptors
[w0:ab:pro] tor: Aug 05 11:24:02.000 [notice] Bootstrapped 75% (enough_dirinfo): Loaded enough directory info to build circuits
[w0:ab:pro] tor: Aug 05 11:24:03.000 [notice] Bootstrapped 90% (ap_handshake_done): Handshake finished with a relay to build circuits
Aug 05 11:24:03.000 [notice] Bootstrapped 9
[w0:ab:pro] tor: Aug 05 11:24:04.000 [notice] Bootstrapped 100% (done): Done
[w0:ab:pro] Tor ready on 19050 exit=185.220.101.18
[w0:ab:pro] Rotating IP (#11, try 1) after No Turnstile token for direct search → tor#12 socks5://127.0.0.1:19050
[w0:ab:pro] Launching persistent Chrome profile /tmp/lll-pw-w0-r11
[w0:ab:pro] Proxy tor#12 socks5://127.0.0.1:19050
[w0:ab:pro] Opening https://lastletterlibrary.com
[w0:ab:pro] Library mode=pro
[w0:ab:pro] heartbeat words=26517 queue=150 rotation=11 idle=9s
[w0:ab:pro] Turnstile token present (len=837)
[w0:ab:pro] Site Turnstile token (21507ms)
[w0:ab:pro] Search mode=direct (skip UI Wait Ns… gate)
[w0:ab:pro] Cleaned 1 old rotated profile(s)
[w0:ab:pro] Browser exit IP=185.220.101.18 (unique)
[w0:ab:pro] Searching "attes" | queue=149 | words=26517
[w0:ab:pro] [api] 200 mode=pro startsWith=attes
[w0:ab:pro] [api] 200 mode=pro startsWith=attes (510ms direct)
[w0:ab:pro] "attes" → 17 records, 17 words
[w0:ab:pro] "attes" branch complete
[w0:ab:pro] Saved 26,517 worker words
[w0:ab:pro] Searching "attet" | queue=148 | words=26517
[w0:ab:pro] Pacing 15s before "attet" (gap=15500ms)
[w0:ab:pro] Site Turnstile remint timed out (23750ms)
[w0:ab:pro] heartbeat words=26517 queue=148 rotation=11 idle=21s
[w0:ab:pro] Turnstile token present (len=816)
[w0:ab:pro] Site Turnstile token (23114ms)
[w0:ab:pro] [api] 200 mode=pro startsWith=attet
[w0:ab:pro] [api] 200 mode=pro startsWith=attet (1061ms direct)
[w0:ab:pro] "attet" → 0 records, 0 words
[w0:ab:pro] "attet" branch complete
[w0:ab:pro] Saved 26,517 worker words
[w0:ab:pro] Searching "atteu" | queue=147 | words=26517
[w0:ab:pro] Pacing 13s before "atteu" (gap=15500ms)
[w0:ab:pro] Turnstile mint hard timeout after 28000ms
[w0:ab:pro] Site Turnstile remint timed out (30434ms)
[w0:ab:pro] Site Turnstile remint timed out (27006ms)
[w0:ab:pro] heartbeat words=26517 queue=147 rotation=11 idle=0s
[w0:ab:pro] Turnstile token present (len=816)
[w0:ab:pro] Site Turnstile token (23867ms)
[w0:ab:pro] [api] 200 mode=pro startsWith=atteu
[w0:ab:pro] [api] 200 mode=pro startsWith=atteu (763ms direct)
[w0:ab:pro] "atteu" → 0 records, 0 words
[w0:ab:pro] "atteu" branch complete
[w0:ab:pro] Saved 26,517 worker words; shared last.txt now 304,267
[w0:ab:pro] Searching "attev" | queue=146 | words=26517
[w0:ab:pro] Pacing 11s before "attev" (gap=15500ms)
[w0:ab:pro] Site Turnstile remint timed out (24220ms)
[w0:ab:pro] heartbeat words=26517 queue=146 rotation=11 idle=11s
[w0:ab:pro] Site Turnstile remint timed out (25513ms)
[w0:ab:pro] Site Turnstile remint timed out (26700ms)
[w0:ab:pro] heartbeat words=26517 queue=146 rotation=11 idle=19s
[w0:ab:pro] Site Turnstile remint timed out (24772ms)
[w0:ab:pro] Site Turnstile remint timed out (26476ms)
[w0:ab:pro] Failed "attev" attempt 1: No Turnstile token for direct search
[w0:ab:pro] Saved 26,517 worker words
[w0:ab:pro] Turnstile miss — soft reload before rotate
[w0:ab:pro] Site Turnstile remint timed out (11685ms)
[w0:ab:pro] Soft reload mint failed — rotating immediately
[w0:ab:pro] heartbeat words=26517 queue=147 rotation=12 idle=8s
[w0:ab:pro] Starting Tor gen=14 socks=127.0.0.1:19050 (try 1)
[w0:ab:pro] Tor exited code=0
[w0:ab:pro] tor: Aug 05 11:29:26.583 [notice] Opening Socks listener on 127.0.0.1:19050
Aug 05 11:29:26.583 [notice] Opened Socks listener connection (ready) on 127.0.0.1:19050

[w0:ab:pro] tor: Aug 05 11:29:27.000 [notice] Bootstrapped 0% (starting): Starting
[w0:ab:pro] tor: Aug 05 11:29:28.000 [notice] Bootstrapped 5% (conn): Connecting to a relay
[w0:ab:pro] tor: Aug 05 11:29:28.000 [notice] Bootstrapped 10% (conn_done): Connected to a relay
[w0:ab:pro] tor: Aug 05 11:29:29.000 [notice] Bootstrapped 14% (handshake): Handshaking with a relay
[w0:ab:pro] tor: Aug 05 11:29:29.000 [notice] Bootstrapped 15% (handshake_done): Handshake with a relay done
Aug 05 11:29:29.000 [notice] Bootstrapped 20% (onehop_create): Estab
[w0:ab:pro] tor: Aug 05 11:29:29.000 [notice] Bootstrapped 25% (requesting_status): Asking for networkstatus consensus
[w0:ab:pro] tor: Aug 05 11:29:29.000 [notice] Bootstrapped 30% (loading_status): Loading networkstatus consensus
[w0:ab:pro] tor: Aug 05 11:29:32.000 [notice] Bootstrapped 40% (loading_keys): Loading authority key certs
[w0:ab:pro] tor: Aug 05 11:29:33.000 [notice] Bootstrapped 45% (requesting_descriptors): Asking for relay descriptors
Aug 05 11:29:33.000 [notice] I learned some more directory 
[w0:ab:pro] tor: Aug 05 11:29:34.000 [notice] Bootstrapped 50% (loading_descriptors): Loading relay descriptors
[w0:ab:pro] tor: Aug 05 11:30:14.000 [notice] Bootstrapped 55% (loading_descriptors): Loading relay descriptors
[w0:ab:pro] heartbeat words=26517 queue=147 rotation=12 idle=10s
[w0:ab:pro] tor: Aug 05 11:31:10.000 [notice] Bootstrapped 61% (loading_descriptors): Loading relay descriptors
[w0:ab:pro] tor: Aug 05 11:31:12.000 [notice] Bootstrapped 67% (loading_descriptors): Loading relay descriptors
[w0:ab:pro] tor: Aug 05 11:31:14.000 [notice] Bootstrapped 75% (enough_dirinfo): Loaded enough directory info to build circuits
[w0:ab:pro] tor: Aug 05 11:31:14.000 [notice] Bootstrapped 90% (ap_handshake_done): Handshake finished with a relay to build circuits
Aug 05 11:31:14.000 [notice] Bootstrapped 9
[w0:ab:pro] tor: Aug 05 11:31:17.000 [notice] Bootstrapped 100% (done): Done
[w0:ab:pro] heartbeat words=26517 queue=147 rotation=12 idle=7s
[w0:ab:pro] Tor ready on 19050 exit=192.42.116.19
[w0:ab:pro] Rotating IP (#12, try 1) after No Turnstile token for direct search → tor#13 socks5://127.0.0.1:19050
[w0:ab:pro] Launching persistent Chrome profile /tmp/lll-pw-w0-r12
[w0:ab:pro] Proxy tor#13 socks5://127.0.0.1:19050
[w0:ab:pro] Opening https://lastletterlibrary.com
[w0:ab:pro] Library mode=pro
[w0:ab:pro] Turnstile token present (len=816)
[w0:ab:pro] Site Turnstile token (23688ms)
[w0:ab:pro] Search mode=direct (skip UI Wait Ns… gate)
[w0:ab:pro] Cleaned 1 old rotated profile(s)
[w0:ab:pro] Browser exit IP=192.42.116.19 (unique)
[w0:ab:pro] Searching "attev" | queue=146 | words=26517
[w0:ab:pro] [api] 200 mode=pro startsWith=attev
[w0:ab:pro] [api] 200 mode=pro startsWith=attev (665ms direct)
[w0:ab:pro] "attev" → 0 records, 0 words
[w0:ab:pro] "attev" branch complete
[w0:ab:pro] Saved 26,517 worker words
[w0:ab:pro] Searching "attew" | queue=145 | words=26517
[w0:ab:pro] Pacing 15s before "attew" (gap=15500ms)
[w0:ab:pro] Managed Turnstile token (len=816, 12188ms, remount)
[w0:ab:pro] heartbeat words=26517 queue=145 rotation=12 idle=2s
[w0:ab:pro] [api] 200 mode=pro startsWith=attew
[w0:ab:pro] [api] 200 mode=pro startsWith=attew (946ms direct)
[w0:ab:pro] "attew" → 0 records, 0 words
[w0:ab:pro] "attew" branch complete
[w0:ab:pro] Saved 26,517 worker words
[w0:ab:pro] Searching "attex" | queue=144 | words=26517
[w0:ab:pro] Pacing 15s before "attex" (gap=15500ms)
[w0:ab:pro] Managed Turnstile token (len=816, 10730ms, reset)
[w0:ab:pro] [api] 200 mode=pro startsWith=attex
[w0:ab:pro] [api] 200 mode=pro startsWith=attex (572ms direct)
[w0:ab:pro] "attex" → 0 records, 0 words
[w0:ab:pro] "attex" branch complete
[w0:ab:pro] Saved 26,517 worker words
[w0:ab:pro] Searching "attey" | queue=143 | words=26517
[w0:ab:pro] Pacing 15s before "attey" (gap=15500ms)
[w0:ab:pro] Site Turnstile remint timed out (26170ms)
[w0:ab:pro] Managed Turnstile token (len=816, 14543ms, remount)
[w0:ab:pro] [api] 200 mode=pro startsWith=attey
[w0:ab:pro] [api] 200 mode=pro startsWith=attey (562ms direct)
[w0:ab:pro] "attey" → 0 records, 0 words
[w0:ab:pro] "attey" branch complete
[w0:ab:pro] Saved 26,517 worker words
[w0:ab:pro] Searching "attez" | queue=142 | words=26517
[w0:ab:pro] Pacing 15s before "attez" (gap=15500ms)
[w0:ab:pro] heartbeat words=26517 queue=142 rotation=12 idle=2s
[w0:ab:pro] Managed Turnstile token (len=816, 8538ms, reset)
[w0:ab:pro] [api] 200 mode=pro startsWith=attez
[w0:ab:pro] [api] 200 mode=pro startsWith=attez (549ms direct)
[w0:ab:pro] "attez" → 0 records, 0 words
[w0:ab:pro] "attez" branch complete
[w0:ab:pro] Saved 26,517 worker words
[w0:ab:pro] Searching "audit" | queue=141 | words=26517
[w0:ab:pro] Pacing 15s before "audit" (gap=15500ms)
[w0:ab:pro] Turnstile token present (len=816)
[w0:ab:pro] Site Turnstile token (27452ms)
[w0:ab:pro] [api] 200 mode=pro startsWith=audit
[w0:ab:pro] [api] 200 mode=pro startsWith=audit (710ms direct)
[w0:ab:pro] "audit" → 31 records, 31 words (incl. exact "audit")
[w0:ab:pro] "audit" branch complete
[w0:ab:pro] Saved 26,517 worker words
[w0:ab:pro] Searching "audiu" | queue=140 | words=26517
[w0:ab:pro] Pacing 14s before "audiu" (gap=15500ms)
[w0:ab:pro] heartbeat words=26517 queue=140 rotation=12 idle=17s
[w0:ab:pro] Site Turnstile remint timed out (25382ms)
[w0:ab:pro] Site Turnstile remint timed out (22963ms)
[w0:ab:pro] Turnstile mint hard timeout after 28000ms
[w0:ab:pro] heartbeat words=26517 queue=140 rotation=12 idle=1s
[w0:ab:pro] Site Turnstile remint timed out (24834ms)
[w0:ab:pro] Site Turnstile remint timed out (24035ms)
[w0:ab:pro] Failed "audiu" attempt 1: No Turnstile token for direct search
[w0:ab:pro] Saved 26,517 worker words; shared last.txt now 306,544
[w0:ab:pro] Turnstile miss — soft reload before rotate
[w0:ab:pro] heartbeat words=26517 queue=141 rotation=12 idle=3s
[w0:ab:pro] Site Turnstile remint timed out (91387ms)
[w0:ab:pro] Site Turnstile remint timed out (11487ms)
[w0:ab:pro] Soft reload mint failed — rotating immediately
[w0:ab:pro] Tor exited code=0
[w0:ab:pro] Starting Tor gen=15 socks=127.0.0.1:19050 (try 1)
[w0:ab:pro] tor: Aug 05 11:36:37.778 [warn] Fixing permissions on directory /tmp/lll-tor-w0
[w0:ab:pro] tor: Aug 05 11:36:38.000 [notice] Bootstrapped 0% (starting): Starting
[w0:ab:pro] tor: Aug 05 11:36:39.000 [notice] Bootstrapped 5% (conn): Connecting to a relay
[w0:ab:pro] tor: Aug 05 11:36:39.000 [notice] Bootstrapped 10% (conn_done): Connected to a relay
[w0:ab:pro] tor: Aug 05 11:36:40.000 [notice] Bootstrapped 14% (handshake): Handshaking with a relay
[w0:ab:pro] tor: Aug 05 11:36:40.000 [notice] Bootstrapped 15% (handshake_done): Handshake with a relay done
[w0:ab:pro] tor: Aug 05 11:36:40.000 [notice] Bootstrapped 20% (onehop_create): Establishing an encrypted directory connection
[w0:ab:pro] tor: Aug 05 11:36:41.000 [notice] Bootstrapped 25% (requesting_status): Asking for networkstatus consensus
[w0:ab:pro] tor: Aug 05 11:36:41.000 [notice] Bootstrapped 30% (loading_status): Loading networkstatus consensus
[w0:ab:pro] tor: Aug 05 11:36:44.000 [notice] Bootstrapped 40% (loading_keys): Loading authority key certs
[w0:ab:pro] tor: Aug 05 11:36:46.000 [notice] Bootstrapped 45% (requesting_descriptors): Asking for relay descriptors
Aug 05 11:36:46.000 [notice] I learned some more directory 
[w0:ab:pro] tor: Aug 05 11:36:47.000 [notice] Bootstrapped 50% (loading_descriptors): Loading relay descriptors
[w0:ab:pro] tor: Aug 05 11:36:55.000 [notice] Bootstrapped 55% (loading_descriptors): Loading relay descriptors
[w0:ab:pro] tor: Aug 05 11:36:55.000 [notice] Bootstrapped 61% (loading_descriptors): Loading relay descriptors
[w0:ab:pro] tor: Aug 05 11:36:56.000 [notice] Bootstrapped 66% (loading_descriptors): Loading relay descriptors
[w0:ab:pro] tor: Aug 05 11:36:56.000 [notice] Bootstrapped 75% (enough_dirinfo): Loaded enough directory info to build circuits
[w0:ab:pro] tor: Aug 05 11:36:56.000 [notice] Bootstrapped 90% (ap_handshake_done): Handshake finished with a relay to build circuits
Aug 05 11:36:56.000 [notice] Bootstrapped 9
[w0:ab:pro] tor: Aug 05 11:36:57.000 [notice] Bootstrapped 100% (done): Done
[w0:ab:pro] Tor ready on 19050 exit=185.244.192.175
[w0:ab:pro] Rotating IP (#13, try 1) after No Turnstile token for direct search → tor#14 socks5://127.0.0.1:19050
[w0:ab:pro] Launching persistent Chrome profile /tmp/lll-pw-w0-r13
[w0:ab:pro] Proxy tor#14 socks5://127.0.0.1:19050
[w0:ab:pro] Opening https://lastletterlibrary.com
[w0:ab:pro] Library mode=pro
[w0:ab:pro] heartbeat words=26517 queue=141 rotation=13 idle=16s
[w0:ab:pro] Site Turnstile remint timed out (23156ms)
[w0:ab:pro] Search mode=direct (skip UI Wait Ns… gate)
[w0:ab:pro] Cleaned 1 old rotated profile(s)
[w0:ab:pro] Browser exit IP=185.244.192.175 (unique)
[w0:ab:pro] Searching "audiu" | queue=140 | words=26517
[w0:ab:pro] Site Turnstile remint timed out (24604ms)
[w0:ab:pro] Turnstile token present (len=837)
[w0:ab:pro] Site Turnstile token (21609ms)
[w0:ab:pro] [api] 200 mode=pro startsWith=audiu
[w0:ab:pro] [api] 200 mode=pro startsWith=audiu (658ms direct)
[w0:ab:pro] "audiu" → 0 records, 0 words
[w0:ab:pro] "audiu" branch complete
[w0:ab:pro] Saved 26,517 worker words
[w0:ab:pro] Searching "audiv" | queue=139 | words=26517
[w0:ab:pro] Pacing 15s before "audiv" (gap=15500ms)
[w0:ab:pro] heartbeat words=26517 queue=139 rotation=13 idle=5s
[w0:ab:pro] Turnstile token present (len=837)
[w0:ab:pro] Site Turnstile token (21574ms)
[w0:ab:pro] [api] 200 mode=pro startsWith=audiv
[w0:ab:pro] [api] 200 mode=pro startsWith=audiv (876ms direct)
[w0:ab:pro] "audiv" → 0 records, 0 words
[w0:ab:pro] "audiv" branch complete
[w0:ab:pro] Saved 26,517 worker words
[w0:ab:pro] Searching "audiw" | queue=138 | words=26517
[w0:ab:pro] Pacing 14s before "audiw" (gap=15500ms)
[w0:ab:pro] Site Turnstile remint timed out (24305ms)
[w0:ab:pro] heartbeat words=26517 queue=138 rotation=13 idle=18s
[w0:ab:pro] Turnstile mint hard timeout after 28000ms
[w0:ab:pro] Site Turnstile remint timed out (34911ms)
[w0:ab:pro] Site Turnstile remint timed out (25857ms)
[w0:ab:pro] Turnstile token present (len=837)
[w0:ab:pro] Site Turnstile token (20908ms)
[w0:ab:pro] [api] 200 mode=pro startsWith=audiw
[w0:ab:pro] [api] 200 mode=pro startsWith=audiw (579ms direct)
[w0:ab:pro] "audiw" → 0 records, 0 words
[w0:ab:pro] "audiw" branch complete
[w0:ab:pro] Saved 26,517 worker words
[w0:ab:pro] Searching "audix" | queue=137 | words=26517
[w0:ab:pro] Pacing 15s before "audix" (gap=15500ms)
[w0:ab:pro] heartbeat words=26517 queue=137 rotation=13 idle=1s
[w0:ab:pro] Turnstile token present (len=837)
[w0:ab:pro] Site Turnstile token (20619ms)
[w0:ab:pro] [api] 200 mode=pro startsWith=audix
[w0:ab:pro] [api] 200 mode=pro startsWith=audix (764ms direct)
[w0:ab:pro] "audix" → 0 records, 0 words
[w0:ab:pro] "audix" branch complete
[w0:ab:pro] Saved 26,517 worker words
[w0:ab:pro] Searching "audiy" | queue=136 | words=26517
[w0:ab:pro] Pacing 15s before "audiy" (gap=15500ms)
[w0:ab:pro] Turnstile token present (len=837)
[w0:ab:pro] Site Turnstile token (20503ms)
[w0:ab:pro] [api] 200 mode=pro startsWith=audiy
[w0:ab:pro] [api] 200 mode=pro startsWith=audiy (663ms direct)
[w0:ab:pro] "audiy" → 0 records, 0 words
[w0:ab:pro] "audiy" branch complete
[w0:ab:pro] Saved 26,517 worker words
[w0:ab:pro] Searching "audiz" | queue=135 | words=26517
[w0:ab:pro] Pacing 15s before "audiz" (gap=15500ms)
[w0:ab:pro] heartbeat words=26517 queue=135 rotation=13 idle=19s
[w0:ab:pro] Site Turnstile remint timed out (23331ms)
[w0:ab:pro] Site Turnstile remint timed out (22551ms)
[w0:ab:pro] Site Turnstile remint timed out (26830ms)
[w0:ab:pro] heartbeat words=26517 queue=135 rotation=13 idle=6s
[w0:ab:pro] Site Turnstile remint timed out (23256ms)
[w0:ab:pro] Site Turnstile remint timed out (22524ms)
[w0:ab:pro] Failed "audiz" attempt 1: No Turnstile token for direct search
[w0:ab:pro] Saved 26,517 worker words
[w0:ab:pro] Turnstile miss — soft reload before rotate
[w0:ab:pro] Site Turnstile remint timed out (9394ms)
[w0:ab:pro] Soft reload mint failed — rotating immediately
[w0:ab:pro] Tor exited code=0
[w0:ab:pro] Starting Tor gen=16 socks=127.0.0.1:19050 (try 1)
[w0:ab:pro] tor: Aug 05 11:43:16.166 [warn] Fixing permissions on directory /tmp/lll-tor-w0
[w0:ab:pro] tor: Aug 05 11:43:16.000 [notice] Bootstrapped 0% (starting): Starting
[w0:ab:pro] tor: Aug 05 11:43:17.000 [notice] Bootstrapped 5% (conn): Connecting to a relay
[w0:ab:pro] tor: Aug 05 11:43:17.000 [notice] Bootstrapped 10% (conn_done): Connected to a relay
[w0:ab:pro] tor: Aug 05 11:43:20.000 [notice] Bootstrapped 14% (handshake): Handshaking with a relay
[w0:ab:pro] tor: Aug 05 11:43:21.000 [notice] Bootstrapped 15% (handshake_done): Handshake with a relay done
Aug 05 11:43:21.000 [notice] Bootstrapped 20% (onehop_create): Estab
[w0:ab:pro] tor: Aug 05 11:43:21.000 [notice] Bootstrapped 25% (requesting_status): Asking for networkstatus consensus
[w0:ab:pro] tor: Aug 05 11:43:21.000 [notice] Bootstrapped 30% (loading_status): Loading networkstatus consensus
[w0:ab:pro] tor: Aug 05 11:43:23.000 [notice] Bootstrapped 40% (loading_keys): Loading authority key certs
[w0:ab:pro] tor: Aug 05 11:43:23.000 [notice] Bootstrapped 45% (requesting_descriptors): Asking for relay descriptors
Aug 05 11:43:23.000 [notice] I learned some more directory 
[w0:ab:pro] tor: Aug 05 11:43:24.000 [notice] Bootstrapped 50% (loading_descriptors): Loading relay descriptors
[w0:ab:pro] heartbeat words=26517 queue=136 rotation=14 idle=0s
[w0:ab:pro] tor: Aug 05 11:43:37.000 [notice] Bootstrapped 55% (loading_descriptors): Loading relay descriptors
[w0:ab:pro] tor: Aug 05 11:43:43.000 [notice] Bootstrapped 61% (loading_descriptors): Loading relay descriptors
[w0:ab:pro] tor: Aug 05 11:43:47.000 [notice] Bootstrapped 67% (loading_descriptors): Loading relay descriptors
[w0:ab:pro] tor: Aug 05 11:43:53.000 [notice] Bootstrapped 75% (enough_dirinfo): Loaded enough directory info to build circuits
[w0:ab:pro] tor: Aug 05 11:43:53.000 [notice] Bootstrapped 90% (ap_handshake_done): Handshake finished with a relay to build circuits
Aug 05 11:43:53.000 [notice] Bootstrapped 9
[w0:ab:pro] tor: Aug 05 11:43:54.000 [notice] Bootstrapped 100% (done): Done
[w0:ab:pro] Tor ready on 19050 exit=185.100.85.24
[w0:ab:pro] Rotating IP (#14, try 1) after No Turnstile token for direct search → tor#15 socks5://127.0.0.1:19050
[w0:ab:pro] Launching persistent Chrome profile /tmp/lll-pw-w0-r14
[w0:ab:pro] Proxy tor#15 socks5://127.0.0.1:19050
[w0:ab:pro] Opening https://lastletterlibrary.com
[w0:ab:pro] Library mode=pro
[w0:ab:pro] Managed Turnstile token (len=816, 12571ms, remount)
[w0:ab:pro] Search mode=direct (skip UI Wait Ns… gate)
[w0:ab:pro] heartbeat words=26517 queue=136 rotation=14 idle=2s
[w0:ab:pro] Cleaned 1 old rotated profile(s)
[w0:ab:pro] Browser exit IP=147.90.234.88 (unique)
[w0:ab:pro] Searching "audiz" | queue=135 | words=26517
[w0:ab:pro] [api] 200 mode=pro startsWith=audiz
[w0:ab:pro] [api] 200 mode=pro startsWith=audiz (565ms direct)
[w0:ab:pro] "audiz" → 0 records, 0 words
[w0:ab:pro] "audiz" branch complete
[w0:ab:pro] Saved 26,517 worker words
[w0:ab:pro] Searching "autoc" | queue=134 | words=26517
[w0:ab:pro] Pacing 15s before "autoc" (gap=15500ms)
[w0:ab:pro] Managed Turnstile token (len=816, 8862ms, reset)
[w0:ab:pro] [api] 200 mode=pro startsWith=autoc
[w0:ab:pro] [api] 200 mode=pro startsWith=autoc (542ms direct)
[w0:ab:pro] "autoc" → 100 records, 100 words
[w0:ab:pro] Pacing 15s before "autoc" (gap=15500ms)
[w0:ab:pro] Managed Turnstile token (len=816, 8826ms, reset)
[w0:ab:pro] [api] 200 mode=pro startsWith=autoc
[w0:ab:pro] [api] 200 mode=pro startsWith=autoc sort=alphabetical:desc (561ms direct)
[w0:ab:pro] "autoc" full page ends at "autocracy" (next='r'); skip 26 covered groups → 2 children reverse Z→A ends at "autocephalia" (lo='e' hi='y'); skip 19 middle + 28 new words
[w0:ab:pro] Saved 26,623 worker words; shared last.txt now 308,617
[w0:ab:pro] Searching "autod" | queue=135 | words=26623
[w0:ab:pro] Pacing 5s before "autod" (gap=15500ms)
[w0:ab:pro] Managed Turnstile token (len=816, 15004ms, reset)
[w0:ab:pro] [api] 200 mode=pro startsWith=autod
[w0:ab:pro] [api] 200 mode=pro startsWith=autod (546ms direct)
[w0:ab:pro] "autod" → 40 records, 40 words
[w0:ab:pro] "autod" branch complete
[w0:ab:pro] Saved 26,663 worker words
[w0:ab:pro] Searching "autoe" | queue=134 | words=26663
[w0:ab:pro] Pacing 15s before "autoe" (gap=15500ms)
[w0:ab:pro] heartbeat words=26663 queue=134 rotation=14 idle=8s
[w0:ab:pro] Managed Turnstile token (len=816, 11302ms, reset)
[w0:ab:pro] [api] 200 mode=pro startsWith=autoe
[w0:ab:pro] [api] 200 mode=pro startsWith=autoe (528ms direct)
[w0:ab:pro] "autoe" → 22 records, 22 words
[w0:ab:pro] "autoe" branch complete
[w0:ab:pro] Saved 26,685 worker words
[w0:ab:pro] Searching "autof" | queue=133 | words=26685
[w0:ab:pro] Pacing 15s before "autof" (gap=15500ms)
[w0:ab:pro] Managed Turnstile token (len=816, 5904ms, reset)
[w0:ab:pro] [api] 200 mode=pro startsWith=autof
[w0:ab:pro] [api] 200 mode=pro startsWith=autof (490ms direct)
[w0:ab:pro] "autof" → 23 records, 23 words
[w0:ab:pro] "autof" branch complete
[w0:ab:pro] Saved 26,708 worker words
[w0:ab:pro] Searching "autog" | queue=132 | words=26708
[w0:ab:pro] Pacing 15s before "autog" (gap=15500ms)
[w0:ab:pro] Managed Turnstile token (len=816, 4811ms, reset)
[w0:ab:pro] [api] 200 mode=pro startsWith=autog
[w0:ab:pro] [api] 200 mode=pro startsWith=autog (498ms direct)
[w0:ab:pro] "autog" → 45 records, 45 words
[w0:ab:pro] "autog" branch complete
[w0:ab:pro] Saved 26,753 worker words
[w0:ab:pro] Searching "autoh" | queue=131 | words=26753
[w0:ab:pro] Pacing 15s before "autoh" (gap=15500ms)
[w0:ab:pro] heartbeat words=26753 queue=131 rotation=14 idle=22s
[w0:ab:pro] Site Turnstile remint timed out (22382ms)
[w0:ab:pro] Managed Turnstile token (len=816, 5629ms, remount)
[w0:ab:pro] [api] 200 mode=pro startsWith=autoh
[w0:ab:pro] [api] 200 mode=pro startsWith=autoh (718ms direct)
[w0:ab:pro] "autoh" → 15 records, 15 words
[w0:ab:pro] "autoh" branch complete
[w0:ab:pro] Saved 26,768 worker words
[w0:ab:pro] Searching "autoi" | queue=130 | words=26768
[w0:ab:pro] Pacing 14s before "autoi" (gap=15500ms)
[w0:ab:pro] Managed Turnstile token (len=816, 9197ms, reset)
[w0:ab:pro] [api] 200 mode=pro startsWith=autoi
[w0:ab:pro] [api] 200 mode=pro startsWith=autoi (708ms direct)
[w0:ab:pro] "autoi" → 29 records, 29 words
[w0:ab:pro] "autoi" branch complete
[w0:ab:pro] Saved 26,797 worker words
[w0:ab:pro] Searching "autoj" | queue=129 | words=26797
[w0:ab:pro] Pacing 15s before "autoj" (gap=15500ms)
[w0:ab:pro] Managed Turnstile token (len=816, 17077ms, reset)
[w0:ab:pro] [api] 200 mode=pro startsWith=autoj
[w0:ab:pro] [api] 200 mode=pro startsWith=autoj (613ms direct)
[w0:ab:pro] "autoj" → 2 records, 2 words
[w0:ab:pro] "autoj" branch complete
[w0:ab:pro] Saved 26,799 worker words
[w0:ab:pro] Searching "autok" | queue=128 | words=26799
[w0:ab:pro] Pacing 14s before "autok" (gap=15500ms)
[w0:ab:pro] heartbeat words=26799 queue=128 rotation=14 idle=19s
[w0:ab:pro] Turnstile mint hard timeout after 28000ms
[w0:ab:pro] Turnstile token present (len=816)
[w0:ab:pro] Site Turnstile token (31928ms)
[w0:ab:pro] Turnstile mint hard timeout after 28000ms
[w0:ab:pro] Site Turnstile remint timed out (35555ms)
[w0:ab:pro] heartbeat words=26799 queue=128 rotation=14 idle=14s
[w0:ab:pro] Site Turnstile remint timed out (25818ms)
[w0:ab:pro] Site Turnstile remint timed out (22661ms)
[w0:ab:pro] Failed "autok" attempt 1: No Turnstile token for direct search
[w0:ab:pro] Saved 26,799 worker words; shared last.txt now 309,276
[w0:ab:pro] Turnstile miss — soft reload before rotate
[w0:ab:pro] heartbeat words=26799 queue=129 rotation=14 idle=15s
[w0:ab:pro] Site Turnstile remint timed out (12532ms)
[w0:ab:pro] Soft reload mint failed — rotating immediately
[w0:ab:pro] Tor exited code=null
[w0:ab:pro] Starting Tor gen=17 socks=127.0.0.1:19050 (try 1)
[w0:ab:pro] tor: Aug 05 11:49:29.837 [notice] Opened Socks listener connection (ready) on 127.0.0.1:19050
Aug 05 11:49:29.837 [warn] Fixing permissions on directory /tmp/lll-tor
[w0:ab:pro] tor: Aug 05 11:49:30.000 [notice] Bootstrapped 0% (starting): Starting
[w0:ab:pro] tor: Aug 05 11:49:31.000 [notice] Bootstrapped 5% (conn): Connecting to a relay
[w0:ab:pro] tor: Aug 05 11:49:31.000 [notice] Bootstrapped 10% (conn_done): Connected to a relay
[w0:ab:pro] tor: Aug 05 11:49:31.000 [notice] Bootstrapped 14% (handshake): Handshaking with a relay
[w0:ab:pro] tor: Aug 05 11:49:32.000 [notice] Bootstrapped 15% (handshake_done): Handshake with a relay done
Aug 05 11:49:32.000 [notice] Bootstrapped 20% (onehop_create): Estab
[w0:ab:pro] tor: Aug 05 11:49:32.000 [notice] Bootstrapped 25% (requesting_status): Asking for networkstatus consensus
[w0:ab:pro] tor: Aug 05 11:49:32.000 [notice] Bootstrapped 30% (loading_status): Loading networkstatus consensus
[w0:ab:pro] tor: Aug 05 11:49:34.000 [notice] Bootstrapped 40% (loading_keys): Loading authority key certs
[w0:ab:pro] tor: Aug 05 11:49:34.000 [notice] Bootstrapped 45% (requesting_descriptors): Asking for relay descriptors
Aug 05 11:49:34.000 [notice] I learned some more directory 
[w0:ab:pro] tor: Aug 05 11:49:35.000 [notice] Bootstrapped 50% (loading_descriptors): Loading relay descriptors
[w0:ab:pro] heartbeat words=26799 queue=129 rotation=15 idle=49s
[w0:ab:pro] tor: Aug 05 11:50:30.000 [notice] Bootstrapped 55% (loading_descriptors): Loading relay descriptors
[w0:ab:pro] tor: Aug 05 11:51:16.000 [notice] Bootstrapped 61% (loading_descriptors): Loading relay descriptors
[w0:ab:pro] tor: Aug 05 11:51:22.000 [notice] Bootstrapped 66% (loading_descriptors): Loading relay descriptors
[w0:ab:pro] tor: Aug 05 11:51:24.000 [notice] Bootstrapped 75% (enough_dirinfo): Loaded enough directory info to build circuits
[w0:ab:pro] tor: Aug 05 11:51:24.000 [notice] Bootstrapped 90% (ap_handshake_done): Handshake finished with a relay to build circuits
Aug 05 11:51:24.000 [notice] Bootstrapped 9
[w0:ab:pro] tor: Aug 05 11:51:25.000 [notice] Bootstrapped 100% (done): Done
[w0:ab:pro] heartbeat words=26799 queue=129 rotation=15 idle=0s
[w0:ab:pro] Tor ready on 19050 exit=185.220.101.144
[w0:ab:pro] Rotating IP (#15, try 1) after No Turnstile token for direct search → tor#16 socks5://127.0.0.1:19050
[w0:ab:pro] Launching persistent Chrome profile /tmp/lll-pw-w0-r15
[w0:ab:pro] Proxy tor#16 socks5://127.0.0.1:19050
[w0:ab:pro] Opening https://lastletterlibrary.com
[w0:ab:pro] Library mode=pro
[w0:ab:pro] Turnstile token present (len=816)
[w0:ab:pro] Site Turnstile token (20467ms)
[w0:ab:pro] Search mode=direct (skip UI Wait Ns… gate)
[w0:ab:pro] Cleaned 1 old rotated profile(s)
[w0:ab:pro] Browser exit IP=185.220.101.144 (unique)
[w0:ab:pro] Searching "autok" | queue=128 | words=26799
[w0:ab:pro] [api] 200 mode=pro startsWith=autok
[w0:ab:pro] [api] 200 mode=pro startsWith=autok (5218ms direct)
[w0:ab:pro] "autok" → 5 records, 5 words
[w0:ab:pro] "autok" branch complete
[w0:ab:pro] Saved 26,804 worker words
[w0:ab:pro] Searching "autol" | queue=127 | words=26804
[w0:ab:pro] Pacing 10s before "autol" (gap=15500ms)
[w0:ab:pro] heartbeat words=26804 queue=127 rotation=15 idle=8s
[w0:ab:pro] Site Turnstile remint timed out (23745ms)
[w0:ab:pro] Turnstile token present (len=837)
[w0:ab:pro] Site Turnstile token (22156ms)
[w0:ab:pro] [api] 200 mode=pro startsWith=autol
[w0:ab:pro] [api] 200 mode=pro startsWith=autol (502ms direct)
[w0:ab:pro] "autol" → 39 records, 39 words
[w0:ab:pro] "autol" branch complete
[w0:ab:pro] Saved 26,843 worker words
[w0:ab:pro] Searching "autom" | queue=126 | words=26843
[w0:ab:pro] Pacing 15s before "autom" (gap=15500ms)
[w0:ab:pro] heartbeat words=26843 queue=126 rotation=15 idle=22s
[w0:ab:pro] Site Turnstile remint timed out (23983ms)
[w0:ab:pro] Turnstile mint hard timeout after 28000ms
[w0:ab:pro] Site Turnstile remint timed out (28650ms)
[w0:ab:pro] Turnstile token present (len=816)
[w0:ab:pro] Site Turnstile token (24646ms)
[w0:ab:pro] [api] 200 mode=pro startsWith=autom
[w0:ab:pro] [api] 200 mode=pro startsWith=autom (732ms direct)
[w0:ab:pro] "autom" → 82 records, 82 words
[w0:ab:pro] "autom" branch complete
[w0:ab:pro] Saved 26,925 worker words
[w0:ab:pro] Searching "auton" | queue=125 | words=26925
[w0:ab:pro] Pacing 15s before "auton" (gap=15500ms)
[w0:ab:pro] heartbeat words=26925 queue=125 rotation=15 idle=4s
[w0:ab:pro] Site Turnstile remint timed out (22396ms)
[w0:ab:pro] Site Turnstile remint timed out (23515ms)
[w0:ab:pro] heartbeat words=26925 queue=125 rotation=15 idle=18s
[w0:ab:pro] Turnstile mint hard timeout after 28000ms
[w0:ab:pro] Turnstile mint hard timeout after 28000ms
[w0:ab:pro] Site Turnstile remint timed out (34663ms)
[w0:ab:pro] heartbeat words=26925 queue=125 rotation=15 idle=16s
[w0:ab:pro] Turnstile mint hard timeout after 28000ms
[w0:ab:pro] Failed "auton" attempt 1: No Turnstile token for direct search
[w0:ab:pro] Saved 26,925 worker words
[w0:ab:pro] Turnstile miss — soft reload before rotate
[w0:ab:pro] Site Turnstile remint timed out (35449ms)
[w0:ab:pro] Site Turnstile remint timed out (98193ms)
[w0:ab:pro] Site Turnstile remint timed out (12494ms)
[w0:ab:pro] Soft reload mint failed — rotating immediately
[w0:ab:pro] Tor exited code=null
[w0:ab:pro] Starting Tor gen=18 socks=127.0.0.1:19050 (try 1)
[w0:ab:pro] tor: Aug 05 11:56:59.386 [warn] Fixing permissions on directory /tmp/lll-tor-w0
[w0:ab:pro] tor: Aug 05 11:57:01.000 [notice] Bootstrapped 0% (starting): Starting
Aug 05 11:57:01.000 [notice] Starting with guard context "default"
[w0:ab:pro] tor: Aug 05 11:57:02.000 [notice] Bootstrapped 5% (conn): Connecting to a relay
[w0:ab:pro] tor: Aug 05 11:57:02.000 [notice] Bootstrapped 10% (conn_done): Connected to a relay
[w0:ab:pro] tor: Aug 05 11:57:03.000 [notice] Bootstrapped 14% (handshake): Handshaking with a relay
[w0:ab:pro] tor: Aug 05 11:57:04.000 [notice] Bootstrapped 15% (handshake_done): Handshake with a relay done
Aug 05 11:57:04.000 [notice] Bootstrapped 20% (onehop_create): Estab
[w0:ab:pro] tor: Aug 05 11:57:04.000 [notice] Bootstrapped 30% (loading_status): Loading networkstatus consensus
[w0:ab:pro] tor: Aug 05 11:57:08.000 [notice] Bootstrapped 40% (loading_keys): Loading authority key certs
[w0:ab:pro] tor: Aug 05 11:57:10.000 [notice] Bootstrapped 45% (requesting_descriptors): Asking for relay descriptors
Aug 05 11:57:10.000 [notice] I learned some more directory 
[w0:ab:pro] tor: Aug 05 11:57:11.000 [notice] Bootstrapped 50% (loading_descriptors): Loading relay descriptors
[w0:ab:pro] tor: Aug 05 11:57:25.000 [notice] Bootstrapped 55% (loading_descriptors): Loading relay descriptors
[w0:ab:pro] tor: Aug 05 11:57:25.000 [notice] Bootstrapped 61% (loading_descriptors): Loading relay descriptors
[w0:ab:pro] heartbeat words=26925 queue=126 rotation=16 idle=0s
[w0:ab:pro] tor: Aug 05 11:57:25.000 [notice] Bootstrapped 66% (loading_descriptors): Loading relay descriptors
[w0:ab:pro] tor: Aug 05 11:57:25.000 [notice] Bootstrapped 75% (enough_dirinfo): Loaded enough directory info to build circuits
[w0:ab:pro] tor: Aug 05 11:57:26.000 [notice] Bootstrapped 90% (ap_handshake_done): Handshake finished with a relay to build circuits
Aug 05 11:57:26.000 [notice] Bootstrapped 9
[w0:ab:pro] tor: Aug 05 11:57:26.000 [notice] Bootstrapped 100% (done): Done
[w0:ab:pro] Tor ready on 19050 exit=193.189.100.201
[w0:ab:pro] Rotating IP (#16, try 1) after No Turnstile token for direct search → tor#17 socks5://127.0.0.1:19050
[w0:ab:pro] Launching persistent Chrome profile /tmp/lll-pw-w0-r16
[w0:ab:pro] Proxy tor#17 socks5://127.0.0.1:19050
[w0:ab:pro] Opening https://lastletterlibrary.com
[w0:ab:pro] Library mode=pro
[w0:ab:pro] Managed Turnstile token (len=816, 6874ms, remount)
[w0:ab:pro] Search mode=direct (skip UI Wait Ns… gate)
[w0:ab:pro] Cleaned 1 old rotated profile(s)
[w0:ab:pro] Browser exit IP=193.189.100.201 (unique)
[w0:ab:pro] Searching "auton" | queue=125 | words=26925
[w0:ab:pro] [api] 200 mode=pro startsWith=auton
[w0:ab:pro] [api] 200 mode=pro startsWith=auton (684ms direct)
[w0:ab:pro] "auton" → 21 records, 21 words
[w0:ab:pro] "auton" branch complete
[w0:ab:pro] Saved 26,946 worker words
[w0:ab:pro] Searching "autoo" | queue=124 | words=26946
[w0:ab:pro] Pacing 15s before "autoo" (gap=15500ms)
[w0:ab:pro] Managed Turnstile token (len=816, 11161ms, reset)
[w0:ab:pro] [api] 200 mode=pro startsWith=autoo
[w0:ab:pro] [api] 200 mode=pro startsWith=autoo (895ms direct)
[w0:ab:pro] "autoo" → 1 records, 1 words
[w0:ab:pro] "autoo" branch complete
[w0:ab:pro] Saved 26,947 worker words
[w0:ab:pro] Searching "autop" | queue=123 | words=26947
[w0:ab:pro] Pacing 14s before "autop" (gap=15500ms)
[w0:ab:pro] Managed Turnstile token (len=816, 13836ms, reset)
[w0:ab:pro] [api] 200 mode=pro startsWith=autop
[w0:ab:pro] [api] 200 mode=pro startsWith=autop (1683ms direct)
[w0:ab:pro] "autop" → 86 records, 86 words
[w0:ab:pro] "autop" branch complete
[w0:ab:pro] Saved 27,033 worker words
[w0:ab:pro] Searching "autoq" | queue=122 | words=27033
[w0:ab:pro] Pacing 11s before "autoq" (gap=15500ms)
[w0:ab:pro] heartbeat words=27033 queue=122 rotation=16 idle=3s
[w0:ab:pro] Managed Turnstile token (len=816, 11183ms, reset)
[w0:ab:pro] [api] 429 mode=pro startsWith=autoq
[w0:ab:pro] [api] 429 mode=pro startsWith=autoq (517ms direct)
[w0:ab:pro] Learned server gap ≈ 15500ms (wait hint 2000ms)
[w0:ab:pro] Rate limited — inline wait 2000ms then retry "autoq"
[w0:ab:pro] Managed Turnstile token (len=816, 15144ms, reset)
[w0:ab:pro] [api] 200 mode=pro startsWith=autoq
[w0:ab:pro] [api] 200 mode=pro startsWith=autoq (595ms direct)
[w0:ab:pro] "autoq" → 0 records, 0 words
[w0:ab:pro] "autoq" branch complete
[w0:ab:pro] Saved 27,033 worker words; shared last.txt now 310,313
[w0:ab:pro] Searching "autor" | queue=121 | words=27033
[w0:ab:pro] Pacing 6s before "autor" (gap=15500ms)
[w0:ab:pro] Managed Turnstile token (len=816, 14895ms, reset)
[w0:ab:pro] [api] 200 mode=pro startsWith=autor
[w0:ab:pro] [api] 200 mode=pro startsWith=autor (595ms direct)
[w0:ab:pro] "autor" → 34 records, 34 words (incl. exact "autor")
[w0:ab:pro] "autor" branch complete
[w0:ab:pro] Saved 27,067 worker words
[w0:ab:pro] Searching "autos" | queue=120 | words=27067
[w0:ab:pro] Pacing 14s before "autos" (gap=15500ms)
[w0:ab:pro] Managed Turnstile token (len=816, 17544ms, reset)
[w0:ab:pro] [api] 200 mode=pro startsWith=autos
[w0:ab:pro] [api] 200 mode=pro startsWith=autos (507ms direct)
[w0:ab:pro] "autos" → 67 records, 67 words (incl. exact "autos")
[w0:ab:pro] "autos" branch complete
[w0:ab:pro] heartbeat words=27126 queue=120 rotation=16 idle=3s
[w0:ab:pro] Saved 27,126 worker words
[w0:ab:pro] Searching "autoz" | queue=119 | words=27126
[w0:ab:pro] Pacing 10s before "autoz" (gap=15500ms)
[w0:ab:pro] Turnstile token present (len=816)
[w0:ab:pro] Site Turnstile token (23129ms)
[w0:ab:pro] [api] 200 mode=pro startsWith=autoz
[w0:ab:pro] [api] 200 mode=pro startsWith=autoz (542ms direct)
[w0:ab:pro] "autoz" → 1 records, 1 words
[w0:ab:pro] "autoz" branch complete
[w0:ab:pro] Saved 27,126 worker words
[w0:ab:pro] Searching "actinu" | queue=118 | words=27126
[w0:ab:pro] Pacing 12s before "actinu" (gap=15500ms)
[w0:ab:pro] Managed Turnstile token (len=816, 14540ms, remount)
[w0:ab:pro] [api] 200 mode=pro startsWith=actinu
[w0:ab:pro] [api] 200 mode=pro startsWith=actinu (521ms direct)
[w0:ab:pro] "actinu" → 2 records, 2 words
[w0:ab:pro] "actinu" branch complete
[w0:ab:pro] Saved 27,126 worker words
[w0:ab:pro] Searching "actinv" | queue=117 | words=27126
[w0:ab:pro] Pacing 12s before "actinv" (gap=15500ms)
[w0:ab:pro] Managed Turnstile token (len=816, 6467ms, reset)
[w0:ab:pro] [api] 200 mode=pro startsWith=actinv
[w0:ab:pro] [api] 200 mode=pro startsWith=actinv (577ms direct)
[w0:ab:pro] "actinv" → 0 records, 0 words
[w0:ab:pro] "actinv" branch complete
[w0:ab:pro] Saved 27,126 worker words
[w0:ab:pro] Searching "actinw" | queue=116 | words=27126
[w0:ab:pro] Pacing 15s before "actinw" (gap=15500ms)
[w0:ab:pro] Managed Turnstile token (len=816, 4510ms, reset)
[w0:ab:pro] heartbeat words=27126 queue=116 rotation=16 idle=3s
[w0:ab:pro] [api] 200 mode=pro startsWith=actinw
[w0:ab:pro] [api] 200 mode=pro startsWith=actinw (405ms direct)
[w0:ab:pro] "actinw" → 0 records, 0 words
[w0:ab:pro] "actinw" branch complete
[w0:ab:pro] Saved 27,126 worker words
[w0:ab:pro] Searching "actinx" | queue=115 | words=27126
[w0:ab:pro] Pacing 16s before "actinx" (gap=15500ms)
[w0:ab:pro] Managed Turnstile token (len=816, 7646ms, reset)
[w0:ab:pro] [api] 200 mode=pro startsWith=actinx
[w0:ab:pro] [api] 200 mode=pro startsWith=actinx (426ms direct)
[w0:ab:pro] "actinx" → 0 records, 0 words
[w0:ab:pro] "actinx" branch complete
[w0:ab:pro] Saved 27,126 worker words
[w0:ab:pro] Searching "actiny" | queue=114 | words=27126
[w0:ab:pro] Pacing 16s before "actiny" (gap=15500ms)
[w0:ab:pro] Managed Turnstile token (len=816, 5177ms, reset)
[w0:ab:pro] [api] 200 mode=pro startsWith=actiny
[w0:ab:pro] [api] 200 mode=pro startsWith=actiny (660ms direct)
[w0:ab:pro] "actiny" → 0 records, 0 words
[w0:ab:pro] "actiny" branch complete
[w0:ab:pro] Saved 27,126 worker words; shared last.txt now 310,795
[w0:ab:pro] Searching "actinz" | queue=113 | words=27126
[w0:ab:pro] Pacing 15s before "actinz" (gap=15500ms)
[w0:ab:pro] Managed Turnstile token (len=816, 5973ms, reset)
[w0:ab:pro] [api] 200 mode=pro startsWith=actinz
[w0:ab:pro] [api] 200 mode=pro startsWith=actinz (505ms direct)
[w0:ab:pro] "actinz" → 0 records, 0 words
[w0:ab:pro] "actinz" branch complete
[w0:ab:pro] Saved 27,126 worker words
[w0:ab:pro] Searching "aftery" | queue=112 | words=27126
[w0:ab:pro] Pacing 15s before "aftery" (gap=15500ms)
[w0:ab:pro] heartbeat words=27126 queue=112 rotation=16 idle=6s
[w0:ab:pro] Managed Turnstile token (len=816, 17752ms, reset)
[w0:ab:pro] [api] 200 mode=pro startsWith=aftery
[w0:ab:pro] [api] 200 mode=pro startsWith=aftery (716ms direct)
[w0:ab:pro] "aftery" → 1 records, 1 words
[w0:ab:pro] "aftery" branch complete
[w0:ab:pro] Saved 27,126 worker words
[w0:ab:pro] Searching "afterz" | queue=111 | words=27126
[w0:ab:pro] Pacing 15s before "afterz" (gap=15500ms)
[w0:ab:pro] Turnstile token present (len=816)
[w0:ab:pro] Site Turnstile token (21818ms)
[w0:ab:pro] [api] 200 mode=pro startsWith=afterz
[w0:ab:pro] [api] 200 mode=pro startsWith=afterz (517ms direct)
[w0:ab:pro] "afterz" → 0 records, 0 words
[w0:ab:pro] "afterz" branch complete
[w0:ab:pro] Saved 27,126 worker words
[w0:ab:pro] Searching "alphan" | queue=110 | words=27126
[w0:ab:pro] Pacing 13s before "alphan" (gap=15500ms)
[w0:ab:pro] heartbeat words=27126 queue=110 rotation=16 idle=22s
[w0:ab:pro] Site Turnstile remint timed out (23590ms)
[w0:ab:pro] Site Turnstile remint timed out (24264ms)
[w0:ab:pro] Turnstile mint hard timeout after 28000ms
[w0:ab:pro] heartbeat words=27126 queue=110 rotation=16 idle=7s
[w0:ab:pro] Turnstile mint hard timeout after 28000ms
[w0:ab:pro] Failed "alphan" attempt 1: No Turnstile token for direct search
[w0:ab:pro] Saved 27,126 worker words
[w0:ab:pro] Turnstile miss — soft reload before rotate
[w0:ab:pro] Site Turnstile remint timed out (32190ms)
[w0:ab:pro] Site Turnstile remint timed out (63330ms)
[w0:ab:pro] Site Turnstile remint timed out (12245ms)
[w0:ab:pro] Soft reload mint failed — rotating immediately
[w0:ab:pro] Tor exited code=null
[w0:ab:pro] Starting Tor gen=19 socks=127.0.0.1:19050 (try 1)
[w0:ab:pro] tor: Aug 05 12:04:07.447 [notice] Opening Socks listener on 127.0.0.1:19050
Aug 05 12:04:07.449 [notice] Opened Socks listener connection (ready) on 127.0.0.1:19050

[w0:ab:pro] tor: Aug 05 12:04:09.000 [notice] Bootstrapped 0% (starting): Starting
[w0:ab:pro] tor: Aug 05 12:04:10.000 [notice] Bootstrapped 5% (conn): Connecting to a relay
[w0:ab:pro] tor: Aug 05 12:04:10.000 [notice] Bootstrapped 10% (conn_done): Connected to a relay
[w0:ab:pro] tor: Aug 05 12:04:10.000 [notice] Bootstrapped 14% (handshake): Handshaking with a relay
[w0:ab:pro] tor: Aug 05 12:04:11.000 [notice] Bootstrapped 15% (handshake_done): Handshake with a relay done
[w0:ab:pro] tor: Aug 05 12:04:11.000 [notice] Bootstrapped 20% (onehop_create): Establishing an encrypted directory connection
[w0:ab:pro] tor: Aug 05 12:04:11.000 [notice] Bootstrapped 25% (requesting_status): Asking for networkstatus consensus
[w0:ab:pro] tor: Aug 05 12:04:11.000 [notice] Bootstrapped 30% (loading_status): Loading networkstatus consensus
[w0:ab:pro] tor: Aug 05 12:04:13.000 [notice] Bootstrapped 40% (loading_keys): Loading authority key certs
[w0:ab:pro] tor: Aug 05 12:04:13.000 [notice] Bootstrapped 45% (requesting_descriptors): Asking for relay descriptors
Aug 05 12:04:13.000 [notice] I learned some more directory 
[w0:ab:pro] tor: Aug 05 12:04:15.000 [notice] Bootstrapped 50% (loading_descriptors): Loading relay descriptors
[w0:ab:pro] tor: Aug 05 12:04:23.000 [notice] Bootstrapped 55% (loading_descriptors): Loading relay descriptors
[w0:ab:pro] tor: Aug 05 12:04:23.000 [notice] Bootstrapped 61% (loading_descriptors): Loading relay descriptors
[w0:ab:pro] tor: Aug 05 12:04:23.000 [notice] Bootstrapped 67% (loading_descriptors): Loading relay descriptors
[w0:ab:pro] tor: Aug 05 12:04:24.000 [notice] Bootstrapped 75% (enough_dirinfo): Loaded enough directory info to build circuits
[w0:ab:pro] tor: Aug 05 12:04:24.000 [notice] Bootstrapped 90% (ap_handshake_done): Handshake finished with a relay to build circuits
Aug 05 12:04:24.000 [notice] Bootstrapped 9
[w0:ab:pro] tor: Aug 05 12:04:25.000 [notice] Bootstrapped 100% (done): Done
[w0:ab:pro] heartbeat words=27126 queue=111 rotation=17 idle=3s
[w0:ab:pro] Tor ready on 19050 exit=192.42.116.111
[w0:ab:pro] Rotating IP (#17, try 1) after No Turnstile token for direct search → tor#18 socks5://127.0.0.1:19050
[w0:ab:pro] Launching persistent Chrome profile /tmp/lll-pw-w0-r17
[w0:ab:pro] Proxy tor#18 socks5://127.0.0.1:19050
[w0:ab:pro] Opening https://lastletterlibrary.com
[w0:ab:pro] Library mode=pro
[w0:ab:pro] Managed Turnstile token (len=816, 14313ms, remount)
[w0:ab:pro] Search mode=direct (skip UI Wait Ns… gate)
[w0:ab:pro] Cleaned 1 old rotated profile(s)
[w0:ab:pro] Browser exit IP=192.42.116.111 (unique)
[w0:ab:pro] Searching "alphan" | queue=110 | words=27126
[w0:ab:pro] [api] 200 mode=pro startsWith=alphan
[w0:ab:pro] [api] 200 mode=pro startsWith=alphan (605ms direct)
[w0:ab:pro] "alphan" → 4 records, 4 words
[w0:ab:pro] "alphan" branch complete
[w0:ab:pro] Saved 27,126 worker words
[w0:ab:pro] Searching "alphao" | queue=109 | words=27126
[w0:ab:pro] Pacing 15s before "alphao" (gap=15500ms)
[w0:ab:pro] Managed Turnstile token (len=816, 9938ms, reset)
[w0:ab:pro] [api] 200 mode=pro startsWith=alphao
[w0:ab:pro] [api] 200 mode=pro startsWith=alphao (859ms direct)
[w0:ab:pro] "alphao" → 0 records, 0 words
[w0:ab:pro] "alphao" branch complete
[w0:ab:pro] Saved 27,126 worker words
[w0:ab:pro] Searching "alphap" | queue=108 | words=27126
[w0:ab:pro] Pacing 15s before "alphap" (gap=15500ms)
[w0:ab:pro] heartbeat words=27126 queue=108 rotation=17 idle=10s
[w0:ab:pro] Site Turnstile remint timed out (23676ms)
[w0:ab:pro] Managed Turnstile token (len=816, 10281ms, remount)
[w0:ab:pro] [api] 200 mode=pro startsWith=alphap
[w0:ab:pro] [api] 200 mode=pro startsWith=alphap (482ms direct)
[w0:ab:pro] "alphap" → 5 records, 5 words
[w0:ab:pro] "alphap" branch complete
[w0:ab:pro] Saved 27,126 worker words
[w0:ab:pro] Searching "alphaq" | queue=107 | words=27126
[w0:ab:pro] Pacing 15s before "alphaq" (gap=15500ms)
[w0:ab:pro] Managed Turnstile token (len=816, 5064ms, reset)
[w0:ab:pro] [api] 200 mode=pro startsWith=alphaq
[w0:ab:pro] [api] 200 mode=pro startsWith=alphaq (530ms direct)
[w0:ab:pro] "alphaq" → 0 records, 0 words
[w0:ab:pro] "alphaq" branch complete
[w0:ab:pro] Saved 27,126 worker words; shared last.txt now 312,065
[w0:ab:pro] Searching "alphar" | queue=106 | words=27126
[w0:ab:pro] Pacing 15s before "alphar" (gap=15500ms)
[w0:ab:pro] Managed Turnstile token (len=816, 9605ms, reset)
[w0:ab:pro] [api] 200 mode=pro startsWith=alphar
[w0:ab:pro] [api] 200 mode=pro startsWith=alphar (518ms direct)
[w0:ab:pro] "alphar" → 1 records, 1 words
[w0:ab:pro] "alphar" branch complete
[w0:ab:pro] Saved 27,126 worker words
[w0:ab:pro] Searching "alphas" | queue=105 | words=27126
[w0:ab:pro] Pacing 14s before "alphas" (gap=15500ms)
[w0:ab:pro] heartbeat words=27126 queue=105 rotation=17 idle=3s
[w0:ab:pro] Site Turnstile remint timed out (27400ms)
[w0:ab:pro] Turnstile token present (len=816)
[w0:ab:pro] Site Turnstile token (24011ms)
[w0:ab:pro] [api] 200 mode=pro startsWith=alphas
[w0:ab:pro] [api] 200 mode=pro startsWith=alphas (2699ms direct)
[w0:ab:pro] "alphas" → 5 records, 5 words (incl. exact "alphas")
[w0:ab:pro] "alphas" branch complete
[w0:ab:pro] Saved 27,126 worker words
[w0:ab:pro] Searching "alphat" | queue=104 | words=27126
[w0:ab:pro] Pacing 11s before "alphat" (gap=15500ms)
[w0:ab:pro] heartbeat words=27126 queue=104 rotation=17 idle=7s
[w0:ab:pro] Managed Turnstile token (len=816, 17456ms, remount)
[w0:ab:pro] [api] 200 mode=pro startsWith=alphat
[w0:ab:pro] [api] 200 mode=pro startsWith=alphat (749ms direct)
[w0:ab:pro] "alphat" → 4 records, 4 words
[w0:ab:pro] "alphat" branch complete
[w0:ab:pro] Saved 27,126 worker words
[w0:ab:pro] Searching "alphau" | queue=103 | words=27126
[w0:ab:pro] Pacing 15s before "alphau" (gap=15500ms)
[w0:ab:pro] Managed Turnstile token (len=816, 15581ms, reset)
[w0:ab:pro] [api] 200 mode=pro startsWith=alphau
[w0:ab:pro] [api] 200 mode=pro startsWith=alphau (581ms direct)
[w0:ab:pro] "alphau" → 0 records, 0 words
[w0:ab:pro] "alphau" branch complete
[w0:ab:pro] Saved 27,126 worker words
[w0:ab:pro] Searching "alphav" | queue=102 | words=27126
[w0:ab:pro] Pacing 13s before "alphav" (gap=15500ms)
[w0:ab:pro] Managed Turnstile token (len=816, 17896ms, reset)
[w0:ab:pro] [api] 200 mode=pro startsWith=alphav
[w0:ab:pro] [api] 200 mode=pro startsWith=alphav (502ms direct)
[w0:ab:pro] "alphav" → 0 records, 0 words
[w0:ab:pro] "alphav" branch complete
[w0:ab:pro] Saved 27,126 worker words
[w0:ab:pro] Searching "alphaw" | queue=101 | words=27126
[w0:ab:pro] Pacing 15s before "alphaw" (gap=15500ms)
[w0:ab:pro] Managed Turnstile token (len=816, 13941ms, reset)
[w0:ab:pro] heartbeat words=27126 queue=101 rotation=17 idle=0s
[w0:ab:pro] [api] 200 mode=pro startsWith=alphaw
[w0:ab:pro] [api] 200 mode=pro startsWith=alphaw (539ms direct)
[w0:ab:pro] "alphaw" → 0 records, 0 words
[w0:ab:pro] "alphaw" branch complete
[w0:ab:pro] Saved 27,126 worker words
[w0:ab:pro] Searching "alphax" | queue=100 | words=27126
[w0:ab:pro] Pacing 14s before "alphax" (gap=15500ms)
[w0:ab:pro] Site Turnstile remint timed out (24067ms)
[w0:ab:pro] Managed Turnstile token (len=816, 15052ms, remount)
[w0:ab:pro] [api] 200 mode=pro startsWith=alphax
[w0:ab:pro] [api] 200 mode=pro startsWith=alphax (487ms direct)
[w0:ab:pro] "alphax" → 2 records, 2 words
[w0:ab:pro] "alphax" branch complete
[w0:ab:pro] Saved 27,126 worker words
[w0:ab:pro] Searching "amphiv" | queue=99 | words=27126
[w0:ab:pro] Pacing 12s before "amphiv" (gap=15500ms)
[w0:ab:pro] Managed Turnstile token (len=816, 14326ms, reset)
[w0:ab:pro] [api] 200 mode=pro startsWith=amphiv
[w0:ab:pro] [api] 200 mode=pro startsWith=amphiv (538ms direct)
[w0:ab:pro] "amphiv" → 2 records, 2 words
[w0:ab:pro] "amphiv" branch complete
[w0:ab:pro] heartbeat words=27126 queue=99 rotation=17 idle=1s
[w0:ab:pro] Saved 27,126 worker words; shared last.txt now 312,648
[w0:ab:pro] Searching "amphiw" | queue=98 | words=27126
[w0:ab:pro] Pacing 11s before "amphiw" (gap=15500ms)
[w0:ab:pro] Managed Turnstile token (len=816, 14632ms, reset)
[w0:ab:pro] [api] 200 mode=pro startsWith=amphiw
[w0:ab:pro] [api] 200 mode=pro startsWith=amphiw (471ms direct)
[w0:ab:pro] "amphiw" → 0 records, 0 words
[w0:ab:pro] "amphiw" branch complete
[w0:ab:pro] Saved 27,126 worker words
[w0:ab:pro] Searching "amphix" | queue=97 | words=27126
[w0:ab:pro] Pacing 13s before "amphix" (gap=15500ms)
[w0:ab:pro] Site Turnstile remint timed out (24355ms)
[w0:ab:pro] heartbeat words=27126 queue=97 rotation=17 idle=19s
[w0:ab:pro] Turnstile token present (len=816)
[w0:ab:pro] Site Turnstile token (20892ms)
[w0:ab:pro] [api] 200 mode=pro startsWith=amphix
[w0:ab:pro] [api] 200 mode=pro startsWith=amphix (866ms direct)
[w0:ab:pro] "amphix" → 0 records, 0 words
[w0:ab:pro] "amphix" branch complete
[w0:ab:pro] Saved 27,126 worker words
[w0:ab:pro] Searching "amphiy" | queue=96 | words=27126
[w0:ab:pro] Pacing 13s before "amphiy" (gap=15500ms)
[w0:ab:pro] Turnstile token present (len=816)
[w0:ab:pro] Site Turnstile token (22875ms)
[w0:ab:pro] [api] 200 mode=pro startsWith=amphiy
[w0:ab:pro] [api] 200 mode=pro startsWith=amphiy (1746ms direct)
[w0:ab:pro] "amphiy" → 0 records, 0 words
[w0:ab:pro] "amphiy" branch complete
[w0:ab:pro] Saved 27,126 worker words
[w0:ab:pro] Searching "amphiz" | queue=95 | words=27126
[w0:ab:pro] Pacing 13s before "amphiz" (gap=15500ms)
[w0:ab:pro] Turnstile token present (len=816)
[w0:ab:pro] Site Turnstile token (23755ms)
[w0:ab:pro] [api] 200 mode=pro startsWith=amphiz
[w0:ab:pro] [api] 200 mode=pro startsWith=amphiz (433ms direct)
[w0:ab:pro] "amphiz" → 0 records, 0 words
[w0:ab:pro] "amphiz" branch complete
[w0:ab:pro] Saved 27,126 worker words
[w0:ab:pro] Searching "anthro" | queue=94 | words=27126
[w0:ab:pro] Pacing 15s before "anthro" (gap=15500ms)
[w0:ab:pro] heartbeat words=27126 queue=94 rotation=17 idle=7s
[w0:ab:pro] Managed Turnstile token (len=816, 15602ms, remount)
[w0:ab:pro] [api] 200 mode=pro startsWith=anthro
[w0:ab:pro] [api] 200 mode=pro startsWith=anthro (504ms direct)
[w0:ab:pro] "anthro" → 100 records, 100 words (incl. exact "anthro")
[w0:ab:pro] Pacing 15s before "anthro" (gap=15500ms)
[w0:ab:pro] Managed Turnstile token (len=816, 12984ms, reset)
[w0:ab:pro] [api] 200 mode=pro startsWith=anthro
[w0:ab:pro] [api] 200 mode=pro startsWith=anthro sort=alphabetical:desc (478ms direct)
[w0:ab:pro] "anthro" full page ends at "anthropopathically" (next='p'); skip 26 covered groups → 2 children reverse Z→A ends at "anthropometer" (lo='p' hi='z'); skip 9 middle + 0 new words
[w0:ab:pro] Saved 27,134 worker words
[w0:ab:pro] Searching "anthry" | queue=95 | words=27134
[w0:ab:pro] Pacing 11s before "anthry" (gap=15500ms)
[w0:ab:pro] Managed Turnstile token (len=816, 13363ms, reset)
[w0:ab:pro] [api] 200 mode=pro startsWith=anthry
[w0:ab:pro] [api] 200 mode=pro startsWith=anthry (373ms direct)
[w0:ab:pro] "anthry" → 1 records, 1 words
[w0:ab:pro] "anthry" branch complete
[w0:ab:pro] Saved 27,134 worker words
[w0:ab:pro] Searching "anthrz" | queue=94 | words=27134
[w0:ab:pro] Pacing 16s before "anthrz" (gap=15500ms)
[w0:ab:pro] heartbeat words=27134 queue=94 rotation=17 idle=20s
[w0:ab:pro] Site Turnstile remint timed out (22350ms)
[w0:ab:pro] Managed Turnstile token (len=816, 6641ms, remount)
[w0:ab:pro] [api] 200 mode=pro startsWith=anthrz
[w0:ab:pro] [api] 200 mode=pro startsWith=anthrz (421ms direct)
[w0:ab:pro] "anthrz" → 0 records, 0 words
[w0:ab:pro] "anthrz" branch complete
[w0:ab:pro] Saved 27,134 worker words
[w0:ab:pro] Searching "anti-c" | queue=93 | words=27134
[w0:ab:pro] Pacing 16s before "anti-c" (gap=15500ms)
[w0:ab:pro] Managed Turnstile token (len=816, 4376ms, reset)
[w0:ab:pro] [api] 200 mode=pro startsWith=anti-c
[w0:ab:pro] [api] 200 mode=pro startsWith=anti-c (387ms direct)
[w0:ab:pro] "anti-c" → 63 records, 63 words
[w0:ab:pro] "anti-c" branch complete
[w0:ab:pro] Saved 27,191 worker words; shared last.txt now 313,830
[w0:ab:pro] Searching "anti-d" | queue=92 | words=27191
[w0:ab:pro] Pacing 15s before "anti-d" (gap=15500ms)
[w0:ab:pro] Turnstile token present (len=816)
[w0:ab:pro] Site Turnstile token (25451ms)
[w0:ab:pro] [api] 200 mode=pro startsWith=anti-d
[w0:ab:pro] [api] 200 mode=pro startsWith=anti-d (721ms direct)
[w0:ab:pro] "anti-d" → 20 records, 20 words
[w0:ab:pro] "anti-d" branch complete
[w0:ab:pro] Saved 27,211 worker words
[w0:ab:pro] Searching "anti-e" | queue=91 | words=27211
[w0:ab:pro] Pacing 10s before "anti-e" (gap=15500ms)
[w0:ab:pro] heartbeat words=27211 queue=91 rotation=17 idle=3s
[w0:ab:pro] Turnstile token present (len=816)
[w0:ab:pro] Site Turnstile token (23568ms)
[w0:ab:pro] [api] 200 mode=pro startsWith=anti-e
[w0:ab:pro] [api] 200 mode=pro startsWith=anti-e (433ms direct)
[w0:ab:pro] "anti-e" → 39 records, 39 words
[w0:ab:pro] "anti-e" branch complete
[w0:ab:pro] Saved 27,250 worker words
[w0:ab:pro] Searching "anti-f" | queue=90 | words=27250
[w0:ab:pro] Pacing 15s before "anti-f" (gap=15500ms)
[w0:ab:pro] Turnstile token present (len=816)
[w0:ab:pro] Site Turnstile token (22403ms)
[w0:ab:pro] [api] 200 mode=pro startsWith=anti-f
[w0:ab:pro] [api] 200 mode=pro startsWith=anti-f (458ms direct)
[w0:ab:pro] "anti-f" → 34 records, 34 words
[w0:ab:pro] "anti-f" branch complete
[w0:ab:pro] Saved 27,284 worker words
[w0:ab:pro] Searching "anti-g" | queue=89 | words=27284
[w0:ab:pro] Pacing 14s before "anti-g" (gap=15500ms)
[w0:ab:pro] heartbeat words=27284 queue=89 rotation=17 idle=21s
[w0:ab:pro] Turnstile mint hard timeout after 28000ms
[w0:ab:pro] Turnstile token present (len=816)
[w0:ab:pro] Site Turnstile token (28014ms)
[w0:ab:pro] Turnstile token present (len=816)
[w0:ab:pro] Site Turnstile token (22973ms)
[w0:ab:pro] [api] 200 mode=pro startsWith=anti-g
[w0:ab:pro] [api] 200 mode=pro startsWith=anti-g (539ms direct)
[w0:ab:pro] "anti-g" → 20 records, 20 words (incl. exact "anti-g")
[w0:ab:pro] "anti-g" branch complete
[w0:ab:pro] Saved 27,304 worker words
[w0:ab:pro] Searching "anti-h" | queue=88 | words=27304
[w0:ab:pro] Pacing 12s before "anti-h" (gap=15500ms)
[w0:ab:pro] Site Turnstile remint timed out (26119ms)
[w0:ab:pro] heartbeat words=27304 queue=88 rotation=17 idle=3s
[w0:ab:pro] Managed Turnstile token (len=816, 10992ms, remount)
[w0:ab:pro] [api] 200 mode=pro startsWith=anti-h
[w0:ab:pro] [api] 200 mode=pro startsWith=anti-h (466ms direct)
[w0:ab:pro] "anti-h" → 25 records, 25 words
[w0:ab:pro] "anti-h" branch complete
[w0:ab:pro] Saved 27,329 worker words
[w0:ab:pro] Searching "anti-i" | queue=87 | words=27329
[w0:ab:pro] Pacing 15s before "anti-i" (gap=15500ms)
[w0:ab:pro] Managed Turnstile token (len=816, 5353ms, reset)
[w0:ab:pro] [api] 200 mode=pro startsWith=anti-i
[w0:ab:pro] [api] 200 mode=pro startsWith=anti-i (385ms direct)
[w0:ab:pro] "anti-i" → 37 records, 37 words
[w0:ab:pro] "anti-i" branch complete
[w0:ab:pro] Saved 27,366 worker words
[w0:ab:pro] Searching "anti-j" | queue=86 | words=27366
[w0:ab:pro] Pacing 16s before "anti-j" (gap=15500ms)
[w0:ab:pro] Managed Turnstile token (len=816, 13248ms, reset)
[w0:ab:pro] [api] 200 mode=pro startsWith=anti-j
[w0:ab:pro] [api] 200 mode=pro startsWith=anti-j (621ms direct)
[w0:ab:pro] "anti-j" → 4 records, 4 words
[w0:ab:pro] "anti-j" branch complete
[w0:ab:pro] Saved 27,370 worker words
[w0:ab:pro] Searching "anti-k" | queue=85 | words=27370
[w0:ab:pro] Pacing 12s before "anti-k" (gap=15500ms)
[w0:ab:pro] heartbeat words=27370 queue=85 rotation=17 idle=17s
[w0:ab:pro] Site Turnstile remint timed out (25314ms)
[w0:ab:pro] Turnstile token present (len=816)
[w0:ab:pro] Site Turnstile token (22318ms)
[w0:ab:pro] [api] 200 mode=pro startsWith=anti-k
[w0:ab:pro] [api] 200 mode=pro startsWith=anti-k (433ms direct)
[w0:ab:pro] "anti-k" → 4 records, 4 words
[w0:ab:pro] "anti-k" branch complete
[w0:ab:pro] Saved 27,374 worker words; shared last.txt now 314,823
[w0:ab:pro] Searching "anti-l" | queue=84 | words=27374
[w0:ab:pro] Pacing 2s before "anti-l" (gap=15500ms)
[w0:ab:pro] Site Turnstile remint timed out (24949ms)
[w0:ab:pro] heartbeat words=27374 queue=84 rotation=17 idle=5s
[w0:ab:pro] Turnstile token present (len=816)
[w0:ab:pro] Site Turnstile token (20845ms)
[w0:ab:pro] [api] 200 mode=pro startsWith=anti-l
[w0:ab:pro] [api] 200 mode=pro startsWith=anti-l (499ms direct)
[w0:ab:pro] "anti-l" → 17 records, 17 words
[w0:ab:pro] "anti-l" branch complete
[w0:ab:pro] Saved 27,391 worker words
[w0:ab:pro] Searching "anti-m" | queue=83 | words=27391
[w0:ab:pro] Pacing 14s before "anti-m" (gap=15500ms)
[w0:ab:pro] Turnstile token present (len=816)
[w0:ab:pro] Site Turnstile token (23713ms)
[w0:ab:pro] [api] 200 mode=pro startsWith=anti-m
[w0:ab:pro] [api] 200 mode=pro startsWith=anti-m (549ms direct)
[w0:ab:pro] "anti-m" → 45 records, 45 words
[w0:ab:pro] "anti-m" branch complete
[w0:ab:pro] heartbeat words=27436 queue=83 rotation=17 idle=6s
[w0:ab:pro] Saved 27,436 worker words
[w0:ab:pro] Searching "anti-n" | queue=82 | words=27436
[w0:ab:pro] Managed Turnstile token (len=816, 22262ms, remount)
[w0:ab:pro] [api] 200 mode=pro startsWith=anti-n
[w0:ab:pro] [api] 200 mode=pro startsWith=anti-n (462ms direct)
[w0:ab:pro] "anti-n" → 16 records, 16 words
[w0:ab:pro] "anti-n" branch complete
[w0:ab:pro] Saved 27,452 worker words
[w0:ab:pro] Searching "anti-o" | queue=81 | words=27452
[w0:ab:pro] Pacing 14s before "anti-o" (gap=15500ms)
[w0:ab:pro] Turnstile mint hard timeout after 28000ms
[w0:ab:pro] Turnstile token present (len=816)
[w0:ab:pro] Site Turnstile token (28990ms)
[w0:ab:pro] heartbeat words=27452 queue=81 rotation=17 idle=14s
[w0:ab:pro] Managed Turnstile token (len=816, 17566ms, remount)
[w0:ab:pro] [api] 200 mode=pro startsWith=anti-o
[w0:ab:pro] [api] 200 mode=pro startsWith=anti-o (442ms direct)
[w0:ab:pro] "anti-o" → 4 records, 4 words
[w0:ab:pro] "anti-o" branch complete
[w0:ab:pro] Saved 27,456 worker words
[w0:ab:pro] Searching "anti-p" | queue=80 | words=27456
[w0:ab:pro] Pacing 13s before "anti-p" (gap=15500ms)
[w0:ab:pro] Managed Turnstile token (len=816, 8861ms, reset)
[w0:ab:pro] [api] 200 mode=pro startsWith=anti-p
[w0:ab:pro] [api] 200 mode=pro startsWith=anti-p (569ms direct)
[w0:ab:pro] "anti-p" → 29 records, 29 words
[w0:ab:pro] "anti-p" branch complete
[w0:ab:pro] Saved 27,485 worker words
[w0:ab:pro] Searching "anti-q" | queue=79 | words=27485
[w0:ab:pro] Pacing 15s before "anti-q" (gap=15500ms)
[w0:ab:pro] Managed Turnstile token (len=816, 4149ms, reset)
[w0:ab:pro] [api] 200 mode=pro startsWith=anti-q
[w0:ab:pro] [api] 200 mode=pro startsWith=anti-q (392ms direct)
[w0:ab:pro] "anti-q" → 0 records, 0 words
[w0:ab:pro] "anti-q" branch complete
[w0:ab:pro] Saved 27,485 worker words
[w0:ab:pro] Searching "anti-r" | queue=78 | words=27485
[w0:ab:pro] Pacing 15s before "anti-r" (gap=15500ms)
[w0:ab:pro] Managed Turnstile token (len=816, 11212ms, reset)
[w0:ab:pro] [api] 200 mode=pro startsWith=anti-r
[w0:ab:pro] [api] 200 mode=pro startsWith=anti-r (893ms direct)
[w0:ab:pro] "anti-r" → 54 records, 54 words
[w0:ab:pro] "anti-r" branch complete
[w0:ab:pro] Saved 27,539 worker words
[w0:ab:pro] Searching "anti-s" | queue=77 | words=27539
[w0:ab:pro] Pacing 13s before "anti-s" (gap=15500ms)
[w0:ab:pro] heartbeat words=27539 queue=77 rotation=17 idle=7s
[w0:ab:pro] Turnstile token present (len=816)
[w0:ab:pro] Site Turnstile token (25095ms)
[w0:ab:pro] [api] 200 mode=pro startsWith=anti-s
[w0:ab:pro] [api] 200 mode=pro startsWith=anti-s (448ms direct)
[w0:ab:pro] "anti-s" → 72 records, 72 words
[w0:ab:pro] "anti-s" branch complete
[w0:ab:pro] Saved 27,571 worker words; shared last.txt now 316,143
[w0:ab:pro] Searching "anti-z" | queue=76 | words=27571
[w0:ab:pro] Site Turnstile remint timed out (24450ms)
[w0:ab:pro] heartbeat words=27571 queue=76 rotation=17 idle=17s
[w0:ab:pro] Turnstile mint hard timeout after 28000ms
[w0:ab:pro] Site Turnstile remint timed out (28711ms)
[w0:ab:pro] Site Turnstile remint timed out (24527ms)
[w0:ab:pro] Turnstile token present (len=816)
[w0:ab:pro] Site Turnstile token (22661ms)
[w0:ab:pro] [api] 200 mode=pro startsWith=anti-z
[w0:ab:pro] [api] 200 mode=pro startsWith=anti-z (479ms direct)
[w0:ab:pro] "anti-z" → 5 records, 5 words
[w0:ab:pro] "anti-z" branch complete
[w0:ab:pro] Saved 27,571 worker words
[w0:ab:pro] Searching "antiau" | queue=75 | words=27571
[w0:ab:pro] Pacing 15s before "antiau" (gap=15500ms)
[w0:ab:pro] heartbeat words=27571 queue=75 rotation=17 idle=1s
[w0:ab:pro] Managed Turnstile token (len=816, 4227ms, remount)
[w0:ab:pro] [api] 200 mode=pro startsWith=antiau
[w0:ab:pro] [api] 200 mode=pro startsWith=antiau (2020ms direct)
[w0:ab:pro] "antiau" → 7 records, 7 words
[w0:ab:pro] "antiau" branch complete
[w0:ab:pro] Saved 27,571 worker words
[w0:ab:pro] Searching "antiav" | queue=74 | words=27571
[w0:ab:pro] Pacing 14s before "antiav" (gap=15500ms)
[w0:ab:pro] Managed Turnstile token (len=816, 5137ms, reset)
[w0:ab:pro] [api] 429 mode=pro startsWith=antiav
[w0:ab:pro] [api] 429 mode=pro startsWith=antiav (365ms direct)
[w0:ab:pro] Learned server gap ≈ 15500ms (wait hint 3000ms)
[w0:ab:pro] Rate limited — inline wait 3000ms then retry "antiav"
[w0:ab:pro] Managed Turnstile token (len=816, 5163ms, reset)
[w0:ab:pro] [api] 200 mode=pro startsWith=antiav
[w0:ab:pro] [api] 200 mode=pro startsWith=antiav (408ms direct)
[w0:ab:pro] "antiav" → 0 records, 0 words
[w0:ab:pro] "antiav" branch complete
[w0:ab:pro] Saved 27,571 worker words
[w0:ab:pro] Searching "antiaw" | queue=73 | words=27571
[w0:ab:pro] Pacing 15s before "antiaw" (gap=15500ms)
[w0:ab:pro] Managed Turnstile token (len=816, 4721ms, reset)
[w0:ab:pro] [api] 200 mode=pro startsWith=antiaw
[w0:ab:pro] [api] 200 mode=pro startsWith=antiaw (489ms direct)
[w0:ab:pro] "antiaw" → 0 records, 0 words
[w0:ab:pro] "antiaw" branch complete
[w0:ab:pro] Saved 27,571 worker words
[w0:ab:pro] Searching "antiax" | queue=72 | words=27571
[w0:ab:pro] Pacing 15s before "antiax" (gap=15500ms)
[w0:ab:pro] heartbeat words=27571 queue=72 rotation=17 idle=8s
[w0:ab:pro] Managed Turnstile token (len=816, 8626ms, reset)
[w0:ab:pro] [api] 200 mode=pro startsWith=antiax
[w0:ab:pro] [api] 200 mode=pro startsWith=antiax (524ms direct)
[w0:ab:pro] "antiax" → 0 records, 0 words
[w0:ab:pro] "antiax" branch complete
[w0:ab:pro] Saved 27,571 worker words
[w0:ab:pro] Searching "antiay" | queue=71 | words=27571
[w0:ab:pro] Pacing 14s before "antiay" (gap=15500ms)
[w0:ab:pro] Site Turnstile remint timed out (23313ms)
[w0:ab:pro] Turnstile mint hard timeout after 28000ms
[w0:ab:pro] Site Turnstile remint timed out (28290ms)
[w0:ab:pro] heartbeat words=27571 queue=71 rotation=17 idle=0s
[w0:ab:pro] Turnstile mint hard timeout after 28000ms
[w0:ab:pro] Site Turnstile remint timed out (30277ms)
[w0:ab:pro] Turnstile mint hard timeout after 28000ms
[w0:ab:pro] Failed "antiay" attempt 1: No Turnstile token for direct search
[w0:ab:pro] Saved 27,571 worker words
[w0:ab:pro] Turnstile miss — soft reload before rotate
[w0:ab:pro] heartbeat words=27571 queue=72 rotation=17 idle=1s
[w0:ab:pro] Site Turnstile remint timed out (36984ms)
[w0:ab:pro] Site Turnstile remint timed out (13397ms)
[w0:ab:pro] Soft reload mint failed — rotating immediately
[w0:ab:pro] Tor exited code=0
[w0:ab:pro] Starting Tor gen=20 socks=127.0.0.1:19050 (try 1)
[w0:ab:pro] tor: Aug 05 12:25:51.881 [notice] Opening Socks listener on 127.0.0.1:19050
Aug 05 12:25:51.881 [notice] Opened Socks listener connection (ready) on 127.0.0.1:19050

[w0:ab:pro] tor: Aug 05 12:25:52.000 [notice] Bootstrapped 0% (starting): Starting
Aug 05 12:25:52.000 [notice] Starting with guard context "default"
[w0:ab:pro] tor: Aug 05 12:25:53.000 [notice] Bootstrapped 5% (conn): Connecting to a relay
[w0:ab:pro] tor: Aug 05 12:25:53.000 [notice] Bootstrapped 10% (conn_done): Connected to a relay
[w0:ab:pro] tor: Aug 05 12:25:53.000 [notice] Bootstrapped 14% (handshake): Handshaking with a relay
[w0:ab:pro] heartbeat words=27571 queue=72 rotation=18 idle=38s
[w0:ab:pro] tor: Aug 05 12:26:54.000 [notice] Bootstrapped 15% (handshake_done): Handshake with a relay done
Aug 05 12:26:54.000 [notice] Bootstrapped 20% (onehop_create): Estab
[w0:ab:pro] tor: Aug 05 12:26:54.000 [notice] Bootstrapped 25% (requesting_status): Asking for networkstatus consensus
[w0:ab:pro] tor: Aug 05 12:26:54.000 [notice] Bootstrapped 30% (loading_status): Loading networkstatus consensus
[w0:ab:pro] tor: Aug 05 12:26:55.000 [notice] Bootstrapped 40% (loading_keys): Loading authority key certs
[w0:ab:pro] tor: Aug 05 12:26:56.000 [notice] Bootstrapped 45% (requesting_descriptors): Asking for relay descriptors
Aug 05 12:26:56.000 [notice] I learned some more directory 
[w0:ab:pro] tor: Aug 05 12:26:57.000 [notice] Bootstrapped 50% (loading_descriptors): Loading relay descriptors
[w0:ab:pro] tor: Aug 05 12:27:04.000 [notice] Bootstrapped 55% (loading_descriptors): Loading relay descriptors
[w0:ab:pro] tor: Aug 05 12:27:04.000 [notice] Bootstrapped 61% (loading_descriptors): Loading relay descriptors
[w0:ab:pro] tor: Aug 05 12:27:04.000 [notice] Bootstrapped 67% (loading_descriptors): Loading relay descriptors
[w0:ab:pro] tor: Aug 05 12:27:04.000 [notice] Bootstrapped 75% (enough_dirinfo): Loaded enough directory info to build circuits
[w0:ab:pro] tor: Aug 05 12:27:05.000 [notice] Bootstrapped 90% (ap_handshake_done): Handshake finished with a relay to build circuits
Aug 05 12:27:05.000 [notice] Bootstrapped 9
[w0:ab:pro] tor: Aug 05 12:27:06.000 [notice] Bootstrapped 100% (done): Done
[w0:ab:pro] Tor ready on 19050 exit=185.220.101.100
[w0:ab:pro] Rotating IP (#18, try 1) after No Turnstile token for direct search → tor#19 socks5://127.0.0.1:19050
[w0:ab:pro] Launching persistent Chrome profile /tmp/lll-pw-w0-r18
[w0:ab:pro] Proxy tor#19 socks5://127.0.0.1:19050
[w0:ab:pro] Opening https://lastletterlibrary.com
[w0:ab:pro] Library mode=pro
[w0:ab:pro] heartbeat words=27571 queue=72 rotation=18 idle=15s
[w0:ab:pro] Site Turnstile remint timed out (22808ms)
[w0:ab:pro] Search mode=direct (skip UI Wait Ns… gate)
[w0:ab:pro] Cleaned 1 old rotated profile(s)
[w0:ab:pro] Browser exit IP=192.42.116.104 (unique)
[w0:ab:pro] Searching "antiay" | queue=71 | words=27571
[w0:ab:pro] Turnstile token present (len=837)
[w0:ab:pro] Site Turnstile token (19970ms)
[w0:ab:pro] [api] 200 mode=pro startsWith=antiay
[w0:ab:pro] [api] 200 mode=pro startsWith=antiay (447ms direct)
[w0:ab:pro] "antiay" → 0 records, 0 words
[w0:ab:pro] "antiay" branch complete
[w0:ab:pro] Saved 27,571 worker words
[w0:ab:pro] Searching "antiaz" | queue=70 | words=27571
[w0:ab:pro] Pacing 15s before "antiaz" (gap=15500ms)
[w0:ab:pro] Site Turnstile remint timed out (23571ms)
[w0:ab:pro] heartbeat words=27571 queue=70 rotation=18 idle=7s
[w0:ab:pro] Site Turnstile remint timed out (22596ms)
[w0:ab:pro] Site Turnstile remint timed out (24083ms)
[w0:ab:pro] heartbeat words=27571 queue=70 rotation=18 idle=20s
[w0:ab:pro] Turnstile mint hard timeout after 28000ms
[w0:ab:pro] Site Turnstile remint timed out (32603ms)
[w0:ab:pro] Site Turnstile remint timed out (23159ms)
[w0:ab:pro] Failed "antiaz" attempt 1: No Turnstile token for direct search
[w0:ab:pro] Saved 27,571 worker words; shared last.txt now 318,173
[w0:ab:pro] Turnstile miss — soft reload before rotate
[w0:ab:pro] Site Turnstile remint timed out (9464ms)
[w0:ab:pro] Soft reload mint failed — rotating immediately
[w0:ab:pro] Tor exited code=0
[w0:ab:pro] Starting Tor gen=21 socks=127.0.0.1:19050 (try 1)
[w0:ab:pro] tor: Aug 05 12:30:17.343 [warn] Fixing permissions on directory /tmp/lll-tor-w0
[w0:ab:pro] tor: Aug 05 12:30:17.000 [notice] Bootstrapped 0% (starting): Starting
[w0:ab:pro] tor: Aug 05 12:30:18.000 [notice] Bootstrapped 5% (conn): Connecting to a relay
[w0:ab:pro] tor: Aug 05 12:30:18.000 [notice] Bootstrapped 10% (conn_done): Connected to a relay
[w0:ab:pro] tor: Aug 05 12:30:20.000 [notice] Bootstrapped 14% (handshake): Handshaking with a relay
[w0:ab:pro] tor: Aug 05 12:30:20.000 [notice] Bootstrapped 15% (handshake_done): Handshake with a relay done
Aug 05 12:30:20.000 [notice] Bootstrapped 20% (onehop_create): Estab
[w0:ab:pro] tor: Aug 05 12:30:20.000 [notice] Bootstrapped 25% (requesting_status): Asking for networkstatus consensus
[w0:ab:pro] tor: Aug 05 12:30:20.000 [notice] Bootstrapped 30% (loading_status): Loading networkstatus consensus
[w0:ab:pro] tor: Aug 05 12:30:22.000 [notice] Bootstrapped 40% (loading_keys): Loading authority key certs
[w0:ab:pro] tor: Aug 05 12:30:23.000 [notice] Bootstrapped 45% (requesting_descriptors): Asking for relay descriptors
Aug 05 12:30:23.000 [notice] I learned some more directory 
[w0:ab:pro] tor: Aug 05 12:30:24.000 [notice] Bootstrapped 50% (loading_descriptors): Loading relay descriptors
[w0:ab:pro] tor: Aug 05 12:30:30.000 [notice] Bootstrapped 55% (loading_descriptors): Loading relay descriptors
[w0:ab:pro] tor: Aug 05 12:30:30.000 [notice] Bootstrapped 61% (loading_descriptors): Loading relay descriptors
[w0:ab:pro] tor: Aug 05 12:30:30.000 [notice] Bootstrapped 67% (loading_descriptors): Loading relay descriptors
[w0:ab:pro] tor: Aug 05 12:30:30.000 [notice] Bootstrapped 75% (enough_dirinfo): Loaded enough directory info to build circuits
[w0:ab:pro] tor: Aug 05 12:30:31.000 [notice] Bootstrapped 90% (ap_handshake_done): Handshake finished with a relay to build circuits
Aug 05 12:30:31.000 [notice] Bootstrapped 9
[w0:ab:pro] heartbeat words=27571 queue=71 rotation=19 idle=0s
[w0:ab:pro] tor: Aug 05 12:30:32.000 [notice] Bootstrapped 100% (done): Done
[w0:ab:pro] Tor ready on 19050 exit=192.42.116.16
[w0:ab:pro] Rotating IP (#19, try 1) after No Turnstile token for direct search → tor#20 socks5://127.0.0.1:19050
[w0:ab:pro] Launching persistent Chrome profile /tmp/lll-pw-w0-r19
[w0:ab:pro] Proxy tor#20 socks5://127.0.0.1:19050
[w0:ab:pro] Opening https://lastletterlibrary.com
[w0:ab:pro] Library mode=pro
[w0:ab:pro] Managed Turnstile token (len=816, 5218ms, remount)
[w0:ab:pro] Search mode=direct (skip UI Wait Ns… gate)
[w0:ab:pro] Cleaned 1 old rotated profile(s)
[w0:ab:pro] Browser exit IP=192.42.116.16 (unique)
[w0:ab:pro] Searching "antiaz" | queue=70 | words=27571
[w0:ab:pro] [api] 200 mode=pro startsWith=antiaz
[w0:ab:pro] [api] 200 mode=pro startsWith=antiaz (683ms direct)
[w0:ab:pro] "antiaz" → 0 records, 0 words
[w0:ab:pro] "antiaz" branch complete
[w0:ab:pro] Saved 27,571 worker words
[w0:ab:pro] Searching "antici" | queue=69 | words=27571
[w0:ab:pro] Pacing 15s before "antici" (gap=15500ms)
[w0:ab:pro] Managed Turnstile token (len=816, 3718ms, reset)
[w0:ab:pro] [api] 200 mode=pro startsWith=antici
[w0:ab:pro] [api] 200 mode=pro startsWith=antici (411ms direct)
[w0:ab:pro] "antici" → 30 records, 30 words
[w0:ab:pro] "antici" branch complete
[w0:ab:pro] Saved 27,575 worker words
[w0:ab:pro] Searching "anticj" | queue=68 | words=27575
[w0:ab:pro] Pacing 15s before "anticj" (gap=15500ms)
[w0:ab:pro] Managed Turnstile token (len=816, 7902ms, reset)
[w0:ab:pro] [api] 200 mode=pro startsWith=anticj
[w0:ab:pro] [api] 200 mode=pro startsWith=anticj (439ms direct)
[w0:ab:pro] "anticj" → 0 records, 0 words
[w0:ab:pro] "anticj" branch complete
[w0:ab:pro] Saved 27,575 worker words
[w0:ab:pro] Searching "antick" | queue=67 | words=27575
[w0:ab:pro] Pacing 15s before "antick" (gap=15500ms)
[w0:ab:pro] Managed Turnstile token (len=816, 5861ms, reset)
[w0:ab:pro] heartbeat words=27575 queue=67 rotation=19 idle=4s
[w0:ab:pro] [api] 200 mode=pro startsWith=antick
[w0:ab:pro] [api] 200 mode=pro startsWith=antick (401ms direct)
[w0:ab:pro] "antick" → 7 records, 7 words (incl. exact "antick")
[w0:ab:pro] "antick" branch complete
[w0:ab:pro] Saved 27,582 worker words
[w0:ab:pro] Searching "anticl" | queue=66 | words=27582
[w0:ab:pro] Pacing 15s before "anticl" (gap=15500ms)
[w0:ab:pro] Managed Turnstile token (len=816, 7343ms, reset)
[w0:ab:pro] [api] 200 mode=pro startsWith=anticl
[w0:ab:pro] [api] 200 mode=pro startsWith=anticl (413ms direct)
[w0:ab:pro] "anticl" → 29 records, 29 words
[w0:ab:pro] "anticl" branch complete
[w0:ab:pro] Saved 27,611 worker words
[w0:ab:pro] Searching "anticm" | queue=65 | words=27611
[w0:ab:pro] Pacing 15s before "anticm" (gap=15500ms)
[w0:ab:pro] Managed Turnstile token (len=816, 7334ms, reset)
[w0:ab:pro] [api] 200 mode=pro startsWith=anticm
[w0:ab:pro] [api] 200 mode=pro startsWith=anticm (418ms direct)
[w0:ab:pro] "anticm" → 0 records, 0 words
[w0:ab:pro] "anticm" branch complete
[w0:ab:pro] Saved 27,611 worker words
[w0:ab:pro] Searching "anticn" | queue=64 | words=27611
[w0:ab:pro] Pacing 15s before "anticn" (gap=15500ms)
[w0:ab:pro] Managed Turnstile token (len=816, 15234ms, reset)
[w0:ab:pro] [api] 200 mode=pro startsWith=anticn
[w0:ab:pro] [api] 200 mode=pro startsWith=anticn (436ms direct)
[w0:ab:pro] "anticn" → 1 records, 1 words
[w0:ab:pro] "anticn" branch complete
[w0:ab:pro] Saved 27,612 worker words
[w0:ab:pro] Searching "antico" | queue=63 | words=27612
[w0:ab:pro] Pacing 15s before "antico" (gap=15500ms)
[w0:ab:pro] heartbeat words=27612 queue=63 rotation=19 idle=7s
[w0:ab:pro] Managed Turnstile token (len=816, 14282ms, reset)
[w0:ab:pro] [api] 200 mode=pro startsWith=antico
[w0:ab:pro] [api] 200 mode=pro startsWith=antico (671ms direct)
[w0:ab:pro] "antico" → 80 records, 80 words
[w0:ab:pro] "antico" branch complete
[w0:ab:pro] Saved 27,621 worker words; shared last.txt now 318,424
[w0:ab:pro] Searching "anticy" | queue=62 | words=27621
[w0:ab:pro] Pacing 13s before "anticy" (gap=15500ms)
[w0:ab:pro] Managed Turnstile token (len=816, 13317ms, remount)
[w0:ab:pro] [api] 200 mode=pro startsWith=anticy
[w0:ab:pro] [api] 200 mode=pro startsWith=anticy (720ms direct)
[w0:ab:pro] "anticy" → 8 records, 8 words
[w0:ab:pro] "anticy" branch complete
[w0:ab:pro] Saved 27,621 worker words
[w0:ab:pro] Searching "anticz" | queue=61 | words=27621
[w0:ab:pro] Pacing 15s before "anticz" (gap=15500ms)
[w0:ab:pro] Managed Turnstile token (len=816, 6089ms, reset)
[w0:ab:pro] [api] 200 mode=pro startsWith=anticz
[w0:ab:pro] [api] 200 mode=pro startsWith=anticz (440ms direct)
[w0:ab:pro] "anticz" → 0 records, 0 words
[w0:ab:pro] "anticz" branch complete
[w0:ab:pro] Saved 27,621 worker words
[w0:ab:pro] Searching "antimi" | queue=60 | words=27621
[w0:ab:pro] Pacing 15s before "antimi" (gap=15500ms)
[w0:ab:pro] heartbeat words=27621 queue=60 rotation=19 idle=20s
[w0:ab:pro] Turnstile token present (len=816)
[w0:ab:pro] Site Turnstile token (20672ms)
[w0:ab:pro] [api] 200 mode=pro startsWith=antimi
[w0:ab:pro] [api] 200 mode=pro startsWith=antimi (461ms direct)
[w0:ab:pro] "antimi" → 26 records, 26 words
[w0:ab:pro] "antimi" branch complete
[w0:ab:pro] Saved 27,621 worker words
[w0:ab:pro] Searching "antimy" | queue=59 | words=27621
[w0:ab:pro] Pacing 15s before "antimy" (gap=15500ms)
[w0:ab:pro] Turnstile token present (len=816)
[w0:ab:pro] Site Turnstile token (23248ms)
[w0:ab:pro] [api] 200 mode=pro startsWith=antimy
[w0:ab:pro] [api] 200 mode=pro startsWith=antimy (1270ms direct)
[w0:ab:pro] "antimy" → 5 records, 5 words
[w0:ab:pro] "antimy" branch complete
[w0:ab:pro] Saved 27,621 worker words
[w0:ab:pro] Searching "antimz" | queue=58 | words=27621
[w0:ab:pro] Pacing 14s before "antimz" (gap=15500ms)
[w0:ab:pro] Turnstile mint hard timeout after 28000ms
[w0:ab:pro] heartbeat words=27621 queue=58 rotation=19 idle=6s
[w0:ab:pro] Turnstile token present (len=816)
[w0:ab:pro] Site Turnstile token (25377ms)
[w0:ab:pro] [api] 200 mode=pro startsWith=antimz
[w0:ab:pro] [api] 200 mode=pro startsWith=antimz (558ms direct)
[w0:ab:pro] "antimz" → 0 records, 0 words
[w0:ab:pro] "antimz" branch complete
[w0:ab:pro] Saved 27,621 worker words
[w0:ab:pro] Searching "antiph" | queue=57 | words=27621
[w0:ab:pro] Pacing 13s before "antiph" (gap=15500ms)
[w0:ab:pro] Managed Turnstile token (len=816, 19500ms, remount)
[w0:ab:pro] [api] 200 mode=pro startsWith=antiph
[w0:ab:pro] [api] 200 mode=pro startsWith=antiph (578ms direct)
[w0:ab:pro] "antiph" → 36 records, 36 words
[w0:ab:pro] "antiph" branch complete
[w0:ab:pro] Saved 27,635 worker words
[w0:ab:pro] Searching "antipi" | queue=56 | words=27635
[w0:ab:pro] Pacing 14s before "antipi" (gap=15500ms)
[w0:ab:pro] Managed Turnstile token (len=816, 4479ms, reset)
[w0:ab:pro] [api] 429 mode=pro startsWith=antipi
[w0:ab:pro] [api] 429 mode=pro startsWith=antipi (484ms direct)
[w0:ab:pro] Learned server gap ≈ 15500ms (wait hint 2000ms)
[w0:ab:pro] Rate limited — inline wait 2000ms then retry "antipi"
[w0:ab:pro] heartbeat words=27635 queue=56 rotation=19 idle=4s
[w0:ab:pro] Managed Turnstile token (len=816, 5008ms, reset)
[w0:ab:pro] [api] 200 mode=pro startsWith=antipi
[w0:ab:pro] [api] 200 mode=pro startsWith=antipi (413ms direct)
[w0:ab:pro] "antipi" → 3 records, 3 words
[w0:ab:pro] "antipi" branch complete
[w0:ab:pro] Saved 27,638 worker words
[w0:ab:pro] Searching "antipj" | queue=55 | words=27638
[w0:ab:pro] Pacing 15s before "antipj" (gap=15500ms)
[w0:ab:pro] Managed Turnstile token (len=816, 6629ms, reset)
[w0:ab:pro] [api] 200 mode=pro startsWith=antipj
[w0:ab:pro] [api] 200 mode=pro startsWith=antipj (612ms direct)
[w0:ab:pro] "antipj" → 0 records, 0 words
[w0:ab:pro] "antipj" branch complete
[w0:ab:pro] Saved 27,638 worker words; shared last.txt now 318,828
[w0:ab:pro] Searching "antipk" | queue=54 | words=27638
[w0:ab:pro] Pacing 11s before "antipk" (gap=15500ms)
[w0:ab:pro] Managed Turnstile token (len=816, 14054ms, reset)
[w0:ab:pro] [api] 200 mode=pro startsWith=antipk
[w0:ab:pro] [api] 200 mode=pro startsWith=antipk (542ms direct)
[w0:ab:pro] "antipk" → 0 records, 0 words
[w0:ab:pro] "antipk" branch complete
[w0:ab:pro] Saved 27,638 worker words
[w0:ab:pro] Searching "antipl" | queue=53 | words=27638
[w0:ab:pro] Pacing 15s before "antipl" (gap=15500ms)
[w0:ab:pro] Managed Turnstile token (len=816, 9030ms, reset)
[w0:ab:pro] [api] 200 mode=pro startsWith=antipl
[w0:ab:pro] [api] 200 mode=pro startsWith=antipl (2367ms direct)
[w0:ab:pro] "antipl" → 13 records, 13 words
[w0:ab:pro] "antipl" branch complete
[w0:ab:pro] Saved 27,651 worker words
[w0:ab:pro] Searching "antipm" | queue=52 | words=27651
[w0:ab:pro] Pacing 13s before "antipm" (gap=15500ms)
[w0:ab:pro] Managed Turnstile token (len=816, 4651ms, reset)
[w0:ab:pro] heartbeat words=27651 queue=52 rotation=19 idle=5s
[w0:ab:pro] [api] 200 mode=pro startsWith=antipm
[w0:ab:pro] [api] 200 mode=pro startsWith=antipm (452ms direct)
[w0:ab:pro] "antipm" → 0 records, 0 words
[w0:ab:pro] "antipm" branch complete
[w0:ab:pro] Saved 27,651 worker words
[w0:ab:pro] Searching "antipn" | queue=51 | words=27651
[w0:ab:pro] Pacing 15s before "antipn" (gap=15500ms)
[w0:ab:pro] Managed Turnstile token (len=816, 6173ms, reset)
[w0:ab:pro] [api] 200 mode=pro startsWith=antipn
[w0:ab:pro] [api] 200 mode=pro startsWith=antipn (522ms direct)
[w0:ab:pro] "antipn" → 1 records, 1 words
[w0:ab:pro] "antipn" branch complete
[w0:ab:pro] Saved 27,652 worker words
[w0:ab:pro] Searching "antipo" | queue=50 | words=27652
[w0:ab:pro] Pacing 15s before "antipo" (gap=15500ms)
[w0:ab:pro] Managed Turnstile token (len=816, 16906ms, remount)
[w0:ab:pro] [api] 200 mode=pro startsWith=antipo
[w0:ab:pro] [api] 200 mode=pro startsWith=antipo (755ms direct)
[w0:ab:pro] "antipo" → 41 records, 41 words
[w0:ab:pro] "antipo" branch complete
[w0:ab:pro] Saved 27,693 worker words
[w0:ab:pro] Searching "antipp" | queue=49 | words=27693
[w0:ab:pro] Pacing 13s before "antipp" (gap=15500ms)
[w0:ab:pro] Turnstile token present (len=816)
[w0:ab:pro] Site Turnstile token (20639ms)
[w0:ab:pro] heartbeat words=27693 queue=49 rotation=19 idle=0s
[w0:ab:pro] [api] 200 mode=pro startsWith=antipp
[w0:ab:pro] [api] 200 mode=pro startsWith=antipp (502ms direct)
[w0:ab:pro] "antipp" → 0 records, 0 words
[w0:ab:pro] "antipp" branch complete
[w0:ab:pro] Saved 27,693 worker words
[w0:ab:pro] Searching "antipq" | queue=48 | words=27693
[w0:ab:pro] Pacing 14s before "antipq" (gap=15500ms)
[w0:ab:pro] Turnstile mint hard timeout after 28000ms
[w0:ab:pro] Site Turnstile remint timed out (31262ms)
[w0:ab:pro] Managed Turnstile token (len=816, 14327ms, remount)
[w0:ab:pro] [api] 200 mode=pro startsWith=antipq
[w0:ab:pro] [api] 200 mode=pro startsWith=antipq (522ms direct)
[w0:ab:pro] "antipq" → 0 records, 0 words
[w0:ab:pro] "antipq" branch complete
[w0:ab:pro] Saved 27,693 worker words
[w0:ab:pro] Searching "antipr" | queue=47 | words=27693
[w0:ab:pro] Pacing 15s before "antipr" (gap=15500ms)
[w0:ab:pro] heartbeat words=27693 queue=47 rotation=19 idle=15s
[w0:ab:pro] Managed Turnstile token (len=816, 15815ms, reset)
[w0:ab:pro] [api] 200 mode=pro startsWith=antipr
[w0:ab:pro] [api] 200 mode=pro startsWith=antipr (574ms direct)
[w0:ab:pro] "antipr" → 30 records, 30 words
[w0:ab:pro] "antipr" branch complete
[w0:ab:pro] Saved 27,723 worker words; shared last.txt now 319,207
[w0:ab:pro] Searching "antips" | queue=46 | words=27723
[w0:ab:pro] Pacing 13s before "antips" (gap=15500ms)
[w0:ab:pro] Turnstile token present (len=816)
[w0:ab:pro] Site Turnstile token (23122ms)
[w0:ab:pro] [api] 200 mode=pro startsWith=antips
[w0:ab:pro] [api] 200 mode=pro startsWith=antips (1312ms direct)
[w0:ab:pro] "antips" → 5 records, 5 words
[w0:ab:pro] "antips" branch complete
[w0:ab:pro] Saved 27,728 worker words
[w0:ab:pro] Searching "antipt" | queue=45 | words=27728
[w0:ab:pro] Pacing 10s before "antipt" (gap=15500ms)
[w0:ab:pro] Managed Turnstile token (len=816, 17343ms, remount)
[w0:ab:pro] [api] 200 mode=pro startsWith=antipt
[w0:ab:pro] [api] 200 mode=pro startsWith=antipt (590ms direct)
[w0:ab:pro] "antipt" → 1 records, 1 words
[w0:ab:pro] "antipt" branch complete
[w0:ab:pro] Saved 27,729 worker words
[w0:ab:pro] Searching "antipu" | queue=44 | words=27729
[w0:ab:pro] Pacing 15s before "antipu" (gap=15500ms)
[w0:ab:pro] heartbeat words=27729 queue=44 rotation=19 idle=12s
[w0:ab:pro] Turnstile token present (len=816)
[w0:ab:pro] Site Turnstile token (20262ms)
[w0:ab:pro] [api] 200 mode=pro startsWith=antipu
[w0:ab:pro] [api] 200 mode=pro startsWith=antipu (487ms direct)
[w0:ab:pro] "antipu" → 6 records, 6 words
[w0:ab:pro] "antipu" branch complete
[w0:ab:pro] Saved 27,735 worker words
[w0:ab:pro] Searching "antipv" | queue=43 | words=27735
[w0:ab:pro] Pacing 14s before "antipv" (gap=15500ms)
[w0:ab:pro] Turnstile token present (len=816)
[w0:ab:pro] Site Turnstile token (20983ms)
[w0:ab:pro] [api] 200 mode=pro startsWith=antipv
[w0:ab:pro] [api] 200 mode=pro startsWith=antipv (710ms direct)
[w0:ab:pro] "antipv" → 0 records, 0 words
[w0:ab:pro] "antipv" branch complete
[w0:ab:pro] Saved 27,735 worker words
[w0:ab:pro] Searching "antipw" | queue=42 | words=27735
[w0:ab:pro] Pacing 14s before "antipw" (gap=15500ms)
[w0:ab:pro] Site Turnstile remint timed out (24881ms)
[w0:ab:pro] heartbeat words=27735 queue=42 rotation=19 idle=4s
[w0:ab:pro] Site Turnstile remint timed out (25154ms)
[w0:ab:pro] Managed Turnstile token (len=816, 10978ms, remount)
[w0:ab:pro] [api] 200 mode=pro startsWith=antipw
[w0:ab:pro] [api] 200 mode=pro startsWith=antipw (517ms direct)
[w0:ab:pro] "antipw" → 0 records, 0 words
[w0:ab:pro] "antipw" branch complete
[w0:ab:pro] Saved 27,735 worker words
[w0:ab:pro] Searching "antipx" | queue=41 | words=27735
[w0:ab:pro] Pacing 13s before "antipx" (gap=15500ms)
[w0:ab:pro] Managed Turnstile token (len=816, 10519ms, reset)
[w0:ab:pro] [api] 200 mode=pro startsWith=antipx
[w0:ab:pro] [api] 200 mode=pro startsWith=antipx (483ms direct)
[w0:ab:pro] "antipx" → 0 records, 0 words
[w0:ab:pro] "antipx" branch complete
[w0:ab:pro] Saved 27,735 worker words
[w0:ab:pro] Searching "antipy" | queue=40 | words=27735
[w0:ab:pro] Pacing 15s before "antipy" (gap=15500ms)
[w0:ab:pro] Managed Turnstile token (len=816, 4391ms, reset)
[w0:ab:pro] heartbeat words=27735 queue=40 rotation=19 idle=7s
[w0:ab:pro] [api] 200 mode=pro startsWith=antipy
[w0:ab:pro] [api] 200 mode=pro startsWith=antipy (476ms direct)
[w0:ab:pro] "antipy" → 11 records, 11 words
[w0:ab:pro] "antipy" branch complete
[w0:ab:pro] Saved 27,746 worker words
[w0:ab:pro] Searching "antipz" | queue=39 | words=27746
[w0:ab:pro] Pacing 15s before "antipz" (gap=15500ms)
[w0:ab:pro] Managed Turnstile token (len=816, 4379ms, reset)
[w0:ab:pro] [api] 200 mode=pro startsWith=antipz
[w0:ab:pro] [api] 200 mode=pro startsWith=antipz (478ms direct)
[w0:ab:pro] "antipz" → 0 records, 0 words
[w0:ab:pro] "antipz" branch complete
[w0:ab:pro] Saved 27,746 worker words; shared last.txt now 319,517
[w0:ab:pro] Searching "antiru" | queue=38 | words=27746
[w0:ab:pro] Pacing 11s before "antiru" (gap=15500ms)
[w0:ab:pro] Managed Turnstile token (len=816, 12363ms, reset)
[w0:ab:pro] [api] 200 mode=pro startsWith=antiru
[w0:ab:pro] [api] 200 mode=pro startsWith=antiru (446ms direct)
[w0:ab:pro] "antiru" → 2 records, 2 words
[w0:ab:pro] "antiru" branch complete
[w0:ab:pro] Saved 27,746 worker words
[w0:ab:pro] Searching "antirv" | queue=37 | words=27746
[w0:ab:pro] Pacing 15s before "antirv" (gap=15500ms)
[w0:ab:pro] Managed Turnstile token (len=816, 5525ms, reset)
[w0:ab:pro] [api] 200 mode=pro startsWith=antirv
[w0:ab:pro] [api] 200 mode=pro startsWith=antirv (491ms direct)
[w0:ab:pro] "antirv" → 0 records, 0 words
[w0:ab:pro] "antirv" branch complete
[w0:ab:pro] Saved 27,746 worker words
[w0:ab:pro] Searching "antirw" | queue=36 | words=27746
[w0:ab:pro] Pacing 15s before "antirw" (gap=15500ms)
[w0:ab:pro] heartbeat words=27746 queue=36 rotation=19 idle=9s
[w0:ab:pro] Site Turnstile remint timed out (23843ms)
[w0:ab:pro] Site Turnstile remint timed out (24913ms)
[w0:ab:pro] Turnstile token present (len=816)
[w0:ab:pro] Site Turnstile token (19572ms)
[w0:ab:pro] [api] 200 mode=pro startsWith=antirw
[w0:ab:pro] [api] 200 mode=pro startsWith=antirw (462ms direct)
[w0:ab:pro] "antirw" → 0 records, 0 words
[w0:ab:pro] "antirw" branch complete
[w0:ab:pro] heartbeat words=27746 queue=36 rotation=19 idle=0s
[w0:ab:pro] Saved 27,746 worker words
[w0:ab:pro] Searching "antirx" | queue=35 | words=27746
[w0:ab:pro] Pacing 15s before "antirx" (gap=15500ms)
[w0:ab:pro] Site Turnstile remint timed out (25384ms)
[w0:ab:pro] Turnstile token present (len=816)
[w0:ab:pro] Site Turnstile token (19682ms)
[w0:ab:pro] [api] 200 mode=pro startsWith=antirx
[w0:ab:pro] [api] 200 mode=pro startsWith=antirx (509ms direct)
[w0:ab:pro] "antirx" → 0 records, 0 words
[w0:ab:pro] "antirx" branch complete
[w0:ab:pro] Saved 27,746 worker words
[w0:ab:pro] Searching "antiry" | queue=34 | words=27746
[w0:ab:pro] Pacing 14s before "antiry" (gap=15500ms)
[w0:ab:pro] heartbeat words=27746 queue=34 rotation=19 idle=14s
[w0:ab:pro] Turnstile token present (len=816)
[w0:ab:pro] Site Turnstile token (22277ms)
[w0:ab:pro] [api] 200 mode=pro startsWith=antiry
[w0:ab:pro] [api] 200 mode=pro startsWith=antiry (533ms direct)
[w0:ab:pro] "antiry" → 0 records, 0 words
[w0:ab:pro] "antiry" branch complete
[w0:ab:pro] Saved 27,746 worker words
[w0:ab:pro] Searching "antirz" | queue=33 | words=27746
[w0:ab:pro] Pacing 15s before "antirz" (gap=15500ms)
[w0:ab:pro] Managed Turnstile token (len=794, 10299ms, remount)
[w0:ab:pro] [api] 200 mode=pro startsWith=antirz
[w0:ab:pro] [api] 200 mode=pro startsWith=antirz (479ms direct)
[w0:ab:pro] "antirz" → 0 records, 0 words
[w0:ab:pro] "antirz" branch complete
[w0:ab:pro] Saved 27,746 worker words
[w0:ab:pro] Searching "antisl" | queue=32 | words=27746
[w0:ab:pro] Pacing 15s before "antisl" (gap=15500ms)
[w0:ab:pro] Managed Turnstile token (len=816, 8863ms, reset)
[w0:ab:pro] [api] 200 mode=pro startsWith=antisl
[w0:ab:pro] [api] 200 mode=pro startsWith=antisl (437ms direct)
[w0:ab:pro] "antisl" → 6 records, 6 words
[w0:ab:pro] "antisl" branch complete
[w0:ab:pro] Saved 27,746 worker words
[w0:ab:pro] Searching "antism" | queue=31 | words=27746
[w0:ab:pro] Pacing 16s before "antism" (gap=15500ms)
[w0:ab:pro] Managed Turnstile token (len=816, 4620ms, reset)
[w0:ab:pro] [api] 200 mode=pro startsWith=antism
[w0:ab:pro] [api] 200 mode=pro startsWith=antism (525ms direct)
[w0:ab:pro] "antism" → 7 records, 7 words
[w0:ab:pro] "antism" branch complete
[w0:ab:pro] Saved 27,753 worker words; shared last.txt now 320,172
[w0:ab:pro] Searching "antisn" | queue=30 | words=27753
[w0:ab:pro] Pacing 15s before "antisn" (gap=15500ms)
[w0:ab:pro] heartbeat words=27753 queue=30 rotation=19 idle=5s
[w0:ab:pro] Managed Turnstile token (len=816, 5324ms, reset)
[w0:ab:pro] [api] 200 mode=pro startsWith=antisn
[w0:ab:pro] [api] 200 mode=pro startsWith=antisn (448ms direct)
[w0:ab:pro] "antisn" → 2 records, 2 words
[w0:ab:pro] "antisn" branch complete
[w0:ab:pro] Saved 27,755 worker words
[w0:ab:pro] Searching "antiso" | queue=29 | words=27755
[w0:ab:pro] Pacing 15s before "antiso" (gap=15500ms)
[w0:ab:pro] Managed Turnstile token (len=816, 14107ms, reset)
[w0:ab:pro] [api] 200 mode=pro startsWith=antiso
[w0:ab:pro] [api] 200 mode=pro startsWith=antiso (592ms direct)
[w0:ab:pro] "antiso" → 12 records, 12 words
[w0:ab:pro] "antiso" branch complete
[w0:ab:pro] Saved 27,767 worker words
[w0:ab:pro] Searching "antisp" | queue=28 | words=27767
[w0:ab:pro] Pacing 15s before "antisp" (gap=15500ms)
[w0:ab:pro] Managed Turnstile token (len=816, 7073ms, reset)
[w0:ab:pro] [api] 200 mode=pro startsWith=antisp
[w0:ab:pro] [api] 200 mode=pro startsWith=antisp (444ms direct)
[w0:ab:pro] "antisp" → 21 records, 21 words
[w0:ab:pro] "antisp" branch complete
[w0:ab:pro] Saved 27,788 worker words
[w0:ab:pro] Searching "antisq" | queue=27 | words=27788
[w0:ab:pro] Pacing 15s before "antisq" (gap=15500ms)
[w0:ab:pro] Managed Turnstile token (len=816, 12303ms, reset)
[w0:ab:pro] [api] 200 mode=pro startsWith=antisq
[w0:ab:pro] [api] 200 mode=pro startsWith=antisq (544ms direct)
[w0:ab:pro] "antisq" → 1 records, 1 words
[w0:ab:pro] "antisq" branch complete
[w0:ab:pro] Saved 27,789 worker words
[w0:ab:pro] Searching "antisr" | queue=26 | words=27789
[w0:ab:pro] Pacing 15s before "antisr" (gap=15500ms)
[w0:ab:pro] heartbeat words=27789 queue=26 rotation=19 idle=3s
[w0:ab:pro] Managed Turnstile token (len=816, 15566ms, reset)
[w0:ab:pro] [api] 200 mode=pro startsWith=antisr
[w0:ab:pro] [api] 200 mode=pro startsWith=antisr (656ms direct)
[w0:ab:pro] "antisr" → 0 records, 0 words
[w0:ab:pro] "antisr" branch complete
[w0:ab:pro] Saved 27,789 worker words
[w0:ab:pro] Searching "antiss" | queue=25 | words=27789
[w0:ab:pro] Pacing 15s before "antiss" (gap=15500ms)
[w0:ab:pro] Managed Turnstile token (len=816, 12294ms, remount)
[w0:ab:pro] [api] 200 mode=pro startsWith=antiss
[w0:ab:pro] [api] 200 mode=pro startsWith=antiss (539ms direct)
[w0:ab:pro] "antiss" → 0 records, 0 words
[w0:ab:pro] "antiss" branch complete
[w0:ab:pro] Saved 27,789 worker words
[w0:ab:pro] Searching "antist" | queue=24 | words=27789
[w0:ab:pro] Pacing 15s before "antist" (gap=15500ms)
[w0:ab:pro] Managed Turnstile token (len=816, 14835ms, reset)
[w0:ab:pro] [api] 200 mode=pro startsWith=antist
[w0:ab:pro] [api] 200 mode=pro startsWith=antist (532ms direct)
[w0:ab:pro] "antist" → 36 records, 36 words
[w0:ab:pro] "antist" branch complete
[w0:ab:pro] Saved 27,825 worker words
[w0:ab:pro] Searching "antisu" | queue=23 | words=27825
[w0:ab:pro] Pacing 14s before "antisu" (gap=15500ms)
[w0:ab:pro] heartbeat words=27825 queue=23 rotation=19 idle=14s
[w0:ab:pro] Turnstile token present (len=816)
[w0:ab:pro] Site Turnstile token (19422ms)
[w0:ab:pro] [api] 200 mode=pro startsWith=antisu
[w0:ab:pro] [api] 200 mode=pro startsWith=antisu (641ms direct)
[w0:ab:pro] "antisu" → 16 records, 16 words
[w0:ab:pro] "antisu" branch complete
[w0:ab:pro] Saved 27,841 worker words; shared last.txt now 320,746
[w0:ab:pro] Searching "antisv" | queue=22 | words=27841
[w0:ab:pro] Pacing 12s before "antisv" (gap=15500ms)
[w0:ab:pro] Managed Turnstile token (len=816, 18827ms, remount)
[w0:ab:pro] [api] 200 mode=pro startsWith=antisv
[w0:ab:pro] [api] 200 mode=pro startsWith=antisv (532ms direct)
[w0:ab:pro] "antisv" → 0 records, 0 words
[w0:ab:pro] "antisv" branch complete
[w0:ab:pro] Saved 27,841 worker words
[w0:ab:pro] Searching "antisw" | queue=21 | words=27841
[w0:ab:pro] Pacing 15s before "antisw" (gap=15500ms)
[w0:ab:pro] Turnstile token present (len=816)
[w0:ab:pro] Site Turnstile token (21479ms)
[w0:ab:pro] [api] 200 mode=pro startsWith=antisw
[w0:ab:pro] [api] 200 mode=pro startsWith=antisw (466ms direct)
[w0:ab:pro] "antisw" → 0 records, 0 words
[w0:ab:pro] "antisw" branch complete
[w0:ab:pro] Saved 27,841 worker words
[w0:ab:pro] Searching "antisx" | queue=20 | words=27841
[w0:ab:pro] Pacing 15s before "antisx" (gap=15500ms)
[w0:ab:pro] heartbeat words=27841 queue=20 rotation=19 idle=12s
[w0:ab:pro] Managed Turnstile token (len=816, 17334ms, remount)
[w0:ab:pro] [api] 200 mode=pro startsWith=antisx
[w0:ab:pro] [api] 200 mode=pro startsWith=antisx (530ms direct)
[w0:ab:pro] "antisx" → 0 records, 0 words
[w0:ab:pro] "antisx" branch complete
[w0:ab:pro] Saved 27,841 worker words
[w0:ab:pro] Searching "antisy" | queue=19 | words=27841
[w0:ab:pro] Pacing 15s before "antisy" (gap=15500ms)
[w0:ab:pro] Turnstile token present (len=816)
[w0:ab:pro] Site Turnstile token (20314ms)
[w0:ab:pro] [api] 200 mode=pro startsWith=antisy
[w0:ab:pro] [api] 200 mode=pro startsWith=antisy (478ms direct)
[w0:ab:pro] "antisy" → 12 records, 12 words
[w0:ab:pro] "antisy" branch complete
[w0:ab:pro] Saved 27,853 worker words
[w0:ab:pro] Searching "antisz" | queue=18 | words=27853
[w0:ab:pro] Pacing 15s before "antisz" (gap=15500ms)
[w0:ab:pro] Managed Turnstile token (len=816, 8806ms, remount)
[w0:ab:pro] [api] 200 mode=pro startsWith=antisz
[w0:ab:pro] [api] 200 mode=pro startsWith=antisz (593ms direct)
[w0:ab:pro] "antisz" → 0 records, 0 words
[w0:ab:pro] "antisz" branch complete
[w0:ab:pro] Saved 27,853 worker words
[w0:ab:pro] Searching "antity" | queue=17 | words=27853
[w0:ab:pro] Pacing 15s before "antity" (gap=15500ms)
[w0:ab:pro] Managed Turnstile token (len=816, 7007ms, reset)
[w0:ab:pro] [api] 200 mode=pro startsWith=antity
[w0:ab:pro] [api] 200 mode=pro startsWith=antity (492ms direct)
[w0:ab:pro] "antity" → 10 records, 10 words
[w0:ab:pro] "antity" branch complete
[w0:ab:pro] Saved 27,853 worker words
[w0:ab:pro] Searching "antitz" | queue=16 | words=27853
[w0:ab:pro] Pacing 15s before "antitz" (gap=15500ms)
[w0:ab:pro] heartbeat words=27853 queue=16 rotation=19 idle=2s
[w0:ab:pro] Managed Turnstile token (len=816, 8647ms, reset)
[w0:ab:pro] [api] 200 mode=pro startsWith=antitz
[w0:ab:pro] [api] 200 mode=pro startsWith=antitz (3579ms direct)
[w0:ab:pro] "antitz" → 0 records, 0 words
[w0:ab:pro] "antitz" branch complete
[w0:ab:pro] Saved 27,853 worker words
[w0:ab:pro] Searching "archiv" | queue=15 | words=27853
[w0:ab:pro] Pacing 11s before "archiv" (gap=15500ms)
[w0:ab:pro] Turnstile token present (len=816)
[w0:ab:pro] Site Turnstile token (22355ms)
[w0:ab:pro] [api] 200 mode=pro startsWith=archiv
[w0:ab:pro] [api] 200 mode=pro startsWith=archiv (496ms direct)
[w0:ab:pro] "archiv" → 12 records, 12 words
[w0:ab:pro] "archiv" branch complete
[w0:ab:pro] Saved 27,853 worker words; shared last.txt now 320,899
[w0:ab:pro] Searching "archiw" | queue=14 | words=27853
[w0:ab:pro] Pacing 11s before "archiw" (gap=15500ms)
[w0:ab:pro] Managed Turnstile token (len=816, 14804ms, remount)
[w0:ab:pro] [api] 200 mode=pro startsWith=archiw
[w0:ab:pro] [api] 200 mode=pro startsWith=archiw (1028ms direct)
[w0:ab:pro] "archiw" → 0 records, 0 words
[w0:ab:pro] "archiw" branch complete
[w0:ab:pro] Saved 27,853 worker words
[w0:ab:pro] Searching "archix" | queue=13 | words=27853
[w0:ab:pro] Pacing 14s before "archix" (gap=15500ms)
[w0:ab:pro] heartbeat words=27853 queue=13 rotation=19 idle=2s
[w0:ab:pro] Site Turnstile remint timed out (27297ms)
[w0:ab:pro] Turnstile token present (len=816)
[w0:ab:pro] Site Turnstile token (21539ms)
[w0:ab:pro] [api] 200 mode=pro startsWith=archix
[w0:ab:pro] [api] 200 mode=pro startsWith=archix (513ms direct)
[w0:ab:pro] "archix" → 0 records, 0 words
[w0:ab:pro] "archix" branch complete
[w0:ab:pro] Saved 27,853 worker words
[w0:ab:pro] Searching "archiy" | queue=12 | words=27853
[w0:ab:pro] Pacing 14s before "archiy" (gap=15500ms)
[w0:ab:pro] heartbeat words=27853 queue=12 rotation=19 idle=12s
[w0:ab:pro] Managed Turnstile token (len=816, 16516ms, remount)
[w0:ab:pro] [api] 200 mode=pro startsWith=archiy
[w0:ab:pro] [api] 200 mode=pro startsWith=archiy (580ms direct)
[w0:ab:pro] "archiy" → 0 records, 0 words
[w0:ab:pro] "archiy" branch complete
[w0:ab:pro] Saved 27,853 worker words
[w0:ab:pro] Searching "archiz" | queue=11 | words=27853
[w0:ab:pro] Pacing 14s before "archiz" (gap=15500ms)
[w0:ab:pro] Managed Turnstile token (len=816, 18159ms, reset)
[w0:ab:pro] [api] 200 mode=pro startsWith=archiz
[w0:ab:pro] [api] 200 mode=pro startsWith=archiz (524ms direct)
[w0:ab:pro] "archiz" → 0 records, 0 words
[w0:ab:pro] "archiz" branch complete
[w0:ab:pro] Saved 27,853 worker words
[w0:ab:pro] Searching "astrot" | queue=10 | words=27853
[w0:ab:pro] Pacing 11s before "astrot" (gap=15500ms)
[w0:ab:pro] Managed Turnstile token (len=816, 14826ms, reset)
[w0:ab:pro] [api] 200 mode=pro startsWith=astrot
[w0:ab:pro] [api] 200 mode=pro startsWith=astrot (496ms direct)
[w0:ab:pro] "astrot" → 10 records, 10 words
[w0:ab:pro] "astrot" branch complete
[w0:ab:pro] Saved 27,853 worker words
[w0:ab:pro] Searching "astrou" | queue=9 | words=27853
[w0:ab:pro] Pacing 15s before "astrou" (gap=15500ms)
[w0:ab:pro] Managed Turnstile token (len=816, 6703ms, reset)
[w0:ab:pro] [api] 200 mode=pro startsWith=astrou
[w0:ab:pro] [api] 200 mode=pro startsWith=astrou (521ms direct)
[w0:ab:pro] "astrou" → 0 records, 0 words
[w0:ab:pro] "astrou" branch complete
[w0:ab:pro] Saved 27,853 worker words
[w0:ab:pro] Searching "astrov" | queue=8 | words=27853
[w0:ab:pro] Pacing 15s before "astrov" (gap=15500ms)
[w0:ab:pro] heartbeat words=27853 queue=8 rotation=19 idle=3s
[w0:ab:pro] Managed Turnstile token (len=816, 5343ms, reset)
[w0:ab:pro] [api] 200 mode=pro startsWith=astrov
[w0:ab:pro] [api] 200 mode=pro startsWith=astrov (498ms direct)
[w0:ab:pro] "astrov" → 0 records, 0 words
[w0:ab:pro] "astrov" branch complete
[w0:ab:pro] Saved 27,853 worker words
[w0:ab:pro] Searching "astrow" | queue=7 | words=27853
[w0:ab:pro] Pacing 15s before "astrow" (gap=15500ms)
[w0:ab:pro] Site Turnstile remint timed out (22921ms)
[w0:ab:pro] heartbeat words=27853 queue=7 rotation=19 idle=24s
[w0:ab:pro] Site Turnstile remint timed out (24113ms)
[w0:ab:pro] Turnstile token present (len=837)
[w0:ab:pro] Site Turnstile token (22583ms)
[w0:ab:pro] [api] 200 mode=pro startsWith=astrow
[w0:ab:pro] [api] 200 mode=pro startsWith=astrow (1381ms direct)
[w0:ab:pro] "astrow" → 0 records, 0 words
[w0:ab:pro] "astrow" branch complete
[w0:ab:pro] Saved 27,853 worker words; shared last.txt now 321,601
[w0:ab:pro] Searching "astrox" | queue=6 | words=27853
[w0:ab:pro] Pacing 2s before "astrox" (gap=15500ms)
[w0:ab:pro] Site Turnstile remint timed out (25713ms)
[w0:ab:pro] heartbeat words=27853 queue=6 rotation=19 idle=9s
[w0:ab:pro] Site Turnstile remint timed out (23429ms)
[w0:ab:pro] Site Turnstile remint timed out (24002ms)
[w0:ab:pro] heartbeat words=27853 queue=6 rotation=19 idle=22s
[w0:ab:pro] Site Turnstile remint timed out (23140ms)
[w0:ab:pro] Site Turnstile remint timed out (25846ms)
[w0:ab:pro] Failed "astrox" attempt 1: No Turnstile token for direct search
[w0:ab:pro] Saved 27,853 worker words
[w0:ab:pro] Turnstile miss — soft reload before rotate
[w0:ab:pro] Site Turnstile remint timed out (1330095ms)
[w0:ab:pro] Turnstile token present (len=816)
[w0:ab:pro] Site Turnstile token (6831ms)
[w0:ab:pro] Searching "astrox" | queue=6 | words=27853
[w0:ab:pro] [api] 200 mode=pro startsWith=astrox
[w0:ab:pro] [api] 200 mode=pro startsWith=astrox (436ms direct)
[w0:ab:pro] "astrox" → 0 records, 0 words
[w0:ab:pro] "astrox" branch complete
[w0:ab:pro] Saved 27,853 worker words
[w0:ab:pro] Searching "astroy" | queue=5 | words=27853
[w0:ab:pro] Pacing 15s before "astroy" (gap=15500ms)
[w0:ab:pro] Turnstile token present (len=837)
[w0:ab:pro] Site Turnstile token (21284ms)
[w0:ab:pro] heartbeat words=27853 queue=5 rotation=19 idle=1s
[w0:ab:pro] [api] 200 mode=pro startsWith=astroy
[w0:ab:pro] [api] 200 mode=pro startsWith=astroy (1143ms direct)
[w0:ab:pro] "astroy" → 0 records, 0 words
[w0:ab:pro] "astroy" branch complete
[w0:ab:pro] Saved 27,853 worker words
[w0:ab:pro] Searching "astroz" | queue=4 | words=27853
[w0:ab:pro] Pacing 14s before "astroz" (gap=15500ms)
[w0:ab:pro] Turnstile token present (len=837)
[w0:ab:pro] Site Turnstile token (20490ms)
[w0:ab:pro] [api] 200 mode=pro startsWith=astroz
[w0:ab:pro] [api] 200 mode=pro startsWith=astroz (544ms direct)
[w0:ab:pro] "astroz" → 0 records, 0 words
[w0:ab:pro] "astroz" branch complete
[w0:ab:pro] Saved 27,853 worker words
[w0:ab:pro] Searching "autocy" | queue=3 | words=27853
[w0:ab:pro] Pacing 15s before "autocy" (gap=15500ms)
[w0:ab:pro] Site Turnstile remint timed out (23322ms)
[w0:ab:pro] heartbeat words=27853 queue=3 rotation=19 idle=15s
[w0:ab:pro] Site Turnstile remint timed out (23363ms)
[w0:ab:pro] Turnstile token present (len=837)
[w0:ab:pro] Site Turnstile token (22234ms)
[w0:ab:pro] [api] 200 mode=pro startsWith=autocy
[w0:ab:pro] [api] 200 mode=pro startsWith=autocy (575ms direct)
[w0:ab:pro] "autocy" → 4 records, 4 words
[w0:ab:pro] "autocy" branch complete
[w0:ab:pro] Saved 27,853 worker words
[w0:ab:pro] Searching "autocz" | queue=2 | words=27853
[w0:ab:pro] Pacing 14s before "autocz" (gap=15500ms)
[w0:ab:pro] heartbeat words=27853 queue=2 rotation=19 idle=27s
[w0:ab:pro] Turnstile mint hard timeout after 28000ms
[w0:ab:pro] Site Turnstile remint timed out (30792ms)
[w0:ab:pro] Site Turnstile remint timed out (22573ms)
[w0:ab:pro] Turnstile token present (len=837)
[w0:ab:pro] Site Turnstile token (22706ms)
[w0:ab:pro] [api] 200 mode=pro startsWith=autocz
[w0:ab:pro] [api] 200 mode=pro startsWith=autocz (858ms direct)
[w0:ab:pro] "autocz" → 0 records, 0 words
[w0:ab:pro] "autocz" branch complete
[w0:ab:pro] Saved 27,853 worker words
[w0:ab:pro] Searching "anthrop" | queue=1 | words=27853
[w0:ab:pro] Pacing 14s before "anthrop" (gap=15500ms)
[w0:ab:pro] heartbeat words=27853 queue=1 rotation=19 idle=12s
[w0:ab:pro] Site Turnstile remint timed out (23337ms)
[w0:ab:pro] Site Turnstile remint timed out (22837ms)
[w0:ab:pro] Site Turnstile remint timed out (22832ms)
[w0:ab:pro] heartbeat words=27853 queue=1 rotation=19 idle=4s
[w0:ab:pro] Site Turnstile remint timed out (24843ms)
[w0:ab:pro] Site Turnstile remint timed out (24327ms)
[w0:ab:pro] Failed "anthrop" attempt 1: No Turnstile token for direct search
[w0:ab:pro] Saved 27,853 worker words
[w0:ab:pro] Turnstile miss — soft reload before rotate
[w0:ab:pro] Turnstile token present (len=837)
[w0:ab:pro] Site Turnstile token (11492ms)
[w0:ab:pro] Searching "anthrop" | queue=1 | words=27853
[w0:ab:pro] heartbeat words=27853 queue=1 rotation=19 idle=1s
[w0:ab:pro] [api] 200 mode=pro startsWith=anthrop
[w0:ab:pro] [api] 200 mode=pro startsWith=anthrop (556ms direct)
[w0:ab:pro] "anthrop" → 100 records, 100 words (incl. exact "anthrop")
[w0:ab:pro] Pacing 15s before "anthrop" (gap=15500ms)
[w0:ab:pro] Site Turnstile remint timed out (22402ms)
[w0:ab:pro] Site Turnstile remint timed out (22322ms)
[w0:ab:pro] heartbeat words=27853 queue=1 rotation=19 idle=15s
[w0:ab:pro] Turnstile token present (len=837)
[w0:ab:pro] Site Turnstile token (23263ms)
[w0:ab:pro] [api] 200 mode=pro startsWith=anthrop
[w0:ab:pro] [api] 200 mode=pro startsWith=anthrop sort=alphabetical:desc (466ms direct)
[w0:ab:pro] "anthrop" full page ends at "anthropopathisms" (next='o'); skip 16 covered groups → 12 children reverse Z→A ends at "anthropology" (lo='o' hi='o'); skip 0 middle + 0 new words
[w0:ab:pro] Saved 27,853 worker words; shared last.txt now 322,558
[w0:ab:pro] Searching "anthroz" | queue=12 | words=27853
[w0:ab:pro] Pacing 8s before "anthroz" (gap=15500ms)
[w0:ab:pro] Site Turnstile remint timed out (23115ms)
[w0:ab:pro] Turnstile token present (len=837)
[w0:ab:pro] Site Turnstile token (20423ms)
[w0:ab:pro] [api] 200 mode=pro startsWith=anthroz
[w0:ab:pro] [api] 200 mode=pro startsWith=anthroz (687ms direct)
[w0:ab:pro] "anthroz" → 2 records, 2 words
[w0:ab:pro] "anthroz" branch complete
[w0:ab:pro] Saved 27,853 worker words
[w0:ab:pro] Searching "anthropo" | queue=11 | words=27853
[w0:ab:pro] Pacing 15s before "anthropo" (gap=15500ms)
[w0:ab:pro] heartbeat words=27853 queue=11 rotation=19 idle=7s
[w0:ab:pro] Turnstile mint hard timeout after 28000ms
[w0:ab:pro] Site Turnstile remint timed out (31571ms)
[w0:ab:pro] Site Turnstile remint timed out (23562ms)
[w0:ab:pro] heartbeat words=27853 queue=11 rotation=19 idle=16s
[w0:ab:pro] Turnstile token present (len=837)
[w0:ab:pro] Site Turnstile token (20174ms)
[w0:ab:pro] [api] 200 mode=pro startsWith=anthropo
[w0:ab:pro] [api] 200 mode=pro startsWith=anthropo (466ms direct)
[w0:ab:pro] "anthropo" → 100 records, 100 words
[w0:ab:pro] Pacing 16s before "anthropo" (gap=15500ms)
[w0:ab:pro] Site Turnstile remint timed out (22952ms)
[w0:ab:pro] Turnstile token present (len=837)
[w0:ab:pro] Site Turnstile token (20464ms)
[w0:ab:pro] [api] 200 mode=pro startsWith=anthropo
[w0:ab:pro] [api] 200 mode=pro startsWith=anthropo sort=alphabetical:desc (1655ms direct)
[w0:ab:pro] "anthropo" full page ends at "anthropophagi" (next='p'); skip 21 covered groups → 7 children reverse Z→A ends at "anthropology" (lo='l' hi='t'); skip 7 middle + 0 new words
[w0:ab:pro] Saved 27,853 worker words
[w0:ab:pro] Searching "anthropp" | queue=17 | words=27853
[w0:ab:pro] Pacing 14s before "anthropp" (gap=15500ms)
[w0:ab:pro] heartbeat words=27853 queue=17 rotation=19 idle=10s
[w0:ab:pro] Turnstile token present (len=837)
[w0:ab:pro] Site Turnstile token (22008ms)
[w0:ab:pro] [api] 200 mode=pro startsWith=anthropp
[w0:ab:pro] [api] 200 mode=pro startsWith=anthropp (577ms direct)
[w0:ab:pro] "anthropp" → 0 records, 0 words
[w0:ab:pro] "anthropp" branch complete
[w0:ab:pro] Saved 27,853 worker words
[w0:ab:pro] Searching "anthropq" | queue=16 | words=27853
[w0:ab:pro] Pacing 15s before "anthropq" (gap=15500ms)
[w0:ab:pro] Turnstile mint hard timeout after 28000ms
[w0:ab:pro] heartbeat words=27853 queue=16 rotation=19 idle=19s
[w0:ab:pro] Site Turnstile remint timed out (24529ms)
[w0:ab:pro] Site Turnstile remint timed out (24629ms)
[w0:ab:pro] Site Turnstile remint timed out (23640ms)
[w0:ab:pro] heartbeat words=27853 queue=16 rotation=19 idle=6s
[w0:ab:pro] Site Turnstile remint timed out (24456ms)
[w0:ab:pro] Failed "anthropq" attempt 1: No Turnstile token for direct search
[w0:ab:pro] Saved 27,853 worker words
[w0:ab:pro] Turnstile miss — soft reload before rotate
[w0:ab:pro] Site Turnstile remint timed out (132113ms)
[w0:ab:pro] Site Turnstile remint timed out (11536ms)
[w0:ab:pro] Soft reload mint failed — rotating immediately
[w0:ab:pro] Tor exited code=null
[w0:ab:pro] Starting Tor gen=22 socks=127.0.0.1:19050 (try 1)
[w0:ab:pro] tor: Aug 05 13:08:09.688 [notice] Opened Socks listener connection (ready) on 127.0.0.1:19050
Aug 05 13:08:09.688 [warn] Fixing permissions on directory /tmp/lll-tor
[w0:ab:pro] tor: Aug 05 13:08:11.000 [notice] Bootstrapped 0% (starting): Starting
[w0:ab:pro] tor: Aug 05 13:08:12.000 [notice] Bootstrapped 5% (conn): Connecting to a relay
Aug 05 13:08:12.000 [notice] Bootstrapped 10% (conn_done): Connected to a relay
[w0:ab:pro] tor: Aug 05 13:08:15.000 [notice] Bootstrapped 14% (handshake): Handshaking with a relay
[w0:ab:pro] tor: Aug 05 13:08:15.000 [notice] Bootstrapped 15% (handshake_done): Handshake with a relay done
Aug 05 13:08:15.000 [notice] Bootstrapped 20% (onehop_create): Estab
[w0:ab:pro] tor: Aug 05 13:08:16.000 [notice] Bootstrapped 25% (requesting_status): Asking for networkstatus consensus
[w0:ab:pro] tor: Aug 05 13:08:16.000 [notice] Bootstrapped 30% (loading_status): Loading networkstatus consensus
[w0:ab:pro] tor: Aug 05 13:08:17.000 [notice] Bootstrapped 40% (loading_keys): Loading authority key certs
[w0:ab:pro] tor: Aug 05 13:08:17.000 [notice] Bootstrapped 45% (requesting_descriptors): Asking for relay descriptors
Aug 05 13:08:17.000 [notice] I learned some more directory 
[w0:ab:pro] tor: Aug 05 13:08:18.000 [notice] Bootstrapped 50% (loading_descriptors): Loading relay descriptors
[w0:ab:pro] heartbeat words=27853 queue=17 rotation=20 idle=16s
[w0:ab:pro] tor: Aug 05 13:08:38.000 [notice] Bootstrapped 55% (loading_descriptors): Loading relay descriptors
[w0:ab:pro] tor: Aug 05 13:08:40.000 [notice] Bootstrapped 61% (loading_descriptors): Loading relay descriptors
[w0:ab:pro] tor: Aug 05 13:08:40.000 [notice] Bootstrapped 67% (loading_descriptors): Loading relay descriptors
[w0:ab:pro] tor: Aug 05 13:08:41.000 [notice] Bootstrapped 75% (enough_dirinfo): Loaded enough directory info to build circuits
[w0:ab:pro] tor: Aug 05 13:08:41.000 [notice] Bootstrapped 90% (ap_handshake_done): Handshake finished with a relay to build circuits
Aug 05 13:08:41.000 [notice] Bootstrapped 9
[w0:ab:pro] tor: Aug 05 13:08:42.000 [notice] Bootstrapped 100% (done): Done
[w0:ab:pro] Tor ready on 19050 exit=185.220.101.2
[w0:ab:pro] Rotating IP (#20, try 1) after No Turnstile token for direct search → tor#21 socks5://127.0.0.1:19050
[w0:ab:pro] Launching persistent Chrome profile /tmp/lll-pw-w0-r20
[w0:ab:pro] Proxy tor#21 socks5://127.0.0.1:19050
[w0:ab:pro] Opening https://lastletterlibrary.com
[w0:ab:pro] Library mode=pro
[w0:ab:pro] Site Turnstile remint timed out (22367ms)
[w0:ab:pro] Search mode=direct (skip UI Wait Ns… gate)
[w0:ab:pro] Cleaned 1 old rotated profile(s)
[w0:ab:pro] Browser exit IP=192.42.116.98 (unique)
[w0:ab:pro] Searching "anthropq" | queue=16 | words=27853
[w0:ab:pro] Managed Turnstile token (len=816, 5778ms, remount)
[w0:ab:pro] [api] 200 mode=pro startsWith=anthropq
[w0:ab:pro] [api] 200 mode=pro startsWith=anthropq (572ms direct)
[w0:ab:pro] "anthropq" → 0 records, 0 words
[w0:ab:pro] "anthropq" branch complete
[w0:ab:pro] Saved 27,853 worker words
[w0:ab:pro] Searching "anthropr" | queue=15 | words=27853
[w0:ab:pro] Pacing 15s before "anthropr" (gap=15500ms)
[w0:ab:pro] Managed Turnstile token (len=816, 4716ms, reset)
[w0:ab:pro] [api] 200 mode=pro startsWith=anthropr
[w0:ab:pro] [api] 200 mode=pro startsWith=anthropr (445ms direct)
[w0:ab:pro] "anthropr" → 0 records, 0 words
[w0:ab:pro] "anthropr" branch complete
[w0:ab:pro] heartbeat words=27853 queue=15 rotation=20 idle=0s
[w0:ab:pro] Saved 27,853 worker words
[w0:ab:pro] Searching "anthrops" | queue=14 | words=27853
[w0:ab:pro] Pacing 15s before "anthrops" (gap=15500ms)
[w0:ab:pro] Managed Turnstile token (len=816, 8457ms, reset)
[w0:ab:pro] [api] 200 mode=pro startsWith=anthrops
[w0:ab:pro] [api] 200 mode=pro startsWith=anthrops (557ms direct)
[w0:ab:pro] "anthrops" → 0 records, 0 words
[w0:ab:pro] "anthrops" branch complete
[w0:ab:pro] Saved 27,853 worker words
[w0:ab:pro] Searching "anthropt" | queue=13 | words=27853
[w0:ab:pro] Pacing 15s before "anthropt" (gap=15500ms)
[w0:ab:pro] Managed Turnstile token (len=816, 7928ms, reset)
[w0:ab:pro] [api] 200 mode=pro startsWith=anthropt
[w0:ab:pro] [api] 200 mode=pro startsWith=anthropt (765ms direct)
[w0:ab:pro] "anthropt" → 0 records, 0 words
[w0:ab:pro] "anthropt" branch complete
[w0:ab:pro] Saved 27,853 worker words; shared last.txt now 323,602
[w0:ab:pro] Searching "anthropu" | queue=12 | words=27853
[w0:ab:pro] Pacing 11s before "anthropu" (gap=15500ms)
[w0:ab:pro] Turnstile token present (len=816)
[w0:ab:pro] Site Turnstile token (21623ms)
[w0:ab:pro] [api] 200 mode=pro startsWith=anthropu
[w0:ab:pro] [api] 200 mode=pro startsWith=anthropu (642ms direct)
[w0:ab:pro] "anthropu" → 0 records, 0 words
[w0:ab:pro] "anthropu" branch complete
[w0:ab:pro] Saved 27,853 worker words
[w0:ab:pro] Searching "anthropv" | queue=11 | words=27853
[w0:ab:pro] Pacing 15s before "anthropv" (gap=15500ms)
[w0:ab:pro] heartbeat words=27853 queue=11 rotation=20 idle=5s
[w0:ab:pro] Managed Turnstile token (len=816, 15254ms, remount)
[w0:ab:pro] [api] 200 mode=pro startsWith=anthropv
[w0:ab:pro] [api] 200 mode=pro startsWith=anthropv (445ms direct)
[w0:ab:pro] "anthropv" → 0 records, 0 words
[w0:ab:pro] "anthropv" branch complete
[w0:ab:pro] Saved 27,853 worker words
[w0:ab:pro] Searching "anthropw" | queue=10 | words=27853
[w0:ab:pro] Pacing 15s before "anthropw" (gap=15500ms)
[w0:ab:pro] Site Turnstile remint timed out (23365ms)
[w0:ab:pro] heartbeat words=27853 queue=10 rotation=20 idle=29s
[w0:ab:pro] Turnstile mint hard timeout after 28000ms
[w0:ab:pro] Site Turnstile remint timed out (49230ms)
[w0:ab:pro] Turnstile mint hard timeout after 28000ms
[w0:ab:pro] Site Turnstile remint timed out (32889ms)
[w0:ab:pro] heartbeat words=27853 queue=10 rotation=20 idle=19s
[w0:ab:pro] Site Turnstile remint timed out (23752ms)
[w0:ab:pro] Failed "anthropw" attempt 1: No Turnstile token for direct search
[w0:ab:pro] Saved 27,853 worker words
[w0:ab:pro] Turnstile miss — soft reload before rotate
[w0:ab:pro] Site Turnstile remint timed out (9425ms)
[w0:ab:pro] Soft reload mint failed — rotating immediately
[w0:ab:pro] Tor exited code=0
[w0:ab:pro] Starting Tor gen=23 socks=127.0.0.1:19050 (try 1)
[w0:ab:pro] tor: Aug 05 13:13:11.700 [warn] Fixing permissions on directory /tmp/lll-tor-w0
[w0:ab:pro] tor: Aug 05 13:13:12.000 [notice] Bootstrapped 0% (starting): Starting
[w0:ab:pro] tor: Aug 05 13:13:13.000 [notice] Bootstrapped 5% (conn): Connecting to a relay
[w0:ab:pro] tor: Aug 05 13:13:13.000 [notice] Bootstrapped 10% (conn_done): Connected to a relay
[w0:ab:pro] tor: Aug 05 13:13:14.000 [notice] Bootstrapped 14% (handshake): Handshaking with a relay
[w0:ab:pro] tor: Aug 05 13:13:14.000 [notice] Bootstrapped 15% (handshake_done): Handshake with a relay done
[w0:ab:pro] tor: Aug 05 13:13:14.000 [notice] Bootstrapped 20% (onehop_create): Establishing an encrypted directory connection
[w0:ab:pro] tor: Aug 05 13:13:14.000 [notice] Bootstrapped 25% (requesting_status): Asking for networkstatus consensus
[w0:ab:pro] tor: Aug 05 13:13:15.000 [notice] Bootstrapped 30% (loading_status): Loading networkstatus consensus
[w0:ab:pro] tor: Aug 05 13:13:16.000 [notice] Bootstrapped 40% (loading_keys): Loading authority key certs
[w0:ab:pro] tor: Aug 05 13:13:17.000 [notice] Bootstrapped 45% (requesting_descriptors): Asking for relay descriptors
Aug 05 13:13:17.000 [notice] I learned some more directory 
[w0:ab:pro] tor: Aug 05 13:13:19.000 [notice] Bootstrapped 50% (loading_descriptors): Loading relay descriptors
[w0:ab:pro] tor: Aug 05 13:13:28.000 [notice] Bootstrapped 55% (loading_descriptors): Loading relay descriptors
[w0:ab:pro] tor: Aug 05 13:13:29.000 [notice] Bootstrapped 61% (loading_descriptors): Loading relay descriptors
[w0:ab:pro] tor: Aug 05 13:13:30.000 [notice] Bootstrapped 66% (loading_descriptors): Loading relay descriptors
[w0:ab:pro] tor: Aug 05 13:13:30.000 [notice] Bootstrapped 75% (enough_dirinfo): Loaded enough directory info to build circuits
[w0:ab:pro] tor: Aug 05 13:13:31.000 [notice] Bootstrapped 90% (ap_handshake_done): Handshake finished with a relay to build circuits
Aug 05 13:13:31.000 [notice] Bootstrapped 9
[w0:ab:pro] tor: Aug 05 13:13:31.000 [notice] Bootstrapped 100% (done): Done
[w0:ab:pro] Tor ready on 19050 exit=203.55.81.1
[w0:ab:pro] Rotating IP (#21, try 1) after No Turnstile token for direct search → tor#22 socks5://127.0.0.1:19050
[w0:ab:pro] Launching persistent Chrome profile /tmp/lll-pw-w0-r21
[w0:ab:pro] Proxy tor#22 socks5://127.0.0.1:19050
[w0:ab:pro] Opening https://lastletterlibrary.com
[w0:ab:pro] heartbeat words=27853 queue=11 rotation=21 idle=0s
[w0:ab:pro] Library mode=pro
[w0:ab:pro] Managed Turnstile token (len=816, 9930ms, remount)
[w0:ab:pro] Search mode=direct (skip UI Wait Ns… gate)
[w0:ab:pro] Cleaned 1 old rotated profile(s)
[w0:ab:pro] Browser exit IP=203.55.81.1 (unique)
[w0:ab:pro] Searching "anthropw" | queue=10 | words=27853
[w0:ab:pro] [api] 200 mode=pro startsWith=anthropw
[w0:ab:pro] [api] 200 mode=pro startsWith=anthropw (663ms direct)
[w0:ab:pro] "anthropw" → 0 records, 0 words
[w0:ab:pro] "anthropw" branch complete
[w0:ab:pro] Saved 27,853 worker words
[w0:ab:pro] Searching "anthropx" | queue=9 | words=27853
[w0:ab:pro] Pacing 14s before "anthropx" (gap=15500ms)
[w0:ab:pro] Managed Turnstile token (len=816, 8919ms, reset)
[w0:ab:pro] [api] 200 mode=pro startsWith=anthropx
[w0:ab:pro] [api] 200 mode=pro startsWith=anthropx (602ms direct)
[w0:ab:pro] "anthropx" → 0 records, 0 words
[w0:ab:pro] "anthropx" branch complete
[w0:ab:pro] Saved 27,853 worker words
[w0:ab:pro] Searching "anthropy" | queue=8 | words=27853
[w0:ab:pro] Pacing 15s before "anthropy" (gap=15500ms)
[w0:ab:pro] Managed Turnstile token (len=816, 10108ms, reset)
[w0:ab:pro] [api] 200 mode=pro startsWith=anthropy
[w0:ab:pro] [api] 200 mode=pro startsWith=anthropy (671ms direct)
[w0:ab:pro] "anthropy" → 0 records, 0 words
[w0:ab:pro] "anthropy" branch complete
[w0:ab:pro] Saved 27,853 worker words
[w0:ab:pro] Searching "anthropz" | queue=7 | words=27853
[w0:ab:pro] Pacing 15s before "anthropz" (gap=15500ms)
[w0:ab:pro] heartbeat words=27853 queue=7 rotation=21 idle=4s
[w0:ab:pro] Managed Turnstile token (len=816, 7478ms, reset)
[w0:ab:pro] [api] 200 mode=pro startsWith=anthropz
[w0:ab:pro] [api] 200 mode=pro startsWith=anthropz (554ms direct)
[w0:ab:pro] "anthropz" → 0 records, 0 words
[w0:ab:pro] "anthropz" branch complete
[w0:ab:pro] Saved 27,853 worker words
[w0:ab:pro] Searching "anthropot" | queue=6 | words=27853
[w0:ab:pro] Pacing 15s before "anthropot" (gap=15500ms)
[w0:ab:pro] Site Turnstile remint timed out (23864ms)
[w0:ab:pro] Managed Turnstile token (len=816, 13566ms, remount)
[w0:ab:pro] [api] 400 mode=pro startsWith=anthropot
[w0:ab:pro] [api] 400 mode=pro startsWith=anthropot (1053ms direct)
[w0:ab:pro] Failed "anthropot" attempt 1: API 400 for "anthropot": {"message":"Invalid parameters"}
[w0:ab:pro] Saved 27,853 worker words; shared last.txt now 324,516
[w0:ab:pro] Searching "anthropot" | queue=6 | words=27853
[w0:ab:pro] heartbeat words=27853 queue=6 rotation=21 idle=8s
[w0:ab:pro] Managed Turnstile token (len=816, 8030ms, reset)
[w0:ab:pro] [api] 429 mode=pro startsWith=anthropot
[w0:ab:pro] [api] 429 mode=pro startsWith=anthropot (904ms direct)
[w0:ab:pro] Learned server gap ≈ 15500ms (wait hint 4000ms)
[w0:ab:pro] Rate limited — inline wait 4000ms then retry "anthropot"
[w0:ab:pro] Managed Turnstile token (len=816, 14186ms, reset)
[w0:ab:pro] [api] 400 mode=pro startsWith=anthropot
[w0:ab:pro] [api] 400 mode=pro startsWith=anthropot (578ms direct)
[w0:ab:pro] Failed "anthropot" attempt 2: API 400 for "anthropot": {"message":"Invalid parameters"}
[w0:ab:pro] Saved 27,853 worker words
[w0:ab:pro] Tor exited code=null
[w0:ab:pro] Starting Tor gen=24 socks=127.0.0.1:19050 (try 1)
[w0:ab:pro] tor: Aug 05 13:15:59.981 [notice] Opened Socks listener connection (ready) on 127.0.0.1:19050
Aug 05 13:15:59.981 [warn] Fixing permissions on directory /tmp/lll-tor
[w0:ab:pro] tor: Aug 05 13:16:00.000 [notice] Bootstrapped 0% (starting): Starting
[w0:ab:pro] tor: Aug 05 13:16:01.000 [notice] Bootstrapped 5% (conn): Connecting to a relay
[w0:ab:pro] tor: Aug 05 13:16:01.000 [notice] Bootstrapped 10% (conn_done): Connected to a relay
[w0:ab:pro] tor: Aug 05 13:16:05.000 [notice] Bootstrapped 14% (handshake): Handshaking with a relay
[w0:ab:pro] heartbeat words=27853 queue=7 rotation=22 idle=32s
[w0:ab:pro] tor: Aug 05 13:17:10.000 [notice] Bootstrapped 15% (handshake_done): Handshake with a relay done
Aug 05 13:17:10.000 [notice] Bootstrapped 20% (onehop_create): Estab
[w0:ab:pro] tor: Aug 05 13:17:10.000 [notice] Bootstrapped 25% (requesting_status): Asking for networkstatus consensus
[w0:ab:pro] tor: Aug 05 13:17:10.000 [notice] Bootstrapped 30% (loading_status): Loading networkstatus consensus
[w0:ab:pro] tor: Aug 05 13:17:11.000 [notice] Bootstrapped 40% (loading_keys): Loading authority key certs
[w0:ab:pro] tor: Aug 05 13:17:11.000 [notice] Bootstrapped 45% (requesting_descriptors): Asking for relay descriptors
Aug 05 13:17:11.000 [notice] I learned some more directory 
[w0:ab:pro] tor: Aug 05 13:17:13.000 [notice] Bootstrapped 50% (loading_descriptors): Loading relay descriptors
[w0:ab:pro] tor: Aug 05 13:17:21.000 [notice] Bootstrapped 55% (loading_descriptors): Loading relay descriptors
[w0:ab:pro] tor: Aug 05 13:17:22.000 [notice] Bootstrapped 61% (loading_descriptors): Loading relay descriptors
[w0:ab:pro] tor: Aug 05 13:17:22.000 [notice] Bootstrapped 67% (loading_descriptors): Loading relay descriptors
[w0:ab:pro] tor: Aug 05 13:17:22.000 [notice] Bootstrapped 75% (enough_dirinfo): Loaded enough directory info to build circuits
[w0:ab:pro] tor: Aug 05 13:17:22.000 [notice] Bootstrapped 90% (ap_handshake_done): Handshake finished with a relay to build circuits
Aug 05 13:17:22.000 [notice] Bootstrapped 9
[w0:ab:pro] tor: Aug 05 13:17:23.000 [notice] Bootstrapped 100% (done): Done
[w0:ab:pro] Tor ready on 19050 exit=192.42.116.142
[w0:ab:pro] Rotating IP (#22, try 1) after API 400 for "anthropot": {"message":"Invalid parameters"} → tor#23 socks5://127.0.0.1:19050
[w0:ab:pro] Launching persistent Chrome profile /tmp/lll-pw-w0-r22
[w0:ab:pro] Proxy tor#23 socks5://127.0.0.1:19050
[w0:ab:pro] Opening https://lastletterlibrary.com
[w0:ab:pro] Library mode=pro
[w0:ab:pro] heartbeat words=27853 queue=7 rotation=22 idle=5s
[w0:ab:pro] Turnstile token present (len=816)
[w0:ab:pro] Site Turnstile token (20545ms)
[w0:ab:pro] Search mode=direct (skip UI Wait Ns… gate)
[w0:ab:pro] Cleaned 1 old rotated profile(s)
[w0:ab:pro] Browser exit IP=45.66.35.42 (unique)
[w0:ab:pro] Searching "anthropot" | queue=6 | words=27853
[w0:ab:pro] [api] 400 mode=pro startsWith=anthropot
[w0:ab:pro] [api] 400 mode=pro startsWith=anthropot (553ms direct)
[w0:ab:pro] Failed "anthropot" attempt 3: API 400 for "anthropot": {"message":"Invalid parameters"}
[w0:ab:pro] Deferring stuck "anthropot" to end of queue after 3 failures (API 400 for "anthropot": {"message":"Invalid parameters"})
[w0:ab:pro] Saved 27,853 worker words
[w0:ab:pro] Searching "anthropot" | queue=6 | words=27853
[w0:ab:pro] Site Turnstile remint timed out (22696ms)
[w0:ab:pro] heartbeat words=27853 queue=6 rotation=22 idle=11s
[w0:ab:pro] Turnstile token present (len=816)
[w0:ab:pro] Site Turnstile token (20607ms)
[w0:ab:pro] [api] 400 mode=pro startsWith=anthropot
[w0:ab:pro] [api] 400 mode=pro startsWith=anthropot (529ms direct)
[w0:ab:pro] Failed "anthropot" attempt 4: API 400 for "anthropot": {"message":"Invalid parameters"}
[w0:ab:pro] Deferring stuck "anthropot" to end of queue after 4 failures (API 400 for "anthropot": {"message":"Invalid parameters"})
[w0:ab:pro] Saved 27,853 worker words
[w0:ab:pro] Tor exited code=0
[w0:ab:pro] Starting Tor gen=25 socks=127.0.0.1:19050 (try 1)
[w0:ab:pro] tor: Aug 05 13:19:08.082 [warn] Fixing permissions on directory /tmp/lll-tor-w0
[w0:ab:pro] tor: Aug 05 13:19:09.000 [notice] Bootstrapped 0% (starting): Starting
[w0:ab:pro] tor: Aug 05 13:19:10.000 [notice] Bootstrapped 5% (conn): Connecting to a relay
[w0:ab:pro] tor: Aug 05 13:19:10.000 [notice] Bootstrapped 10% (conn_done): Connected to a relay
[w0:ab:pro] tor: Aug 05 13:19:11.000 [notice] Bootstrapped 14% (handshake): Handshaking with a relay
[w0:ab:pro] tor: Aug 05 13:19:14.000 [notice] Bootstrapped 15% (handshake_done): Handshake with a relay done
Aug 05 13:19:14.000 [notice] Bootstrapped 20% (onehop_create): Estab
[w0:ab:pro] tor: Aug 05 13:19:14.000 [notice] Bootstrapped 25% (requesting_status): Asking for networkstatus consensus
[w0:ab:pro] tor: Aug 05 13:19:14.000 [notice] Bootstrapped 30% (loading_status): Loading networkstatus consensus
[w0:ab:pro] tor: Aug 05 13:19:16.000 [notice] Bootstrapped 40% (loading_keys): Loading authority key certs
[w0:ab:pro] tor: Aug 05 13:19:17.000 [notice] Bootstrapped 45% (requesting_descriptors): Asking for relay descriptors
Aug 05 13:19:17.000 [notice] I learned some more directory 
[w0:ab:pro] tor: Aug 05 13:19:19.000 [notice] Bootstrapped 50% (loading_descriptors): Loading relay descriptors
[w0:ab:pro] tor: Aug 05 13:19:29.000 [notice] Bootstrapped 55% (loading_descriptors): Loading relay descriptors
[w0:ab:pro] tor: Aug 05 13:19:29.000 [notice] Bootstrapped 61% (loading_descriptors): Loading relay descriptors
[w0:ab:pro] tor: Aug 05 13:19:30.000 [notice] Bootstrapped 66% (loading_descriptors): Loading relay descriptors
[w0:ab:pro] tor: Aug 05 13:19:31.000 [notice] Bootstrapped 75% (enough_dirinfo): Loaded enough directory info to build circuits
[w0:ab:pro] tor: Aug 05 13:19:31.000 [notice] Bootstrapped 90% (ap_handshake_done): Handshake finished with a relay to build circuits
[w0:ab:pro] tor: Aug 05 13:19:31.000 [notice] Bootstrapped 95% (circuit_create): Establishing a Tor circuit
[w0:ab:pro] tor: Aug 05 13:19:33.000 [notice] Bootstrapped 100% (done): Done
[w0:ab:pro] Tor ready on 19050 exit=109.70.100.2
[w0:ab:pro] Rotating IP (#23, try 1) after API 400 for "anthropot": {"message":"Invalid parameters"} → tor#24 socks5://127.0.0.1:19050
[w0:ab:pro] Launching persistent Chrome profile /tmp/lll-pw-w0-r23
[w0:ab:pro] Proxy tor#24 socks5://127.0.0.1:19050
[w0:ab:pro] heartbeat words=27853 queue=7 rotation=23 idle=1s
[w0:ab:pro] Opening https://lastletterlibrary.com
[w0:ab:pro] Library mode=pro
[w0:ab:pro] Managed Turnstile token (len=816, 9603ms, remount)
[w0:ab:pro] Search mode=direct (skip UI Wait Ns… gate)
[w0:ab:pro] Cleaned 1 old rotated profile(s)
[w0:ab:pro] Browser exit IP=109.70.100.2 (unique)
[w0:ab:pro] Searching "anthropot" | queue=6 | words=27853
[w0:ab:pro] [api] 400 mode=pro startsWith=anthropot
[w0:ab:pro] [api] 400 mode=pro startsWith=anthropot (541ms direct)
[w0:ab:pro] Failed "anthropot" attempt 5: API 400 for "anthropot": {"message":"Invalid parameters"}
[w0:ab:pro] Deferring stuck "anthropot" to end of queue after 5 failures (API 400 for "anthropot": {"message":"Invalid parameters"})
[w0:ab:pro] Saved 27,853 worker words
[w0:ab:pro] Searching "anthropot" | queue=6 | words=27853
[w0:ab:pro] heartbeat words=27853 queue=6 rotation=23 idle=4s
[w0:ab:pro] Managed Turnstile token (len=816, 5217ms, reset)
[w0:ab:pro] [api] 400 mode=pro startsWith=anthropot
[w0:ab:pro] [api] 400 mode=pro startsWith=anthropot (538ms direct)
[w0:ab:pro] Failed "anthropot" attempt 6: API 400 for "anthropot": {"message":"Invalid parameters"}
[w0:ab:pro] Deferring stuck "anthropot" to end of queue after 6 failures (API 400 for "anthropot": {"message":"Invalid parameters"})
[w0:ab:pro] Saved 27,853 worker words
[w0:ab:pro] heartbeat words=27853 queue=7 rotation=23 idle=58s
[w0:ab:pro] Tor exited code=0
[w0:ab:pro] Starting Tor gen=26 socks=127.0.0.1:19050 (try 1)
[w0:ab:pro] tor: Aug 05 13:21:40.771 [warn] Fixing permissions on directory /tmp/lll-tor-w0
[w0:ab:pro] tor: Aug 05 13:21:41.000 [notice] Bootstrapped 0% (starting): Starting
[w0:ab:pro] tor: Aug 05 13:21:42.000 [notice] Bootstrapped 5% (conn): Connecting to a relay
[w0:ab:pro] tor: Aug 05 13:21:42.000 [notice] Bootstrapped 10% (conn_done): Connected to a relay
[w0:ab:pro] tor: Aug 05 13:21:48.000 [notice] Bootstrapped 14% (handshake): Handshaking with a relay
[w0:ab:pro] tor: Aug 05 13:21:48.000 [notice] Bootstrapped 15% (handshake_done): Handshake with a relay done
[w0:ab:pro] tor: Aug 05 13:21:48.000 [notice] Bootstrapped 20% (onehop_create): Establishing an encrypted directory connection
[w0:ab:pro] tor: Aug 05 13:21:48.000 [notice] Bootstrapped 25% (requesting_status): Asking for networkstatus consensus
[w0:ab:pro] tor: Aug 05 13:21:49.000 [notice] Bootstrapped 30% (loading_status): Loading networkstatus consensus
[w0:ab:pro] tor: Aug 05 13:21:51.000 [notice] Bootstrapped 40% (loading_keys): Loading authority key certs
[w0:ab:pro] tor: Aug 05 13:21:51.000 [notice] Bootstrapped 45% (requesting_descriptors): Asking for relay descriptors
Aug 05 13:21:51.000 [notice] I learned some more directory 
[w0:ab:pro] tor: Aug 05 13:21:51.000 [notice] Bootstrapped 50% (loading_descriptors): Loading relay descriptors
[w0:ab:pro] tor: Aug 05 13:21:56.000 [notice] Bootstrapped 55% (loading_descriptors): Loading relay descriptors
[w0:ab:pro] tor: Aug 05 13:21:57.000 [notice] Bootstrapped 60% (loading_descriptors): Loading relay descriptors
[w0:ab:pro] tor: Aug 05 13:21:57.000 [notice] Bootstrapped 66% (loading_descriptors): Loading relay descriptors
[w0:ab:pro] tor: Aug 05 13:21:57.000 [notice] Bootstrapped 75% (enough_dirinfo): Loaded enough directory info to build circuits
[w0:ab:pro] tor: Aug 05 13:21:58.000 [notice] Bootstrapped 90% (ap_handshake_done): Handshake finished with a relay to build circuits
Aug 05 13:21:58.000 [notice] Bootstrapped 9
[w0:ab:pro] tor: Aug 05 13:21:59.000 [notice] Bootstrapped 100% (done): Done
[w0:ab:pro] Tor ready on 19050 exit=45.84.107.33
[w0:ab:pro] Rotating IP (#24, try 1) after API 400 for "anthropot": {"message":"Invalid parameters"} → tor#25 socks5://127.0.0.1:19050
[w0:ab:pro] Launching persistent Chrome profile /tmp/lll-pw-w0-r24
[w0:ab:pro] Proxy tor#25 socks5://127.0.0.1:19050
[w0:ab:pro] Opening https://lastletterlibrary.com
[w0:ab:pro] Library mode=pro
[w0:ab:pro] Managed Turnstile token (len=816, 9897ms, remount)
[w0:ab:pro] Search mode=direct (skip UI Wait Ns… gate)
[w0:ab:pro] Cleaned 1 old rotated profile(s)
[w0:ab:pro] Browser exit IP=45.84.107.33 (unique)
[w0:ab:pro] Searching "anthropot" | queue=6 | words=27853
[w0:ab:pro] [api] 400 mode=pro startsWith=anthropot
[w0:ab:pro] [api] 400 mode=pro startsWith=anthropot (671ms direct)
[w0:ab:pro] Failed "anthropot" attempt 7: API 400 for "anthropot": {"message":"Invalid parameters"}
[w0:ab:pro] Deferring stuck "anthropot" to end of queue after 7 failures (API 400 for "anthropot": {"message":"Invalid parameters"})
[w0:ab:pro] Saved 27,853 worker words
[w0:ab:pro] heartbeat words=27853 queue=7 rotation=24 idle=16s
[w0:ab:pro] Searching "anthropot" | queue=6 | words=27853
[w0:ab:pro] Managed Turnstile token (len=816, 12582ms, reset)
[w0:ab:pro] [api] 400 mode=pro startsWith=anthropot
[w0:ab:pro] [api] 400 mode=pro startsWith=anthropot (687ms direct)
[w0:ab:pro] Failed "anthropot" attempt 8: API 400 for "anthropot": {"message":"Invalid parameters"}
[w0:ab:pro] Deferring stuck "anthropot" to end of queue after 8 failures (API 400 for "anthropot": {"message":"Invalid parameters"})
[w0:ab:pro] Saved 27,853 worker words
[w0:ab:pro] heartbeat words=27853 queue=7 rotation=24 idle=2s
[w0:ab:pro] Tor exited code=0
[w0:ab:pro] Starting Tor gen=27 socks=127.0.0.1:19050 (try 1)
[w0:ab:pro] tor: Aug 05 13:24:37.642 [notice] Opened Socks listener connection (ready) on 127.0.0.1:19050
Aug 05 13:24:37.642 [warn] Fixing permissions on directory /tmp/lll-tor
[w0:ab:pro] heartbeat words=27853 queue=7 rotation=25 idle=0s
[w0:ab:pro] tor: Aug 05 13:24:38.000 [notice] Bootstrapped 0% (starting): Starting
[w0:ab:pro] tor: Aug 05 13:24:39.000 [notice] Bootstrapped 5% (conn): Connecting to a relay
[w0:ab:pro] tor: Aug 05 13:24:39.000 [notice] Bootstrapped 10% (conn_done): Connected to a relay
[w0:ab:pro] tor: Aug 05 13:24:45.000 [notice] Bootstrapped 14% (handshake): Handshaking with a relay
[w0:ab:pro] tor: Aug 05 13:24:46.000 [notice] Bootstrapped 15% (handshake_done): Handshake with a relay done
Aug 05 13:24:46.000 [notice] Bootstrapped 20% (onehop_create): Estab
[w0:ab:pro] tor: Aug 05 13:24:46.000 [notice] Bootstrapped 25% (requesting_status): Asking for networkstatus consensus
[w0:ab:pro] tor: Aug 05 13:24:46.000 [notice] Bootstrapped 30% (loading_status): Loading networkstatus consensus
[w0:ab:pro] tor: Aug 05 13:24:48.000 [notice] Bootstrapped 40% (loading_keys): Loading authority key certs
[w0:ab:pro] tor: Aug 05 13:24:48.000 [notice] Bootstrapped 45% (requesting_descriptors): Asking for relay descriptors
Aug 05 13:24:48.000 [notice] I learned some more directory 
[w0:ab:pro] tor: Aug 05 13:24:49.000 [notice] Bootstrapped 50% (loading_descriptors): Loading relay descriptors
[w0:ab:pro] tor: Aug 05 13:24:53.000 [notice] Bootstrapped 55% (loading_descriptors): Loading relay descriptors
[w0:ab:pro] tor: Aug 05 13:24:56.000 [notice] Bootstrapped 61% (loading_descriptors): Loading relay descriptors
[w0:ab:pro] tor: Aug 05 13:24:56.000 [notice] Bootstrapped 67% (loading_descriptors): Loading relay descriptors
[w0:ab:pro] tor: Aug 05 13:24:56.000 [notice] Bootstrapped 75% (enough_dirinfo): Loaded enough directory info to build circuits
[w0:ab:pro] tor: Aug 05 13:24:57.000 [notice] Bootstrapped 90% (ap_handshake_done): Handshake finished with a relay to build circuits
Aug 05 13:24:57.000 [notice] Bootstrapped 9
[w0:ab:pro] tor: Aug 05 13:24:58.000 [notice] Bootstrapped 100% (done): Done
[w0:ab:pro] Tor ready on 19050 exit=192.42.116.21
[w0:ab:pro] Rotating IP (#25, try 1) after API 400 for "anthropot": {"message":"Invalid parameters"} → tor#26 socks5://127.0.0.1:19050
[w0:ab:pro] Launching persistent Chrome profile /tmp/lll-pw-w0-r25
[w0:ab:pro] Proxy tor#26 socks5://127.0.0.1:19050
[w0:ab:pro] Opening https://lastletterlibrary.com
[w0:ab:pro] Library mode=pro
[w0:ab:pro] Managed Turnstile token (len=816, 8604ms, remount)
[w0:ab:pro] Search mode=direct (skip UI Wait Ns… gate)
[w0:ab:pro] Cleaned 1 old rotated profile(s)
[w0:ab:pro] Browser exit IP=192.42.116.21 (unique)
[w0:ab:pro] Searching "anthropot" | queue=6 | words=27853
[w0:ab:pro] [api] 400 mode=pro startsWith=anthropot
[w0:ab:pro] [api] 400 mode=pro startsWith=anthropot (510ms direct)
[w0:ab:pro] Failed "anthropot" attempt 9: API 400 for "anthropot": {"message":"Invalid parameters"}
[w0:ab:pro] Deferring stuck "anthropot" to end of queue after 9 failures (API 400 for "anthropot": {"message":"Invalid parameters"})
[w0:ab:pro] Saved 27,853 worker words; shared last.txt now 325,269
[w0:ab:pro] heartbeat words=27853 queue=7 rotation=25 idle=10s
[w0:ab:pro] Searching "anthropot" | queue=6 | words=27853
[w0:ab:pro] Managed Turnstile token (len=816, 4829ms, reset)
[w0:ab:pro] [api] 400 mode=pro startsWith=anthropot
[w0:ab:pro] [api] 400 mode=pro startsWith=anthropot (453ms direct)
[w0:ab:pro] Failed "anthropot" attempt 10: API 400 for "anthropot": {"message":"Invalid parameters"}
[w0:ab:pro] Deferring stuck "anthropot" to end of queue after 10 failures (API 400 for "anthropot": {"message":"Invalid parameters"})
[w0:ab:pro] Saved 27,853 worker words
[w0:ab:pro] heartbeat words=27853 queue=7 rotation=25 idle=4s
[w0:ab:pro] Tor exited code=0
[w0:ab:pro] Starting Tor gen=28 socks=127.0.0.1:19050 (try 1)
[w0:ab:pro] tor: Aug 05 13:27:34.307 [warn] Fixing permissions on directory /tmp/lll-tor-w0
[w0:ab:pro] tor: Aug 05 13:27:34.000 [notice] Bootstrapped 0% (starting): Starting
[w0:ab:pro] tor: Aug 05 13:27:35.000 [notice] Bootstrapped 5% (conn): Connecting to a relay
[w0:ab:pro] tor: Aug 05 13:27:35.000 [notice] Bootstrapped 10% (conn_done): Connected to a relay
[w0:ab:pro] tor: Aug 05 13:27:35.000 [notice] Bootstrapped 14% (handshake): Handshaking with a relay
[w0:ab:pro] tor: Aug 05 13:27:36.000 [notice] Bootstrapped 15% (handshake_done): Handshake with a relay done
Aug 05 13:27:36.000 [notice] Bootstrapped 20% (onehop_create): Estab
[w0:ab:pro] tor: Aug 05 13:27:36.000 [notice] Bootstrapped 25% (requesting_status): Asking for networkstatus consensus
[w0:ab:pro] tor: Aug 05 13:27:36.000 [notice] Bootstrapped 30% (loading_status): Loading networkstatus consensus
[w0:ab:pro] heartbeat words=27853 queue=7 rotation=26 idle=1s
[w0:ab:pro] tor: Aug 05 13:27:38.000 [notice] Bootstrapped 40% (loading_keys): Loading authority key certs
[w0:ab:pro] tor: Aug 05 13:27:38.000 [notice] Bootstrapped 45% (requesting_descriptors): Asking for relay descriptors
Aug 05 13:27:38.000 [notice] I learned some more directory 
[w0:ab:pro] tor: Aug 05 13:27:39.000 [notice] Bootstrapped 50% (loading_descriptors): Loading relay descriptors
[w0:ab:pro] tor: Aug 05 13:28:04.000 [notice] Bootstrapped 56% (loading_descriptors): Loading relay descriptors
[w0:ab:pro] tor: Aug 05 13:28:05.000 [notice] Bootstrapped 61% (loading_descriptors): Loading relay descriptors
[w0:ab:pro] tor: Aug 05 13:28:05.000 [notice] Bootstrapped 66% (loading_descriptors): Loading relay descriptors
[w0:ab:pro] tor: Aug 05 13:28:05.000 [notice] Bootstrapped 75% (enough_dirinfo): Loaded enough directory info to build circuits
[w0:ab:pro] tor: Aug 05 13:28:06.000 [notice] Bootstrapped 90% (ap_handshake_done): Handshake finished with a relay to build circuits
Aug 05 13:28:06.000 [notice] Bootstrapped 9
[w0:ab:pro] tor: Aug 05 13:28:07.000 [notice] Bootstrapped 100% (done): Done
[w0:ab:pro] Tor ready on 19050 exit=171.25.193.131
[w0:ab:pro] Rotating IP (#26, try 1) after API 400 for "anthropot": {"message":"Invalid parameters"} → tor#27 socks5://127.0.0.1:19050
[w0:ab:pro] Launching persistent Chrome profile /tmp/lll-pw-w0-r26
[w0:ab:pro] Proxy tor#27 socks5://127.0.0.1:19050
[w0:ab:pro] Opening https://lastletterlibrary.com
[w0:ab:pro] Library mode=pro
[w0:ab:pro] Managed Turnstile token (len=816, 5946ms, remount)
[w0:ab:pro] Search mode=direct (skip UI Wait Ns… gate)
[w0:ab:pro] Cleaned 1 old rotated profile(s)
[w0:ab:pro] Browser exit IP=192.42.116.62 collides with another worker
[w0:ab:pro] rotateIp attempt 1 failed: EXIT_IP_COLLISION
[w0:ab:pro] Starting Tor gen=29 socks=127.0.0.1:19050 (try 1)
[w0:ab:pro] Tor exited code=0
[w0:ab:pro] tor: Aug 05 13:28:25.951 [notice] Opening Socks listener on 127.0.0.1:19050
Aug 05 13:28:25.951 [notice] Opened Socks listener connection (ready) on 127.0.0.1:19050

[w0:ab:pro] tor: Aug 05 13:28:26.000 [notice] Bootstrapped 0% (starting): Starting
[w0:ab:pro] tor: Aug 05 13:28:27.000 [notice] Bootstrapped 5% (conn): Connecting to a relay
Aug 05 13:28:27.000 [notice] Bootstrapped 10% (conn_done): Connected to a relay
[w0:ab:pro] heartbeat words=27853 queue=7 rotation=27 idle=10s
[w0:ab:pro] tor: Aug 05 13:29:36.000 [notice] Bootstrapped 14% (handshake): Handshaking with a relay
[w0:ab:pro] tor: Aug 05 13:29:36.000 [notice] Bootstrapped 15% (handshake_done): Handshake with a relay done
Aug 05 13:29:36.000 [notice] Bootstrapped 20% (onehop_create): Estab
[w0:ab:pro] tor: Aug 05 13:29:36.000 [notice] Bootstrapped 25% (requesting_status): Asking for networkstatus consensus
[w0:ab:pro] tor: Aug 05 13:29:36.000 [notice] Bootstrapped 30% (loading_status): Loading networkstatus consensus
[w0:ab:pro] heartbeat words=27853 queue=7 rotation=27 idle=1s
[w0:ab:pro] tor: Aug 05 13:29:38.000 [notice] Bootstrapped 40% (loading_keys): Loading authority key certs
[w0:ab:pro] tor: Aug 05 13:29:38.000 [notice] The current consensus has no exit nodes. Tor can only build internal paths, such as paths to onion services.
Aug 05 13:29:38.000 [n
[w0:ab:pro] tor: Aug 05 13:29:40.000 [notice] Bootstrapped 50% (loading_descriptors): Loading relay descriptors
[w0:ab:pro] tor: Aug 05 13:29:48.000 [notice] Bootstrapped 55% (loading_descriptors): Loading relay descriptors
[w0:ab:pro] tor: Aug 05 13:29:52.000 [notice] Bootstrapped 61% (loading_descriptors): Loading relay descriptors
[w0:ab:pro] tor: Aug 05 13:29:53.000 [notice] Bootstrapped 67% (loading_descriptors): Loading relay descriptors
[w0:ab:pro] tor: Aug 05 13:29:54.000 [notice] Bootstrapped 75% (enough_dirinfo): Loaded enough directory info to build circuits
[w0:ab:pro] tor: Aug 05 13:29:54.000 [notice] Bootstrapped 90% (ap_handshake_done): Handshake finished with a relay to build circuits
Aug 05 13:29:54.000 [notice] Bootstrapped 9
[w0:ab:pro] tor: Aug 05 13:29:55.000 [notice] Bootstrapped 100% (done): Done
[w0:ab:pro] Tor ready on 19050 exit=178.20.55.16
[w0:ab:pro] Rotating IP (#27, try 2) after API 400 for "anthropot": {"message":"Invalid parameters"} → tor#28 socks5://127.0.0.1:19050
[w0:ab:pro] Launching persistent Chrome profile /tmp/lll-pw-w0-r27
[w0:ab:pro] Proxy tor#28 socks5://127.0.0.1:19050
[w0:ab:pro] Opening https://lastletterlibrary.com
[w0:ab:pro] Library mode=pro
[w0:ab:pro] Turnstile token present (len=837)
[w0:ab:pro] Site Turnstile token (22269ms)
[w0:ab:pro] Search mode=direct (skip UI Wait Ns… gate)
[w0:ab:pro] Cleaned 1 old rotated profile(s)
[w0:ab:pro] Browser exit IP=171.25.193.80 (unique)
[w0:ab:pro] Searching "anthropot" | queue=6 | words=27853
[w0:ab:pro] [api] 400 mode=pro startsWith=anthropot
[w0:ab:pro] [api] 400 mode=pro startsWith=anthropot (716ms direct)
[w0:ab:pro] Failed "anthropot" attempt 11: API 400 for "anthropot": {"message":"Invalid parameters"}
[w0:ab:pro] Deferring stuck "anthropot" to end of queue after 11 failures (API 400 for "anthropot": {"message":"Invalid parameters"})
[w0:ab:pro] Saved 27,853 worker words
[w0:ab:pro] heartbeat words=27853 queue=7 rotation=27 idle=7s
[w0:ab:pro] Searching "anthropot" | queue=6 | words=27853
[w0:ab:pro] heartbeat words=27853 queue=6 rotation=27 idle=7s
[w0:ab:pro] Site Turnstile remint timed out (23918ms)
[w0:ab:pro] Site Turnstile remint timed out (22909ms)
[w0:ab:pro] heartbeat words=27853 queue=6 rotation=27 idle=20s
[w0:ab:pro] Turnstile mint hard timeout after 28000ms
[w0:ab:pro] Site Turnstile remint timed out (28550ms)
[w0:ab:pro] Site Turnstile remint timed out (22620ms)
[w0:ab:pro] Failed "anthropot" attempt 12: No Turnstile token for direct search
[w0:ab:pro] Deferring stuck "anthropot" to end of queue after 12 failures (No Turnstile token for direct search)
[w0:ab:pro] Saved 27,853 worker words
[w0:ab:pro] Tor exited code=0
[w0:ab:pro] Starting Tor gen=30 socks=127.0.0.1:19050 (try 1)
[w0:ab:pro] tor: Aug 05 13:33:10.331 [warn] Fixing permissions on directory /tmp/lll-tor-w0
[w0:ab:pro] tor: Aug 05 13:33:10.000 [notice] Bootstrapped 0% (starting): Starting
[w0:ab:pro] tor: Aug 05 13:33:11.000 [notice] Bootstrapped 5% (conn): Connecting to a relay
[w0:ab:pro] tor: Aug 05 13:33:11.000 [notice] Bootstrapped 10% (conn_done): Connected to a relay
[w0:ab:pro] tor: Aug 05 13:33:17.000 [notice] Bootstrapped 14% (handshake): Handshaking with a relay
[w0:ab:pro] tor: Aug 05 13:33:17.000 [notice] Bootstrapped 15% (handshake_done): Handshake with a relay done
[w0:ab:pro] tor: Aug 05 13:33:17.000 [notice] Bootstrapped 20% (onehop_create): Establishing an encrypted directory connection
[w0:ab:pro] tor: Aug 05 13:33:18.000 [notice] Bootstrapped 25% (requesting_status): Asking for networkstatus consensus
[w0:ab:pro] tor: Aug 05 13:33:18.000 [notice] Bootstrapped 30% (loading_status): Loading networkstatus consensus
[w0:ab:pro] tor: Aug 05 13:33:18.000 [notice] Bootstrapped 40% (loading_keys): Loading authority key certs
[w0:ab:pro] tor: Aug 05 13:33:18.000 [notice] Bootstrapped 45% (requesting_descriptors): Asking for relay descriptors
Aug 05 13:33:18.000 [notice] I learned some more directory 
[w0:ab:pro] tor: Aug 05 13:33:19.000 [notice] Bootstrapped 50% (loading_descriptors): Loading relay descriptors
[w0:ab:pro] tor: Aug 05 13:33:24.000 [notice] Bootstrapped 55% (loading_descriptors): Loading relay descriptors
[w0:ab:pro] tor: Aug 05 13:33:25.000 [notice] Bootstrapped 61% (loading_descriptors): Loading relay descriptors
[w0:ab:pro] tor: Aug 05 13:33:26.000 [notice] Bootstrapped 67% (loading_descriptors): Loading relay descriptors
[w0:ab:pro] tor: Aug 05 13:33:26.000 [notice] Bootstrapped 75% (enough_dirinfo): Loaded enough directory info to build circuits
[w0:ab:pro] tor: Aug 05 13:33:26.000 [notice] Bootstrapped 90% (ap_handshake_done): Handshake finished with a relay to build circuits
Aug 05 13:33:26.000 [notice] Bootstrapped 9
[w0:ab:pro] tor: Aug 05 13:33:27.000 [notice] Bootstrapped 100% (done): Done
[w0:ab:pro] Tor ready on 19050 exit=147.90.235.15
[w0:ab:pro] Rotating IP (#28, try 1) after No Turnstile token for direct search → tor#29 socks5://127.0.0.1:19050
[w0:ab:pro] Launching persistent Chrome profile /tmp/lll-pw-w0-r28
[w0:ab:pro] Proxy tor#29 socks5://127.0.0.1:19050
[w0:ab:pro] Opening https://lastletterlibrary.com
[w0:ab:pro] Library mode=pro
[w0:ab:pro] heartbeat words=27853 queue=7 rotation=28 idle=0s
[w0:ab:pro] Managed Turnstile token (len=816, 10351ms, remount)
[w0:ab:pro] Search mode=direct (skip UI Wait Ns… gate)
[w0:ab:pro] Cleaned 1 old rotated profile(s)
[w0:ab:pro] Browser exit IP=147.90.235.15 (unique)
[w0:ab:pro] Searching "anthropot" | queue=6 | words=27853
[w0:ab:pro] [api] 400 mode=pro startsWith=anthropot
[w0:ab:pro] [api] 400 mode=pro startsWith=anthropot (597ms direct)
[w0:ab:pro] Failed "anthropot" attempt 12: API 400 for "anthropot": {"message":"Invalid parameters"}
[w0:ab:pro] Deferring stuck "anthropot" to end of queue after 12 failures (API 400 for "anthropot": {"message":"Invalid parameters"})
[w0:ab:pro] Saved 27,853 worker words
[w0:ab:pro] heartbeat words=27853 queue=7 rotation=28 idle=47s
[w0:ab:pro] Starting Tor gen=31 socks=127.0.0.1:19050 (try 1)
[w0:ab:pro] tor: Aug 05 13:34:54.646 [notice] Opening Socks listener on 127.0.0.1:19050
Aug 05 13:34:54.646 [notice] Opened Socks listener connection (ready) on 127.0.0.1:19050

[w0:ab:pro] Tor exited code=0
[w0:ab:pro] tor: Aug 05 13:34:55.000 [notice] Bootstrapped 0% (starting): Starting
Aug 05 13:34:55.000 [notice] Starting with guard context "default"
[w0:ab:pro] tor: Aug 05 13:34:56.000 [notice] Bootstrapped 5% (conn): Connecting to a relay
[w0:ab:pro] tor: Aug 05 13:34:56.000 [notice] Bootstrapped 10% (conn_done): Connected to a relay
[w0:ab:pro] tor: Aug 05 13:34:57.000 [notice] Bootstrapped 14% (handshake): Handshaking with a relay
[w0:ab:pro] heartbeat words=27853 queue=7 rotation=29 idle=40s
[w0:ab:pro] tor: Aug 05 13:35:59.000 [notice] Bootstrapped 15% (handshake_done): Handshake with a relay done
Aug 05 13:35:59.000 [notice] Bootstrapped 20% (onehop_create): Estab
[w0:ab:pro] tor: Aug 05 13:35:59.000 [notice] Bootstrapped 25% (requesting_status): Asking for networkstatus consensus
[w0:ab:pro] tor: Aug 05 13:36:00.000 [notice] Bootstrapped 30% (loading_status): Loading networkstatus consensus
[w0:ab:pro] tor: Aug 05 13:36:02.000 [notice] Bootstrapped 40% (loading_keys): Loading authority key certs
[w0:ab:pro] tor: Aug 05 13:36:03.000 [notice] The current consensus has no exit nodes. Tor can only build internal paths, such as paths to onion services.
Aug 05 13:36:03.000 [n
[w0:ab:pro] tor: Aug 05 13:36:04.000 [notice] Bootstrapped 50% (loading_descriptors): Loading relay descriptors
[w0:ab:pro] tor: Aug 05 13:36:22.000 [notice] Bootstrapped 55% (loading_descriptors): Loading relay descriptors
[w0:ab:pro] tor: Aug 05 13:36:24.000 [notice] Bootstrapped 61% (loading_descriptors): Loading relay descriptors
[w0:ab:pro] tor: Aug 05 13:36:24.000 [notice] Bootstrapped 66% (loading_descriptors): Loading relay descriptors
[w0:ab:pro] tor: Aug 05 13:36:24.000 [notice] Bootstrapped 73% (loading_descriptors): Loading relay descriptors
[w0:ab:pro] tor: Aug 05 13:36:25.000 [notice] Bootstrapped 75% (enough_dirinfo): Loaded enough directory info to build circuits
[w0:ab:pro] tor: Aug 05 13:36:25.000 [notice] Bootstrapped 90% (ap_handshake_done): Handshake finished with a relay to build circuits
Aug 05 13:36:25.000 [notice] Bootstrapped 9
[w0:ab:pro] tor: Aug 05 13:36:26.000 [notice] Bootstrapped 100% (done): Done
[w0:ab:pro] Tor ready on 19050 exit=45.66.35.29
[w0:ab:pro] Rotating IP (#29, try 1) after API 400 for "anthropot": {"message":"Invalid parameters"} → tor#30 socks5://127.0.0.1:19050
[w0:ab:pro] Launching persistent Chrome profile /tmp/lll-pw-w0-r29
[w0:ab:pro] Proxy tor#30 socks5://127.0.0.1:19050
[w0:ab:pro] Opening https://lastletterlibrary.com
[w0:ab:pro] Library mode=pro
[w0:ab:pro] heartbeat words=27853 queue=7 rotation=29 idle=1s
[w0:ab:pro] Turnstile token present (len=816)
[w0:ab:pro] Site Turnstile token (20470ms)
[w0:ab:pro] Search mode=direct (skip UI Wait Ns… gate)
[w0:ab:pro] Cleaned 1 old rotated profile(s)
[w0:ab:pro] Browser exit IP=185.220.101.17 (unique)
[w0:ab:pro] Searching "anthropot" | queue=6 | words=27853
[w0:ab:pro] [api] 400 mode=pro startsWith=anthropot
[w0:ab:pro] [api] 400 mode=pro startsWith=anthropot (560ms direct)
[w0:ab:pro] Failed "anthropot" attempt 13: API 400 for "anthropot": {"message":"Invalid parameters"}
[w0:ab:pro] Deferring stuck "anthropot" to end of queue after 13 failures (API 400 for "anthropot": {"message":"Invalid parameters"})
[w0:ab:pro] Saved 27,853 worker words
[w0:ab:pro] heartbeat words=27853 queue=7 rotation=29 idle=37s
[w0:ab:pro] Searching "anthropot" | queue=6 | words=27853
[w0:ab:pro] Turnstile token present (len=816)
[w0:ab:pro] Site Turnstile token (19942ms)
[w0:ab:pro] [api] 400 mode=pro startsWith=anthropot
[w0:ab:pro] [api] 400 mode=pro startsWith=anthropot (418ms direct)
[w0:ab:pro] Failed "anthropot" attempt 14: API 400 for "anthropot": {"message":"Invalid parameters"}
[w0:ab:pro] Deferring stuck "anthropot" to end of queue after 14 failures (API 400 for "anthropot": {"message":"Invalid parameters"})
[w0:ab:pro] Saved 27,853 worker words
[w0:ab:pro] heartbeat words=27853 queue=7 rotation=29 idle=17s
[w0:ab:pro] Tor exited code=0
[w0:ab:pro] Starting Tor gen=32 socks=127.0.0.1:19050 (try 1)
[w0:ab:pro] tor: Aug 05 13:39:23.946 [notice] Opening Socks listener on 127.0.0.1:19050
Aug 05 13:39:23.946 [notice] Opened Socks listener connection (ready) on 127.0.0.1:19050

[w0:ab:pro] tor: Aug 05 13:39:24.000 [notice] Bootstrapped 0% (starting): Starting
Aug 05 13:39:24.000 [notice] Starting with guard context "default"
[w0:ab:pro] tor: Aug 05 13:39:25.000 [notice] Bootstrapped 5% (conn): Connecting to a relay
[w0:ab:pro] tor: Aug 05 13:39:25.000 [notice] Bootstrapped 10% (conn_done): Connected to a relay
[w0:ab:pro] tor: Aug 05 13:39:27.000 [notice] Bootstrapped 14% (handshake): Handshaking with a relay
[w0:ab:pro] tor: Aug 05 13:39:27.000 [notice] Bootstrapped 15% (handshake_done): Handshake with a relay done
Aug 05 13:39:27.000 [notice] Bootstrapped 20% (onehop_create): Estab
[w0:ab:pro] tor: Aug 05 13:39:28.000 [notice] Bootstrapped 25% (requesting_status): Asking for networkstatus consensus
[w0:ab:pro] tor: Aug 05 13:39:28.000 [notice] Bootstrapped 30% (loading_status): Loading networkstatus consensus
[w0:ab:pro] tor: Aug 05 13:39:29.000 [notice] Bootstrapped 40% (loading_keys): Loading authority key certs
[w0:ab:pro] tor: Aug 05 13:39:30.000 [notice] Bootstrapped 45% (requesting_descriptors): Asking for relay descriptors
Aug 05 13:39:30.000 [notice] I learned some more directory 
[w0:ab:pro] tor: Aug 05 13:39:30.000 [notice] Bootstrapped 50% (loading_descriptors): Loading relay descriptors
[w0:ab:pro] tor: Aug 05 13:39:35.000 [notice] Bootstrapped 56% (loading_descriptors): Loading relay descriptors
[w0:ab:pro] heartbeat words=27853 queue=7 rotation=30 idle=2s
[w0:ab:pro] tor: Aug 05 13:39:39.000 [notice] Bootstrapped 61% (loading_descriptors): Loading relay descriptors
[w0:ab:pro] tor: Aug 05 13:39:39.000 [notice] Bootstrapped 67% (loading_descriptors): Loading relay descriptors
[w0:ab:pro] tor: Aug 05 13:39:39.000 [notice] Bootstrapped 75% (enough_dirinfo): Loaded enough directory info to build circuits
[w0:ab:pro] tor: Aug 05 13:39:40.000 [notice] Bootstrapped 90% (ap_handshake_done): Handshake finished with a relay to build circuits
Aug 05 13:39:40.000 [notice] Bootstrapped 9
[w0:ab:pro] tor: Aug 05 13:39:41.000 [notice] Bootstrapped 100% (done): Done
[w0:ab:pro] Tor ready on 19050 exit=185.220.101.16
[w0:ab:pro] Rotating IP (#30, try 1) after API 400 for "anthropot": {"message":"Invalid parameters"} → tor#31 socks5://127.0.0.1:19050
[w0:ab:pro] Launching persistent Chrome profile /tmp/lll-pw-w0-r30
[w0:ab:pro] Proxy tor#31 socks5://127.0.0.1:19050
[w0:ab:pro] Opening https://lastletterlibrary.com
[w0:ab:pro] Library mode=pro
[w0:ab:pro] Site Turnstile remint timed out (22344ms)
[w0:ab:pro] Search mode=direct (skip UI Wait Ns… gate)
[w0:ab:pro] Cleaned 1 old rotated profile(s)
[w0:ab:pro] Browser exit IP=185.220.101.16 (unique)
[w0:ab:pro] Searching "anthropot" | queue=6 | words=27853
[w0:ab:pro] Turnstile token present (len=816)
[w0:ab:pro] Site Turnstile token (19560ms)
[w0:ab:pro] [api] 400 mode=pro startsWith=anthropot
[w0:ab:pro] [api] 400 mode=pro startsWith=anthropot (461ms direct)
[w0:ab:pro] Failed "anthropot" attempt 15: API 400 for "anthropot": {"message":"Invalid parameters"}
[w0:ab:pro] Deferring stuck "anthropot" to end of queue after 15 failures (API 400 for "anthropot": {"message":"Invalid parameters"})
[w0:ab:pro] Saved 27,853 worker words
[w0:ab:pro] heartbeat words=27853 queue=7 rotation=30 idle=5s
[w0:ab:pro] Searching "anthropot" | queue=6 | words=27853
[w0:ab:pro] heartbeat words=27853 queue=6 rotation=30 idle=5s
[w0:ab:pro] Site Turnstile remint timed out (23079ms)
[w0:ab:pro] Site Turnstile remint timed out (24025ms)
[w0:ab:pro] heartbeat words=27853 queue=6 rotation=30 idle=17s
[w0:ab:pro] Site Turnstile remint timed out (26806ms)
[w0:ab:pro] Site Turnstile remint timed out (23464ms)
[w0:ab:pro] Failed "anthropot" attempt 16: No Turnstile token for direct search
[w0:ab:pro] Deferring stuck "anthropot" to end of queue after 16 failures (No Turnstile token for direct search)
[w0:ab:pro] Saved 27,853 worker words; shared last.txt now 329,556
[w0:ab:pro] Tor exited code=0
[w0:ab:pro] Starting Tor gen=33 socks=127.0.0.1:19050 (try 1)
[w0:ab:pro] tor: Aug 05 13:43:13.658 [notice] Opening Socks listener on 127.0.0.1:19050
Aug 05 13:43:13.658 [notice] Opened Socks listener connection (ready) on 127.0.0.1:19050

[w0:ab:pro] tor: Aug 05 13:43:13.000 [notice] Bootstrapped 0% (starting): Starting
Aug 05 13:43:13.000 [notice] Starting with guard context "default"
[w0:ab:pro] tor: Aug 05 13:43:14.000 [notice] Bootstrapped 5% (conn): Connecting to a relay
[w0:ab:pro] tor: Aug 05 13:43:14.000 [notice] Bootstrapped 10% (conn_done): Connected to a relay
[w0:ab:pro] tor: Aug 05 13:43:21.000 [notice] Bootstrapped 14% (handshake): Handshaking with a relay
[w0:ab:pro] tor: Aug 05 13:43:21.000 [notice] Bootstrapped 15% (handshake_done): Handshake with a relay done
Aug 05 13:43:21.000 [notice] Bootstrapped 20% (onehop_create): Estab
[w0:ab:pro] tor: Aug 05 13:43:21.000 [notice] Bootstrapped 25% (requesting_status): Asking for networkstatus consensus
[w0:ab:pro] tor: Aug 05 13:43:21.000 [notice] Bootstrapped 30% (loading_status): Loading networkstatus consensus
[w0:ab:pro] tor: Aug 05 13:43:22.000 [notice] Bootstrapped 40% (loading_keys): Loading authority key certs
[w0:ab:pro] tor: Aug 05 13:43:22.000 [notice] Bootstrapped 45% (requesting_descriptors): Asking for relay descriptors
Aug 05 13:43:22.000 [notice] I learned some more directory 
[w0:ab:pro] tor: Aug 05 13:43:23.000 [notice] Bootstrapped 50% (loading_descriptors): Loading relay descriptors
[w0:ab:pro] tor: Aug 05 13:43:29.000 [notice] Bootstrapped 55% (loading_descriptors): Loading relay descriptors
[w0:ab:pro] tor: Aug 05 13:43:34.000 [notice] Bootstrapped 61% (loading_descriptors): Loading relay descriptors
[w0:ab:pro] tor: Aug 05 13:43:35.000 [notice] Bootstrapped 67% (loading_descriptors): Loading relay descriptors
[w0:ab:pro] tor: Aug 05 13:43:36.000 [notice] Bootstrapped 75% (enough_dirinfo): Loaded enough directory info to build circuits
[w0:ab:pro] tor: Aug 05 13:43:36.000 [notice] Bootstrapped 90% (ap_handshake_done): Handshake finished with a relay to build circuits
Aug 05 13:43:36.000 [notice] Bootstrapped 9
[w0:ab:pro] tor: Aug 05 13:43:36.000 [notice] Bootstrapped 100% (done): Done
[w0:ab:pro] heartbeat words=27853 queue=7 rotation=31 idle=1s
[w0:ab:pro] Tor ready on 19050 exit=171.25.193.38
[w0:ab:pro] Rotating IP (#31, try 1) after No Turnstile token for direct search → tor#32 socks5://127.0.0.1:19050
[w0:ab:pro] Launching persistent Chrome profile /tmp/lll-pw-w0-r31
[w0:ab:pro] Proxy tor#32 socks5://127.0.0.1:19050
[w0:ab:pro] Opening https://lastletterlibrary.com
[w0:ab:pro] Library mode=pro
[w0:ab:pro] Managed Turnstile token (len=816, 11920ms, remount)
[w0:ab:pro] Search mode=direct (skip UI Wait Ns… gate)
[w0:ab:pro] Cleaned 1 old rotated profile(s)
[w0:ab:pro] Browser exit IP=45.84.107.33 (unique)
[w0:ab:pro] Searching "anthropot" | queue=6 | words=27853
[w0:ab:pro] [api] 400 mode=pro startsWith=anthropot
[w0:ab:pro] [api] 400 mode=pro startsWith=anthropot (687ms direct)
[w0:ab:pro] Failed "anthropot" attempt 16: API 400 for "anthropot": {"message":"Invalid parameters"}
[w0:ab:pro] Deferring stuck "anthropot" to end of queue after 16 failures (API 400 for "anthropot": {"message":"Invalid parameters"})
[w0:ab:pro] Saved 27,853 worker words
[w0:ab:pro] heartbeat words=27853 queue=7 rotation=31 idle=35s
[w0:ab:pro] Tor exited code=0
[w0:ab:pro] Starting Tor gen=34 socks=127.0.0.1:19050 (try 1)
[w0:ab:pro] tor: Aug 05 13:45:06.481 [notice] Opened Socks listener connection (ready) on 127.0.0.1:19050
Aug 05 13:45:06.482 [warn] Fixing permissions on directory /tmp/lll-tor
[w0:ab:pro] tor: Aug 05 13:45:07.000 [notice] Bootstrapped 0% (starting): Starting
Aug 05 13:45:07.000 [notice] Starting with guard context "default"
[w0:ab:pro] tor: Aug 05 13:45:08.000 [notice] Bootstrapped 5% (conn): Connecting to a relay
[w0:ab:pro] tor: Aug 05 13:45:08.000 [notice] Bootstrapped 10% (conn_done): Connected to a relay
[w0:ab:pro] tor: Aug 05 13:45:10.000 [notice] Bootstrapped 14% (handshake): Handshaking with a relay
[w0:ab:pro] tor: Aug 05 13:45:10.000 [notice] Bootstrapped 15% (handshake_done): Handshake with a relay done
Aug 05 13:45:10.000 [notice] Bootstrapped 20% (onehop_create): Estab
[w0:ab:pro] tor: Aug 05 13:45:10.000 [notice] Bootstrapped 25% (requesting_status): Asking for networkstatus consensus
[w0:ab:pro] tor: Aug 05 13:45:10.000 [notice] Bootstrapped 30% (loading_status): Loading networkstatus consensus
[w0:ab:pro] tor: Aug 05 13:45:11.000 [notice] Bootstrapped 40% (loading_keys): Loading authority key certs
[w0:ab:pro] tor: Aug 05 13:45:11.000 [notice] Bootstrapped 45% (requesting_descriptors): Asking for relay descriptors
[w0:ab:pro] tor: Aug 05 13:45:12.000 [notice] Bootstrapped 50% (loading_descriptors): Loading relay descriptors
[w0:ab:pro] tor: Aug 05 13:45:24.000 [notice] Bootstrapped 56% (loading_descriptors): Loading relay descriptors
[w0:ab:pro] tor: Aug 05 13:45:24.000 [notice] Bootstrapped 63% (loading_descriptors): Loading relay descriptors
[w0:ab:pro] heartbeat words=27853 queue=7 rotation=32 idle=14s
[w0:ab:pro] heartbeat words=27853 queue=7 rotation=32 idle=74s
[w0:ab:pro] tor: Aug 05 13:46:59.000 [notice] Bootstrapped 70% (loading_descriptors): Loading relay descriptors
[w0:ab:pro] tor: Aug 05 13:47:02.000 [notice] Bootstrapped 75% (enough_dirinfo): Loaded enough directory info to build circuits
[w0:ab:pro] tor: Aug 05 13:47:02.000 [notice] Bootstrapped 90% (ap_handshake_done): Handshake finished with a relay to build circuits
Aug 05 13:47:02.000 [notice] Bootstrapped 9
[w0:ab:pro] tor: Aug 05 13:47:03.000 [notice] Bootstrapped 100% (done): Done
[w0:ab:pro] Tor ready on 19050 exit=193.189.100.198
[w0:ab:pro] Rotating IP (#32, try 1) after API 400 for "anthropot": {"message":"Invalid parameters"} → tor#33 socks5://127.0.0.1:19050
[w0:ab:pro] Launching persistent Chrome profile /tmp/lll-pw-w0-r32
[w0:ab:pro] Proxy tor#33 socks5://127.0.0.1:19050
[w0:ab:pro] Opening https://lastletterlibrary.com
[w0:ab:pro] Library mode=pro
[w0:ab:pro] heartbeat words=27853 queue=7 rotation=32 idle=17s
[w0:ab:pro] Turnstile token present (len=816)
[w0:ab:pro] Site Turnstile token (18848ms)
[w0:ab:pro] Search mode=direct (skip UI Wait Ns… gate)
[w0:ab:pro] Cleaned 1 old rotated profile(s)
[w0:ab:pro] Browser exit IP=193.189.100.198 (unique)
[w0:ab:pro] Searching "anthropot" | queue=6 | words=27853
[w0:ab:pro] [api] 400 mode=pro startsWith=anthropot
[w0:ab:pro] [api] 400 mode=pro startsWith=anthropot (610ms direct)
[w0:ab:pro] Failed "anthropot" attempt 17: API 400 for "anthropot": {"message":"Invalid parameters"}
[w0:ab:pro] Deferring stuck "anthropot" to end of queue after 17 failures (API 400 for "anthropot": {"message":"Invalid parameters"})
[w0:ab:pro] Saved 27,853 worker words
[w0:ab:pro] heartbeat words=27853 queue=7 rotation=32 idle=53s
[w0:ab:pro] Searching "anthropot" | queue=6 | words=27853
[w0:ab:pro] Managed Turnstile token (len=816, 13284ms, remount)
[w0:ab:pro] [api] 400 mode=pro startsWith=anthropot
[w0:ab:pro] [api] 400 mode=pro startsWith=anthropot (634ms direct)
[w0:ab:pro] Failed "anthropot" attempt 18: API 400 for "anthropot": {"message":"Invalid parameters"}
[w0:ab:pro] Deferring stuck "anthropot" to end of queue after 18 failures (API 400 for "anthropot": {"message":"Invalid parameters"})
[w0:ab:pro] Saved 27,853 worker words
[w0:ab:pro] heartbeat words=27853 queue=7 rotation=32 idle=38s
[w0:ab:pro] Tor exited code=0
[w0:ab:pro] Starting Tor gen=35 socks=127.0.0.1:19050 (try 1)
[w0:ab:pro] tor: Aug 05 13:50:00.941 [warn] Fixing permissions on directory /tmp/lll-tor-w0
[w0:ab:pro] tor: Aug 05 13:50:01.000 [notice] Bootstrapped 0% (starting): Starting
[w0:ab:pro] tor: Aug 05 13:50:02.000 [notice] Bootstrapped 5% (conn): Connecting to a relay
[w0:ab:pro] tor: Aug 05 13:50:02.000 [notice] Bootstrapped 10% (conn_done): Connected to a relay
[w0:ab:pro] heartbeat words=27853 queue=7 rotation=33 idle=36s
[w0:ab:pro] tor: Aug 05 13:51:05.000 [notice] Bootstrapped 14% (handshake): Handshaking with a relay
[w0:ab:pro] tor: Aug 05 13:51:06.000 [notice] Bootstrapped 15% (handshake_done): Handshake with a relay done
Aug 05 13:51:06.000 [notice] Bootstrapped 20% (onehop_create): Estab
[w0:ab:pro] tor: Aug 05 13:51:06.000 [notice] Bootstrapped 25% (requesting_status): Asking for networkstatus consensus
[w0:ab:pro] tor: Aug 05 13:51:06.000 [notice] Bootstrapped 30% (loading_status): Loading networkstatus consensus
[w0:ab:pro] tor: Aug 05 13:51:08.000 [notice] Bootstrapped 40% (loading_keys): Loading authority key certs
[w0:ab:pro] tor: Aug 05 13:51:09.000 [notice] The current consensus has no exit nodes. Tor can only build internal paths, such as paths to onion services.
Aug 05 13:51:09.000 [n
[w0:ab:pro] tor: Aug 05 13:51:09.000 [notice] Bootstrapped 50% (loading_descriptors): Loading relay descriptors
[w0:ab:pro] tor: Aug 05 13:51:13.000 [notice] Bootstrapped 56% (loading_descriptors): Loading relay descriptors
[w0:ab:pro] tor: Aug 05 13:51:18.000 [notice] Bootstrapped 63% (loading_descriptors): Loading relay descriptors
[w0:ab:pro] tor: Aug 05 13:51:19.000 [notice] Bootstrapped 70% (loading_descriptors): Loading relay descriptors
[w0:ab:pro] tor: Aug 05 13:51:19.000 [notice] Bootstrapped 75% (enough_dirinfo): Loaded enough directory info to build circuits
[w0:ab:pro] tor: Aug 05 13:51:20.000 [notice] Bootstrapped 90% (ap_handshake_done): Handshake finished with a relay to build circuits
Aug 05 13:51:20.000 [notice] Bootstrapped 9
[w0:ab:pro] tor: Aug 05 13:51:20.000 [notice] Bootstrapped 100% (done): Done
[w0:ab:pro] Tor ready on 19050 exit=185.220.101.15
[w0:ab:pro] Rotating IP (#33, try 1) after API 400 for "anthropot": {"message":"Invalid parameters"} → tor#34 socks5://127.0.0.1:19050
[w0:ab:pro] Launching persistent Chrome profile /tmp/lll-pw-w0-r33
[w0:ab:pro] Proxy tor#34 socks5://127.0.0.1:19050
[w0:ab:pro] Opening https://lastletterlibrary.com
[w0:ab:pro] Library mode=pro
[w0:ab:pro] Managed Turnstile token (len=794, 7811ms, remount)
[w0:ab:pro] Search mode=direct (skip UI Wait Ns… gate)
[w0:ab:pro] Cleaned 1 old rotated profile(s)
[w0:ab:pro] heartbeat words=27853 queue=7 rotation=33 idle=1s
[w0:ab:pro] Browser exit IP=192.42.116.46 (unique)
[w0:ab:pro] Searching "anthropot" | queue=6 | words=27853
[w0:ab:pro] [api] 400 mode=pro startsWith=anthropot
[w0:ab:pro] [api] 400 mode=pro startsWith=anthropot (619ms direct)
[w0:ab:pro] Failed "anthropot" attempt 19: API 400 for "anthropot": {"message":"Invalid parameters"}
[w0:ab:pro] Deferring stuck "anthropot" to end of queue after 19 failures (API 400 for "anthropot": {"message":"Invalid parameters"})
[w0:ab:pro] Saved 27,853 worker words
[w0:ab:pro] heartbeat words=27853 queue=7 rotation=33 idle=59s
[w0:ab:pro] Searching "anthropot" | queue=6 | words=27853
[w0:ab:pro] Managed Turnstile token (len=816, 8279ms, reset)
[w0:ab:pro] [api] 400 mode=pro startsWith=anthropot
[w0:ab:pro] [api] 400 mode=pro startsWith=anthropot (450ms direct)
[w0:ab:pro] Failed "anthropot" attempt 20: API 400 for "anthropot": {"message":"Invalid parameters"}
[w0:ab:pro] Deferring stuck "anthropot" to end of queue after 20 failures (API 400 for "anthropot": {"message":"Invalid parameters"})
[w0:ab:pro] Saved 27,853 worker words
[w0:ab:pro] heartbeat words=27853 queue=7 rotation=33 idle=49s
[w0:ab:pro] Tor exited code=0
[w0:ab:pro] Starting Tor gen=36 socks=127.0.0.1:19050 (try 1)
[w0:ab:pro] tor: Aug 05 13:53:50.377 [warn] Fixing permissions on directory /tmp/lll-tor-w0
[w0:ab:pro] tor: Aug 05 13:53:50.000 [notice] Bootstrapped 0% (starting): Starting
[w0:ab:pro] tor: Aug 05 13:53:51.000 [notice] Bootstrapped 5% (conn): Connecting to a relay
[w0:ab:pro] tor: Aug 05 13:53:51.000 [notice] Bootstrapped 10% (conn_done): Connected to a relay
[w0:ab:pro] heartbeat words=27853 queue=7 rotation=34 idle=47s
[w0:ab:pro] tor: Aug 05 13:55:00.000 [notice] Bootstrapped 14% (handshake): Handshaking with a relay
[w0:ab:pro] tor: Aug 05 13:55:00.000 [notice] Bootstrapped 15% (handshake_done): Handshake with a relay done
Aug 05 13:55:00.000 [notice] Bootstrapped 20% (onehop_create): Estab
[w0:ab:pro] tor: Aug 05 13:55:00.000 [notice] Bootstrapped 25% (requesting_status): Asking for networkstatus consensus
[w0:ab:pro] tor: Aug 05 13:55:00.000 [notice] Bootstrapped 30% (loading_status): Loading networkstatus consensus
[w0:ab:pro] tor: Aug 05 13:55:04.000 [notice] Bootstrapped 40% (loading_keys): Loading authority key certs
[w0:ab:pro] tor: Aug 05 13:55:05.000 [notice] The current consensus has no exit nodes. Tor can only build internal paths, such as paths to onion services.
Aug 05 13:55:05.000 [n
[w0:ab:pro] tor: Aug 05 13:55:06.000 [notice] Bootstrapped 50% (loading_descriptors): Loading relay descriptors
[w0:ab:pro] tor: Aug 05 13:55:18.000 [notice] Bootstrapped 55% (loading_descriptors): Loading relay descriptors
[w0:ab:pro] tor: Aug 05 13:55:20.000 [notice] Bootstrapped 61% (loading_descriptors): Loading relay descriptors
[w0:ab:pro] tor: Aug 05 13:55:20.000 [notice] Bootstrapped 67% (loading_descriptors): Loading relay descriptors
[w0:ab:pro] tor: Aug 05 13:55:23.000 [notice] Bootstrapped 75% (enough_dirinfo): Loaded enough directory info to build circuits
[w0:ab:pro] tor: Aug 05 13:55:24.000 [notice] Bootstrapped 90% (ap_handshake_done): Handshake finished with a relay to build circuits
Aug 05 13:55:24.000 [notice] Bootstrapped 9
[w0:ab:pro] tor: Aug 05 13:55:26.000 [notice] Bootstrapped 100% (done): Done
[w0:ab:pro] Tor ready on 19050 exit=192.42.116.113
[w0:ab:pro] Rotating IP (#34, try 1) after API 400 for "anthropot": {"message":"Invalid parameters"} → tor#35 socks5://127.0.0.1:19050
[w0:ab:pro] Launching persistent Chrome profile /tmp/lll-pw-w0-r34
[w0:ab:pro] Proxy tor#35 socks5://127.0.0.1:19050
[w0:ab:pro] Opening https://lastletterlibrary.com
[w0:ab:pro] Library mode=pro
[w0:ab:pro] heartbeat words=27853 queue=7 rotation=34 idle=0s
[w0:ab:pro] Turnstile token present (len=816)
[w0:ab:pro] Site Turnstile token (20722ms)
[w0:ab:pro] Search mode=direct (skip UI Wait Ns… gate)
[w0:ab:pro] Cleaned 1 old rotated profile(s)
[w0:ab:pro] Browser exit IP=185.220.101.149 (unique)
[w0:ab:pro] Searching "anthropot" | queue=6 | words=27853
[w0:ab:pro] [api] 400 mode=pro startsWith=anthropot
[w0:ab:pro] [api] 400 mode=pro startsWith=anthropot (627ms direct)
[w0:ab:pro] Failed "anthropot" attempt 21: API 400 for "anthropot": {"message":"Invalid parameters"}
[w0:ab:pro] Deferring stuck "anthropot" to end of queue after 21 failures (API 400 for "anthropot": {"message":"Invalid parameters"})
[w0:ab:pro] Saved 27,853 worker words
[w0:ab:pro] heartbeat words=27853 queue=7 rotation=34 idle=35s
[w0:ab:pro] Searching "anthropot" | queue=6 | words=27853
[w0:ab:pro] Site Turnstile remint timed out (22487ms)
[w0:ab:pro] heartbeat words=27853 queue=6 rotation=34 idle=12s
[w0:ab:pro] Site Turnstile remint timed out (22385ms)
[w0:ab:pro] Site Turnstile remint timed out (22669ms)
[w0:ab:pro] Turnstile token present (len=816)
[w0:ab:pro] Site Turnstile token (20081ms)
[w0:ab:pro] [api] 400 mode=pro startsWith=anthropot
[w0:ab:pro] [api] 400 mode=pro startsWith=anthropot (663ms direct)
[w0:ab:pro] Failed "anthropot" attempt 22: API 400 for "anthropot": {"message":"Invalid parameters"}
[w0:ab:pro] Deferring stuck "anthropot" to end of queue after 22 failures (API 400 for "anthropot": {"message":"Invalid parameters"})
[w0:ab:pro] Saved 27,853 worker words
[w0:ab:pro] heartbeat words=27853 queue=7 rotation=34 idle=6s
[w0:ab:pro] Tor exited code=0
[w0:ab:pro] Starting Tor gen=37 socks=127.0.0.1:19050 (try 1)
[w0:ab:pro] tor: Aug 05 13:59:34.412 [warn] Fixing permissions on directory /tmp/lll-tor-w0
[w0:ab:pro] tor: Aug 05 13:59:34.000 [notice] Bootstrapped 0% (starting): Starting
[w0:ab:pro] tor: Aug 05 13:59:35.000 [notice] Bootstrapped 5% (conn): Connecting to a relay
[w0:ab:pro] tor: Aug 05 13:59:35.000 [notice] Bootstrapped 10% (conn_done): Connected to a relay
[w0:ab:pro] tor: Aug 05 13:59:36.000 [notice] Bootstrapped 14% (handshake): Handshaking with a relay
[w0:ab:pro] tor: Aug 05 13:59:36.000 [notice] Bootstrapped 15% (handshake_done): Handshake with a relay done
Aug 05 13:59:36.000 [notice] Bootstrapped 20% (onehop_create): Estab
[w0:ab:pro] tor: Aug 05 13:59:36.000 [notice] Bootstrapped 25% (requesting_status): Asking for networkstatus consensus
[w0:ab:pro] tor: Aug 05 13:59:37.000 [notice] Bootstrapped 30% (loading_status): Loading networkstatus consensus
[w0:ab:pro] heartbeat words=27853 queue=7 rotation=35 idle=1s
[w0:ab:pro] tor: Aug 05 13:59:38.000 [notice] Bootstrapped 40% (loading_keys): Loading authority key certs
[w0:ab:pro] tor: Aug 05 13:59:38.000 [notice] Bootstrapped 45% (requesting_descriptors): Asking for relay descriptors
Aug 05 13:59:38.000 [notice] I learned some more directory 
[w0:ab:pro] tor: Aug 05 13:59:40.000 [notice] Bootstrapped 50% (loading_descriptors): Loading relay descriptors
[w0:ab:pro] tor: Aug 05 13:59:49.000 [notice] Bootstrapped 55% (loading_descriptors): Loading relay descriptors
[w0:ab:pro] tor: Aug 05 13:59:50.000 [notice] Bootstrapped 61% (loading_descriptors): Loading relay descriptors
[w0:ab:pro] tor: Aug 05 13:59:50.000 [notice] Bootstrapped 67% (loading_descriptors): Loading relay descriptors
[w0:ab:pro] tor: Aug 05 13:59:50.000 [notice] Bootstrapped 75% (enough_dirinfo): Loaded enough directory info to build circuits
[w0:ab:pro] tor: Aug 05 13:59:51.000 [notice] Bootstrapped 90% (ap_handshake_done): Handshake finished with a relay to build circuits
Aug 05 13:59:51.000 [notice] Bootstrapped 9
[w0:ab:pro] tor: Aug 05 13:59:52.000 [notice] Bootstrapped 100% (done): Done
[w0:ab:pro] Tor ready on 19050 exit=45.84.107.33
[w0:ab:pro] Rotating IP (#35, try 1) after API 400 for "anthropot": {"message":"Invalid parameters"} → tor#36 socks5://127.0.0.1:19050
[w0:ab:pro] Launching persistent Chrome profile /tmp/lll-pw-w0-r35
[w0:ab:pro] Proxy tor#36 socks5://127.0.0.1:19050
[w0:ab:pro] Opening https://lastletterlibrary.com
[w0:ab:pro] Library mode=pro
[w0:ab:pro] Site Turnstile remint timed out (22613ms)
[w0:ab:pro] Search mode=direct (skip UI Wait Ns… gate)
[w0:ab:pro] Cleaned 1 old rotated profile(s)
[w0:ab:pro] Browser exit IP=185.220.101.148 (unique)
[w0:ab:pro] Searching "anthropot" | queue=6 | words=27853
[w0:ab:pro] heartbeat words=27853 queue=6 rotation=35 idle=3s
[w0:ab:pro] Turnstile token present (len=816)
[w0:ab:pro] Site Turnstile token (20688ms)
[w0:ab:pro] [api] 400 mode=pro startsWith=anthropot
[w0:ab:pro] [api] 400 mode=pro startsWith=anthropot (560ms direct)
[w0:ab:pro] Failed "anthropot" attempt 23: API 400 for "anthropot": {"message":"Invalid parameters"}
[w0:ab:pro] Deferring stuck "anthropot" to end of queue after 23 failures (API 400 for "anthropot": {"message":"Invalid parameters"})
[w0:ab:pro] Saved 27,853 worker words; shared last.txt now 334,363
[w0:ab:pro] heartbeat words=27853 queue=7 rotation=35 idle=42s
[w0:ab:pro] Searching "anthropot" | queue=6 | words=27853
[w0:ab:pro] Site Turnstile remint timed out (22654ms)
[w0:ab:pro] heartbeat words=27853 queue=6 rotation=35 idle=19s
[w0:ab:pro] Turnstile token present (len=816)
[w0:ab:pro] Site Turnstile token (20180ms)
[w0:ab:pro] [api] 400 mode=pro startsWith=anthropot
[w0:ab:pro] [api] 400 mode=pro startsWith=anthropot (457ms direct)
[w0:ab:pro] Failed "anthropot" attempt 24: API 400 for "anthropot": {"message":"Invalid parameters"}
[w0:ab:pro] Deferring stuck "anthropot" to end of queue after 24 failures (API 400 for "anthropot": {"message":"Invalid parameters"})
[w0:ab:pro] Saved 27,853 worker words
[w0:ab:pro] heartbeat words=27853 queue=7 rotation=35 idle=58s
[w0:ab:pro] Tor exited code=0
[w0:ab:pro] Starting Tor gen=38 socks=127.0.0.1:19050 (try 1)
[w0:ab:pro] tor: Aug 05 14:03:42.201 [notice] Opening Socks listener on 127.0.0.1:19050
Aug 05 14:03:42.201 [notice] Opened Socks listener connection (ready) on 127.0.0.1:19050

[w0:ab:pro] tor: Aug 05 14:03:43.000 [notice] Bootstrapped 0% (starting): Starting
Aug 05 14:03:43.000 [notice] Starting with guard context "default"
[w0:ab:pro] tor: Aug 05 14:03:44.000 [notice] Bootstrapped 5% (conn): Connecting to a relay
[w0:ab:pro] tor: Aug 05 14:03:44.000 [notice] Bootstrapped 10% (conn_done): Connected to a relay
[w0:ab:pro] tor: Aug 05 14:03:46.000 [notice] Bootstrapped 14% (handshake): Handshaking with a relay
[w0:ab:pro] tor: Aug 05 14:03:46.000 [notice] Bootstrapped 15% (handshake_done): Handshake with a relay done
[w0:ab:pro] tor: Aug 05 14:03:46.000 [notice] Bootstrapped 20% (onehop_create): Establishing an encrypted directory connection
[w0:ab:pro] tor: Aug 05 14:03:47.000 [notice] Bootstrapped 25% (requesting_status): Asking for networkstatus consensus
[w0:ab:pro] tor: Aug 05 14:03:47.000 [notice] Bootstrapped 30% (loading_status): Loading networkstatus consensus
[w0:ab:pro] tor: Aug 05 14:03:51.000 [notice] Bootstrapped 40% (loading_keys): Loading authority key certs
[w0:ab:pro] tor: Aug 05 14:03:51.000 [notice] Bootstrapped 45% (requesting_descriptors): Asking for relay descriptors
Aug 05 14:03:51.000 [notice] I learned some more directory 
[w0:ab:pro] tor: Aug 05 14:03:52.000 [notice] Bootstrapped 50% (loading_descriptors): Loading relay descriptors
[w0:ab:pro] heartbeat words=27853 queue=7 rotation=36 idle=45s
[w0:ab:pro] tor: Aug 05 14:04:48.000 [notice] Bootstrapped 55% (loading_descriptors): Loading relay descriptors
[w0:ab:pro] tor: Aug 05 14:04:52.000 [notice] Bootstrapped 61% (loading_descriptors): Loading relay descriptors
[w0:ab:pro] tor: Aug 05 14:04:55.000 [notice] Bootstrapped 67% (loading_descriptors): Loading relay descriptors
[w0:ab:pro] tor: Aug 05 14:04:58.000 [notice] Bootstrapped 75% (enough_dirinfo): Loaded enough directory info to build circuits
[w0:ab:pro] tor: Aug 05 14:04:59.000 [notice] Bootstrapped 90% (ap_handshake_done): Handshake finished with a relay to build circuits
Aug 05 14:04:59.000 [notice] Bootstrapped 9
[w0:ab:pro] tor: Aug 05 14:04:59.000 [notice] Bootstrapped 100% (done): Done
[w0:ab:pro] Tor ready on 19050 exit=91.219.236.101
[w0:ab:pro] Rotating IP (#36, try 1) after API 400 for "anthropot": {"message":"Invalid parameters"} → tor#37 socks5://127.0.0.1:19050
[w0:ab:pro] Launching persistent Chrome profile /tmp/lll-pw-w0-r36
[w0:ab:pro] Proxy tor#37 socks5://127.0.0.1:19050
[w0:ab:pro] Opening https://lastletterlibrary.com
[w0:ab:pro] Library mode=pro
[w0:ab:pro] Search mode=direct (skip UI Wait Ns… gate)
[w0:ab:pro] Cleaned 1 old rotated profile(s)
[w0:ab:pro] Browser exit IP=45.84.107.128 (unique)
[w0:ab:pro] Searching "anthropot" | queue=6 | words=27853
[w0:ab:pro] heartbeat words=27853 queue=6 rotation=36 idle=24s
[w0:ab:pro] heartbeat words=27853 queue=6 rotation=36 idle=84s
[w0:ab:pro] Failed "anthropot" attempt 25: No Turnstile token for direct search
[w0:ab:pro] Deferring stuck "anthropot" to end of queue after 25 failures (No Turnstile token for direct search)
[w0:ab:pro] Saved 27,853 worker words
[w0:ab:pro] Tor exited code=0
[w0:ab:pro] Starting Tor gen=39 socks=127.0.0.1:19050 (try 1)
[w0:ab:pro] tor: Aug 05 14:07:19.079 [notice] Opened Socks listener connection (ready) on 127.0.0.1:19050
Aug 05 14:07:19.079 [warn] Fixing permissions on directory /tmp/lll-tor
[w0:ab:pro] tor: Aug 05 14:07:19.000 [notice] Bootstrapped 0% (starting): Starting
[w0:ab:pro] tor: Aug 05 14:07:20.000 [notice] Bootstrapped 5% (conn): Connecting to a relay
Aug 05 14:07:20.000 [notice] Bootstrapped 10% (conn_done): Connected to a relay
[w0:ab:pro] tor: Aug 05 14:07:22.000 [notice] Bootstrapped 14% (handshake): Handshaking with a relay
[w0:ab:pro] tor: Aug 05 14:07:22.000 [notice] Bootstrapped 15% (handshake_done): Handshake with a relay done
Aug 05 14:07:22.000 [notice] Bootstrapped 20% (onehop_create): Estab
[w0:ab:pro] tor: Aug 05 14:07:22.000 [notice] Bootstrapped 25% (requesting_status): Asking for networkstatus consensus
[w0:ab:pro] tor: Aug 05 14:07:23.000 [notice] Bootstrapped 30% (loading_status): Loading networkstatus consensus
[w0:ab:pro] tor: Aug 05 14:07:27.000 [notice] Bootstrapped 40% (loading_keys): Loading authority key certs
[w0:ab:pro] tor: Aug 05 14:07:28.000 [notice] Bootstrapped 45% (requesting_descriptors): Asking for relay descriptors
Aug 05 14:07:28.000 [notice] I learned some more directory 
[w0:ab:pro] tor: Aug 05 14:07:29.000 [notice] Bootstrapped 50% (loading_descriptors): Loading relay descriptors
[w0:ab:pro] tor: Aug 05 14:07:37.000 [notice] Bootstrapped 55% (loading_descriptors): Loading relay descriptors
[w0:ab:pro] tor: Aug 05 14:07:38.000 [notice] Bootstrapped 61% (loading_descriptors): Loading relay descriptors
[w0:ab:pro] heartbeat words=27853 queue=7 rotation=37 idle=0s
[w0:ab:pro] tor: Aug 05 14:07:38.000 [notice] Bootstrapped 66% (loading_descriptors): Loading relay descriptors
[w0:ab:pro] tor: Aug 05 14:07:40.000 [notice] Bootstrapped 75% (enough_dirinfo): Loaded enough directory info to build circuits
[w0:ab:pro] tor: Aug 05 14:07:40.000 [notice] Bootstrapped 90% (ap_handshake_done): Handshake finished with a relay to build circuits
Aug 05 14:07:40.000 [notice] Bootstrapped 9
[w0:ab:pro] tor: Aug 05 14:07:40.000 [notice] Bootstrapped 100% (done): Done
[w0:ab:pro] Tor ready on 19050 exit=171.25.193.131
[w0:ab:pro] Rotating IP (#37, try 1) after No Turnstile token for direct search → tor#38 socks5://127.0.0.1:19050
[w0:ab:pro] Launching persistent Chrome profile /tmp/lll-pw-w0-r37
[w0:ab:pro] Proxy tor#38 socks5://127.0.0.1:19050
[w0:ab:pro] Opening https://lastletterlibrary.com
[w0:ab:pro] Library mode=pro
[w0:ab:pro] Site Turnstile remint timed out (23250ms)
[w0:ab:pro] Search mode=direct (skip UI Wait Ns… gate)
[w0:ab:pro] Cleaned 1 old rotated profile(s)
[w0:ab:pro] Browser exit IP=171.25.193.131 (unique)
[w0:ab:pro] Searching "anthropot" | queue=6 | words=27853
[w0:ab:pro] heartbeat words=27853 queue=6 rotation=37 idle=17s
[w0:ab:pro] Site Turnstile remint timed out (22633ms)
[w0:ab:pro] Site Turnstile remint timed out (22705ms)
[w0:ab:pro] Site Turnstile remint timed out (22413ms)
[w0:ab:pro] Managed Turnstile token (len=816, 11027ms, remount)
[w0:ab:pro] heartbeat words=27853 queue=6 rotation=37 idle=0s
[w0:ab:pro] [api] 400 mode=pro startsWith=anthropot
[w0:ab:pro] [api] 400 mode=pro startsWith=anthropot (12065ms direct)
[w0:ab:pro] Failed "anthropot" attempt 25: API 400 for "anthropot": {"message":"Invalid parameters"}
[w0:ab:pro] Deferring stuck "anthropot" to end of queue after 25 failures (API 400 for "anthropot": {"message":"Invalid parameters"})
[w0:ab:pro] Saved 27,853 worker words
[w0:ab:pro] heartbeat words=27853 queue=7 rotation=37 idle=48s
[w0:ab:pro] Searching "anthropot" | queue=6 | words=27853
[w0:ab:pro] Turnstile mint hard timeout after 28000ms
[w0:ab:pro] Site Turnstile remint timed out (28732ms)
[w0:ab:pro] heartbeat words=27853 queue=6 rotation=37 idle=19s
[w0:ab:pro] Turnstile mint hard timeout after 28000ms
[w0:ab:pro] Site Turnstile remint timed out (30088ms)
[w0:ab:pro] Turnstile mint hard timeout after 28000ms
[w0:ab:pro] Site Turnstile remint timed out (32680ms)
[w0:ab:pro] heartbeat words=27853 queue=6 rotation=37 idle=19s
[w0:ab:pro] Turnstile mint hard timeout after 28000ms
[w0:ab:pro] Failed "anthropot" attempt 26: No Turnstile token for direct search
[w0:ab:pro] Deferring stuck "anthropot" to end of queue after 26 failures (No Turnstile token for direct search)
[w0:ab:pro] Saved 27,853 worker words
[w0:ab:pro] Tor exited code=0
[w0:ab:pro] Starting Tor gen=40 socks=127.0.0.1:19050 (try 1)
[w0:ab:pro] tor: Aug 05 14:12:47.522 [warn] Fixing permissions on directory /tmp/lll-tor-w0
[w0:ab:pro] tor: Aug 05 14:12:47.000 [notice] Bootstrapped 0% (starting): Starting
[w0:ab:pro] tor: Aug 05 14:12:48.000 [notice] Bootstrapped 5% (conn): Connecting to a relay
[w0:ab:pro] tor: Aug 05 14:12:48.000 [notice] Bootstrapped 10% (conn_done): Connected to a relay
[w0:ab:pro] Site Turnstile remint timed out (33844ms)
[w0:ab:pro] heartbeat words=27853 queue=7 rotation=38 idle=49s
[w0:ab:pro] tor: Aug 05 14:13:57.000 [notice] Bootstrapped 14% (handshake): Handshaking with a relay
[w0:ab:pro] tor: Aug 05 14:13:57.000 [notice] Bootstrapped 15% (handshake_done): Handshake with a relay done
Aug 05 14:13:57.000 [notice] Bootstrapped 20% (onehop_create): Estab
[w0:ab:pro] tor: Aug 05 14:13:58.000 [notice] Bootstrapped 25% (requesting_status): Asking for networkstatus consensus
[w0:ab:pro] tor: Aug 05 14:13:58.000 [notice] Bootstrapped 30% (loading_status): Loading networkstatus consensus
[w0:ab:pro] tor: Aug 05 14:14:00.000 [notice] Bootstrapped 40% (loading_keys): Loading authority key certs
[w0:ab:pro] tor: Aug 05 14:14:01.000 [notice] Bootstrapped 45% (requesting_descriptors): Asking for relay descriptors
Aug 05 14:14:01.000 [notice] I learned some more directory 
[w0:ab:pro] tor: Aug 05 14:14:01.000 [notice] Bootstrapped 50% (loading_descriptors): Loading relay descriptors
[w0:ab:pro] tor: Aug 05 14:14:06.000 [notice] Bootstrapped 55% (loading_descriptors): Loading relay descriptors
[w0:ab:pro] tor: Aug 05 14:14:08.000 [notice] Bootstrapped 61% (loading_descriptors): Loading relay descriptors
[w0:ab:pro] tor: Aug 05 14:14:09.000 [notice] Bootstrapped 67% (loading_descriptors): Loading relay descriptors
[w0:ab:pro] tor: Aug 05 14:14:09.000 [notice] Bootstrapped 75% (enough_dirinfo): Loaded enough directory info to build circuits
[w0:ab:pro] tor: Aug 05 14:14:09.000 [notice] Bootstrapped 90% (ap_handshake_done): Handshake finished with a relay to build circuits
Aug 05 14:14:09.000 [notice] Bootstrapped 9
[w0:ab:pro] tor: Aug 05 14:14:09.000 [notice] Bootstrapped 100% (done): Done
[w0:ab:pro] Tor ready on 19050 exit=45.84.107.222
[w0:ab:pro] Rotating IP (#38, try 1) after No Turnstile token for direct search → tor#39 socks5://127.0.0.1:19050
[w0:ab:pro] Launching persistent Chrome profile /tmp/lll-pw-w0-r38
[w0:ab:pro] Proxy tor#39 socks5://127.0.0.1:19050
[w0:ab:pro] Opening https://lastletterlibrary.com
[w0:ab:pro] Library mode=pro
[w0:ab:pro] heartbeat words=27853 queue=7 rotation=38 idle=19s
[w0:ab:pro] Site Turnstile remint timed out (22877ms)
[w0:ab:pro] Search mode=direct (skip UI Wait Ns… gate)
[w0:ab:pro] Cleaned 1 old rotated profile(s)
[w0:ab:pro] Browser exit IP=104.244.73.136 (unique)
[w0:ab:pro] Searching "anthropot" | queue=6 | words=27853
[w0:ab:pro] Turnstile token present (len=837)
[w0:ab:pro] Site Turnstile token (20011ms)
[w0:ab:pro] [api] 400 mode=pro startsWith=anthropot
[w0:ab:pro] [api] 400 mode=pro startsWith=anthropot (633ms direct)
[w0:ab:pro] Failed "anthropot" attempt 26: API 400 for "anthropot": {"message":"Invalid parameters"}
[w0:ab:pro] Deferring stuck "anthropot" to end of queue after 26 failures (API 400 for "anthropot": {"message":"Invalid parameters"})
[w0:ab:pro] Saved 27,853 worker words
[w0:ab:pro] heartbeat words=27853 queue=7 rotation=38 idle=35s
[w0:ab:pro] Tor exited code=0
[w0:ab:pro] Starting Tor gen=41 socks=127.0.0.1:19050 (try 1)
[w0:ab:pro] tor: Aug 05 14:16:05.807 [notice] Opening Socks listener on 127.0.0.1:19050
Aug 05 14:16:05.807 [notice] Opened Socks listener connection (ready) on 127.0.0.1:19050

[w0:ab:pro] tor: Aug 05 14:16:06.000 [notice] Bootstrapped 0% (starting): Starting
[w0:ab:pro] tor: Aug 05 14:16:07.000 [notice] Bootstrapped 5% (conn): Connecting to a relay
[w0:ab:pro] tor: Aug 05 14:16:07.000 [notice] Bootstrapped 10% (conn_done): Connected to a relay
[w0:ab:pro] tor: Aug 05 14:16:08.000 [notice] Bootstrapped 14% (handshake): Handshaking with a relay
[w0:ab:pro] tor: Aug 05 14:16:14.000 [notice] Bootstrapped 15% (handshake_done): Handshake with a relay done
Aug 05 14:16:14.000 [notice] Bootstrapped 20% (onehop_create): Estab
[w0:ab:pro] tor: Aug 05 14:16:14.000 [notice] Bootstrapped 25% (requesting_status): Asking for networkstatus consensus
[w0:ab:pro] tor: Aug 05 14:16:14.000 [notice] Bootstrapped 30% (loading_status): Loading networkstatus consensus
[w0:ab:pro] tor: Aug 05 14:16:16.000 [notice] Bootstrapped 40% (loading_keys): Loading authority key certs
[w0:ab:pro] tor: Aug 05 14:16:17.000 [notice] Bootstrapped 45% (requesting_descriptors): Asking for relay descriptors
Aug 05 14:16:17.000 [notice] I learned some more directory 
[w0:ab:pro] tor: Aug 05 14:16:17.000 [notice] Bootstrapped 50% (loading_descriptors): Loading relay descriptors
[w0:ab:pro] tor: Aug 05 14:16:21.000 [notice] Bootstrapped 55% (loading_descriptors): Loading relay descriptors
[w0:ab:pro] tor: Aug 05 14:16:25.000 [notice] Bootstrapped 61% (loading_descriptors): Loading relay descriptors
[w0:ab:pro] tor: Aug 05 14:16:26.000 [notice] Bootstrapped 67% (loading_descriptors): Loading relay descriptors
[w0:ab:pro] tor: Aug 05 14:16:27.000 [notice] Bootstrapped 75% (enough_dirinfo): Loaded enough directory info to build circuits
[w0:ab:pro] tor: Aug 05 14:16:27.000 [notice] Bootstrapped 90% (ap_handshake_done): Handshake finished with a relay to build circuits
Aug 05 14:16:27.000 [notice] Bootstrapped 9
[w0:ab:pro] tor: Aug 05 14:16:28.000 [notice] Bootstrapped 100% (done): Done
[w0:ab:pro] Tor ready on 19050 exit=185.220.101.3
[w0:ab:pro] Rotating IP (#39, try 1) after API 400 for "anthropot": {"message":"Invalid parameters"} → tor#40 socks5://127.0.0.1:19050
[w0:ab:pro] Launching persistent Chrome profile /tmp/lll-pw-w0-r39
[w0:ab:pro] Proxy tor#40 socks5://127.0.0.1:19050
[w0:ab:pro] Opening https://lastletterlibrary.com
[w0:ab:pro] heartbeat words=27853 queue=7 rotation=39 idle=5s
[w0:ab:pro] Library mode=pro
[w0:ab:pro] Turnstile token present (len=837)
[w0:ab:pro] Site Turnstile token (20483ms)
[w0:ab:pro] Search mode=direct (skip UI Wait Ns… gate)
[w0:ab:pro] Cleaned 1 old rotated profile(s)
[w0:ab:pro] Browser exit IP=185.220.101.3 (unique)
[w0:ab:pro] Searching "anthropot" | queue=6 | words=27853
[w0:ab:pro] [api] 400 mode=pro startsWith=anthropot
[w0:ab:pro] [api] 400 mode=pro startsWith=anthropot (455ms direct)
[w0:ab:pro] Failed "anthropot" attempt 27: API 400 for "anthropot": {"message":"Invalid parameters"}
[w0:ab:pro] Deferring stuck "anthropot" to end of queue after 27 failures (API 400 for "anthropot": {"message":"Invalid parameters"})
[w0:ab:pro] Saved 27,853 worker words
[w0:ab:pro] heartbeat words=27853 queue=7 rotation=39 idle=35s
[w0:ab:pro] Searching "anthropot" | queue=6 | words=27853
[w0:ab:pro] Turnstile token present (len=837)
[w0:ab:pro] Site Turnstile token (20669ms)
[w0:ab:pro] [api] 400 mode=pro startsWith=anthropot
[w0:ab:pro] [api] 400 mode=pro startsWith=anthropot (449ms direct)
[w0:ab:pro] Failed "anthropot" attempt 28: API 400 for "anthropot": {"message":"Invalid parameters"}
[w0:ab:pro] Deferring stuck "anthropot" to end of queue after 28 failures (API 400 for "anthropot": {"message":"Invalid parameters"})
[w0:ab:pro] Saved 27,853 worker words
[w0:ab:pro] heartbeat words=27853 queue=7 rotation=39 idle=14s
[w0:ab:pro] Tor exited code=0
[w0:ab:pro] Starting Tor gen=42 socks=127.0.0.1:19050 (try 1)
[w0:ab:pro] tor: Aug 05 14:19:27.454 [warn] Fixing permissions on directory /tmp/lll-tor-w0
[w0:ab:pro] tor: Aug 05 14:19:27.000 [notice] Bootstrapped 0% (starting): Starting
[w0:ab:pro] tor: Aug 05 14:19:28.000 [notice] Bootstrapped 5% (conn): Connecting to a relay
Aug 05 14:19:28.000 [notice] Bootstrapped 10% (conn_done): Connected to a relay
[w0:ab:pro] heartbeat words=27853 queue=7 rotation=40 idle=10s
[w0:ab:pro] tor: Aug 05 14:20:37.000 [notice] Bootstrapped 14% (handshake): Handshaking with a relay
[w0:ab:pro] tor: Aug 05 14:20:37.000 [notice] Bootstrapped 15% (handshake_done): Handshake with a relay done
Aug 05 14:20:37.000 [notice] Bootstrapped 20% (onehop_create): Estab
[w0:ab:pro] tor: Aug 05 14:20:37.000 [notice] Bootstrapped 25% (requesting_status): Asking for networkstatus consensus
[w0:ab:pro] tor: Aug 05 14:20:37.000 [notice] Bootstrapped 30% (loading_status): Loading networkstatus consensus
[w0:ab:pro] heartbeat words=27853 queue=7 rotation=40 idle=1s
[w0:ab:pro] tor: Aug 05 14:20:38.000 [notice] Bootstrapped 40% (loading_keys): Loading authority key certs
[w0:ab:pro] tor: Aug 05 14:20:39.000 [notice] Bootstrapped 45% (requesting_descriptors): Asking for relay descriptors
Aug 05 14:20:39.000 [notice] I learned some more directory 
[w0:ab:pro] tor: Aug 05 14:20:39.000 [notice] Bootstrapped 50% (loading_descriptors): Loading relay descriptors
[w0:ab:pro] tor: Aug 05 14:20:45.000 [notice] Bootstrapped 55% (loading_descriptors): Loading relay descriptors
[w0:ab:pro] tor: Aug 05 14:20:50.000 [notice] Bootstrapped 61% (loading_descriptors): Loading relay descriptors
[w0:ab:pro] tor: Aug 05 14:20:50.000 [notice] Bootstrapped 67% (loading_descriptors): Loading relay descriptors
[w0:ab:pro] tor: Aug 05 14:20:50.000 [notice] Bootstrapped 75% (enough_dirinfo): Loaded enough directory info to build circuits
[w0:ab:pro] tor: Aug 05 14:20:51.000 [notice] Bootstrapped 90% (ap_handshake_done): Handshake finished with a relay to build circuits
Aug 05 14:20:51.000 [notice] Bootstrapped 9
[w0:ab:pro] tor: Aug 05 14:20:51.000 [notice] Bootstrapped 100% (done): Done
[w0:ab:pro] Tor ready on 19050 exit=171.25.193.81
[w0:ab:pro] Rotating IP (#40, try 1) after API 400 for "anthropot": {"message":"Invalid parameters"} → tor#41 socks5://127.0.0.1:19050
[w0:ab:pro] Launching persistent Chrome profile /tmp/lll-pw-w0-r40
[w0:ab:pro] Proxy tor#41 socks5://127.0.0.1:19050
[w0:ab:pro] Opening https://lastletterlibrary.com
[w0:ab:pro] Library mode=pro
[w0:ab:pro] Managed Turnstile token (len=816, 10799ms, remount)
[w0:ab:pro] Search mode=direct (skip UI Wait Ns… gate)
[w0:ab:pro] Cleaned 1 old rotated profile(s)
[w0:ab:pro] Browser exit IP=45.84.107.47 (unique)
[w0:ab:pro] Searching "anthropot" | queue=6 | words=27853
[w0:ab:pro] [api] 400 mode=pro startsWith=anthropot
[w0:ab:pro] [api] 400 mode=pro startsWith=anthropot (673ms direct)
[w0:ab:pro] Failed "anthropot" attempt 29: API 400 for "anthropot": {"message":"Invalid parameters"}
[w0:ab:pro] Deferring stuck "anthropot" to end of queue after 29 failures (API 400 for "anthropot": {"message":"Invalid parameters"})
[w0:ab:pro] Saved 27,853 worker words; shared last.txt now 340,937
[w0:ab:pro] heartbeat words=27853 queue=7 rotation=40 idle=18s
[w0:ab:pro] Searching "anthropot" | queue=6 | words=27853
[w0:ab:pro] Managed Turnstile token (len=816, 6935ms, reset)
[w0:ab:pro] [api] 400 mode=pro startsWith=anthropot
[w0:ab:pro] [api] 400 mode=pro startsWith=anthropot (679ms direct)
[w0:ab:pro] Failed "anthropot" attempt 30: API 400 for "anthropot": {"message":"Invalid parameters"}
[w0:ab:pro] Deferring stuck "anthropot" to end of queue after 30 failures (API 400 for "anthropot": {"message":"Invalid parameters"})
[w0:ab:pro] Saved 27,853 worker words
[w0:ab:pro] heartbeat words=27853 queue=7 rotation=40 idle=9s
[w0:ab:pro] Tor exited code=0
[w0:ab:pro] Starting Tor gen=43 socks=127.0.0.1:19050 (try 1)
[w0:ab:pro] tor: Aug 05 14:23:30.890 [warn] Fixing permissions on directory /tmp/lll-tor-w0
[w0:ab:pro] tor: Aug 05 14:23:31.000 [notice] Bootstrapped 0% (starting): Starting
[w0:ab:pro] tor: Aug 05 14:23:32.000 [notice] Bootstrapped 5% (conn): Connecting to a relay
[w0:ab:pro] tor: Aug 05 14:23:32.000 [notice] Bootstrapped 10% (conn_done): Connected to a relay
[w0:ab:pro] tor: Aug 05 14:23:32.000 [notice] Bootstrapped 14% (handshake): Handshaking with a relay
[w0:ab:pro] tor: Aug 05 14:23:32.000 [notice] Bootstrapped 15% (handshake_done): Handshake with a relay done
Aug 05 14:23:32.000 [notice] Bootstrapped 20% (onehop_create): Estab
[w0:ab:pro] tor: Aug 05 14:23:33.000 [notice] Bootstrapped 25% (requesting_status): Asking for networkstatus consensus
[w0:ab:pro] tor: Aug 05 14:23:33.000 [notice] Bootstrapped 30% (loading_status): Loading networkstatus consensus
[w0:ab:pro] tor: Aug 05 14:23:35.000 [notice] Bootstrapped 40% (loading_keys): Loading authority key certs
[w0:ab:pro] tor: Aug 05 14:23:35.000 [notice] Bootstrapped 45% (requesting_descriptors): Asking for relay descriptors
Aug 05 14:23:35.000 [notice] I learned some more directory 
[w0:ab:pro] tor: Aug 05 14:23:36.000 [notice] Bootstrapped 50% (loading_descriptors): Loading relay descriptors
[w0:ab:pro] heartbeat words=27853 queue=7 rotation=41 idle=2s
[w0:ab:pro] tor: Aug 05 14:23:40.000 [notice] Bootstrapped 55% (loading_descriptors): Loading relay descriptors
[w0:ab:pro] tor: Aug 05 14:23:40.000 [notice] Bootstrapped 61% (loading_descriptors): Loading relay descriptors
[w0:ab:pro] tor: Aug 05 14:23:40.000 [notice] Bootstrapped 67% (loading_descriptors): Loading relay descriptors
[w0:ab:pro] tor: Aug 05 14:23:40.000 [notice] Bootstrapped 75% (enough_dirinfo): Loaded enough directory info to build circuits
[w0:ab:pro] tor: Aug 05 14:23:41.000 [notice] Bootstrapped 90% (ap_handshake_done): Handshake finished with a relay to build circuits
Aug 05 14:23:41.000 [notice] Bootstrapped 9
[w0:ab:pro] tor: Aug 05 14:23:41.000 [notice] Bootstrapped 100% (done): Done
[w0:ab:pro] Tor ready on 19050 exit=185.220.101.18
[w0:ab:pro] Rotating IP (#41, try 1) after API 400 for "anthropot": {"message":"Invalid parameters"} → tor#42 socks5://127.0.0.1:19050
[w0:ab:pro] Launching persistent Chrome profile /tmp/lll-pw-w0-r41
[w0:ab:pro] Proxy tor#42 socks5://127.0.0.1:19050
[w0:ab:pro] Opening https://lastletterlibrary.com
[w0:ab:pro] Library mode=pro
[w0:ab:pro] Turnstile token present (len=816)
[w0:ab:pro] Site Turnstile token (20245ms)
[w0:ab:pro] Search mode=direct (skip UI Wait Ns… gate)
[w0:ab:pro] Cleaned 1 old rotated profile(s)
[w0:ab:pro] Browser exit IP=185.220.101.148 (unique)
[w0:ab:pro] Searching "anthropot" | queue=6 | words=27853
[w0:ab:pro] [api] 400 mode=pro startsWith=anthropot
[w0:ab:pro] [api] 400 mode=pro startsWith=anthropot (413ms direct)
[w0:ab:pro] Failed "anthropot" attempt 31: API 400 for "anthropot": {"message":"Invalid parameters"}
[w0:ab:pro] Deferring stuck "anthropot" to end of queue after 31 failures (API 400 for "anthropot": {"message":"Invalid parameters"})
[w0:ab:pro] Saved 27,853 worker words
[w0:ab:pro] heartbeat words=27853 queue=7 rotation=41 idle=22s
[w0:ab:pro] Searching "anthropot" | queue=6 | words=27853
[w0:ab:pro] heartbeat words=27853 queue=6 rotation=41 idle=22s
[w0:ab:pro] Turnstile token present (len=816)
[w0:ab:pro] Site Turnstile token (21967ms)
[w0:ab:pro] [api] 400 mode=pro startsWith=anthropot
[w0:ab:pro] [api] 400 mode=pro startsWith=anthropot (496ms direct)
[w0:ab:pro] Failed "anthropot" attempt 32: API 400 for "anthropot": {"message":"Invalid parameters"}
[w0:ab:pro] Deferring stuck "anthropot" to end of queue after 32 failures (API 400 for "anthropot": {"message":"Invalid parameters"})
[w0:ab:pro] Saved 27,853 worker words
[w0:ab:pro] heartbeat words=27853 queue=7 rotation=41 idle=58s
[w0:ab:pro] Tor exited code=0
[w0:ab:pro] Starting Tor gen=44 socks=127.0.0.1:19050 (try 1)
[w0:ab:pro] tor: Aug 05 14:26:42.119 [warn] Fixing permissions on directory /tmp/lll-tor-w0
[w0:ab:pro] tor: Aug 05 14:26:42.000 [notice] Bootstrapped 0% (starting): Starting
[w0:ab:pro] tor: Aug 05 14:26:43.000 [notice] Bootstrapped 5% (conn): Connecting to a relay
Aug 05 14:26:43.000 [notice] Bootstrapped 10% (conn_done): Connected to a relay
[w0:ab:pro] tor: Aug 05 14:26:47.000 [notice] Bootstrapped 14% (handshake): Handshaking with a relay
[w0:ab:pro] tor: Aug 05 14:26:47.000 [notice] Bootstrapped 15% (handshake_done): Handshake with a relay done
Aug 05 14:26:47.000 [notice] Bootstrapped 20% (onehop_create): Estab
[w0:ab:pro] tor: Aug 05 14:26:47.000 [notice] Bootstrapped 25% (requesting_status): Asking for networkstatus consensus
[w0:ab:pro] tor: Aug 05 14:26:47.000 [notice] Bootstrapped 30% (loading_status): Loading networkstatus consensus
[w0:ab:pro] tor: Aug 05 14:26:50.000 [notice] Bootstrapped 40% (loading_keys): Loading authority key certs
[w0:ab:pro] tor: Aug 05 14:26:50.000 [notice] Bootstrapped 45% (requesting_descriptors): Asking for relay descriptors
Aug 05 14:26:50.000 [notice] I learned some more directory 
[w0:ab:pro] tor: Aug 05 14:26:52.000 [notice] Bootstrapped 50% (loading_descriptors): Loading relay descriptors
[w0:ab:pro] heartbeat words=27853 queue=7 rotation=42 idle=46s
[w0:ab:pro] heartbeat words=27853 queue=7 rotation=42 idle=106s
[w0:ab:pro] heartbeat words=27853 queue=7 rotation=42 idle=166s
[w0:ab:pro] tor: Aug 05 14:29:39.000 [notice] Bootstrapped 55% (loading_descriptors): Loading relay descriptors
[w0:ab:pro] tor: Aug 05 14:29:50.000 [notice] Bootstrapped 61% (loading_descriptors): Loading relay descriptors
[w0:ab:pro] tor: Aug 05 14:29:52.000 [notice] Bootstrapped 67% (loading_descriptors): Loading relay descriptors
[w0:ab:pro] tor: Aug 05 14:29:54.000 [notice] Bootstrapped 75% (enough_dirinfo): Loaded enough directory info to build circuits
[w0:ab:pro] tor: Aug 05 14:29:54.000 [notice] Bootstrapped 90% (ap_handshake_done): Handshake finished with a relay to build circuits
Aug 05 14:29:54.000 [notice] Bootstrapped 9
[w0:ab:pro] tor: Aug 05 14:29:55.000 [notice] Bootstrapped 100% (done): Done
[w0:ab:pro] Tor ready on 19050 exit=192.42.116.56
[w0:ab:pro] Rotating IP (#42, try 1) after API 400 for "anthropot": {"message":"Invalid parameters"} → tor#43 socks5://127.0.0.1:19050
[w0:ab:pro] Launching persistent Chrome profile /tmp/lll-pw-w0-r42
[w0:ab:pro] Proxy tor#43 socks5://127.0.0.1:19050
[w0:ab:pro] Opening https://lastletterlibrary.com
[w0:ab:pro] Library mode=pro
[w0:ab:pro] heartbeat words=27853 queue=7 rotation=42 idle=21s
[w0:ab:pro] Turnstile token present (len=837)
[w0:ab:pro] Site Turnstile token (24993ms)
[w0:ab:pro] Search mode=direct (skip UI Wait Ns… gate)
[w0:ab:pro] Cleaned 1 old rotated profile(s)
[w0:ab:pro] Browser exit IP=185.220.101.12 (unique)
[w0:ab:pro] Searching "anthropot" | queue=6 | words=27853
[w0:ab:pro] [api] 400 mode=pro startsWith=anthropot
[w0:ab:pro] [api] 400 mode=pro startsWith=anthropot (503ms direct)
[w0:ab:pro] Failed "anthropot" attempt 33: API 400 for "anthropot": {"message":"Invalid parameters"}
[w0:ab:pro] Deferring stuck "anthropot" to end of queue after 33 failures (API 400 for "anthropot": {"message":"Invalid parameters"})
[w0:ab:pro] Saved 27,853 worker words
[w0:ab:pro] heartbeat words=27853 queue=7 rotation=42 idle=52s
[w0:ab:pro] Searching "anthropot" | queue=6 | words=27853
[w0:ab:pro] Site Turnstile remint timed out (22735ms)
[w0:ab:pro] Turnstile mint hard timeout after 28000ms
[w0:ab:pro] Site Turnstile remint timed out (29476ms)
[w0:ab:pro] heartbeat words=27853 queue=6 rotation=42 idle=0s
[w0:ab:pro] Site Turnstile remint timed out (22635ms)
[w0:ab:pro] Site Turnstile remint timed out (22436ms)
[w0:ab:pro] Failed "anthropot" attempt 34: No Turnstile token for direct search
[w0:ab:pro] Deferring stuck "anthropot" to end of queue after 34 failures (No Turnstile token for direct search)
[w0:ab:pro] Saved 27,853 worker words
[w0:ab:pro] Tor exited code=0
[w0:ab:pro] Starting Tor gen=45 socks=127.0.0.1:19050 (try 1)
[w0:ab:pro] tor: Aug 05 14:33:23.642 [notice] Opened Socks listener connection (ready) on 127.0.0.1:19050
Aug 05 14:33:23.643 [warn] Fixing permissions on directory /tmp/lll-tor
[w0:ab:pro] tor: Aug 05 14:33:23.000 [notice] Bootstrapped 0% (starting): Starting
[w0:ab:pro] tor: Aug 05 14:33:24.000 [notice] Bootstrapped 5% (conn): Connecting to a relay
[w0:ab:pro] tor: Aug 05 14:33:24.000 [notice] Bootstrapped 10% (conn_done): Connected to a relay
[w0:ab:pro] tor: Aug 05 14:33:28.000 [notice] Bootstrapped 14% (handshake): Handshaking with a relay
[w0:ab:pro] tor: Aug 05 14:33:28.000 [notice] Bootstrapped 15% (handshake_done): Handshake with a relay done
[w0:ab:pro] tor: Aug 05 14:33:28.000 [notice] Bootstrapped 20% (onehop_create): Establishing an encrypted directory connection
[w0:ab:pro] tor: Aug 05 14:33:29.000 [notice] Bootstrapped 25% (requesting_status): Asking for networkstatus consensus
[w0:ab:pro] tor: Aug 05 14:33:29.000 [notice] Bootstrapped 30% (loading_status): Loading networkstatus consensus
[w0:ab:pro] tor: Aug 05 14:33:31.000 [notice] Bootstrapped 40% (loading_keys): Loading authority key certs
[w0:ab:pro] tor: Aug 05 14:33:31.000 [notice] Bootstrapped 45% (requesting_descriptors): Asking for relay descriptors
Aug 05 14:33:31.000 [notice] I learned some more directory 
[w0:ab:pro] tor: Aug 05 14:33:32.000 [notice] Bootstrapped 50% (loading_descriptors): Loading relay descriptors
[w0:ab:pro] heartbeat words=27853 queue=7 rotation=43 idle=6s
[w0:ab:pro] tor: Aug 05 14:33:43.000 [notice] Bootstrapped 55% (loading_descriptors): Loading relay descriptors
[w0:ab:pro] tor: Aug 05 14:33:43.000 [notice] Bootstrapped 61% (loading_descriptors): Loading relay descriptors
[w0:ab:pro] tor: Aug 05 14:33:44.000 [notice] Bootstrapped 67% (loading_descriptors): Loading relay descriptors
[w0:ab:pro] tor: Aug 05 14:33:44.000 [notice] Bootstrapped 75% (enough_dirinfo): Loaded enough directory info to build circuits
[w0:ab:pro] tor: Aug 05 14:33:45.000 [notice] Bootstrapped 90% (ap_handshake_done): Handshake finished with a relay to build circuits
Aug 05 14:33:45.000 [notice] Bootstrapped 9
[w0:ab:pro] tor: Aug 05 14:33:45.000 [notice] Bootstrapped 100% (done): Done
[w0:ab:pro] Tor ready on 19050 exit=104.244.72.132
[w0:ab:pro] Rotating IP (#43, try 1) after No Turnstile token for direct search → tor#44 socks5://127.0.0.1:19050
[w0:ab:pro] Launching persistent Chrome profile /tmp/lll-pw-w0-r43
[w0:ab:pro] Proxy tor#44 socks5://127.0.0.1:19050
[w0:ab:pro] Opening https://lastletterlibrary.com
[w0:ab:pro] Library mode=pro
[w0:ab:pro] Turnstile token present (len=837)
[w0:ab:pro] Site Turnstile token (19889ms)
[w0:ab:pro] Search mode=direct (skip UI Wait Ns… gate)
[w0:ab:pro] Cleaned 1 old rotated profile(s)
[w0:ab:pro] Browser exit IP=104.244.72.132 (unique)
[w0:ab:pro] Searching "anthropot" | queue=6 | words=27853
[w0:ab:pro] [api] 400 mode=pro startsWith=anthropot
[w0:ab:pro] [api] 400 mode=pro startsWith=anthropot (682ms direct)
[w0:ab:pro] Failed "anthropot" attempt 34: API 400 for "anthropot": {"message":"Invalid parameters"}
[w0:ab:pro] Deferring stuck "anthropot" to end of queue after 34 failures (API 400 for "anthropot": {"message":"Invalid parameters"})
[w0:ab:pro] Saved 27,853 worker words
[w0:ab:pro] heartbeat words=27853 queue=7 rotation=43 idle=21s
[w0:ab:pro] Starting Tor gen=46 socks=127.0.0.1:19050 (try 1)
[w0:ab:pro] Tor exited code=0
[w0:ab:pro] tor: Aug 05 14:35:21.112 [notice] Tor 0.4.8.12 running on Darwin with Libevent 2.1.12-stable, OpenSSL 3.6.3, Zlib 1.2.12, Liblzma N/A, Libzstd N/A and Unknown N/A as
[w0:ab:pro] tor: Aug 05 14:35:21.000 [notice] Bootstrapped 0% (starting): Starting
Aug 05 14:35:21.000 [notice] Starting with guard context "default"
[w0:ab:pro] tor: Aug 05 14:35:23.000 [notice] Bootstrapped 5% (conn): Connecting to a relay
[w0:ab:pro] tor: Aug 05 14:35:23.000 [notice] Bootstrapped 10% (conn_done): Connected to a relay
[w0:ab:pro] tor: Aug 05 14:35:23.000 [notice] Bootstrapped 14% (handshake): Handshaking with a relay
[w0:ab:pro] tor: Aug 05 14:35:23.000 [notice] Bootstrapped 15% (handshake_done): Handshake with a relay done
Aug 05 14:35:23.000 [notice] Bootstrapped 20% (onehop_create): Estab
[w0:ab:pro] tor: Aug 05 14:35:23.000 [notice] Bootstrapped 25% (requesting_status): Asking for networkstatus consensus
[w0:ab:pro] tor: Aug 05 14:35:23.000 [notice] Bootstrapped 30% (loading_status): Loading networkstatus consensus
[w0:ab:pro] tor: Aug 05 14:35:24.000 [notice] Bootstrapped 40% (loading_keys): Loading authority key certs
[w0:ab:pro] tor: Aug 05 14:35:25.000 [notice] Bootstrapped 45% (requesting_descriptors): Asking for relay descriptors
[w0:ab:pro] tor: Aug 05 14:35:26.000 [notice] Bootstrapped 50% (loading_descriptors): Loading relay descriptors
[w0:ab:pro] tor: Aug 05 14:35:36.000 [notice] Bootstrapped 55% (loading_descriptors): Loading relay descriptors
[w0:ab:pro] tor: Aug 05 14:35:36.000 [notice] Bootstrapped 61% (loading_descriptors): Loading relay descriptors
[w0:ab:pro] tor: Aug 05 14:35:36.000 [notice] Bootstrapped 67% (loading_descriptors): Loading relay descriptors
[w0:ab:pro] tor: Aug 05 14:35:37.000 [notice] Bootstrapped 75% (enough_dirinfo): Loaded enough directory info to build circuits
[w0:ab:pro] tor: Aug 05 14:35:38.000 [notice] Bootstrapped 90% (ap_handshake_done): Handshake finished with a relay to build circuits
Aug 05 14:35:38.000 [notice] Bootstrapped 9
[w0:ab:pro] heartbeat words=27853 queue=7 rotation=44 idle=1s
[w0:ab:pro] tor: Aug 05 14:35:39.000 [notice] Bootstrapped 100% (done): Done
[w0:ab:pro] Tor ready on 19050 exit=171.25.193.39
[w0:ab:pro] Rotating IP (#44, try 1) after API 400 for "anthropot": {"message":"Invalid parameters"} → tor#45 socks5://127.0.0.1:19050
[w0:ab:pro] Launching persistent Chrome profile /tmp/lll-pw-w0-r44
[w0:ab:pro] Proxy tor#45 socks5://127.0.0.1:19050
[w0:ab:pro] Opening https://lastletterlibrary.com
[w0:ab:pro] Library mode=pro
[w0:ab:pro] Managed Turnstile token (len=816, 10760ms, remount)
[w0:ab:pro] Search mode=direct (skip UI Wait Ns… gate)
[w0:ab:pro] Cleaned 1 old rotated profile(s)
[w0:ab:pro] Browser exit IP=150.40.127.22 (unique)
[w0:ab:pro] Searching "anthropot" | queue=6 | words=27853
[w0:ab:pro] [api] 400 mode=pro startsWith=anthropot
[w0:ab:pro] [api] 400 mode=pro startsWith=anthropot (927ms direct)
[w0:ab:pro] Failed "anthropot" attempt 35: API 400 for "anthropot": {"message":"Invalid parameters"}
[w0:ab:pro] Deferring stuck "anthropot" to end of queue after 35 failures (API 400 for "anthropot": {"message":"Invalid parameters"})
[w0:ab:pro] Saved 27,853 worker words
[w0:ab:pro] heartbeat words=27853 queue=7 rotation=44 idle=32s
[w0:ab:pro] Searching "anthropot" | queue=6 | words=27853
[w0:ab:pro] Managed Turnstile token (len=816, 14537ms, reset)
[w0:ab:pro] [api] 400 mode=pro startsWith=anthropot
[w0:ab:pro] [api] 400 mode=pro startsWith=anthropot (665ms direct)
[w0:ab:pro] Failed "anthropot" attempt 36: API 400 for "anthropot": {"message":"Invalid parameters"}
[w0:ab:pro] Deferring stuck "anthropot" to end of queue after 36 failures (API 400 for "anthropot": {"message":"Invalid parameters"})
[w0:ab:pro] Saved 27,853 worker words; shared last.txt now 345,625
[w0:ab:pro] heartbeat words=27853 queue=7 rotation=44 idle=15s
[w0:ab:pro] Tor exited code=0
[w0:ab:pro] Starting Tor gen=47 socks=127.0.0.1:19050 (try 1)
[w0:ab:pro] tor: Aug 05 14:38:25.510 [warn] Fixing permissions on directory /tmp/lll-tor-w0
[w0:ab:pro] tor: Aug 05 14:38:26.000 [notice] Bootstrapped 0% (starting): Starting
Aug 05 14:38:26.000 [notice] Starting with guard context "default"
[w0:ab:pro] tor: Aug 05 14:38:27.000 [notice] Bootstrapped 5% (conn): Connecting to a relay
[w0:ab:pro] tor: Aug 05 14:38:27.000 [notice] Bootstrapped 10% (conn_done): Connected to a relay
[w0:ab:pro] tor: Aug 05 14:38:29.000 [notice] Bootstrapped 14% (handshake): Handshaking with a relay
[w0:ab:pro] tor: Aug 05 14:38:29.000 [notice] Bootstrapped 15% (handshake_done): Handshake with a relay done
Aug 05 14:38:29.000 [notice] Bootstrapped 20% (onehop_create): Estab
[w0:ab:pro] tor: Aug 05 14:38:30.000 [notice] Bootstrapped 25% (requesting_status): Asking for networkstatus consensus
[w0:ab:pro] tor: Aug 05 14:38:30.000 [notice] Bootstrapped 30% (loading_status): Loading networkstatus consensus
[w0:ab:pro] tor: Aug 05 14:38:31.000 [notice] Bootstrapped 40% (loading_keys): Loading authority key certs
[w0:ab:pro] tor: Aug 05 14:38:31.000 [notice] Bootstrapped 45% (requesting_descriptors): Asking for relay descriptors
Aug 05 14:38:31.000 [notice] I learned some more directory 
[w0:ab:pro] tor: Aug 05 14:38:32.000 [notice] Bootstrapped 50% (loading_descriptors): Loading relay descriptors
[w0:ab:pro] heartbeat words=27853 queue=7 rotation=45 idle=6s
[w0:ab:pro] tor: Aug 05 14:38:41.000 [notice] Bootstrapped 55% (loading_descriptors): Loading relay descriptors
[w0:ab:pro] tor: Aug 05 14:38:43.000 [notice] Bootstrapped 61% (loading_descriptors): Loading relay descriptors
[w0:ab:pro] tor: Aug 05 14:38:44.000 [notice] Bootstrapped 67% (loading_descriptors): Loading relay descriptors
[w0:ab:pro] tor: Aug 05 14:38:46.000 [notice] Bootstrapped 75% (enough_dirinfo): Loaded enough directory info to build circuits
[w0:ab:pro] tor: Aug 05 14:38:47.000 [notice] Bootstrapped 90% (ap_handshake_done): Handshake finished with a relay to build circuits
Aug 05 14:38:47.000 [notice] Bootstrapped 9
[w0:ab:pro] tor: Aug 05 14:38:48.000 [notice] Bootstrapped 100% (done): Done
[w0:ab:pro] Tor ready on 19050 exit=45.83.104.137
[w0:ab:pro] Rotating IP (#45, try 1) after API 400 for "anthropot": {"message":"Invalid parameters"} → tor#46 socks5://127.0.0.1:19050
[w0:ab:pro] Launching persistent Chrome profile /tmp/lll-pw-w0-r45
[w0:ab:pro] Proxy tor#46 socks5://127.0.0.1:19050
[w0:ab:pro] Opening https://lastletterlibrary.com
[w0:ab:pro] Library mode=pro
[w0:ab:pro] Managed Turnstile token (len=816, 10281ms, remount)
[w0:ab:pro] Search mode=direct (skip UI Wait Ns… gate)
[w0:ab:pro] Cleaned 1 old rotated profile(s)
[w0:ab:pro] Browser exit IP=193.189.100.206 (unique)
[w0:ab:pro] Searching "anthropot" | queue=6 | words=27853
[w0:ab:pro] [api] 400 mode=pro startsWith=anthropot
[w0:ab:pro] [api] 400 mode=pro startsWith=anthropot (717ms direct)
[w0:ab:pro] Failed "anthropot" attempt 37: API 400 for "anthropot": {"message":"Invalid parameters"}
[w0:ab:pro] Deferring stuck "anthropot" to end of queue after 37 failures (API 400 for "anthropot": {"message":"Invalid parameters"})
[w0:ab:pro] Saved 27,853 worker words
[w0:ab:pro] heartbeat words=27853 queue=7 rotation=45 idle=15s
[w0:ab:pro] Searching "anthropot" | queue=6 | words=27853
[w0:ab:pro] Managed Turnstile token (len=816, 6832ms, reset)
[w0:ab:pro] [api] 400 mode=pro startsWith=anthropot
[w0:ab:pro] [api] 400 mode=pro startsWith=anthropot (603ms direct)
[w0:ab:pro] Failed "anthropot" attempt 38: API 400 for "anthropot": {"message":"Invalid parameters"}
[w0:ab:pro] Deferring stuck "anthropot" to end of queue after 38 failures (API 400 for "anthropot": {"message":"Invalid parameters"})
[w0:ab:pro] Saved 27,853 worker words
[w0:ab:pro] heartbeat words=27853 queue=7 rotation=45 idle=7s
[w0:ab:pro] heartbeat words=27853 queue=7 rotation=46 idle=67s
[w0:ab:pro] Tor exited code=0
[w0:ab:pro] Starting Tor gen=48 socks=127.0.0.1:19050 (try 1)
[w0:ab:pro] tor: Aug 05 14:41:41.442 [notice] Opened Socks listener connection (ready) on 127.0.0.1:19050
Aug 05 14:41:41.442 [warn] Fixing permissions on directory /tmp/lll-tor
[w0:ab:pro] tor: Aug 05 14:41:41.000 [notice] Bootstrapped 0% (starting): Starting
[w0:ab:pro] tor: Aug 05 14:41:42.000 [notice] Bootstrapped 5% (conn): Connecting to a relay
[w0:ab:pro] tor: Aug 05 14:41:42.000 [notice] Bootstrapped 10% (conn_done): Connected to a relay
[w0:ab:pro] tor: Aug 05 14:41:45.000 [notice] Bootstrapped 14% (handshake): Handshaking with a relay
[w0:ab:pro] tor: Aug 05 14:41:45.000 [notice] Bootstrapped 15% (handshake_done): Handshake with a relay done
Aug 05 14:41:45.000 [notice] Bootstrapped 20% (onehop_create): Estab
[w0:ab:pro] tor: Aug 05 14:41:45.000 [notice] Bootstrapped 25% (requesting_status): Asking for networkstatus consensus
[w0:ab:pro] tor: Aug 05 14:41:45.000 [notice] Bootstrapped 30% (loading_status): Loading networkstatus consensus
[w0:ab:pro] heartbeat words=27853 queue=7 rotation=46 idle=54s
[w0:ab:pro] tor: Aug 05 14:42:43.000 [notice] Bootstrapped 40% (loading_keys): Loading authority key certs
[w0:ab:pro] tor: Aug 05 14:42:43.000 [notice] Bootstrapped 45% (requesting_descriptors): Asking for relay descriptors
Aug 05 14:42:43.000 [notice] I learned some more directory 
[w0:ab:pro] tor: Aug 05 14:42:44.000 [notice] Bootstrapped 50% (loading_descriptors): Loading relay descriptors
[w0:ab:pro] heartbeat words=27853 queue=7 rotation=46 idle=55s
[w0:ab:pro] tor: Aug 05 14:43:57.000 [notice] Bootstrapped 55% (loading_descriptors): Loading relay descriptors
[w0:ab:pro] tor: Aug 05 14:44:00.000 [notice] Bootstrapped 61% (loading_descriptors): Loading relay descriptors
[w0:ab:pro] tor: Aug 05 14:44:01.000 [notice] Bootstrapped 67% (loading_descriptors): Loading relay descriptors
[w0:ab:pro] tor: Aug 05 14:44:02.000 [notice] Bootstrapped 75% (enough_dirinfo): Loaded enough directory info to build circuits
[w0:ab:pro] tor: Aug 05 14:44:02.000 [notice] Bootstrapped 90% (ap_handshake_done): Handshake finished with a relay to build circuits
Aug 05 14:44:02.000 [notice] Bootstrapped 9
[w0:ab:pro] tor: Aug 05 14:44:03.000 [notice] Bootstrapped 100% (done): Done
[w0:ab:pro] Tor ready on 19050 exit=185.220.100.243
[w0:ab:pro] Rotating IP (#46, try 1) after API 400 for "anthropot": {"message":"Invalid parameters"} → tor#47 socks5://127.0.0.1:19050
[w0:ab:pro] Launching persistent Chrome profile /tmp/lll-pw-w0-r46
[w0:ab:pro] Proxy tor#47 socks5://127.0.0.1:19050
[w0:ab:pro] Opening https://lastletterlibrary.com
[w0:ab:pro] Library mode=pro
[w0:ab:pro] Site Turnstile remint timed out (22910ms)
[w0:ab:pro] Search mode=direct (skip UI Wait Ns… gate)
[w0:ab:pro] Cleaned 1 old rotated profile(s)
[w0:ab:pro] heartbeat words=27853 queue=7 rotation=46 idle=1s
[w0:ab:pro] Browser exit IP=185.220.100.243 (unique)
[w0:ab:pro] Searching "anthropot" | queue=6 | words=27853
[w0:ab:pro] Site Turnstile remint timed out (22820ms)
[w0:ab:pro] Site Turnstile remint timed out (22405ms)
[w0:ab:pro] heartbeat words=27853 queue=6 rotation=46 idle=16s
[w0:ab:pro] Turnstile token present (len=837)
[w0:ab:pro] Site Turnstile token (21102ms)
[w0:ab:pro] [api] 400 mode=pro startsWith=anthropot
[w0:ab:pro] [api] 400 mode=pro startsWith=anthropot (794ms direct)
[w0:ab:pro] Failed "anthropot" attempt 39: API 400 for "anthropot": {"message":"Invalid parameters"}
[w0:ab:pro] Deferring stuck "anthropot" to end of queue after 39 failures (API 400 for "anthropot": {"message":"Invalid parameters"})
[w0:ab:pro] Saved 27,853 worker words
[w0:ab:pro] heartbeat words=27853 queue=7 rotation=46 idle=54s
[w0:ab:pro] Searching "anthropot" | queue=6 | words=27853
[w0:ab:pro] Site Turnstile remint timed out (22749ms)
[w0:ab:pro] Site Turnstile remint timed out (23568ms)
[w0:ab:pro] heartbeat words=27853 queue=6 rotation=46 idle=7s
[w0:ab:pro] Turnstile token present (len=837)
[w0:ab:pro] Site Turnstile token (24238ms)
[w0:ab:pro] [api] 400 mode=pro startsWith=anthropot
[w0:ab:pro] [api] 400 mode=pro startsWith=anthropot (435ms direct)
[w0:ab:pro] Failed "anthropot" attempt 40: API 400 for "anthropot": {"message":"Invalid parameters"}
[w0:ab:pro] Deferring stuck "anthropot" to end of queue after 40 failures (API 400 for "anthropot": {"message":"Invalid parameters"})
[w0:ab:pro] Saved 27,853 worker words
[w0:ab:pro] heartbeat words=27853 queue=7 rotation=46 idle=42s
[w0:ab:pro] Tor exited code=0
[w0:ab:pro] Starting Tor gen=49 socks=127.0.0.1:19050 (try 1)
[w0:ab:pro] tor: Aug 05 14:49:02.872 [notice] Opened Socks listener connection (ready) on 127.0.0.1:19050
Aug 05 14:49:02.872 [warn] Fixing permissions on directory /tmp/lll-tor
[w0:ab:pro] tor: Aug 05 14:49:03.000 [notice] Bootstrapped 0% (starting): Starting
[w0:ab:pro] tor: Aug 05 14:49:04.000 [notice] Bootstrapped 5% (conn): Connecting to a relay
[w0:ab:pro] tor: Aug 05 14:49:04.000 [notice] Bootstrapped 10% (conn_done): Connected to a relay
[w0:ab:pro] tor: Aug 05 14:49:04.000 [notice] Bootstrapped 14% (handshake): Handshaking with a relay
[w0:ab:pro] tor: Aug 05 14:49:05.000 [notice] Bootstrapped 15% (handshake_done): Handshake with a relay done
Aug 05 14:49:05.000 [notice] Bootstrapped 20% (onehop_create): Estab
[w0:ab:pro] tor: Aug 05 14:49:05.000 [notice] Bootstrapped 25% (requesting_status): Asking for networkstatus consensus
[w0:ab:pro] tor: Aug 05 14:49:05.000 [notice] Bootstrapped 30% (loading_status): Loading networkstatus consensus
[w0:ab:pro] tor: Aug 05 14:49:08.000 [notice] Bootstrapped 40% (loading_keys): Loading authority key certs
[w0:ab:pro] tor: Aug 05 14:49:08.000 [notice] Bootstrapped 45% (requesting_descriptors): Asking for relay descriptors
Aug 05 14:49:08.000 [notice] I learned some more directory 
[w0:ab:pro] tor: Aug 05 14:49:09.000 [notice] Bootstrapped 50% (loading_descriptors): Loading relay descriptors
[w0:ab:pro] tor: Aug 05 14:49:22.000 [notice] Bootstrapped 55% (loading_descriptors): Loading relay descriptors
[w0:ab:pro] tor: Aug 05 14:49:24.000 [notice] Bootstrapped 61% (loading_descriptors): Loading relay descriptors
[w0:ab:pro] tor: Aug 05 14:49:25.000 [notice] Bootstrapped 67% (loading_descriptors): Loading relay descriptors
[w0:ab:pro] tor: Aug 05 14:49:26.000 [notice] Bootstrapped 75% (enough_dirinfo): Loaded enough directory info to build circuits
[w0:ab:pro] tor: Aug 05 14:49:27.000 [notice] Bootstrapped 90% (ap_handshake_done): Handshake finished with a relay to build circuits
Aug 05 14:49:27.000 [notice] Bootstrapped 9
[w0:ab:pro] tor: Aug 05 14:49:29.000 [notice] Bootstrapped 100% (done): Done
[w0:ab:pro] Tor ready on 19050 exit=37.228.129.162
[w0:ab:pro] Rotating IP (#47, try 1) after API 400 for "anthropot": {"message":"Invalid parameters"} → tor#48 socks5://127.0.0.1:19050
[w0:ab:pro] Launching persistent Chrome profile /tmp/lll-pw-w0-r47
[w0:ab:pro] Proxy tor#48 socks5://127.0.0.1:19050
[w0:ab:pro] heartbeat words=27853 queue=7 rotation=47 idle=3s
[w0:ab:pro] Opening https://lastletterlibrary.com
[w0:ab:pro] Library mode=pro
[w0:ab:pro] Search mode=direct (skip UI Wait Ns… gate)
[w0:ab:pro] Cleaned 1 old rotated profile(s)
[w0:ab:pro] Browser exit IP=37.228.129.162 (unique)
[w0:ab:pro] Searching "anthropot" | queue=6 | words=27853
[w0:ab:pro] Managed Turnstile token (len=816, 16255ms, remount)
[w0:ab:pro] [api] 400 mode=pro startsWith=anthropot
[w0:ab:pro] [api] 400 mode=pro startsWith=anthropot (650ms direct)
[w0:ab:pro] Failed "anthropot" attempt 41: API 400 for "anthropot": {"message":"Invalid parameters"}
[w0:ab:pro] Deferring stuck "anthropot" to end of queue after 41 failures (API 400 for "anthropot": {"message":"Invalid parameters"})
[w0:ab:pro] Saved 27,853 worker words
[w0:ab:pro] heartbeat words=27853 queue=7 rotation=47 idle=25s
[w0:ab:pro] Searching "anthropot" | queue=6 | words=27853
[w0:ab:pro] Managed Turnstile token (len=816, 14937ms, reset)
[w0:ab:pro] [api] 400 mode=pro startsWith=anthropot
[w0:ab:pro] [api] 400 mode=pro startsWith=anthropot (754ms direct)
[w0:ab:pro] Failed "anthropot" attempt 42: API 400 for "anthropot": {"message":"Invalid parameters"}
[w0:ab:pro] Deferring stuck "anthropot" to end of queue after 42 failures (API 400 for "anthropot": {"message":"Invalid parameters"})
[w0:ab:pro] Saved 27,853 worker words
[w0:ab:pro] heartbeat words=27853 queue=7 rotation=47 idle=7s
[w0:ab:pro] Tor exited code=0
[w0:ab:pro] heartbeat words=27853 queue=7 rotation=48 idle=0s
[w0:ab:pro] Starting Tor gen=50 socks=127.0.0.1:19050 (try 1)
[w0:ab:pro] tor: Aug 05 14:52:39.863 [notice] Configuration file "/opt/homebrew/etc/tor/torrc" not present, using reasonable defaults.
Aug 05 14:52:39.864 [notice] Opening Socks
[w0:ab:pro] tor: Aug 05 14:52:40.000 [notice] Bootstrapped 0% (starting): Starting
[w0:ab:pro] tor: Aug 05 14:52:41.000 [notice] Bootstrapped 5% (conn): Connecting to a relay
[w0:ab:pro] tor: Aug 05 14:52:41.000 [notice] Bootstrapped 10% (conn_done): Connected to a relay
[w0:ab:pro] tor: Aug 05 14:52:41.000 [notice] Bootstrapped 14% (handshake): Handshaking with a relay
[w0:ab:pro] tor: Aug 05 14:52:42.000 [notice] Bootstrapped 15% (handshake_done): Handshake with a relay done
[w0:ab:pro] tor: Aug 05 14:52:42.000 [notice] Bootstrapped 20% (onehop_create): Establishing an encrypted directory connection
[w0:ab:pro] tor: Aug 05 14:52:43.000 [notice] Bootstrapped 25% (requesting_status): Asking for networkstatus consensus
[w0:ab:pro] tor: Aug 05 14:52:54.000 [notice] Bootstrapped 30% (loading_status): Loading networkstatus consensus
[w0:ab:pro] tor: Aug 05 14:53:17.000 [warn] Couldn't open "/tmp/lll-tor-w0/unverified-microdesc-consensus.tmp" (/tmp/lll-tor-w0/unverified-microdesc-consensus) for writing: No s
[w0:ab:pro] tor: Aug 05 14:53:17.000 [notice] Bootstrapped 40% (loading_keys): Loading authority key certs
Aug 05 14:53:17.000 [warn] Couldn't open "/tmp/lll-tor-w0/cached-certs
[w0:ab:pro] heartbeat words=27853 queue=7 rotation=48 idle=22s
[w0:ab:pro] heartbeat words=27853 queue=7 rotation=48 idle=82s
[w0:ab:pro] heartbeat words=27853 queue=7 rotation=48 idle=142s
[w0:ab:pro] heartbeat words=27853 queue=7 rotation=48 idle=202s
[w0:ab:pro] No search progress for 180s — respawning worker
[w0:ab:pro] Saved 27,853 worker words

--- respawn 2026-08-05T19:56:48.293Z ---
[w0:ab:pro] IP mode=tor
[w0:ab:pro] Cleaned 1 old rotated profile(s)
[w0:ab:pro] Starting Tor gen=1 socks=127.0.0.1:19050 (try 1)
[w0:ab:pro] tor: Aug 05 14:56:50.513 [notice] Configuration file "/opt/homebrew/etc/tor/torrc" not present, using reasonable defaults.
Aug 05 14:56:50.514 [notice] Opening Socks
[w0:ab:pro] tor: Aug 05 14:56:51.000 [notice] Bootstrapped 0% (starting): Starting
Aug 05 14:56:51.000 [notice] Starting with guard context "default"
[w0:ab:pro] tor: Aug 05 14:56:52.000 [notice] Bootstrapped 5% (conn): Connecting to a relay
[w0:ab:pro] tor: Aug 05 14:56:52.000 [notice] Bootstrapped 10% (conn_done): Connected to a relay
[w0:ab:pro] tor: Aug 05 14:56:54.000 [notice] Bootstrapped 14% (handshake): Handshaking with a relay
[w0:ab:pro] tor: Aug 05 14:56:54.000 [notice] Bootstrapped 15% (handshake_done): Handshake with a relay done
Aug 05 14:56:54.000 [notice] Bootstrapped 20% (onehop_create): Estab
[w0:ab:pro] tor: Aug 05 14:56:54.000 [notice] Bootstrapped 25% (requesting_status): Asking for networkstatus consensus
[w0:ab:pro] tor: Aug 05 14:57:15.000 [notice] Bootstrapped 30% (loading_status): Loading networkstatus consensus
[w0:ab:pro] tor: Aug 05 14:58:44.000 [notice] Bootstrapped 40% (loading_keys): Loading authority key certs
[w0:ab:pro] tor: Aug 05 14:58:48.000 [notice] Bootstrapped 45% (requesting_descriptors): Asking for relay descriptors
Aug 05 14:58:48.000 [notice] I learned some more directory 
[w0:ab:pro] tor: Aug 05 14:58:48.000 [notice] Bootstrapped 50% (loading_descriptors): Loading relay descriptors
[w0:ab:pro] tor: Aug 05 14:58:56.000 [notice] Bootstrapped 55% (loading_descriptors): Loading relay descriptors
[w0:ab:pro] tor: Aug 05 14:58:57.000 [notice] Bootstrapped 61% (loading_descriptors): Loading relay descriptors
[w0:ab:pro] tor: Aug 05 14:58:57.000 [notice] Bootstrapped 67% (loading_descriptors): Loading relay descriptors
[w0:ab:pro] tor: Aug 05 14:58:57.000 [notice] Bootstrapped 75% (enough_dirinfo): Loaded enough directory info to build circuits
[w0:ab:pro] tor: Aug 05 14:58:58.000 [notice] Bootstrapped 90% (ap_handshake_done): Handshake finished with a relay to build circuits
Aug 05 14:58:58.000 [notice] Bootstrapped 9
[w0:ab:pro] tor: Aug 05 14:58:58.000 [notice] Bootstrapped 100% (done): Done
[w0:ab:pro] Tor ready on 19050 exit=192.42.116.66
[w0:ab:pro] Launching persistent Chrome profile /tmp/lll-pw-w0-r0
[w0:ab:pro] Proxy tor#1 socks5://127.0.0.1:19050
[w0:ab:pro] Opening https://lastletterlibrary.com
[w0:ab:pro] Library mode=pro
[w0:ab:pro] Managed Turnstile token (len=816, 7657ms, remount)
[w0:ab:pro] Search mode=direct (skip UI Wait Ns… gate)
[w0:ab:pro] Browser exit IP=192.42.116.66 (unique)
[w0:ab:pro] Loaded 3328 prefixes, 27853 words; queue=7
[w0:ab:pro] Searching "anthropot" | queue=6 | words=27853
[w0:ab:pro] [api] 400 mode=pro startsWith=anthropot
[w0:ab:pro] [api] 400 mode=pro startsWith=anthropot (537ms direct)
[w0:ab:pro] Failed "anthropot" attempt 1: API 400 for "anthropot": {"message":"Invalid parameters"}
[w0:ab:pro] Saved 27,853 worker words
[w0:ab:pro] Searching "anthropot" | queue=6 | words=27853
[w0:ab:pro] Managed Turnstile token (len=816, 6619ms, reset)
[w0:ab:pro] [api] 429 mode=pro startsWith=anthropot
[w0:ab:pro] [api] 429 mode=pro startsWith=anthropot (433ms direct)
[w0:ab:pro] Learned server gap ≈ 15500ms (wait hint 7000ms)
[w0:ab:pro] Rate limited — inline wait 7000ms then retry "anthropot"
[w0:ab:pro] Managed Turnstile token (len=816, 6236ms, reset)
[w0:ab:pro] [api] 400 mode=pro startsWith=anthropot
[w0:ab:pro] [api] 400 mode=pro startsWith=anthropot (416ms direct)
[w0:ab:pro] Failed "anthropot" attempt 2: API 400 for "anthropot": {"message":"Invalid parameters"}
[w0:ab:pro] Saved 27,853 worker words
[w0:ab:pro] Tor exited code=0
[w0:ab:pro] Starting Tor gen=2 socks=127.0.0.1:19050 (try 1)
[w0:ab:pro] tor: Aug 05 14:59:45.788 [notice] Tor 0.4.8.12 running on Darwin with Libevent 2.1.12-stable, OpenSSL 3.6.3, Zlib 1.2.12, Liblzma N/A, Libzstd N/A and Unknown N/A as
[w0:ab:pro] tor: Aug 05 14:59:46.000 [notice] Bootstrapped 0% (starting): Starting
Aug 05 14:59:46.000 [notice] Starting with guard context "default"
[w0:ab:pro] tor: Aug 05 14:59:47.000 [notice] Bootstrapped 5% (conn): Connecting to a relay
[w0:ab:pro] tor: Aug 05 14:59:47.000 [notice] Bootstrapped 10% (conn_done): Connected to a relay
[w0:ab:pro] tor: Aug 05 14:59:48.000 [notice] Bootstrapped 14% (handshake): Handshaking with a relay
[w0:ab:pro] tor: Aug 05 14:59:48.000 [notice] Bootstrapped 15% (handshake_done): Handshake with a relay done
Aug 05 14:59:48.000 [notice] Bootstrapped 20% (onehop_create): Estab
[w0:ab:pro] tor: Aug 05 14:59:49.000 [notice] Bootstrapped 25% (requesting_status): Asking for networkstatus consensus
[w0:ab:pro] tor: Aug 05 14:59:49.000 [notice] Bootstrapped 30% (loading_status): Loading networkstatus consensus
[w0:ab:pro] tor: Aug 05 14:59:50.000 [notice] Bootstrapped 40% (loading_keys): Loading authority key certs
[w0:ab:pro] tor: Aug 05 14:59:50.000 [notice] Bootstrapped 45% (requesting_descriptors): Asking for relay descriptors
Aug 05 14:59:50.000 [notice] I learned some more directory 
[w0:ab:pro] tor: Aug 05 14:59:52.000 [notice] Bootstrapped 50% (loading_descriptors): Loading relay descriptors
[w0:ab:pro] tor: Aug 05 15:00:00.000 [notice] Bootstrapped 55% (loading_descriptors): Loading relay descriptors
[w0:ab:pro] tor: Aug 05 15:00:02.000 [notice] Bootstrapped 61% (loading_descriptors): Loading relay descriptors
[w0:ab:pro] tor: Aug 05 15:00:02.000 [notice] Bootstrapped 67% (loading_descriptors): Loading relay descriptors
[w0:ab:pro] tor: Aug 05 15:00:03.000 [notice] Bootstrapped 75% (enough_dirinfo): Loaded enough directory info to build circuits
[w0:ab:pro] tor: Aug 05 15:00:04.000 [notice] Bootstrapped 90% (ap_handshake_done): Handshake finished with a relay to build circuits
Aug 05 15:00:04.000 [notice] Bootstrapped 9
[w0:ab:pro] tor: Aug 05 15:00:05.000 [notice] Bootstrapped 100% (done): Done
[w0:ab:pro] Tor ready on 19050 exit=192.42.116.143
[w0:ab:pro] Rotating IP (#1, try 1) after API 400 for "anthropot": {"message":"Invalid parameters"} → tor#2 socks5://127.0.0.1:19050
[w0:ab:pro] Launching persistent Chrome profile /tmp/lll-pw-w0-r1
[w0:ab:pro] Proxy tor#2 socks5://127.0.0.1:19050
[w0:ab:pro] Opening https://lastletterlibrary.com
[w0:ab:pro] Library mode=pro
[w0:ab:pro] heartbeat words=27853 queue=7 rotation=1 idle=5s
[w0:ab:pro] Managed Turnstile token (len=816, 8646ms, remount)
[w0:ab:pro] Search mode=direct (skip UI Wait Ns… gate)
[w0:ab:pro] Cleaned 1 old rotated profile(s)
[w0:ab:pro] Browser exit IP=192.42.116.143 (unique)
[w0:ab:pro] Searching "anthropot" | queue=6 | words=27853
[w0:ab:pro] [api] 400 mode=pro startsWith=anthropot
[w0:ab:pro] [api] 400 mode=pro startsWith=anthropot (495ms direct)
[w0:ab:pro] Failed "anthropot" attempt 3: API 400 for "anthropot": {"message":"Invalid parameters"}
[w0:ab:pro] Deferring stuck "anthropot" to end of queue after 3 failures (API 400 for "anthropot": {"message":"Invalid parameters"})
[w0:ab:pro] Saved 27,853 worker words
[w0:ab:pro] Searching "anthropot" | queue=6 | words=27853
[w0:ab:pro] Managed Turnstile token (len=816, 6412ms, reset)
[w0:ab:pro] [api] 400 mode=pro startsWith=anthropot
[w0:ab:pro] [api] 400 mode=pro startsWith=anthropot (453ms direct)
[w0:ab:pro] Failed "anthropot" attempt 4: API 400 for "anthropot": {"message":"Invalid parameters"}
[w0:ab:pro] Deferring stuck "anthropot" to end of queue after 4 failures (API 400 for "anthropot": {"message":"Invalid parameters"})
[w0:ab:pro] Saved 27,853 worker words
[w0:ab:pro] Starting Tor gen=3 socks=127.0.0.1:19050 (try 1)
[w0:ab:pro] tor: Aug 05 15:01:03.090 [notice] Tor 0.4.8.12 running on Darwin with Libevent 2.1.12-stable, OpenSSL 3.6.3, Zlib 1.2.12, Liblzma N/A, Libzstd N/A and Unknown N/A as
[w0:ab:pro] Tor exited code=0
[w0:ab:pro] tor: Aug 05 15:01:04.000 [notice] Bootstrapped 0% (starting): Starting
[w0:ab:pro] tor: Aug 05 15:01:05.000 [notice] Bootstrapped 5% (conn): Connecting to a relay
Aug 05 15:01:05.000 [notice] Bootstrapped 10% (conn_done): Connected to a relay
[w0:ab:pro] tor: Aug 05 15:01:06.000 [notice] Bootstrapped 14% (handshake): Handshaking with a relay
[w0:ab:pro] tor: Aug 05 15:01:06.000 [notice] Bootstrapped 15% (handshake_done): Handshake with a relay done
Aug 05 15:01:06.000 [notice] Bootstrapped 20% (onehop_create): Estab
[w0:ab:pro] tor: Aug 05 15:01:06.000 [notice] Bootstrapped 25% (requesting_status): Asking for networkstatus consensus
[w0:ab:pro] tor: Aug 05 15:01:07.000 [notice] Bootstrapped 30% (loading_status): Loading networkstatus consensus
[w0:ab:pro] tor: Aug 05 15:01:08.000 [notice] Bootstrapped 40% (loading_keys): Loading authority key certs
[w0:ab:pro] tor: Aug 05 15:01:08.000 [notice] Bootstrapped 45% (requesting_descriptors): Asking for relay descriptors
Aug 05 15:01:08.000 [notice] I learned some more directory 
[w0:ab:pro] tor: Aug 05 15:01:10.000 [notice] Bootstrapped 50% (loading_descriptors): Loading relay descriptors
[w0:ab:pro] tor: Aug 05 15:01:18.000 [notice] Bootstrapped 55% (loading_descriptors): Loading relay descriptors
[w0:ab:pro] tor: Aug 05 15:01:20.000 [notice] Bootstrapped 61% (loading_descriptors): Loading relay descriptors
[w0:ab:pro] tor: Aug 05 15:01:20.000 [notice] Bootstrapped 67% (loading_descriptors): Loading relay descriptors
[w0:ab:pro] tor: Aug 05 15:01:21.000 [notice] Bootstrapped 75% (enough_dirinfo): Loaded enough directory info to build circuits
[w0:ab:pro] tor: Aug 05 15:01:21.000 [notice] Bootstrapped 90% (ap_handshake_done): Handshake finished with a relay to build circuits
Aug 05 15:01:21.000 [notice] Bootstrapped 9
[w0:ab:pro] heartbeat words=27853 queue=7 rotation=2 idle=1s
[w0:ab:pro] tor: Aug 05 15:01:22.000 [notice] Bootstrapped 100% (done): Done
[w0:ab:pro] Tor ready on 19050 exit=193.189.100.206
[w0:ab:pro] Rotating IP (#2, try 1) after API 400 for "anthropot": {"message":"Invalid parameters"} → tor#3 socks5://127.0.0.1:19050
[w0:ab:pro] Launching persistent Chrome profile /tmp/lll-pw-w0-r2
[w0:ab:pro] Proxy tor#3 socks5://127.0.0.1:19050
[w0:ab:pro] Opening https://lastletterlibrary.com
[w0:ab:pro] Library mode=pro
[w0:ab:pro] Managed Turnstile token (len=816, 8410ms, remount)
[w0:ab:pro] Search mode=direct (skip UI Wait Ns… gate)
[w0:ab:pro] Cleaned 1 old rotated profile(s)
[w0:ab:pro] Browser exit IP=193.189.100.206 (unique)
[w0:ab:pro] Searching "anthropot" | queue=6 | words=27853
[w0:ab:pro] [api] 400 mode=pro startsWith=anthropot
[w0:ab:pro] [api] 400 mode=pro startsWith=anthropot (773ms direct)
[w0:ab:pro] Failed "anthropot" attempt 5: API 400 for "anthropot": {"message":"Invalid parameters"}
[w0:ab:pro] Deferring stuck "anthropot" to end of queue after 5 failures (API 400 for "anthropot": {"message":"Invalid parameters"})
[w0:ab:pro] Saved 27,853 worker words
[w0:ab:pro] Searching "anthropot" | queue=6 | words=27853
[w0:ab:pro] heartbeat words=27853 queue=6 rotation=2 idle=4s
[w0:ab:pro] Managed Turnstile token (len=816, 6453ms, reset)
[w0:ab:pro] [api] 400 mode=pro startsWith=anthropot
[w0:ab:pro] [api] 400 mode=pro startsWith=anthropot (544ms direct)
[w0:ab:pro] Failed "anthropot" attempt 6: API 400 for "anthropot": {"message":"Invalid parameters"}
[w0:ab:pro] Deferring stuck "anthropot" to end of queue after 6 failures (API 400 for "anthropot": {"message":"Invalid parameters"})
[w0:ab:pro] Saved 27,853 worker words
[w0:ab:pro] heartbeat words=27853 queue=7 rotation=2 idle=57s
[w0:ab:pro] Tor exited code=0
[w0:ab:pro] Starting Tor gen=4 socks=127.0.0.1:19050 (try 1)
[w0:ab:pro] tor: Aug 05 15:03:26.046 [notice] Opened Socks listener connection (ready) on 127.0.0.1:19050
Aug 05 15:03:26.046 [warn] Fixing permissions on directory /tmp/lll-tor
[w0:ab:pro] tor: Aug 05 15:03:26.000 [notice] Bootstrapped 0% (starting): Starting
[w0:ab:pro] tor: Aug 05 15:03:27.000 [notice] Bootstrapped 5% (conn): Connecting to a relay
[w0:ab:pro] tor: Aug 05 15:03:27.000 [notice] Bootstrapped 10% (conn_done): Connected to a relay
[w0:ab:pro] tor: Aug 05 15:03:33.000 [notice] Bootstrapped 14% (handshake): Handshaking with a relay
[w0:ab:pro] tor: Aug 05 15:03:33.000 [notice] Bootstrapped 15% (handshake_done): Handshake with a relay done
Aug 05 15:03:33.000 [notice] Bootstrapped 20% (onehop_create): Estab
[w0:ab:pro] tor: Aug 05 15:03:33.000 [notice] Bootstrapped 25% (requesting_status): Asking for networkstatus consensus
[w0:ab:pro] tor: Aug 05 15:03:33.000 [notice] Bootstrapped 30% (loading_status): Loading networkstatus consensus
[w0:ab:pro] tor: Aug 05 15:03:34.000 [notice] Bootstrapped 40% (loading_keys): Loading authority key certs
[w0:ab:pro] tor: Aug 05 15:03:34.000 [notice] Bootstrapped 45% (requesting_descriptors): Asking for relay descriptors
[w0:ab:pro] tor: Aug 05 15:03:35.000 [notice] Bootstrapped 50% (loading_descriptors): Loading relay descriptors
[w0:ab:pro] tor: Aug 05 15:03:42.000 [notice] Bootstrapped 55% (loading_descriptors): Loading relay descriptors
[w0:ab:pro] tor: Aug 05 15:03:43.000 [notice] Bootstrapped 61% (loading_descriptors): Loading relay descriptors
[w0:ab:pro] tor: Aug 05 15:03:43.000 [notice] Bootstrapped 67% (loading_descriptors): Loading relay descriptors
[w0:ab:pro] tor: Aug 05 15:03:43.000 [notice] Bootstrapped 75% (enough_dirinfo): Loaded enough directory info to build circuits
[w0:ab:pro] tor: Aug 05 15:03:44.000 [notice] Bootstrapped 90% (ap_handshake_done): Handshake finished with a relay to build circuits
Aug 05 15:03:44.000 [notice] Bootstrapped 9
[w0:ab:pro] tor: Aug 05 15:03:45.000 [notice] Bootstrapped 100% (done): Done
[w0:ab:pro] Tor ready on 19050 exit=109.70.100.4
[w0:ab:pro] Rotating IP (#3, try 1) after API 400 for "anthropot": {"message":"Invalid parameters"} → tor#4 socks5://127.0.0.1:19050
[w0:ab:pro] Launching persistent Chrome profile /tmp/lll-pw-w0-r3
[w0:ab:pro] Proxy tor#4 socks5://127.0.0.1:19050
[w0:ab:pro] Opening https://lastletterlibrary.com
[w0:ab:pro] Library mode=pro
[w0:ab:pro] Managed Turnstile token (len=816, 10901ms, remount)
[w0:ab:pro] Search mode=direct (skip UI Wait Ns… gate)
[w0:ab:pro] Cleaned 1 old rotated profile(s)
[w0:ab:pro] Browser exit IP=109.70.100.4 (unique)
[w0:ab:pro] Searching "anthropot" | queue=6 | words=27853
[w0:ab:pro] [api] 400 mode=pro startsWith=anthropot
[w0:ab:pro] [api] 400 mode=pro startsWith=anthropot (636ms direct)
[w0:ab:pro] Failed "anthropot" attempt 7: API 400 for "anthropot": {"message":"Invalid parameters"}
[w0:ab:pro] Deferring stuck "anthropot" to end of queue after 7 failures (API 400 for "anthropot": {"message":"Invalid parameters"})
[w0:ab:pro] Saved 27,853 worker words
[w0:ab:pro] heartbeat words=27853 queue=7 rotation=3 idle=11s
[w0:ab:pro] Searching "anthropot" | queue=6 | words=27853
[w0:ab:pro] heartbeat words=27853 queue=6 rotation=3 idle=10s
[w0:ab:pro] Managed Turnstile token (len=816, 12537ms, reset)
[w0:ab:pro] [api] 400 mode=pro startsWith=anthropot
[w0:ab:pro] [api] 400 mode=pro startsWith=anthropot (468ms direct)
[w0:ab:pro] Failed "anthropot" attempt 8: API 400 for "anthropot": {"message":"Invalid parameters"}
[w0:ab:pro] Deferring stuck "anthropot" to end of queue after 8 failures (API 400 for "anthropot": {"message":"Invalid parameters"})
[w0:ab:pro] Saved 27,853 worker words; shared last.txt now 348,692
[w0:ab:pro] heartbeat words=27853 queue=7 rotation=3 idle=56s
[w0:ab:pro] Tor exited code=0
[w0:ab:pro] Starting Tor gen=5 socks=127.0.0.1:19050 (try 1)
[w0:ab:pro] tor: Aug 05 15:06:26.769 [warn] Fixing permissions on directory /tmp/lll-tor-w0
[w0:ab:pro] tor: Aug 05 15:06:26.000 [notice] Bootstrapped 0% (starting): Starting
[w0:ab:pro] tor: Aug 05 15:06:27.000 [notice] Bootstrapped 5% (conn): Connecting to a relay
[w0:ab:pro] tor: Aug 05 15:06:27.000 [notice] Bootstrapped 10% (conn_done): Connected to a relay
[w0:ab:pro] tor: Aug 05 15:06:29.000 [notice] Bootstrapped 14% (handshake): Handshaking with a relay
[w0:ab:pro] tor: Aug 05 15:06:29.000 [notice] Bootstrapped 15% (handshake_done): Handshake with a relay done
Aug 05 15:06:29.000 [notice] Bootstrapped 20% (onehop_create): Estab
[w0:ab:pro] tor: Aug 05 15:06:29.000 [notice] Bootstrapped 25% (requesting_status): Asking for networkstatus consensus
[w0:ab:pro] tor: Aug 05 15:06:29.000 [notice] Bootstrapped 30% (loading_status): Loading networkstatus consensus
[w0:ab:pro] tor: Aug 05 15:06:30.000 [notice] Bootstrapped 40% (loading_keys): Loading authority key certs
[w0:ab:pro] tor: Aug 05 15:06:30.000 [notice] Bootstrapped 45% (requesting_descriptors): Asking for relay descriptors
Aug 05 15:06:30.000 [notice] I learned some more directory 
[w0:ab:pro] tor: Aug 05 15:06:31.000 [notice] Bootstrapped 50% (loading_descriptors): Loading relay descriptors
[w0:ab:pro] tor: Aug 05 15:06:39.000 [notice] Bootstrapped 55% (loading_descriptors): Loading relay descriptors
[w0:ab:pro] tor: Aug 05 15:06:50.000 [notice] Bootstrapped 61% (loading_descriptors): Loading relay descriptors
[w0:ab:pro] tor: Aug 05 15:06:50.000 [notice] Bootstrapped 67% (loading_descriptors): Loading relay descriptors
[w0:ab:pro] tor: Aug 05 15:06:50.000 [notice] Bootstrapped 75% (enough_dirinfo): Loaded enough directory info to build circuits
[w0:ab:pro] tor: Aug 05 15:06:51.000 [notice] Bootstrapped 90% (ap_handshake_done): Handshake finished with a relay to build circuits
Aug 05 15:06:51.000 [notice] Bootstrapped 9
[w0:ab:pro] tor: Aug 05 15:06:51.000 [notice] Bootstrapped 100% (done): Done
[w0:ab:pro] Tor ready on 19050 exit=192.42.116.15
[w0:ab:pro] Rotating IP (#4, try 1) after API 400 for "anthropot": {"message":"Invalid parameters"} → tor#5 socks5://127.0.0.1:19050
[w0:ab:pro] Launching persistent Chrome profile /tmp/lll-pw-w0-r4
[w0:ab:pro] Proxy tor#5 socks5://127.0.0.1:19050
[w0:ab:pro] Opening https://lastletterlibrary.com
[w0:ab:pro] Library mode=pro
[w0:ab:pro] Managed Turnstile token (len=816, 5669ms, remount)
[w0:ab:pro] Search mode=direct (skip UI Wait Ns… gate)
[w0:ab:pro] Cleaned 1 old rotated profile(s)
[w0:ab:pro] Browser exit IP=192.42.116.15 (unique)
[w0:ab:pro] Searching "anthropot" | queue=6 | words=27853
[w0:ab:pro] [api] 429 mode=pro startsWith=anthropot
[w0:ab:pro] [api] 429 mode=pro startsWith=anthropot (383ms direct)
[w0:ab:pro] Learned server gap ≈ 15500ms (wait hint 12000ms)
[w0:ab:pro] Rate limited — inline wait 12000ms then retry "anthropot"
[w0:ab:pro] Managed Turnstile token (len=816, 7080ms, reset)
[w0:ab:pro] [api] 429 mode=pro startsWith=anthropot
[w0:ab:pro] [api] 429 mode=pro startsWith=anthropot (441ms direct)
[w0:ab:pro] Learned server gap ≈ 16909ms (wait hint 16000ms)
[w0:ab:pro] Failed "anthropot" attempt 9: API 429 for "anthropot": wait 15s — {"message":"Too many requests. Please wait 15 seconds."}
[w0:ab:pro] Deferring stuck "anthropot" to end of queue after 9 failures (API 429 for "anthropot": wait 15s — {"message":"Too many req)
[w0:ab:pro] Saved 27,853 worker words
[w0:ab:pro] Rate limited — waiting 16000 ms before retry
[w0:ab:pro] heartbeat words=27853 queue=7 rotation=4 idle=1s
[w0:ab:pro] Managed Turnstile token (len=816, 5852ms, reset)
[w0:ab:pro] Searching "anthropot" | queue=6 | words=27853
[w0:ab:pro] [api] 429 mode=pro startsWith=anthropot
[w0:ab:pro] [api] 429 mode=pro startsWith=anthropot (515ms direct)
[w0:ab:pro] Learned server gap ≈ 16909ms (wait hint 15000ms)
[w0:ab:pro] Rate limited — inline wait 15000ms then retry "anthropot"
[w0:ab:pro] Managed Turnstile token (len=816, 6246ms, reset)
[w0:ab:pro] [api] 400 mode=pro startsWith=anthropot
[w0:ab:pro] [api] 400 mode=pro startsWith=anthropot (561ms direct)
[w0:ab:pro] Failed "anthropot" attempt 9: API 400 for "anthropot": {"message":"Invalid parameters"}
[w0:ab:pro] Deferring stuck "anthropot" to end of queue after 9 failures (API 400 for "anthropot": {"message":"Invalid parameters"})
[w0:ab:pro] Saved 27,853 worker words
[w0:ab:pro] heartbeat words=27853 queue=7 rotation=4 idle=29s
[w0:ab:pro] Searching "anthropot" | queue=6 | words=27853
[w0:ab:pro] Managed Turnstile token (len=816, 13653ms, reset)
[w0:ab:pro] [api] 400 mode=pro startsWith=anthropot
[w0:ab:pro] [api] 400 mode=pro startsWith=anthropot (519ms direct)
[w0:ab:pro] Failed "anthropot" attempt 10: API 400 for "anthropot": {"message":"Invalid parameters"}
[w0:ab:pro] Deferring stuck "anthropot" to end of queue after 10 failures (API 400 for "anthropot": {"message":"Invalid parameters"})
[w0:ab:pro] Saved 27,853 worker words
[w0:ab:pro] heartbeat words=27853 queue=7 rotation=4 idle=14s
[w0:ab:pro] Tor exited code=0
[w0:ab:pro] Starting Tor gen=6 socks=127.0.0.1:19050 (try 1)
[w0:ab:pro] tor: Aug 05 15:10:10.241 [warn] Fixing permissions on directory /tmp/lll-tor-w0
[w0:ab:pro] tor: Aug 05 15:10:10.000 [notice] Bootstrapped 0% (starting): Starting
[w0:ab:pro] tor: Aug 05 15:10:11.000 [notice] Bootstrapped 5% (conn): Connecting to a relay
[w0:ab:pro] tor: Aug 05 15:10:11.000 [notice] Bootstrapped 10% (conn_done): Connected to a relay
[w0:ab:pro] tor: Aug 05 15:10:14.000 [notice] Bootstrapped 14% (handshake): Handshaking with a relay
[w0:ab:pro] tor: Aug 05 15:10:14.000 [notice] Bootstrapped 15% (handshake_done): Handshake with a relay done
Aug 05 15:10:14.000 [notice] Bootstrapped 20% (onehop_create): Estab
[w0:ab:pro] tor: Aug 05 15:10:14.000 [notice] Bootstrapped 25% (requesting_status): Asking for networkstatus consensus
[w0:ab:pro] tor: Aug 05 15:10:15.000 [notice] Bootstrapped 30% (loading_status): Loading networkstatus consensus
[w0:ab:pro] tor: Aug 05 15:10:16.000 [notice] Bootstrapped 40% (loading_keys): Loading authority key certs
[w0:ab:pro] tor: Aug 05 15:10:17.000 [notice] Bootstrapped 45% (requesting_descriptors): Asking for relay descriptors
Aug 05 15:10:17.000 [notice] I learned some more directory 
[w0:ab:pro] tor: Aug 05 15:10:18.000 [notice] Bootstrapped 50% (loading_descriptors): Loading relay descriptors
[w0:ab:pro] heartbeat words=27853 queue=7 rotation=5 idle=4s
[w0:ab:pro] tor: Aug 05 15:10:37.000 [notice] Bootstrapped 55% (loading_descriptors): Loading relay descriptors
[w0:ab:pro] tor: Aug 05 15:10:37.000 [notice] Bootstrapped 61% (loading_descriptors): Loading relay descriptors
[w0:ab:pro] tor: Aug 05 15:10:37.000 [notice] Bootstrapped 67% (loading_descriptors): Loading relay descriptors
[w0:ab:pro] tor: Aug 05 15:10:37.000 [notice] Bootstrapped 75% (enough_dirinfo): Loaded enough directory info to build circuits
[w0:ab:pro] tor: Aug 05 15:10:37.000 [notice] Bootstrapped 90% (ap_handshake_done): Handshake finished with a relay to build circuits
Aug 05 15:10:37.000 [notice] Bootstrapped 9
[w0:ab:pro] tor: Aug 05 15:10:38.000 [notice] Bootstrapped 100% (done): Done
[w0:ab:pro] Tor ready on 19050 exit=51.15.59.15
[w0:ab:pro] Rotating IP (#5, try 1) after API 400 for "anthropot": {"message":"Invalid parameters"} → tor#6 socks5://127.0.0.1:19050
[w0:ab:pro] Launching persistent Chrome profile /tmp/lll-pw-w0-r5
[w0:ab:pro] Proxy tor#6 socks5://127.0.0.1:19050
[w0:ab:pro] Opening https://lastletterlibrary.com
[w0:ab:pro] Library mode=pro
[w0:ab:pro] Site Turnstile remint timed out (23200ms)
[w0:ab:pro] Search mode=direct (skip UI Wait Ns… gate)
[w0:ab:pro] Cleaned 1 old rotated profile(s)
[w0:ab:pro] Browser exit IP=51.15.59.15 (unique)
[w0:ab:pro] Searching "anthropot" | queue=6 | words=27853
[w0:ab:pro] heartbeat words=27853 queue=6 rotation=5 idle=10s
[w0:ab:pro] Site Turnstile remint timed out (22730ms)
[w0:ab:pro] Turnstile token present (len=816)
[w0:ab:pro] Site Turnstile token (20326ms)
[w0:ab:pro] [api] 400 mode=pro startsWith=anthropot
[w0:ab:pro] [api] 400 mode=pro startsWith=anthropot (544ms direct)
[w0:ab:pro] Failed "anthropot" attempt 11: API 400 for "anthropot": {"message":"Invalid parameters"}
[w0:ab:pro] Deferring stuck "anthropot" to end of queue after 11 failures (API 400 for "anthropot": {"message":"Invalid parameters"})
[w0:ab:pro] Saved 27,853 worker words
[w0:ab:pro] heartbeat words=27853 queue=7 rotation=5 idle=28s
[w0:ab:pro] Searching "anthropot" | queue=6 | words=27853
[w0:ab:pro] Site Turnstile remint timed out (22773ms)
[w0:ab:pro] heartbeat words=27853 queue=6 rotation=5 idle=5s
[w0:ab:pro] Site Turnstile remint timed out (24502ms)
[w0:ab:pro] Turnstile token present (len=837)
[w0:ab:pro] Site Turnstile token (21087ms)
[w0:ab:pro] [api] 400 mode=pro startsWith=anthropot
[w0:ab:pro] [api] 400 mode=pro startsWith=anthropot (661ms direct)
[w0:ab:pro] Failed "anthropot" attempt 12: API 400 for "anthropot": {"message":"Invalid parameters"}
[w0:ab:pro] Deferring stuck "anthropot" to end of queue after 12 failures (API 400 for "anthropot": {"message":"Invalid parameters"})
[w0:ab:pro] Saved 27,853 worker words
[w0:ab:pro] heartbeat words=27853 queue=7 rotation=5 idle=18s
[w0:ab:pro] Tor exited code=0
[w0:ab:pro] Starting Tor gen=7 socks=127.0.0.1:19050 (try 1)
[w0:ab:pro] tor: Aug 05 15:15:05.181 [warn] Fixing permissions on directory /tmp/lll-tor-w0
[w0:ab:pro] tor: Aug 05 15:15:05.000 [notice] Bootstrapped 0% (starting): Starting
[w0:ab:pro] tor: Aug 05 15:15:06.000 [notice] Bootstrapped 5% (conn): Connecting to a relay
[w0:ab:pro] tor: Aug 05 15:15:06.000 [notice] Bootstrapped 10% (conn_done): Connected to a relay
[w0:ab:pro] tor: Aug 05 15:15:08.000 [notice] Bootstrapped 14% (handshake): Handshaking with a relay
[w0:ab:pro] tor: Aug 05 15:15:08.000 [notice] Bootstrapped 15% (handshake_done): Handshake with a relay done
[w0:ab:pro] tor: Aug 05 15:15:08.000 [notice] Bootstrapped 20% (onehop_create): Establishing an encrypted directory connection
[w0:ab:pro] tor: Aug 05 15:15:08.000 [notice] Bootstrapped 25% (requesting_status): Asking for networkstatus consensus
[w0:ab:pro] tor: Aug 05 15:15:08.000 [notice] Bootstrapped 30% (loading_status): Loading networkstatus consensus
[w0:ab:pro] tor: Aug 05 15:15:09.000 [notice] Bootstrapped 40% (loading_keys): Loading authority key certs
[w0:ab:pro] tor: Aug 05 15:15:09.000 [notice] Bootstrapped 45% (requesting_descriptors): Asking for relay descriptors
Aug 05 15:15:09.000 [notice] I learned some more directory 
[w0:ab:pro] tor: Aug 05 15:15:10.000 [notice] Bootstrapped 50% (loading_descriptors): Loading relay descriptors
[w0:ab:pro] tor: Aug 05 15:15:14.000 [notice] Bootstrapped 55% (loading_descriptors): Loading relay descriptors
[w0:ab:pro] tor: Aug 05 15:15:16.000 [notice] Bootstrapped 61% (loading_descriptors): Loading relay descriptors
[w0:ab:pro] tor: Aug 05 15:15:17.000 [notice] Bootstrapped 67% (loading_descriptors): Loading relay descriptors
[w0:ab:pro] tor: Aug 05 15:15:17.000 [notice] Bootstrapped 75% (enough_dirinfo): Loaded enough directory info to build circuits
[w0:ab:pro] tor: Aug 05 15:15:17.000 [notice] Bootstrapped 90% (ap_handshake_done): Handshake finished with a relay to build circuits
Aug 05 15:15:17.000 [notice] Bootstrapped 9
[w0:ab:pro] tor: Aug 05 15:15:18.000 [notice] Bootstrapped 100% (done): Done
[w0:ab:pro] Tor ready on 19050 exit=192.42.116.17
[w0:ab:pro] Rotating IP (#6, try 1) after API 400 for "anthropot": {"message":"Invalid parameters"} → tor#7 socks5://127.0.0.1:19050
[w0:ab:pro] Launching persistent Chrome profile /tmp/lll-pw-w0-r6
[w0:ab:pro] Proxy tor#7 socks5://127.0.0.1:19050
[w0:ab:pro] Opening https://lastletterlibrary.com
[w0:ab:pro] heartbeat words=27853 queue=7 rotation=6 idle=1s
[w0:ab:pro] Library mode=pro
[w0:ab:pro] Managed Turnstile token (len=816, 4808ms, remount)
[w0:ab:pro] Search mode=direct (skip UI Wait Ns… gate)
[w0:ab:pro] Cleaned 1 old rotated profile(s)
[w0:ab:pro] Browser exit IP=192.42.116.17 (unique)
[w0:ab:pro] Searching "anthropot" | queue=6 | words=27853
[w0:ab:pro] [api] 400 mode=pro startsWith=anthropot
[w0:ab:pro] [api] 400 mode=pro startsWith=anthropot (674ms direct)
[w0:ab:pro] Failed "anthropot" attempt 13: API 400 for "anthropot": {"message":"Invalid parameters"}
[w0:ab:pro] Deferring stuck "anthropot" to end of queue after 13 failures (API 400 for "anthropot": {"message":"Invalid parameters"})
[w0:ab:pro] Saved 27,853 worker words
[w0:ab:pro] heartbeat words=27853 queue=7 rotation=6 idle=50s
[w0:ab:pro] Searching "anthropot" | queue=6 | words=27853
[w0:ab:pro] Managed Turnstile token (len=816, 3470ms, reset)
[w0:ab:pro] [api] 400 mode=pro startsWith=anthropot
[w0:ab:pro] [api] 400 mode=pro startsWith=anthropot (425ms direct)
[w0:ab:pro] Failed "anthropot" attempt 14: API 400 for "anthropot": {"message":"Invalid parameters"}
[w0:ab:pro] Deferring stuck "anthropot" to end of queue after 14 failures (API 400 for "anthropot": {"message":"Invalid parameters"})
[w0:ab:pro] Saved 27,853 worker words
[w0:ab:pro] heartbeat words=27853 queue=7 rotation=6 idle=46s
[w0:ab:pro] Tor exited code=0
[w0:ab:pro] Starting Tor gen=8 socks=127.0.0.1:19050 (try 1)
[w0:ab:pro] tor: Aug 05 15:17:37.644 [warn] Fixing permissions on directory /tmp/lll-tor-w0
[w0:ab:pro] tor: Aug 05 15:17:37.000 [notice] Bootstrapped 0% (starting): Starting
[w0:ab:pro] tor: Aug 05 15:17:38.000 [notice] Bootstrapped 5% (conn): Connecting to a relay
[w0:ab:pro] tor: Aug 05 15:17:38.000 [notice] Bootstrapped 10% (conn_done): Connected to a relay
[w0:ab:pro] tor: Aug 05 15:17:42.000 [notice] Bootstrapped 14% (handshake): Handshaking with a relay
[w0:ab:pro] tor: Aug 05 15:17:42.000 [notice] Bootstrapped 15% (handshake_done): Handshake with a relay done
Aug 05 15:17:42.000 [notice] Bootstrapped 20% (onehop_create): Estab
[w0:ab:pro] tor: Aug 05 15:17:42.000 [notice] Bootstrapped 25% (requesting_status): Asking for networkstatus consensus
[w0:ab:pro] tor: Aug 05 15:17:42.000 [notice] Bootstrapped 30% (loading_status): Loading networkstatus consensus
[w0:ab:pro] tor: Aug 05 15:17:43.000 [notice] Bootstrapped 40% (loading_keys): Loading authority key certs
[w0:ab:pro] tor: Aug 05 15:17:44.000 [notice] Bootstrapped 45% (requesting_descriptors): Asking for relay descriptors
Aug 05 15:17:44.000 [notice] I learned some more directory 
[w0:ab:pro] tor: Aug 05 15:17:45.000 [notice] Bootstrapped 50% (loading_descriptors): Loading relay descriptors
[w0:ab:pro] tor: Aug 05 15:17:52.000 [notice] Bootstrapped 55% (loading_descriptors): Loading relay descriptors
[w0:ab:pro] tor: Aug 05 15:17:52.000 [notice] Bootstrapped 61% (loading_descriptors): Loading relay descriptors
[w0:ab:pro] tor: Aug 05 15:17:52.000 [notice] Bootstrapped 67% (loading_descriptors): Loading relay descriptors
[w0:ab:pro] tor: Aug 05 15:17:53.000 [notice] Bootstrapped 75% (enough_dirinfo): Loaded enough directory info to build circuits
[w0:ab:pro] tor: Aug 05 15:17:54.000 [notice] Bootstrapped 90% (ap_handshake_done): Handshake finished with a relay to build circuits
Aug 05 15:17:54.000 [notice] Bootstrapped 9
[w0:ab:pro] tor: Aug 05 15:17:54.000 [notice] Bootstrapped 100% (done): Done
[w0:ab:pro] Tor ready on 19050 exit=64.190.76.4
[w0:ab:pro] Rotating IP (#7, try 1) after API 400 for "anthropot": {"message":"Invalid parameters"} → tor#8 socks5://127.0.0.1:19050
[w0:ab:pro] Launching persistent Chrome profile /tmp/lll-pw-w0-r7
[w0:ab:pro] Proxy tor#8 socks5://127.0.0.1:19050
[w0:ab:pro] Opening https://lastletterlibrary.com
[w0:ab:pro] Library mode=pro
[w0:ab:pro] Managed Turnstile token (len=816, 5538ms, remount)
[w0:ab:pro] Search mode=direct (skip UI Wait Ns… gate)
[w0:ab:pro] Cleaned 1 old rotated profile(s)
[w0:ab:pro] Browser exit IP=64.190.76.4 (unique)
[w0:ab:pro] Searching "anthropot" | queue=6 | words=27853
[w0:ab:pro] [api] 400 mode=pro startsWith=anthropot
[w0:ab:pro] [api] 400 mode=pro startsWith=anthropot (439ms direct)
[w0:ab:pro] Failed "anthropot" attempt 15: API 400 for "anthropot": {"message":"Invalid parameters"}
[w0:ab:pro] Deferring stuck "anthropot" to end of queue after 15 failures (API 400 for "anthropot": {"message":"Invalid parameters"})
[w0:ab:pro] Saved 27,853 worker words; shared last.txt now 350,555
[w0:ab:pro] heartbeat words=27853 queue=7 rotation=7 idle=10s
[w0:ab:pro] Searching "anthropot" | queue=6 | words=27853
[w0:ab:pro] Managed Turnstile token (len=816, 3380ms, reset)
[w0:ab:pro] [api] 400 mode=pro startsWith=anthropot
[w0:ab:pro] [api] 400 mode=pro startsWith=anthropot (448ms direct)
[w0:ab:pro] Failed "anthropot" attempt 16: API 400 for "anthropot": {"message":"Invalid parameters"}
[w0:ab:pro] Deferring stuck "anthropot" to end of queue after 16 failures (API 400 for "anthropot": {"message":"Invalid parameters"})
[w0:ab:pro] Saved 27,853 worker words
[w0:ab:pro] heartbeat words=27853 queue=7 rotation=7 idle=6s
[w0:ab:pro] Tor exited code=0
[w0:ab:pro] Starting Tor gen=9 socks=127.0.0.1:19050 (try 1)
[w0:ab:pro] tor: Aug 05 15:20:17.121 [warn] Fixing permissions on directory /tmp/lll-tor-w0
[w0:ab:pro] tor: Aug 05 15:20:17.000 [notice] Bootstrapped 0% (starting): Starting
[w0:ab:pro] tor: Aug 05 15:20:18.000 [notice] Bootstrapped 5% (conn): Connecting to a relay
[w0:ab:pro] tor: Aug 05 15:20:18.000 [notice] Bootstrapped 10% (conn_done): Connected to a relay
[w0:ab:pro] tor: Aug 05 15:20:20.000 [notice] Bootstrapped 14% (handshake): Handshaking with a relay
[w0:ab:pro] tor: Aug 05 15:20:21.000 [notice] Bootstrapped 15% (handshake_done): Handshake with a relay done
Aug 05 15:20:21.000 [notice] Bootstrapped 20% (onehop_create): Estab
[w0:ab:pro] tor: Aug 05 15:20:21.000 [notice] Bootstrapped 25% (requesting_status): Asking for networkstatus consensus
[w0:ab:pro] tor: Aug 05 15:20:21.000 [notice] Bootstrapped 30% (loading_status): Loading networkstatus consensus
[w0:ab:pro] heartbeat words=27853 queue=7 rotation=8 idle=1s
[w0:ab:pro] tor: Aug 05 15:20:23.000 [notice] Bootstrapped 40% (loading_keys): Loading authority key certs
[w0:ab:pro] tor: Aug 05 15:20:23.000 [notice] Bootstrapped 45% (requesting_descriptors): Asking for relay descriptors
Aug 05 15:20:23.000 [notice] I learned some more directory 
[w0:ab:pro] tor: Aug 05 15:20:24.000 [notice] Bootstrapped 50% (loading_descriptors): Loading relay descriptors
[w0:ab:pro] tor: Aug 05 15:20:32.000 [notice] Bootstrapped 55% (loading_descriptors): Loading relay descriptors
[w0:ab:pro] tor: Aug 05 15:20:34.000 [notice] Bootstrapped 61% (loading_descriptors): Loading relay descriptors
[w0:ab:pro] tor: Aug 05 15:20:34.000 [notice] Bootstrapped 67% (loading_descriptors): Loading relay descriptors
[w0:ab:pro] tor: Aug 05 15:20:34.000 [notice] Bootstrapped 75% (enough_dirinfo): Loaded enough directory info to build circuits
[w0:ab:pro] tor: Aug 05 15:20:35.000 [notice] Bootstrapped 90% (ap_handshake_done): Handshake finished with a relay to build circuits
Aug 05 15:20:35.000 [notice] Bootstrapped 9
[w0:ab:pro] tor: Aug 05 15:20:36.000 [notice] Bootstrapped 100% (done): Done
[w0:ab:pro] Tor ready on 19050 exit=192.42.116.14
[w0:ab:pro] Rotating IP (#8, try 1) after API 400 for "anthropot": {"message":"Invalid parameters"} → tor#9 socks5://127.0.0.1:19050
[w0:ab:pro] Launching persistent Chrome profile /tmp/lll-pw-w0-r8
[w0:ab:pro] Proxy tor#9 socks5://127.0.0.1:19050
[w0:ab:pro] Opening https://lastletterlibrary.com
[w0:ab:pro] Library mode=pro
[w0:ab:pro] Managed Turnstile token (len=816, 5466ms, remount)
[w0:ab:pro] Search mode=direct (skip UI Wait Ns… gate)
[w0:ab:pro] Cleaned 1 old rotated profile(s)
[w0:ab:pro] Browser exit IP=192.42.116.14 (unique)
[w0:ab:pro] Searching "anthropot" | queue=6 | words=27853
[w0:ab:pro] [api] 400 mode=pro startsWith=anthropot
[w0:ab:pro] [api] 400 mode=pro startsWith=anthropot (548ms direct)
[w0:ab:pro] Failed "anthropot" attempt 17: API 400 for "anthropot": {"message":"Invalid parameters"}
[w0:ab:pro] Deferring stuck "anthropot" to end of queue after 17 failures (API 400 for "anthropot": {"message":"Invalid parameters"})
[w0:ab:pro] Saved 27,853 worker words
[w0:ab:pro] heartbeat words=27853 queue=7 rotation=8 idle=30s
[w0:ab:pro] Searching "anthropot" | queue=6 | words=27853
[w0:ab:pro] Managed Turnstile token (len=816, 5446ms, reset)
[w0:ab:pro] [api] 400 mode=pro startsWith=anthropot
[w0:ab:pro] [api] 400 mode=pro startsWith=anthropot (473ms direct)
[w0:ab:pro] Failed "anthropot" attempt 18: API 400 for "anthropot": {"message":"Invalid parameters"}
[w0:ab:pro] Deferring stuck "anthropot" to end of queue after 18 failures (API 400 for "anthropot": {"message":"Invalid parameters"})
[w0:ab:pro] Saved 27,853 worker words
[w0:ab:pro] heartbeat words=27853 queue=7 rotation=8 idle=24s
[w0:ab:pro] Tor exited code=0
[w0:ab:pro] Starting Tor gen=10 socks=127.0.0.1:19050 (try 1)
[w0:ab:pro] tor: Aug 05 15:22:59.838 [warn] Fixing permissions on directory /tmp/lll-tor-w0
[w0:ab:pro] tor: Aug 05 15:23:00.000 [notice] Bootstrapped 0% (starting): Starting
[w0:ab:pro] tor: Aug 05 15:23:01.000 [notice] Bootstrapped 5% (conn): Connecting to a relay
[w0:ab:pro] tor: Aug 05 15:23:01.000 [notice] Bootstrapped 10% (conn_done): Connected to a relay
[w0:ab:pro] tor: Aug 05 15:23:02.000 [notice] Bootstrapped 14% (handshake): Handshaking with a relay
[w0:ab:pro] tor: Aug 05 15:23:02.000 [notice] Bootstrapped 15% (handshake_done): Handshake with a relay done
Aug 05 15:23:02.000 [notice] Bootstrapped 20% (onehop_create): Estab
[w0:ab:pro] tor: Aug 05 15:23:02.000 [notice] Bootstrapped 25% (requesting_status): Asking for networkstatus consensus
[w0:ab:pro] tor: Aug 05 15:23:02.000 [notice] Bootstrapped 30% (loading_status): Loading networkstatus consensus
[w0:ab:pro] tor: Aug 05 15:23:03.000 [notice] Bootstrapped 40% (loading_keys): Loading authority key certs
[w0:ab:pro] tor: Aug 05 15:23:03.000 [notice] Bootstrapped 45% (requesting_descriptors): Asking for relay descriptors
Aug 05 15:23:03.000 [notice] I learned some more directory 
[w0:ab:pro] tor: Aug 05 15:23:04.000 [notice] Bootstrapped 50% (loading_descriptors): Loading relay descriptors
[w0:ab:pro] tor: Aug 05 15:23:12.000 [notice] Bootstrapped 55% (loading_descriptors): Loading relay descriptors
[w0:ab:pro] tor: Aug 05 15:23:13.000 [notice] Bootstrapped 61% (loading_descriptors): Loading relay descriptors
[w0:ab:pro] tor: Aug 05 15:23:13.000 [notice] Bootstrapped 67% (loading_descriptors): Loading relay descriptors
[w0:ab:pro] tor: Aug 05 15:23:13.000 [notice] Bootstrapped 75% (enough_dirinfo): Loaded enough directory info to build circuits
[w0:ab:pro] tor: Aug 05 15:23:14.000 [notice] Bootstrapped 90% (ap_handshake_done): Handshake finished with a relay to build circuits
Aug 05 15:23:14.000 [notice] Bootstrapped 9
[w0:ab:pro] tor: Aug 05 15:23:14.000 [notice] Bootstrapped 100% (done): Done
[w0:ab:pro] Tor ready on 19050 exit=185.220.101.28
[w0:ab:pro] Rotating IP (#9, try 1) after API 400 for "anthropot": {"message":"Invalid parameters"} → tor#10 socks5://127.0.0.1:19050
[w0:ab:pro] Launching persistent Chrome profile /tmp/lll-pw-w0-r9
[w0:ab:pro] Proxy tor#10 socks5://127.0.0.1:19050
[w0:ab:pro] Opening https://lastletterlibrary.com
[w0:ab:pro] heartbeat words=27853 queue=7 rotation=9 idle=3s
[w0:ab:pro] Library mode=pro
[w0:ab:pro] Site Turnstile remint timed out (22437ms)
[w0:ab:pro] Search mode=direct (skip UI Wait Ns… gate)
[w0:ab:pro] Cleaned 1 old rotated profile(s)
[w0:ab:pro] Browser exit IP=45.84.107.33 (unique)
[w0:ab:pro] Searching "anthropot" | queue=6 | words=27853
[w0:ab:pro] Managed Turnstile token (len=816, 5467ms, remount)
[w0:ab:pro] [api] 400 mode=pro startsWith=anthropot
[w0:ab:pro] [api] 400 mode=pro startsWith=anthropot (451ms direct)
[w0:ab:pro] Failed "anthropot" attempt 19: API 400 for "anthropot": {"message":"Invalid parameters"}
[w0:ab:pro] Deferring stuck "anthropot" to end of queue after 19 failures (API 400 for "anthropot": {"message":"Invalid parameters"})
[w0:ab:pro] Saved 27,853 worker words
[w0:ab:pro] heartbeat words=27853 queue=7 rotation=9 idle=30s
[w0:ab:pro] Searching "anthropot" | queue=6 | words=27853
[w0:ab:pro] Managed Turnstile token (len=816, 5629ms, reset)
[w0:ab:pro] [api] 400 mode=pro startsWith=anthropot
[w0:ab:pro] [api] 400 mode=pro startsWith=anthropot (439ms direct)
[w0:ab:pro] Failed "anthropot" attempt 20: API 400 for "anthropot": {"message":"Invalid parameters"}
[w0:ab:pro] Deferring stuck "anthropot" to end of queue after 20 failures (API 400 for "anthropot": {"message":"Invalid parameters"})
[w0:ab:pro] Saved 27,853 worker words
[w0:ab:pro] heartbeat words=27853 queue=7 rotation=9 idle=23s
[w0:ab:pro] Tor exited code=0
[w0:ab:pro] Starting Tor gen=11 socks=127.0.0.1:19050 (try 1)
[w0:ab:pro] tor: Aug 05 15:26:00.682 [warn] Fixing permissions on directory /tmp/lll-tor-w0
[w0:ab:pro] tor: Aug 05 15:26:00.000 [notice] Bootstrapped 0% (starting): Starting
[w0:ab:pro] tor: Aug 05 15:26:01.000 [notice] Bootstrapped 5% (conn): Connecting to a relay
[w0:ab:pro] tor: Aug 05 15:26:01.000 [notice] Bootstrapped 10% (conn_done): Connected to a relay
[w0:ab:pro] tor: Aug 05 15:26:05.000 [notice] Bootstrapped 14% (handshake): Handshaking with a relay
[w0:ab:pro] tor: Aug 05 15:26:05.000 [notice] Bootstrapped 15% (handshake_done): Handshake with a relay done
Aug 05 15:26:05.000 [notice] Bootstrapped 20% (onehop_create): Estab
[w0:ab:pro] tor: Aug 05 15:26:05.000 [notice] Bootstrapped 25% (requesting_status): Asking for networkstatus consensus
[w0:ab:pro] tor: Aug 05 15:26:06.000 [notice] Bootstrapped 30% (loading_status): Loading networkstatus consensus
[w0:ab:pro] tor: Aug 05 15:26:13.000 [notice] Bootstrapped 40% (loading_keys): Loading authority key certs
[w0:ab:pro] tor: Aug 05 15:26:13.000 [notice] Bootstrapped 45% (requesting_descriptors): Asking for relay descriptors
Aug 05 15:26:13.000 [notice] I learned some more directory 
[w0:ab:pro] tor: Aug 05 15:26:14.000 [notice] Bootstrapped 50% (loading_descriptors): Loading relay descriptors
[w0:ab:pro] heartbeat words=27853 queue=7 rotation=10 idle=8s
[w0:ab:pro] tor: Aug 05 15:26:23.000 [notice] Bootstrapped 55% (loading_descriptors): Loading relay descriptors
[w0:ab:pro] tor: Aug 05 15:26:23.000 [notice] Bootstrapped 61% (loading_descriptors): Loading relay descriptors
[w0:ab:pro] tor: Aug 05 15:26:23.000 [notice] Bootstrapped 67% (loading_descriptors): Loading relay descriptors
[w0:ab:pro] tor: Aug 05 15:26:23.000 [notice] Bootstrapped 75% (enough_dirinfo): Loaded enough directory info to build circuits
[w0:ab:pro] tor: Aug 05 15:26:23.000 [notice] Bootstrapped 90% (ap_handshake_done): Handshake finished with a relay to build circuits
Aug 05 15:26:23.000 [notice] Bootstrapped 9
[w0:ab:pro] tor: Aug 05 15:26:24.000 [notice] Bootstrapped 100% (done): Done
[w0:ab:pro] Tor ready on 19050 exit=192.42.116.12
[w0:ab:pro] Rotating IP (#10, try 1) after API 400 for "anthropot": {"message":"Invalid parameters"} → tor#11 socks5://127.0.0.1:19050
[w0:ab:pro] Launching persistent Chrome profile /tmp/lll-pw-w0-r10
[w0:ab:pro] Proxy tor#11 socks5://127.0.0.1:19050
[w0:ab:pro] Opening https://lastletterlibrary.com
[w0:ab:pro] Library mode=pro
[w0:ab:pro] Turnstile token present (len=837)
[w0:ab:pro] Site Turnstile token (19858ms)
[w0:ab:pro] Search mode=direct (skip UI Wait Ns… gate)
[w0:ab:pro] Cleaned 1 old rotated profile(s)
[w0:ab:pro] Browser exit IP=185.220.101.179 (unique)
[w0:ab:pro] Searching "anthropot" | queue=6 | words=27853
[w0:ab:pro] [api] 400 mode=pro startsWith=anthropot
[w0:ab:pro] [api] 400 mode=pro startsWith=anthropot (401ms direct)
[w0:ab:pro] Failed "anthropot" attempt 21: API 400 for "anthropot": {"message":"Invalid parameters"}
[w0:ab:pro] Deferring stuck "anthropot" to end of queue after 21 failures (API 400 for "anthropot": {"message":"Invalid parameters"})
[w0:ab:pro] Saved 27,853 worker words
[w0:ab:pro] heartbeat words=27853 queue=7 rotation=10 idle=27s
[w0:ab:pro] Searching "anthropot" | queue=6 | words=27853
[w0:ab:pro] Site Turnstile remint timed out (22762ms)
[w0:ab:pro] heartbeat words=27853 queue=6 rotation=10 idle=5s
[w0:ab:pro] Turnstile token present (len=816)
[w0:ab:pro] Site Turnstile token (20029ms)
[w0:ab:pro] [api] 400 mode=pro startsWith=anthropot
[w0:ab:pro] [api] 400 mode=pro startsWith=anthropot (410ms direct)
[w0:ab:pro] Failed "anthropot" attempt 22: API 400 for "anthropot": {"message":"Invalid parameters"}
[w0:ab:pro] Deferring stuck "anthropot" to end of queue after 22 failures (API 400 for "anthropot": {"message":"Invalid parameters"})
[w0:ab:pro] Saved 27,853 worker words
[w0:ab:pro] heartbeat words=27853 queue=7 rotation=10 idle=44s
[w0:ab:pro] Tor exited code=0
[w0:ab:pro] Starting Tor gen=12 socks=127.0.0.1:19050 (try 1)
[w0:ab:pro] tor: Aug 05 15:29:39.823 [notice] Opening Socks listener on 127.0.0.1:19050
Aug 05 15:29:39.823 [notice] Opened Socks listener connection (ready) on 127.0.0.1:19050

[w0:ab:pro] tor: Aug 05 15:29:40.000 [notice] Bootstrapped 0% (starting): Starting
[w0:ab:pro] tor: Aug 05 15:29:41.000 [notice] Bootstrapped 5% (conn): Connecting to a relay
[w0:ab:pro] tor: Aug 05 15:29:41.000 [notice] Bootstrapped 10% (conn_done): Connected to a relay
[w0:ab:pro] tor: Aug 05 15:29:44.000 [notice] Bootstrapped 14% (handshake): Handshaking with a relay
[w0:ab:pro] tor: Aug 05 15:29:44.000 [notice] Bootstrapped 15% (handshake_done): Handshake with a relay done
Aug 05 15:29:44.000 [notice] Bootstrapped 20% (onehop_create): Estab
[w0:ab:pro] tor: Aug 05 15:29:45.000 [notice] Bootstrapped 25% (requesting_status): Asking for networkstatus consensus
[w0:ab:pro] tor: Aug 05 15:29:45.000 [notice] Bootstrapped 30% (loading_status): Loading networkstatus consensus
[w0:ab:pro] tor: Aug 05 15:29:46.000 [notice] Bootstrapped 40% (loading_keys): Loading authority key certs
[w0:ab:pro] tor: Aug 05 15:29:47.000 [notice] Bootstrapped 45% (requesting_descriptors): Asking for relay descriptors
Aug 05 15:29:47.000 [notice] I learned some more directory 
[w0:ab:pro] tor: Aug 05 15:29:48.000 [notice] Bootstrapped 50% (loading_descriptors): Loading relay descriptors
[w0:ab:pro] tor: Aug 05 15:29:55.000 [notice] Bootstrapped 55% (loading_descriptors): Loading relay descriptors
[w0:ab:pro] tor: Aug 05 15:29:56.000 [notice] Bootstrapped 61% (loading_descriptors): Loading relay descriptors
[w0:ab:pro] tor: Aug 05 15:29:56.000 [notice] Bootstrapped 67% (loading_descriptors): Loading relay descriptors
[w0:ab:pro] tor: Aug 05 15:29:56.000 [notice] Bootstrapped 75% (enough_dirinfo): Loaded enough directory info to build circuits
[w0:ab:pro] tor: Aug 05 15:29:57.000 [notice] Bootstrapped 90% (ap_handshake_done): Handshake finished with a relay to build circuits
Aug 05 15:29:57.000 [notice] Bootstrapped 9
[w0:ab:pro] tor: Aug 05 15:29:58.000 [notice] Bootstrapped 100% (done): Done
[w0:ab:pro] Tor ready on 19050 exit=192.42.116.63
[w0:ab:pro] Rotating IP (#11, try 1) after API 400 for "anthropot": {"message":"Invalid parameters"} → tor#12 socks5://127.0.0.1:19050
[w0:ab:pro] Launching persistent Chrome profile /tmp/lll-pw-w0-r11
[w0:ab:pro] Proxy tor#12 socks5://127.0.0.1:19050
[w0:ab:pro] Opening https://lastletterlibrary.com
[w0:ab:pro] Library mode=pro
[w0:ab:pro] heartbeat words=27853 queue=7 rotation=11 idle=14s
[w0:ab:pro] Site Turnstile remint timed out (22579ms)
[w0:ab:pro] Search mode=direct (skip UI Wait Ns… gate)
[w0:ab:pro] Cleaned 1 old rotated profile(s)
[w0:ab:pro] Browser exit IP=192.42.116.63 (unique)
[w0:ab:pro] Searching "anthropot" | queue=6 | words=27853
[w0:ab:pro] Site Turnstile remint timed out (22358ms)
[w0:ab:pro] Site Turnstile remint timed out (22275ms)
[w0:ab:pro] heartbeat words=27853 queue=6 rotation=11 idle=6s
[w0:ab:pro] Site Turnstile remint timed out (22293ms)
[w0:ab:pro] Managed Turnstile token (len=816, 14313ms, remount)
[w0:ab:pro] [api] 400 mode=pro startsWith=anthropot
[w0:ab:pro] [api] 400 mode=pro startsWith=anthropot (760ms direct)
[w0:ab:pro] Failed "anthropot" attempt 23: API 400 for "anthropot": {"message":"Invalid parameters"}
[w0:ab:pro] Deferring stuck "anthropot" to end of queue after 23 failures (API 400 for "anthropot": {"message":"Invalid parameters"})
[w0:ab:pro] Saved 27,853 worker words; shared last.txt now 352,572
[w0:ab:pro] heartbeat words=27853 queue=7 rotation=11 idle=29s
[w0:ab:pro] Searching "anthropot" | queue=6 | words=27853
[w0:ab:pro] Managed Turnstile token (len=816, 13738ms, reset)
[w0:ab:pro] [api] 400 mode=pro startsWith=anthropot
[w0:ab:pro] [api] 400 mode=pro startsWith=anthropot (658ms direct)
[w0:ab:pro] Failed "anthropot" attempt 24: API 400 for "anthropot": {"message":"Invalid parameters"}
[w0:ab:pro] Deferring stuck "anthropot" to end of queue after 24 failures (API 400 for "anthropot": {"message":"Invalid parameters"})
[w0:ab:pro] Saved 27,853 worker words
[w0:ab:pro] heartbeat words=27853 queue=7 rotation=11 idle=14s
[w0:ab:pro] Tor exited code=0
[w0:ab:pro] Starting Tor gen=13 socks=127.0.0.1:19050 (try 1)
[w0:ab:pro] tor: Aug 05 15:34:12.905 [warn] Fixing permissions on directory /tmp/lll-tor-w0
[w0:ab:pro] tor: Aug 05 15:34:13.000 [notice] Bootstrapped 0% (starting): Starting
[w0:ab:pro] tor: Aug 05 15:34:14.000 [notice] Bootstrapped 5% (conn): Connecting to a relay
[w0:ab:pro] tor: Aug 05 15:34:14.000 [notice] Bootstrapped 10% (conn_done): Connected to a relay
[w0:ab:pro] tor: Aug 05 15:34:15.000 [notice] Bootstrapped 14% (handshake): Handshaking with a relay
[w0:ab:pro] tor: Aug 05 15:34:15.000 [notice] Bootstrapped 15% (handshake_done): Handshake with a relay done
Aug 05 15:34:15.000 [notice] Bootstrapped 20% (onehop_create): Estab
[w0:ab:pro] tor: Aug 05 15:34:15.000 [notice] Bootstrapped 25% (requesting_status): Asking for networkstatus consensus
[w0:ab:pro] tor: Aug 05 15:34:15.000 [notice] Bootstrapped 30% (loading_status): Loading networkstatus consensus
[w0:ab:pro] tor: Aug 05 15:34:18.000 [notice] Bootstrapped 40% (loading_keys): Loading authority key certs
[w0:ab:pro] tor: Aug 05 15:34:19.000 [notice] Bootstrapped 45% (requesting_descriptors): Asking for relay descriptors
Aug 05 15:34:19.000 [notice] I learned some more directory 
[w0:ab:pro] tor: Aug 05 15:34:20.000 [notice] Bootstrapped 50% (loading_descriptors): Loading relay descriptors
[w0:ab:pro] heartbeat words=27853 queue=7 rotation=12 idle=2s
[w0:ab:pro] heartbeat words=27853 queue=7 rotation=12 idle=62s
[w0:ab:pro] tor: Aug 05 15:35:53.000 [notice] Bootstrapped 55% (loading_descriptors): Loading relay descriptors
[w0:ab:pro] tor: Aug 05 15:35:54.000 [notice] Bootstrapped 61% (loading_descriptors): Loading relay descriptors
[w0:ab:pro] tor: Aug 05 15:35:54.000 [notice] Bootstrapped 67% (loading_descriptors): Loading relay descriptors
[w0:ab:pro] tor: Aug 05 15:35:55.000 [notice] Bootstrapped 75% (enough_dirinfo): Loaded enough directory info to build circuits
[w0:ab:pro] tor: Aug 05 15:35:55.000 [notice] Bootstrapped 80% (ap_conn): Connecting to a relay to build circuits
[w0:ab:pro] tor: Aug 05 15:35:55.000 [notice] Bootstrapped 85% (ap_conn_done): Connected to a relay to build circuits
[w0:ab:pro] tor: Aug 05 15:35:55.000 [notice] Bootstrapped 89% (ap_handshake): Finishing handshake with a relay to build circuits
[w0:ab:pro] tor: Aug 05 15:35:55.000 [notice] Bootstrapped 90% (ap_handshake_done): Handshake finished with a relay to build circuits
Aug 05 15:35:55.000 [notice] Bootstrapped 9
[w0:ab:pro] tor: Aug 05 15:35:56.000 [notice] Bootstrapped 100% (done): Done
[w0:ab:pro] Tor ready on 19050 exit=192.42.116.106
[w0:ab:pro] Rotating IP (#12, try 1) after API 400 for "anthropot": {"message":"Invalid parameters"} → tor#13 socks5://127.0.0.1:19050
[w0:ab:pro] Launching persistent Chrome profile /tmp/lll-pw-w0-r12
[w0:ab:pro] Proxy tor#13 socks5://127.0.0.1:19050
[w0:ab:pro] Opening https://lastletterlibrary.com
[w0:ab:pro] Library mode=pro
[w0:ab:pro] heartbeat words=27853 queue=7 rotation=12 idle=6s
[w0:ab:pro] Managed Turnstile token (len=816, 6981ms, remount)
[w0:ab:pro] Search mode=direct (skip UI Wait Ns… gate)
[w0:ab:pro] Cleaned 1 old rotated profile(s)
[w0:ab:pro] Browser exit IP=192.42.116.106 (unique)
[w0:ab:pro] Searching "anthropot" | queue=6 | words=27853
[w0:ab:pro] [api] 400 mode=pro startsWith=anthropot
[w0:ab:pro] [api] 400 mode=pro startsWith=anthropot (495ms direct)
[w0:ab:pro] Failed "anthropot" attempt 25: API 400 for "anthropot": {"message":"Invalid parameters"}
[w0:ab:pro] Deferring stuck "anthropot" to end of queue after 25 failures (API 400 for "anthropot": {"message":"Invalid parameters"})
[w0:ab:pro] Saved 27,853 worker words
[w0:ab:pro] heartbeat words=27853 queue=7 rotation=12 idle=56s
[w0:ab:pro] Searching "anthropot" | queue=6 | words=27853
[w0:ab:pro] Managed Turnstile token (len=816, 11093ms, reset)
[w0:ab:pro] [api] 400 mode=pro startsWith=anthropot
[w0:ab:pro] [api] 400 mode=pro startsWith=anthropot (491ms direct)
[w0:ab:pro] Failed "anthropot" attempt 26: API 400 for "anthropot": {"message":"Invalid parameters"}
[w0:ab:pro] Deferring stuck "anthropot" to end of queue after 26 failures (API 400 for "anthropot": {"message":"Invalid parameters"})
[w0:ab:pro] Saved 27,853 worker words
[w0:ab:pro] heartbeat words=27853 queue=7 rotation=12 idle=43s
[w0:ab:pro] Tor exited code=0
[w0:ab:pro] Starting Tor gen=14 socks=127.0.0.1:19050 (try 1)
[w0:ab:pro] tor: Aug 05 15:38:57.828 [warn] Fixing permissions on directory /tmp/lll-tor-w0
[w0:ab:pro] tor: Aug 05 15:38:58.000 [notice] Bootstrapped 0% (starting): Starting
Aug 05 15:38:58.000 [notice] Starting with guard context "default"
[w0:ab:pro] tor: Aug 05 15:38:59.000 [notice] Bootstrapped 5% (conn): Connecting to a relay
[w0:ab:pro] tor: Aug 05 15:38:59.000 [notice] Bootstrapped 10% (conn_done): Connected to a relay
[w0:ab:pro] tor: Aug 05 15:39:00.000 [notice] Bootstrapped 14% (handshake): Handshaking with a relay
[w0:ab:pro] tor: Aug 05 15:39:01.000 [notice] Bootstrapped 15% (handshake_done): Handshake with a relay done
[w0:ab:pro] tor: Aug 05 15:39:01.000 [notice] Bootstrapped 20% (onehop_create): Establishing an encrypted directory connection
[w0:ab:pro] tor: Aug 05 15:39:01.000 [notice] Bootstrapped 25% (requesting_status): Asking for networkstatus consensus
[w0:ab:pro] tor: Aug 05 15:39:01.000 [notice] Bootstrapped 30% (loading_status): Loading networkstatus consensus
[w0:ab:pro] tor: Aug 05 15:39:03.000 [notice] Bootstrapped 40% (loading_keys): Loading authority key certs
[w0:ab:pro] tor: Aug 05 15:39:03.000 [notice] Bootstrapped 45% (requesting_descriptors): Asking for relay descriptors
Aug 05 15:39:03.000 [notice] I learned some more directory 
[w0:ab:pro] tor: Aug 05 15:39:05.000 [notice] Bootstrapped 50% (loading_descriptors): Loading relay descriptors
[w0:ab:pro] heartbeat words=27853 queue=7 rotation=13 idle=18s
[w0:ab:pro] tor: Aug 05 15:39:43.000 [notice] Bootstrapped 55% (loading_descriptors): Loading relay descriptors
[w0:ab:pro] tor: Aug 05 15:39:44.000 [notice] Bootstrapped 61% (loading_descriptors): Loading relay descriptors
[w0:ab:pro] tor: Aug 05 15:39:45.000 [notice] Bootstrapped 67% (loading_descriptors): Loading relay descriptors
[w0:ab:pro] tor: Aug 05 15:39:53.000 [notice] Bootstrapped 75% (enough_dirinfo): Loaded enough directory info to build circuits
[w0:ab:pro] tor: Aug 05 15:39:59.000 [notice] Bootstrapped 90% (ap_handshake_done): Handshake finished with a relay to build circuits
Aug 05 15:39:59.000 [notice] Bootstrapped 9
[w0:ab:pro] tor: Aug 05 15:40:01.000 [notice] Bootstrapped 100% (done): Done
[w0:ab:pro] Tor ready on 19050 exit=192.42.116.106
[w0:ab:pro] Rotating IP (#13, try 1) after API 400 for "anthropot": {"message":"Invalid parameters"} → tor#14 socks5://127.0.0.1:19050
[w0:ab:pro] Launching persistent Chrome profile /tmp/lll-pw-w0-r13
[w0:ab:pro] Proxy tor#14 socks5://127.0.0.1:19050
[w0:ab:pro] Opening https://lastletterlibrary.com
[w0:ab:pro] heartbeat words=27853 queue=7 rotation=13 idle=8s
[w0:ab:pro] Library mode=pro
[w0:ab:pro] Managed Turnstile token (len=816, 12066ms, remount)
[w0:ab:pro] Search mode=direct (skip UI Wait Ns… gate)
[w0:ab:pro] Cleaned 1 old rotated profile(s)
[w0:ab:pro] Browser exit IP=192.42.116.106 (unique)
[w0:ab:pro] Searching "anthropot" | queue=6 | words=27853
[w0:ab:pro] [api] 400 mode=pro startsWith=anthropot
[w0:ab:pro] [api] 400 mode=pro startsWith=anthropot (595ms direct)
[w0:ab:pro] Failed "anthropot" attempt 27: API 400 for "anthropot": {"message":"Invalid parameters"}
[w0:ab:pro] Deferring stuck "anthropot" to end of queue after 27 failures (API 400 for "anthropot": {"message":"Invalid parameters"})
[w0:ab:pro] Saved 27,853 worker words
[w0:ab:pro] heartbeat words=27853 queue=7 rotation=13 idle=34s
[w0:ab:pro] Searching "anthropot" | queue=6 | words=27853
[w0:ab:pro] Managed Turnstile token (len=816, 11109ms, reset)
[w0:ab:pro] [api] 400 mode=pro startsWith=anthropot
[w0:ab:pro] [api] 400 mode=pro startsWith=anthropot (820ms direct)
[w0:ab:pro] Failed "anthropot" attempt 28: API 400 for "anthropot": {"message":"Invalid parameters"}
[w0:ab:pro] Deferring stuck "anthropot" to end of queue after 28 failures (API 400 for "anthropot": {"message":"Invalid parameters"})
[w0:ab:pro] Saved 27,853 worker words
[w0:ab:pro] heartbeat words=27853 queue=7 rotation=13 idle=21s
[w0:ab:pro] Tor exited code=0
[w0:ab:pro] Starting Tor gen=15 socks=127.0.0.1:19050 (try 1)
[w0:ab:pro] tor: Aug 05 15:43:03.230 [notice] Opened Socks listener connection (ready) on 127.0.0.1:19050
Aug 05 15:43:03.230 [warn] Fixing permissions on directory /tmp/lll-tor
[w0:ab:pro] tor: Aug 05 15:43:03.000 [notice] Bootstrapped 0% (starting): Starting
[w0:ab:pro] tor: Aug 05 15:43:04.000 [notice] Bootstrapped 5% (conn): Connecting to a relay
[w0:ab:pro] tor: Aug 05 15:43:04.000 [notice] Bootstrapped 10% (conn_done): Connected to a relay
[w0:ab:pro] tor: Aug 05 15:43:04.000 [notice] Bootstrapped 14% (handshake): Handshaking with a relay
[w0:ab:pro] heartbeat words=27853 queue=7 rotation=14 idle=18s
[w0:ab:pro] tor: Aug 05 15:44:14.000 [notice] Bootstrapped 15% (handshake_done): Handshake with a relay done
Aug 05 15:44:14.000 [notice] Bootstrapped 20% (onehop_create): Estab
[w0:ab:pro] tor: Aug 05 15:44:14.000 [notice] Bootstrapped 25% (requesting_status): Asking for networkstatus consensus
[w0:ab:pro] tor: Aug 05 15:44:14.000 [notice] Bootstrapped 30% (loading_status): Loading networkstatus consensus
[w0:ab:pro] tor: Aug 05 15:44:16.000 [notice] Bootstrapped 40% (loading_keys): Loading authority key certs
[w0:ab:pro] tor: Aug 05 15:44:17.000 [notice] The current consensus has no exit nodes. Tor can only build internal paths, such as paths to onion services.
Aug 05 15:44:17.000 [n
[w0:ab:pro] tor: Aug 05 15:44:20.000 [notice] Bootstrapped 50% (loading_descriptors): Loading relay descriptors
[w0:ab:pro] heartbeat words=27853 queue=7 rotation=14 idle=2s
[w0:ab:pro] tor: Aug 05 15:44:45.000 [notice] Bootstrapped 55% (loading_descriptors): Loading relay descriptors
[w0:ab:pro] tor: Aug 05 15:44:46.000 [notice] Bootstrapped 61% (loading_descriptors): Loading relay descriptors
[w0:ab:pro] tor: Aug 05 15:44:47.000 [notice] Bootstrapped 67% (loading_descriptors): Loading relay descriptors
[w0:ab:pro] tor: Aug 05 15:44:48.000 [notice] Bootstrapped 75% (enough_dirinfo): Loaded enough directory info to build circuits
[w0:ab:pro] tor: Aug 05 15:44:49.000 [notice] Bootstrapped 90% (ap_handshake_done): Handshake finished with a relay to build circuits
Aug 05 15:44:49.000 [notice] Bootstrapped 9
[w0:ab:pro] tor: Aug 05 15:44:51.000 [notice] Bootstrapped 100% (done): Done
[w0:ab:pro] Tor ready on 19050 exit=104.192.3.74
[w0:ab:pro] Rotating IP (#14, try 1) after API 400 for "anthropot": {"message":"Invalid parameters"} → tor#15 socks5://127.0.0.1:19050
[w0:ab:pro] Launching persistent Chrome profile /tmp/lll-pw-w0-r14
[w0:ab:pro] Proxy tor#15 socks5://127.0.0.1:19050
[w0:ab:pro] Opening https://lastletterlibrary.com
[w0:ab:pro] Library mode=pro
[w0:ab:pro] heartbeat words=27853 queue=7 rotation=14 idle=21s
[w0:ab:pro] Site Turnstile remint timed out (23673ms)
[w0:ab:pro] Search mode=direct (skip UI Wait Ns… gate)
[w0:ab:pro] Cleaned 1 old rotated profile(s)
[w0:ab:pro] Browser exit IP=45.84.107.17 (unique)
[w0:ab:pro] Searching "anthropot" | queue=6 | words=27853
[w0:ab:pro] Site Turnstile remint timed out (22882ms)
[w0:ab:pro] Turnstile token present (len=837)
[w0:ab:pro] Site Turnstile token (20161ms)
[w0:ab:pro] [api] 400 mode=pro startsWith=anthropot
[w0:ab:pro] [api] 400 mode=pro startsWith=anthropot (597ms direct)
[w0:ab:pro] Failed "anthropot" attempt 29: API 400 for "anthropot": {"message":"Invalid parameters"}
[w0:ab:pro] Deferring stuck "anthropot" to end of queue after 29 failures (API 400 for "anthropot": {"message":"Invalid parameters"})
[w0:ab:pro] Saved 27,853 worker words
[w0:ab:pro] heartbeat words=27853 queue=7 rotation=14 idle=13s
[w0:ab:pro] Searching "anthropot" | queue=6 | words=27853
[w0:ab:pro] heartbeat words=27853 queue=6 rotation=14 idle=13s
[w0:ab:pro] Site Turnstile remint timed out (22528ms)
[w0:ab:pro] Turnstile token present (len=837)
[w0:ab:pro] Site Turnstile token (19699ms)
[w0:ab:pro] [api] 400 mode=pro startsWith=anthropot
[w0:ab:pro] [api] 400 mode=pro startsWith=anthropot (768ms direct)
[w0:ab:pro] Failed "anthropot" attempt 30: API 400 for "anthropot": {"message":"Invalid parameters"}
[w0:ab:pro] Deferring stuck "anthropot" to end of queue after 30 failures (API 400 for "anthropot": {"message":"Invalid parameters"})
[w0:ab:pro] Saved 27,853 worker words
[w0:ab:pro] heartbeat words=27853 queue=7 rotation=14 idle=29s
[w0:ab:pro] Starting Tor gen=16 socks=127.0.0.1:19050 (try 1)
[w0:ab:pro] Tor exited code=null
[w0:ab:pro] tor: Aug 05 15:48:57.040 [notice] Opened Socks listener connection (ready) on 127.0.0.1:19050
Aug 05 15:48:57.040 [warn] Fixing permissions on directory /tmp/lll-tor
[w0:ab:pro] tor: Aug 05 15:48:58.000 [notice] Bootstrapped 0% (starting): Starting
Aug 05 15:48:58.000 [notice] Starting with guard context "default"
[w0:ab:pro] tor: Aug 05 15:48:59.000 [notice] Bootstrapped 5% (conn): Connecting to a relay
[w0:ab:pro] tor: Aug 05 15:48:59.000 [notice] Bootstrapped 10% (conn_done): Connected to a relay
[w0:ab:pro] tor: Aug 05 15:48:59.000 [notice] Bootstrapped 14% (handshake): Handshaking with a relay
[w0:ab:pro] tor: Aug 05 15:49:00.000 [notice] Bootstrapped 15% (handshake_done): Handshake with a relay done
Aug 05 15:49:00.000 [notice] Bootstrapped 20% (onehop_create): Estab
[w0:ab:pro] tor: Aug 05 15:49:00.000 [notice] Bootstrapped 30% (loading_status): Loading networkstatus consensus
[w0:ab:pro] tor: Aug 05 15:49:03.000 [notice] Bootstrapped 40% (loading_keys): Loading authority key certs
[w0:ab:pro] tor: Aug 05 15:49:04.000 [notice] The current consensus has no exit nodes. Tor can only build internal paths, such as paths to onion services.
Aug 05 15:49:04.000 [n
[w0:ab:pro] tor: Aug 05 15:49:05.000 [notice] Bootstrapped 50% (loading_descriptors): Loading relay descriptors
[w0:ab:pro] tor: Aug 05 15:49:10.000 [notice] Bootstrapped 55% (loading_descriptors): Loading relay descriptors
[w0:ab:pro] tor: Aug 05 15:49:13.000 [notice] Bootstrapped 61% (loading_descriptors): Loading relay descriptors
[w0:ab:pro] tor: Aug 05 15:49:13.000 [notice] Bootstrapped 67% (loading_descriptors): Loading relay descriptors
[w0:ab:pro] tor: Aug 05 15:49:13.000 [notice] Bootstrapped 75% (enough_dirinfo): Loaded enough directory info to build circuits
[w0:ab:pro] tor: Aug 05 15:49:13.000 [notice] Bootstrapped 90% (ap_handshake_done): Handshake finished with a relay to build circuits
Aug 05 15:49:13.000 [notice] Bootstrapped 9
[w0:ab:pro] tor: Aug 05 15:49:14.000 [notice] Bootstrapped 100% (done): Done
[w0:ab:pro] Tor ready on 19050 exit=45.84.107.198
[w0:ab:pro] Rotating IP (#15, try 1) after API 400 for "anthropot": {"message":"Invalid parameters"} → tor#16 socks5://127.0.0.1:19050
[w0:ab:pro] Launching persistent Chrome profile /tmp/lll-pw-w0-r15
[w0:ab:pro] Proxy tor#16 socks5://127.0.0.1:19050
[w0:ab:pro] Opening https://lastletterlibrary.com
[w0:ab:pro] heartbeat words=27853 queue=7 rotation=15 idle=4s
[w0:ab:pro] Library mode=pro
[w0:ab:pro] Site Turnstile remint timed out (22589ms)
[w0:ab:pro] Search mode=direct (skip UI Wait Ns… gate)
[w0:ab:pro] Cleaned 1 old rotated profile(s)
[w0:ab:pro] Browser exit IP=107.189.8.133 (unique)
[w0:ab:pro] Searching "anthropot" | queue=6 | words=27853
[w0:ab:pro] Site Turnstile remint timed out (22746ms)
[w0:ab:pro] heartbeat words=27853 queue=6 rotation=15 idle=11s
[w0:ab:pro] Turnstile token present (len=837)
[w0:ab:pro] Site Turnstile token (20407ms)
[w0:ab:pro] [api] 400 mode=pro startsWith=anthropot
[w0:ab:pro] [api] 400 mode=pro startsWith=anthropot (709ms direct)
[w0:ab:pro] Failed "anthropot" attempt 31: API 400 for "anthropot": {"message":"Invalid parameters"}
[w0:ab:pro] Deferring stuck "anthropot" to end of queue after 31 failures (API 400 for "anthropot": {"message":"Invalid parameters"})
[w0:ab:pro] Saved 27,853 worker words; shared last.txt now 354,696
[w0:ab:pro] heartbeat words=27853 queue=7 rotation=15 idle=48s
[w0:ab:pro] Searching "anthropot" | queue=6 | words=27853
[w0:ab:pro] Site Turnstile remint timed out (22614ms)
[w0:ab:pro] Site Turnstile remint timed out (22823ms)
[w0:ab:pro] heartbeat words=27853 queue=6 rotation=15 idle=3s
[w0:ab:pro] Site Turnstile remint timed out (23311ms)
[w0:ab:pro] Turnstile token present (len=837)
[w0:ab:pro] Site Turnstile token (26542ms)
[w0:ab:pro] [api] 400 mode=pro startsWith=anthropot
[w0:ab:pro] [api] 400 mode=pro startsWith=anthropot (486ms direct)
[w0:ab:pro] Failed "anthropot" attempt 32: API 400 for "anthropot": {"message":"Invalid parameters"}
[w0:ab:pro] Deferring stuck "anthropot" to end of queue after 32 failures (API 400 for "anthropot": {"message":"Invalid parameters"})
[w0:ab:pro] Saved 27,853 worker words
[w0:ab:pro] heartbeat words=27853 queue=7 rotation=15 idle=11s
[w0:ab:pro] Starting Tor gen=17 socks=127.0.0.1:19050 (try 1)
[w0:ab:pro] tor: Aug 05 15:54:15.734 [notice] Opening Socks listener on 127.0.0.1:19050
Aug 05 15:54:15.734 [notice] Opened Socks listener connection (ready) on 127.0.0.1:19050

[w0:ab:pro] Tor exited code=0
[w0:ab:pro] tor: Aug 05 15:54:17.000 [notice] Bootstrapped 0% (starting): Starting
Aug 05 15:54:17.000 [notice] Starting with guard context "default"
[w0:ab:pro] tor: Aug 05 15:54:18.000 [notice] Bootstrapped 5% (conn): Connecting to a relay
Aug 05 15:54:18.000 [notice] Bootstrapped 10% (conn_done): Connected to a relay
[w0:ab:pro] tor: Aug 05 15:54:19.000 [notice] Bootstrapped 14% (handshake): Handshaking with a relay
[w0:ab:pro] tor: Aug 05 15:54:19.000 [notice] Bootstrapped 15% (handshake_done): Handshake with a relay done
[w0:ab:pro] tor: Aug 05 15:54:19.000 [notice] Bootstrapped 20% (onehop_create): Establishing an encrypted directory connection
[w0:ab:pro] tor: Aug 05 15:54:19.000 [notice] Bootstrapped 25% (requesting_status): Asking for networkstatus consensus
[w0:ab:pro] tor: Aug 05 15:54:19.000 [notice] Bootstrapped 30% (loading_status): Loading networkstatus consensus
[w0:ab:pro] tor: Aug 05 15:54:21.000 [notice] Bootstrapped 40% (loading_keys): Loading authority key certs
[w0:ab:pro] tor: Aug 05 15:54:21.000 [notice] Bootstrapped 45% (requesting_descriptors): Asking for relay descriptors
Aug 05 15:54:21.000 [notice] I learned some more directory 
[w0:ab:pro] tor: Aug 05 15:54:22.000 [notice] Bootstrapped 50% (loading_descriptors): Loading relay descriptors
[w0:ab:pro] heartbeat words=27853 queue=7 rotation=16 idle=0s
[w0:ab:pro] tor: Aug 05 15:54:29.000 [notice] Bootstrapped 55% (loading_descriptors): Loading relay descriptors
[w0:ab:pro] tor: Aug 05 15:54:30.000 [notice] Bootstrapped 61% (loading_descriptors): Loading relay descriptors
[w0:ab:pro] tor: Aug 05 15:54:30.000 [notice] Bootstrapped 67% (loading_descriptors): Loading relay descriptors
[w0:ab:pro] tor: Aug 05 15:54:30.000 [notice] Bootstrapped 75% (enough_dirinfo): Loaded enough directory info to build circuits
[w0:ab:pro] tor: Aug 05 15:54:31.000 [notice] Bootstrapped 90% (ap_handshake_done): Handshake finished with a relay to build circuits
Aug 05 15:54:31.000 [notice] Bootstrapped 9
[w0:ab:pro] tor: Aug 05 15:54:32.000 [notice] Bootstrapped 100% (done): Done
[w0:ab:pro] Tor ready on 19050 exit=5.79.66.19
[w0:ab:pro] Rotating IP (#16, try 1) after API 400 for "anthropot": {"message":"Invalid parameters"} → tor#17 socks5://127.0.0.1:19050
[w0:ab:pro] Launching persistent Chrome profile /tmp/lll-pw-w0-r16
[w0:ab:pro] Proxy tor#17 socks5://127.0.0.1:19050
[w0:ab:pro] Opening https://lastletterlibrary.com
[w0:ab:pro] Library mode=pro
[w0:ab:pro] Site Turnstile remint timed out (23514ms)
[w0:ab:pro] Search mode=direct (skip UI Wait Ns… gate)
[w0:ab:pro] Cleaned 1 old rotated profile(s)
[w0:ab:pro] Browser exit IP=192.42.116.64 (unique)
[w0:ab:pro] Searching "anthropot" | queue=6 | words=27853
[w0:ab:pro] heartbeat words=27853 queue=6 rotation=16 idle=16s
[w0:ab:pro] Site Turnstile remint timed out (22614ms)
[w0:ab:pro] Turnstile token present (len=816)
[w0:ab:pro] Site Turnstile token (20933ms)
[w0:ab:pro] [api] 400 mode=pro startsWith=anthropot
[w0:ab:pro] [api] 400 mode=pro startsWith=anthropot (1147ms direct)
[w0:ab:pro] Failed "anthropot" attempt 33: API 400 for "anthropot": {"message":"Invalid parameters"}
[w0:ab:pro] Deferring stuck "anthropot" to end of queue after 33 failures (API 400 for "anthropot": {"message":"Invalid parameters"})
[w0:ab:pro] Saved 27,853 worker words
[w0:ab:pro] heartbeat words=27853 queue=7 rotation=16 idle=32s
[w0:ab:pro] Searching "anthropot" | queue=6 | words=27853
[w0:ab:pro] Site Turnstile remint timed out (25791ms)
[w0:ab:pro] heartbeat words=27853 queue=6 rotation=16 idle=6s
[w0:ab:pro] Site Turnstile remint timed out (22396ms)
[w0:ab:pro] Site Turnstile remint timed out (22553ms)
[w0:ab:pro] heartbeat words=27853 queue=6 rotation=16 idle=21s
[w0:ab:pro] Site Turnstile remint timed out (23751ms)
[w0:ab:pro] Failed "anthropot" attempt 34: No Turnstile token for direct search
[w0:ab:pro] Deferring stuck "anthropot" to end of queue after 34 failures (No Turnstile token for direct search)
[w0:ab:pro] Saved 27,853 worker words
[w0:ab:pro] Tor exited code=0
[w0:ab:pro] Starting Tor gen=18 socks=127.0.0.1:19050 (try 1)
[w0:ab:pro] tor: Aug 05 15:58:28.439 [warn] Fixing permissions on directory /tmp/lll-tor-w0
[w0:ab:pro] tor: Aug 05 15:58:28.000 [notice] Bootstrapped 0% (starting): Starting
[w0:ab:pro] tor: Aug 05 15:58:29.000 [notice] Bootstrapped 5% (conn): Connecting to a relay
[w0:ab:pro] tor: Aug 05 15:58:29.000 [notice] Bootstrapped 10% (conn_done): Connected to a relay
[w0:ab:pro] tor: Aug 05 15:58:30.000 [notice] Bootstrapped 14% (handshake): Handshaking with a relay
[w0:ab:pro] tor: Aug 05 15:58:30.000 [notice] Bootstrapped 15% (handshake_done): Handshake with a relay done
[w0:ab:pro] tor: Aug 05 15:58:30.000 [notice] Bootstrapped 20% (onehop_create): Establishing an encrypted directory connection
[w0:ab:pro] tor: Aug 05 15:58:30.000 [notice] Bootstrapped 25% (requesting_status): Asking for networkstatus consensus
[w0:ab:pro] tor: Aug 05 15:58:31.000 [notice] Bootstrapped 30% (loading_status): Loading networkstatus consensus
[w0:ab:pro] tor: Aug 05 15:58:33.000 [notice] Bootstrapped 40% (loading_keys): Loading authority key certs
[w0:ab:pro] tor: Aug 05 15:58:33.000 [notice] Bootstrapped 45% (requesting_descriptors): Asking for relay descriptors
Aug 05 15:58:33.000 [notice] I learned some more directory 
[w0:ab:pro] tor: Aug 05 15:58:34.000 [notice] Bootstrapped 50% (loading_descriptors): Loading relay descriptors
[w0:ab:pro] tor: Aug 05 15:58:42.000 [notice] Bootstrapped 55% (loading_descriptors): Loading relay descriptors
[w0:ab:pro] tor: Aug 05 15:58:42.000 [notice] Bootstrapped 61% (loading_descriptors): Loading relay descriptors
[w0:ab:pro] tor: Aug 05 15:58:42.000 [notice] Bootstrapped 67% (loading_descriptors): Loading relay descriptors
[w0:ab:pro] tor: Aug 05 15:58:42.000 [notice] Bootstrapped 75% (enough_dirinfo): Loaded enough directory info to build circuits
[w0:ab:pro] tor: Aug 05 15:58:42.000 [notice] Bootstrapped 90% (ap_handshake_done): Handshake finished with a relay to build circuits
Aug 05 15:58:42.000 [notice] Bootstrapped 9
[w0:ab:pro] tor: Aug 05 15:58:43.000 [notice] Bootstrapped 100% (done): Done
[w0:ab:pro] Tor ready on 19050 exit=192.121.44.34
[w0:ab:pro] Rotating IP (#17, try 1) after No Turnstile token for direct search → tor#18 socks5://127.0.0.1:19050
[w0:ab:pro] Launching persistent Chrome profile /tmp/lll-pw-w0-r17
[w0:ab:pro] Proxy tor#18 socks5://127.0.0.1:19050
[w0:ab:pro] Opening https://lastletterlibrary.com
[w0:ab:pro] Library mode=pro
[w0:ab:pro] Managed Turnstile token (len=816, 5722ms, remount)
[w0:ab:pro] Search mode=direct (skip UI Wait Ns… gate)
[w0:ab:pro] Cleaned 1 old rotated profile(s)
[w0:ab:pro] Browser exit IP=193.189.100.203 (unique)
[w0:ab:pro] Searching "anthropot" | queue=6 | words=27853
[w0:ab:pro] [api] 400 mode=pro startsWith=anthropot
[w0:ab:pro] [api] 400 mode=pro startsWith=anthropot (604ms direct)
[w0:ab:pro] Failed "anthropot" attempt 34: API 400 for "anthropot": {"message":"Invalid parameters"}
[w0:ab:pro] Deferring stuck "anthropot" to end of queue after 34 failures (API 400 for "anthropot": {"message":"Invalid parameters"})
[w0:ab:pro] Saved 27,853 worker words
[w0:ab:pro] heartbeat words=27853 queue=7 rotation=17 idle=21s
[w0:ab:pro] Starting Tor gen=19 socks=127.0.0.1:19050 (try 1)
[w0:ab:pro] tor: Aug 05 16:00:04.291 [notice] Opening Socks listener on 127.0.0.1:19050
Aug 05 16:00:04.291 [notice] Opened Socks listener connection (ready) on 127.0.0.1:19050

[w0:ab:pro] Tor exited code=0
[w0:ab:pro] tor: Aug 05 16:00:06.000 [notice] Bootstrapped 0% (starting): Starting
[w0:ab:pro] tor: Aug 05 16:00:07.000 [notice] Bootstrapped 5% (conn): Connecting to a relay
[w0:ab:pro] tor: Aug 05 16:00:07.000 [notice] Bootstrapped 10% (conn_done): Connected to a relay
[w0:ab:pro] heartbeat words=27853 queue=7 rotation=18 idle=16s
[w0:ab:pro] tor: Aug 05 16:01:16.000 [notice] Bootstrapped 14% (handshake): Handshaking with a relay
[w0:ab:pro] tor: Aug 05 16:01:16.000 [notice] Bootstrapped 15% (handshake_done): Handshake with a relay done
[w0:ab:pro] tor: Aug 05 16:01:16.000 [notice] Bootstrapped 20% (onehop_create): Establishing an encrypted directory connection
[w0:ab:pro] tor: Aug 05 16:01:16.000 [notice] Bootstrapped 25% (requesting_status): Asking for networkstatus consensus
[w0:ab:pro] tor: Aug 05 16:01:17.000 [notice] Bootstrapped 30% (loading_status): Loading networkstatus consensus
[w0:ab:pro] tor: Aug 05 16:01:19.000 [notice] Bootstrapped 40% (loading_keys): Loading authority key certs
[w0:ab:pro] tor: Aug 05 16:01:19.000 [notice] Bootstrapped 45% (requesting_descriptors): Asking for relay descriptors
Aug 05 16:01:19.000 [notice] I learned some more directory 
[w0:ab:pro] tor: Aug 05 16:01:19.000 [notice] Bootstrapped 50% (loading_descriptors): Loading relay descriptors
[w0:ab:pro] heartbeat words=27853 queue=7 rotation=18 idle=3s
[w0:ab:pro] tor: Aug 05 16:01:24.000 [notice] Bootstrapped 55% (loading_descriptors): Loading relay descriptors
[w0:ab:pro] tor: Aug 05 16:01:26.000 [notice] Bootstrapped 61% (loading_descriptors): Loading relay descriptors
[w0:ab:pro] tor: Aug 05 16:01:28.000 [notice] Bootstrapped 66% (loading_descriptors): Loading relay descriptors
[w0:ab:pro] tor: Aug 05 16:01:28.000 [notice] Bootstrapped 75% (enough_dirinfo): Loaded enough directory info to build circuits
[w0:ab:pro] tor: Aug 05 16:01:28.000 [notice] Bootstrapped 90% (ap_handshake_done): Handshake finished with a relay to build circuits
Aug 05 16:01:28.000 [notice] Bootstrapped 9
[w0:ab:pro] tor: Aug 05 16:01:29.000 [notice] Bootstrapped 100% (done): Done
[w0:ab:pro] Tor ready on 19050 exit=185.246.188.74
[w0:ab:pro] Rotating IP (#18, try 1) after API 400 for "anthropot": {"message":"Invalid parameters"} → tor#19 socks5://127.0.0.1:19050
[w0:ab:pro] Launching persistent Chrome profile /tmp/lll-pw-w0-r18
[w0:ab:pro] Proxy tor#19 socks5://127.0.0.1:19050
[w0:ab:pro] Opening https://lastletterlibrary.com
[w0:ab:pro] Library mode=pro
[w0:ab:pro] Managed Turnstile token (len=816, 6824ms, remount)
[w0:ab:pro] Search mode=direct (skip UI Wait Ns… gate)
[w0:ab:pro] Cleaned 1 old rotated profile(s)
[w0:ab:pro] Browser exit IP=192.42.116.19 (unique)
[w0:ab:pro] Searching "anthropot" | queue=6 | words=27853
[w0:ab:pro] [api] 400 mode=pro startsWith=anthropot
[w0:ab:pro] [api] 400 mode=pro startsWith=anthropot (468ms direct)
[w0:ab:pro] Failed "anthropot" attempt 35: API 400 for "anthropot": {"message":"Invalid parameters"}
[w0:ab:pro] Deferring stuck "anthropot" to end of queue after 35 failures (API 400 for "anthropot": {"message":"Invalid parameters"})
[w0:ab:pro] Saved 27,853 worker words
[w0:ab:pro] heartbeat words=27853 queue=7 rotation=18 idle=32s
[w0:ab:pro] Searching "anthropot" | queue=6 | words=27853
[w0:ab:pro] Managed Turnstile token (len=816, 9394ms, reset)
[w0:ab:pro] [api] 400 mode=pro startsWith=anthropot
[w0:ab:pro] [api] 400 mode=pro startsWith=anthropot (436ms direct)
[w0:ab:pro] Failed "anthropot" attempt 36: API 400 for "anthropot": {"message":"Invalid parameters"}
[w0:ab:pro] Deferring stuck "anthropot" to end of queue after 36 failures (API 400 for "anthropot": {"message":"Invalid parameters"})
[w0:ab:pro] Saved 27,853 worker words
[w0:ab:pro] heartbeat words=27853 queue=7 rotation=18 idle=22s
[w0:ab:pro] Tor exited code=0
[w0:ab:pro] Starting Tor gen=20 socks=127.0.0.1:19050 (try 1)
[w0:ab:pro] tor: Aug 05 16:04:02.208 [warn] Fixing permissions on directory /tmp/lll-tor-w0
[w0:ab:pro] tor: Aug 05 16:04:02.000 [notice] Bootstrapped 0% (starting): Starting
[w0:ab:pro] tor: Aug 05 16:04:03.000 [notice] Bootstrapped 5% (conn): Connecting to a relay
[w0:ab:pro] tor: Aug 05 16:04:03.000 [notice] Bootstrapped 10% (conn_done): Connected to a relay
[w0:ab:pro] tor: Aug 05 16:04:04.000 [notice] Bootstrapped 14% (handshake): Handshaking with a relay
[w0:ab:pro] tor: Aug 05 16:04:04.000 [notice] Bootstrapped 15% (handshake_done): Handshake with a relay done
Aug 05 16:04:04.000 [notice] Bootstrapped 20% (onehop_create): Estab
[w0:ab:pro] tor: Aug 05 16:04:04.000 [notice] Bootstrapped 25% (requesting_status): Asking for networkstatus consensus
[w0:ab:pro] tor: Aug 05 16:04:05.000 [notice] Bootstrapped 30% (loading_status): Loading networkstatus consensus
[w0:ab:pro] tor: Aug 05 16:04:06.000 [notice] Bootstrapped 40% (loading_keys): Loading authority key certs
[w0:ab:pro] tor: Aug 05 16:04:06.000 [notice] Bootstrapped 45% (requesting_descriptors): Asking for relay descriptors
Aug 05 16:04:06.000 [notice] I learned some more directory 
[w0:ab:pro] tor: Aug 05 16:04:07.000 [notice] Bootstrapped 50% (loading_descriptors): Loading relay descriptors
[w0:ab:pro] tor: Aug 05 16:04:13.000 [notice] Bootstrapped 55% (loading_descriptors): Loading relay descriptors
[w0:ab:pro] tor: Aug 05 16:04:15.000 [notice] Bootstrapped 61% (loading_descriptors): Loading relay descriptors
[w0:ab:pro] tor: Aug 05 16:04:15.000 [notice] Bootstrapped 67% (loading_descriptors): Loading relay descriptors
[w0:ab:pro] tor: Aug 05 16:04:15.000 [notice] Bootstrapped 75% (enough_dirinfo): Loaded enough directory info to build circuits
[w0:ab:pro] tor: Aug 05 16:04:15.000 [notice] Bootstrapped 90% (ap_handshake_done): Handshake finished with a relay to build circuits
Aug 05 16:04:15.000 [notice] Bootstrapped 9
[w0:ab:pro] tor: Aug 05 16:04:16.000 [notice] Bootstrapped 100% (done): Done
[w0:ab:pro] Tor ready on 19050 exit=171.25.193.37
[w0:ab:pro] Rotating IP (#19, try 1) after API 400 for "anthropot": {"message":"Invalid parameters"} → tor#20 socks5://127.0.0.1:19050
[w0:ab:pro] Launching persistent Chrome profile /tmp/lll-pw-w0-r19
[w0:ab:pro] Proxy tor#20 socks5://127.0.0.1:19050
[w0:ab:pro] Opening https://lastletterlibrary.com
[w0:ab:pro] heartbeat words=27853 queue=7 rotation=19 idle=3s
[w0:ab:pro] Library mode=pro
[w0:ab:pro] Turnstile token present (len=837)
[w0:ab:pro] Site Turnstile token (20999ms)
[w0:ab:pro] Search mode=direct (skip UI Wait Ns… gate)
[w0:ab:pro] Cleaned 1 old rotated profile(s)
[w0:ab:pro] Browser exit IP=185.220.101.170 (unique)
[w0:ab:pro] Searching "anthropot" | queue=6 | words=27853
[w0:ab:pro] [api] 400 mode=pro startsWith=anthropot
[w0:ab:pro] [api] 400 mode=pro startsWith=anthropot (549ms direct)
[w0:ab:pro] Failed "anthropot" attempt 37: API 400 for "anthropot": {"message":"Invalid parameters"}
[w0:ab:pro] Deferring stuck "anthropot" to end of queue after 37 failures (API 400 for "anthropot": {"message":"Invalid parameters"})
[w0:ab:pro] Saved 27,853 worker words
[w0:ab:pro] heartbeat words=27853 queue=7 rotation=19 idle=34s
[w0:ab:pro] Searching "anthropot" | queue=6 | words=27853
[w0:ab:pro] Turnstile token present (len=837)
[w0:ab:pro] Site Turnstile token (23585ms)
[w0:ab:pro] [api] 400 mode=pro startsWith=anthropot
[w0:ab:pro] [api] 400 mode=pro startsWith=anthropot (527ms direct)
[w0:ab:pro] Failed "anthropot" attempt 38: API 400 for "anthropot": {"message":"Invalid parameters"}
[w0:ab:pro] Deferring stuck "anthropot" to end of queue after 38 failures (API 400 for "anthropot": {"message":"Invalid parameters"})
[w0:ab:pro] heartbeat words=27853 queue=7 rotation=19 idle=10s
[w0:ab:pro] Saved 27,853 worker words; shared last.txt now 357,006
[w0:ab:pro] heartbeat words=27853 queue=7 rotation=19 idle=60s
[w0:ab:pro] Tor exited code=0
[w0:ab:pro] Starting Tor gen=21 socks=127.0.0.1:19050 (try 1)
[w0:ab:pro] tor: Aug 05 16:07:29.119 [warn] Fixing permissions on directory /tmp/lll-tor-w0
[w0:ab:pro] tor: Aug 05 16:07:29.000 [notice] Bootstrapped 0% (starting): Starting
Aug 05 16:07:29.000 [notice] Starting with guard context "default"
[w0:ab:pro] tor: Aug 05 16:07:30.000 [notice] Bootstrapped 5% (conn): Connecting to a relay
[w0:ab:pro] tor: Aug 05 16:07:30.000 [notice] Bootstrapped 10% (conn_done): Connected to a relay
[w0:ab:pro] tor: Aug 05 16:07:31.000 [notice] Bootstrapped 14% (handshake): Handshaking with a relay
[w0:ab:pro] tor: Aug 05 16:07:32.000 [notice] Bootstrapped 15% (handshake_done): Handshake with a relay done
Aug 05 16:07:32.000 [notice] Bootstrapped 20% (onehop_create): Estab
[w0:ab:pro] tor: Aug 05 16:07:32.000 [notice] Bootstrapped 25% (requesting_status): Asking for networkstatus consensus
[w0:ab:pro] tor: Aug 05 16:07:32.000 [notice] Bootstrapped 30% (loading_status): Loading networkstatus consensus
[w0:ab:pro] tor: Aug 05 16:07:34.000 [notice] Bootstrapped 40% (loading_keys): Loading authority key certs
[w0:ab:pro] tor: Aug 05 16:07:34.000 [notice] Bootstrapped 45% (requesting_descriptors): Asking for relay descriptors
Aug 05 16:07:34.000 [notice] I learned some more directory 
[w0:ab:pro] tor: Aug 05 16:07:34.000 [notice] Bootstrapped 50% (loading_descriptors): Loading relay descriptors
[w0:ab:pro] tor: Aug 05 16:07:45.000 [notice] Bootstrapped 56% (loading_descriptors): Loading relay descriptors
[w0:ab:pro] tor: Aug 05 16:07:45.000 [notice] Bootstrapped 61% (loading_descriptors): Loading relay descriptors
[w0:ab:pro] tor: Aug 05 16:07:45.000 [notice] Bootstrapped 67% (loading_descriptors): Loading relay descriptors
[w0:ab:pro] tor: Aug 05 16:07:46.000 [notice] Bootstrapped 75% (enough_dirinfo): Loaded enough directory info to build circuits
[w0:ab:pro] tor: Aug 05 16:07:46.000 [notice] Bootstrapped 90% (ap_handshake_done): Handshake finished with a relay to build circuits
Aug 05 16:07:46.000 [notice] Bootstrapped 9
[w0:ab:pro] tor: Aug 05 16:07:47.000 [notice] Bootstrapped 100% (done): Done
[w0:ab:pro] Tor ready on 19050 exit=192.42.116.16
[w0:ab:pro] Rotating IP (#20, try 1) after API 400 for "anthropot": {"message":"Invalid parameters"} → tor#21 socks5://127.0.0.1:19050
[w0:ab:pro] Launching persistent Chrome profile /tmp/lll-pw-w0-r20
[w0:ab:pro] Proxy tor#21 socks5://127.0.0.1:19050
[w0:ab:pro] Opening https://lastletterlibrary.com
[w0:ab:pro] Library mode=pro
[w0:ab:pro] Managed Turnstile token (len=816, 10420ms, remount)
[w0:ab:pro] Search mode=direct (skip UI Wait Ns… gate)
[w0:ab:pro] Cleaned 1 old rotated profile(s)
[w0:ab:pro] Browser exit IP=192.42.116.16 (unique)
[w0:ab:pro] Searching "anthropot" | queue=6 | words=27853
[w0:ab:pro] [api] 400 mode=pro startsWith=anthropot
[w0:ab:pro] [api] 400 mode=pro startsWith=anthropot (796ms direct)
[w0:ab:pro] Failed "anthropot" attempt 39: API 400 for "anthropot": {"message":"Invalid parameters"}
[w0:ab:pro] Deferring stuck "anthropot" to end of queue after 39 failures (API 400 for "anthropot": {"message":"Invalid parameters"})
[w0:ab:pro] Saved 27,853 worker words
[w0:ab:pro] heartbeat words=27853 queue=7 rotation=20 idle=8s
[w0:ab:pro] Searching "anthropot" | queue=6 | words=27853
[w0:ab:pro] heartbeat words=27853 queue=6 rotation=20 idle=7s
[w0:ab:pro] Managed Turnstile token (len=816, 7847ms, reset)
[w0:ab:pro] [api] 400 mode=pro startsWith=anthropot
[w0:ab:pro] [api] 400 mode=pro startsWith=anthropot (399ms direct)
[w0:ab:pro] Failed "anthropot" attempt 40: API 400 for "anthropot": {"message":"Invalid parameters"}
[w0:ab:pro] Deferring stuck "anthropot" to end of queue after 40 failures (API 400 for "anthropot": {"message":"Invalid parameters"})
[w0:ab:pro] Saved 27,853 worker words
[w0:ab:pro] heartbeat words=27853 queue=7 rotation=20 idle=58s
[w0:ab:pro] Tor exited code=0
[w0:ab:pro] Starting Tor gen=22 socks=127.0.0.1:19050 (try 1)
[w0:ab:pro] tor: Aug 05 16:10:29.964 [warn] Fixing permissions on directory /tmp/lll-tor-w0
[w0:ab:pro] tor: Aug 05 16:10:30.000 [notice] Bootstrapped 0% (starting): Starting
[w0:ab:pro] tor: Aug 05 16:10:31.000 [notice] Bootstrapped 5% (conn): Connecting to a relay
[w0:ab:pro] tor: Aug 05 16:10:31.000 [notice] Bootstrapped 10% (conn_done): Connected to a relay
[w0:ab:pro] tor: Aug 05 16:10:37.000 [notice] Bootstrapped 14% (handshake): Handshaking with a relay
[w0:ab:pro] tor: Aug 05 16:10:38.000 [notice] Bootstrapped 15% (handshake_done): Handshake with a relay done
Aug 05 16:10:38.000 [notice] Bootstrapped 20% (onehop_create): Estab
[w0:ab:pro] tor: Aug 05 16:10:38.000 [notice] Bootstrapped 25% (requesting_status): Asking for networkstatus consensus
[w0:ab:pro] tor: Aug 05 16:10:38.000 [notice] Bootstrapped 30% (loading_status): Loading networkstatus consensus
[w0:ab:pro] tor: Aug 05 16:10:39.000 [notice] Bootstrapped 40% (loading_keys): Loading authority key certs
[w0:ab:pro] tor: Aug 05 16:10:41.000 [notice] The current consensus has no exit nodes. Tor can only build internal paths, such as paths to onion services.
Aug 05 16:10:41.000 [n
[w0:ab:pro] tor: Aug 05 16:10:43.000 [notice] Bootstrapped 50% (loading_descriptors): Loading relay descriptors
[w0:ab:pro] tor: Aug 05 16:10:56.000 [notice] Bootstrapped 55% (loading_descriptors): Loading relay descriptors
[w0:ab:pro] tor: Aug 05 16:10:57.000 [notice] Bootstrapped 61% (loading_descriptors): Loading relay descriptors
[w0:ab:pro] tor: Aug 05 16:10:58.000 [notice] Bootstrapped 67% (loading_descriptors): Loading relay descriptors
[w0:ab:pro] tor: Aug 05 16:10:58.000 [notice] Bootstrapped 75% (enough_dirinfo): Loaded enough directory info to build circuits
[w0:ab:pro] tor: Aug 05 16:10:59.000 [notice] Bootstrapped 90% (ap_handshake_done): Handshake finished with a relay to build circuits
Aug 05 16:10:59.000 [notice] Bootstrapped 9
[w0:ab:pro] tor: Aug 05 16:11:00.000 [notice] Bootstrapped 100% (done): Done
[w0:ab:pro] Tor ready on 19050 exit=45.84.107.172
[w0:ab:pro] Rotating IP (#21, try 1) after API 400 for "anthropot": {"message":"Invalid parameters"} → tor#22 socks5://127.0.0.1:19050
[w0:ab:pro] Launching persistent Chrome profile /tmp/lll-pw-w0-r21
[w0:ab:pro] Proxy tor#22 socks5://127.0.0.1:19050
[w0:ab:pro] Opening https://lastletterlibrary.com
[w0:ab:pro] Library mode=pro
[w0:ab:pro] Managed Turnstile token (len=816, 8982ms, remount)
[w0:ab:pro] Search mode=direct (skip UI Wait Ns… gate)
[w0:ab:pro] Cleaned 1 old rotated profile(s)
[w0:ab:pro] heartbeat words=27853 queue=7 rotation=21 idle=1s
[w0:ab:pro] Browser exit IP=192.42.116.144 (unique)
[w0:ab:pro] Searching "anthropot" | queue=6 | words=27853
[w0:ab:pro] [api] 400 mode=pro startsWith=anthropot
[w0:ab:pro] [api] 400 mode=pro startsWith=anthropot (661ms direct)
[w0:ab:pro] Failed "anthropot" attempt 41: API 400 for "anthropot": {"message":"Invalid parameters"}
[w0:ab:pro] Deferring stuck "anthropot" to end of queue after 41 failures (API 400 for "anthropot": {"message":"Invalid parameters"})
[w0:ab:pro] Saved 27,853 worker words
[w0:ab:pro] heartbeat words=27853 queue=7 rotation=21 idle=58s
[w0:ab:pro] Searching "anthropot" | queue=6 | words=27853
[w0:ab:pro] Managed Turnstile token (len=816, 5361ms, reset)
[w0:ab:pro] [api] 400 mode=pro startsWith=anthropot
[w0:ab:pro] [api] 400 mode=pro startsWith=anthropot (566ms direct)
[w0:ab:pro] Failed "anthropot" attempt 42: API 400 for "anthropot": {"message":"Invalid parameters"}
[w0:ab:pro] Deferring stuck "anthropot" to end of queue after 42 failures (API 400 for "anthropot": {"message":"Invalid parameters"})
[w0:ab:pro] Saved 27,853 worker words
[w0:ab:pro] heartbeat words=27853 queue=7 rotation=21 idle=52s
[w0:ab:pro] Starting Tor gen=23 socks=127.0.0.1:19050 (try 1)
[w0:ab:pro] tor: Aug 05 16:13:35.908 [notice] Opened Socks listener connection (ready) on 127.0.0.1:19050
Aug 05 16:13:35.909 [warn] Fixing permissions on directory /tmp/lll-tor
[w0:ab:pro] Tor exited code=0
[w0:ab:pro] tor: Aug 05 16:13:37.000 [notice] Bootstrapped 0% (starting): Starting
[w0:ab:pro] tor: Aug 05 16:13:38.000 [notice] Bootstrapped 5% (conn): Connecting to a relay
[w0:ab:pro] tor: Aug 05 16:13:38.000 [notice] Bootstrapped 10% (conn_done): Connected to a relay
[w0:ab:pro] tor: Aug 05 16:13:40.000 [notice] Bootstrapped 14% (handshake): Handshaking with a relay
[w0:ab:pro] tor: Aug 05 16:13:40.000 [notice] Bootstrapped 15% (handshake_done): Handshake with a relay done
[w0:ab:pro] tor: Aug 05 16:13:40.000 [notice] Bootstrapped 20% (onehop_create): Establishing an encrypted directory connection
[w0:ab:pro] tor: Aug 05 16:13:40.000 [notice] Bootstrapped 25% (requesting_status): Asking for networkstatus consensus
[w0:ab:pro] tor: Aug 05 16:13:41.000 [notice] Bootstrapped 30% (loading_status): Loading networkstatus consensus
[w0:ab:pro] tor: Aug 05 16:13:42.000 [notice] Bootstrapped 40% (loading_keys): Loading authority key certs
[w0:ab:pro] tor: Aug 05 16:13:43.000 [notice] Bootstrapped 45% (requesting_descriptors): Asking for relay descriptors
Aug 05 16:13:43.000 [notice] I learned some more directory 
[w0:ab:pro] tor: Aug 05 16:13:45.000 [notice] Bootstrapped 50% (loading_descriptors): Loading relay descriptors
[w0:ab:pro] tor: Aug 05 16:14:05.000 [notice] Bootstrapped 55% (loading_descriptors): Loading relay descriptors
[w0:ab:pro] tor: Aug 05 16:14:09.000 [notice] Bootstrapped 61% (loading_descriptors): Loading relay descriptors
[w0:ab:pro] tor: Aug 05 16:14:11.000 [notice] Bootstrapped 66% (loading_descriptors): Loading relay descriptors
[w0:ab:pro] tor: Aug 05 16:14:13.000 [notice] Bootstrapped 75% (enough_dirinfo): Loaded enough directory info to build circuits
[w0:ab:pro] tor: Aug 05 16:14:13.000 [notice] Bootstrapped 90% (ap_handshake_done): Handshake finished with a relay to build circuits
Aug 05 16:14:13.000 [notice] Bootstrapped 9
[w0:ab:pro] tor: Aug 05 16:14:19.000 [notice] Bootstrapped 100% (done): Done
[w0:ab:pro] Tor ready on 19050 exit=185.220.101.3
[w0:ab:pro] Rotating IP (#22, try 1) after API 400 for "anthropot": {"message":"Invalid parameters"} → tor#23 socks5://127.0.0.1:19050
[w0:ab:pro] Launching persistent Chrome profile /tmp/lll-pw-w0-r22
[w0:ab:pro] Proxy tor#23 socks5://127.0.0.1:19050
[w0:ab:pro] heartbeat words=27853 queue=7 rotation=22 idle=4s
[w0:ab:pro] Opening https://lastletterlibrary.com
[w0:ab:pro] Library mode=pro
[w0:ab:pro] Managed Turnstile token (len=816, 12672ms, remount)
[w0:ab:pro] Search mode=direct (skip UI Wait Ns… gate)
[w0:ab:pro] Cleaned 1 old rotated profile(s)
[w0:ab:pro] Browser exit IP=80.67.167.81 (unique)
[w0:ab:pro] Searching "anthropot" | queue=6 | words=27853
[w0:ab:pro] [api] 400 mode=pro startsWith=anthropot
[w0:ab:pro] [api] 400 mode=pro startsWith=anthropot (810ms direct)
[w0:ab:pro] Failed "anthropot" attempt 43: API 400 for "anthropot": {"message":"Invalid parameters"}
[w0:ab:pro] Deferring stuck "anthropot" to end of queue after 43 failures (API 400 for "anthropot": {"message":"Invalid parameters"})
[w0:ab:pro] Saved 27,853 worker words
[w0:ab:pro] heartbeat words=27853 queue=7 rotation=22 idle=23s
[w0:ab:pro] Searching "anthropot" | queue=6 | words=27853
[w0:ab:pro] Managed Turnstile token (len=816, 4060ms, reset)
[w0:ab:pro] [api] 400 mode=pro startsWith=anthropot
[w0:ab:pro] [api] 400 mode=pro startsWith=anthropot (726ms direct)
[w0:ab:pro] Failed "anthropot" attempt 44: API 400 for "anthropot": {"message":"Invalid parameters"}
[w0:ab:pro] Deferring stuck "anthropot" to end of queue after 44 failures (API 400 for "anthropot": {"message":"Invalid parameters"})
[w0:ab:pro] Saved 27,853 worker words
[w0:ab:pro] heartbeat words=27853 queue=7 rotation=22 idle=18s
[w0:ab:pro] Tor exited code=0
[w0:ab:pro] Starting Tor gen=24 socks=127.0.0.1:19050 (try 1)
[w0:ab:pro] tor: Aug 05 16:17:08.677 [warn] Fixing permissions on directory /tmp/lll-tor-w0
[w0:ab:pro] tor: Aug 05 16:17:08.000 [notice] Bootstrapped 0% (starting): Starting
[w0:ab:pro] tor: Aug 05 16:17:09.000 [notice] Bootstrapped 5% (conn): Connecting to a relay
[w0:ab:pro] tor: Aug 05 16:17:09.000 [notice] Bootstrapped 10% (conn_done): Connected to a relay
[w0:ab:pro] tor: Aug 05 16:17:15.000 [notice] Bootstrapped 14% (handshake): Handshaking with a relay
[w0:ab:pro] tor: Aug 05 16:17:15.000 [notice] Bootstrapped 15% (handshake_done): Handshake with a relay done
Aug 05 16:17:15.000 [notice] Bootstrapped 20% (onehop_create): Estab
[w0:ab:pro] tor: Aug 05 16:17:16.000 [notice] Bootstrapped 25% (requesting_status): Asking for networkstatus consensus
[w0:ab:pro] tor: Aug 05 16:17:17.000 [notice] Bootstrapped 30% (loading_status): Loading networkstatus consensus
[w0:ab:pro] tor: Aug 05 16:17:18.000 [notice] Bootstrapped 40% (loading_keys): Loading authority key certs
[w0:ab:pro] tor: Aug 05 16:17:18.000 [notice] Bootstrapped 45% (requesting_descriptors): Asking for relay descriptors
Aug 05 16:17:18.000 [notice] I learned some more directory 
[w0:ab:pro] tor: Aug 05 16:17:19.000 [notice] Bootstrapped 50% (loading_descriptors): Loading relay descriptors
[w0:ab:pro] heartbeat words=27853 queue=7 rotation=23 idle=6s
[w0:ab:pro] tor: Aug 05 16:17:26.000 [notice] Bootstrapped 55% (loading_descriptors): Loading relay descriptors
[w0:ab:pro] tor: Aug 05 16:17:27.000 [notice] Bootstrapped 61% (loading_descriptors): Loading relay descriptors
[w0:ab:pro] tor: Aug 05 16:17:27.000 [notice] Bootstrapped 67% (loading_descriptors): Loading relay descriptors
[w0:ab:pro] tor: Aug 05 16:17:28.000 [notice] Bootstrapped 75% (enough_dirinfo): Loaded enough directory info to build circuits
[w0:ab:pro] tor: Aug 05 16:17:28.000 [notice] Bootstrapped 90% (ap_handshake_done): Handshake finished with a relay to build circuits
Aug 05 16:17:28.000 [notice] Bootstrapped 9
[w0:ab:pro] tor: Aug 05 16:17:29.000 [notice] Bootstrapped 100% (done): Done
[w0:ab:pro] Tor ready on 19050 exit=185.220.101.11
[w0:ab:pro] Rotating IP (#23, try 1) after API 400 for "anthropot": {"message":"Invalid parameters"} → tor#24 socks5://127.0.0.1:19050
[w0:ab:pro] Launching persistent Chrome profile /tmp/lll-pw-w0-r23
[w0:ab:pro] Proxy tor#24 socks5://127.0.0.1:19050
[w0:ab:pro] Opening https://lastletterlibrary.com
[w0:ab:pro] Library mode=pro
[w0:ab:pro] Turnstile token present (len=837)
[w0:ab:pro] Site Turnstile token (19652ms)
[w0:ab:pro] Search mode=direct (skip UI Wait Ns… gate)
[w0:ab:pro] Cleaned 1 old rotated profile(s)
[w0:ab:pro] Browser exit IP=185.220.101.11 (unique)
[w0:ab:pro] Searching "anthropot" | queue=6 | words=27853
[w0:ab:pro] [api] 400 mode=pro startsWith=anthropot
[w0:ab:pro] [api] 400 mode=pro startsWith=anthropot (438ms direct)
[w0:ab:pro] Failed "anthropot" attempt 45: API 400 for "anthropot": {"message":"Invalid parameters"}
[w0:ab:pro] Deferring stuck "anthropot" to end of queue after 45 failures (API 400 for "anthropot": {"message":"Invalid parameters"})
[w0:ab:pro] Saved 27,853 worker words
[w0:ab:pro] heartbeat words=27853 queue=7 rotation=23 idle=25s
[w0:ab:pro] Searching "anthropot" | queue=6 | words=27853
[w0:ab:pro] heartbeat words=27853 queue=6 rotation=23 idle=25s
[w0:ab:pro] Turnstile mint hard timeout after 28000ms
[w0:ab:pro] Turnstile mint hard timeout after 28000ms
[w0:ab:pro] heartbeat words=27853 queue=6 rotation=23 idle=28s
[w0:ab:pro] Turnstile mint hard timeout after 28000ms
[w0:ab:pro] Site Turnstile remint timed out (26150ms)
[w0:ab:pro] Failed "anthropot" attempt 46: No Turnstile token for direct search
[w0:ab:pro] Deferring stuck "anthropot" to end of queue after 46 failures (No Turnstile token for direct search)
[w0:ab:pro] Saved 27,853 worker words; shared last.txt now 360,172
[w0:ab:pro] Site Turnstile remint timed out (98390ms)
[w0:ab:pro] Site Turnstile remint timed out (70345ms)
[w0:ab:pro] Site Turnstile remint timed out (127216ms)
[w0:ab:pro] Tor exited code=0
[w0:ab:pro] Starting Tor gen=25 socks=127.0.0.1:19050 (try 1)
[w0:ab:pro] tor: Aug 05 16:21:22.092 [notice] Opened Socks listener connection (ready) on 127.0.0.1:19050
Aug 05 16:21:22.092 [warn] Fixing permissions on directory /tmp/lll-tor
[w0:ab:pro] tor: Aug 05 16:21:22.000 [notice] Bootstrapped 0% (starting): Starting
[w0:ab:pro] tor: Aug 05 16:21:23.000 [notice] Bootstrapped 5% (conn): Connecting to a relay
[w0:ab:pro] tor: Aug 05 16:21:23.000 [notice] Bootstrapped 10% (conn_done): Connected to a relay
[w0:ab:pro] tor: Aug 05 16:21:23.000 [notice] Bootstrapped 14% (handshake): Handshaking with a relay
[w0:ab:pro] tor: Aug 05 16:21:23.000 [notice] Bootstrapped 15% (handshake_done): Handshake with a relay done
Aug 05 16:21:23.000 [notice] Bootstrapped 20% (onehop_create): Estab
[w0:ab:pro] tor: Aug 05 16:21:23.000 [notice] Bootstrapped 25% (requesting_status): Asking for networkstatus consensus
[w0:ab:pro] tor: Aug 05 16:21:23.000 [notice] Bootstrapped 30% (loading_status): Loading networkstatus consensus
[w0:ab:pro] tor: Aug 05 16:21:24.000 [notice] Bootstrapped 40% (loading_keys): Loading authority key certs
[w0:ab:pro] tor: Aug 05 16:21:25.000 [notice] Bootstrapped 45% (requesting_descriptors): Asking for relay descriptors
Aug 05 16:21:25.000 [notice] I learned some more directory 
[w0:ab:pro] tor: Aug 05 16:21:26.000 [notice] Bootstrapped 50% (loading_descriptors): Loading relay descriptors
[w0:ab:pro] heartbeat words=27853 queue=7 rotation=24 idle=2s
[w0:ab:pro] tor: Aug 05 16:22:19.000 [notice] Bootstrapped 55% (loading_descriptors): Loading relay descriptors
[w0:ab:pro] tor: Aug 05 16:22:20.000 [notice] Bootstrapped 61% (loading_descriptors): Loading relay descriptors
[w0:ab:pro] tor: Aug 05 16:22:20.000 [notice] Bootstrapped 67% (loading_descriptors): Loading relay descriptors
[w0:ab:pro] tor: Aug 05 16:22:20.000 [notice] Bootstrapped 75% (enough_dirinfo): Loaded enough directory info to build circuits
[w0:ab:pro] tor: Aug 05 16:22:20.000 [notice] Bootstrapped 90% (ap_handshake_done): Handshake finished with a relay to build circuits
Aug 05 16:22:20.000 [notice] Bootstrapped 9
[w0:ab:pro] tor: Aug 05 16:22:21.000 [notice] Bootstrapped 100% (done): Done
[w0:ab:pro] Tor ready on 19050 exit=109.70.100.15
[w0:ab:pro] Rotating IP (#24, try 1) after No Turnstile token for direct search → tor#25 socks5://127.0.0.1:19050
[w0:ab:pro] Launching persistent Chrome profile /tmp/lll-pw-w0-r24
[w0:ab:pro] Proxy tor#25 socks5://127.0.0.1:19050
[w0:ab:pro] Opening https://lastletterlibrary.com
[w0:ab:pro] Library mode=pro
[w0:ab:pro] heartbeat words=27853 queue=7 rotation=24 idle=0s
[w0:ab:pro] Managed Turnstile token (len=816, 5053ms, remount)
[w0:ab:pro] Search mode=direct (skip UI Wait Ns… gate)
[w0:ab:pro] Cleaned 1 old rotated profile(s)
[w0:ab:pro] Browser exit IP=192.42.116.44 (unique)
[w0:ab:pro] Searching "anthropot" | queue=6 | words=27853
[w0:ab:pro] [api] 400 mode=pro startsWith=anthropot
[w0:ab:pro] [api] 400 mode=pro startsWith=anthropot (459ms direct)
[w0:ab:pro] Failed "anthropot" attempt 46: API 400 for "anthropot": {"message":"Invalid parameters"}
[w0:ab:pro] Deferring stuck "anthropot" to end of queue after 46 failures (API 400 for "anthropot": {"message":"Invalid parameters"})
[w0:ab:pro] Saved 27,853 worker words
[w0:ab:pro] heartbeat words=27853 queue=7 rotation=24 idle=53s
[w0:ab:pro] Tor exited code=0
[w0:ab:pro] Starting Tor gen=26 socks=127.0.0.1:19050 (try 1)
[w0:ab:pro] tor: Aug 05 16:23:35.817 [warn] Fixing permissions on directory /tmp/lll-tor-w0
[w0:ab:pro] tor: Aug 05 16:23:36.000 [notice] Bootstrapped 0% (starting): Starting
[w0:ab:pro] tor: Aug 05 16:23:37.000 [notice] Bootstrapped 5% (conn): Connecting to a relay
[w0:ab:pro] tor: Aug 05 16:23:37.000 [notice] Bootstrapped 10% (conn_done): Connected to a relay
[w0:ab:pro] tor: Aug 05 16:23:38.000 [notice] Bootstrapped 14% (handshake): Handshaking with a relay
[w0:ab:pro] tor: Aug 05 16:23:41.000 [notice] Bootstrapped 15% (handshake_done): Handshake with a relay done
Aug 05 16:23:41.000 [notice] Bootstrapped 20% (onehop_create): Estab
[w0:ab:pro] tor: Aug 05 16:23:41.000 [notice] Bootstrapped 25% (requesting_status): Asking for networkstatus consensus
[w0:ab:pro] tor: Aug 05 16:23:41.000 [notice] Bootstrapped 30% (loading_status): Loading networkstatus consensus
[w0:ab:pro] tor: Aug 05 16:23:43.000 [notice] Bootstrapped 40% (loading_keys): Loading authority key certs
[w0:ab:pro] tor: Aug 05 16:23:44.000 [notice] Bootstrapped 45% (requesting_descriptors): Asking for relay descriptors
Aug 05 16:23:44.000 [notice] I learned some more directory 
[w0:ab:pro] tor: Aug 05 16:23:44.000 [notice] Bootstrapped 50% (loading_descriptors): Loading relay descriptors
[w0:ab:pro] tor: Aug 05 16:23:57.000 [notice] Bootstrapped 55% (loading_descriptors): Loading relay descriptors
[w0:ab:pro] tor: Aug 05 16:23:58.000 [notice] Bootstrapped 61% (loading_descriptors): Loading relay descriptors
[w0:ab:pro] tor: Aug 05 16:23:59.000 [notice] Bootstrapped 67% (loading_descriptors): Loading relay descriptors
[w0:ab:pro] tor: Aug 05 16:24:01.000 [notice] Bootstrapped 75% (enough_dirinfo): Loaded enough directory info to build circuits
[w0:ab:pro] tor: Aug 05 16:24:02.000 [notice] Bootstrapped 90% (ap_handshake_done): Handshake finished with a relay to build circuits
Aug 05 16:24:02.000 [notice] Bootstrapped 9
[w0:ab:pro] tor: Aug 05 16:24:03.000 [notice] Bootstrapped 100% (done): Done
[w0:ab:pro] Tor ready on 19050 exit=185.220.101.31
[w0:ab:pro] Rotating IP (#25, try 1) after API 400 for "anthropot": {"message":"Invalid parameters"} → tor#26 socks5://127.0.0.1:19050
[w0:ab:pro] Launching persistent Chrome profile /tmp/lll-pw-w0-r25
[w0:ab:pro] Proxy tor#26 socks5://127.0.0.1:19050
[w0:ab:pro] Opening https://lastletterlibrary.com
[w0:ab:pro] heartbeat words=27853 queue=7 rotation=25 idle=11s
[w0:ab:pro] Library mode=pro
[w0:ab:pro] Turnstile token present (len=837)
[w0:ab:pro] Site Turnstile token (20553ms)
[w0:ab:pro] Search mode=direct (skip UI Wait Ns… gate)
[w0:ab:pro] Cleaned 1 old rotated profile(s)
[w0:ab:pro] Browser exit IP=185.244.192.175 (unique)
[w0:ab:pro] Searching "anthropot" | queue=6 | words=27853
[w0:ab:pro] [api] 400 mode=pro startsWith=anthropot
[w0:ab:pro] [api] 400 mode=pro startsWith=anthropot (875ms direct)
[w0:ab:pro] Failed "anthropot" attempt 47: API 400 for "anthropot": {"message":"Invalid parameters"}
[w0:ab:pro] Deferring stuck "anthropot" to end of queue after 47 failures (API 400 for "anthropot": {"message":"Invalid parameters"})
[w0:ab:pro] Saved 27,853 worker words
[w0:ab:pro] heartbeat words=27853 queue=7 rotation=25 idle=32s
[w0:ab:pro] Searching "anthropot" | queue=6 | words=27853
[w0:ab:pro] Turnstile token present (len=837)
[w0:ab:pro] Site Turnstile token (21377ms)
[w0:ab:pro] [api] 400 mode=pro startsWith=anthropot
[w0:ab:pro] [api] 400 mode=pro startsWith=anthropot (460ms direct)
[w0:ab:pro] Failed "anthropot" attempt 48: API 400 for "anthropot": {"message":"Invalid parameters"}
[w0:ab:pro] Deferring stuck "anthropot" to end of queue after 48 failures (API 400 for "anthropot": {"message":"Invalid parameters"})
[w0:ab:pro] Saved 27,853 worker words
[w0:ab:pro] heartbeat words=27853 queue=7 rotation=25 idle=9s
[w0:ab:pro] heartbeat words=27853 queue=7 rotation=26 idle=69s
[w0:ab:pro] Tor exited code=0
[w0:ab:pro] Starting Tor gen=27 socks=127.0.0.1:19050 (try 1)
[w0:ab:pro] tor: Aug 05 16:27:32.288 [notice] Opened Socks listener connection (ready) on 127.0.0.1:19050
Aug 05 16:27:32.288 [warn] Fixing permissions on directory /tmp/lll-tor
[w0:ab:pro] tor: Aug 05 16:27:33.000 [notice] Bootstrapped 0% (starting): Starting
[w0:ab:pro] tor: Aug 05 16:27:34.000 [notice] Bootstrapped 5% (conn): Connecting to a relay
[w0:ab:pro] tor: Aug 05 16:27:34.000 [notice] Bootstrapped 10% (conn_done): Connected to a relay
[w0:ab:pro] tor: Aug 05 16:27:35.000 [notice] Bootstrapped 14% (handshake): Handshaking with a relay
[w0:ab:pro] tor: Aug 05 16:27:36.000 [notice] Bootstrapped 15% (handshake_done): Handshake with a relay done
Aug 05 16:27:36.000 [notice] Bootstrapped 20% (onehop_create): Estab
[w0:ab:pro] tor: Aug 05 16:27:36.000 [notice] Bootstrapped 25% (requesting_status): Asking for networkstatus consensus
[w0:ab:pro] tor: Aug 05 16:27:36.000 [notice] Bootstrapped 30% (loading_status): Loading networkstatus consensus
[w0:ab:pro] tor: Aug 05 16:27:37.000 [notice] Bootstrapped 40% (loading_keys): Loading authority key certs
[w0:ab:pro] tor: Aug 05 16:27:37.000 [notice] Bootstrapped 45% (requesting_descriptors): Asking for relay descriptors
Aug 05 16:27:37.000 [notice] I learned some more directory 
[w0:ab:pro] tor: Aug 05 16:27:38.000 [notice] Bootstrapped 50% (loading_descriptors): Loading relay descriptors
[w0:ab:pro] tor: Aug 05 16:27:51.000 [notice] Bootstrapped 55% (loading_descriptors): Loading relay descriptors
[w0:ab:pro] tor: Aug 05 16:27:52.000 [notice] Bootstrapped 61% (loading_descriptors): Loading relay descriptors
[w0:ab:pro] tor: Aug 05 16:27:53.000 [notice] Bootstrapped 67% (loading_descriptors): Loading relay descriptors
[w0:ab:pro] tor: Aug 05 16:27:53.000 [notice] Bootstrapped 75% (enough_dirinfo): Loaded enough directory info to build circuits
[w0:ab:pro] tor: Aug 05 16:27:54.000 [notice] Bootstrapped 90% (ap_handshake_done): Handshake finished with a relay to build circuits
Aug 05 16:27:54.000 [notice] Bootstrapped 9
[w0:ab:pro] tor: Aug 05 16:27:56.000 [notice] Bootstrapped 100% (done): Done
[w0:ab:pro] Tor ready on 19050 exit=192.42.116.17
[w0:ab:pro] Rotating IP (#26, try 1) after API 400 for "anthropot": {"message":"Invalid parameters"} → tor#27 socks5://127.0.0.1:19050
[w0:ab:pro] Launching persistent Chrome profile /tmp/lll-pw-w0-r26
[w0:ab:pro] Proxy tor#27 socks5://127.0.0.1:19050
[w0:ab:pro] Opening https://lastletterlibrary.com
[w0:ab:pro] Library mode=pro
[w0:ab:pro] heartbeat words=27853 queue=7 rotation=26 idle=15s
[w0:ab:pro] Managed Turnstile token (len=816, 17568ms, remount)
[w0:ab:pro] Search mode=direct (skip UI Wait Ns… gate)
[w0:ab:pro] Cleaned 1 old rotated profile(s)
[w0:ab:pro] Browser exit IP=192.42.116.17 (unique)
[w0:ab:pro] Searching "anthropot" | queue=6 | words=27853
[w0:ab:pro] [api] 400 mode=pro startsWith=anthropot
[w0:ab:pro] [api] 400 mode=pro startsWith=anthropot (628ms direct)
[w0:ab:pro] Failed "anthropot" attempt 49: API 400 for "anthropot": {"message":"Invalid parameters"}
[w0:ab:pro] Deferring stuck "anthropot" to end of queue after 49 failures (API 400 for "anthropot": {"message":"Invalid parameters"})
[w0:ab:pro] Saved 27,853 worker words
[w0:ab:pro] heartbeat words=27853 queue=7 rotation=26 idle=49s
[w0:ab:pro] Searching "anthropot" | queue=6 | words=27853
[w0:ab:pro] Managed Turnstile token (len=816, 9748ms, reset)
[w0:ab:pro] [api] 400 mode=pro startsWith=anthropot
[w0:ab:pro] [api] 400 mode=pro startsWith=anthropot (481ms direct)
[w0:ab:pro] Failed "anthropot" attempt 50: API 400 for "anthropot": {"message":"Invalid parameters"}
[w0:ab:pro] Deferring stuck "anthropot" to end of queue after 50 failures (API 400 for "anthropot": {"message":"Invalid parameters"})
[w0:ab:pro] Saved 27,853 worker words
[w0:ab:pro] heartbeat words=27853 queue=7 rotation=26 idle=39s
[w0:ab:pro] Starting Tor gen=28 socks=127.0.0.1:19050 (try 1)
[w0:ab:pro] tor: Aug 05 16:30:53.440 [notice] Opening Socks listener on 127.0.0.1:19050
Aug 05 16:30:53.440 [notice] Opened Socks listener connection (ready) on 127.0.0.1:19050

[w0:ab:pro] Tor exited code=0
[w0:ab:pro] tor: Aug 05 16:30:55.000 [notice] Bootstrapped 0% (starting): Starting
Aug 05 16:30:55.000 [notice] Starting with guard context "default"
[w0:ab:pro] tor: Aug 05 16:30:56.000 [notice] Bootstrapped 5% (conn): Connecting to a relay
[w0:ab:pro] tor: Aug 05 16:30:56.000 [notice] Bootstrapped 10% (conn_done): Connected to a relay
[w0:ab:pro] tor: Aug 05 16:30:58.000 [notice] Bootstrapped 14% (handshake): Handshaking with a relay
[w0:ab:pro] tor: Aug 05 16:30:58.000 [notice] Bootstrapped 15% (handshake_done): Handshake with a relay done
[w0:ab:pro] tor: Aug 05 16:30:58.000 [notice] Bootstrapped 20% (onehop_create): Establishing an encrypted directory connection
[w0:ab:pro] tor: Aug 05 16:30:58.000 [notice] Bootstrapped 25% (requesting_status): Asking for networkstatus consensus
[w0:ab:pro] tor: Aug 05 16:30:58.000 [notice] Bootstrapped 30% (loading_status): Loading networkstatus consensus
[w0:ab:pro] tor: Aug 05 16:31:01.000 [notice] Bootstrapped 40% (loading_keys): Loading authority key certs
[w0:ab:pro] tor: Aug 05 16:31:02.000 [notice] Bootstrapped 45% (requesting_descriptors): Asking for relay descriptors
Aug 05 16:31:02.000 [notice] I learned some more directory 
[w0:ab:pro] tor: Aug 05 16:31:03.000 [notice] Bootstrapped 50% (loading_descriptors): Loading relay descriptors
[w0:ab:pro] tor: Aug 05 16:31:13.000 [notice] Bootstrapped 55% (loading_descriptors): Loading relay descriptors
[w0:ab:pro] tor: Aug 05 16:31:13.000 [notice] Bootstrapped 61% (loading_descriptors): Loading relay descriptors
[w0:ab:pro] tor: Aug 05 16:31:13.000 [notice] Bootstrapped 67% (loading_descriptors): Loading relay descriptors
[w0:ab:pro] tor: Aug 05 16:31:13.000 [notice] Bootstrapped 75% (enough_dirinfo): Loaded enough directory info to build circuits
[w0:ab:pro] tor: Aug 05 16:31:14.000 [notice] Bootstrapped 90% (ap_handshake_done): Handshake finished with a relay to build circuits
Aug 05 16:31:14.000 [notice] Bootstrapped 9
[w0:ab:pro] tor: Aug 05 16:31:15.000 [notice] Bootstrapped 100% (done): Done
[w0:ab:pro] Tor ready on 19050 exit=192.42.116.112
[w0:ab:pro] Rotating IP (#27, try 1) after API 400 for "anthropot": {"message":"Invalid parameters"} → tor#28 socks5://127.0.0.1:19050
[w0:ab:pro] Launching persistent Chrome profile /tmp/lll-pw-w0-r27
[w0:ab:pro] Proxy tor#28 socks5://127.0.0.1:19050
[w0:ab:pro] Opening https://lastletterlibrary.com
[w0:ab:pro] Library mode=pro
[w0:ab:pro] heartbeat words=27853 queue=7 rotation=27 idle=4s
[w0:ab:pro] Managed Turnstile token (len=816, 5864ms, remount)
[w0:ab:pro] Search mode=direct (skip UI Wait Ns… gate)
[w0:ab:pro] Cleaned 1 old rotated profile(s)
[w0:ab:pro] Browser exit IP=192.42.116.112 (unique)
[w0:ab:pro] Searching "anthropot" | queue=6 | words=27853
[w0:ab:pro] [api] 400 mode=pro startsWith=anthropot
[w0:ab:pro] [api] 400 mode=pro startsWith=anthropot (731ms direct)
[w0:ab:pro] Failed "anthropot" attempt 51: API 400 for "anthropot": {"message":"Invalid parameters"}
[w0:ab:pro] Deferring stuck "anthropot" to end of queue after 51 failures (API 400 for "anthropot": {"message":"Invalid parameters"})
[w0:ab:pro] Saved 27,853 worker words
[w0:ab:pro] heartbeat words=27853 queue=7 rotation=27 idle=56s
[w0:ab:pro] Searching "anthropot" | queue=6 | words=27853
[w0:ab:pro] Managed Turnstile token (len=816, 12089ms, reset)
[w0:ab:pro] [api] 400 mode=pro startsWith=anthropot
[w0:ab:pro] [api] 400 mode=pro startsWith=anthropot (709ms direct)
[w0:ab:pro] Failed "anthropot" attempt 52: API 400 for "anthropot": {"message":"Invalid parameters"}
[w0:ab:pro] Deferring stuck "anthropot" to end of queue after 52 failures (API 400 for "anthropot": {"message":"Invalid parameters"})
[w0:ab:pro] Saved 27,853 worker words
[w0:ab:pro] heartbeat words=27853 queue=7 rotation=27 idle=40s
[w0:ab:pro] Starting Tor gen=29 socks=127.0.0.1:19050 (try 1)
[w0:ab:pro] tor: Aug 05 16:34:19.795 [warn] Fixing permissions on directory /tmp/lll-tor-w0
[w0:ab:pro] Tor exited code=0
[w0:ab:pro] tor: Aug 05 16:34:20.000 [notice] Bootstrapped 0% (starting): Starting
[w0:ab:pro] tor: Aug 05 16:34:21.000 [notice] Bootstrapped 5% (conn): Connecting to a relay
[w0:ab:pro] tor: Aug 05 16:34:21.000 [notice] Bootstrapped 10% (conn_done): Connected to a relay
[w0:ab:pro] tor: Aug 05 16:34:27.000 [notice] Bootstrapped 14% (handshake): Handshaking with a relay
[w0:ab:pro] tor: Aug 05 16:34:28.000 [notice] Bootstrapped 15% (handshake_done): Handshake with a relay done
Aug 05 16:34:28.000 [notice] Bootstrapped 20% (onehop_create): Estab
[w0:ab:pro] tor: Aug 05 16:34:28.000 [notice] Bootstrapped 25% (requesting_status): Asking for networkstatus consensus
[w0:ab:pro] tor: Aug 05 16:34:28.000 [notice] Bootstrapped 30% (loading_status): Loading networkstatus consensus
[w0:ab:pro] heartbeat words=27853 queue=7 rotation=28 idle=0s
[w0:ab:pro] tor: Aug 05 16:34:29.000 [notice] Bootstrapped 40% (loading_keys): Loading authority key certs
[w0:ab:pro] tor: Aug 05 16:34:29.000 [notice] Bootstrapped 45% (requesting_descriptors): Asking for relay descriptors
Aug 05 16:34:29.000 [notice] I learned some more directory 
[w0:ab:pro] tor: Aug 05 16:34:30.000 [notice] Bootstrapped 50% (loading_descriptors): Loading relay descriptors
[w0:ab:pro] tor: Aug 05 16:34:39.000 [notice] Bootstrapped 55% (loading_descriptors): Loading relay descriptors
[w0:ab:pro] tor: Aug 05 16:34:39.000 [notice] Bootstrapped 61% (loading_descriptors): Loading relay descriptors
[w0:ab:pro] tor: Aug 05 16:34:40.000 [notice] Bootstrapped 67% (loading_descriptors): Loading relay descriptors
[w0:ab:pro] tor: Aug 05 16:34:40.000 [notice] Bootstrapped 75% (enough_dirinfo): Loaded enough directory info to build circuits
[w0:ab:pro] tor: Aug 05 16:34:40.000 [notice] Bootstrapped 90% (ap_handshake_done): Handshake finished with a relay to build circuits
Aug 05 16:34:40.000 [notice] Bootstrapped 9
[w0:ab:pro] tor: Aug 05 16:34:41.000 [notice] Bootstrapped 100% (done): Done
[w0:ab:pro] Tor ready on 19050 exit=185.220.101.1
[w0:ab:pro] Rotating IP (#28, try 1) after API 400 for "anthropot": {"message":"Invalid parameters"} → tor#29 socks5://127.0.0.1:19050
[w0:ab:pro] Launching persistent Chrome profile /tmp/lll-pw-w0-r28
[w0:ab:pro] Proxy tor#29 socks5://127.0.0.1:19050
[w0:ab:pro] Opening https://lastletterlibrary.com
[w0:ab:pro] Library mode=pro
[w0:ab:pro] Turnstile token present (len=816)
[w0:ab:pro] Site Turnstile token (20212ms)
[w0:ab:pro] Search mode=direct (skip UI Wait Ns… gate)
[w0:ab:pro] Cleaned 1 old rotated profile(s)
[w0:ab:pro] Browser exit IP=109.70.100.11 (unique)
[w0:ab:pro] Searching "anthropot" | queue=6 | words=27853
[w0:ab:pro] [api] 400 mode=pro startsWith=anthropot
[w0:ab:pro] [api] 400 mode=pro startsWith=anthropot (445ms direct)
[w0:ab:pro] Failed "anthropot" attempt 53: API 400 for "anthropot": {"message":"Invalid parameters"}
[w0:ab:pro] Deferring stuck "anthropot" to end of queue after 53 failures (API 400 for "anthropot": {"message":"Invalid parameters"})
[w0:ab:pro] Saved 27,853 worker words; shared last.txt now 362,729
[w0:ab:pro] heartbeat words=27853 queue=7 rotation=28 idle=15s
[w0:ab:pro] Searching "anthropot" | queue=6 | words=27853
[w0:ab:pro] heartbeat words=27853 queue=6 rotation=28 idle=14s
[w0:ab:pro] Turnstile token present (len=816)
[w0:ab:pro] Site Turnstile token (24445ms)
[w0:ab:pro] [api] 400 mode=pro startsWith=anthropot
[w0:ab:pro] [api] 400 mode=pro startsWith=anthropot (476ms direct)
[w0:ab:pro] Failed "anthropot" attempt 54: API 400 for "anthropot": {"message":"Invalid parameters"}
[w0:ab:pro] Deferring stuck "anthropot" to end of queue after 54 failures (API 400 for "anthropot": {"message":"Invalid parameters"})
[w0:ab:pro] Saved 27,853 worker words
[w0:ab:pro] heartbeat words=27853 queue=7 rotation=28 idle=47s
[w0:ab:pro] Starting Tor gen=30 socks=127.0.0.1:19050 (try 1)
[w0:ab:pro] tor: Aug 05 16:37:46.417 [notice] Opening Socks listener on 127.0.0.1:19050
Aug 05 16:37:46.417 [notice] Opened Socks listener connection (ready) on 127.0.0.1:19050

[w0:ab:pro] Tor exited code=0
[w0:ab:pro] tor: Aug 05 16:37:49.000 [notice] Bootstrapped 0% (starting): Starting
Aug 05 16:37:49.000 [notice] Starting with guard context "default"
[w0:ab:pro] tor: Aug 05 16:37:50.000 [notice] Bootstrapped 5% (conn): Connecting to a relay
Aug 05 16:37:50.000 [notice] Bootstrapped 10% (conn_done): Connected to a relay
[w0:ab:pro] tor: Aug 05 16:37:50.000 [notice] Bootstrapped 14% (handshake): Handshaking with a relay
[w0:ab:pro] tor: Aug 05 16:37:51.000 [notice] Bootstrapped 15% (handshake_done): Handshake with a relay done
Aug 05 16:37:51.000 [notice] Bootstrapped 20% (onehop_create): Estab
[w0:ab:pro] tor: Aug 05 16:37:51.000 [notice] Bootstrapped 25% (requesting_status): Asking for networkstatus consensus
[w0:ab:pro] tor: Aug 05 16:37:51.000 [notice] Bootstrapped 30% (loading_status): Loading networkstatus consensus
[w0:ab:pro] tor: Aug 05 16:37:54.000 [notice] Bootstrapped 40% (loading_keys): Loading authority key certs
[w0:ab:pro] tor: Aug 05 16:37:57.000 [notice] The current consensus has no exit nodes. Tor can only build internal paths, such as paths to onion services.
Aug 05 16:37:57.000 [n
[w0:ab:pro] tor: Aug 05 16:37:59.000 [notice] Bootstrapped 50% (loading_descriptors): Loading relay descriptors
[w0:ab:pro] tor: Aug 05 16:38:09.000 [notice] Bootstrapped 55% (loading_descriptors): Loading relay descriptors
[w0:ab:pro] tor: Aug 05 16:38:12.000 [notice] Bootstrapped 61% (loading_descriptors): Loading relay descriptors
[w0:ab:pro] tor: Aug 05 16:38:14.000 [notice] Bootstrapped 67% (loading_descriptors): Loading relay descriptors
[w0:ab:pro] tor: Aug 05 16:38:17.000 [notice] Bootstrapped 75% (enough_dirinfo): Loaded enough directory info to build circuits
[w0:ab:pro] tor: Aug 05 16:38:17.000 [notice] Bootstrapped 90% (ap_handshake_done): Handshake finished with a relay to build circuits
Aug 05 16:38:17.000 [notice] Bootstrapped 9
[w0:ab:pro] tor: Aug 05 16:38:18.000 [notice] Bootstrapped 100% (done): Done
[w0:ab:pro] Tor ready on 19050 exit=171.25.193.39
[w0:ab:pro] Rotating IP (#29, try 1) after API 400 for "anthropot": {"message":"Invalid parameters"} → tor#30 socks5://127.0.0.1:19050
[w0:ab:pro] Launching persistent Chrome profile /tmp/lll-pw-w0-r29
[w0:ab:pro] Proxy tor#30 socks5://127.0.0.1:19050
[w0:ab:pro] Opening https://lastletterlibrary.com
[w0:ab:pro] heartbeat words=27853 queue=7 rotation=29 idle=5s
[w0:ab:pro] Library mode=pro
[w0:ab:pro] Managed Turnstile token (len=816, 10098ms, remount)
[w0:ab:pro] Search mode=direct (skip UI Wait Ns… gate)
[w0:ab:pro] Cleaned 1 old rotated profile(s)
[w0:ab:pro] Browser exit IP=109.70.100.11 (unique)
[w0:ab:pro] Searching "anthropot" | queue=6 | words=27853
[w0:ab:pro] [api] 400 mode=pro startsWith=anthropot
[w0:ab:pro] [api] 400 mode=pro startsWith=anthropot (964ms direct)
[w0:ab:pro] Failed "anthropot" attempt 55: API 400 for "anthropot": {"message":"Invalid parameters"}
[w0:ab:pro] Deferring stuck "anthropot" to end of queue after 55 failures (API 400 for "anthropot": {"message":"Invalid parameters"})
[w0:ab:pro] Saved 27,853 worker words
[w0:ab:pro] heartbeat words=27853 queue=7 rotation=29 idle=39s
[w0:ab:pro] Searching "anthropot" | queue=6 | words=27853
[w0:ab:pro] Managed Turnstile token (len=816, 16911ms, reset)
[w0:ab:pro] [api] 400 mode=pro startsWith=anthropot
[w0:ab:pro] [api] 400 mode=pro startsWith=anthropot (813ms direct)
[w0:ab:pro] Failed "anthropot" attempt 56: API 400 for "anthropot": {"message":"Invalid parameters"}
[w0:ab:pro] Deferring stuck "anthropot" to end of queue after 56 failures (API 400 for "anthropot": {"message":"Invalid parameters"})
[w0:ab:pro] Saved 27,853 worker words
[w0:ab:pro] heartbeat words=27853 queue=7 rotation=29 idle=20s
[w0:ab:pro] Tor exited code=0
[w0:ab:pro] Starting Tor gen=31 socks=127.0.0.1:19050 (try 1)
[w0:ab:pro] tor: Aug 05 16:41:10.699 [notice] Opening Socks listener on 127.0.0.1:19050
Aug 05 16:41:10.699 [notice] Opened Socks listener connection (ready) on 127.0.0.1:19050

[w0:ab:pro] tor: Aug 05 16:41:11.000 [notice] Bootstrapped 0% (starting): Starting
[w0:ab:pro] tor: Aug 05 16:41:12.000 [notice] Bootstrapped 5% (conn): Connecting to a relay
[w0:ab:pro] tor: Aug 05 16:41:12.000 [notice] Bootstrapped 10% (conn_done): Connected to a relay
[w0:ab:pro] heartbeat words=27853 queue=7 rotation=30 idle=16s
[w0:ab:pro] tor: Aug 05 16:42:20.000 [notice] Bootstrapped 14% (handshake): Handshaking with a relay
[w0:ab:pro] tor: Aug 05 16:42:20.000 [notice] Bootstrapped 15% (handshake_done): Handshake with a relay done
Aug 05 16:42:20.000 [notice] Bootstrapped 20% (onehop_create): Estab
[w0:ab:pro] tor: Aug 05 16:42:21.000 [notice] Bootstrapped 25% (requesting_status): Asking for networkstatus consensus
[w0:ab:pro] tor: Aug 05 16:42:21.000 [notice] Bootstrapped 30% (loading_status): Loading networkstatus consensus
[w0:ab:pro] tor: Aug 05 16:42:22.000 [notice] Bootstrapped 40% (loading_keys): Loading authority key certs
[w0:ab:pro] tor: Aug 05 16:42:23.000 [notice] Bootstrapped 45% (requesting_descriptors): Asking for relay descriptors
Aug 05 16:42:23.000 [notice] I learned some more directory 
[w0:ab:pro] tor: Aug 05 16:42:24.000 [notice] Bootstrapped 50% (loading_descriptors): Loading relay descriptors
[w0:ab:pro] heartbeat words=27853 queue=7 rotation=30 idle=4s
[w0:ab:pro] tor: Aug 05 16:42:36.000 [notice] Bootstrapped 55% (loading_descriptors): Loading relay descriptors
[w0:ab:pro] tor: Aug 05 16:42:44.000 [notice] Bootstrapped 61% (loading_descriptors): Loading relay descriptors
[w0:ab:pro] tor: Aug 05 16:42:47.000 [notice] Bootstrapped 67% (loading_descriptors): Loading relay descriptors
[w0:ab:pro] tor: Aug 05 16:42:50.000 [notice] Bootstrapped 75% (enough_dirinfo): Loaded enough directory info to build circuits
[w0:ab:pro] tor: Aug 05 16:42:53.000 [notice] Bootstrapped 90% (ap_handshake_done): Handshake finished with a relay to build circuits
Aug 05 16:42:53.000 [notice] Bootstrapped 9
[w0:ab:pro] tor: Aug 05 16:42:55.000 [notice] Bootstrapped 100% (done): Done
[w0:ab:pro] Tor ready on 19050 exit=192.42.116.14
[w0:ab:pro] Rotating IP (#30, try 1) after API 400 for "anthropot": {"message":"Invalid parameters"} → tor#31 socks5://127.0.0.1:19050
[w0:ab:pro] Launching persistent Chrome profile /tmp/lll-pw-w0-r30
[w0:ab:pro] Proxy tor#31 socks5://127.0.0.1:19050
[w0:ab:pro] Opening https://lastletterlibrary.com
[w0:ab:pro] Library mode=pro
[w0:ab:pro] heartbeat words=27853 queue=7 rotation=30 idle=2s
[w0:ab:pro] Managed Turnstile token (len=816, 12682ms, remount)
[w0:ab:pro] Search mode=direct (skip UI Wait Ns… gate)
[w0:ab:pro] Cleaned 1 old rotated profile(s)
[w0:ab:pro] Browser exit IP=192.42.116.14 (unique)
[w0:ab:pro] Searching "anthropot" | queue=6 | words=27853
[w0:ab:pro] [api] 400 mode=pro startsWith=anthropot
[w0:ab:pro] [api] 400 mode=pro startsWith=anthropot (681ms direct)
[w0:ab:pro] Failed "anthropot" attempt 57: API 400 for "anthropot": {"message":"Invalid parameters"}
[w0:ab:pro] Deferring stuck "anthropot" to end of queue after 57 failures (API 400 for "anthropot": {"message":"Invalid parameters"})
[w0:ab:pro] Saved 27,853 worker words
[w0:ab:pro] heartbeat words=27853 queue=7 rotation=30 idle=42s
[w0:ab:pro] Searching "anthropot" | queue=6 | words=27853
[w0:ab:pro] Managed Turnstile token (len=816, 9353ms, reset)
[w0:ab:pro] [api] 400 mode=pro startsWith=anthropot
[w0:ab:pro] [api] 400 mode=pro startsWith=anthropot (591ms direct)
[w0:ab:pro] Failed "anthropot" attempt 58: API 400 for "anthropot": {"message":"Invalid parameters"}
[w0:ab:pro] Deferring stuck "anthropot" to end of queue after 58 failures (API 400 for "anthropot": {"message":"Invalid parameters"})
[w0:ab:pro] Saved 27,853 worker words
[w0:ab:pro] heartbeat words=27853 queue=7 rotation=30 idle=32s
[w0:ab:pro] Tor exited code=0
[w0:ab:pro] Starting Tor gen=32 socks=127.0.0.1:19050 (try 1)
[w0:ab:pro] tor: Aug 05 16:45:59.045 [warn] Fixing permissions on directory /tmp/lll-tor-w0
[w0:ab:pro] tor: Aug 05 16:46:00.000 [notice] Bootstrapped 0% (starting): Starting
Aug 05 16:46:00.000 [notice] Starting with guard context "default"
[w0:ab:pro] tor: Aug 05 16:46:02.000 [notice] Bootstrapped 5% (conn): Connecting to a relay
[w0:ab:pro] tor: Aug 05 16:46:02.000 [notice] Bootstrapped 10% (conn_done): Connected to a relay
[w0:ab:pro] heartbeat words=27853 queue=7 rotation=31 idle=27s
[w0:ab:pro] tor: Aug 05 16:47:10.000 [notice] Bootstrapped 14% (handshake): Handshaking with a relay
[w0:ab:pro] tor: Aug 05 16:47:10.000 [notice] Bootstrapped 15% (handshake_done): Handshake with a relay done
Aug 05 16:47:10.000 [notice] Bootstrapped 20% (onehop_create): Estab
[w0:ab:pro] tor: Aug 05 16:47:10.000 [notice] Bootstrapped 25% (requesting_status): Asking for networkstatus consensus
[w0:ab:pro] tor: Aug 05 16:47:10.000 [notice] Bootstrapped 30% (loading_status): Loading networkstatus consensus
[w0:ab:pro] tor: Aug 05 16:47:12.000 [notice] Bootstrapped 40% (loading_keys): Loading authority key certs
[w0:ab:pro] tor: Aug 05 16:47:12.000 [notice] Bootstrapped 45% (requesting_descriptors): Asking for relay descriptors
Aug 05 16:47:12.000 [notice] I learned some more directory 
[w0:ab:pro] tor: Aug 05 16:47:13.000 [notice] Bootstrapped 50% (loading_descriptors): Loading relay descriptors
[w0:ab:pro] tor: Aug 05 16:47:21.000 [notice] Bootstrapped 56% (loading_descriptors): Loading relay descriptors
[w0:ab:pro] tor: Aug 05 16:47:24.000 [notice] Bootstrapped 61% (loading_descriptors): Loading relay descriptors
[w0:ab:pro] tor: Aug 05 16:47:24.000 [notice] Bootstrapped 67% (loading_descriptors): Loading relay descriptors
[w0:ab:pro] tor: Aug 05 16:47:24.000 [notice] Bootstrapped 75% (enough_dirinfo): Loaded enough directory info to build circuits
[w0:ab:pro] tor: Aug 05 16:47:26.000 [notice] Bootstrapped 90% (ap_handshake_done): Handshake finished with a relay to build circuits
Aug 05 16:47:26.000 [notice] Bootstrapped 9
[w0:ab:pro] tor: Aug 05 16:47:28.000 [notice] Bootstrapped 100% (done): Done
[w0:ab:pro] heartbeat words=27853 queue=7 rotation=31 idle=1s
[w0:ab:pro] Tor ready on 19050 exit=185.220.101.28
[w0:ab:pro] Rotating IP (#31, try 1) after API 400 for "anthropot": {"message":"Invalid parameters"} → tor#32 socks5://127.0.0.1:19050
[w0:ab:pro] Launching persistent Chrome profile /tmp/lll-pw-w0-r31
[w0:ab:pro] Proxy tor#32 socks5://127.0.0.1:19050
[w0:ab:pro] Opening https://lastletterlibrary.com
[w0:ab:pro] Library mode=pro
[w0:ab:pro] Site Turnstile remint timed out (24346ms)
[w0:ab:pro] Search mode=direct (skip UI Wait Ns… gate)
[w0:ab:pro] Cleaned 1 old rotated profile(s)
[w0:ab:pro] Browser exit IP=45.83.104.137 (unique)
[w0:ab:pro] Searching "anthropot" | queue=6 | words=27853
[w0:ab:pro] heartbeat words=27853 queue=6 rotation=31 idle=11s
[w0:ab:pro] Turnstile mint hard timeout after 28000ms
[w0:ab:pro] Site Turnstile remint timed out (28761ms)
[w0:ab:pro] Turnstile mint hard timeout after 28000ms
[w0:ab:pro] Site Turnstile remint timed out (34475ms)
[w0:ab:pro] heartbeat words=27853 queue=6 rotation=31 idle=11s
[w0:ab:pro] Site Turnstile remint timed out (26653ms)
[w0:ab:pro] Site Turnstile remint timed out (22779ms)
[w0:ab:pro] Failed "anthropot" attempt 59: No Turnstile token for direct search
[w0:ab:pro] Deferring stuck "anthropot" to end of queue after 59 failures (No Turnstile token for direct search)
[w0:ab:pro] Saved 27,853 worker words
[w0:ab:pro] Tor exited code=0
[w0:ab:pro] Starting Tor gen=33 socks=127.0.0.1:19050 (try 1)
[w0:ab:pro] tor: Aug 05 16:50:04.800 [warn] Fixing permissions on directory /tmp/lll-tor-w0
[w0:ab:pro] tor: Aug 05 16:50:05.000 [notice] Bootstrapped 0% (starting): Starting
[w0:ab:pro] tor: Aug 05 16:50:06.000 [notice] Bootstrapped 5% (conn): Connecting to a relay
[w0:ab:pro] tor: Aug 05 16:50:06.000 [notice] Bootstrapped 10% (conn_done): Connected to a relay
[w0:ab:pro] tor: Aug 05 16:50:10.000 [notice] Bootstrapped 14% (handshake): Handshaking with a relay
[w0:ab:pro] tor: Aug 05 16:50:11.000 [notice] Bootstrapped 15% (handshake_done): Handshake with a relay done
Aug 05 16:50:11.000 [notice] Bootstrapped 20% (onehop_create): Estab
[w0:ab:pro] tor: Aug 05 16:50:11.000 [notice] Bootstrapped 25% (requesting_status): Asking for networkstatus consensus
[w0:ab:pro] tor: Aug 05 16:50:11.000 [notice] Bootstrapped 30% (loading_status): Loading networkstatus consensus
[w0:ab:pro] tor: Aug 05 16:50:13.000 [notice] Bootstrapped 40% (loading_keys): Loading authority key certs
[w0:ab:pro] tor: Aug 05 16:50:13.000 [notice] Bootstrapped 45% (requesting_descriptors): Asking for relay descriptors
Aug 05 16:50:13.000 [notice] I learned some more directory 
[w0:ab:pro] tor: Aug 05 16:50:14.000 [notice] Bootstrapped 50% (loading_descriptors): Loading relay descriptors
[w0:ab:pro] tor: Aug 05 16:50:26.000 [notice] Bootstrapped 56% (loading_descriptors): Loading relay descriptors
[w0:ab:pro] tor: Aug 05 16:50:27.000 [notice] Bootstrapped 63% (loading_descriptors): Loading relay descriptors
[w0:ab:pro] tor: Aug 05 16:50:27.000 [notice] Bootstrapped 69% (loading_descriptors): Loading relay descriptors
[w0:ab:pro] heartbeat words=27853 queue=7 rotation=32 idle=2s
[w0:ab:pro] tor: Aug 05 16:50:39.000 [notice] Bootstrapped 75% (enough_dirinfo): Loaded enough directory info to build circuits
[w0:ab:pro] tor: Aug 05 16:50:40.000 [notice] Bootstrapped 90% (ap_handshake_done): Handshake finished with a relay to build circuits
Aug 05 16:50:40.000 [notice] Bootstrapped 9
[w0:ab:pro] tor: Aug 05 16:50:41.000 [notice] Bootstrapped 100% (done): Done
[w0:ab:pro] Tor ready on 19050 exit=185.220.101.24
[w0:ab:pro] Rotating IP (#32, try 1) after No Turnstile token for direct search → tor#33 socks5://127.0.0.1:19050
[w0:ab:pro] Launching persistent Chrome profile /tmp/lll-pw-w0-r32
[w0:ab:pro] Proxy tor#33 socks5://127.0.0.1:19050
[w0:ab:pro] Opening https://lastletterlibrary.com
[w0:ab:pro] Library mode=pro
[w0:ab:pro] Site Turnstile remint timed out (24339ms)
[w0:ab:pro] Search mode=direct (skip UI Wait Ns… gate)
[w0:ab:pro] Cleaned 1 old rotated profile(s)
[w0:ab:pro] Browser exit IP=185.220.101.180 (unique)
[w0:ab:pro] Searching "anthropot" | queue=6 | words=27853
[w0:ab:pro] heartbeat words=27853 queue=6 rotation=32 idle=10s
[w0:ab:pro] Site Turnstile remint timed out (23588ms)
[w0:ab:pro] Site Turnstile remint timed out (24273ms)
[w0:ab:pro] Site Turnstile remint timed out (23202ms)
[w0:ab:pro] heartbeat words=27853 queue=6 rotation=32 idle=0s
[w0:ab:pro] Site Turnstile remint timed out (23966ms)
[w0:ab:pro] Failed "anthropot" attempt 59: No Turnstile token for direct search
[w0:ab:pro] Deferring stuck "anthropot" to end of queue after 59 failures (No Turnstile token for direct search)
[w0:ab:pro] Saved 27,853 worker words
[w0:ab:pro] Tor exited code=null
[w0:ab:pro] Starting Tor gen=34 socks=127.0.0.1:19050 (try 1)
[w0:ab:pro] tor: Aug 05 16:52:57.053 [warn] Fixing permissions on directory /tmp/lll-tor-w0
[w0:ab:pro] tor: Aug 05 16:52:59.000 [notice] Bootstrapped 0% (starting): Starting
Aug 05 16:52:59.000 [notice] Starting with guard context "default"
[w0:ab:pro] tor: Aug 05 16:53:00.000 [notice] Bootstrapped 5% (conn): Connecting to a relay
[w0:ab:pro] tor: Aug 05 16:53:00.000 [notice] Bootstrapped 10% (conn_done): Connected to a relay
[w0:ab:pro] tor: Aug 05 16:53:01.000 [notice] Bootstrapped 14% (handshake): Handshaking with a relay
[w0:ab:pro] tor: Aug 05 16:53:03.000 [notice] Bootstrapped 15% (handshake_done): Handshake with a relay done
Aug 05 16:53:03.000 [notice] Bootstrapped 20% (onehop_create): Estab
[w0:ab:pro] tor: Aug 05 16:53:03.000 [notice] Bootstrapped 25% (requesting_status): Asking for networkstatus consensus
[w0:ab:pro] heartbeat words=27853 queue=7 rotation=33 idle=26s
[w0:ab:pro] tor: Aug 05 16:54:02.000 [notice] Bootstrapped 30% (loading_status): Loading networkstatus consensus
[w0:ab:pro] tor: Aug 05 16:54:03.000 [notice] Bootstrapped 40% (loading_keys): Loading authority key certs
[w0:ab:pro] tor: Aug 05 16:54:04.000 [notice] Bootstrapped 45% (requesting_descriptors): Asking for relay descriptors
Aug 05 16:54:04.000 [notice] I learned some more directory 
[w0:ab:pro] tor: Aug 05 16:54:06.000 [notice] Bootstrapped 50% (loading_descriptors): Loading relay descriptors
[w0:ab:pro] tor: Aug 05 16:54:24.000 [notice] Bootstrapped 55% (loading_descriptors): Loading relay descriptors
[w0:ab:pro] tor: Aug 05 16:54:25.000 [notice] Bootstrapped 61% (loading_descriptors): Loading relay descriptors
[w0:ab:pro] tor: Aug 05 16:54:26.000 [notice] Bootstrapped 67% (loading_descriptors): Loading relay descriptors
[w0:ab:pro] tor: Aug 05 16:54:27.000 [notice] Bootstrapped 75% (enough_dirinfo): Loaded enough directory info to build circuits
[w0:ab:pro] tor: Aug 05 16:54:29.000 [notice] Bootstrapped 90% (ap_handshake_done): Handshake finished with a relay to build circuits
Aug 05 16:54:29.000 [notice] Bootstrapped 9
[w0:ab:pro] heartbeat words=27853 queue=7 rotation=33 idle=0s
[w0:ab:pro] tor: Aug 05 16:54:30.000 [notice] Bootstrapped 100% (done): Done
[w0:ab:pro] Tor ready on 19050 exit=109.70.100.11
[w0:ab:pro] Rotating IP (#33, try 1) after No Turnstile token for direct search → tor#34 socks5://127.0.0.1:19050
[w0:ab:pro] Launching persistent Chrome profile /tmp/lll-pw-w0-r33
[w0:ab:pro] Proxy tor#34 socks5://127.0.0.1:19050
[w0:ab:pro] Opening https://lastletterlibrary.com
[w0:ab:pro] Library mode=pro
[w0:ab:pro] Managed Turnstile token (len=816, 9026ms, remount)
[w0:ab:pro] Search mode=direct (skip UI Wait Ns… gate)
[w0:ab:pro] Cleaned 1 old rotated profile(s)
[w0:ab:pro] Browser exit IP=192.42.116.44 (unique)
[w0:ab:pro] Searching "anthropot" | queue=6 | words=27853
[w0:ab:pro] [api] 400 mode=pro startsWith=anthropot
[w0:ab:pro] [api] 400 mode=pro startsWith=anthropot (587ms direct)
[w0:ab:pro] Failed "anthropot" attempt 59: API 400 for "anthropot": {"message":"Invalid parameters"}
[w0:ab:pro] Deferring stuck "anthropot" to end of queue after 59 failures (API 400 for "anthropot": {"message":"Invalid parameters"})
[w0:ab:pro] Saved 27,853 worker words; shared last.txt now 366,370
[w0:ab:pro] heartbeat words=27853 queue=7 rotation=33 idle=21s
[w0:ab:pro] Searching "anthropot" | queue=6 | words=27853
[w0:ab:pro] Turnstile token present (len=816)
[w0:ab:pro] Site Turnstile token (19988ms)
[w0:ab:pro] heartbeat words=27853 queue=6 rotation=33 idle=0s
[w0:ab:pro] [api] 400 mode=pro startsWith=anthropot
[w0:ab:pro] [api] 400 mode=pro startsWith=anthropot (552ms direct)
[w0:ab:pro] Failed "anthropot" attempt 60: API 400 for "anthropot": {"message":"Invalid parameters"}
[w0:ab:pro] Deferring stuck "anthropot" to end of queue after 60 failures (API 400 for "anthropot": {"message":"Invalid parameters"})
[w0:ab:pro] Saved 27,853 worker words
[w0:ab:pro] heartbeat words=27853 queue=7 rotation=33 idle=58s
[w0:ab:pro] Tor exited code=0
[w0:ab:pro] Starting Tor gen=35 socks=127.0.0.1:19050 (try 1)
[w0:ab:pro] tor: Aug 05 16:57:33.194 [notice] Opened Socks listener connection (ready) on 127.0.0.1:19050
Aug 05 16:57:33.194 [warn] Fixing permissions on directory /tmp/lll-tor
[w0:ab:pro] tor: Aug 05 16:57:33.000 [notice] Bootstrapped 0% (starting): Starting
[w0:ab:pro] tor: Aug 05 16:57:34.000 [notice] Bootstrapped 5% (conn): Connecting to a relay
[w0:ab:pro] tor: Aug 05 16:57:34.000 [notice] Bootstrapped 10% (conn_done): Connected to a relay
[w0:ab:pro] tor: Aug 05 16:57:36.000 [notice] Bootstrapped 14% (handshake): Handshaking with a relay
[w0:ab:pro] tor: Aug 05 16:57:39.000 [notice] Bootstrapped 15% (handshake_done): Handshake with a relay done
Aug 05 16:57:39.000 [notice] Bootstrapped 20% (onehop_create): Estab
[w0:ab:pro] tor: Aug 05 16:57:39.000 [notice] Bootstrapped 25% (requesting_status): Asking for networkstatus consensus
[w0:ab:pro] tor: Aug 05 16:57:39.000 [notice] Bootstrapped 30% (loading_status): Loading networkstatus consensus
[w0:ab:pro] tor: Aug 05 16:57:40.000 [notice] Bootstrapped 40% (loading_keys): Loading authority key certs
[w0:ab:pro] tor: Aug 05 16:57:40.000 [notice] Bootstrapped 45% (requesting_descriptors): Asking for relay descriptors
Aug 05 16:57:40.000 [notice] I learned some more directory 
[w0:ab:pro] tor: Aug 05 16:57:41.000 [notice] Bootstrapped 50% (loading_descriptors): Loading relay descriptors
[w0:ab:pro] tor: Aug 05 16:57:46.000 [notice] Bootstrapped 55% (loading_descriptors): Loading relay descriptors
[w0:ab:pro] tor: Aug 05 16:57:47.000 [notice] Bootstrapped 61% (loading_descriptors): Loading relay descriptors
[w0:ab:pro] tor: Aug 05 16:57:47.000 [notice] Bootstrapped 67% (loading_descriptors): Loading relay descriptors
[w0:ab:pro] tor: Aug 05 16:57:47.000 [notice] Bootstrapped 75% (enough_dirinfo): Loaded enough directory info to build circuits
[w0:ab:pro] tor: Aug 05 16:57:47.000 [notice] Bootstrapped 90% (ap_handshake_done): Handshake finished with a relay to build circuits
Aug 05 16:57:47.000 [notice] Bootstrapped 9
[w0:ab:pro] tor: Aug 05 16:57:48.000 [notice] Bootstrapped 100% (done): Done
[w0:ab:pro] Tor ready on 19050 exit=171.25.193.80
[w0:ab:pro] Rotating IP (#34, try 1) after API 400 for "anthropot": {"message":"Invalid parameters"} → tor#35 socks5://127.0.0.1:19050
[w0:ab:pro] Launching persistent Chrome profile /tmp/lll-pw-w0-r34
[w0:ab:pro] Proxy tor#35 socks5://127.0.0.1:19050
[w0:ab:pro] Opening https://lastletterlibrary.com
[w0:ab:pro] Library mode=pro
[w0:ab:pro] Site Turnstile remint timed out (22327ms)
[w0:ab:pro] Search mode=direct (skip UI Wait Ns… gate)
[w0:ab:pro] Cleaned 1 old rotated profile(s)
[w0:ab:pro] Browser exit IP=185.220.101.133 (unique)
[w0:ab:pro] Searching "anthropot" | queue=6 | words=27853
[w0:ab:pro] heartbeat words=27853 queue=6 rotation=34 idle=7s
[w0:ab:pro] Turnstile token present (len=816)
[w0:ab:pro] Site Turnstile token (20531ms)
[w0:ab:pro] [api] 400 mode=pro startsWith=anthropot
[w0:ab:pro] [api] 400 mode=pro startsWith=anthropot (464ms direct)
[w0:ab:pro] Failed "anthropot" attempt 61: API 400 for "anthropot": {"message":"Invalid parameters"}
[w0:ab:pro] Deferring stuck "anthropot" to end of queue after 61 failures (API 400 for "anthropot": {"message":"Invalid parameters"})
[w0:ab:pro] Saved 27,853 worker words
[w0:ab:pro] heartbeat words=27853 queue=7 rotation=34 idle=47s
[w0:ab:pro] Searching "anthropot" | queue=6 | words=27853
[w0:ab:pro] Turnstile mint hard timeout after 28000ms
[w0:ab:pro] Site Turnstile remint timed out (28032ms)
[w0:ab:pro] heartbeat words=27853 queue=6 rotation=34 idle=19s
[w0:ab:pro] Turnstile token present (len=816)
[w0:ab:pro] Site Turnstile token (24010ms)
[w0:ab:pro] [api] 400 mode=pro startsWith=anthropot
[w0:ab:pro] [api] 400 mode=pro startsWith=anthropot (616ms direct)
[w0:ab:pro] Failed "anthropot" attempt 62: API 400 for "anthropot": {"message":"Invalid parameters"}
[w0:ab:pro] Deferring stuck "anthropot" to end of queue after 62 failures (API 400 for "anthropot": {"message":"Invalid parameters"})
[w0:ab:pro] Saved 27,853 worker words
[w0:ab:pro] heartbeat words=27853 queue=7 rotation=34 idle=50s
[w0:ab:pro] Starting Tor gen=36 socks=127.0.0.1:19050 (try 1)
[w0:ab:pro] tor: Aug 05 17:01:42.751 [notice] Opening Socks listener on 127.0.0.1:19050
Aug 05 17:01:42.751 [notice] Opened Socks listener connection (ready) on 127.0.0.1:19050

[w0:ab:pro] Tor exited code=0
[w0:ab:pro] tor: Aug 05 17:01:44.000 [notice] Bootstrapped 0% (starting): Starting
Aug 05 17:01:44.000 [notice] Starting with guard context "default"
[w0:ab:pro] tor: Aug 05 17:01:45.000 [notice] Bootstrapped 5% (conn): Connecting to a relay
[w0:ab:pro] tor: Aug 05 17:01:45.000 [notice] Bootstrapped 10% (conn_done): Connected to a relay
[w0:ab:pro] tor: Aug 05 17:01:47.000 [notice] Bootstrapped 14% (handshake): Handshaking with a relay
[w0:ab:pro] tor: Aug 05 17:01:47.000 [notice] Bootstrapped 15% (handshake_done): Handshake with a relay done
Aug 05 17:01:47.000 [notice] Bootstrapped 20% (onehop_create): Estab
[w0:ab:pro] tor: Aug 05 17:01:47.000 [notice] Bootstrapped 25% (requesting_status): Asking for networkstatus consensus
[w0:ab:pro] tor: Aug 05 17:01:47.000 [notice] Bootstrapped 30% (loading_status): Loading networkstatus consensus
[w0:ab:pro] tor: Aug 05 17:01:50.000 [notice] Bootstrapped 40% (loading_keys): Loading authority key certs
[w0:ab:pro] tor: Aug 05 17:01:51.000 [notice] Bootstrapped 45% (requesting_descriptors): Asking for relay descriptors
Aug 05 17:01:51.000 [notice] I learned some more directory 
[w0:ab:pro] tor: Aug 05 17:01:52.000 [notice] Bootstrapped 50% (loading_descriptors): Loading relay descriptors
[w0:ab:pro] tor: Aug 05 17:02:12.000 [notice] Bootstrapped 55% (loading_descriptors): Loading relay descriptors
[w0:ab:pro] heartbeat words=27853 queue=7 rotation=35 idle=17s
[w0:ab:pro] tor: Aug 05 17:03:02.000 [notice] Bootstrapped 61% (loading_descriptors): Loading relay descriptors
[w0:ab:pro] tor: Aug 05 17:03:05.000 [notice] Bootstrapped 66% (loading_descriptors): Loading relay descriptors
[w0:ab:pro] tor: Aug 05 17:03:09.000 [notice] Bootstrapped 75% (enough_dirinfo): Loaded enough directory info to build circuits
[w0:ab:pro] tor: Aug 05 17:03:09.000 [notice] Bootstrapped 90% (ap_handshake_done): Handshake finished with a relay to build circuits
Aug 05 17:03:09.000 [notice] Bootstrapped 9
[w0:ab:pro] tor: Aug 05 17:03:12.000 [notice] Bootstrapped 100% (done): Done
[w0:ab:pro] Tor ready on 19050 exit=45.84.107.55
[w0:ab:pro] Rotating IP (#35, try 1) after API 400 for "anthropot": {"message":"Invalid parameters"} → tor#36 socks5://127.0.0.1:19050
[w0:ab:pro] Launching persistent Chrome profile /tmp/lll-pw-w0-r35
[w0:ab:pro] Proxy tor#36 socks5://127.0.0.1:19050
[w0:ab:pro] Opening https://lastletterlibrary.com
[w0:ab:pro] Library mode=pro
[w0:ab:pro] heartbeat words=27853 queue=7 rotation=35 idle=0s
[w0:ab:pro] Site Turnstile remint timed out (22924ms)
[w0:ab:pro] Search mode=direct (skip UI Wait Ns… gate)
[w0:ab:pro] Cleaned 1 old rotated profile(s)
[w0:ab:pro] Browser exit IP=192.42.116.19 (unique)
[w0:ab:pro] Searching "anthropot" | queue=6 | words=27853
[w0:ab:pro] Managed Turnstile token (len=816, 18746ms, remount)
[w0:ab:pro] [api] 400 mode=pro startsWith=anthropot
[w0:ab:pro] [api] 400 mode=pro startsWith=anthropot (819ms direct)
[w0:ab:pro] Failed "anthropot" attempt 63: API 400 for "anthropot": {"message":"Invalid parameters"}
[w0:ab:pro] Deferring stuck "anthropot" to end of queue after 63 failures (API 400 for "anthropot": {"message":"Invalid parameters"})
[w0:ab:pro] Saved 27,853 worker words
[w0:ab:pro] heartbeat words=27853 queue=7 rotation=35 idle=13s
[w0:ab:pro] Searching "anthropot" | queue=6 | words=27853
[w0:ab:pro] Managed Turnstile token (len=816, 5550ms, reset)
[w0:ab:pro] [api] 400 mode=pro startsWith=anthropot
[w0:ab:pro] [api] 400 mode=pro startsWith=anthropot (697ms direct)
[w0:ab:pro] Failed "anthropot" attempt 64: API 400 for "anthropot": {"message":"Invalid parameters"}
[w0:ab:pro] Deferring stuck "anthropot" to end of queue after 64 failures (API 400 for "anthropot": {"message":"Invalid parameters"})
[w0:ab:pro] Saved 27,853 worker words
[w0:ab:pro] heartbeat words=27853 queue=7 rotation=35 idle=7s
[w0:ab:pro] Tor exited code=0
[w0:ab:pro] Starting Tor gen=37 socks=127.0.0.1:19050 (try 1)
[w0:ab:pro] tor: Aug 05 17:06:24.313 [warn] Fixing permissions on directory /tmp/lll-tor-w0
[w0:ab:pro] tor: Aug 05 17:06:24.000 [notice] Bootstrapped 0% (starting): Starting
Aug 05 17:06:24.000 [notice] Starting with guard context "default"
[w0:ab:pro] tor: Aug 05 17:06:25.000 [notice] Bootstrapped 5% (conn): Connecting to a relay
Aug 05 17:06:25.000 [notice] Bootstrapped 10% (conn_done): Connected to a relay
[w0:ab:pro] tor: Aug 05 17:06:28.000 [notice] Bootstrapped 14% (handshake): Handshaking with a relay
[w0:ab:pro] tor: Aug 05 17:06:28.000 [notice] Bootstrapped 15% (handshake_done): Handshake with a relay done
Aug 05 17:06:28.000 [notice] Bootstrapped 20% (onehop_create): Estab
[w0:ab:pro] tor: Aug 05 17:06:28.000 [notice] Bootstrapped 25% (requesting_status): Asking for networkstatus consensus
[w0:ab:pro] tor: Aug 05 17:06:28.000 [notice] Bootstrapped 30% (loading_status): Loading networkstatus consensus
[w0:ab:pro] heartbeat words=27853 queue=7 rotation=36 idle=1s
[w0:ab:pro] tor: Aug 05 17:06:30.000 [notice] Bootstrapped 40% (loading_keys): Loading authority key certs
[w0:ab:pro] tor: Aug 05 17:06:30.000 [notice] Bootstrapped 45% (requesting_descriptors): Asking for relay descriptors
Aug 05 17:06:30.000 [notice] I learned some more directory 
[w0:ab:pro] tor: Aug 05 17:06:31.000 [notice] Bootstrapped 50% (loading_descriptors): Loading relay descriptors
[w0:ab:pro] tor: Aug 05 17:06:39.000 [notice] Bootstrapped 55% (loading_descriptors): Loading relay descriptors
[w0:ab:pro] tor: Aug 05 17:06:39.000 [notice] Bootstrapped 61% (loading_descriptors): Loading relay descriptors
[w0:ab:pro] tor: Aug 05 17:06:39.000 [notice] Bootstrapped 67% (loading_descriptors): Loading relay descriptors
[w0:ab:pro] tor: Aug 05 17:06:39.000 [notice] Bootstrapped 75% (enough_dirinfo): Loaded enough directory info to build circuits
[w0:ab:pro] tor: Aug 05 17:06:39.000 [notice] Bootstrapped 90% (ap_handshake_done): Handshake finished with a relay to build circuits
Aug 05 17:06:39.000 [notice] Bootstrapped 9
[w0:ab:pro] tor: Aug 05 17:06:40.000 [notice] Bootstrapped 100% (done): Done
[w0:ab:pro] Tor ready on 19050 exit=192.42.116.13
[w0:ab:pro] Rotating IP (#36, try 1) after API 400 for "anthropot": {"message":"Invalid parameters"} → tor#37 socks5://127.0.0.1:19050
[w0:ab:pro] Launching persistent Chrome profile /tmp/lll-pw-w0-r36
[w0:ab:pro] Proxy tor#37 socks5://127.0.0.1:19050
[w0:ab:pro] Opening https://lastletterlibrary.com
[w0:ab:pro] Library mode=pro
[w0:ab:pro] Site Turnstile remint timed out (22689ms)
[w0:ab:pro] Search mode=direct (skip UI Wait Ns… gate)
[w0:ab:pro] Cleaned 1 old rotated profile(s)
[w0:ab:pro] Browser exit IP=192.42.116.13 (unique)
[w0:ab:pro] Searching "anthropot" | queue=6 | words=27853
[w0:ab:pro] heartbeat words=27853 queue=6 rotation=36 idle=15s
[w0:ab:pro] Site Turnstile remint timed out (22675ms)
[w0:ab:pro] Site Turnstile remint timed out (23905ms)
[w0:ab:pro] Managed Turnstile token (len=816, 8312ms, remount)
[w0:ab:pro] [api] 400 mode=pro startsWith=anthropot
[w0:ab:pro] [api] 400 mode=pro startsWith=anthropot (665ms direct)
[w0:ab:pro] Failed "anthropot" attempt 65: API 400 for "anthropot": {"message":"Invalid parameters"}
[w0:ab:pro] Deferring stuck "anthropot" to end of queue after 65 failures (API 400 for "anthropot": {"message":"Invalid parameters"})
[w0:ab:pro] Saved 27,853 worker words
[w0:ab:pro] heartbeat words=27853 queue=7 rotation=36 idle=20s
[w0:ab:pro] Searching "anthropot" | queue=6 | words=27853
[w0:ab:pro] Managed Turnstile token (len=816, 8281ms, reset)
[w0:ab:pro] [api] 400 mode=pro startsWith=anthropot
[w0:ab:pro] [api] 400 mode=pro startsWith=anthropot (550ms direct)
[w0:ab:pro] Failed "anthropot" attempt 66: API 400 for "anthropot": {"message":"Invalid parameters"}
[w0:ab:pro] Deferring stuck "anthropot" to end of queue after 66 failures (API 400 for "anthropot": {"message":"Invalid parameters"})
[w0:ab:pro] Saved 27,853 worker words
[w0:ab:pro] heartbeat words=27853 queue=7 rotation=36 idle=10s
[w0:ab:pro] Tor exited code=null
[w0:ab:pro] Starting Tor gen=38 socks=127.0.0.1:19050 (try 1)
[w0:ab:pro] tor: Aug 05 17:10:24.670 [notice] Opened Socks listener connection (ready) on 127.0.0.1:19050
Aug 05 17:10:24.670 [warn] Fixing permissions on directory /tmp/lll-tor
[w0:ab:pro] tor: Aug 05 17:10:26.000 [notice] Bootstrapped 0% (starting): Starting
Aug 05 17:10:26.000 [notice] Starting with guard context "default"
[w0:ab:pro] tor: Aug 05 17:10:27.000 [notice] Bootstrapped 5% (conn): Connecting to a relay
[w0:ab:pro] tor: Aug 05 17:10:27.000 [notice] Bootstrapped 10% (conn_done): Connected to a relay
[w0:ab:pro] tor: Aug 05 17:10:27.000 [notice] Bootstrapped 14% (handshake): Handshaking with a relay
[w0:ab:pro] tor: Aug 05 17:10:27.000 [notice] Bootstrapped 15% (handshake_done): Handshake with a relay done
[w0:ab:pro] tor: Aug 05 17:10:27.000 [notice] Bootstrapped 20% (onehop_create): Establishing an encrypted directory connection
[w0:ab:pro] tor: Aug 05 17:10:28.000 [notice] Bootstrapped 25% (requesting_status): Asking for networkstatus consensus
[w0:ab:pro] tor: Aug 05 17:10:28.000 [notice] Bootstrapped 30% (loading_status): Loading networkstatus consensus
[w0:ab:pro] tor: Aug 05 17:10:28.000 [notice] Bootstrapped 40% (loading_keys): Loading authority key certs
[w0:ab:pro] tor: Aug 05 17:10:29.000 [notice] Bootstrapped 45% (requesting_descriptors): Asking for relay descriptors
Aug 05 17:10:29.000 [notice] I learned some more directory 
[w0:ab:pro] heartbeat words=27853 queue=7 rotation=37 idle=1s
[w0:ab:pro] tor: Aug 05 17:10:30.000 [notice] Bootstrapped 50% (loading_descriptors): Loading relay descriptors
[w0:ab:pro] tor: Aug 05 17:10:38.000 [notice] Bootstrapped 55% (loading_descriptors): Loading relay descriptors
[w0:ab:pro] tor: Aug 05 17:10:38.000 [notice] Bootstrapped 61% (loading_descriptors): Loading relay descriptors
[w0:ab:pro] tor: Aug 05 17:10:39.000 [notice] Bootstrapped 67% (loading_descriptors): Loading relay descriptors
[w0:ab:pro] tor: Aug 05 17:10:39.000 [notice] Bootstrapped 75% (enough_dirinfo): Loaded enough directory info to build circuits
[w0:ab:pro] tor: Aug 05 17:10:39.000 [notice] Bootstrapped 90% (ap_handshake_done): Handshake finished with a relay to build circuits
Aug 05 17:10:39.000 [notice] Bootstrapped 9
[w0:ab:pro] tor: Aug 05 17:10:40.000 [notice] Bootstrapped 100% (done): Done
[w0:ab:pro] Tor ready on 19050 exit=185.220.101.23
[w0:ab:pro] Rotating IP (#37, try 1) after API 400 for "anthropot": {"message":"Invalid parameters"} → tor#38 socks5://127.0.0.1:19050
[w0:ab:pro] Launching persistent Chrome profile /tmp/lll-pw-w0-r37
[w0:ab:pro] Proxy tor#38 socks5://127.0.0.1:19050
[w0:ab:pro] Opening https://lastletterlibrary.com
[w0:ab:pro] Library mode=pro
[w0:ab:pro] Turnstile token present (len=837)
[w0:ab:pro] Site Turnstile token (21920ms)
[w0:ab:pro] Search mode=direct (skip UI Wait Ns… gate)
[w0:ab:pro] Cleaned 1 old rotated profile(s)
[w0:ab:pro] Browser exit IP=192.42.116.63 (unique)
[w0:ab:pro] Searching "anthropot" | queue=6 | words=27853
[w0:ab:pro] [api] 400 mode=pro startsWith=anthropot
[w0:ab:pro] [api] 400 mode=pro startsWith=anthropot (789ms direct)
[w0:ab:pro] Failed "anthropot" attempt 67: API 400 for "anthropot": {"message":"Invalid parameters"}
[w0:ab:pro] Deferring stuck "anthropot" to end of queue after 67 failures (API 400 for "anthropot": {"message":"Invalid parameters"})
[w0:ab:pro] Saved 27,853 worker words; shared last.txt now 368,898
[w0:ab:pro] heartbeat words=27853 queue=7 rotation=37 idle=8s
[w0:ab:pro] Searching "anthropot" | queue=6 | words=27853
[w0:ab:pro] heartbeat words=27853 queue=6 rotation=37 idle=8s
[w0:ab:pro] Turnstile mint hard timeout after 28000ms
[w0:ab:pro] Site Turnstile remint timed out (32421ms)
[w0:ab:pro] Turnstile mint hard timeout after 28000ms
[w0:ab:pro] Site Turnstile remint timed out (32309ms)
[w0:ab:pro] heartbeat words=27853 queue=6 rotation=37 idle=7s
[w0:ab:pro] Turnstile mint hard timeout after 28000ms
[w0:ab:pro] Turnstile mint hard timeout after 28000ms
[w0:ab:pro] Failed "anthropot" attempt 68: No Turnstile token for direct search
[w0:ab:pro] Deferring stuck "anthropot" to end of queue after 68 failures (No Turnstile token for direct search)
[w0:ab:pro] Saved 27,853 worker words
[w0:ab:pro] Site Turnstile remint timed out (31494ms)
[w0:ab:pro] Site Turnstile remint timed out (62726ms)
[w0:ab:pro] heartbeat words=27853 queue=7 rotation=38 idle=8s
[w0:ab:pro] Tor exited code=0
[w0:ab:pro] Starting Tor gen=39 socks=127.0.0.1:19050 (try 1)
[w0:ab:pro] tor: Aug 05 17:14:30.862 [warn] Fixing permissions on directory /tmp/lll-tor-w0
[w0:ab:pro] tor: Aug 05 17:14:31.000 [notice] Bootstrapped 0% (starting): Starting
[w0:ab:pro] tor: Aug 05 17:14:32.000 [notice] Bootstrapped 5% (conn): Connecting to a relay
[w0:ab:pro] tor: Aug 05 17:14:32.000 [notice] Bootstrapped 10% (conn_done): Connected to a relay
[w0:ab:pro] tor: Aug 05 17:14:32.000 [notice] Bootstrapped 14% (handshake): Handshaking with a relay
[w0:ab:pro] tor: Aug 05 17:14:33.000 [notice] Bootstrapped 15% (handshake_done): Handshake with a relay done
Aug 05 17:14:33.000 [notice] Bootstrapped 20% (onehop_create): Estab
[w0:ab:pro] tor: Aug 05 17:14:33.000 [notice] Bootstrapped 25% (requesting_status): Asking for networkstatus consensus
[w0:ab:pro] tor: Aug 05 17:14:33.000 [notice] Bootstrapped 30% (loading_status): Loading networkstatus consensus
[w0:ab:pro] tor: Aug 05 17:14:35.000 [notice] Bootstrapped 40% (loading_keys): Loading authority key certs
[w0:ab:pro] tor: Aug 05 17:14:35.000 [notice] Bootstrapped 45% (requesting_descriptors): Asking for relay descriptors
Aug 05 17:14:35.000 [notice] I learned some more directory 
[w0:ab:pro] tor: Aug 05 17:14:37.000 [notice] Bootstrapped 50% (loading_descriptors): Loading relay descriptors
[w0:ab:pro] tor: Aug 05 17:14:43.000 [notice] Bootstrapped 55% (loading_descriptors): Loading relay descriptors
[w0:ab:pro] tor: Aug 05 17:14:44.000 [notice] Bootstrapped 61% (loading_descriptors): Loading relay descriptors
[w0:ab:pro] tor: Aug 05 17:14:45.000 [notice] Bootstrapped 67% (loading_descriptors): Loading relay descriptors
[w0:ab:pro] tor: Aug 05 17:14:45.000 [notice] Bootstrapped 75% (enough_dirinfo): Loaded enough directory info to build circuits
[w0:ab:pro] tor: Aug 05 17:14:45.000 [notice] Bootstrapped 90% (ap_handshake_done): Handshake finished with a relay to build circuits
Aug 05 17:14:45.000 [notice] Bootstrapped 9
[w0:ab:pro] tor: Aug 05 17:14:46.000 [notice] Bootstrapped 100% (done): Done
[w0:ab:pro] Tor ready on 19050 exit=192.42.116.116
[w0:ab:pro] Rotating IP (#38, try 1) after No Turnstile token for direct search → tor#39 socks5://127.0.0.1:19050
[w0:ab:pro] Launching persistent Chrome profile /tmp/lll-pw-w0-r38
[w0:ab:pro] Proxy tor#39 socks5://127.0.0.1:19050
[w0:ab:pro] Opening https://lastletterlibrary.com
[w0:ab:pro] Library mode=pro
[w0:ab:pro] Managed Turnstile token (len=816, 5347ms, remount)
[w0:ab:pro] Search mode=direct (skip UI Wait Ns… gate)
[w0:ab:pro] Cleaned 1 old rotated profile(s)
[w0:ab:pro] Browser exit IP=192.42.116.116 (unique)
[w0:ab:pro] Searching "anthropot" | queue=6 | words=27853
[w0:ab:pro] [api] 400 mode=pro startsWith=anthropot
[w0:ab:pro] [api] 400 mode=pro startsWith=anthropot (453ms direct)
[w0:ab:pro] Failed "anthropot" attempt 68: API 400 for "anthropot": {"message":"Invalid parameters"}
[w0:ab:pro] Deferring stuck "anthropot" to end of queue after 68 failures (API 400 for "anthropot": {"message":"Invalid parameters"})
[w0:ab:pro] Saved 27,853 worker words
[w0:ab:pro] heartbeat words=27853 queue=7 rotation=38 idle=25s
[w0:ab:pro] Tor exited code=0
[w0:ab:pro] Starting Tor gen=40 socks=127.0.0.1:19050 (try 1)
[w0:ab:pro] tor: Aug 05 17:16:06.398 [warn] Fixing permissions on directory /tmp/lll-tor-w0
[w0:ab:pro] tor: Aug 05 17:16:06.000 [notice] Bootstrapped 0% (starting): Starting
[w0:ab:pro] tor: Aug 05 17:16:07.000 [notice] Bootstrapped 5% (conn): Connecting to a relay
[w0:ab:pro] tor: Aug 05 17:16:07.000 [notice] Bootstrapped 10% (conn_done): Connected to a relay
[w0:ab:pro] tor: Aug 05 17:16:08.000 [notice] Bootstrapped 14% (handshake): Handshaking with a relay
[w0:ab:pro] tor: Aug 05 17:16:08.000 [notice] Bootstrapped 15% (handshake_done): Handshake with a relay done
Aug 05 17:16:08.000 [notice] Bootstrapped 20% (onehop_create): Estab
[w0:ab:pro] tor: Aug 05 17:16:08.000 [notice] Bootstrapped 25% (requesting_status): Asking for networkstatus consensus
[w0:ab:pro] tor: Aug 05 17:16:08.000 [notice] Bootstrapped 30% (loading_status): Loading networkstatus consensus
[w0:ab:pro] tor: Aug 05 17:16:10.000 [notice] Bootstrapped 40% (loading_keys): Loading authority key certs
[w0:ab:pro] tor: Aug 05 17:16:10.000 [notice] Bootstrapped 45% (requesting_descriptors): Asking for relay descriptors
Aug 05 17:16:10.000 [notice] I learned some more directory 
[w0:ab:pro] tor: Aug 05 17:16:11.000 [notice] Bootstrapped 50% (loading_descriptors): Loading relay descriptors
[w0:ab:pro] tor: Aug 05 17:16:17.000 [notice] Bootstrapped 55% (loading_descriptors): Loading relay descriptors
[w0:ab:pro] tor: Aug 05 17:16:17.000 [notice] Bootstrapped 60% (loading_descriptors): Loading relay descriptors
[w0:ab:pro] tor: Aug 05 17:16:18.000 [notice] Bootstrapped 66% (loading_descriptors): Loading relay descriptors
[w0:ab:pro] tor: Aug 05 17:16:18.000 [notice] Bootstrapped 75% (enough_dirinfo): Loaded enough directory info to build circuits
[w0:ab:pro] tor: Aug 05 17:16:18.000 [notice] Bootstrapped 90% (ap_handshake_done): Handshake finished with a relay to build circuits
[w0:ab:pro] tor: Aug 05 17:16:18.000 [notice] Bootstrapped 95% (circuit_create): Establishing a Tor circuit
[w0:ab:pro] tor: Aug 05 17:16:19.000 [notice] Bootstrapped 100% (done): Done
[w0:ab:pro] Tor ready on 19050 exit=185.220.101.21
[w0:ab:pro] Rotating IP (#39, try 1) after API 400 for "anthropot": {"message":"Invalid parameters"} → tor#40 socks5://127.0.0.1:19050
[w0:ab:pro] Launching persistent Chrome profile /tmp/lll-pw-w0-r39
[w0:ab:pro] Proxy tor#40 socks5://127.0.0.1:19050
[w0:ab:pro] Opening https://lastletterlibrary.com
[w0:ab:pro] Library mode=pro
[w0:ab:pro] heartbeat words=27853 queue=7 rotation=39 idle=2s
[w0:ab:pro] Site Turnstile remint timed out (23455ms)
[w0:ab:pro] Search mode=direct (skip UI Wait Ns… gate)
[w0:ab:pro] Cleaned 1 old rotated profile(s)
[w0:ab:pro] Browser exit IP=104.223.84.121 (unique)
[w0:ab:pro] Searching "anthropot" | queue=6 | words=27853
[w0:ab:pro] Site Turnstile remint timed out (22409ms)
[w0:ab:pro] heartbeat words=27853 queue=6 rotation=39 idle=16s
[w0:ab:pro] Site Turnstile remint timed out (22870ms)
[w0:ab:pro] Turnstile token present (len=837)
[w0:ab:pro] Site Turnstile token (19880ms)
[w0:ab:pro] [api] 400 mode=pro startsWith=anthropot
[w0:ab:pro] [api] 400 mode=pro startsWith=anthropot (570ms direct)
[w0:ab:pro] Failed "anthropot" attempt 69: API 400 for "anthropot": {"message":"Invalid parameters"}
[w0:ab:pro] Deferring stuck "anthropot" to end of queue after 69 failures (API 400 for "anthropot": {"message":"Invalid parameters"})
[w0:ab:pro] Saved 27,853 worker words
[w0:ab:pro] heartbeat words=27853 queue=7 rotation=39 idle=32s
[w0:ab:pro] Searching "anthropot" | queue=6 | words=27853
[w0:ab:pro] Site Turnstile remint timed out (22332ms)
[w0:ab:pro] heartbeat words=27853 queue=6 rotation=39 idle=10s
[w0:ab:pro] Site Turnstile remint timed out (22325ms)
[w0:ab:pro] Site Turnstile remint timed out (22906ms)
[w0:ab:pro] Turnstile token present (len=816)
[w0:ab:pro] Site Turnstile token (19872ms)
[w0:ab:pro] [api] 400 mode=pro startsWith=anthropot
[w0:ab:pro] [api] 400 mode=pro startsWith=anthropot (497ms direct)
[w0:ab:pro] Failed "anthropot" attempt 70: API 400 for "anthropot": {"message":"Invalid parameters"}
[w0:ab:pro] Deferring stuck "anthropot" to end of queue after 70 failures (API 400 for "anthropot": {"message":"Invalid parameters"})
[w0:ab:pro] Saved 27,853 worker words
[w0:ab:pro] heartbeat words=27853 queue=7 rotation=39 idle=4s
[w0:ab:pro] Tor exited code=0
[w0:ab:pro] Starting Tor gen=41 socks=127.0.0.1:19050 (try 1)
[w0:ab:pro] tor: Aug 05 17:21:27.186 [warn] Fixing permissions on directory /tmp/lll-tor-w0
[w0:ab:pro] tor: Aug 05 17:21:27.000 [notice] Bootstrapped 0% (starting): Starting
[w0:ab:pro] tor: Aug 05 17:21:28.000 [notice] Bootstrapped 5% (conn): Connecting to a relay
[w0:ab:pro] tor: Aug 05 17:21:28.000 [notice] Bootstrapped 10% (conn_done): Connected to a relay
[w0:ab:pro] tor: Aug 05 17:21:28.000 [notice] Bootstrapped 14% (handshake): Handshaking with a relay
[w0:ab:pro] tor: Aug 05 17:21:29.000 [notice] Bootstrapped 15% (handshake_done): Handshake with a relay done
Aug 05 17:21:29.000 [notice] Bootstrapped 20% (onehop_create): Estab
[w0:ab:pro] tor: Aug 05 17:21:29.000 [notice] Bootstrapped 25% (requesting_status): Asking for networkstatus consensus
[w0:ab:pro] heartbeat words=27853 queue=7 rotation=40 idle=0s
[w0:ab:pro] tor: Aug 05 17:21:30.000 [notice] Bootstrapped 30% (loading_status): Loading networkstatus consensus
[w0:ab:pro] tor: Aug 05 17:21:41.000 [notice] Bootstrapped 40% (loading_keys): Loading authority key certs
[w0:ab:pro] tor: Aug 05 17:21:41.000 [notice] Bootstrapped 45% (requesting_descriptors): Asking for relay descriptors
Aug 05 17:21:41.000 [notice] I learned some more directory 
[w0:ab:pro] tor: Aug 05 17:21:41.000 [notice] Bootstrapped 50% (loading_descriptors): Loading relay descriptors
[w0:ab:pro] tor: Aug 05 17:21:50.000 [notice] Bootstrapped 55% (loading_descriptors): Loading relay descriptors
[w0:ab:pro] tor: Aug 05 17:21:50.000 [notice] Bootstrapped 61% (loading_descriptors): Loading relay descriptors
[w0:ab:pro] tor: Aug 05 17:21:50.000 [notice] Bootstrapped 67% (loading_descriptors): Loading relay descriptors
[w0:ab:pro] tor: Aug 05 17:21:50.000 [notice] Bootstrapped 75% (enough_dirinfo): Loaded enough directory info to build circuits
[w0:ab:pro] tor: Aug 05 17:21:51.000 [notice] Bootstrapped 90% (ap_handshake_done): Handshake finished with a relay to build circuits
Aug 05 17:21:51.000 [notice] Bootstrapped 9
[w0:ab:pro] tor: Aug 05 17:21:52.000 [notice] Bootstrapped 100% (done): Done
[w0:ab:pro] Tor ready on 19050 exit=109.70.100.10
[w0:ab:pro] Rotating IP (#40, try 1) after API 400 for "anthropot": {"message":"Invalid parameters"} → tor#41 socks5://127.0.0.1:19050
[w0:ab:pro] Launching persistent Chrome profile /tmp/lll-pw-w0-r40
[w0:ab:pro] Proxy tor#41 socks5://127.0.0.1:19050
[w0:ab:pro] Opening https://lastletterlibrary.com
[w0:ab:pro] Library mode=pro
[w0:ab:pro] Managed Turnstile token (len=816, 6656ms, remount)
[w0:ab:pro] Search mode=direct (skip UI Wait Ns… gate)
[w0:ab:pro] Cleaned 1 old rotated profile(s)
[w0:ab:pro] Browser exit IP=109.70.100.10 (unique)
[w0:ab:pro] Searching "anthropot" | queue=6 | words=27853
[w0:ab:pro] [api] 400 mode=pro startsWith=anthropot
[w0:ab:pro] [api] 400 mode=pro startsWith=anthropot (478ms direct)
[w0:ab:pro] Failed "anthropot" attempt 71: API 400 for "anthropot": {"message":"Invalid parameters"}
[w0:ab:pro] Deferring stuck "anthropot" to end of queue after 71 failures (API 400 for "anthropot": {"message":"Invalid parameters"})
[w0:ab:pro] Saved 27,853 worker words
[w0:ab:pro] heartbeat words=27853 queue=7 rotation=40 idle=13s
[w0:ab:pro] Searching "anthropot" | queue=6 | words=27853
[w0:ab:pro] Managed Turnstile token (len=816, 5522ms, reset)
[w0:ab:pro] [api] 400 mode=pro startsWith=anthropot
[w0:ab:pro] [api] 400 mode=pro startsWith=anthropot (487ms direct)
[w0:ab:pro] Failed "anthropot" attempt 72: API 400 for "anthropot": {"message":"Invalid parameters"}
[w0:ab:pro] Deferring stuck "anthropot" to end of queue after 72 failures (API 400 for "anthropot": {"message":"Invalid parameters"})
[w0:ab:pro] Saved 27,853 worker words
[w0:ab:pro] heartbeat words=27853 queue=7 rotation=40 idle=7s
[w0:ab:pro] Tor exited code=0
[w0:ab:pro] heartbeat words=27853 queue=7 rotation=41 idle=0s
[w0:ab:pro] Starting Tor gen=42 socks=127.0.0.1:19050 (try 1)
[w0:ab:pro] tor: Aug 05 17:24:30.797 [notice] Opened Socks listener connection (ready) on 127.0.0.1:19050
Aug 05 17:24:30.797 [warn] Fixing permissions on directory /tmp/lll-tor
[w0:ab:pro] tor: Aug 05 17:24:31.000 [notice] Bootstrapped 0% (starting): Starting
[w0:ab:pro] tor: Aug 05 17:24:32.000 [notice] Bootstrapped 5% (conn): Connecting to a relay
[w0:ab:pro] tor: Aug 05 17:24:32.000 [notice] Bootstrapped 10% (conn_done): Connected to a relay
[w0:ab:pro] tor: Aug 05 17:24:38.000 [notice] Bootstrapped 14% (handshake): Handshaking with a relay
[w0:ab:pro] tor: Aug 05 17:24:39.000 [notice] Bootstrapped 15% (handshake_done): Handshake with a relay done
Aug 05 17:24:39.000 [notice] Bootstrapped 20% (onehop_create): Estab
[w0:ab:pro] tor: Aug 05 17:24:39.000 [notice] Bootstrapped 25% (requesting_status): Asking for networkstatus consensus
[w0:ab:pro] tor: Aug 05 17:24:39.000 [notice] Bootstrapped 30% (loading_status): Loading networkstatus consensus
[w0:ab:pro] tor: Aug 05 17:24:41.000 [notice] Bootstrapped 40% (loading_keys): Loading authority key certs
[w0:ab:pro] tor: Aug 05 17:24:42.000 [notice] Bootstrapped 45% (requesting_descriptors): Asking for relay descriptors
Aug 05 17:24:42.000 [notice] I learned some more directory 
[w0:ab:pro] tor: Aug 05 17:24:43.000 [notice] Bootstrapped 50% (loading_descriptors): Loading relay descriptors
[w0:ab:pro] tor: Aug 05 17:24:53.000 [notice] Bootstrapped 55% (loading_descriptors): Loading relay descriptors
[w0:ab:pro] tor: Aug 05 17:24:53.000 [notice] Bootstrapped 61% (loading_descriptors): Loading relay descriptors
[w0:ab:pro] tor: Aug 05 17:24:54.000 [notice] Bootstrapped 67% (loading_descriptors): Loading relay descriptors
[w0:ab:pro] tor: Aug 05 17:24:54.000 [notice] Bootstrapped 75% (enough_dirinfo): Loaded enough directory info to build circuits
[w0:ab:pro] tor: Aug 05 17:24:54.000 [notice] Bootstrapped 90% (ap_handshake_done): Handshake finished with a relay to build circuits
Aug 05 17:24:54.000 [notice] Bootstrapped 9
[w0:ab:pro] tor: Aug 05 17:24:55.000 [notice] Bootstrapped 100% (done): Done
[w0:ab:pro] Tor ready on 19050 exit=192.42.116.66
[w0:ab:pro] Rotating IP (#41, try 1) after API 400 for "anthropot": {"message":"Invalid parameters"} → tor#42 socks5://127.0.0.1:19050
[w0:ab:pro] Launching persistent Chrome profile /tmp/lll-pw-w0-r41
[w0:ab:pro] Proxy tor#42 socks5://127.0.0.1:19050
[w0:ab:pro] Opening https://lastletterlibrary.com
[w0:ab:pro] Library mode=pro
[w0:ab:pro] Managed Turnstile token (len=816, 7260ms, remount)
[w0:ab:pro] Search mode=direct (skip UI Wait Ns… gate)
[w0:ab:pro] Cleaned 1 old rotated profile(s)
[w0:ab:pro] Browser exit IP=192.42.116.66 (unique)
[w0:ab:pro] Searching "anthropot" | queue=6 | words=27853
[w0:ab:pro] [api] 400 mode=pro startsWith=anthropot
[w0:ab:pro] [api] 400 mode=pro startsWith=anthropot (509ms direct)
[w0:ab:pro] Failed "anthropot" attempt 73: API 400 for "anthropot": {"message":"Invalid parameters"}
[w0:ab:pro] Deferring stuck "anthropot" to end of queue after 73 failures (API 400 for "anthropot": {"message":"Invalid parameters"})
[w0:ab:pro] Saved 27,853 worker words
[w0:ab:pro] heartbeat words=27853 queue=7 rotation=41 idle=15s
[w0:ab:pro] Searching "anthropot" | queue=6 | words=27853
[w0:ab:pro] Managed Turnstile token (len=816, 10434ms, reset)
[w0:ab:pro] [api] 400 mode=pro startsWith=anthropot
[w0:ab:pro] [api] 400 mode=pro startsWith=anthropot (517ms direct)
[w0:ab:pro] Failed "anthropot" attempt 74: API 400 for "anthropot": {"message":"Invalid parameters"}
[w0:ab:pro] Deferring stuck "anthropot" to end of queue after 74 failures (API 400 for "anthropot": {"message":"Invalid parameters"})
[w0:ab:pro] Saved 27,853 worker words; shared last.txt now 370,484
[w0:ab:pro] heartbeat words=27853 queue=7 rotation=41 idle=1s

--- respawn 2026-08-05T22:27:01.695Z ---
[w0:ab:pro] IP mode=tor
[w0:ab:pro] Cleaned 1 old rotated profile(s)
[w0:ab:pro] Starting Tor gen=1 socks=127.0.0.1:19050 (try 1)
[w0:ab:pro] tor: Aug 05 17:27:02.614 [notice] Opened Socks listener connection (ready) on 127.0.0.1:19050
Aug 05 17:27:02.614 [warn] Fixing permissions on directory /tmp/lll-tor
[w0:ab:pro] tor: Aug 05 17:27:02.000 [notice] Bootstrapped 0% (starting): Starting
Aug 05 17:27:02.000 [notice] Starting with guard context "default"
[w0:ab:pro] tor: Aug 05 17:27:03.000 [notice] Bootstrapped 5% (conn): Connecting to a relay
[w0:ab:pro] tor: Aug 05 17:27:03.000 [notice] Bootstrapped 10% (conn_done): Connected to a relay
[w0:ab:pro] tor: Aug 05 17:27:08.000 [notice] Bootstrapped 14% (handshake): Handshaking with a relay
[w0:ab:pro] tor: Aug 05 17:27:09.000 [notice] Bootstrapped 15% (handshake_done): Handshake with a relay done
Aug 05 17:27:09.000 [notice] Bootstrapped 20% (onehop_create): Estab
[w0:ab:pro] tor: Aug 05 17:27:09.000 [notice] Bootstrapped 25% (requesting_status): Asking for networkstatus consensus
[w0:ab:pro] tor: Aug 05 17:27:09.000 [notice] Bootstrapped 30% (loading_status): Loading networkstatus consensus
[w0:ab:pro] tor: Aug 05 17:27:10.000 [notice] Bootstrapped 40% (loading_keys): Loading authority key certs
[w0:ab:pro] tor: Aug 05 17:27:10.000 [notice] Bootstrapped 45% (requesting_descriptors): Asking for relay descriptors
Aug 05 17:27:10.000 [notice] I learned some more directory 
[w0:ab:pro] tor: Aug 05 17:27:11.000 [notice] Bootstrapped 50% (loading_descriptors): Loading relay descriptors
[w0:ab:pro] tor: Aug 05 17:27:19.000 [notice] Bootstrapped 55% (loading_descriptors): Loading relay descriptors
[w0:ab:pro] tor: Aug 05 17:27:19.000 [notice] Bootstrapped 61% (loading_descriptors): Loading relay descriptors
[w0:ab:pro] tor: Aug 05 17:27:19.000 [notice] Bootstrapped 67% (loading_descriptors): Loading relay descriptors
[w0:ab:pro] tor: Aug 05 17:27:19.000 [notice] Bootstrapped 75% (enough_dirinfo): Loaded enough directory info to build circuits
[w0:ab:pro] tor: Aug 05 17:27:19.000 [notice] Bootstrapped 90% (ap_handshake_done): Handshake finished with a relay to build circuits
Aug 05 17:27:19.000 [notice] Bootstrapped 9
[w0:ab:pro] tor: Aug 05 17:27:20.000 [notice] Bootstrapped 100% (done): Done
[w0:ab:pro] Tor ready on 19050 exit=192.42.116.113
[w0:ab:pro] Launching persistent Chrome profile /tmp/lll-pw-w0-r0
[w0:ab:pro] Proxy tor#1 socks5://127.0.0.1:19050
[w0:ab:pro] Opening https://lastletterlibrary.com
[w0:ab:pro] Library mode=pro
[w0:ab:pro] Managed Turnstile token (len=816, 5715ms, remount)
[w0:ab:pro] Search mode=direct (skip UI Wait Ns… gate)
[w0:ab:pro] Browser exit IP=192.42.116.113 (unique)
[w0:ab:pro] Loaded 3335 prefixes, 27853 words; queue=1
[w0:ab:pro] Searching "b" | queue=0 | words=27853
[w0:ab:pro] [api] 200 mode=pro startsWith=b
[w0:ab:pro] [api] 200 mode=pro startsWith=b (568ms direct)
[w0:ab:pro] "b" → 100 records, 100 words (incl. exact "b")
[w0:ab:pro] Pacing 15s before "b" (gap=15500ms)
[w0:ab:pro] Managed Turnstile token (len=816, 7599ms, reset)
[w0:ab:pro] [api] 200 mode=pro startsWith=b
[w0:ab:pro] [api] 200 mode=pro startsWith=b sort=alphabetical:desc (538ms direct)
[w0:ab:pro] "b" full page ends at "babbittism" (next='a'); skip 2 covered groups → 26 children reverse Z→A ends at "byre" (lo='y' hi='z'); skip 0 middle + 100 new words
[w0:ab:pro] Saved 28,053 worker words
[w0:ab:pro] Searching "ba" | queue=25 | words=28053
[w0:ab:pro] Pacing 15s before "ba" (gap=15500ms)
[w0:ab:pro] Managed Turnstile token (len=816, 5910ms, reset)
[w0:ab:pro] [api] 200 mode=pro startsWith=ba
[w0:ab:pro] [api] 200 mode=pro startsWith=ba (547ms direct)
[w0:ab:pro] "ba" → 100 records, 100 words (incl. exact "ba")
[w0:ab:pro] Pacing 15s before "ba" (gap=15500ms)
[w0:ab:pro] Turnstile token present (len=816)
[w0:ab:pro] Site Turnstile token (20774ms)
[w0:ab:pro] [api] 200 mode=pro startsWith=ba
[w0:ab:pro] [api] 200 mode=pro startsWith=ba sort=alphabetical:desc (735ms direct)
[w0:ab:pro] "ba" full page ends at "babehood" (next='b'); skip 3 covered groups → 25 children reverse Z→A ends at "bayamo" (lo='y' hi='z'); skip 0 middle + 100 new words
[w0:ab:pro] Saved 28,181 worker words
[w0:ab:pro] Searching "bb" | queue=49 | words=28181
[w0:ab:pro] Pacing 14s before "bb" (gap=15500ms)
[w0:ab:pro] heartbeat words=28181 queue=49 rotation=0 idle=5s
[w0:ab:pro] Managed Turnstile token (len=816, 9967ms, remount)
[w0:ab:pro] [api] 200 mode=pro startsWith=bb
[w0:ab:pro] [api] 200 mode=pro startsWith=bb (488ms direct)
[w0:ab:pro] "bb" → 5 records, 5 words (incl. exact "bb")
[w0:ab:pro] "bb" branch complete
[w0:ab:pro] Saved 28,186 worker words
[w0:ab:pro] Searching "bc" | queue=48 | words=28186
[w0:ab:pro] Pacing 14s before "bc" (gap=15500ms)
[w0:ab:pro] Managed Turnstile token (len=816, 11101ms, reset)
[w0:ab:pro] [api] 200 mode=pro startsWith=bc
[w0:ab:pro] [api] 200 mode=pro startsWith=bc (460ms direct)
[w0:ab:pro] "bc" → 2 records, 2 words (incl. exact "bc")
[w0:ab:pro] "bc" branch complete
[w0:ab:pro] Saved 28,188 worker words
[w0:ab:pro] Searching "bd" | queue=47 | words=28188
[w0:ab:pro] Pacing 15s before "bd" (gap=15500ms)
[w0:ab:pro] Managed Turnstile token (len=816, 5303ms, reset)
[w0:ab:pro] [api] 200 mode=pro startsWith=bd
[w0:ab:pro] [api] 200 mode=pro startsWith=bd (670ms direct)
[w0:ab:pro] "bd" → 21 records, 21 words
[w0:ab:pro] "bd" branch complete
[w0:ab:pro] Saved 28,209 worker words
[w0:ab:pro] Searching "be" | queue=46 | words=28209
[w0:ab:pro] Pacing 15s before "be" (gap=15500ms)
[w0:ab:pro] Managed Turnstile token (len=816, 11859ms, reset)
[w0:ab:pro] [api] 200 mode=pro startsWith=be
[w0:ab:pro] [api] 200 mode=pro startsWith=be (605ms direct)
[w0:ab:pro] "be" → 100 records, 100 words (incl. exact "be")
[w0:ab:pro] Pacing 15s before "be" (gap=15500ms)
[w0:ab:pro] heartbeat words=28309 queue=46 rotation=0 idle=3s
[w0:ab:pro] Managed Turnstile token (len=816, 9240ms, reset)
[w0:ab:pro] [api] 429 mode=pro startsWith=be
[w0:ab:pro] [api] 429 mode=pro startsWith=be sort=alphabetical:desc (528ms direct)
[w0:ab:pro] Learned server gap ≈ 15500ms (wait hint 2000ms)
[w0:ab:pro] Rate limited — inline wait 2000ms then retry "be"
[w0:ab:pro] Managed Turnstile token (len=816, 10578ms, reset)
[w0:ab:pro] [api] 200 mode=pro startsWith=be
[w0:ab:pro] [api] 200 mode=pro startsWith=be sort=alphabetical:desc (527ms direct)
[w0:ab:pro] "be" full page ends at "beaglings" (next='a'); skip 4 covered groups → 24 children reverse Z→A ends at "bewitchingness" (lo='w' hi='z'); skip 2 middle + 100 new words
[w0:ab:pro] Saved 28,409 worker words
[w0:ab:pro] Searching "bf" | queue=69 | words=28409
[w0:ab:pro] Pacing 15s before "bf" (gap=15500ms)
[w0:ab:pro] Managed Turnstile token (len=816, 13634ms, reset)
[w0:ab:pro] [api] 200 mode=pro startsWith=bf
[w0:ab:pro] [api] 200 mode=pro startsWith=bf (598ms direct)
[w0:ab:pro] "bf" → 6 records, 6 words (incl. exact "bf")
[w0:ab:pro] "bf" branch complete
[w0:ab:pro] Saved 28,415 worker words
[w0:ab:pro] Searching "bg" | queue=68 | words=28415
[w0:ab:pro] Pacing 9s before "bg" (gap=15500ms)
[w0:ab:pro] heartbeat words=28415 queue=68 rotation=0 idle=16s
[w0:ab:pro] Site Turnstile remint timed out (27223ms)
[w0:ab:pro] Site Turnstile remint timed out (27543ms)
[w0:ab:pro] Managed Turnstile token (len=816, 15314ms, remount)
[w0:ab:pro] [api] 200 mode=pro startsWith=bg
[w0:ab:pro] [api] 200 mode=pro startsWith=bg (456ms direct)
[w0:ab:pro] "bg" → 0 records, 0 words
[w0:ab:pro] "bg" branch complete
[w0:ab:pro] Saved 28,415 worker words; shared last.txt now 372,374
[w0:ab:pro] Searching "bh" | queue=67 | words=28415
[w0:ab:pro] Pacing 15s before "bh" (gap=15500ms)
[w0:ab:pro] Managed Turnstile token (len=816, 7379ms, reset)
[w0:ab:pro] heartbeat words=28415 queue=67 rotation=0 idle=2s
[w0:ab:pro] [api] 200 mode=pro startsWith=bh
[w0:ab:pro] [api] 200 mode=pro startsWith=bh (2701ms direct)
[w0:ab:pro] "bh" → 100 records, 100 words
[w0:ab:pro] Pacing 12s before "bh" (gap=15500ms)
[w0:ab:pro] Managed Turnstile token (len=816, 9848ms, reset)
[w0:ab:pro] [api] 200 mode=pro startsWith=bh
[w0:ab:pro] [api] 200 mode=pro startsWith=bh sort=alphabetical:desc (2627ms direct)
[w0:ab:pro] "bh" full page ends at "bhringaraj" (next='r'); skip 22 covered groups → 6 children reverse Z→A ends at "bhajis" (lo='a' hi='u'); skip 19 middle + 20 new words
[w0:ab:pro] Saved 28,535 worker words
[w0:ab:pro] Searching "bi" | queue=72 | words=28535
[w0:ab:pro] Pacing 8s before "bi" (gap=15500ms)
[w0:ab:pro] Managed Turnstile token (len=816, 13484ms, reset)
[w0:ab:pro] [api] 200 mode=pro startsWith=bi
[w0:ab:pro] [api] 200 mode=pro startsWith=bi (669ms direct)
[w0:ab:pro] "bi" → 100 records, 100 words (incl. exact "bi")
[w0:ab:pro] Pacing 14s before "bi" (gap=15500ms)
[w0:ab:pro] heartbeat words=28635 queue=72 rotation=0 idle=19s
[w0:ab:pro] Site Turnstile remint timed out (26205ms)
[w0:ab:pro] Turnstile token present (len=816)
[w0:ab:pro] Site Turnstile token (22290ms)
[w0:ab:pro] [api] 200 mode=pro startsWith=bi
[w0:ab:pro] [api] 200 mode=pro startsWith=bi sort=alphabetical:desc (861ms direct)
[w0:ab:pro] "bi" full page ends at "bibbled" (next='b'); skip 6 covered groups → 22 children reverse Z→A ends at "bivalvate" (lo='v' hi='z'); skip 3 middle + 100 new words
[w0:ab:pro] Saved 28,735 worker words
[w0:ab:pro] Searching "bj" | queue=93 | words=28735
[w0:ab:pro] Pacing 14s before "bj" (gap=15500ms)
[w0:ab:pro] Site Turnstile remint timed out (25536ms)
[w0:ab:pro] heartbeat words=28735 queue=93 rotation=0 idle=4s
[w0:ab:pro] Managed Turnstile token (len=816, 23202ms, remount)
[w0:ab:pro] [api] 200 mode=pro startsWith=bj
[w0:ab:pro] [api] 200 mode=pro startsWith=bj (803ms direct)
[w0:ab:pro] "bj" → 1 records, 1 words
[w0:ab:pro] "bj" branch complete
[w0:ab:pro] Saved 28,736 worker words
[w0:ab:pro] Searching "bk" | queue=92 | words=28736
[w0:ab:pro] Pacing 10s before "bk" (gap=15500ms)
[w0:ab:pro] Managed Turnstile token (len=816, 24873ms, reset)
[w0:ab:pro] [api] 200 mode=pro startsWith=bk
[w0:ab:pro] [api] 200 mode=pro startsWith=bk (762ms direct)
[w0:ab:pro] "bk" → 5 records, 5 words
[w0:ab:pro] "bk" branch complete
[w0:ab:pro] heartbeat words=28741 queue=92 rotation=0 idle=11s
[w0:ab:pro] Saved 28,741 worker words
[w0:ab:pro] Searching "bl" | queue=91 | words=28741
[w0:ab:pro] Turnstile mint hard timeout after 28000ms
[w0:ab:pro] Site Turnstile remint timed out (60818ms)
[w0:ab:pro] Turnstile mint hard timeout after 28000ms
[w0:ab:pro] heartbeat words=28741 queue=91 rotation=0 idle=10s
[w0:ab:pro] Managed Turnstile token (len=816, 15843ms, remount)
[w0:ab:pro] Turnstile token present (len=816)
[w0:ab:pro] Site Turnstile token (45135ms)
[w0:ab:pro] [api] 200 mode=pro startsWith=bl
[w0:ab:pro] [api] 200 mode=pro startsWith=bl (708ms direct)
[w0:ab:pro] "bl" → 100 records, 100 words
[w0:ab:pro] Pacing 14s before "bl" (gap=15500ms)
[w0:ab:pro] Managed Turnstile token (len=816, 9109ms, reset)
[w0:ab:pro] [api] 200 mode=pro startsWith=bl
[w0:ab:pro] [api] 200 mode=pro startsWith=bl sort=alphabetical:desc (627ms direct)
[w0:ab:pro] "bl" full page ends at "blacker" (next='a'); skip 5 covered groups → 23 children reverse Z→A ends at "blunders" (lo='u' hi='y'); skip 3 middle + 100 new words
[w0:ab:pro] Saved 28,941 worker words
[w0:ab:pro] Searching "bm" | queue=113 | words=28941
[w0:ab:pro] Pacing 15s before "bm" (gap=15500ms)
[w0:ab:pro] Managed Turnstile token (len=816, 4610ms, reset)
[w0:ab:pro] [api] 200 mode=pro startsWith=bm
[w0:ab:pro] [api] 200 mode=pro startsWith=bm (1800ms direct)
[w0:ab:pro] "bm" → 0 records, 0 words
[w0:ab:pro] "bm" branch complete
[w0:ab:pro] Saved 28,941 worker words
[w0:ab:pro] Searching "bn" | queue=112 | words=28941
[w0:ab:pro] Pacing 14s before "bn" (gap=15500ms)
[w0:ab:pro] Managed Turnstile token (len=816, 3890ms, reset)
[w0:ab:pro] [api] 429 mode=pro startsWith=bn
[w0:ab:pro] [api] 429 mode=pro startsWith=bn (534ms direct)
[w0:ab:pro] Learned server gap ≈ 15500ms (wait hint 2000ms)
[w0:ab:pro] Rate limited — inline wait 2000ms then retry "bn"
[w0:ab:pro] Managed Turnstile token (len=816, 4243ms, reset)
[w0:ab:pro] [api] 200 mode=pro startsWith=bn
[w0:ab:pro] [api] 200 mode=pro startsWith=bn (485ms direct)
[w0:ab:pro] "bn" → 0 records, 0 words
[w0:ab:pro] "bn" branch complete
[w0:ab:pro] Saved 28,941 worker words
[w0:ab:pro] Searching "bo" | queue=111 | words=28941
[w0:ab:pro] Pacing 15s before "bo" (gap=15500ms)
[w0:ab:pro] heartbeat words=28941 queue=111 rotation=0 idle=2s
[w0:ab:pro] Managed Turnstile token (len=816, 4201ms, reset)
[w0:ab:pro] [api] 200 mode=pro startsWith=bo
[w0:ab:pro] [api] 200 mode=pro startsWith=bo (448ms direct)
[w0:ab:pro] "bo" → 100 records, 100 words (incl. exact "bo")
[w0:ab:pro] Pacing 16s before "bo" (gap=15500ms)
[w0:ab:pro] Managed Turnstile token (len=816, 4489ms, reset)
[w0:ab:pro] [api] 200 mode=pro startsWith=bo
[w0:ab:pro] [api] 200 mode=pro startsWith=bo sort=alphabetical:desc (504ms direct)
[w0:ab:pro] "bo" full page ends at "boathook" (next='a'); skip 3 covered groups → 25 children reverse Z→A ends at "boxmaking" (lo='x' hi='z'); skip 1 middle + 100 new words
[w0:ab:pro] Saved 29,141 worker words; shared last.txt now 374,382
[w0:ab:pro] Searching "bp" | queue=135 | words=29141
[w0:ab:pro] Pacing 15s before "bp" (gap=15500ms)
[w0:ab:pro] Managed Turnstile token (len=816, 4519ms, reset)
[w0:ab:pro] [api] 200 mode=pro startsWith=bp
[w0:ab:pro] [api] 200 mode=pro startsWith=bp (452ms direct)
[w0:ab:pro] "bp" → 0 records, 0 words
[w0:ab:pro] "bp" branch complete
[w0:ab:pro] Saved 29,141 worker words
[w0:ab:pro] Searching "bq" | queue=134 | words=29141
[w0:ab:pro] Pacing 16s before "bq" (gap=15500ms)
[w0:ab:pro] Managed Turnstile token (len=816, 4804ms, remount)
[w0:ab:pro] [api] 200 mode=pro startsWith=bq
[w0:ab:pro] [api] 200 mode=pro startsWith=bq (454ms direct)
[w0:ab:pro] "bq" → 0 records, 0 words
[w0:ab:pro] "bq" branch complete
[w0:ab:pro] Saved 29,141 worker words
[w0:ab:pro] Searching "br" | queue=133 | words=29141
[w0:ab:pro] Pacing 15s before "br" (gap=15500ms)
[w0:ab:pro] heartbeat words=29141 queue=133 rotation=0 idle=0s
[w0:ab:pro] Managed Turnstile token (len=816, 7608ms, reset)
[w0:ab:pro] [api] 200 mode=pro startsWith=br
[w0:ab:pro] [api] 200 mode=pro startsWith=br (510ms direct)
[w0:ab:pro] "br" → 100 records, 100 words
[w0:ab:pro] Pacing 15s before "br" (gap=15500ms)
[w0:ab:pro] Managed Turnstile token (len=816, 11642ms, reset)
[w0:ab:pro] [api] 200 mode=pro startsWith=br
[w0:ab:pro] [api] 200 mode=pro startsWith=br sort=alphabetical:desc (604ms direct)
[w0:ab:pro] "br" full page ends at "brachistocephali" (next='a'); skip 5 covered groups → 23 children reverse Z→A ends at "brutalisations" (lo='u' hi='y'); skip 3 middle + 100 new words
[w0:ab:pro] Saved 29,341 worker words
[w0:ab:pro] Searching "bs" | queue=155 | words=29341
[w0:ab:pro] Pacing 15s before "bs" (gap=15500ms)
[w0:ab:pro] Managed Turnstile token (len=816, 12386ms, reset)
[w0:ab:pro] [api] 200 mode=pro startsWith=bs
[w0:ab:pro] [api] 200 mode=pro startsWith=bs (617ms direct)
[w0:ab:pro] "bs" → 3 records, 3 words (incl. exact "bs")
[w0:ab:pro] "bs" branch complete
[w0:ab:pro] Saved 29,344 worker words
[w0:ab:pro] Searching "bt" | queue=154 | words=29344
[w0:ab:pro] Pacing 15s before "bt" (gap=15500ms)
[w0:ab:pro] heartbeat words=29344 queue=154 rotation=0 idle=13s
[w0:ab:pro] Managed Turnstile token (len=816, 14156ms, reset)
[w0:ab:pro] [api] 200 mode=pro startsWith=bt
[w0:ab:pro] [api] 200 mode=pro startsWith=bt (458ms direct)
[w0:ab:pro] "bt" → 4 records, 4 words
[w0:ab:pro] "bt" branch complete
[w0:ab:pro] Saved 29,348 worker words
[w0:ab:pro] Searching "bu" | queue=153 | words=29348
[w0:ab:pro] Pacing 15s before "bu" (gap=15500ms)
[w0:ab:pro] Managed Turnstile token (len=816, 15708ms, reset)
[w0:ab:pro] [api] 200 mode=pro startsWith=bu
[w0:ab:pro] [api] 200 mode=pro startsWith=bu (670ms direct)
[w0:ab:pro] "bu" → 100 records, 100 words (incl. exact "bu")
[w0:ab:pro] Pacing 15s before "bu" (gap=15500ms)
[w0:ab:pro] Turnstile mint hard timeout after 28000ms
[w0:ab:pro] heartbeat words=29448 queue=153 rotation=0 idle=14s
[w0:ab:pro] Turnstile mint hard timeout after 28000ms
[w0:ab:pro] Turnstile mint hard timeout after 28000ms
[w0:ab:pro] Site Turnstile remint timed out (100096ms)
[w0:ab:pro] Site Turnstile remint timed out (71966ms)
[w0:ab:pro] heartbeat words=29448 queue=153 rotation=0 idle=2s
[w0:ab:pro] Managed Turnstile token (len=816, 15940ms, remount)
[w0:ab:pro] Managed Turnstile token (len=816, 48405ms, remount)
[w0:ab:pro] [api] 200 mode=pro startsWith=bu
[w0:ab:pro] [api] 200 mode=pro startsWith=bu sort=alphabetical:desc (631ms direct)
[w0:ab:pro] "bu" full page ends at "bucchero" (next='c'); skip 9 covered groups → 19 children reverse Z→A ends at "butyrically" (lo='t' hi='z'); skip 5 middle + 100 new words
[w0:ab:pro] Saved 29,548 worker words
[w0:ab:pro] Searching "bv" | queue=171 | words=29548
[w0:ab:pro] Pacing 15s before "bv" (gap=15500ms)
[w0:ab:pro] Managed Turnstile token (len=816, 10471ms, reset)
[w0:ab:pro] [api] 200 mode=pro startsWith=bv
[w0:ab:pro] [api] 200 mode=pro startsWith=bv (593ms direct)
[w0:ab:pro] "bv" → 0 records, 0 words
[w0:ab:pro] "bv" branch complete
[w0:ab:pro] Saved 29,548 worker words
[w0:ab:pro] Searching "bw" | queue=170 | words=29548
[w0:ab:pro] Pacing 12s before "bw" (gap=15500ms)
[w0:ab:pro] Managed Turnstile token (len=816, 15315ms, reset)
[w0:ab:pro] [api] 200 mode=pro startsWith=bw
[w0:ab:pro] [api] 200 mode=pro startsWith=bw (522ms direct)
[w0:ab:pro] "bw" → 11 records, 11 words
[w0:ab:pro] "bw" branch complete
[w0:ab:pro] Saved 29,559 worker words; shared last.txt now 375,355
[w0:ab:pro] Searching "bx" | queue=169 | words=29559
[w0:ab:pro] heartbeat words=29559 queue=169 rotation=0 idle=5s
[w0:ab:pro] Turnstile token present (len=816)
[w0:ab:pro] Site Turnstile token (24265ms)
[w0:ab:pro] [api] 200 mode=pro startsWith=bx
[w0:ab:pro] [api] 200 mode=pro startsWith=bx (877ms direct)
[w0:ab:pro] "bx" → 0 records, 0 words
[w0:ab:pro] "bx" branch complete
[w0:ab:pro] Saved 29,559 worker words
[w0:ab:pro] Searching "by" | queue=168 | words=29559
[w0:ab:pro] Pacing 13s before "by" (gap=15500ms)
[w0:ab:pro] Managed Turnstile token (len=816, 12436ms, remount)
[w0:ab:pro] [api] 200 mode=pro startsWith=by
[w0:ab:pro] [api] 200 mode=pro startsWith=by (739ms direct)
[w0:ab:pro] "by" → 100 records, 100 words (incl. exact "by")
[w0:ab:pro] Pacing 12s before "by" (gap=15500ms)
[w0:ab:pro] Managed Turnstile token (len=816, 15535ms, reset)
[w0:ab:pro] [api] 200 mode=pro startsWith=by
[w0:ab:pro] [api] 200 mode=pro startsWith=by sort=alphabetical:desc (701ms direct)
[w0:ab:pro] "by" full page ends at "byplays" (next='p'); skip 26 covered groups → 2 children reverse Z→A ends at "byproducts" (lo='p' hi='z'); skip 9 middle + 1 new words
[w0:ab:pro] Saved 29,660 worker words
[w0:ab:pro] Searching "bz" | queue=169 | words=29660
[w0:ab:pro] Pacing 12s before "bz" (gap=15500ms)
[w0:ab:pro] Managed Turnstile token (len=816, 6276ms, reset)
[w0:ab:pro] [api] 200 mode=pro startsWith=bz
[w0:ab:pro] [api] 200 mode=pro startsWith=bz (525ms direct)
[w0:ab:pro] "bz" → 1 records, 1 words
[w0:ab:pro] "bz" branch complete
[w0:ab:pro] Saved 29,660 worker words
[w0:ab:pro] Searching "bab" | queue=168 | words=29660
[w0:ab:pro] Pacing 14s before "bab" (gap=15500ms)
[w0:ab:pro] heartbeat words=29660 queue=168 rotation=0 idle=4s
[w0:ab:pro] Managed Turnstile token (len=816, 12200ms, reset)
[w0:ab:pro] [api] 200 mode=pro startsWith=bab
[w0:ab:pro] [api] 200 mode=pro startsWith=bab (654ms direct)
[w0:ab:pro] "bab" → 100 records, 100 words (incl. exact "bab")
[w0:ab:pro] Pacing 14s before "bab" (gap=15500ms)
[w0:ab:pro] Managed Turnstile token (len=816, 18577ms, reset)
[w0:ab:pro] [api] 200 mode=pro startsWith=bab
[w0:ab:pro] [api] 200 mode=pro startsWith=bab sort=alphabetical:desc (675ms direct)
[w0:ab:pro] "bab" full page ends at "babingtonites" (next='i'); skip 23 covered groups → 5 children reverse Z→A ends at "babka" (lo='k' hi='y'); skip 13 middle + 100 new words
[w0:ab:pro] Saved 29,798 worker words
[w0:ab:pro] Searching "bac" | queue=172 | words=29798
[w0:ab:pro] Turnstile mint hard timeout after 28000ms
[w0:ab:pro] heartbeat words=29798 queue=172 rotation=0 idle=3s
[w0:ab:pro] Turnstile mint hard timeout after 28000ms
[w0:ab:pro] Turnstile mint hard timeout after 28000ms
[w0:ab:pro] heartbeat words=29798 queue=172 rotation=0 idle=2s
[w0:ab:pro] Site Turnstile remint timed out (71793ms)
[w0:ab:pro] Site Turnstile remint timed out (42080ms)
[w0:ab:pro] Turnstile token present (len=816)
[w0:ab:pro] Site Turnstile token (26487ms)
[w0:ab:pro] [api] 200 mode=pro startsWith=bac
[w0:ab:pro] [api] 200 mode=pro startsWith=bac (763ms direct)
[w0:ab:pro] "bac" → 100 records, 100 words (incl. exact "bac")
[w0:ab:pro] Pacing 15s before "bac" (gap=15500ms)
[w0:ab:pro] Managed Turnstile token (len=816, 6616ms, remount)
[w0:ab:pro] [api] 200 mode=pro startsWith=bac
[w0:ab:pro] [api] 200 mode=pro startsWith=bac sort=alphabetical:desc (645ms direct)
[w0:ab:pro] "bac" full page ends at "bachelors" (next='h'); skip 9 covered groups → 19 children reverse Z→A ends at "bacteriolysis" (lo='t' hi='u'); skip 0 middle + 100 new words
[w0:ab:pro] Saved 29,998 worker words
[w0:ab:pro] Searching "bad" | queue=190 | words=29998
[w0:ab:pro] Pacing 15s before "bad" (gap=15500ms)
[w0:ab:pro] Managed Turnstile token (len=816, 5377ms, reset)
[w0:ab:pro] [api] 200 mode=pro startsWith=bad
[w0:ab:pro] [api] 200 mode=pro startsWith=bad (646ms direct)
[w0:ab:pro] "bad" → 92 records, 92 words (incl. exact "bad")
[w0:ab:pro] "bad" branch complete
[w0:ab:pro] Saved 30,090 worker words
[w0:ab:pro] Searching "bae" | queue=189 | words=30090
[w0:ab:pro] Pacing 15s before "bae" (gap=15500ms)
[w0:ab:pro] heartbeat words=30090 queue=189 rotation=0 idle=3s
[w0:ab:pro] Turnstile mint hard timeout after 28000ms
[w0:ab:pro] Site Turnstile remint timed out (31364ms)
[w0:ab:pro] Turnstile mint hard timeout after 28000ms
[w0:ab:pro] Site Turnstile remint timed out (30684ms)
[w0:ab:pro] heartbeat words=30090 queue=189 rotation=0 idle=4s
[w0:ab:pro] Site Turnstile remint timed out (24728ms)
[w0:ab:pro] Managed Turnstile token (len=816, 19678ms, remount)
[w0:ab:pro] [api] 200 mode=pro startsWith=bae
[w0:ab:pro] [api] 200 mode=pro startsWith=bae (692ms direct)
[w0:ab:pro] "bae" → 15 records, 15 words (incl. exact "bae")
[w0:ab:pro] "bae" branch complete
[w0:ab:pro] Saved 30,105 worker words
[w0:ab:pro] Searching "baf" | queue=188 | words=30105
[w0:ab:pro] Pacing 13s before "baf" (gap=15500ms)
[w0:ab:pro] heartbeat words=30105 queue=188 rotation=0 idle=19s
[w0:ab:pro] Site Turnstile remint timed out (27796ms)
[w0:ab:pro] Turnstile mint hard timeout after 28000ms
[w0:ab:pro] heartbeat words=30105 queue=188 rotation=0 idle=25s
[w0:ab:pro] Site Turnstile remint timed out (25921ms)
[w0:ab:pro] Managed Turnstile token (len=816, 7549ms, remount)
[w0:ab:pro] [api] 200 mode=pro startsWith=baf
[w0:ab:pro] [api] 200 mode=pro startsWith=baf (499ms direct)
[w0:ab:pro] "baf" → 28 records, 28 words
[w0:ab:pro] "baf" branch complete
[w0:ab:pro] Saved 30,133 worker words; shared last.txt now 377,947
[w0:ab:pro] Searching "bag" | queue=187 | words=30133
[w0:ab:pro] Pacing 7s before "bag" (gap=15500ms)
[w0:ab:pro] Managed Turnstile token (len=816, 17710ms, reset)
[w0:ab:pro] [api] 200 mode=pro startsWith=bag
[w0:ab:pro] [api] 200 mode=pro startsWith=bag (705ms direct)
[w0:ab:pro] "bag" → 100 records, 100 words (incl. exact "bag")
[w0:ab:pro] Pacing 14s before "bag" (gap=15500ms)
[w0:ab:pro] Managed Turnstile token (len=816, 15309ms, reset)
[w0:ab:pro] [api] 200 mode=pro startsWith=bag
[w0:ab:pro] [api] 200 mode=pro startsWith=bag sort=alphabetical:desc (538ms direct)
[w0:ab:pro] "bag" full page ends at "bagplant" (next='p'); skip 24 covered groups → 4 children reverse Z→A ends at "baggager" (lo='g' hi='w'); skip 15 middle + 35 new words
[w0:ab:pro] Saved 30,268 worker words
[w0:ab:pro] Searching "bah" | queue=190 | words=30268
[w0:ab:pro] Pacing 10s before "bah" (gap=15500ms)
[w0:ab:pro] heartbeat words=30268 queue=190 rotation=0 idle=10s
[w0:ab:pro] Turnstile token present (len=816)
[w0:ab:pro] Site Turnstile token (26096ms)
[w0:ab:pro] [api] 200 mode=pro startsWith=bah
[w0:ab:pro] [api] 200 mode=pro startsWith=bah (669ms direct)
[w0:ab:pro] "bah" → 51 records, 51 words (incl. exact "bah")
[w0:ab:pro] "bah" branch complete
[w0:ab:pro] Saved 30,319 worker words
[w0:ab:pro] Searching "bai" | queue=189 | words=30319
[w0:ab:pro] Pacing 12s before "bai" (gap=15500ms)
[w0:ab:pro] Turnstile token present (len=816)
[w0:ab:pro] Site Turnstile token (25426ms)
[w0:ab:pro] [api] 200 mode=pro startsWith=bai
[w0:ab:pro] [api] 200 mode=pro startsWith=bai (704ms direct)
[w0:ab:pro] "bai" → 100 records, 100 words (incl. exact "bai")
[w0:ab:pro] Pacing 14s before "bai" (gap=15500ms)
[w0:ab:pro] Managed Turnstile token (len=816, 16734ms, remount)
[w0:ab:pro] [api] 200 mode=pro startsWith=bai
[w0:ab:pro] [api] 200 mode=pro startsWith=bai sort=alphabetical:desc (727ms direct)
[w0:ab:pro] "bai" full page ends at "bairdi" (next='r'); skip 27 covered groups → 1 children reverse Z→A ends at "bailiary" (lo='l' hi='z'); skip 13 middle + 46 new words
[w0:ab:pro] Saved 30,465 worker words
[w0:ab:pro] Searching "baj" | queue=189 | words=30465
[w0:ab:pro] Pacing 15s before "baj" (gap=15500ms)
[w0:ab:pro] heartbeat words=30465 queue=189 rotation=0 idle=3s
[w0:ab:pro] Site Turnstile remint timed out (24157ms)
[w0:ab:pro] Site Turnstile remint timed out (24292ms)
[w0:ab:pro] heartbeat words=30465 queue=189 rotation=0 idle=15s
[w0:ab:pro] Turnstile token present (len=816)
[w0:ab:pro] Site Turnstile token (27481ms)
[w0:ab:pro] [api] 200 mode=pro startsWith=baj
[w0:ab:pro] [api] 200 mode=pro startsWith=baj (537ms direct)
[w0:ab:pro] "baj" → 27 records, 27 words
[w0:ab:pro] "baj" branch complete
[w0:ab:pro] Saved 30,492 worker words
[w0:ab:pro] Searching "bak" | queue=188 | words=30492
[w0:ab:pro] Pacing 14s before "bak" (gap=15500ms)
[w0:ab:pro] Turnstile mint hard timeout after 28000ms
[w0:ab:pro] Site Turnstile remint timed out (28966ms)
[w0:ab:pro] heartbeat words=30492 queue=188 rotation=0 idle=17s
[w0:ab:pro] Managed Turnstile token (len=816, 18046ms, remount)
[w0:ab:pro] [api] 200 mode=pro startsWith=bak
[w0:ab:pro] [api] 200 mode=pro startsWith=bak (624ms direct)
[w0:ab:pro] "bak" → 100 records, 100 words
[w0:ab:pro] Pacing 14s before "bak" (gap=15500ms)
[w0:ab:pro] Managed Turnstile token (len=816, 17528ms, reset)
[w0:ab:pro] [api] 200 mode=pro startsWith=bak
[w0:ab:pro] [api] 200 mode=pro startsWith=bak sort=alphabetical:desc (487ms direct)
[w0:ab:pro] "bak" full page ends at "bakwan-bakwan" (next='w'); skip 24 covered groups → 4 children reverse Z→A ends at "bakadere" (lo='a' hi='w'); skip 21 middle + 1 new words
[w0:ab:pro] Saved 30,593 worker words
[w0:ab:pro] Searching "bal" | queue=191 | words=30593
[w0:ab:pro] Pacing 14s before "bal" (gap=15500ms)
[w0:ab:pro] Turnstile token present (len=816)
[w0:ab:pro] Site Turnstile token (23558ms)
[w0:ab:pro] [api] 200 mode=pro startsWith=bal
[w0:ab:pro] [api] 200 mode=pro startsWith=bal (675ms direct)
[w0:ab:pro] "bal" → 100 records, 100 words (incl. exact "bal")
[w0:ab:pro] Pacing 14s before "bal" (gap=15500ms)
[w0:ab:pro] heartbeat words=30693 queue=191 rotation=0 idle=14s
[w0:ab:pro] Turnstile mint hard timeout after 28000ms
[w0:ab:pro] Site Turnstile remint timed out (32271ms)
[w0:ab:pro] Turnstile token present (len=816)
[w0:ab:pro] Site Turnstile token (25755ms)
[w0:ab:pro] [api] 200 mode=pro startsWith=bal
[w0:ab:pro] [api] 200 mode=pro startsWith=bal sort=alphabetical:desc (479ms direct)
[w0:ab:pro] "bal" full page ends at "balasanas" (next='a'); skip 13 covered groups → 15 children reverse Z→A ends at "balnibarbi" (lo='n' hi='z'); skip 11 middle + 100 new words
[w0:ab:pro] Saved 30,793 worker words
[w0:ab:pro] Searching "bam" | queue=205 | words=30793
[w0:ab:pro] Pacing 11s before "bam" (gap=15500ms)
[w0:ab:pro] heartbeat words=30793 queue=205 rotation=0 idle=16s
[w0:ab:pro] Turnstile mint hard timeout after 28000ms
[w0:ab:pro] Site Turnstile remint timed out (28843ms)
[w0:ab:pro] Turnstile token present (len=816)
[w0:ab:pro] Site Turnstile token (22852ms)
[w0:ab:pro] [api] 200 mode=pro startsWith=bam
[w0:ab:pro] [api] 200 mode=pro startsWith=bam (540ms direct)
[w0:ab:pro] "bam" → 50 records, 50 words (incl. exact "bam")
[w0:ab:pro] "bam" branch complete
[w0:ab:pro] Saved 30,843 worker words
[w0:ab:pro] Searching "ban" | queue=204 | words=30843
[w0:ab:pro] Pacing 9s before "ban" (gap=15500ms)
[w0:ab:pro] heartbeat words=30843 queue=204 rotation=0 idle=20s
[w0:ab:pro] Turnstile mint hard timeout after 28000ms
[w0:ab:pro] Site Turnstile remint timed out (33883ms)
[w0:ab:pro] Managed Turnstile token (len=816, 13938ms, remount)
[w0:ab:pro] [api] 200 mode=pro startsWith=ban
[w0:ab:pro] [api] 200 mode=pro startsWith=ban (516ms direct)
[w0:ab:pro] "ban" → 100 records, 100 words (incl. exact "ban")
[w0:ab:pro] Pacing 15s before "ban" (gap=15500ms)
[w0:ab:pro] Turnstile token present (len=816)
[w0:ab:pro] Site Turnstile token (23540ms)
[w0:ab:pro] [api] 200 mode=pro startsWith=ban
[w0:ab:pro] [api] 200 mode=pro startsWith=ban sort=alphabetical:desc (604ms direct)
[w0:ab:pro] "ban" full page ends at "bandboxes" (next='d'); skip 16 covered groups → 12 children reverse Z→A ends at "bannerless" (lo='n' hi='z'); skip 11 middle + 100 new words
[w0:ab:pro] heartbeat words=31043 queue=216 rotation=0 idle=20s
[w0:ab:pro] Saved 31,043 worker words; shared last.txt now 380,193
[w0:ab:pro] Searching "bao" | queue=215 | words=31043
[w0:ab:pro] Turnstile mint hard timeout after 28000ms
[w0:ab:pro] Site Turnstile remint timed out (57013ms)
[w0:ab:pro] Tor exited code=0
[w0:ab:pro] Site Turnstile remint timed out (25985ms)
[w0:ab:pro] Site Turnstile remint timed out (864867ms)
[w0:ab:pro] Site Turnstile remint timed out (586697ms)
[w0:ab:pro] IP mode=tor
[w0:ab:pro] Cleaned 1 old rotated profile(s)
[w0:ab:pro] Starting persistent Tor socks=127.0.0.1:19050 control=127.0.0.1:29050
[w0:ab:pro] tor: Aug 05 17:57:51.000 [notice] Bootstrapped 0% (starting): Starting
[w0:ab:pro] tor: Aug 05 17:57:52.000 [notice] Bootstrapped 5% (conn): Connecting to a relay
[w0:ab:pro] tor: Aug 05 17:57:52.000 [notice] Bootstrapped 10% (conn_done): Connected to a relay
[w0:ab:pro] tor: Aug 05 17:57:53.000 [notice] Bootstrapped 14% (handshake): Handshaking with a relay
[w0:ab:pro] tor: Aug 05 17:57:53.000 [notice] Bootstrapped 15% (handshake_done): Handshake with a relay done
Aug 05 17:57:53.000 [notice] Bootstrapped 75% (enough_dirinfo): Load
[w0:ab:pro] tor: Aug 05 17:57:54.000 [notice] Bootstrapped 100% (done): Done
[w0:ab:pro] Tor ready on 19050 exit=109.70.100.6
[w0:ab:pro] Launching persistent Chrome profile /tmp/lll-pw-w0-r0
[w0:ab:pro] Proxy tor#1 socks5://127.0.0.1:19050
[w0:ab:pro] Opening https://lastletterlibrary.com
[w0:ab:pro] Library mode=pro
[w0:ab:pro] Managed Turnstile token (len=816, 6149ms, remount)
[w0:ab:pro] Search mode=direct (skip UI Wait Ns… gate)
[w0:ab:pro] Loaded 3596 prefixes, 31043 words; queue=216
[w0:ab:pro] Searching "bao" | queue=215 | words=31043
[w0:ab:pro] [api] 200 mode=pro startsWith=bao
[w0:ab:pro] [api] 200 mode=pro startsWith=bao (437ms direct)
[w0:ab:pro] "bao" → 6 records, 6 words (incl. exact "bao")
[w0:ab:pro] "bao" branch complete
[w0:ab:pro] Saved 31,049 worker words
[w0:ab:pro] Searching "bap" | queue=214 | words=31049
[w0:ab:pro] Pacing 16s before "bap" (gap=15500ms)
[w0:ab:pro] Site Turnstile remint timed out (22277ms)
[w0:ab:pro] Failed "bap" attempt 1: No Turnstile token for direct search
[w0:ab:pro] Saved 31,049 worker words
[w0:ab:pro] Turnstile miss — soft reload before rotate
[w0:ab:pro] Turnstile token present (len=816)
[w0:ab:pro] Site Turnstile token (5386ms)
[w0:ab:pro] Searching "bap" | queue=214 | words=31049
[w0:ab:pro] [api] 200 mode=pro startsWith=bap
[w0:ab:pro] [api] 200 mode=pro startsWith=bap (441ms direct)
[w0:ab:pro] "bap" → 41 records, 41 words (incl. exact "bap")
[w0:ab:pro] "bap" branch complete
[w0:ab:pro] Saved 31,090 worker words
[w0:ab:pro] Searching "baq" | queue=213 | words=31090
[w0:ab:pro] Pacing 16s before "baq" (gap=15500ms)
[w0:ab:pro] Managed Turnstile token (len=816, 5362ms, remount)
[w0:ab:pro] [api] 200 mode=pro startsWith=baq
[w0:ab:pro] [api] 200 mode=pro startsWith=baq (453ms direct)
[w0:ab:pro] "baq" → 0 records, 0 words
[w0:ab:pro] "baq" branch complete
[w0:ab:pro] Saved 31,090 worker words
[w0:ab:pro] Searching "bar" | queue=212 | words=31090
[w0:ab:pro] Pacing 15s before "bar" (gap=15500ms)
[w0:ab:pro] heartbeat words=31090 queue=212 rotation=0 idle=15s
[w0:ab:pro] Site Turnstile remint timed out (22323ms)
[w0:ab:pro] Failed "bar" attempt 1: No Turnstile token for direct search
[w0:ab:pro] Saved 31,090 worker words
[w0:ab:pro] Turnstile miss — soft reload before rotate
[w0:ab:pro] Turnstile token present (len=816)
[w0:ab:pro] Site Turnstile token (6634ms)
[w0:ab:pro] Searching "bar" | queue=212 | words=31090
[w0:ab:pro] [api] 200 mode=pro startsWith=bar
[w0:ab:pro] [api] 200 mode=pro startsWith=bar (476ms direct)
[w0:ab:pro] "bar" → 100 records, 100 words (incl. exact "bar")
[w0:ab:pro] Pacing 15s before "bar" (gap=15500ms)
[w0:ab:pro] Managed Turnstile token (len=816, 12328ms, remount)
[w0:ab:pro] [api] 200 mode=pro startsWith=bar
[w0:ab:pro] [api] 200 mode=pro startsWith=bar sort=alphabetical:desc (535ms direct)
[w0:ab:pro] "bar" full page ends at "barbarous" (next='b'); skip 7 covered groups → 21 children reverse Z→A ends at "bartendings" (lo='t' hi='y'); skip 4 middle + 100 new words
[w0:ab:pro] Saved 31,290 worker words
[w0:ab:pro] Searching "bas" | queue=232 | words=31290
[w0:ab:pro] Pacing 14s before "bas" (gap=15500ms)
[w0:ab:pro] Site Turnstile remint timed out (23519ms)
[w0:ab:pro] Failed "bas" attempt 1: No Turnstile token for direct search
[w0:ab:pro] Saved 31,290 worker words
[w0:ab:pro] Turnstile miss — soft reload before rotate
[w0:ab:pro] heartbeat words=31290 queue=233 rotation=0 idle=28s
[w0:ab:pro] Turnstile token present (len=816)
[w0:ab:pro] Site Turnstile token (8443ms)
[w0:ab:pro] Searching "bas" | queue=232 | words=31290
[w0:ab:pro] [api] 200 mode=pro startsWith=bas
[w0:ab:pro] [api] 200 mode=pro startsWith=bas (464ms direct)
[w0:ab:pro] "bas" → 100 records, 100 words (incl. exact "bas")
[w0:ab:pro] Pacing 16s before "bas" (gap=15500ms)
[w0:ab:pro] Managed Turnstile token (len=816, 9529ms, remount)
[w0:ab:pro] [api] 200 mode=pro startsWith=bas
[w0:ab:pro] [api] 200 mode=pro startsWith=bas sort=alphabetical:desc (452ms direct)
[w0:ab:pro] "bas" full page ends at "baserunner" (next='e'); skip 11 covered groups → 17 children reverse Z→A ends at "bassly" (lo='s' hi='y'); skip 5 middle + 100 new words
[w0:ab:pro] Saved 31,490 worker words; shared last.txt now 380,979
[w0:ab:pro] Searching "bat" | queue=248 | words=31490
[w0:ab:pro] Pacing 15s before "bat" (gap=15500ms)
[w0:ab:pro] Site Turnstile remint timed out (22452ms)
[w0:ab:pro] Failed "bat" attempt 1: No Turnstile token for direct search
[w0:ab:pro] Saved 31,490 worker words
[w0:ab:pro] Turnstile miss — soft reload before rotate
[w0:ab:pro] Turnstile token present (len=816)
[w0:ab:pro] Site Turnstile token (5562ms)
[w0:ab:pro] Searching "bat" | queue=248 | words=31490
[w0:ab:pro] [api] 200 mode=pro startsWith=bat
[w0:ab:pro] [api] 200 mode=pro startsWith=bat (4034ms direct)
[w0:ab:pro] "bat" → 100 records, 100 words (incl. exact "bat")
[w0:ab:pro] Pacing 12s before "bat" (gap=15500ms)
[w0:ab:pro] Managed Turnstile token (len=816, 4813ms, remount)
[w0:ab:pro] heartbeat words=31590 queue=248 rotation=0 idle=39s
[w0:ab:pro] [api] 429 mode=pro startsWith=bat
[w0:ab:pro] [api] 429 mode=pro startsWith=bat sort=alphabetical:desc (464ms direct)
[w0:ab:pro] Learned server gap ≈ 15500ms (wait hint 5000ms)
[w0:ab:pro] Rate limited — inline wait 5000ms then retry "bat"
[w0:ab:pro] Site Turnstile remint timed out (22424ms)
[w0:ab:pro] "bat" reverse search failed (No Turnstile token for direct search); forward-only
[w0:ab:pro] "bat" full page ends at "bathmotropic" (next='h'); skip 9 covered groups → 19 children from bath..
[w0:ab:pro] Saved 31,590 worker words
[w0:ab:pro] Searching "bau" | queue=266 | words=31590
[w0:ab:pro] Managed Turnstile token (len=816, 5316ms, remount)
[w0:ab:pro] [api] 200 mode=pro startsWith=bau
[w0:ab:pro] [api] 200 mode=pro startsWith=bau (457ms direct)
[w0:ab:pro] "bau" → 74 records, 74 words
[w0:ab:pro] "bau" branch complete
[w0:ab:pro] Saved 31,664 worker words
[w0:ab:pro] Searching "bav" | queue=265 | words=31664
[w0:ab:pro] Pacing 15s before "bav" (gap=15500ms)
[w0:ab:pro] Site Turnstile remint timed out (22625ms)
[w0:ab:pro] Failed "bav" attempt 1: No Turnstile token for direct search
[w0:ab:pro] Saved 31,664 worker words
[w0:ab:pro] Turnstile miss — soft reload before rotate
[w0:ab:pro] heartbeat words=31664 queue=266 rotation=0 idle=26s
[w0:ab:pro] Turnstile token present (len=816)
[w0:ab:pro] Site Turnstile token (8392ms)
[w0:ab:pro] Searching "bav" | queue=265 | words=31664
[w0:ab:pro] [api] 200 mode=pro startsWith=bav
[w0:ab:pro] [api] 200 mode=pro startsWith=bav (583ms direct)
[w0:ab:pro] "bav" → 20 records, 20 words
[w0:ab:pro] "bav" branch complete
[w0:ab:pro] Saved 31,684 worker words
[w0:ab:pro] Searching "baw" | queue=264 | words=31684
[w0:ab:pro] Pacing 15s before "baw" (gap=15500ms)
[w0:ab:pro] Managed Turnstile token (len=816, 9176ms, remount)
[w0:ab:pro] [api] 200 mode=pro startsWith=baw
[w0:ab:pro] [api] 200 mode=pro startsWith=baw (663ms direct)
[w0:ab:pro] "baw" → 60 records, 60 words (incl. exact "baw")
[w0:ab:pro] "baw" branch complete
[w0:ab:pro] Saved 31,744 worker words
[w0:ab:pro] Searching "bax" | queue=263 | words=31744
[w0:ab:pro] Pacing 15s before "bax" (gap=15500ms)
[w0:ab:pro] Site Turnstile remint timed out (22603ms)
[w0:ab:pro] Failed "bax" attempt 1: No Turnstile token for direct search
[w0:ab:pro] Saved 31,744 worker words
[w0:ab:pro] Turnstile miss — soft reload before rotate
[w0:ab:pro] Turnstile token present (len=816)
[w0:ab:pro] Site Turnstile token (6536ms)
[w0:ab:pro] Searching "bax" | queue=263 | words=31744
[w0:ab:pro] [api] 200 mode=pro startsWith=bax
[w0:ab:pro] [api] 200 mode=pro startsWith=bax (595ms direct)
[w0:ab:pro] "bax" → 5 records, 5 words
[w0:ab:pro] "bax" branch complete
[w0:ab:pro] heartbeat words=31749 queue=263 rotation=0 idle=37s
[w0:ab:pro] Saved 31,749 worker words; shared last.txt now 381,751
[w0:ab:pro] Searching "bay" | queue=262 | words=31749
[w0:ab:pro] Pacing 7s before "bay" (gap=15500ms)
[w0:ab:pro] Managed Turnstile token (len=816, 10054ms, remount)
[w0:ab:pro] [api] 200 mode=pro startsWith=bay
[w0:ab:pro] [api] 200 mode=pro startsWith=bay (535ms direct)
[w0:ab:pro] "bay" → 76 records, 76 words (incl. exact "bay")
[w0:ab:pro] "bay" branch complete
[w0:ab:pro] Saved 31,756 worker words
[w0:ab:pro] Searching "baz" | queue=261 | words=31756
[w0:ab:pro] Pacing 15s before "baz" (gap=15500ms)
[w0:ab:pro] Site Turnstile remint timed out (22847ms)
[w0:ab:pro] Failed "baz" attempt 1: No Turnstile token for direct search
[w0:ab:pro] Saved 31,756 worker words
[w0:ab:pro] Turnstile miss — soft reload before rotate
[w0:ab:pro] Turnstile token present (len=816)
[w0:ab:pro] Site Turnstile token (8074ms)
[w0:ab:pro] Searching "baz" | queue=261 | words=31756
[w0:ab:pro] [api] 200 mode=pro startsWith=baz
[w0:ab:pro] [api] 200 mode=pro startsWith=baz (457ms direct)
[w0:ab:pro] "baz" → 31 records, 31 words
[w0:ab:pro] "baz" branch complete
[w0:ab:pro] Saved 31,756 worker words
[w0:ab:pro] Searching "bea" | queue=260 | words=31756
[w0:ab:pro] Pacing 15s before "bea" (gap=15500ms)
[w0:ab:pro] Managed Turnstile token (len=816, 11442ms, remount)
[w0:ab:pro] [api] 200 mode=pro startsWith=bea
[w0:ab:pro] [api] 200 mode=pro startsWith=bea (541ms direct)
[w0:ab:pro] "bea" → 100 records, 100 words (incl. exact "bea")
[w0:ab:pro] Pacing 15s before "bea" (gap=15500ms)
[w0:ab:pro] heartbeat words=31757 queue=260 rotation=0 idle=18s
[w0:ab:pro] Site Turnstile remint timed out (22492ms)
[w0:ab:pro] "bea" reverse search failed (No Turnstile token for direct search); forward-only
[w0:ab:pro] "bea" full page ends at "beak" (next='k'); skip 12 covered groups → 16 children from beak..
[w0:ab:pro] Saved 31,757 worker words
[w0:ab:pro] Searching "beb" | queue=275 | words=31757
[w0:ab:pro] Graceful shutdown on SIGTERM
[w0:ab:pro] Tor exited code=0
[w0:ab:pro] Saved 31,757 worker words
[w0:ab:pro] IP mode=tor
[w0:ab:pro] Cleaned 1 old rotated profile(s)
[w0:ab:pro] Starting persistent Tor socks=127.0.0.1:19050 control=127.0.0.1:29050
[w0:ab:pro] tor: Aug 05 18:05:01.000 [notice] Bootstrapped 0% (starting): Starting
[w0:ab:pro] tor: Aug 05 18:05:03.000 [notice] Bootstrapped 5% (conn): Connecting to a relay
[w0:ab:pro] tor: Aug 05 18:05:03.000 [notice] Bootstrapped 10% (conn_done): Connected to a relay
[w0:ab:pro] tor: Aug 05 18:05:03.000 [notice] Bootstrapped 14% (handshake): Handshaking with a relay
[w0:ab:pro] tor: Aug 05 18:05:04.000 [notice] Bootstrapped 15% (handshake_done): Handshake with a relay done
Aug 05 18:05:04.000 [notice] Bootstrapped 75% (enough_dirinfo): Load
[w0:ab:pro] tor: Aug 05 18:05:04.000 [notice] Bootstrapped 95% (circuit_create): Establishing a Tor circuit
[w0:ab:pro] tor: Aug 05 18:05:05.000 [notice] Bootstrapped 100% (done): Done
[w0:ab:pro] Tor ready on 19050 exit=185.220.101.130
[w0:ab:pro] Launching persistent Chrome profile /tmp/lll-pw-w0-r0
[w0:ab:pro] Proxy tor#1 socks5://127.0.0.1:19050
[w0:ab:pro] Opening https://lastletterlibrary.com
[w0:ab:pro] Library mode=pro
[w0:ab:pro] Managed Turnstile token (len=816, 7276ms, remount)
[w0:ab:pro] Search mode=direct (skip UI Wait Ns… gate)
[w0:ab:pro] Loaded 3648 prefixes, 31757 words; queue=275
[w0:ab:pro] Searching "bec" | queue=274 | words=31757
[w0:ab:pro] [api] 200 mode=pro startsWith=bec
[w0:ab:pro] [api] 200 mode=pro startsWith=bec (614ms direct)
[w0:ab:pro] "bec" → 100 records, 100 words (incl. exact "bec")
[w0:ab:pro] Pacing 15s before "bec" (gap=15500ms)
[w0:ab:pro] Site Turnstile remint timed out (22286ms)
[w0:ab:pro] "bec" reverse search failed (No Turnstile token for direct search); forward-only
[w0:ab:pro] "bec" full page ends at "beclamours" (next='l'); skip 13 covered groups → 15 children from becl..
[w0:ab:pro] Saved 31,857 worker words
[w0:ab:pro] Searching "bed" | queue=288 | words=31857
[w0:ab:pro] Managed Turnstile token (len=816, 5371ms, remount)
[w0:ab:pro] [api] 200 mode=pro startsWith=bed
[w0:ab:pro] [api] 200 mode=pro startsWith=bed (590ms direct)
[w0:ab:pro] "bed" → 100 records, 100 words (incl. exact "bed")
[w0:ab:pro] Pacing 15s before "bed" (gap=15500ms)
[w0:ab:pro] Site Turnstile remint timed out (22410ms)
[w0:ab:pro] "bed" reverse search failed (No Turnstile token for direct search); forward-only
[w0:ab:pro] "bed" full page ends at "bedeguars" (next='e'); skip 6 covered groups → 22 children from bede..
[w0:ab:pro] Saved 31,957 worker words
[w0:ab:pro] Searching "bee" | queue=309 | words=31957
[w0:ab:pro] Managed Turnstile token (len=816, 5800ms, remount)
[w0:ab:pro] [api] 200 mode=pro startsWith=bee
[w0:ab:pro] [api] 200 mode=pro startsWith=bee (694ms direct)
[w0:ab:pro] "bee" → 100 records, 100 words (incl. exact "bee")
[w0:ab:pro] Pacing 15s before "bee" (gap=15500ms)
[w0:ab:pro] heartbeat words=32057 queue=309 rotation=0 idle=9s
[w0:ab:pro] Site Turnstile remint timed out (22547ms)
[w0:ab:pro] "bee" reverse search failed (No Turnstile token for direct search); forward-only
[w0:ab:pro] "bee" full page ends at "beenahs" (next='n'); skip 15 covered groups → 13 children from been..
[w0:ab:pro] Saved 32,057 worker words
[w0:ab:pro] Searching "bef" | queue=321 | words=32057
[w0:ab:pro] Managed Turnstile token (len=816, 5629ms, remount)
[w0:ab:pro] [api] 200 mode=pro startsWith=bef
[w0:ab:pro] [api] 200 mode=pro startsWith=bef (600ms direct)
[w0:ab:pro] "bef" → 100 records, 100 words (incl. exact "bef")
[w0:ab:pro] Pacing 15s before "bef" (gap=15500ms)
[w0:ab:pro] Site Turnstile remint timed out (22777ms)
[w0:ab:pro] "bef" reverse search failed (No Turnstile token for direct search); forward-only
[w0:ab:pro] "bef" full page ends at "befortuned" (next='o'); skip 16 covered groups → 12 children from befo..
[w0:ab:pro] Saved 32,157 worker words
[w0:ab:pro] Searching "beg" | queue=332 | words=32157
[w0:ab:pro] Managed Turnstile token (len=816, 5946ms, remount)
[w0:ab:pro] [api] 200 mode=pro startsWith=beg
[w0:ab:pro] [api] 200 mode=pro startsWith=beg (715ms direct)
[w0:ab:pro] "beg" → 100 records, 100 words (incl. exact "beg")
[w0:ab:pro] Pacing 15s before "beg" (gap=15500ms)
[w0:ab:pro] heartbeat words=32257 queue=332 rotation=0 idle=11s
[w0:ab:pro] Site Turnstile remint timed out (25384ms)
[w0:ab:pro] "beg" reverse search failed (No Turnstile token for direct search); forward-only
[w0:ab:pro] "beg" full page ends at "beginning" (next='i'); skip 10 covered groups → 18 children from begi..
[w0:ab:pro] Saved 32,257 worker words
[w0:ab:pro] Searching "beh" | queue=349 | words=32257
[w0:ab:pro] Managed Turnstile token (len=816, 5295ms, remount)
[w0:ab:pro] [api] 200 mode=pro startsWith=beh
[w0:ab:pro] [api] 200 mode=pro startsWith=beh (710ms direct)
[w0:ab:pro] "beh" → 100 records, 100 words
[w0:ab:pro] Pacing 15s before "beh" (gap=15500ms)
[w0:ab:pro] Site Turnstile remint timed out (22594ms)
[w0:ab:pro] "beh" reverse search failed (No Turnstile token for direct search); forward-only
[w0:ab:pro] "beh" full page ends at "behooves" (next='o'); skip 16 covered groups → 12 children from beho..
[w0:ab:pro] Saved 32,357 worker words
[w0:ab:pro] Searching "bei" | queue=360 | words=32357
[w0:ab:pro] heartbeat words=32357 queue=360 rotation=0 idle=10s
[w0:ab:pro] Managed Turnstile token (len=816, 15457ms, remount)
[w0:ab:pro] [api] 200 mode=pro startsWith=bei
[w0:ab:pro] [api] 200 mode=pro startsWith=bei (779ms direct)
[w0:ab:pro] "bei" → 57 records, 57 words
[w0:ab:pro] "bei" branch complete
[w0:ab:pro] Saved 32,414 worker words
[w0:ab:pro] Searching "bej" | queue=359 | words=32414
[w0:ab:pro] Pacing 6s before "bej" (gap=15500ms)
[w0:ab:pro] Site Turnstile remint timed out (26793ms)
[w0:ab:pro] Failed "bej" attempt 1: No Turnstile token for direct search
[w0:ab:pro] Graceful shutdown on SIGTERM
[w0:ab:pro] Tor exited code=0
[w0:ab:pro] Saved 32,414 worker words
[w0:ab:pro] Saved 32,414 worker words; shared last.txt now 383,615
[w0:ab:pro] Turnstile miss — soft reload before rotate
[w0:ab:pro] Soft reload failed: page.goto: Target page, context or browser has been closed
[w0:ab:pro] IP mode=tor
[w0:ab:pro] Cleaned 1 old rotated profile(s)
[w0:ab:pro] Starting persistent Tor socks=127.0.0.1:19050 control=127.0.0.1:29050
[w0:ab:pro] tor: Aug 05 18:09:32.000 [notice] Bootstrapped 0% (starting): Starting
[w0:ab:pro] tor: Aug 05 18:09:34.000 [notice] Bootstrapped 5% (conn): Connecting to a relay
[w0:ab:pro] tor: Aug 05 18:09:34.000 [notice] Bootstrapped 10% (conn_done): Connected to a relay
[w0:ab:pro] tor: Aug 05 18:09:34.000 [notice] Bootstrapped 14% (handshake): Handshaking with a relay
[w0:ab:pro] tor: Aug 05 18:09:34.000 [notice] Bootstrapped 15% (handshake_done): Handshake with a relay done
Aug 05 18:09:34.000 [notice] Bootstrapped 75% (enough_dirinfo): Load
[w0:ab:pro] tor: Aug 05 18:09:34.000 [notice] Bootstrapped 95% (circuit_create): Establishing a Tor circuit
[w0:ab:pro] tor: Aug 05 18:09:35.000 [notice] Bootstrapped 100% (done): Done
[w0:ab:pro] Tor ready on 19050 exit=185.220.101.8
[w0:ab:pro] Launching persistent Chrome profile /tmp/lll-pw-w0-r0
[w0:ab:pro] Proxy tor#1 socks5://127.0.0.1:19050
[w0:ab:pro] Opening https://lastletterlibrary.com
[w0:ab:pro] Library mode=pro
[w0:ab:pro] Managed Turnstile token (len=816, 5179ms, remount)
[w0:ab:pro] Search mode=direct (skip UI Wait Ns… gate)
[w0:ab:pro] Loaded 3731 prefixes, 32414 words; queue=360
[w0:ab:pro] Searching "bej" | queue=359 | words=32414
[w0:ab:pro] [api] 200 mode=pro startsWith=bej
[w0:ab:pro] [api] 200 mode=pro startsWith=bej (435ms direct)
[w0:ab:pro] "bej" → 44 records, 44 words
[w0:ab:pro] "bej" branch complete
[w0:ab:pro] Saved 32,458 worker words
[w0:ab:pro] Searching "bek" | queue=358 | words=32458
[w0:ab:pro] Pacing 15s before "bek" (gap=15500ms)
[w0:ab:pro] Managed Turnstile token (len=816, 3531ms, remount)
[w0:ab:pro] [api] 200 mode=pro startsWith=bek
[w0:ab:pro] [api] 200 mode=pro startsWith=bek (478ms direct)
[w0:ab:pro] "bek" → 30 records, 30 words
[w0:ab:pro] "bek" branch complete
[w0:ab:pro] Saved 32,488 worker words
[w0:ab:pro] Searching "bel" | queue=357 | words=32488
[w0:ab:pro] Pacing 15s before "bel" (gap=15500ms)
[w0:ab:pro] Site Turnstile remint timed out (22309ms)
[w0:ab:pro] Failed "bel" attempt 1: No Turnstile token for direct search
[w0:ab:pro] Saved 32,488 worker words
[w0:ab:pro] Turnstile miss — soft reload before rotate
[w0:ab:pro] Managed Turnstile token (len=816, 3629ms, remount)
[w0:ab:pro] Searching "bel" | queue=357 | words=32488
[w0:ab:pro] [api] 200 mode=pro startsWith=bel
[w0:ab:pro] [api] 200 mode=pro startsWith=bel (431ms direct)
[w0:ab:pro] "bel" → 100 records, 100 words (incl. exact "bel")
[w0:ab:pro] Pacing 16s before "bel" (gap=15500ms)
[w0:ab:pro] Managed Turnstile token (len=794, 3785ms, remount)
[w0:ab:pro] [api] 200 mode=pro startsWith=bel
[w0:ab:pro] [api] 200 mode=pro startsWith=bel sort=alphabetical:desc (637ms direct)
[w0:ab:pro] "bel" full page ends at "beledgered" (next='e'); skip 16 covered groups → 12 children reverse Z→A ends at "beloeilite" (lo='o' hi='z'); skip 10 middle + 100 new words
[w0:ab:pro] Saved 32,688 worker words
[w0:ab:pro] Searching "bem" | queue=368 | words=32688
[w0:ab:pro] Pacing 15s before "bem" (gap=15500ms)
[w0:ab:pro] heartbeat words=32688 queue=368 rotation=0 idle=1s
[w0:ab:pro] Managed Turnstile token (len=816, 4230ms, remount)
[w0:ab:pro] [api] 200 mode=pro startsWith=bem
[w0:ab:pro] [api] 200 mode=pro startsWith=bem (506ms direct)
[w0:ab:pro] "bem" → 100 records, 100 words
[w0:ab:pro] Pacing 15s before "bem" (gap=15500ms)
[w0:ab:pro] Managed Turnstile token (len=816, 3743ms, remount)
[w0:ab:pro] [api] 200 mode=pro startsWith=bem
[w0:ab:pro] [api] 200 mode=pro startsWith=bem sort=alphabetical:desc (945ms direct)
[w0:ab:pro] "bem" full page ends at "bemoils" (next='o'); skip 22 covered groups → 6 children reverse Z→A ends at "bementite" (lo='e' hi='u'); skip 15 middle + 51 new words
[w0:ab:pro] Saved 32,839 worker words
[w0:ab:pro] Searching "ben" | queue=373 | words=32839
[w0:ab:pro] Pacing 15s before "ben" (gap=15500ms)
[w0:ab:pro] Managed Turnstile token (len=816, 17722ms, remount)
[w0:ab:pro] [api] 200 mode=pro startsWith=ben
[w0:ab:pro] [api] 200 mode=pro startsWith=ben (527ms direct)
[w0:ab:pro] "ben" → 100 records, 100 words (incl. exact "ben")
[w0:ab:pro] Pacing 12s before "ben" (gap=15500ms)
[w0:ab:pro] heartbeat words=32939 queue=373 rotation=0 idle=29s
[w0:ab:pro] Graceful shutdown on SIGTERM
[w0:ab:pro] Saved 32,939 worker words
[w0:ab:pro] Tor exited code=0
[w0:ab:pro] IP mode=tor
[w0:ab:pro] Cleaned 1 old rotated profile(s)
[w0:ab:pro] Starting persistent Tor socks=127.0.0.1:19050 control=127.0.0.1:29050
[w0:ab:pro] tor: Aug 05 18:12:19.000 [notice] Bootstrapped 0% (starting): Starting
[w0:ab:pro] tor: Aug 05 18:12:21.000 [notice] Bootstrapped 5% (conn): Connecting to a relay
[w0:ab:pro] tor: Aug 05 18:12:21.000 [notice] Bootstrapped 10% (conn_done): Connected to a relay
[w0:ab:pro] tor: Aug 05 18:12:21.000 [notice] Bootstrapped 14% (handshake): Handshaking with a relay
[w0:ab:pro] tor: Aug 05 18:12:22.000 [notice] Bootstrapped 15% (handshake_done): Handshake with a relay done
Aug 05 18:12:22.000 [notice] Bootstrapped 75% (enough_dirinfo): Load
[w0:ab:pro] tor: Aug 05 18:12:22.000 [notice] Bootstrapped 95% (circuit_create): Establishing a Tor circuit
[w0:ab:pro] tor: Aug 05 18:12:22.000 [notice] Bootstrapped 100% (done): Done
[w0:ab:pro] Tor ready on 19050 exit=192.42.116.58
[w0:ab:pro] Launching persistent Chrome profile /tmp/lll-pw-w0-r0
[w0:ab:pro] Proxy tor#1 socks5://127.0.0.1:19050
[w0:ab:pro] Opening https://lastletterlibrary.com
[w0:ab:pro] Library mode=pro
[w0:ab:pro] Site Turnstile remint timed out (22447ms)
[w0:ab:pro] Search mode=direct (skip UI Wait Ns… gate)
[w0:ab:pro] Loaded 3774 prefixes, 32939 words; queue=373
[w0:ab:pro] Searching "beo" | queue=372 | words=32939
[w0:ab:pro] Managed Turnstile miss (15015ms)
[w0:ab:pro] Failed "beo" attempt 1: No Turnstile token for direct search
[w0:ab:pro] Saved 32,939 worker words
[w0:ab:pro] Turnstile miss — soft reload before rotate
[w0:ab:pro] Site Turnstile remint timed out (9514ms)
[w0:ab:pro] Soft reload mint failed — rotating immediately
[w0:ab:pro] Tor NEWNYM gen=1; waiting 8000ms
[w0:ab:pro] Tor ready on 19050 exit=192.42.116.61
[w0:ab:pro] Rotating IP (#1, try 1) after No Turnstile token for direct search → tor#2 socks5://127.0.0.1:19050
[w0:ab:pro] Launching persistent Chrome profile /tmp/lll-pw-w0-r1
[w0:ab:pro] Proxy tor#2 socks5://127.0.0.1:19050
[w0:ab:pro] Opening https://lastletterlibrary.com
[w0:ab:pro] Library mode=pro
[w0:ab:pro] Managed Turnstile token (len=816, 5273ms, remount)
[w0:ab:pro] Search mode=direct (skip UI Wait Ns… gate)
[w0:ab:pro] Cleaned 1 old rotated profile(s)
[w0:ab:pro] Searching "beo" | queue=372 | words=32939
[w0:ab:pro] [api] 200 mode=pro startsWith=beo
[w0:ab:pro] [api] 200 mode=pro startsWith=beo (558ms direct)
[w0:ab:pro] "beo" → 4 records, 4 words
[w0:ab:pro] "beo" branch complete
[w0:ab:pro] Saved 32,943 worker words
[w0:ab:pro] Searching "bep" | queue=371 | words=32943
[w0:ab:pro] Pacing 15s before "bep" (gap=15500ms)
[w0:ab:pro] Managed Turnstile token (len=816, 4165ms, remount)
[w0:ab:pro] heartbeat words=32943 queue=371 rotation=1 idle=9s
[w0:ab:pro] [api] 200 mode=pro startsWith=bep
[w0:ab:pro] [api] 200 mode=pro startsWith=bep (555ms direct)
[w0:ab:pro] "bep" → 97 records, 97 words
[w0:ab:pro] "bep" branch complete
[w0:ab:pro] Saved 33,040 worker words
[w0:ab:pro] Searching "beq" | queue=370 | words=33040
[w0:ab:pro] Pacing 15s before "beq" (gap=15500ms)
[w0:ab:pro] Managed Turnstile token (len=816, 5895ms, remount)
[w0:ab:pro] [api] 200 mode=pro startsWith=beq
[w0:ab:pro] [api] 200 mode=pro startsWith=beq (521ms direct)
[w0:ab:pro] "beq" → 17 records, 17 words
[w0:ab:pro] "beq" branch complete
[w0:ab:pro] Saved 33,057 worker words
[w0:ab:pro] Searching "ber" | queue=369 | words=33057
[w0:ab:pro] Pacing 15s before "ber" (gap=15500ms)
[w0:ab:pro] Managed Turnstile token (len=816, 4517ms, remount)
[w0:ab:pro] [api] 200 mode=pro startsWith=ber
[w0:ab:pro] [api] 200 mode=pro startsWith=ber (551ms direct)
[w0:ab:pro] "ber" → 100 records, 100 words
[w0:ab:pro] Pacing 15s before "ber" (gap=15500ms)
[w0:ab:pro] Managed Turnstile token (len=816, 4640ms, remount)
[w0:ab:pro] [api] 200 mode=pro startsWith=ber
[w0:ab:pro] [api] 200 mode=pro startsWith=ber sort=alphabetical:desc (853ms direct)
[w0:ab:pro] "ber" full page ends at "bergamasca" (next='g'); skip 15 covered groups → 13 children reverse Z→A ends at "berrigans" (lo='r' hi='z'); skip 7 middle + 100 new words
[w0:ab:pro] Saved 33,257 worker words
[w0:ab:pro] Searching "bes" | queue=381 | words=33257
[w0:ab:pro] Pacing 15s before "bes" (gap=15500ms)
[w0:ab:pro] Managed Turnstile token (len=816, 5331ms, remount)
[w0:ab:pro] heartbeat words=33257 queue=381 rotation=1 idle=7s
[w0:ab:pro] [api] 200 mode=pro startsWith=bes
[w0:ab:pro] [api] 200 mode=pro startsWith=bes (529ms direct)
[w0:ab:pro] "bes" → 100 records, 100 words (incl. exact "bes")
[w0:ab:pro] Pacing 15s before "bes" (gap=15500ms)
[w0:ab:pro] Managed Turnstile token (len=816, 9840ms, remount)
[w0:ab:pro] [api] 200 mode=pro startsWith=bes
[w0:ab:pro] [api] 200 mode=pro startsWith=bes sort=alphabetical:desc (489ms direct)
[w0:ab:pro] "bes" full page ends at "beshadowed" (next='h'); skip 11 covered groups → 17 children reverse Z→A ends at "bestick" (lo='t' hi='w'); skip 2 middle + 100 new words
[w0:ab:pro] Saved 33,457 worker words
[w0:ab:pro] Searching "bet" | queue=397 | words=33457
[w0:ab:pro] Pacing 15s before "bet" (gap=15500ms)
[w0:ab:pro] Managed Turnstile token (len=816, 10705ms, remount)
[w0:ab:pro] [api] 200 mode=pro startsWith=bet
[w0:ab:pro] [api] 200 mode=pro startsWith=bet (545ms direct)
[w0:ab:pro] "bet" → 100 records, 100 words (incl. exact "bet")
[w0:ab:pro] Pacing 15s before "bet" (gap=15500ms)
[w0:ab:pro] Managed Turnstile token (len=816, 5832ms, remount)
[w0:ab:pro] [api] 200 mode=pro startsWith=bet
[w0:ab:pro] [api] 200 mode=pro startsWith=bet sort=alphabetical:desc (485ms direct)
[w0:ab:pro] "bet" full page ends at "bete" (next='e'); skip 10 covered groups → 18 children reverse Z→A ends at "betrayal" (lo='r' hi='w'); skip 4 middle + 100 new words
[w0:ab:pro] Saved 33,657 worker words
[w0:ab:pro] Searching "beu" | queue=414 | words=33657
[w0:ab:pro] Pacing 15s before "beu" (gap=15500ms)
[w0:ab:pro] heartbeat words=33657 queue=414 rotation=1 idle=5s
[w0:ab:pro] Managed Turnstile token (len=816, 7366ms, remount)
[w0:ab:pro] [api] 200 mode=pro startsWith=beu
[w0:ab:pro] [api] 200 mode=pro startsWith=beu (522ms direct)
[w0:ab:pro] "beu" → 8 records, 8 words
[w0:ab:pro] "beu" branch complete
[w0:ab:pro] Saved 33,665 worker words; shared last.txt now 386,393
[w0:ab:pro] Searching "bev" | queue=413 | words=33665
[w0:ab:pro] Pacing 8s before "bev" (gap=15500ms)
[w0:ab:pro] Managed Turnstile token (len=816, 11730ms, remount)
[w0:ab:pro] [api] 200 mode=pro startsWith=bev
[w0:ab:pro] [api] 200 mode=pro startsWith=bev (445ms direct)
[w0:ab:pro] "bev" → 49 records, 49 words
[w0:ab:pro] "bev" branch complete
[w0:ab:pro] Saved 33,714 worker words
[w0:ab:pro] Searching "bew" | queue=412 | words=33714
[w0:ab:pro] Pacing 15s before "bew" (gap=15500ms)
[w0:ab:pro] Managed Turnstile token (len=816, 5440ms, remount)
[w0:ab:pro] [api] 200 mode=pro startsWith=bew
[w0:ab:pro] [api] 200 mode=pro startsWith=bew (481ms direct)
[w0:ab:pro] "bew" → 100 records, 100 words
[w0:ab:pro] Pacing 15s before "bew" (gap=15500ms)
[w0:ab:pro] Managed Turnstile token (len=816, 12887ms, remount)
[w0:ab:pro] [api] 200 mode=pro startsWith=bew
[w0:ab:pro] [api] 200 mode=pro startsWith=bew sort=alphabetical:desc (499ms direct)
[w0:ab:pro] "bew" full page ends at "beworship" (next='o'); skip 24 covered groups → 4 children reverse Z→A ends at "bewearying" (lo='e' hi='w'); skip 17 middle + 0 new words
[w0:ab:pro] Saved 33,797 worker words
[w0:ab:pro] Searching "bez" | queue=415 | words=33797
[w0:ab:pro] Pacing 14s before "bez" (gap=15500ms)
[w0:ab:pro] heartbeat words=33797 queue=415 rotation=1 idle=2s
[w0:ab:pro] Managed Turnstile miss (15634ms)
[w0:ab:pro] Failed "bez" attempt 1: No Turnstile token for direct search
[w0:ab:pro] Saved 33,797 worker words
[w0:ab:pro] Turnstile miss — soft reload before rotate
[w0:ab:pro] Turnstile token present (len=816)
[w0:ab:pro] Site Turnstile token (10623ms)
[w0:ab:pro] Searching "bez" | queue=415 | words=33797
[w0:ab:pro] [api] 200 mode=pro startsWith=bez
[w0:ab:pro] [api] 200 mode=pro startsWith=bez (504ms direct)
[w0:ab:pro] "bez" → 43 records, 43 words (incl. exact "bez")
[w0:ab:pro] "bez" branch complete
[w0:ab:pro] Saved 33,797 worker words
[w0:ab:pro] Searching "bhu" | queue=414 | words=33797
[w0:ab:pro] Pacing 15s before "bhu" (gap=15500ms)
[w0:ab:pro] Managed Turnstile token (len=816, 5046ms, remount)
[w0:ab:pro] [api] 200 mode=pro startsWith=bhu
[w0:ab:pro] [api] 200 mode=pro startsWith=bhu (649ms direct)
[w0:ab:pro] "bhu" → 19 records, 19 words
[w0:ab:pro] "bhu" branch complete
[w0:ab:pro] Saved 33,797 worker words
[w0:ab:pro] Searching "bhv" | queue=413 | words=33797
[w0:ab:pro] Pacing 14s before "bhv" (gap=15500ms)
[w0:ab:pro] Managed Turnstile token (len=816, 11772ms, remount)
[w0:ab:pro] heartbeat words=33797 queue=413 rotation=1 idle=14s
[w0:ab:pro] [api] 200 mode=pro startsWith=bhv
[w0:ab:pro] [api] 200 mode=pro startsWith=bhv (679ms direct)
[w0:ab:pro] "bhv" → 0 records, 0 words
[w0:ab:pro] "bhv" branch complete
[w0:ab:pro] Saved 33,797 worker words
[w0:ab:pro] Searching "bhw" | queue=412 | words=33797
[w0:ab:pro] Pacing 13s before "bhw" (gap=15500ms)
[w0:ab:pro] Managed Turnstile miss (15389ms)
[w0:ab:pro] Failed "bhw" attempt 1: No Turnstile token for direct search
[w0:ab:pro] Saved 33,797 worker words
[w0:ab:pro] Turnstile miss — soft reload before rotate
[w0:ab:pro] Site Turnstile remint timed out (15086ms)
[w0:ab:pro] Soft reload mint failed — rotating immediately
[w0:ab:pro] Tor NEWNYM gen=2; waiting 8000ms
[w0:ab:pro] Tor ready on 19050 exit=192.42.116.92
[w0:ab:pro] Rotating IP (#2, try 1) after No Turnstile token for direct search → tor#3 socks5://127.0.0.1:19050
[w0:ab:pro] Launching persistent Chrome profile /tmp/lll-pw-w0-r2
[w0:ab:pro] Proxy tor#3 socks5://127.0.0.1:19050
[w0:ab:pro] Opening https://lastletterlibrary.com
[w0:ab:pro] heartbeat words=33797 queue=413 rotation=2 idle=58s
[w0:ab:pro] Library mode=pro
[w0:ab:pro] Managed Turnstile token (len=816, 4086ms, remount)
[w0:ab:pro] Search mode=direct (skip UI Wait Ns… gate)
[w0:ab:pro] Cleaned 1 old rotated profile(s)
[w0:ab:pro] Searching "bhw" | queue=412 | words=33797
[w0:ab:pro] [api] 200 mode=pro startsWith=bhw
[w0:ab:pro] [api] 200 mode=pro startsWith=bhw (561ms direct)
[w0:ab:pro] "bhw" → 0 records, 0 words
[w0:ab:pro] "bhw" branch complete
[w0:ab:pro] Saved 33,797 worker words; shared last.txt now 387,177
[w0:ab:pro] Searching "bhx" | queue=411 | words=33797
[w0:ab:pro] Pacing 15s before "bhx" (gap=15500ms)
[w0:ab:pro] Managed Turnstile token (len=816, 3743ms, remount)
[w0:ab:pro] [api] 200 mode=pro startsWith=bhx
[w0:ab:pro] [api] 200 mode=pro startsWith=bhx (460ms direct)
[w0:ab:pro] "bhx" → 0 records, 0 words
[w0:ab:pro] "bhx" branch complete
[w0:ab:pro] Saved 33,797 worker words
[w0:ab:pro] Searching "bhy" | queue=410 | words=33797
[w0:ab:pro] Pacing 15s before "bhy" (gap=15500ms)
[w0:ab:pro] Managed Turnstile token (len=816, 6461ms, remount)
[w0:ab:pro] [api] 200 mode=pro startsWith=bhy
[w0:ab:pro] [api] 200 mode=pro startsWith=bhy (495ms direct)
[w0:ab:pro] "bhy" → 0 records, 0 words
[w0:ab:pro] "bhy" branch complete
[w0:ab:pro] Saved 33,797 worker words
[w0:ab:pro] Searching "bhz" | queue=409 | words=33797
[w0:ab:pro] Pacing 15s before "bhz" (gap=15500ms)
[w0:ab:pro] Managed Turnstile token (len=816, 10716ms, remount)
[w0:ab:pro] [api] 200 mode=pro startsWith=bhz
[w0:ab:pro] [api] 200 mode=pro startsWith=bhz (488ms direct)
[w0:ab:pro] "bhz" → 0 records, 0 words
[w0:ab:pro] "bhz" branch complete
[w0:ab:pro] Saved 33,797 worker words
[w0:ab:pro] Searching "bib" | queue=408 | words=33797
[w0:ab:pro] Pacing 14s before "bib" (gap=15500ms)
[w0:ab:pro] heartbeat words=33797 queue=408 rotation=2 idle=4s
[w0:ab:pro] Managed Turnstile token (len=816, 7976ms, remount)
[w0:ab:pro] [api] 200 mode=pro startsWith=bib
[w0:ab:pro] [api] 200 mode=pro startsWith=bib (622ms direct)
[w0:ab:pro] "bib" → 100 records, 100 words (incl. exact "bib")
[w0:ab:pro] Pacing 15s before "bib" (gap=15500ms)
[w0:ab:pro] Managed Turnstile token (len=816, 5375ms, remount)
[w0:ab:pro] [api] 200 mode=pro startsWith=bib
[w0:ab:pro] [api] 200 mode=pro startsWith=bib sort=alphabetical:desc (478ms direct)
[w0:ab:pro] "bib" full page ends at "bibliology" (next='l'); skip 21 covered groups → 7 children reverse Z→A ends at "bibliomane" (lo='l' hi='u'); skip 8 middle + 100 new words
[w0:ab:pro] Saved 33,980 worker words
[w0:ab:pro] Searching "bic" | queue=414 | words=33980
[w0:ab:pro] Pacing 15s before "bic" (gap=15500ms)
[w0:ab:pro] Managed Turnstile token (len=816, 8543ms, remount)
[w0:ab:pro] [api] 200 mode=pro startsWith=bic
[w0:ab:pro] [api] 200 mode=pro startsWith=bic (523ms direct)
[w0:ab:pro] "bic" → 100 records, 100 words
[w0:ab:pro] Pacing 15s before "bic" (gap=15500ms)
[w0:ab:pro] Managed Turnstile token (len=816, 6622ms, remount)
[w0:ab:pro] [api] 200 mode=pro startsWith=bic
[w0:ab:pro] [api] 200 mode=pro startsWith=bic sort=alphabetical:desc (605ms direct)
[w0:ab:pro] "bic" full page ends at "bicolors" (next='o'); skip 26 covered groups → 2 children reverse Z→A ends at "bickerer" (lo='k' hi='y'); skip 13 middle + 75 new words
[w0:ab:pro] Saved 34,155 worker words
[w0:ab:pro] Searching "bid" | queue=415 | words=34155
[w0:ab:pro] Pacing 15s before "bid" (gap=15500ms)
[w0:ab:pro] heartbeat words=34155 queue=415 rotation=2 idle=3s
[w0:ab:pro] Managed Turnstile token (len=816, 10396ms, remount)
[w0:ab:pro] [api] 200 mode=pro startsWith=bid
[w0:ab:pro] [api] 200 mode=pro startsWith=bid (597ms direct)
[w0:ab:pro] "bid" → 80 records, 80 words (incl. exact "bid")
[w0:ab:pro] "bid" branch complete
[w0:ab:pro] Saved 34,235 worker words
[w0:ab:pro] Searching "bie" | queue=414 | words=34235
[w0:ab:pro] Pacing 12s before "bie" (gap=15500ms)
[w0:ab:pro] Managed Turnstile token (len=816, 15883ms, remount)
[w0:ab:pro] [api] 200 mode=pro startsWith=bie
[w0:ab:pro] [api] 200 mode=pro startsWith=bie (539ms direct)
[w0:ab:pro] "bie" → 48 records, 48 words
[w0:ab:pro] "bie" branch complete
[w0:ab:pro] Saved 34,283 worker words
[w0:ab:pro] Searching "bif" | queue=413 | words=34283
[w0:ab:pro] Pacing 15s before "bif" (gap=15500ms)
[w0:ab:pro] Managed Turnstile token (len=816, 4683ms, remount)
[w0:ab:pro] [api] 200 mode=pro startsWith=bif
[w0:ab:pro] [api] 200 mode=pro startsWith=bif (495ms direct)
[w0:ab:pro] "bif" → 86 records, 86 words
[w0:ab:pro] "bif" branch complete
[w0:ab:pro] heartbeat words=34369 queue=413 rotation=2 idle=32s
[w0:ab:pro] Turnstile mint hard timeout after 20000ms
[w0:ab:pro] Saved 34,369 worker words; shared last.txt now 388,459
[w0:ab:pro] Searching "big" | queue=412 | words=34369
[w0:ab:pro] Managed Turnstile token (len=816, 14260ms, remount)
[w0:ab:pro] [api] 200 mode=pro startsWith=big
[w0:ab:pro] [api] 200 mode=pro startsWith=big (685ms direct)
[w0:ab:pro] "big" → 100 records, 100 words (incl. exact "big")
[w0:ab:pro] Pacing 15s before "big" (gap=15500ms)
[w0:ab:pro] Managed Turnstile token (len=816, 6107ms, remount)
[w0:ab:pro] [api] 200 mode=pro startsWith=big
[w0:ab:pro] [api] 200 mode=pro startsWith=big sort=alphabetical:desc (422ms direct)
[w0:ab:pro] "big" full page ends at "bigheartednesses" (next='h'); skip 24 covered groups → 4 children reverse Z→A ends at "bigfooted" (lo='f' hi='w'); skip 16 middle + 58 new words
[w0:ab:pro] Saved 34,527 worker words
[w0:ab:pro] Searching "bih" | queue=415 | words=34527
[w0:ab:pro] Pacing 16s before "bih" (gap=15500ms)
[w0:ab:pro] Managed Turnstile token (len=816, 5162ms, remount)
[w0:ab:pro] [api] 200 mode=pro startsWith=bih
[w0:ab:pro] [api] 200 mode=pro startsWith=bih (487ms direct)
[w0:ab:pro] "bih" → 9 records, 9 words
[w0:ab:pro] "bih" branch complete
[w0:ab:pro] Saved 34,536 worker words
[w0:ab:pro] Searching "bii" | queue=414 | words=34536
[w0:ab:pro] Pacing 15s before "bii" (gap=15500ms)
[w0:ab:pro] heartbeat words=34536 queue=414 rotation=2 idle=8s
[w0:ab:pro] Managed Turnstile token (len=816, 12138ms, remount)
[w0:ab:pro] [api] 200 mode=pro startsWith=bii
[w0:ab:pro] [api] 200 mode=pro startsWith=bii (505ms direct)
[w0:ab:pro] "bii" → 1 records, 1 words
[w0:ab:pro] "bii" branch complete
[w0:ab:pro] Saved 34,537 worker words
[w0:ab:pro] Searching "bij" | queue=413 | words=34537
[w0:ab:pro] Pacing 11s before "bij" (gap=15500ms)
[w0:ab:pro] Managed Turnstile miss (17112ms)
[w0:ab:pro] Failed "bij" attempt 1: No Turnstile token for direct search
[w0:ab:pro] Saved 34,537 worker words
[w0:ab:pro] Turnstile miss — soft reload before rotate
[w0:ab:pro] Site Turnstile remint timed out (14342ms)
[w0:ab:pro] Soft reload mint failed — rotating immediately
[w0:ab:pro] Tor NEWNYM gen=3; waiting 8000ms
[w0:ab:pro] Tor ready on 19050 exit=45.84.107.97
[w0:ab:pro] Rotating IP (#3, try 1) after No Turnstile token for direct search → tor#4 socks5://127.0.0.1:19050
[w0:ab:pro] Launching persistent Chrome profile /tmp/lll-pw-w0-r3
[w0:ab:pro] Proxy tor#4 socks5://127.0.0.1:19050
[w0:ab:pro] Opening https://lastletterlibrary.com
[w0:ab:pro] Library mode=pro
[w0:ab:pro] heartbeat words=34537 queue=414 rotation=3 idle=50s
[w0:ab:pro] Managed Turnstile token (len=816, 6187ms, remount)
[w0:ab:pro] Search mode=direct (skip UI Wait Ns… gate)
[w0:ab:pro] Cleaned 1 old rotated profile(s)
[w0:ab:pro] Searching "bij" | queue=413 | words=34537
[w0:ab:pro] [api] 200 mode=pro startsWith=bij
[w0:ab:pro] [api] 200 mode=pro startsWith=bij (569ms direct)
[w0:ab:pro] "bij" → 19 records, 19 words
[w0:ab:pro] "bij" branch complete
[w0:ab:pro] Saved 34,556 worker words
[w0:ab:pro] Searching "bik" | queue=412 | words=34556
[w0:ab:pro] Pacing 15s before "bik" (gap=15500ms)
[w0:ab:pro] Managed Turnstile token (len=816, 5961ms, remount)
[w0:ab:pro] [api] 200 mode=pro startsWith=bik
[w0:ab:pro] [api] 200 mode=pro startsWith=bik (575ms direct)
[w0:ab:pro] "bik" → 31 records, 31 words
[w0:ab:pro] "bik" branch complete
[w0:ab:pro] Saved 34,587 worker words
[w0:ab:pro] Searching "bil" | queue=411 | words=34587
[w0:ab:pro] Pacing 15s before "bil" (gap=15500ms)
[w0:ab:pro] Managed Turnstile token (len=816, 4417ms, remount)
[w0:ab:pro] [api] 200 mode=pro startsWith=bil
[w0:ab:pro] [api] 200 mode=pro startsWith=bil (670ms direct)
[w0:ab:pro] "bil" → 100 records, 100 words
[w0:ab:pro] Pacing 14s before "bil" (gap=15500ms)
[w0:ab:pro] Managed Turnstile token (len=816, 10603ms, remount)
[w0:ab:pro] [api] 200 mode=pro startsWith=bil
[w0:ab:pro] [api] 200 mode=pro startsWith=bil sort=alphabetical:desc (658ms direct)
[w0:ab:pro] "bil" full page ends at "biliment" (next='i'); skip 17 covered groups → 11 children reverse Z→A ends at "billfish" (lo='l' hi='t'); skip 7 middle + 100 new words
[w0:ab:pro] Saved 34,787 worker words
[w0:ab:pro] Searching "bim" | queue=421 | words=34787
[w0:ab:pro] Pacing 14s before "bim" (gap=15500ms)
[w0:ab:pro] heartbeat words=34787 queue=421 rotation=3 idle=5s
[w0:ab:pro] Managed Turnstile token (len=816, 7239ms, remount)
[w0:ab:pro] [api] 200 mode=pro startsWith=bim
[w0:ab:pro] [api] 200 mode=pro startsWith=bim (511ms direct)
[w0:ab:pro] "bim" → 89 records, 89 words (incl. exact "bim")
[w0:ab:pro] "bim" branch complete
[w0:ab:pro] Saved 34,876 worker words; shared last.txt now 389,746
[w0:ab:pro] Searching "bin" | queue=420 | words=34876
[w0:ab:pro] Pacing 15s before "bin" (gap=15500ms)
[w0:ab:pro] Managed Turnstile token (len=816, 5265ms, remount)
[w0:ab:pro] [api] 200 mode=pro startsWith=bin
[w0:ab:pro] [api] 200 mode=pro startsWith=bin (568ms direct)
[w0:ab:pro] "bin" → 100 records, 100 words (incl. exact "bin")
[w0:ab:pro] Pacing 15s before "bin" (gap=15500ms)
[w0:ab:pro] Managed Turnstile token (len=816, 6623ms, remount)
[w0:ab:pro] [api] 200 mode=pro startsWith=bin
[w0:ab:pro] [api] 200 mode=pro startsWith=bin sort=alphabetical:desc (502ms direct)
[w0:ab:pro] "bin" full page ends at "bini" (next='i'); skip 27 covered groups → 1 children reverse Z→A ends at "binge-watch" (lo='g' hi='z'); skip 18 middle + 66 new words
[w0:ab:pro] Saved 35,042 worker words
[w0:ab:pro] Searching "bio" | queue=420 | words=35042
[w0:ab:pro] Pacing 15s before "bio" (gap=15500ms)
[w0:ab:pro] Managed Turnstile token (len=816, 14170ms, remount)
[w0:ab:pro] [api] 200 mode=pro startsWith=bio
[w0:ab:pro] [api] 200 mode=pro startsWith=bio (520ms direct)
[w0:ab:pro] "bio" → 100 records, 100 words (incl. exact "bio")
[w0:ab:pro] Pacing 15s before "bio" (gap=15500ms)
[w0:ab:pro] heartbeat words=35142 queue=420 rotation=3 idle=19s
[w0:ab:pro] Managed Turnstile token (len=816, 13552ms, remount)
[w0:ab:pro] [api] 200 mode=pro startsWith=bio
[w0:ab:pro] [api] 200 mode=pro startsWith=bio sort=alphabetical:desc (536ms direct)
[w0:ab:pro] "bio" full page ends at "biocomputations" (next='c'); skip 10 covered groups → 18 children reverse Z→A ends at "biospeleology" (lo='s' hi='z'); skip 6 middle + 100 new words
[w0:ab:pro] Saved 35,242 worker words
[w0:ab:pro] Searching "bip" | queue=437 | words=35242
[w0:ab:pro] Pacing 14s before "bip" (gap=15500ms)
[w0:ab:pro] Managed Turnstile token (len=816, 5546ms, remount)
[w0:ab:pro] [api] 429 mode=pro startsWith=bip
[w0:ab:pro] [api] 429 mode=pro startsWith=bip (539ms direct)
[w0:ab:pro] Learned server gap ≈ 15500ms (wait hint 2000ms)
[w0:ab:pro] Rate limited — inline wait 2000ms then retry "bip"
[w0:ab:pro] Managed Turnstile token (len=816, 7119ms, remount)
[w0:ab:pro] [api] 200 mode=pro startsWith=bip
[w0:ab:pro] [api] 200 mode=pro startsWith=bip (487ms direct)
[w0:ab:pro] "bip" → 100 records, 100 words
[w0:ab:pro] Pacing 15s before "bip" (gap=15500ms)
[w0:ab:pro] Managed Turnstile miss (15529ms)
[w0:ab:pro] "bip" reverse search failed (No Turnstile token for direct search); forward-only
[w0:ab:pro] "bip" full page ends at "bipotentiality" (next='o'); skip 16 covered groups → 12 children from bipo..
[w0:ab:pro] Saved 35,342 worker words
[w0:ab:pro] Searching "biq" | queue=448 | words=35342
[w0:ab:pro] heartbeat words=35342 queue=448 rotation=3 idle=9s
[w0:ab:pro] Managed Turnstile miss (15456ms)
[w0:ab:pro] Failed "biq" attempt 1: No Turnstile token for direct search
[w0:ab:pro] Saved 35,342 worker words
[w0:ab:pro] Turnstile miss — soft reload before rotate
[w0:ab:pro] Turnstile token present (len=816)
[w0:ab:pro] Site Turnstile token (6239ms)
[w0:ab:pro] Searching "biq" | queue=448 | words=35342
[w0:ab:pro] [api] 200 mode=pro startsWith=biq
[w0:ab:pro] [api] 200 mode=pro startsWith=biq (491ms direct)
[w0:ab:pro] "biq" → 9 records, 9 words
[w0:ab:pro] "biq" branch complete
[w0:ab:pro] Saved 35,351 worker words
[w0:ab:pro] Searching "bir" | queue=447 | words=35351
[w0:ab:pro] Pacing 15s before "bir" (gap=15500ms)
[w0:ab:pro] Managed Turnstile token (len=816, 6417ms, remount)
[w0:ab:pro] [api] 200 mode=pro startsWith=bir
[w0:ab:pro] [api] 200 mode=pro startsWith=bir (526ms direct)
[w0:ab:pro] "bir" → 100 records, 100 words
[w0:ab:pro] Pacing 15s before "bir" (gap=15500ms)
[w0:ab:pro] Managed Turnstile token (len=816, 7169ms, remount)
[w0:ab:pro] [api] 200 mode=pro startsWith=bir
[w0:ab:pro] [api] 200 mode=pro startsWith=bir sort=alphabetical:desc (548ms direct)
[w0:ab:pro] "bir" full page ends at "birdlimed" (next='d'); skip 18 covered groups → 10 children reverse Z→A ends at "birkier" (lo='k' hi='y'); skip 13 middle + 100 new words
[w0:ab:pro] Saved 35,551 worker words
[w0:ab:pro] Searching "bis" | queue=456 | words=35551
[w0:ab:pro] Pacing 15s before "bis" (gap=15500ms)
[w0:ab:pro] heartbeat words=35551 queue=456 rotation=3 idle=8s
[w0:ab:pro] Managed Turnstile token (len=816, 14424ms, remount)
[w0:ab:pro] [api] 200 mode=pro startsWith=bis
[w0:ab:pro] [api] 200 mode=pro startsWith=bis (549ms direct)
[w0:ab:pro] "bis" → 100 records, 100 words (incl. exact "bis")
[w0:ab:pro] Pacing 15s before "bis" (gap=15500ms)
[w0:ab:pro] Managed Turnstile miss (15768ms)
[w0:ab:pro] "bis" reverse search failed (No Turnstile token for direct search); forward-only
[w0:ab:pro] "bis" full page ends at "bishoped" (next='h'); skip 9 covered groups → 19 children from bish..
[w0:ab:pro] Saved 35,651 worker words
[w0:ab:pro] Searching "bit" | queue=474 | words=35651
[w0:ab:pro] Managed Turnstile token (len=816, 5746ms, remount)
[w0:ab:pro] [api] 200 mode=pro startsWith=bit
[w0:ab:pro] [api] 200 mode=pro startsWith=bit (732ms direct)
[w0:ab:pro] "bit" → 100 records, 100 words (incl. exact "bit")
[w0:ab:pro] Pacing 15s before "bit" (gap=15500ms)
[w0:ab:pro] Managed Turnstile token (len=816, 6428ms, remount)
[w0:ab:pro] [api] 200 mode=pro startsWith=bit
[w0:ab:pro] [api] 200 mode=pro startsWith=bit sort=alphabetical:desc (482ms direct)
[w0:ab:pro] "bit" full page ends at "bitsy" (next='s'); skip 25 covered groups → 3 children reverse Z→A ends at "bitterbloom" (lo='t' hi='z'); skip 5 middle + 100 new words
[w0:ab:pro] Saved 35,851 worker words; shared last.txt now 391,839
[w0:ab:pro] Searching "biu" | queue=476 | words=35851
[w0:ab:pro] Pacing 14s before "biu" (gap=15500ms)
[w0:ab:pro] Managed Turnstile token (len=816, 9099ms, remount)
[w0:ab:pro] heartbeat words=35851 queue=476 rotation=3 idle=12s
[w0:ab:pro] [api] 200 mode=pro startsWith=biu
[w0:ab:pro] [api] 200 mode=pro startsWith=biu (497ms direct)
[w0:ab:pro] "biu" → 12 records, 12 words
[w0:ab:pro] "biu" branch complete
[w0:ab:pro] Saved 35,863 worker words
[w0:ab:pro] Searching "biv" | queue=475 | words=35863
[w0:ab:pro] Pacing 11s before "biv" (gap=15500ms)
[w0:ab:pro] Managed Turnstile miss (16540ms)
[w0:ab:pro] Failed "biv" attempt 1: No Turnstile token for direct search
[w0:ab:pro] Saved 35,863 worker words
[w0:ab:pro] Turnstile miss — soft reload before rotate
[w0:ab:pro] Turnstile token present (len=816)
[w0:ab:pro] Site Turnstile token (8905ms)
[w0:ab:pro] Searching "biv" | queue=475 | words=35863
[w0:ab:pro] [api] 200 mode=pro startsWith=biv
[w0:ab:pro] [api] 200 mode=pro startsWith=biv (547ms direct)
[w0:ab:pro] "biv" → 48 records, 48 words
[w0:ab:pro] "biv" branch complete
[w0:ab:pro] Saved 35,870 worker words
[w0:ab:pro] Searching "biz" | queue=474 | words=35870
[w0:ab:pro] Pacing 14s before "biz" (gap=15500ms)
[w0:ab:pro] Managed Turnstile token (len=816, 5432ms, remount)
[w0:ab:pro] [api] 200 mode=pro startsWith=biz
[w0:ab:pro] [api] 200 mode=pro startsWith=biz (546ms direct)
[w0:ab:pro] "biz" → 44 records, 44 words (incl. exact "biz")
[w0:ab:pro] "biz" branch complete
[w0:ab:pro] Saved 35,870 worker words
[w0:ab:pro] Searching "bla" | queue=473 | words=35870
[w0:ab:pro] Pacing 13s before "bla" (gap=15500ms)
[w0:ab:pro] heartbeat words=35870 queue=473 rotation=3 idle=3s
[w0:ab:pro] Managed Turnstile token (len=816, 11900ms, remount)
[w0:ab:pro] [api] 429 mode=pro startsWith=bla
[w0:ab:pro] [api] 429 mode=pro startsWith=bla (539ms direct)
[w0:ab:pro] Learned server gap ≈ 15500ms (wait hint 2000ms)
[w0:ab:pro] Rate limited — inline wait 2000ms then retry "bla"
[w0:ab:pro] Managed Turnstile token (len=816, 13604ms, remount)
[w0:ab:pro] [api] 200 mode=pro startsWith=bla
[w0:ab:pro] [api] 200 mode=pro startsWith=bla (621ms direct)
[w0:ab:pro] "bla" → 100 records, 100 words
[w0:ab:pro] Pacing 13s before "bla" (gap=15500ms)
[w0:ab:pro] Managed Turnstile token (len=816, 4702ms, remount)
[w0:ab:pro] [api] 429 mode=pro startsWith=bla
[w0:ab:pro] [api] 429 mode=pro startsWith=bla sort=alphabetical:desc (500ms direct)
[w0:ab:pro] Learned server gap ≈ 15500ms (wait hint 2000ms)
[w0:ab:pro] Rate limited — inline wait 2000ms then retry "bla"
[w0:ab:pro] Managed Turnstile token (len=816, 3927ms, remount)
[w0:ab:pro] [api] 200 mode=pro startsWith=bla
[w0:ab:pro] [api] 200 mode=pro startsWith=bla sort=alphabetical:desc (477ms direct)
[w0:ab:pro] "bla" full page ends at "blacker" (next='c'); skip 10 covered groups → 18 children reverse Z→A ends at "blastulas" (lo='s' hi='z'); skip 6 middle + 100 new words
[w0:ab:pro] Saved 35,970 worker words
[w0:ab:pro] Searching "blb" | queue=490 | words=35970
[w0:ab:pro] Pacing 15s before "blb" (gap=15500ms)
[w0:ab:pro] Managed Turnstile token (len=816, 4092ms, remount)
[w0:ab:pro] heartbeat words=35970 queue=490 rotation=3 idle=13s
[w0:ab:pro] [api] 200 mode=pro startsWith=blb
[w0:ab:pro] [api] 200 mode=pro startsWith=blb (490ms direct)
[w0:ab:pro] "blb" → 0 records, 0 words
[w0:ab:pro] "blb" branch complete
[w0:ab:pro] Saved 35,970 worker words
[w0:ab:pro] Searching "blc" | queue=489 | words=35970
[w0:ab:pro] Pacing 15s before "blc" (gap=15500ms)
[w0:ab:pro] Managed Turnstile token (len=816, 7080ms, remount)
[w0:ab:pro] [api] 200 mode=pro startsWith=blc
[w0:ab:pro] [api] 200 mode=pro startsWith=blc (496ms direct)
[w0:ab:pro] "blc" → 0 records, 0 words
[w0:ab:pro] "blc" branch complete
[w0:ab:pro] Saved 35,970 worker words
[w0:ab:pro] Searching "bld" | queue=488 | words=35970
[w0:ab:pro] Pacing 15s before "bld" (gap=15500ms)
[w0:ab:pro] Managed Turnstile token (len=816, 5436ms, remount)
[w0:ab:pro] [api] 200 mode=pro startsWith=bld
[w0:ab:pro] [api] 200 mode=pro startsWith=bld (529ms direct)
[w0:ab:pro] "bld" → 2 records, 2 words
[w0:ab:pro] "bld" branch complete
[w0:ab:pro] Saved 35,972 worker words; shared last.txt now 392,553
[w0:ab:pro] Searching "ble" | queue=487 | words=35972
[w0:ab:pro] Pacing 12s before "ble" (gap=15500ms)
[w0:ab:pro] Managed Turnstile token (len=816, 10040ms, remount)
[w0:ab:pro] [api] 200 mode=pro startsWith=ble
[w0:ab:pro] [api] 200 mode=pro startsWith=ble (549ms direct)
[w0:ab:pro] "ble" → 100 records, 100 words
[w0:ab:pro] Pacing 14s before "ble" (gap=15500ms)
[w0:ab:pro] heartbeat words=36072 queue=487 rotation=3 idle=23s
[w0:ab:pro] Managed Turnstile token (len=816, 15190ms, remount)
[w0:ab:pro] [api] 200 mode=pro startsWith=ble
[w0:ab:pro] [api] 200 mode=pro startsWith=ble sort=alphabetical:desc (615ms direct)
[w0:ab:pro] "ble" full page ends at "blemishing" (next='m'); skip 22 covered groups → 6 children reverse Z→A ends at "blepharodyschroia" (lo='p' hi='y'); skip 8 middle + 100 new words
[w0:ab:pro] Saved 36,172 worker words
[w0:ab:pro] Searching "blf" | queue=492 | words=36172
[w0:ab:pro] Pacing 14s before "blf" (gap=15500ms)
[w0:ab:pro] Managed Turnstile token (len=816, 9756ms, remount)
[w0:ab:pro] [api] 200 mode=pro startsWith=blf
[w0:ab:pro] [api] 200 mode=pro startsWith=blf (492ms direct)
[w0:ab:pro] "blf" → 0 records, 0 words
[w0:ab:pro] "blf" branch complete
[w0:ab:pro] Saved 36,172 worker words
[w0:ab:pro] Searching "blg" | queue=491 | words=36172
[w0:ab:pro] Pacing 15s before "blg" (gap=15500ms)
[w0:ab:pro] Managed Turnstile token (len=816, 4283ms, remount)
[w0:ab:pro] [api] 200 mode=pro startsWith=blg
[w0:ab:pro] [api] 200 mode=pro startsWith=blg (520ms direct)
[w0:ab:pro] "blg" → 0 records, 0 words
[w0:ab:pro] "blg" branch complete
[w0:ab:pro] Saved 36,172 worker words
[w0:ab:pro] Searching "blh" | queue=490 | words=36172
[w0:ab:pro] Pacing 15s before "blh" (gap=15500ms)
[w0:ab:pro] Managed Turnstile token (len=816, 4718ms, remount)
[w0:ab:pro] [api] 200 mode=pro startsWith=blh
[w0:ab:pro] [api] 200 mode=pro startsWith=blh (627ms direct)
[w0:ab:pro] "blh" → 0 records, 0 words
[w0:ab:pro] "blh" branch complete
[w0:ab:pro] Saved 36,172 worker words
[w0:ab:pro] Searching "bli" | queue=489 | words=36172
[w0:ab:pro] Pacing 15s before "bli" (gap=15500ms)
[w0:ab:pro] Managed Turnstile token (len=816, 4675ms, remount)
[w0:ab:pro] heartbeat words=36172 queue=489 rotation=3 idle=7s
[w0:ab:pro] [api] 200 mode=pro startsWith=bli
[w0:ab:pro] [api] 200 mode=pro startsWith=bli (531ms direct)
[w0:ab:pro] "bli" → 100 records, 100 words
[w0:ab:pro] Pacing 15s before "bli" (gap=15500ms)
[w0:ab:pro] Managed Turnstile miss (15162ms)
[w0:ab:pro] "bli" reverse search failed (No Turnstile token for direct search); forward-only
[w0:ab:pro] "bli" full page ends at "bling-blings" (next='n'); skip 15 covered groups → 13 children from blin..
[w0:ab:pro] Saved 36,272 worker words
[w0:ab:pro] Searching "blj" | queue=501 | words=36272
[w0:ab:pro] Managed Turnstile token (len=816, 12544ms, remount)
[w0:ab:pro] [api] 200 mode=pro startsWith=blj
[w0:ab:pro] [api] 200 mode=pro startsWith=blj (564ms direct)
[w0:ab:pro] "blj" → 0 records, 0 words
[w0:ab:pro] "blj" branch complete
[w0:ab:pro] Saved 36,272 worker words
[w0:ab:pro] Searching "blk" | queue=500 | words=36272
[w0:ab:pro] Pacing 15s before "blk" (gap=15500ms)
[w0:ab:pro] Managed Turnstile token (len=816, 15519ms, remount)
[w0:ab:pro] [api] 200 mode=pro startsWith=blk
[w0:ab:pro] [api] 200 mode=pro startsWith=blk (547ms direct)
[w0:ab:pro] "blk" → 1 records, 1 words
[w0:ab:pro] "blk" branch complete
[w0:ab:pro] Saved 36,273 worker words
[w0:ab:pro] Searching "bll" | queue=499 | words=36273
[w0:ab:pro] Pacing 13s before "bll" (gap=15500ms)
[w0:ab:pro] heartbeat words=36273 queue=499 rotation=3 idle=4s
[w0:ab:pro] Managed Turnstile miss (15859ms)
[w0:ab:pro] Failed "bll" attempt 1: No Turnstile token for direct search
[w0:ab:pro] Saved 36,273 worker words; shared last.txt now 393,656
[w0:ab:pro] Turnstile miss — soft reload before rotate
[w0:ab:pro] Site Turnstile remint timed out (9862ms)
[w0:ab:pro] Soft reload mint failed — rotating immediately
[w0:ab:pro] Tor NEWNYM gen=4; waiting 8000ms
[w0:ab:pro] Tor ready on 19050 exit=192.42.116.94
[w0:ab:pro] Rotating IP (#4, try 1) after No Turnstile token for direct search → tor#5 socks5://127.0.0.1:19050
[w0:ab:pro] Launching persistent Chrome profile /tmp/lll-pw-w0-r4
[w0:ab:pro] Proxy tor#5 socks5://127.0.0.1:19050
[w0:ab:pro] Opening https://lastletterlibrary.com
[w0:ab:pro] Library mode=pro
[w0:ab:pro] Managed Turnstile token (len=816, 8747ms, remount)
[w0:ab:pro] Search mode=direct (skip UI Wait Ns… gate)
[w0:ab:pro] Cleaned 1 old rotated profile(s)
[w0:ab:pro] Searching "bll" | queue=499 | words=36273
[w0:ab:pro] [api] 200 mode=pro startsWith=bll
[w0:ab:pro] [api] 200 mode=pro startsWith=bll (465ms direct)
[w0:ab:pro] "bll" → 0 records, 0 words
[w0:ab:pro] "bll" branch complete
[w0:ab:pro] Saved 36,273 worker words
[w0:ab:pro] Searching "blm" | queue=498 | words=36273
[w0:ab:pro] Pacing 15s before "blm" (gap=15500ms)
[w0:ab:pro] heartbeat words=36273 queue=498 rotation=4 idle=2s
[w0:ab:pro] Managed Turnstile token (len=816, 8067ms, remount)
[w0:ab:pro] [api] 200 mode=pro startsWith=blm
[w0:ab:pro] [api] 200 mode=pro startsWith=blm (524ms direct)
[w0:ab:pro] "blm" → 0 records, 0 words
[w0:ab:pro] "blm" branch complete
[w0:ab:pro] Saved 36,273 worker words
[w0:ab:pro] Searching "bln" | queue=497 | words=36273
[w0:ab:pro] Pacing 15s before "bln" (gap=15500ms)
[w0:ab:pro] Managed Turnstile token (len=816, 6582ms, remount)
[w0:ab:pro] [api] 200 mode=pro startsWith=bln
[w0:ab:pro] [api] 200 mode=pro startsWith=bln (476ms direct)
[w0:ab:pro] "bln" → 0 records, 0 words
[w0:ab:pro] "bln" branch complete
[w0:ab:pro] Saved 36,273 worker words
[w0:ab:pro] Searching "blo" | queue=496 | words=36273
[w0:ab:pro] Pacing 15s before "blo" (gap=15500ms)
[w0:ab:pro] Managed Turnstile token (len=816, 11908ms, remount)
[w0:ab:pro] [api] 200 mode=pro startsWith=blo
[w0:ab:pro] [api] 200 mode=pro startsWith=blo (484ms direct)
[w0:ab:pro] "blo" → 100 records, 100 words
[w0:ab:pro] Pacing 15s before "blo" (gap=15500ms)
[w0:ab:pro] Managed Turnstile token (len=816, 5740ms, remount)
[w0:ab:pro] [api] 200 mode=pro startsWith=blo
[w0:ab:pro] [api] 200 mode=pro startsWith=blo sort=alphabetical:desc (468ms direct)
[w0:ab:pro] "blo" full page ends at "blocs" (next='c'); skip 5 covered groups → 23 children reverse Z→A ends at "blout" (lo='u' hi='w'); skip 1 middle + 100 new words
[w0:ab:pro] Saved 36,473 worker words
[w0:ab:pro] Searching "blp" | queue=518 | words=36473
[w0:ab:pro] Pacing 15s before "blp" (gap=15500ms)
[w0:ab:pro] heartbeat words=36473 queue=518 rotation=4 idle=0s
[w0:ab:pro] Managed Turnstile token (len=816, 4693ms, remount)
[w0:ab:pro] [api] 200 mode=pro startsWith=blp
[w0:ab:pro] [api] 200 mode=pro startsWith=blp (470ms direct)
[w0:ab:pro] "blp" → 0 records, 0 words
[w0:ab:pro] "blp" branch complete
[w0:ab:pro] Saved 36,473 worker words
[w0:ab:pro] Searching "blq" | queue=517 | words=36473
[w0:ab:pro] Pacing 15s before "blq" (gap=15500ms)
[w0:ab:pro] Managed Turnstile token (len=816, 5204ms, remount)
[w0:ab:pro] [api] 200 mode=pro startsWith=blq
[w0:ab:pro] [api] 200 mode=pro startsWith=blq (544ms direct)
[w0:ab:pro] "blq" → 0 records, 0 words
[w0:ab:pro] "blq" branch complete
[w0:ab:pro] Saved 36,473 worker words
[w0:ab:pro] Searching "blr" | queue=516 | words=36473
[w0:ab:pro] Pacing 15s before "blr" (gap=15500ms)
[w0:ab:pro] Managed Turnstile token (len=816, 13734ms, remount)
[w0:ab:pro] [api] 200 mode=pro startsWith=blr
[w0:ab:pro] [api] 200 mode=pro startsWith=blr (497ms direct)
[w0:ab:pro] "blr" → 0 records, 0 words
[w0:ab:pro] "blr" branch complete
[w0:ab:pro] Saved 36,473 worker words
[w0:ab:pro] Searching "bls" | queue=515 | words=36473
[w0:ab:pro] Pacing 15s before "bls" (gap=15500ms)
[w0:ab:pro] heartbeat words=36473 queue=515 rotation=4 idle=13s
[w0:ab:pro] Managed Turnstile miss (15301ms)
[w0:ab:pro] Failed "bls" attempt 1: No Turnstile token for direct search
[w0:ab:pro] Saved 36,473 worker words; shared last.txt now 394,624
[w0:ab:pro] Turnstile miss — soft reload before rotate
[w0:ab:pro] Turnstile mint hard timeout after 15000ms
[w0:ab:pro] Soft reload mint failed — rotating immediately
[w0:ab:pro] Tor NEWNYM gen=5; waiting 8000ms
[w0:ab:pro] Tor ready on 19050 exit=45.66.35.21
[w0:ab:pro] Rotating IP (#5, try 1) after No Turnstile token for direct search → tor#6 socks5://127.0.0.1:19050
[w0:ab:pro] Launching persistent Chrome profile /tmp/lll-pw-w0-r5
[w0:ab:pro] Proxy tor#6 socks5://127.0.0.1:19050
[w0:ab:pro] Opening https://lastletterlibrary.com
[w0:ab:pro] Library mode=pro
[w0:ab:pro] heartbeat words=36473 queue=516 rotation=5 idle=73s
[w0:ab:pro] Managed Turnstile token (len=816, 3946ms, remount)
[w0:ab:pro] Search mode=direct (skip UI Wait Ns… gate)
[w0:ab:pro] Cleaned 1 old rotated profile(s)
[w0:ab:pro] Searching "bls" | queue=515 | words=36473
[w0:ab:pro] [api] 200 mode=pro startsWith=bls
[w0:ab:pro] [api] 200 mode=pro startsWith=bls (538ms direct)
[w0:ab:pro] "bls" → 0 records, 0 words
[w0:ab:pro] "bls" branch complete
[w0:ab:pro] Saved 36,473 worker words
[w0:ab:pro] Searching "blt" | queue=514 | words=36473
[w0:ab:pro] Pacing 15s before "blt" (gap=15500ms)
[w0:ab:pro] Managed Turnstile token (len=816, 3234ms, remount)
[w0:ab:pro] [api] 200 mode=pro startsWith=blt
[w0:ab:pro] [api] 200 mode=pro startsWith=blt (621ms direct)
[w0:ab:pro] "blt" → 0 records, 0 words
[w0:ab:pro] "blt" branch complete
[w0:ab:pro] Saved 36,473 worker words
[w0:ab:pro] Searching "blu" | queue=513 | words=36473
[w0:ab:pro] Pacing 15s before "blu" (gap=15500ms)
[w0:ab:pro] Managed Turnstile token (len=816, 5801ms, remount)
[w0:ab:pro] [api] 200 mode=pro startsWith=blu
[w0:ab:pro] [api] 200 mode=pro startsWith=blu (480ms direct)
[w0:ab:pro] "blu" → 100 records, 100 words
[w0:ab:pro] Pacing 15s before "blu" (gap=15500ms)
[w0:ab:pro] Managed Turnstile token (len=816, 5416ms, remount)
[w0:ab:pro] [api] 200 mode=pro startsWith=blu
[w0:ab:pro] [api] 200 mode=pro startsWith=blu sort=alphabetical:desc (499ms direct)
[w0:ab:pro] "blu" full page ends at "bluebushes" (next='e'); skip 11 covered groups → 17 children reverse Z→A ends at "blundering" (lo='n' hi='t'); skip 5 middle + 3 new words
[w0:ab:pro] Saved 36,576 worker words
[w0:ab:pro] Searching "bly" | queue=529 | words=36576
[w0:ab:pro] Pacing 15s before "bly" (gap=15500ms)
[w0:ab:pro] Managed Turnstile token (len=816, 7060ms, remount)
[w0:ab:pro] heartbeat words=36576 queue=529 rotation=5 idle=12s
[w0:ab:pro] [api] 200 mode=pro startsWith=bly
[w0:ab:pro] [api] 200 mode=pro startsWith=bly (503ms direct)
[w0:ab:pro] "bly" → 2 records, 2 words
[w0:ab:pro] "bly" branch complete
[w0:ab:pro] Saved 36,576 worker words
[w0:ab:pro] Searching "blz" | queue=528 | words=36576
[w0:ab:pro] Pacing 15s before "blz" (gap=15500ms)
[w0:ab:pro] Managed Turnstile token (len=816, 5392ms, remount)
[w0:ab:pro] [api] 200 mode=pro startsWith=blz
[w0:ab:pro] [api] 200 mode=pro startsWith=blz (571ms direct)
[w0:ab:pro] "blz" → 0 records, 0 words
[w0:ab:pro] "blz" branch complete
[w0:ab:pro] Saved 36,576 worker words
[w0:ab:pro] Searching "boa" | queue=527 | words=36576
[w0:ab:pro] Pacing 15s before "boa" (gap=15500ms)
[w0:ab:pro] Managed Turnstile miss (15907ms)
[w0:ab:pro] Failed "boa" attempt 1: No Turnstile token for direct search
[w0:ab:pro] Saved 36,576 worker words
[w0:ab:pro] Turnstile miss — soft reload before rotate
[w0:ab:pro] Site Turnstile remint timed out (12280ms)
[w0:ab:pro] Soft reload mint failed — rotating immediately
[w0:ab:pro] Tor NEWNYM gen=6; waiting 8000ms
[w0:ab:pro] heartbeat words=36576 queue=528 rotation=6 idle=40s
[w0:ab:pro] Tor ready on 19050 exit=185.220.101.22
[w0:ab:pro] Rotating IP (#6, try 1) after No Turnstile token for direct search → tor#7 socks5://127.0.0.1:19050
[w0:ab:pro] Launching persistent Chrome profile /tmp/lll-pw-w0-r6
[w0:ab:pro] Proxy tor#7 socks5://127.0.0.1:19050
[w0:ab:pro] Opening https://lastletterlibrary.com
[w0:ab:pro] Library mode=pro
[w0:ab:pro] Turnstile token present (len=816)
[w0:ab:pro] Site Turnstile token (19579ms)
[w0:ab:pro] Search mode=direct (skip UI Wait Ns… gate)
[w0:ab:pro] Cleaned 1 old rotated profile(s)
[w0:ab:pro] Searching "boa" | queue=527 | words=36576
[w0:ab:pro] [api] 200 mode=pro startsWith=boa
[w0:ab:pro] [api] 200 mode=pro startsWith=boa (535ms direct)
[w0:ab:pro] "boa" → 100 records, 100 words (incl. exact "boa")
[w0:ab:pro] Pacing 15s before "boa" (gap=15500ms)
[w0:ab:pro] Managed Turnstile miss (15810ms)
[w0:ab:pro] "boa" reverse search failed (No Turnstile token for direct search); forward-only
[w0:ab:pro] "boa" full page ends at "boathouses" (next='t'); skip 21 covered groups → 7 children from boat..
[w0:ab:pro] Saved 36,579 worker words
[w0:ab:pro] Searching "bob" | queue=533 | words=36579
[w0:ab:pro] heartbeat words=36579 queue=533 rotation=6 idle=14s
[w0:ab:pro] Managed Turnstile miss (15557ms)
[w0:ab:pro] Failed "bob" attempt 1: No Turnstile token for direct search
[w0:ab:pro] Saved 36,579 worker words
[w0:ab:pro] Turnstile miss — soft reload before rotate
[w0:ab:pro] Site Turnstile remint timed out (11028ms)
[w0:ab:pro] Soft reload mint failed — rotating immediately
[w0:ab:pro] Tor NEWNYM gen=7; waiting 8000ms
[w0:ab:pro] Tor ready on 19050 exit=185.220.101.26
[w0:ab:pro] Rotating IP (#7, try 1) after No Turnstile token for direct search → tor#8 socks5://127.0.0.1:19050
[w0:ab:pro] Launching persistent Chrome profile /tmp/lll-pw-w0-r7
[w0:ab:pro] Proxy tor#8 socks5://127.0.0.1:19050
[w0:ab:pro] Opening https://lastletterlibrary.com
[w0:ab:pro] Library mode=pro
[w0:ab:pro] heartbeat words=36579 queue=534 rotation=7 idle=74s
[w0:ab:pro] Turnstile token present (len=816)
[w0:ab:pro] Site Turnstile token (20182ms)
[w0:ab:pro] Search mode=direct (skip UI Wait Ns… gate)
[w0:ab:pro] Cleaned 1 old rotated profile(s)
[w0:ab:pro] Searching "bob" | queue=533 | words=36579
[w0:ab:pro] [api] 200 mode=pro startsWith=bob
[w0:ab:pro] [api] 200 mode=pro startsWith=bob (468ms direct)
[w0:ab:pro] "bob" → 100 records, 100 words (incl. exact "bob")
[w0:ab:pro] Pacing 15s before "bob" (gap=15500ms)
[w0:ab:pro] Managed Turnstile miss (15103ms)
[w0:ab:pro] "bob" reverse search failed (No Turnstile token for direct search); forward-only
[w0:ab:pro] "bob" full page ends at "bobsleded" (next='s'); skip 20 covered groups → 8 children from bobs..
[w0:ab:pro] Saved 36,679 worker words
[w0:ab:pro] Searching "boc" | queue=540 | words=36679
[w0:ab:pro] Managed Turnstile miss (15463ms)
[w0:ab:pro] Failed "boc" attempt 1: No Turnstile token for direct search
[w0:ab:pro] Saved 36,679 worker words
[w0:ab:pro] Turnstile miss — soft reload before rotate
[w0:ab:pro] Site Turnstile remint timed out (11460ms)
[w0:ab:pro] Soft reload mint failed — rotating immediately
[w0:ab:pro] Tor NEWNYM gen=8; waiting 8000ms
[w0:ab:pro] Tor ready on 19050 exit=107.189.12.157
[w0:ab:pro] Rotating IP (#8, try 1) after No Turnstile token for direct search → tor#9 socks5://127.0.0.1:19050
[w0:ab:pro] Launching persistent Chrome profile /tmp/lll-pw-w0-r8
[w0:ab:pro] Proxy tor#9 socks5://127.0.0.1:19050
[w0:ab:pro] heartbeat words=36679 queue=541 rotation=8 idle=41s
[w0:ab:pro] Opening https://lastletterlibrary.com
[w0:ab:pro] Library mode=pro
[w0:ab:pro] Managed Turnstile token (len=816, 14866ms, remount)
[w0:ab:pro] Search mode=direct (skip UI Wait Ns… gate)
[w0:ab:pro] Cleaned 1 old rotated profile(s)
[w0:ab:pro] Searching "boc" | queue=540 | words=36679
[w0:ab:pro] [api] 200 mode=pro startsWith=boc
[w0:ab:pro] [api] 200 mode=pro startsWith=boc (459ms direct)
[w0:ab:pro] "boc" → 46 records, 46 words (incl. exact "boc")
[w0:ab:pro] "boc" branch complete
[w0:ab:pro] Saved 36,725 worker words
[w0:ab:pro] Searching "bod" | queue=539 | words=36725
[w0:ab:pro] Pacing 15s before "bod" (gap=15500ms)
[w0:ab:pro] Managed Turnstile token (len=816, 6037ms, remount)
[w0:ab:pro] [api] 200 mode=pro startsWith=bod
[w0:ab:pro] [api] 200 mode=pro startsWith=bod (482ms direct)
[w0:ab:pro] "bod" → 100 records, 100 words (incl. exact "bod")
[w0:ab:pro] Pacing 15s before "bod" (gap=15500ms)
[w0:ab:pro] Managed Turnstile token (len=816, 8691ms, remount)
[w0:ab:pro] heartbeat words=36825 queue=539 rotation=8 idle=28s
[w0:ab:pro] [api] 200 mode=pro startsWith=bod
[w0:ab:pro] [api] 200 mode=pro startsWith=bod sort=alphabetical:desc (451ms direct)
[w0:ab:pro] "bod" full page ends at "body-shamed" (next='y'); skip 26 covered groups → 2 children reverse Z→A ends at "bodoh" (lo='o' hi='y'); skip 9 middle + 80 new words
[w0:ab:pro] Saved 36,905 worker words
[w0:ab:pro] Searching "boe" | queue=540 | words=36905
[w0:ab:pro] Pacing 15s before "boe" (gap=15500ms)
[w0:ab:pro] Managed Turnstile token (len=816, 5489ms, remount)
[w0:ab:pro] [api] 200 mode=pro startsWith=boe
[w0:ab:pro] [api] 200 mode=pro startsWith=boe (444ms direct)
[w0:ab:pro] "boe" → 40 records, 40 words (incl. exact "boe")
[w0:ab:pro] "boe" branch complete
[w0:ab:pro] Saved 36,945 worker words
[w0:ab:pro] Searching "bof" | queue=539 | words=36945
[w0:ab:pro] Pacing 15s before "bof" (gap=15500ms)
[w0:ab:pro] Managed Turnstile token (len=816, 8426ms, remount)
[w0:ab:pro] [api] 200 mode=pro startsWith=bof
[w0:ab:pro] [api] 200 mode=pro startsWith=bof (482ms direct)
[w0:ab:pro] "bof" → 13 records, 13 words
[w0:ab:pro] "bof" branch complete
[w0:ab:pro] Saved 36,958 worker words
[w0:ab:pro] Searching "bog" | queue=538 | words=36958
[w0:ab:pro] Pacing 15s before "bog" (gap=15500ms)
[w0:ab:pro] Managed Turnstile token (len=816, 8632ms, remount)
[w0:ab:pro] [api] 200 mode=pro startsWith=bog
[w0:ab:pro] [api] 200 mode=pro startsWith=bog (438ms direct)
[w0:ab:pro] "bog" → 100 records, 100 words (incl. exact "bog")
[w0:ab:pro] Pacing 16s before "bog" (gap=15500ms)
[w0:ab:pro] Managed Turnstile token (len=816, 8049ms, remount)
[w0:ab:pro] heartbeat words=37058 queue=538 rotation=8 idle=26s
[w0:ab:pro] [api] 200 mode=pro startsWith=bog
[w0:ab:pro] [api] 200 mode=pro startsWith=bog sort=alphabetical:desc (508ms direct)
[w0:ab:pro] "bog" full page ends at "bogwood" (next='w'); skip 26 covered groups → 2 children reverse Z→A ends at "bogatyr" (lo='a' hi='y'); skip 23 middle + 9 new words
[w0:ab:pro] Saved 37,067 worker words
[w0:ab:pro] Searching "boh" | queue=539 | words=37067
[w0:ab:pro] Pacing 15s before "boh" (gap=15500ms)
[w0:ab:pro] Managed Turnstile token (len=816, 10161ms, remount)
[w0:ab:pro] [api] 200 mode=pro startsWith=boh
[w0:ab:pro] [api] 200 mode=pro startsWith=boh (530ms direct)
[w0:ab:pro] "boh" → 25 records, 25 words (incl. exact "boh")
[w0:ab:pro] "boh" branch complete
[w0:ab:pro] Saved 37,092 worker words; shared last.txt now 397,444
[w0:ab:pro] Searching "boi" | queue=538 | words=37092
[w0:ab:pro] Pacing 5s before "boi" (gap=15500ms)
[w0:ab:pro] Managed Turnstile miss (15469ms)
[w0:ab:pro] Failed "boi" attempt 1: No Turnstile token for direct search
[w0:ab:pro] Saved 37,092 worker words
[w0:ab:pro] Turnstile miss — soft reload before rotate
[w0:ab:pro] Site Turnstile remint timed out (9910ms)
[w0:ab:pro] Soft reload mint failed — rotating immediately
[w0:ab:pro] Tor NEWNYM gen=9; waiting 8000ms
[w0:ab:pro] heartbeat words=37092 queue=539 rotation=9 idle=29s
[w0:ab:pro] Tor ready on 19050 exit=203.55.81.2
[w0:ab:pro] Rotating IP (#9, try 1) after No Turnstile token for direct search → tor#10 socks5://127.0.0.1:19050
[w0:ab:pro] Launching persistent Chrome profile /tmp/lll-pw-w0-r9
[w0:ab:pro] Proxy tor#10 socks5://127.0.0.1:19050
[w0:ab:pro] Opening https://lastletterlibrary.com
[w0:ab:pro] Library mode=pro
[w0:ab:pro] Managed Turnstile token (len=816, 6065ms, remount)
[w0:ab:pro] Search mode=direct (skip UI Wait Ns… gate)
[w0:ab:pro] Cleaned 1 old rotated profile(s)
[w0:ab:pro] Searching "boi" | queue=538 | words=37092
[w0:ab:pro] [api] 200 mode=pro startsWith=boi
[w0:ab:pro] [api] 200 mode=pro startsWith=boi (558ms direct)
[w0:ab:pro] "boi" → 68 records, 68 words (incl. exact "boi")
[w0:ab:pro] "boi" branch complete
[w0:ab:pro] Saved 37,160 worker words
[w0:ab:pro] Searching "boj" | queue=537 | words=37160
[w0:ab:pro] Pacing 15s before "boj" (gap=15500ms)
[w0:ab:pro] Managed Turnstile token (len=816, 5250ms, remount)
[w0:ab:pro] [api] 200 mode=pro startsWith=boj
[w0:ab:pro] [api] 200 mode=pro startsWith=boj (442ms direct)
[w0:ab:pro] "boj" → 2 records, 2 words
[w0:ab:pro] "boj" branch complete
[w0:ab:pro] Saved 37,162 worker words
[w0:ab:pro] Searching "bok" | queue=536 | words=37162
[w0:ab:pro] Pacing 15s before "bok" (gap=15500ms)
[w0:ab:pro] Managed Turnstile token (len=816, 7856ms, remount)
[w0:ab:pro] [api] 200 mode=pro startsWith=bok
[w0:ab:pro] [api] 200 mode=pro startsWith=bok (524ms direct)
[w0:ab:pro] "bok" → 28 records, 28 words (incl. exact "bok")
[w0:ab:pro] "bok" branch complete
[w0:ab:pro] Saved 37,190 worker words
[w0:ab:pro] Searching "bol" | queue=535 | words=37190
[w0:ab:pro] Pacing 14s before "bol" (gap=15500ms)
[w0:ab:pro] Managed Turnstile token (len=816, 8394ms, remount)
[w0:ab:pro] heartbeat words=37190 queue=535 rotation=9 idle=13s
[w0:ab:pro] [api] 200 mode=pro startsWith=bol
[w0:ab:pro] [api] 200 mode=pro startsWith=bol (471ms direct)
[w0:ab:pro] "bol" → 100 records, 100 words (incl. exact "bol")
[w0:ab:pro] Pacing 15s before "bol" (gap=15500ms)
[w0:ab:pro] Managed Turnstile token (len=816, 7440ms, remount)
[w0:ab:pro] [api] 200 mode=pro startsWith=bol
[w0:ab:pro] [api] 200 mode=pro startsWith=bol sort=alphabetical:desc (440ms direct)
[w0:ab:pro] "bol" full page ends at "bollixed" (next='l'); skip 22 covered groups → 6 children reverse Z→A ends at "bolognese" (lo='o' hi='y'); skip 9 middle + 100 new words
[w0:ab:pro] Saved 37,390 worker words
[w0:ab:pro] Searching "bom" | queue=540 | words=37390
[w0:ab:pro] Pacing 15s before "bom" (gap=15500ms)
[w0:ab:pro] Managed Turnstile token (len=816, 5892ms, remount)
[w0:ab:pro] [api] 200 mode=pro startsWith=bom
[w0:ab:pro] [api] 200 mode=pro startsWith=bom (461ms direct)
[w0:ab:pro] "bom" → 100 records, 100 words (incl. exact "bom")
[w0:ab:pro] Pacing 15s before "bom" (gap=15500ms)
[w0:ab:pro] Managed Turnstile token (len=816, 9990ms, remount)
[w0:ab:pro] [api] 200 mode=pro startsWith=bom
[w0:ab:pro] [api] 200 mode=pro startsWith=bom sort=alphabetical:desc (513ms direct)
[w0:ab:pro] "bom" full page ends at "bombsight" (next='b'); skip 15 covered groups → 13 children reverse Z→A ends at "bombardment" (lo='b' hi='o'); skip 12 middle + 22 new words
[w0:ab:pro] Saved 37,512 worker words
[w0:ab:pro] Searching "bon" | queue=552 | words=37512
[w0:ab:pro] Pacing 14s before "bon" (gap=15500ms)
[w0:ab:pro] heartbeat words=37512 queue=552 rotation=9 idle=11s
[w0:ab:pro] Managed Turnstile token (len=816, 13763ms, remount)
[w0:ab:pro] [api] 200 mode=pro startsWith=bon
[w0:ab:pro] [api] 200 mode=pro startsWith=bon (434ms direct)
[w0:ab:pro] "bon" → 100 records, 100 words (incl. exact "bon")
[w0:ab:pro] Pacing 16s before "bon" (gap=15500ms)
[w0:ab:pro] Managed Turnstile token (len=816, 3993ms, remount)
[w0:ab:pro] [api] 200 mode=pro startsWith=bon
[w0:ab:pro] [api] 200 mode=pro startsWith=bon sort=alphabetical:desc (544ms direct)
[w0:ab:pro] "bon" full page ends at "bone-weary" (next='e'); skip 22 covered groups → 6 children reverse Z→A ends at "bonitos" (lo='i' hi='z'); skip 16 middle + 100 new words
[w0:ab:pro] Saved 37,712 worker words
[w0:ab:pro] Searching "boo" | queue=557 | words=37712
[w0:ab:pro] Pacing 15s before "boo" (gap=15500ms)
[w0:ab:pro] Managed Turnstile miss (15714ms)
[w0:ab:pro] Failed "boo" attempt 1: No Turnstile token for direct search
[w0:ab:pro] Saved 37,712 worker words; shared last.txt now 399,364
[w0:ab:pro] Turnstile miss — soft reload before rotate
[w0:ab:pro] heartbeat words=37712 queue=558 rotation=9 idle=41s
[w0:ab:pro] Turnstile token present (len=816)
[w0:ab:pro] Site Turnstile token (9523ms)
[w0:ab:pro] Searching "boo" | queue=557 | words=37712
[w0:ab:pro] [api] 200 mode=pro startsWith=boo
[w0:ab:pro] [api] 200 mode=pro startsWith=boo (594ms direct)
[w0:ab:pro] "boo" → 100 records, 100 words (incl. exact "boo")
[w0:ab:pro] Pacing 15s before "boo" (gap=15500ms)
[w0:ab:pro] Managed Turnstile miss (15235ms)
[w0:ab:pro] "boo" reverse search failed (No Turnstile token for direct search); forward-only
[w0:ab:pro] "boo" full page ends at "boohoo" (next='h'); skip 9 covered groups → 19 children from booh..
[w0:ab:pro] Saved 37,812 worker words
[w0:ab:pro] Searching "bop" | queue=575 | words=37812
[w0:ab:pro] Managed Turnstile miss (15314ms)
[w0:ab:pro] Failed "bop" attempt 1: No Turnstile token for direct search
[w0:ab:pro] Saved 37,812 worker words
[w0:ab:pro] Turnstile miss — soft reload before rotate
[w0:ab:pro] Site Turnstile remint timed out (14718ms)
[w0:ab:pro] Soft reload mint failed — rotating immediately
[w0:ab:pro] Tor NEWNYM gen=10; waiting 8000ms
[w0:ab:pro] heartbeat words=37812 queue=576 rotation=10 idle=42s
[w0:ab:pro] Tor ready on 19050 exit=192.42.116.143
[w0:ab:pro] Rotating IP (#10, try 1) after No Turnstile token for direct search → tor#11 socks5://127.0.0.1:19050
[w0:ab:pro] Launching persistent Chrome profile /tmp/lll-pw-w0-r10
[w0:ab:pro] Proxy tor#11 socks5://127.0.0.1:19050
[w0:ab:pro] Opening https://lastletterlibrary.com
[w0:ab:pro] Library mode=pro
[w0:ab:pro] Managed Turnstile token (len=816, 8668ms, remount)
[w0:ab:pro] Search mode=direct (skip UI Wait Ns… gate)
[w0:ab:pro] Cleaned 1 old rotated profile(s)
[w0:ab:pro] Searching "bop" | queue=575 | words=37812
[w0:ab:pro] [api] 200 mode=pro startsWith=bop
[w0:ab:pro] [api] 200 mode=pro startsWith=bop (529ms direct)
[w0:ab:pro] "bop" → 21 records, 21 words (incl. exact "bop")
[w0:ab:pro] "bop" branch complete
[w0:ab:pro] Saved 37,833 worker words
[w0:ab:pro] Searching "boq" | queue=574 | words=37833
[w0:ab:pro] Pacing 15s before "boq" (gap=15500ms)
[w0:ab:pro] Managed Turnstile token (len=816, 7294ms, remount)
[w0:ab:pro] [api] 200 mode=pro startsWith=boq
[w0:ab:pro] [api] 200 mode=pro startsWith=boq (473ms direct)
[w0:ab:pro] "boq" → 0 records, 0 words
[w0:ab:pro] "boq" branch complete
[w0:ab:pro] Saved 37,833 worker words
[w0:ab:pro] Searching "bor" | queue=573 | words=37833
[w0:ab:pro] Pacing 14s before "bor" (gap=15500ms)
[w0:ab:pro] Managed Turnstile miss (15538ms)
[w0:ab:pro] Failed "bor" attempt 1: No Turnstile token for direct search
[w0:ab:pro] Saved 37,833 worker words
[w0:ab:pro] Turnstile miss — soft reload before rotate
[w0:ab:pro] heartbeat words=37833 queue=574 rotation=10 idle=20s
[w0:ab:pro] Turnstile token present (len=816)
[w0:ab:pro] Site Turnstile token (5377ms)
[w0:ab:pro] Searching "bor" | queue=573 | words=37833
[w0:ab:pro] [api] 200 mode=pro startsWith=bor
[w0:ab:pro] [api] 200 mode=pro startsWith=bor (450ms direct)
[w0:ab:pro] "bor" → 100 records, 100 words (incl. exact "bor")
[w0:ab:pro] Pacing 16s before "bor" (gap=15500ms)
[w0:ab:pro] Managed Turnstile token (len=816, 5112ms, remount)
[w0:ab:pro] [api] 200 mode=pro startsWith=bor
[w0:ab:pro] [api] 200 mode=pro startsWith=bor sort=alphabetical:desc (452ms direct)
[w0:ab:pro] "bor" full page ends at "boread" (next='e'); skip 16 covered groups → 12 children reverse Z→A ends at "borocarbide" (lo='o' hi='z'); skip 10 middle + 100 new words
[w0:ab:pro] Saved 38,033 worker words
[w0:ab:pro] Searching "bos" | queue=584 | words=38033
[w0:ab:pro] Pacing 11s before "bos" (gap=15500ms)
[w0:ab:pro] Managed Turnstile token (len=816, 10718ms, remount)
[w0:ab:pro] [api] 200 mode=pro startsWith=bos
[w0:ab:pro] [api] 200 mode=pro startsWith=bos (515ms direct)
[w0:ab:pro] "bos" → 100 records, 100 words (incl. exact "bos")
[w0:ab:pro] Pacing 15s before "bos" (gap=15500ms)
[w0:ab:pro] Managed Turnstile token (len=816, 5394ms, remount)
[w0:ab:pro] [api] 200 mode=pro startsWith=bos
[w0:ab:pro] [api] 200 mode=pro startsWith=bos sort=alphabetical:desc (501ms direct)
[w0:ab:pro] "bos" full page ends at "bossing" (next='s'); skip 24 covered groups → 4 children reverse Z→A ends at "boskets" (lo='k' hi='w'); skip 11 middle + 38 new words
[w0:ab:pro] Saved 38,171 worker words
[w0:ab:pro] Searching "bot" | queue=587 | words=38171
[w0:ab:pro] Pacing 15s before "bot" (gap=15500ms)
[w0:ab:pro] Managed Turnstile token (len=816, 4735ms, remount)
[w0:ab:pro] heartbeat words=38171 queue=587 rotation=10 idle=11s
[w0:ab:pro] [api] 200 mode=pro startsWith=bot
[w0:ab:pro] [api] 200 mode=pro startsWith=bot (705ms direct)
[w0:ab:pro] "bot" → 100 records, 100 words (incl. exact "bot")
[w0:ab:pro] Pacing 13s before "bot" (gap=15500ms)
[w0:ab:pro] Managed Turnstile miss (15692ms)
[w0:ab:pro] "bot" reverse search failed (No Turnstile token for direct search); forward-only
[w0:ab:pro] "bot" full page ends at "bothriolepis" (next='h'); skip 9 covered groups → 19 children from both..
[w0:ab:pro] Saved 38,271 worker words; shared last.txt now 400,810
[w0:ab:pro] Searching "bou" | queue=605 | words=38271
[w0:ab:pro] Managed Turnstile token (len=816, 7639ms, remount)
[w0:ab:pro] [api] 200 mode=pro startsWith=bou
[w0:ab:pro] [api] 200 mode=pro startsWith=bou (453ms direct)
[w0:ab:pro] "bou" → 100 records, 100 words
[w0:ab:pro] Pacing 15s before "bou" (gap=15500ms)
[w0:ab:pro] Managed Turnstile token (len=816, 5695ms, remount)
[w0:ab:pro] [api] 200 mode=pro startsWith=bou
[w0:ab:pro] [api] 200 mode=pro startsWith=bou sort=alphabetical:desc (544ms direct)
[w0:ab:pro] "bou" full page ends at "boulderings" (next='l'); skip 20 covered groups → 8 children reverse Z→A ends at "bourgeoning" (lo='r' hi='z'); skip 7 middle + 100 new words
[w0:ab:pro] Saved 38,471 worker words
[w0:ab:pro] Searching "bov" | queue=612 | words=38471
[w0:ab:pro] Pacing 14s before "bov" (gap=15500ms)
[w0:ab:pro] heartbeat words=38471 queue=612 rotation=10 idle=5s
[w0:ab:pro] Managed Turnstile token (len=816, 13592ms, remount)
[w0:ab:pro] [api] 200 mode=pro startsWith=bov
[w0:ab:pro] [api] 200 mode=pro startsWith=bov (495ms direct)
[w0:ab:pro] "bov" → 28 records, 28 words
[w0:ab:pro] "bov" branch complete
[w0:ab:pro] Saved 38,499 worker words
[w0:ab:pro] Searching "bow" | queue=611 | words=38499
[w0:ab:pro] Pacing 15s before "bow" (gap=15500ms)
[w0:ab:pro] Managed Turnstile miss (15259ms)
[w0:ab:pro] Failed "bow" attempt 1: No Turnstile token for direct search
[w0:ab:pro] Saved 38,499 worker words
[w0:ab:pro] Turnstile miss — soft reload before rotate
[w0:ab:pro] Site Turnstile remint timed out (11269ms)
[w0:ab:pro] Soft reload mint failed — rotating immediately
[w0:ab:pro] Tor NEWNYM gen=11; waiting 8000ms
[w0:ab:pro] Tor ready on 19050 exit=45.84.107.172
[w0:ab:pro] Rotating IP (#11, try 1) after No Turnstile token for direct search → tor#12 socks5://127.0.0.1:19050
[w0:ab:pro] Launching persistent Chrome profile /tmp/lll-pw-w0-r11
[w0:ab:pro] Proxy tor#12 socks5://127.0.0.1:19050
[w0:ab:pro] Opening https://lastletterlibrary.com
[w0:ab:pro] Library mode=pro
[w0:ab:pro] heartbeat words=38499 queue=612 rotation=11 idle=50s
[w0:ab:pro] Managed Turnstile token (len=816, 8498ms, remount)
[w0:ab:pro] Search mode=direct (skip UI Wait Ns… gate)
[w0:ab:pro] Cleaned 1 old rotated profile(s)
[w0:ab:pro] Searching "bow" | queue=611 | words=38499
[w0:ab:pro] [api] 200 mode=pro startsWith=bow
[w0:ab:pro] [api] 200 mode=pro startsWith=bow (776ms direct)
[w0:ab:pro] "bow" → 100 records, 100 words (incl. exact "bow")
[w0:ab:pro] Pacing 15s before "bow" (gap=15500ms)
[w0:ab:pro] Managed Turnstile token (len=816, 4172ms, remount)
[w0:ab:pro] [api] 200 mode=pro startsWith=bow
[w0:ab:pro] [api] 200 mode=pro startsWith=bow sort=alphabetical:desc (493ms direct)
[w0:ab:pro] "bow" full page ends at "bowldery" (next='l'); skip 26 covered groups → 2 children reverse Z→A ends at "bowieful" (lo='i' hi='y'); skip 15 middle + 82 new words
[w0:ab:pro] Saved 38,681 worker words
[w0:ab:pro] Searching "box" | queue=612 | words=38681
[w0:ab:pro] Pacing 14s before "box" (gap=15500ms)
[w0:ab:pro] Managed Turnstile token (len=816, 6529ms, remount)
[w0:ab:pro] [api] 200 mode=pro startsWith=box
[w0:ab:pro] [api] 200 mode=pro startsWith=box (537ms direct)
[w0:ab:pro] "box" → 64 records, 64 words (incl. exact "box")
[w0:ab:pro] "box" branch complete
[w0:ab:pro] Saved 38,725 worker words
[w0:ab:pro] Searching "boz" | queue=611 | words=38725
[w0:ab:pro] Pacing 14s before "boz" (gap=15500ms)
[w0:ab:pro] Managed Turnstile token (len=816, 9300ms, remount)
[w0:ab:pro] [api] 200 mode=pro startsWith=boz
[w0:ab:pro] [api] 200 mode=pro startsWith=boz (651ms direct)
[w0:ab:pro] "boz" → 10 records, 10 words
[w0:ab:pro] "boz" branch complete
[w0:ab:pro] Saved 38,725 worker words
[w0:ab:pro] Searching "bra" | queue=610 | words=38725
[w0:ab:pro] Pacing 14s before "bra" (gap=15500ms)
[w0:ab:pro] Managed Turnstile token (len=816, 5594ms, remount)
[w0:ab:pro] heartbeat words=38725 queue=610 rotation=11 idle=7s
[w0:ab:pro] [api] 200 mode=pro startsWith=bra
[w0:ab:pro] [api] 200 mode=pro startsWith=bra (506ms direct)
[w0:ab:pro] "bra" → 100 records, 100 words (incl. exact "bra")
[w0:ab:pro] Pacing 15s before "bra" (gap=15500ms)
[w0:ab:pro] Managed Turnstile token (len=816, 8740ms, remount)
[w0:ab:pro] [api] 200 mode=pro startsWith=bra
[w0:ab:pro] [api] 200 mode=pro startsWith=bra sort=alphabetical:desc (473ms direct)
[w0:ab:pro] "bra" full page ends at "brachistocephali" (next='c'); skip 7 covered groups → 21 children reverse Z→A ends at "bravo" (lo='v' hi='z'); skip 3 middle + 100 new words
[w0:ab:pro] Saved 38,825 worker words
[w0:ab:pro] Searching "brb" | queue=630 | words=38825
[w0:ab:pro] Pacing 12s before "brb" (gap=15500ms)
[w0:ab:pro] Managed Turnstile token (len=816, 14669ms, remount)
[w0:ab:pro] [api] 200 mode=pro startsWith=brb
[w0:ab:pro] [api] 200 mode=pro startsWith=brb (512ms direct)
[w0:ab:pro] "brb" → 1 records, 1 words (incl. exact "brb")
[w0:ab:pro] "brb" branch complete
[w0:ab:pro] Managed Turnstile token (len=816, 11998ms, remount)
[w0:ab:pro] Saved 38,826 worker words
[w0:ab:pro] Searching "brc" | queue=629 | words=38826
[w0:ab:pro] Pacing 2s before "brc" (gap=15500ms)
[w0:ab:pro] [api] 200 mode=pro startsWith=brc
[w0:ab:pro] [api] 200 mode=pro startsWith=brc (621ms direct)
[w0:ab:pro] "brc" → 0 records, 0 words
[w0:ab:pro] "brc" branch complete
[w0:ab:pro] Saved 38,826 worker words
[w0:ab:pro] Searching "brd" | queue=628 | words=38826
[w0:ab:pro] Pacing 14s before "brd" (gap=15500ms)
[w0:ab:pro] heartbeat words=38826 queue=628 rotation=11 idle=4s
[w0:ab:pro] Managed Turnstile token (len=816, 5589ms, remount)
[w0:ab:pro] [api] 429 mode=pro startsWith=brd
[w0:ab:pro] [api] 429 mode=pro startsWith=brd (475ms direct)
[w0:ab:pro] Learned server gap ≈ 15500ms (wait hint 2000ms)
[w0:ab:pro] Rate limited — inline wait 2000ms then retry "brd"
[w0:ab:pro] Managed Turnstile token (len=816, 10561ms, remount)
[w0:ab:pro] [api] 200 mode=pro startsWith=brd
[w0:ab:pro] [api] 200 mode=pro startsWith=brd (599ms direct)
[w0:ab:pro] "brd" → 0 records, 0 words
[w0:ab:pro] "brd" branch complete
[w0:ab:pro] Saved 38,826 worker words
[w0:ab:pro] Searching "bre" | queue=627 | words=38826
[w0:ab:pro] Pacing 13s before "bre" (gap=15500ms)
[w0:ab:pro] Managed Turnstile token (len=816, 13102ms, remount)
[w0:ab:pro] [api] 200 mode=pro startsWith=bre
[w0:ab:pro] [api] 200 mode=pro startsWith=bre (499ms direct)
[w0:ab:pro] "bre" → 100 records, 100 words
[w0:ab:pro] Pacing 15s before "bre" (gap=15500ms)
[w0:ab:pro] Managed Turnstile token (len=816, 14713ms, remount)
[w0:ab:pro] [api] 200 mode=pro startsWith=bre
[w0:ab:pro] [api] 200 mode=pro startsWith=bre sort=alphabetical:desc (558ms direct)
[w0:ab:pro] "bre" full page ends at "breakbones" (next='a'); skip 7 covered groups → 21 children reverse Z→A ends at "brethel" (lo='t' hi='z'); skip 5 middle + 100 new words
[w0:ab:pro] Saved 39,026 worker words
[w0:ab:pro] Searching "brf" | queue=647 | words=39026
[w0:ab:pro] Pacing 15s before "brf" (gap=15500ms)
[w0:ab:pro] Managed Turnstile token (len=816, 4802ms, remount)
[w0:ab:pro] heartbeat words=39026 queue=647 rotation=11 idle=8s
[w0:ab:pro] [api] 200 mode=pro startsWith=brf
[w0:ab:pro] [api] 200 mode=pro startsWith=brf (479ms direct)
[w0:ab:pro] "brf" → 0 records, 0 words
[w0:ab:pro] "brf" branch complete
[w0:ab:pro] Saved 39,026 worker words
[w0:ab:pro] Searching "brg" | queue=646 | words=39026
[w0:ab:pro] Pacing 15s before "brg" (gap=15500ms)
[w0:ab:pro] Managed Turnstile token (len=816, 14742ms, remount)
[w0:ab:pro] [api] 200 mode=pro startsWith=brg
[w0:ab:pro] [api] 200 mode=pro startsWith=brg (488ms direct)
[w0:ab:pro] "brg" → 0 records, 0 words
[w0:ab:pro] "brg" branch complete
[w0:ab:pro] Saved 39,026 worker words
[w0:ab:pro] Searching "brh" | queue=645 | words=39026
[w0:ab:pro] Pacing 15s before "brh" (gap=15500ms)
[w0:ab:pro] Managed Turnstile miss (15236ms)
[w0:ab:pro] Failed "brh" attempt 1: No Turnstile token for direct search
[w0:ab:pro] Saved 39,026 worker words
[w0:ab:pro] Turnstile miss — soft reload before rotate
[w0:ab:pro] Site Turnstile remint timed out (10843ms)
[w0:ab:pro] Soft reload mint failed — rotating immediately
[w0:ab:pro] Tor NEWNYM gen=12; waiting 8000ms
[w0:ab:pro] heartbeat words=39026 queue=646 rotation=12 idle=37s
[w0:ab:pro] Tor ready on 19050 exit=194.15.36.117
[w0:ab:pro] Rotating IP (#12, try 1) after No Turnstile token for direct search → tor#13 socks5://127.0.0.1:19050
[w0:ab:pro] Launching persistent Chrome profile /tmp/lll-pw-w0-r12
[w0:ab:pro] Proxy tor#13 socks5://127.0.0.1:19050
[w0:ab:pro] Opening https://lastletterlibrary.com
[w0:ab:pro] Library mode=pro
[w0:ab:pro] Managed Turnstile token (len=816, 8218ms, remount)
[w0:ab:pro] Search mode=direct (skip UI Wait Ns… gate)
[w0:ab:pro] Cleaned 1 old rotated profile(s)
[w0:ab:pro] Searching "brh" | queue=645 | words=39026
[w0:ab:pro] [api] 200 mode=pro startsWith=brh
[w0:ab:pro] [api] 200 mode=pro startsWith=brh (609ms direct)
[w0:ab:pro] "brh" → 0 records, 0 words
[w0:ab:pro] "brh" branch complete
[w0:ab:pro] Saved 39,026 worker words
[w0:ab:pro] Searching "bri" | queue=644 | words=39026
[w0:ab:pro] Pacing 15s before "bri" (gap=15500ms)
[w0:ab:pro] Managed Turnstile token (len=816, 7540ms, remount)
[w0:ab:pro] [api] 200 mode=pro startsWith=bri
[w0:ab:pro] [api] 200 mode=pro startsWith=bri (541ms direct)
[w0:ab:pro] "bri" → 100 records, 100 words
[w0:ab:pro] Pacing 15s before "bri" (gap=15500ms)
[w0:ab:pro] Managed Turnstile token (len=816, 6419ms, remount)
[w0:ab:pro] [api] 200 mode=pro startsWith=bri
[w0:ab:pro] [api] 200 mode=pro startsWith=bri sort=alphabetical:desc (517ms direct)
[w0:ab:pro] "bri" full page ends at "bricksetter" (next='c'); skip 10 covered groups → 18 children reverse Z→A ends at "brislings" (lo='s' hi='z'); skip 6 middle + 100 new words
[w0:ab:pro] Saved 39,226 worker words; shared last.txt now 403,478
[w0:ab:pro] Searching "brj" | queue=661 | words=39226
[w0:ab:pro] Pacing 11s before "brj" (gap=15500ms)
[w0:ab:pro] heartbeat words=39226 queue=661 rotation=12 idle=1s
[w0:ab:pro] Managed Turnstile token (len=816, 7835ms, remount)
[w0:ab:pro] [api] 200 mode=pro startsWith=brj
[w0:ab:pro] [api] 200 mode=pro startsWith=brj (539ms direct)
[w0:ab:pro] "brj" → 0 records, 0 words
[w0:ab:pro] "brj" branch complete
[w0:ab:pro] Saved 39,226 worker words
[w0:ab:pro] Searching "brk" | queue=660 | words=39226
[w0:ab:pro] Pacing 15s before "brk" (gap=15500ms)
[w0:ab:pro] Managed Turnstile token (len=816, 5602ms, remount)
[w0:ab:pro] [api] 200 mode=pro startsWith=brk
[w0:ab:pro] [api] 200 mode=pro startsWith=brk (643ms direct)
[w0:ab:pro] "brk" → 0 records, 0 words
[w0:ab:pro] "brk" branch complete
[w0:ab:pro] Saved 39,226 worker words
[w0:ab:pro] Searching "brl" | queue=659 | words=39226
[w0:ab:pro] Pacing 14s before "brl" (gap=15500ms)
[w0:ab:pro] Managed Turnstile token (len=816, 6697ms, remount)
[w0:ab:pro] [api] 200 mode=pro startsWith=brl
[w0:ab:pro] [api] 200 mode=pro startsWith=brl (548ms direct)
[w0:ab:pro] "brl" → 0 records, 0 words
[w0:ab:pro] "brl" branch complete
[w0:ab:pro] Saved 39,226 worker words
[w0:ab:pro] Searching "brm" | queue=658 | words=39226
[w0:ab:pro] Pacing 14s before "brm" (gap=15500ms)
[w0:ab:pro] Managed Turnstile token (len=816, 9835ms, remount)
[w0:ab:pro] [api] 200 mode=pro startsWith=brm
[w0:ab:pro] [api] 200 mode=pro startsWith=brm (535ms direct)
[w0:ab:pro] "brm" → 0 records, 0 words
[w0:ab:pro] "brm" branch complete
[w0:ab:pro] Saved 39,226 worker words
[w0:ab:pro] Searching "brn" | queue=657 | words=39226
[w0:ab:pro] Pacing 15s before "brn" (gap=15500ms)
[w0:ab:pro] heartbeat words=39226 queue=657 rotation=12 idle=3s
[w0:ab:pro] Managed Turnstile token (len=816, 4628ms, remount)
[w0:ab:pro] [api] 200 mode=pro startsWith=brn
[w0:ab:pro] [api] 200 mode=pro startsWith=brn (516ms direct)
[w0:ab:pro] "brn" → 1 records, 1 words
[w0:ab:pro] "brn" branch complete
[w0:ab:pro] Saved 39,227 worker words
[w0:ab:pro] Searching "bro" | queue=656 | words=39227
[w0:ab:pro] Pacing 15s before "bro" (gap=15500ms)
[w0:ab:pro] Managed Turnstile token (len=816, 14545ms, remount)
[w0:ab:pro] [api] 200 mode=pro startsWith=bro
[w0:ab:pro] [api] 200 mode=pro startsWith=bro (690ms direct)
[w0:ab:pro] "bro" → 100 records, 100 words (incl. exact "bro")
[w0:ab:pro] Pacing 14s before "bro" (gap=15500ms)
[w0:ab:pro] Managed Turnstile token (len=816, 13324ms, remount)
[w0:ab:pro] [api] 200 mode=pro startsWith=bro
[w0:ab:pro] [api] 200 mode=pro startsWith=bro sort=alphabetical:desc (556ms direct)
[w0:ab:pro] "bro" full page ends at "brocaded" (next='c'); skip 5 covered groups → 23 children reverse Z→A ends at "brout-englert-higgs" (lo='u' hi='w'); skip 1 middle + 100 new words
[w0:ab:pro] Saved 39,427 worker words
[w0:ab:pro] Searching "brp" | queue=678 | words=39427
[w0:ab:pro] Pacing 14s before "brp" (gap=15500ms)
[w0:ab:pro] heartbeat words=39427 queue=678 rotation=12 idle=14s
[w0:ab:pro] Managed Turnstile miss (15117ms)
[w0:ab:pro] Failed "brp" attempt 1: No Turnstile token for direct search
[w0:ab:pro] Saved 39,427 worker words
[w0:ab:pro] Turnstile miss — soft reload before rotate
[w0:ab:pro] Managed Turnstile token (len=816, 3968ms, remount)
[w0:ab:pro] Searching "brp" | queue=678 | words=39427
[w0:ab:pro] [api] 200 mode=pro startsWith=brp
[w0:ab:pro] [api] 200 mode=pro startsWith=brp (422ms direct)
[w0:ab:pro] "brp" → 0 records, 0 words
[w0:ab:pro] "brp" branch complete
[w0:ab:pro] Saved 39,427 worker words; shared last.txt now 404,170
[w0:ab:pro] Searching "brq" | queue=677 | words=39427
[w0:ab:pro] Pacing 15s before "brq" (gap=15500ms)
[w0:ab:pro] Managed Turnstile token (len=816, 3845ms, remount)
[w0:ab:pro] [api] 200 mode=pro startsWith=brq
[w0:ab:pro] [api] 200 mode=pro startsWith=brq (445ms direct)
[w0:ab:pro] "brq" → 0 records, 0 words
[w0:ab:pro] "brq" branch complete
[w0:ab:pro] Saved 39,427 worker words
[w0:ab:pro] Searching "brr" | queue=676 | words=39427
[w0:ab:pro] Pacing 15s before "brr" (gap=15500ms)
[w0:ab:pro] Managed Turnstile token (len=816, 3958ms, remount)
[w0:ab:pro] [api] 200 mode=pro startsWith=brr
[w0:ab:pro] [api] 200 mode=pro startsWith=brr (457ms direct)
[w0:ab:pro] "brr" → 2 records, 2 words (incl. exact "brr")
[w0:ab:pro] "brr" branch complete
[w0:ab:pro] Saved 39,429 worker words
[w0:ab:pro] Searching "brs" | queue=675 | words=39429
[w0:ab:pro] Pacing 15s before "brs" (gap=15500ms)
[w0:ab:pro] Managed Turnstile token (len=816, 6612ms, remount)
[w0:ab:pro] [api] 200 mode=pro startsWith=brs
[w0:ab:pro] [api] 200 mode=pro startsWith=brs (467ms direct)
[w0:ab:pro] "brs" → 0 records, 0 words
[w0:ab:pro] "brs" branch complete
[w0:ab:pro] Saved 39,429 worker words
[w0:ab:pro] Searching "brt" | queue=674 | words=39429
[w0:ab:pro] Pacing 15s before "brt" (gap=15500ms)
[w0:ab:pro] heartbeat words=39429 queue=674 rotation=12 idle=6s
[w0:ab:pro] Managed Turnstile token (len=816, 14154ms, remount)
[w0:ab:pro] [api] 200 mode=pro startsWith=brt
[w0:ab:pro] [api] 200 mode=pro startsWith=brt (446ms direct)
[w0:ab:pro] "brt" → 1 records, 1 words (incl. exact "brt")
[w0:ab:pro] "brt" branch complete
[w0:ab:pro] Saved 39,430 worker words
[w0:ab:pro] Searching "bru" | queue=673 | words=39430
[w0:ab:pro] Pacing 15s before "bru" (gap=15500ms)
[w0:ab:pro] Managed Turnstile token (len=816, 6971ms, remount)
[w0:ab:pro] [api] 200 mode=pro startsWith=bru
[w0:ab:pro] [api] 200 mode=pro startsWith=bru (568ms direct)
[w0:ab:pro] "bru" → 100 records, 100 words (incl. exact "bru")
[w0:ab:pro] Pacing 15s before "bru" (gap=15500ms)
[w0:ab:pro] Managed Turnstile token (len=816, 7728ms, remount)
[w0:ab:pro] [api] 200 mode=pro startsWith=bru
[w0:ab:pro] [api] 200 mode=pro startsWith=bru sort=alphabetical:desc (518ms direct)
[w0:ab:pro] "bru" full page ends at "brunched" (next='n'); skip 21 covered groups → 7 children reverse Z→A ends at "brushstrokes" (lo='s' hi='z'); skip 6 middle + 38 new words
[w0:ab:pro] Saved 39,568 worker words
[w0:ab:pro] Searching "bry" | queue=679 | words=39568
[w0:ab:pro] Pacing 14s before "bry" (gap=15500ms)
[w0:ab:pro] Managed Turnstile token (len=816, 15700ms, remount)
[w0:ab:pro] [api] 200 mode=pro startsWith=bry
[w0:ab:pro] [api] 200 mode=pro startsWith=bry (801ms direct)
[w0:ab:pro] "bry" → 38 records, 38 words
[w0:ab:pro] "bry" branch complete
[w0:ab:pro] Saved 39,568 worker words
[w0:ab:pro] Searching "brz" | queue=678 | words=39568
[w0:ab:pro] Pacing 13s before "brz" (gap=15500ms)
[w0:ab:pro] heartbeat words=39568 queue=678 rotation=12 idle=1s
[w0:ab:pro] Managed Turnstile token (len=816, 7399ms, remount)
[w0:ab:pro] [api] 200 mode=pro startsWith=brz
[w0:ab:pro] [api] 200 mode=pro startsWith=brz (453ms direct)
[w0:ab:pro] "brz" → 0 records, 0 words
[w0:ab:pro] "brz" branch complete
[w0:ab:pro] Saved 39,568 worker words
[w0:ab:pro] Searching "buc" | queue=677 | words=39568
[w0:ab:pro] Pacing 15s before "buc" (gap=15500ms)
[w0:ab:pro] Managed Turnstile token (len=816, 6296ms, remount)
[w0:ab:pro] [api] 200 mode=pro startsWith=buc
[w0:ab:pro] [api] 200 mode=pro startsWith=buc (690ms direct)
[w0:ab:pro] "buc" → 100 records, 100 words
[w0:ab:pro] Pacing 14s before "buc" (gap=15500ms)
[w0:ab:pro] Managed Turnstile token (len=816, 14143ms, remount)
[w0:ab:pro] [api] 200 mode=pro startsWith=buc
[w0:ab:pro] [api] 200 mode=pro startsWith=buc sort=alphabetical:desc (444ms direct)
[w0:ab:pro] "buc" full page ends at "buckeroos" (next='k'); skip 18 covered groups → 10 children reverse Z→A ends at "buckhorns" (lo='k' hi='r'); skip 6 middle + 100 new words
[w0:ab:pro] Saved 39,741 worker words; shared last.txt now 405,121
[w0:ab:pro] Searching "bud" | queue=686 | words=39741
[w0:ab:pro] Pacing 11s before "bud" (gap=15500ms)
[w0:ab:pro] Managed Turnstile token (len=816, 13343ms, remount)
[w0:ab:pro] heartbeat words=39741 queue=686 rotation=12 idle=12s
[w0:ab:pro] [api] 200 mode=pro startsWith=bud
[w0:ab:pro] [api] 200 mode=pro startsWith=bud (740ms direct)
[w0:ab:pro] "bud" → 100 records, 100 words (incl. exact "bud")
[w0:ab:pro] Pacing 15s before "bud" (gap=15500ms)
[w0:ab:pro] Managed Turnstile token (len=816, 9234ms, remount)
[w0:ab:pro] [api] 200 mode=pro startsWith=bud
[w0:ab:pro] [api] 200 mode=pro startsWith=bud sort=alphabetical:desc (446ms direct)
[w0:ab:pro] "bud" full page ends at "budworms" (next='w'); skip 27 covered groups → 1 children reverse Z→A ends at "budae-jjigae" (lo='a' hi='z'); skip 24 middle + 2 new words
[w0:ab:pro] Saved 39,843 worker words
[w0:ab:pro] Searching "bue" | queue=686 | words=39843
[w0:ab:pro] Pacing 15s before "bue" (gap=15500ms)
[w0:ab:pro] Managed Turnstile token (len=816, 5219ms, remount)
[w0:ab:pro] [api] 200 mode=pro startsWith=bue
[w0:ab:pro] [api] 200 mode=pro startsWith=bue (460ms direct)
[w0:ab:pro] "bue" → 9 records, 9 words
[w0:ab:pro] "bue" branch complete
[w0:ab:pro] Saved 39,852 worker words
[w0:ab:pro] Searching "buf" | queue=685 | words=39852
[w0:ab:pro] Pacing 15s before "buf" (gap=15500ms)
[w0:ab:pro] Managed Turnstile token (len=816, 3743ms, remount)
[w0:ab:pro] [api] 200 mode=pro startsWith=buf
[w0:ab:pro] [api] 200 mode=pro startsWith=buf (439ms direct)
[w0:ab:pro] "buf" → 77 records, 77 words
[w0:ab:pro] "buf" branch complete
[w0:ab:pro] Saved 39,929 worker words
[w0:ab:pro] Searching "bug" | queue=684 | words=39929
[w0:ab:pro] Pacing 15s before "bug" (gap=15500ms)
[w0:ab:pro] Managed Turnstile token (len=816, 3767ms, remount)
[w0:ab:pro] heartbeat words=39929 queue=684 rotation=12 idle=14s
[w0:ab:pro] [api] 200 mode=pro startsWith=bug
[w0:ab:pro] [api] 200 mode=pro startsWith=bug (460ms direct)
[w0:ab:pro] "bug" → 81 records, 81 words (incl. exact "bug")
[w0:ab:pro] "bug" branch complete
[w0:ab:pro] Saved 40,010 worker words
[w0:ab:pro] Searching "buh" | queue=683 | words=40010
[w0:ab:pro] Pacing 15s before "buh" (gap=15500ms)
[w0:ab:pro] Managed Turnstile token (len=816, 4668ms, remount)
[w0:ab:pro] [api] 200 mode=pro startsWith=buh
[w0:ab:pro] [api] 200 mode=pro startsWith=buh (521ms direct)
[w0:ab:pro] "buh" → 13 records, 13 words
[w0:ab:pro] "buh" branch complete
[w0:ab:pro] Saved 40,023 worker words
[w0:ab:pro] Searching "bui" | queue=682 | words=40023
[w0:ab:pro] Pacing 15s before "bui" (gap=15500ms)
[w0:ab:pro] Managed Turnstile token (len=816, 5894ms, remount)
[w0:ab:pro] [api] 200 mode=pro startsWith=bui
[w0:ab:pro] [api] 200 mode=pro startsWith=bui (468ms direct)
[w0:ab:pro] "bui" → 39 records, 39 words
[w0:ab:pro] "bui" branch complete
[w0:ab:pro] Saved 40,062 worker words
[w0:ab:pro] Searching "buj" | queue=681 | words=40062
[w0:ab:pro] Pacing 15s before "buj" (gap=15500ms)
[w0:ab:pro] Managed Turnstile token (len=816, 10926ms, remount)
[w0:ab:pro] [api] 200 mode=pro startsWith=buj
[w0:ab:pro] [api] 200 mode=pro startsWith=buj (450ms direct)
[w0:ab:pro] "buj" → 2 records, 2 words
[w0:ab:pro] "buj" branch complete
[w0:ab:pro] Saved 40,064 worker words
[w0:ab:pro] Searching "buk" | queue=680 | words=40064
[w0:ab:pro] Pacing 15s before "buk" (gap=15500ms)
[w0:ab:pro] Managed Turnstile token (len=816, 5772ms, remount)
[w0:ab:pro] heartbeat words=40064 queue=680 rotation=12 idle=12s
[w0:ab:pro] [api] 200 mode=pro startsWith=buk
[w0:ab:pro] [api] 200 mode=pro startsWith=buk (448ms direct)
[w0:ab:pro] "buk" → 18 records, 18 words
[w0:ab:pro] "buk" branch complete
[w0:ab:pro] Saved 40,082 worker words; shared last.txt now 405,929
[w0:ab:pro] Searching "bul" | queue=679 | words=40082
[w0:ab:pro] Pacing 13s before "bul" (gap=15500ms)
[w0:ab:pro] Managed Turnstile token (len=816, 7678ms, remount)
[w0:ab:pro] [api] 200 mode=pro startsWith=bul
[w0:ab:pro] [api] 200 mode=pro startsWith=bul (444ms direct)
[w0:ab:pro] "bul" → 100 records, 100 words (incl. exact "bul")
[w0:ab:pro] Pacing 16s before "bul" (gap=15500ms)
[w0:ab:pro] Managed Turnstile token (len=816, 9824ms, remount)
[w0:ab:pro] [api] 200 mode=pro startsWith=bul
[w0:ab:pro] [api] 200 mode=pro startsWith=bul sort=alphabetical:desc (640ms direct)
[w0:ab:pro] "bul" full page ends at "bulimulidae" (next='i'); skip 20 covered groups → 8 children reverse Z→A ends at "bullpoll" (lo='l' hi='w'); skip 10 middle + 100 new words
[w0:ab:pro] Saved 40,282 worker words
[w0:ab:pro] Searching "bum" | queue=686 | words=40282
[w0:ab:pro] Pacing 14s before "bum" (gap=15500ms)
[w0:ab:pro] Managed Turnstile miss (15676ms)
[w0:ab:pro] Failed "bum" attempt 1: No Turnstile token for direct search
[w0:ab:pro] Saved 40,282 worker words
[w0:ab:pro] Turnstile miss — soft reload before rotate
[w0:ab:pro] heartbeat words=40282 queue=687 rotation=12 idle=24s
[w0:ab:pro] Turnstile token present (len=816)
[w0:ab:pro] Site Turnstile token (6567ms)
[w0:ab:pro] Searching "bum" | queue=686 | words=40282
[w0:ab:pro] [api] 200 mode=pro startsWith=bum
[w0:ab:pro] [api] 200 mode=pro startsWith=bum (631ms direct)
[w0:ab:pro] "bum" → 100 records, 100 words (incl. exact "bum")
[w0:ab:pro] Pacing 14s before "bum" (gap=15500ms)
[w0:ab:pro] Managed Turnstile token (len=816, 7797ms, remount)
[w0:ab:pro] [api] 200 mode=pro startsWith=bum
[w0:ab:pro] [api] 200 mode=pro startsWith=bum sort=alphabetical:desc (456ms direct)
[w0:ab:pro] "bum" full page ends at "bumped" (next='p'); skip 24 covered groups → 4 children reverse Z→A ends at "bumboatwoman" (lo='b' hi='w'); skip 20 middle + 49 new words
[w0:ab:pro] Saved 40,431 worker words
[w0:ab:pro] Searching "bun" | queue=689 | words=40431
[w0:ab:pro] Pacing 15s before "bun" (gap=15500ms)
[w0:ab:pro] Managed Turnstile token (len=816, 3690ms, remount)
[w0:ab:pro] [api] 200 mode=pro startsWith=bun
[w0:ab:pro] [api] 200 mode=pro startsWith=bun (449ms direct)
[w0:ab:pro] "bun" → 100 records, 100 words (incl. exact "bun")
[w0:ab:pro] Pacing 15s before "bun" (gap=15500ms)
[w0:ab:pro] Managed Turnstile token (len=816, 4010ms, remount)
[w0:ab:pro] [api] 200 mode=pro startsWith=bun
[w0:ab:pro] [api] 200 mode=pro startsWith=bun sort=alphabetical:desc (438ms direct)
[w0:ab:pro] "bun" full page ends at "bungey" (next='g'); skip 25 covered groups → 3 children reverse Z→A ends at "bungs" (lo='g' hi='y'); skip 17 middle + 100 new words
[w0:ab:pro] Saved 40,631 worker words
[w0:ab:pro] Searching "buo" | queue=691 | words=40631
[w0:ab:pro] Pacing 15s before "buo" (gap=15500ms)
[w0:ab:pro] heartbeat words=40631 queue=691 rotation=12 idle=11s
[w0:ab:pro] Managed Turnstile miss (15166ms)
[w0:ab:pro] Failed "buo" attempt 1: No Turnstile token for direct search
[w0:ab:pro] Saved 40,631 worker words
[w0:ab:pro] Turnstile miss — soft reload before rotate
[w0:ab:pro] Managed Turnstile token (len=816, 5508ms, remount)
[w0:ab:pro] Searching "buo" | queue=691 | words=40631
[w0:ab:pro] [api] 200 mode=pro startsWith=buo
[w0:ab:pro] [api] 200 mode=pro startsWith=buo (409ms direct)
[w0:ab:pro] "buo" → 16 records, 16 words
[w0:ab:pro] "buo" branch complete
[w0:ab:pro] Saved 40,647 worker words
[w0:ab:pro] Searching "bup" | queue=690 | words=40647
[w0:ab:pro] Pacing 15s before "bup" (gap=15500ms)
[w0:ab:pro] Managed Turnstile token (len=816, 4795ms, remount)
[w0:ab:pro] [api] 200 mode=pro startsWith=bup
[w0:ab:pro] [api] 200 mode=pro startsWith=bup (535ms direct)
[w0:ab:pro] "bup" → 28 records, 28 words
[w0:ab:pro] "bup" branch complete
[w0:ab:pro] Saved 40,675 worker words
[w0:ab:pro] Searching "buq" | queue=689 | words=40675
[w0:ab:pro] Pacing 15s before "buq" (gap=15500ms)
[w0:ab:pro] Managed Turnstile token (len=816, 5201ms, remount)
[w0:ab:pro] [api] 200 mode=pro startsWith=buq
[w0:ab:pro] [api] 200 mode=pro startsWith=buq (416ms direct)
[w0:ab:pro] "buq" → 2 records, 2 words
[w0:ab:pro] "buq" branch complete
[w0:ab:pro] Saved 40,677 worker words; shared last.txt now 407,546
[w0:ab:pro] Searching "bur" | queue=688 | words=40677
[w0:ab:pro] Pacing 15s before "bur" (gap=15500ms)
[w0:ab:pro] Managed Turnstile token (len=816, 4618ms, remount)
[w0:ab:pro] [api] 200 mode=pro startsWith=bur
[w0:ab:pro] [api] 200 mode=pro startsWith=bur (473ms direct)
[w0:ab:pro] "bur" → 100 records, 100 words (incl. exact "bur")
[w0:ab:pro] Pacing 15s before "bur" (gap=15500ms)
[w0:ab:pro] heartbeat words=40777 queue=688 rotation=12 idle=16s
[w0:ab:pro] Managed Turnstile token (len=816, 5776ms, remount)
[w0:ab:pro] [api] 200 mode=pro startsWith=bur
[w0:ab:pro] [api] 200 mode=pro startsWith=bur sort=alphabetical:desc (414ms direct)
[w0:ab:pro] "bur" full page ends at "burgages" (next='g'); skip 14 covered groups → 14 children reverse Z→A ends at "burrhel" (lo='r' hi='y'); skip 6 middle + 100 new words
[w0:ab:pro] Saved 40,877 worker words
[w0:ab:pro] Searching "bus" | queue=701 | words=40877
[w0:ab:pro] Pacing 15s before "bus" (gap=15500ms)
[w0:ab:pro] Managed Turnstile token (len=816, 6053ms, remount)
[w0:ab:pro] [api] 200 mode=pro startsWith=bus
[w0:ab:pro] [api] 200 mode=pro startsWith=bus (446ms direct)
[w0:ab:pro] "bus" → 100 records, 100 words (incl. exact "bus")
[w0:ab:pro] Pacing 15s before "bus" (gap=15500ms)
[w0:ab:pro] Managed Turnstile token (len=816, 6077ms, remount)
[w0:ab:pro] [api] 200 mode=pro startsWith=bus
[w0:ab:pro] [api] 200 mode=pro startsWith=bus sort=alphabetical:desc (550ms direct)
[w0:ab:pro] "bus" full page ends at "bushmasters" (next='h'); skip 24 covered groups → 4 children reverse Z→A ends at "businessmen" (lo='i' hi='y'); skip 15 middle + 100 new words
[w0:ab:pro] Saved 41,077 worker words
[w0:ab:pro] Searching "but" | queue=704 | words=41077
[w0:ab:pro] Pacing 15s before "but" (gap=15500ms)
[w0:ab:pro] Managed Turnstile token (len=816, 6323ms, remount)
[w0:ab:pro] heartbeat words=41077 queue=704 rotation=12 idle=13s
[w0:ab:pro] [api] 200 mode=pro startsWith=but
[w0:ab:pro] [api] 200 mode=pro startsWith=but (466ms direct)
[w0:ab:pro] "but" → 100 records, 100 words (incl. exact "but")
[w0:ab:pro] Pacing 15s before "but" (gap=15500ms)
[w0:ab:pro] Managed Turnstile miss (15049ms)
[w0:ab:pro] "but" reverse search failed (No Turnstile token for direct search); forward-only
[w0:ab:pro] "but" full page ends at "butsudan" (next='s'); skip 20 covered groups → 8 children from buts..
[w0:ab:pro] Saved 41,177 worker words
[w0:ab:pro] Searching "buz" | queue=711 | words=41177
[w0:ab:pro] Managed Turnstile token (len=816, 5209ms, remount)
[w0:ab:pro] [api] 200 mode=pro startsWith=buz
[w0:ab:pro] [api] 200 mode=pro startsWith=buz (468ms direct)
[w0:ab:pro] "buz" → 47 records, 47 words (incl. exact "buz")
[w0:ab:pro] "buz" branch complete
[w0:ab:pro] Saved 41,177 worker words
[w0:ab:pro] Searching "byp" | queue=710 | words=41177
[w0:ab:pro] Pacing 15s before "byp" (gap=15500ms)
[w0:ab:pro] Managed Turnstile token (len=816, 9361ms, remount)
[w0:ab:pro] [api] 200 mode=pro startsWith=byp
[w0:ab:pro] [api] 200 mode=pro startsWith=byp (432ms direct)
[w0:ab:pro] "byp" → 15 records, 15 words (incl. exact "byp")
[w0:ab:pro] "byp" branch complete
[w0:ab:pro] Saved 41,178 worker words
[w0:ab:pro] Searching "byz" | queue=709 | words=41178
[w0:ab:pro] Pacing 15s before "byz" (gap=15500ms)
[w0:ab:pro] Managed Turnstile token (len=816, 12229ms, remount)
[w0:ab:pro] [api] 200 mode=pro startsWith=byz
[w0:ab:pro] [api] 200 mode=pro startsWith=byz (424ms direct)
[w0:ab:pro] "byz" → 11 records, 11 words
[w0:ab:pro] "byz" branch complete
[w0:ab:pro] Saved 41,178 worker words
[w0:ab:pro] Searching "babi" | queue=708 | words=41178
[w0:ab:pro] Pacing 15s before "babi" (gap=15500ms)
[w0:ab:pro] Managed Turnstile token (len=816, 3761ms, remount)
[w0:ab:pro] heartbeat words=41178 queue=708 rotation=12 idle=7s
[w0:ab:pro] [api] 200 mode=pro startsWith=babi
[w0:ab:pro] [api] 200 mode=pro startsWith=babi (484ms direct)
[w0:ab:pro] "babi" → 31 records, 31 words (incl. exact "babi")
[w0:ab:pro] "babi" branch complete
[w0:ab:pro] Saved 41,195 worker words
[w0:ab:pro] Searching "babj" | queue=707 | words=41195
[w0:ab:pro] Pacing 15s before "babj" (gap=15500ms)
[w0:ab:pro] Managed Turnstile miss (15100ms)
[w0:ab:pro] Failed "babj" attempt 1: No Turnstile token for direct search
[w0:ab:pro] Saved 41,195 worker words; shared last.txt now 408,456
[w0:ab:pro] Turnstile miss — soft reload before rotate
[w0:ab:pro] Managed Turnstile token (len=816, 3667ms, remount)
[w0:ab:pro] Searching "babj" | queue=707 | words=41195
[w0:ab:pro] [api] 200 mode=pro startsWith=babj
[w0:ab:pro] [api] 200 mode=pro startsWith=babj (386ms direct)
[w0:ab:pro] "babj" → 0 records, 0 words
[w0:ab:pro] "babj" branch complete
[w0:ab:pro] Saved 41,195 worker words
[w0:ab:pro] Searching "babk" | queue=706 | words=41195
[w0:ab:pro] Pacing 16s before "babk" (gap=15500ms)
[w0:ab:pro] Managed Turnstile token (len=816, 3429ms, remount)
[w0:ab:pro] [api] 200 mode=pro startsWith=babk
[w0:ab:pro] [api] 200 mode=pro startsWith=babk (426ms direct)
[w0:ab:pro] "babk" → 2 records, 2 words
[w0:ab:pro] "babk" branch complete
[w0:ab:pro] Saved 41,195 worker words
[w0:ab:pro] Searching "baby" | queue=705 | words=41195
[w0:ab:pro] Pacing 15s before "baby" (gap=15500ms)
[w0:ab:pro] Managed Turnstile token (len=816, 3772ms, remount)
[w0:ab:pro] heartbeat words=41195 queue=705 rotation=12 idle=9s
[w0:ab:pro] [api] 200 mode=pro startsWith=baby
[w0:ab:pro] [api] 200 mode=pro startsWith=baby (472ms direct)
[w0:ab:pro] "baby" → 51 records, 51 words (incl. exact "baby")
[w0:ab:pro] "baby" branch complete
[w0:ab:pro] Saved 41,195 worker words
[w0:ab:pro] Searching "babz" | queue=704 | words=41195
[w0:ab:pro] Pacing 15s before "babz" (gap=15500ms)
[w0:ab:pro] Managed Turnstile token (len=816, 5324ms, remount)
[w0:ab:pro] [api] 200 mode=pro startsWith=babz
[w0:ab:pro] [api] 200 mode=pro startsWith=babz (458ms direct)
[w0:ab:pro] "babz" → 0 records, 0 words
[w0:ab:pro] "babz" branch complete
[w0:ab:pro] Saved 41,195 worker words
[w0:ab:pro] Searching "bach" | queue=703 | words=41195
[w0:ab:pro] Pacing 13s before "bach" (gap=15500ms)
[w0:ab:pro] Managed Turnstile token (len=816, 12542ms, remount)
[w0:ab:pro] [api] 200 mode=pro startsWith=bach
[w0:ab:pro] [api] 200 mode=pro startsWith=bach (471ms direct)
[w0:ab:pro] "bach" → 34 records, 34 words (incl. exact "bach")
[w0:ab:pro] "bach" branch complete
[w0:ab:pro] Saved 41,203 worker words
[w0:ab:pro] Searching "baci" | queue=702 | words=41203
[w0:ab:pro] Pacing 14s before "baci" (gap=15500ms)
[w0:ab:pro] Managed Turnstile token (len=816, 7277ms, remount)
[w0:ab:pro] [api] 200 mode=pro startsWith=baci
[w0:ab:pro] [api] 200 mode=pro startsWith=baci (453ms direct)
[w0:ab:pro] "baci" → 36 records, 36 words
[w0:ab:pro] "baci" branch complete
[w0:ab:pro] Saved 41,239 worker words
[w0:ab:pro] Searching "bacj" | queue=701 | words=41239
[w0:ab:pro] Pacing 15s before "bacj" (gap=15500ms)
[w0:ab:pro] Managed Turnstile token (len=816, 4058ms, remount)
[w0:ab:pro] heartbeat words=41239 queue=701 rotation=12 idle=6s
[w0:ab:pro] [api] 200 mode=pro startsWith=bacj
[w0:ab:pro] [api] 200 mode=pro startsWith=bacj (541ms direct)
[w0:ab:pro] "bacj" → 0 records, 0 words
[w0:ab:pro] "bacj" branch complete
[w0:ab:pro] Saved 41,239 worker words
[w0:ab:pro] Searching "back" | queue=700 | words=41239
[w0:ab:pro] Pacing 15s before "back" (gap=15500ms)
[w0:ab:pro] Managed Turnstile token (len=816, 4504ms, remount)
[w0:ab:pro] [api] 200 mode=pro startsWith=back
[w0:ab:pro] [api] 200 mode=pro startsWith=back (496ms direct)
[w0:ab:pro] "back" → 100 records, 100 words (incl. exact "back")
[w0:ab:pro] Pacing 15s before "back" (gap=15500ms)
[w0:ab:pro] Managed Turnstile token (len=816, 7999ms, remount)
[w0:ab:pro] [api] 200 mode=pro startsWith=back
[w0:ab:pro] [api] 200 mode=pro startsWith=back sort=alphabetical:desc (412ms direct)
[w0:ab:pro] "back" full page ends at "backboneless" (next='b'); skip 8 covered groups → 20 children reverse Z→A ends at "backstops" (lo='s' hi='y'); skip 5 middle + 100 new words
[w0:ab:pro] Saved 41,439 worker words; shared last.txt now 408,971
[w0:ab:pro] Searching "bacl" | queue=719 | words=41439
[w0:ab:pro] Pacing 14s before "bacl" (gap=15500ms)
[w0:ab:pro] Managed Turnstile miss (15240ms)
[w0:ab:pro] Failed "bacl" attempt 1: No Turnstile token for direct search
[w0:ab:pro] Saved 41,439 worker words
[w0:ab:pro] Turnstile miss — soft reload before rotate
[w0:ab:pro] heartbeat words=41439 queue=720 rotation=12 idle=19s
[w0:ab:pro] Managed Turnstile token (len=816, 4125ms, remount)
[w0:ab:pro] Searching "bacl" | queue=719 | words=41439
[w0:ab:pro] [api] 200 mode=pro startsWith=bacl
[w0:ab:pro] [api] 200 mode=pro startsWith=bacl (405ms direct)
[w0:ab:pro] "bacl" → 5 records, 5 words
[w0:ab:pro] "bacl" branch complete
[w0:ab:pro] Saved 41,444 worker words
[w0:ab:pro] Searching "bacm" | queue=718 | words=41444
[w0:ab:pro] Pacing 16s before "bacm" (gap=15500ms)
[w0:ab:pro] Managed Turnstile token (len=816, 5748ms, remount)
[w0:ab:pro] [api] 200 mode=pro startsWith=bacm
[w0:ab:pro] [api] 200 mode=pro startsWith=bacm (427ms direct)
[w0:ab:pro] "bacm" → 0 records, 0 words
[w0:ab:pro] "bacm" branch complete
[w0:ab:pro] Saved 41,444 worker words
[w0:ab:pro] Searching "bacn" | queue=717 | words=41444
[w0:ab:pro] Pacing 15s before "bacn" (gap=15500ms)
[w0:ab:pro] Managed Turnstile token (len=816, 8940ms, remount)
[w0:ab:pro] [api] 200 mode=pro startsWith=bacn
[w0:ab:pro] [api] 200 mode=pro startsWith=bacn (457ms direct)
[w0:ab:pro] "bacn" → 2 records, 2 words
[w0:ab:pro] "bacn" branch complete
[w0:ab:pro] Saved 41,446 worker words
[w0:ab:pro] Searching "baco" | queue=716 | words=41446
[w0:ab:pro] Pacing 15s before "baco" (gap=15500ms)
[w0:ab:pro] Managed Turnstile token (len=816, 4914ms, remount)
[w0:ab:pro] [api] 200 mode=pro startsWith=baco
[w0:ab:pro] [api] 200 mode=pro startsWith=baco (572ms direct)
[w0:ab:pro] "baco" → 13 records, 13 words
[w0:ab:pro] "baco" branch complete
[w0:ab:pro] Saved 41,459 worker words
[w0:ab:pro] Searching "bacp" | queue=715 | words=41459
[w0:ab:pro] Pacing 15s before "bacp" (gap=15500ms)
[w0:ab:pro] Managed Turnstile token (len=816, 5112ms, remount)
[w0:ab:pro] heartbeat words=41459 queue=715 rotation=12 idle=11s
[w0:ab:pro] [api] 200 mode=pro startsWith=bacp
[w0:ab:pro] [api] 200 mode=pro startsWith=bacp (500ms direct)
[w0:ab:pro] "bacp" → 0 records, 0 words
[w0:ab:pro] "bacp" branch complete
[w0:ab:pro] Saved 41,459 worker words
[w0:ab:pro] Searching "bacq" | queue=714 | words=41459
[w0:ab:pro] Pacing 15s before "bacq" (gap=15500ms)
[w0:ab:pro] Managed Turnstile token (len=816, 5237ms, remount)
[w0:ab:pro] [api] 200 mode=pro startsWith=bacq
[w0:ab:pro] [api] 200 mode=pro startsWith=bacq (418ms direct)
[w0:ab:pro] "bacq" → 1 records, 1 words
[w0:ab:pro] "bacq" branch complete
[w0:ab:pro] Saved 41,460 worker words
[w0:ab:pro] Searching "bacr" | queue=713 | words=41460
[w0:ab:pro] Pacing 15s before "bacr" (gap=15500ms)
[w0:ab:pro] Managed Turnstile token (len=816, 10274ms, remount)
[w0:ab:pro] [api] 200 mode=pro startsWith=bacr
[w0:ab:pro] [api] 200 mode=pro startsWith=bacr (426ms direct)
[w0:ab:pro] "bacr" → 2 records, 2 words
[w0:ab:pro] "bacr" branch complete
[w0:ab:pro] Saved 41,462 worker words; shared last.txt now 409,061
[w0:ab:pro] Searching "bacs" | queue=712 | words=41462
[w0:ab:pro] Pacing 10s before "bacs" (gap=15500ms)
[w0:ab:pro] Managed Turnstile miss (15271ms)
[w0:ab:pro] Failed "bacs" attempt 1: No Turnstile token for direct search
[w0:ab:pro] Saved 41,462 worker words
[w0:ab:pro] Turnstile miss — soft reload before rotate
[w0:ab:pro] Turnstile token present (len=816)
[w0:ab:pro] Site Turnstile token (7725ms)
[w0:ab:pro] Searching "bacs" | queue=712 | words=41462
[w0:ab:pro] heartbeat words=41462 queue=712 rotation=12 idle=20s
[w0:ab:pro] [api] 200 mode=pro startsWith=bacs
[w0:ab:pro] [api] 200 mode=pro startsWith=bacs (503ms direct)
[w0:ab:pro] "bacs" → 1 records, 1 words (incl. exact "bacs")
[w0:ab:pro] "bacs" branch complete
[w0:ab:pro] Saved 41,463 worker words
[w0:ab:pro] Searching "bact" | queue=711 | words=41463
[w0:ab:pro] Pacing 15s before "bact" (gap=15500ms)
[w0:ab:pro] Managed Turnstile token (len=816, 5950ms, remount)
[w0:ab:pro] [api] 200 mode=pro startsWith=bact
[w0:ab:pro] [api] 200 mode=pro startsWith=bact (418ms direct)
[w0:ab:pro] "bact" → 100 records, 100 words (incl. exact "bact")
[w0:ab:pro] Pacing 16s before "bact" (gap=15500ms)
[w0:ab:pro] Managed Turnstile token (len=816, 3531ms, remount)
[w0:ab:pro] [api] 200 mode=pro startsWith=bact
[w0:ab:pro] [api] 200 mode=pro startsWith=bact sort=alphabetical:desc (419ms direct)
[w0:ab:pro] "bact" full page ends at "bacteriotoxins" (next='e'); skip 18 covered groups → 10 children reverse Z→A ends at "bacteriodiagnosis" (lo='e' hi='r'); skip 12 middle + 0 new words
[w0:ab:pro] Saved 41,518 worker words
[w0:ab:pro] Searching "bacu" | queue=720 | words=41518
[w0:ab:pro] Pacing 15s before "bacu" (gap=15500ms)
[w0:ab:pro] Managed Turnstile token (len=816, 3900ms, remount)
[w0:ab:pro] [api] 200 mode=pro startsWith=bacu
[w0:ab:pro] [api] 200 mode=pro startsWith=bacu (490ms direct)
[w0:ab:pro] "bacu" → 19 records, 19 words
[w0:ab:pro] "bacu" branch complete
[w0:ab:pro] Saved 41,518 worker words
[w0:ab:pro] Searching "bacv" | queue=719 | words=41518
[w0:ab:pro] Pacing 15s before "bacv" (gap=15500ms)
[w0:ab:pro] Managed Turnstile token (len=816, 4085ms, remount)
[w0:ab:pro] heartbeat words=41518 queue=719 rotation=12 idle=13s
[w0:ab:pro] [api] 200 mode=pro startsWith=bacv
[w0:ab:pro] [api] 200 mode=pro startsWith=bacv (420ms direct)
[w0:ab:pro] "bacv" → 0 records, 0 words
[w0:ab:pro] "bacv" branch complete
[w0:ab:pro] Saved 41,518 worker words
[w0:ab:pro] Searching "bacw" | queue=718 | words=41518
[w0:ab:pro] Pacing 15s before "bacw" (gap=15500ms)
[w0:ab:pro] Managed Turnstile token (len=816, 4298ms, remount)
[w0:ab:pro] [api] 200 mode=pro startsWith=bacw
[w0:ab:pro] [api] 200 mode=pro startsWith=bacw (418ms direct)
[w0:ab:pro] "bacw" → 0 records, 0 words
[w0:ab:pro] "bacw" branch complete
[w0:ab:pro] Saved 41,518 worker words
[w0:ab:pro] Searching "bacx" | queue=717 | words=41518
[w0:ab:pro] Pacing 16s before "bacx" (gap=15500ms)
[w0:ab:pro] Managed Turnstile token (len=816, 3852ms, remount)
[w0:ab:pro] [api] 200 mode=pro startsWith=bacx
[w0:ab:pro] [api] 200 mode=pro startsWith=bacx (479ms direct)
[w0:ab:pro] "bacx" → 0 records, 0 words
[w0:ab:pro] "bacx" branch complete
[w0:ab:pro] Saved 41,518 worker words
[w0:ab:pro] Searching "bacy" | queue=716 | words=41518
[w0:ab:pro] Pacing 15s before "bacy" (gap=15500ms)
[w0:ab:pro] Managed Turnstile token (len=816, 4256ms, remount)
[w0:ab:pro] [api] 200 mode=pro startsWith=bacy
[w0:ab:pro] [api] 200 mode=pro startsWith=bacy (426ms direct)
[w0:ab:pro] "bacy" → 0 records, 0 words
[w0:ab:pro] "bacy" branch complete
[w0:ab:pro] Saved 41,518 worker words; shared last.txt now 409,688
[w0:ab:pro] Searching "bacz" | queue=715 | words=41518
[w0:ab:pro] Pacing 14s before "bacz" (gap=15500ms)
[w0:ab:pro] Managed Turnstile token (len=816, 9262ms, remount)
[w0:ab:pro] heartbeat words=41518 queue=715 rotation=12 idle=10s
[w0:ab:pro] [api] 200 mode=pro startsWith=bacz
[w0:ab:pro] [api] 200 mode=pro startsWith=bacz (504ms direct)
[w0:ab:pro] "bacz" → 0 records, 0 words
[w0:ab:pro] "bacz" branch complete
[w0:ab:pro] Saved 41,518 worker words
[w0:ab:pro] Searching "bagw" | queue=714 | words=41518
[w0:ab:pro] Pacing 15s before "bagw" (gap=15500ms)
[w0:ab:pro] Managed Turnstile token (len=816, 13099ms, remount)
[w0:ab:pro] [api] 200 mode=pro startsWith=bagw
[w0:ab:pro] [api] 200 mode=pro startsWith=bagw (481ms direct)
[w0:ab:pro] "bagw" → 11 records, 11 words
[w0:ab:pro] "bagw" branch complete
[w0:ab:pro] Saved 41,518 worker words
[w0:ab:pro] Searching "bagx" | queue=713 | words=41518
[w0:ab:pro] Pacing 15s before "bagx" (gap=15500ms)
[w0:ab:pro] Managed Turnstile token (len=816, 7704ms, remount)
[w0:ab:pro] [api] 200 mode=pro startsWith=bagx
[w0:ab:pro] [api] 200 mode=pro startsWith=bagx (427ms direct)
[w0:ab:pro] "bagx" → 0 records, 0 words
[w0:ab:pro] "bagx" branch complete
[w0:ab:pro] Saved 41,518 worker words
[w0:ab:pro] Searching "bagy" | queue=712 | words=41518
[w0:ab:pro] Pacing 16s before "bagy" (gap=15500ms)
[w0:ab:pro] Managed Turnstile token (len=816, 3838ms, remount)
[w0:ab:pro] [api] 200 mode=pro startsWith=bagy
[w0:ab:pro] [api] 200 mode=pro startsWith=bagy (435ms direct)
[w0:ab:pro] "bagy" → 0 records, 0 words
[w0:ab:pro] "bagy" branch complete
[w0:ab:pro] Saved 41,518 worker words
[w0:ab:pro] Searching "bagz" | queue=711 | words=41518
[w0:ab:pro] Pacing 15s before "bagz" (gap=15500ms)
[w0:ab:pro] Managed Turnstile token (len=816, 3496ms, remount)
[w0:ab:pro] heartbeat words=41518 queue=711 rotation=12 idle=9s
[w0:ab:pro] [api] 200 mode=pro startsWith=bagz
[w0:ab:pro] [api] 200 mode=pro startsWith=bagz (439ms direct)
[w0:ab:pro] "bagz" → 0 records, 0 words
[w0:ab:pro] "bagz" branch complete
[w0:ab:pro] Saved 41,518 worker words
[w0:ab:pro] Searching "baiz" | queue=710 | words=41518
[w0:ab:pro] Pacing 15s before "baiz" (gap=15500ms)
[w0:ab:pro] Managed Turnstile token (len=816, 5569ms, remount)
[w0:ab:pro] [api] 200 mode=pro startsWith=baiz
[w0:ab:pro] [api] 200 mode=pro startsWith=baiz (455ms direct)
[w0:ab:pro] "baiz" → 7 records, 7 words
[w0:ab:pro] "baiz" branch complete
[w0:ab:pro] Saved 41,518 worker words
[w0:ab:pro] Searching "bakw" | queue=709 | words=41518
[w0:ab:pro] Pacing 15s before "bakw" (gap=15500ms)
[w0:ab:pro] Managed Turnstile token (len=816, 7647ms, remount)
[w0:ab:pro] [api] 200 mode=pro startsWith=bakw
[w0:ab:pro] [api] 200 mode=pro startsWith=bakw (435ms direct)
[w0:ab:pro] "bakw" → 3 records, 3 words
[w0:ab:pro] "bakw" branch complete
[w0:ab:pro] Saved 41,518 worker words
[w0:ab:pro] Searching "bakx" | queue=708 | words=41518
[w0:ab:pro] Pacing 16s before "bakx" (gap=15500ms)
[w0:ab:pro] Managed Turnstile miss (15080ms)
[w0:ab:pro] Failed "bakx" attempt 1: No Turnstile token for direct search
[w0:ab:pro] Saved 41,518 worker words; shared last.txt now 409,688
[w0:ab:pro] Turnstile miss — soft reload before rotate
[w0:ab:pro] Managed Turnstile token (len=816, 3584ms, remount)
[w0:ab:pro] Searching "bakx" | queue=708 | words=41518
[w0:ab:pro] [api] 200 mode=pro startsWith=bakx
[w0:ab:pro] [api] 200 mode=pro startsWith=bakx (406ms direct)
[w0:ab:pro] "bakx" → 0 records, 0 words
[w0:ab:pro] "bakx" branch complete
[w0:ab:pro] Saved 41,518 worker words
[w0:ab:pro] Searching "baky" | queue=707 | words=41518
[w0:ab:pro] Pacing 16s before "baky" (gap=15500ms)
[w0:ab:pro] heartbeat words=41518 queue=707 rotation=12 idle=0s
[w0:ab:pro] Managed Turnstile token (len=816, 3182ms, remount)
[w0:ab:pro] [api] 200 mode=pro startsWith=baky
[w0:ab:pro] [api] 200 mode=pro startsWith=baky (420ms direct)
[w0:ab:pro] "baky" → 0 records, 0 words
[w0:ab:pro] "baky" branch complete
[w0:ab:pro] Saved 41,518 worker words
[w0:ab:pro] Searching "bakz" | queue=706 | words=41518
[w0:ab:pro] Pacing 16s before "bakz" (gap=15500ms)
[w0:ab:pro] Managed Turnstile token (len=816, 4093ms, remount)
[w0:ab:pro] [api] 200 mode=pro startsWith=bakz
[w0:ab:pro] [api] 200 mode=pro startsWith=bakz (424ms direct)
[w0:ab:pro] "bakz" → 0 records, 0 words
[w0:ab:pro] "bakz" branch complete
[w0:ab:pro] Saved 41,518 worker words
[w0:ab:pro] Searching "bala" | queue=705 | words=41518
[w0:ab:pro] Pacing 15s before "bala" (gap=15500ms)
[w0:ab:pro] Managed Turnstile token (len=816, 4524ms, remount)
[w0:ab:pro] [api] 200 mode=pro startsWith=bala
[w0:ab:pro] [api] 200 mode=pro startsWith=bala (448ms direct)
[w0:ab:pro] "bala" → 100 records, 100 words (incl. exact "bala")
[w0:ab:pro] Pacing 15s before "bala" (gap=15500ms)
[w0:ab:pro] Managed Turnstile token (len=816, 6107ms, remount)
[w0:ab:pro] heartbeat words=41519 queue=705 rotation=12 idle=29s
[w0:ab:pro] [api] 200 mode=pro startsWith=bala
[w0:ab:pro] [api] 200 mode=pro startsWith=bala sort=alphabetical:desc (460ms direct)
[w0:ab:pro] "bala" full page ends at "balases" (next='s'); skip 26 covered groups → 2 children reverse Z→A ends at "balaenoidean" (lo='e' hi='y'); skip 19 middle + 20 new words
[w0:ab:pro] Saved 41,539 worker words
[w0:ab:pro] Searching "balb" | queue=706 | words=41539
[w0:ab:pro] Pacing 15s before "balb" (gap=15500ms)
[w0:ab:pro] Managed Turnstile token (len=816, 9025ms, remount)
[w0:ab:pro] [api] 200 mode=pro startsWith=balb
[w0:ab:pro] [api] 200 mode=pro startsWith=balb (436ms direct)
[w0:ab:pro] "balb" → 8 records, 8 words
[w0:ab:pro] "balb" branch complete
[w0:ab:pro] Saved 41,547 worker words
[w0:ab:pro] Searching "balc" | queue=705 | words=41547
[w0:ab:pro] Pacing 15s before "balc" (gap=15500ms)
[w0:ab:pro] Managed Turnstile token (len=816, 6721ms, remount)
[w0:ab:pro] [api] 200 mode=pro startsWith=balc
[w0:ab:pro] [api] 200 mode=pro startsWith=balc (426ms direct)
[w0:ab:pro] "balc" → 12 records, 12 words
[w0:ab:pro] "balc" branch complete
[w0:ab:pro] Saved 41,559 worker words
[w0:ab:pro] Searching "bald" | queue=704 | words=41559
[w0:ab:pro] Pacing 15s before "bald" (gap=15500ms)
[w0:ab:pro] Managed Turnstile token (len=816, 8608ms, remount)
[w0:ab:pro] [api] 200 mode=pro startsWith=bald
[w0:ab:pro] [api] 200 mode=pro startsWith=bald (475ms direct)
[w0:ab:pro] "bald" → 59 records, 59 words (incl. exact "bald")
[w0:ab:pro] "bald" branch complete
[w0:ab:pro] Saved 41,618 worker words
[w0:ab:pro] Searching "bale" | queue=703 | words=41618
[w0:ab:pro] Pacing 15s before "bale" (gap=15500ms)
[w0:ab:pro] heartbeat words=41618 queue=703 rotation=12 idle=11s
[w0:ab:pro] Managed Turnstile token (len=816, 12454ms, remount)
[w0:ab:pro] [api] 200 mode=pro startsWith=bale
[w0:ab:pro] [api] 200 mode=pro startsWith=bale (588ms direct)
[w0:ab:pro] "bale" → 27 records, 27 words (incl. exact "bale")
[w0:ab:pro] "bale" branch complete
[w0:ab:pro] Saved 41,645 worker words; shared last.txt now 409,990
[w0:ab:pro] Searching "balf" | queue=702 | words=41645
[w0:ab:pro] Pacing 8s before "balf" (gap=15500ms)
[w0:ab:pro] Managed Turnstile token (len=816, 10340ms, remount)
[w0:ab:pro] [api] 200 mode=pro startsWith=balf
[w0:ab:pro] [api] 200 mode=pro startsWith=balf (406ms direct)
[w0:ab:pro] "balf" → 0 records, 0 words
[w0:ab:pro] "balf" branch complete
[w0:ab:pro] Saved 41,645 worker words
[w0:ab:pro] Searching "balg" | queue=701 | words=41645
[w0:ab:pro] Pacing 16s before "balg" (gap=15500ms)
[w0:ab:pro] Managed Turnstile token (len=816, 3701ms, remount)
[w0:ab:pro] [api] 200 mode=pro startsWith=balg
[w0:ab:pro] [api] 200 mode=pro startsWith=balg (496ms direct)
[w0:ab:pro] "balg" → 0 records, 0 words
[w0:ab:pro] "balg" branch complete
[w0:ab:pro] Saved 41,645 worker words
[w0:ab:pro] Searching "balh" | queue=700 | words=41645
[w0:ab:pro] Pacing 15s before "balh" (gap=15500ms)
[w0:ab:pro] Managed Turnstile token (len=816, 3729ms, remount)
[w0:ab:pro] [api] 200 mode=pro startsWith=balh
[w0:ab:pro] [api] 200 mode=pro startsWith=balh (422ms direct)
[w0:ab:pro] "balh" → 0 records, 0 words
[w0:ab:pro] "balh" branch complete
[w0:ab:pro] Saved 41,645 worker words
[w0:ab:pro] Searching "bali" | queue=699 | words=41645
[w0:ab:pro] Pacing 15s before "bali" (gap=15500ms)
[w0:ab:pro] Managed Turnstile token (len=816, 4216ms, remount)
[w0:ab:pro] heartbeat words=41645 queue=699 rotation=12 idle=10s
[w0:ab:pro] [api] 200 mode=pro startsWith=bali
[w0:ab:pro] [api] 200 mode=pro startsWith=bali (445ms direct)
[w0:ab:pro] "bali" → 38 records, 38 words (incl. exact "bali")
[w0:ab:pro] "bali" branch complete
[w0:ab:pro] Saved 41,683 worker words
[w0:ab:pro] Searching "balj" | queue=698 | words=41683
[w0:ab:pro] Pacing 15s before "balj" (gap=15500ms)
[w0:ab:pro] Managed Turnstile miss (15344ms)
[w0:ab:pro] Failed "balj" attempt 1: No Turnstile token for direct search
[w0:ab:pro] Saved 41,683 worker words
[w0:ab:pro] Turnstile miss — soft reload before rotate
[w0:ab:pro] Managed Turnstile token (len=816, 3481ms, remount)
[w0:ab:pro] Searching "balj" | queue=698 | words=41683
[w0:ab:pro] [api] 200 mode=pro startsWith=balj
[w0:ab:pro] [api] 200 mode=pro startsWith=balj (577ms direct)
[w0:ab:pro] "balj" → 0 records, 0 words
[w0:ab:pro] "balj" branch complete
[w0:ab:pro] Saved 41,683 worker words
[w0:ab:pro] Searching "balk" | queue=697 | words=41683
[w0:ab:pro] Pacing 15s before "balk" (gap=15500ms)
[w0:ab:pro] Managed Turnstile token (len=816, 2973ms, remount)
[w0:ab:pro] [api] 200 mode=pro startsWith=balk
[w0:ab:pro] [api] 200 mode=pro startsWith=balk (420ms direct)
[w0:ab:pro] "balk" → 34 records, 34 words (incl. exact "balk")
[w0:ab:pro] "balk" branch complete
[w0:ab:pro] Saved 41,717 worker words
[w0:ab:pro] Searching "ball" | queue=696 | words=41717
[w0:ab:pro] Pacing 15s before "ball" (gap=15500ms)
[w0:ab:pro] Managed Turnstile miss (15653ms)
[w0:ab:pro] Failed "ball" attempt 1: No Turnstile token for direct search
[w0:ab:pro] heartbeat words=41717 queue=697 rotation=12 idle=18s
[w0:ab:pro] Saved 41,717 worker words; shared last.txt now 410,299
[w0:ab:pro] Turnstile miss — soft reload before rotate
[w0:ab:pro] Soft reload mint failed — rotating immediately
[w0:ab:pro] Tor NEWNYM gen=13; waiting 8000ms
[w0:ab:pro] Tor ready on 19050 exit=192.42.116.12
[w0:ab:pro] Rotating IP (#13, try 1) after No Turnstile token for direct search → tor#14 socks5://127.0.0.1:19050
[w0:ab:pro] Launching persistent Chrome profile /tmp/lll-pw-w0-r13
[w0:ab:pro] Proxy tor#14 socks5://127.0.0.1:19050
[w0:ab:pro] Opening https://lastletterlibrary.com
[w0:ab:pro] Library mode=pro
[w0:ab:pro] Site Turnstile remint timed out (22519ms)
[w0:ab:pro] Search mode=direct (skip UI Wait Ns… gate)
[w0:ab:pro] Cleaned 1 old rotated profile(s)
[w0:ab:pro] Searching "ball" | queue=696 | words=41717
[w0:ab:pro] heartbeat words=41717 queue=696 rotation=13 idle=78s
[w0:ab:pro] Managed Turnstile miss (15287ms)
[w0:ab:pro] Failed "ball" attempt 1: No Turnstile token for direct search
[w0:ab:pro] Saved 41,717 worker words
[w0:ab:pro] Turnstile miss — soft reload before rotate
[w0:ab:pro] Site Turnstile remint timed out (10456ms)
[w0:ab:pro] Soft reload mint failed — rotating immediately
[w0:ab:pro] Tor NEWNYM gen=14; waiting 8000ms
[w0:ab:pro] Tor ready on 19050 exit=192.42.116.96
[w0:ab:pro] Rotating IP (#14, try 1) after No Turnstile token for direct search → tor#15 socks5://127.0.0.1:19050
[w0:ab:pro] Launching persistent Chrome profile /tmp/lll-pw-w0-r14
[w0:ab:pro] Proxy tor#15 socks5://127.0.0.1:19050
[w0:ab:pro] Opening https://lastletterlibrary.com
[w0:ab:pro] Library mode=pro
[w0:ab:pro] Managed Turnstile token (len=816, 4589ms, remount)
[w0:ab:pro] Search mode=direct (skip UI Wait Ns… gate)
[w0:ab:pro] Cleaned 1 old rotated profile(s)
[w0:ab:pro] Searching "ball" | queue=696 | words=41717
[w0:ab:pro] [api] 200 mode=pro startsWith=ball
[w0:ab:pro] [api] 200 mode=pro startsWith=ball (471ms direct)
[w0:ab:pro] "ball" → 100 records, 100 words (incl. exact "ball")
[w0:ab:pro] Pacing 16s before "ball" (gap=15500ms)
[w0:ab:pro] Managed Turnstile token (len=816, 3980ms, remount)
[w0:ab:pro] [api] 200 mode=pro startsWith=ball
[w0:ab:pro] [api] 200 mode=pro startsWith=ball sort=alphabetical:desc (413ms direct)
[w0:ab:pro] "ball" full page ends at "ballerinas" (next='e'); skip 15 covered groups → 13 children reverse Z→A ends at "ballockses" (lo='o' hi='y'); skip 9 middle + 100 new words
[w0:ab:pro] Saved 41,917 worker words
[w0:ab:pro] Searching "balm" | queue=708 | words=41917
[w0:ab:pro] Pacing 15s before "balm" (gap=15500ms)
[w0:ab:pro] heartbeat words=41917 queue=708 rotation=14 idle=2s
[w0:ab:pro] Managed Turnstile token (len=816, 4081ms, remount)
[w0:ab:pro] [api] 200 mode=pro startsWith=balm
[w0:ab:pro] [api] 200 mode=pro startsWith=balm (426ms direct)
[w0:ab:pro] "balm" → 21 records, 21 words (incl. exact "balm")
[w0:ab:pro] "balm" branch complete
[w0:ab:pro] Saved 41,938 worker words
[w0:ab:pro] Searching "baln" | queue=707 | words=41938
[w0:ab:pro] Pacing 15s before "baln" (gap=15500ms)
[w0:ab:pro] Managed Turnstile token (len=816, 4317ms, remount)
[w0:ab:pro] [api] 200 mode=pro startsWith=baln
[w0:ab:pro] [api] 200 mode=pro startsWith=baln (445ms direct)
[w0:ab:pro] "baln" → 24 records, 24 words
[w0:ab:pro] "baln" branch complete
[w0:ab:pro] Saved 41,961 worker words
[w0:ab:pro] Searching "balz" | queue=706 | words=41961
[w0:ab:pro] Pacing 15s before "balz" (gap=15500ms)
[w0:ab:pro] Managed Turnstile token (len=816, 6969ms, remount)
[w0:ab:pro] [api] 200 mode=pro startsWith=balz
[w0:ab:pro] [api] 200 mode=pro startsWith=balz (587ms direct)
[w0:ab:pro] "balz" → 4 records, 4 words
[w0:ab:pro] "balz" branch complete
[w0:ab:pro] Saved 41,961 worker words
[w0:ab:pro] Searching "band" | queue=705 | words=41961
[w0:ab:pro] Pacing 15s before "band" (gap=15500ms)
[w0:ab:pro] Managed Turnstile token (len=816, 7124ms, remount)
[w0:ab:pro] heartbeat words=41961 queue=705 rotation=14 idle=16s
[w0:ab:pro] [api] 200 mode=pro startsWith=band
[w0:ab:pro] [api] 200 mode=pro startsWith=band (600ms direct)
[w0:ab:pro] "band" → 100 records, 100 words (incl. exact "band")
[w0:ab:pro] Pacing 15s before "band" (gap=15500ms)
[w0:ab:pro] Managed Turnstile token (len=816, 5629ms, remount)
[w0:ab:pro] [api] 200 mode=pro startsWith=band
[w0:ab:pro] [api] 200 mode=pro startsWith=band sort=alphabetical:desc (469ms direct)
[w0:ab:pro] "band" full page ends at "bandidos" (next='i'); skip 25 covered groups → 3 children reverse Z→A ends at "bandittis" (lo='i' hi='y'); skip 15 middle + 100 new words
[w0:ab:pro] Saved 42,119 worker words
[w0:ab:pro] Searching "bane" | queue=707 | words=42119
[w0:ab:pro] Pacing 15s before "bane" (gap=15500ms)
[w0:ab:pro] Managed Turnstile token (len=816, 6008ms, remount)
[w0:ab:pro] [api] 200 mode=pro startsWith=bane
[w0:ab:pro] [api] 200 mode=pro startsWith=bane (431ms direct)
[w0:ab:pro] "bane" → 10 records, 10 words (incl. exact "bane")
[w0:ab:pro] "bane" branch complete
[w0:ab:pro] Saved 42,129 worker words
[w0:ab:pro] Searching "banf" | queue=706 | words=42129
[w0:ab:pro] Pacing 15s before "banf" (gap=15500ms)
[w0:ab:pro] Managed Turnstile token (len=816, 10637ms, remount)
[w0:ab:pro] [api] 200 mode=pro startsWith=banf
[w0:ab:pro] [api] 200 mode=pro startsWith=banf (416ms direct)
[w0:ab:pro] "banf" → 1 records, 1 words
[w0:ab:pro] "banf" branch complete
[w0:ab:pro] Saved 42,130 worker words; shared last.txt now 411,058
[w0:ab:pro] Searching "bang" | queue=705 | words=42130
[w0:ab:pro] Pacing 15s before "bang" (gap=15500ms)
[w0:ab:pro] heartbeat words=42130 queue=705 rotation=14 idle=13s
[w0:ab:pro] Managed Turnstile miss (15047ms)
[w0:ab:pro] Managed Turnstile miss (15023ms)
[w0:ab:pro] Failed "bang" attempt 1: No Turnstile token for direct search
[w0:ab:pro] Saved 42,130 worker words
[w0:ab:pro] Turnstile miss — soft reload before rotate
[w0:ab:pro] Soft reload failed: page.goto: net::ERR_TIMED_OUT at https://lastletterlibrary.com/
Call log:
  - navigating to "https://lastletterlibrary.c
[w0:ab:pro] Searching "bang" | queue=705 | words=42130
[w0:ab:pro] heartbeat words=42130 queue=705 rotation=14 idle=73s
[w0:ab:pro] Custom Search panel missing (attempt 1); retrying
[w0:ab:pro] Custom Search panel missing (attempt 2); retrying
[w0:ab:pro] heartbeat words=42130 queue=705 rotation=14 idle=133s
[w0:ab:pro] Managed Turnstile miss (15091ms)
[w0:ab:pro] Failed "bang" attempt 2: No Turnstile token for direct search
[w0:ab:pro] Saved 42,130 worker words
[w0:ab:pro] Turnstile miss — soft reload before rotate
[w0:ab:pro] Site Turnstile remint timed out (9321ms)
[w0:ab:pro] Soft reload mint failed — rotating immediately
[w0:ab:pro] Tor NEWNYM gen=15; waiting 8000ms
[w0:ab:pro] heartbeat words=42130 queue=706 rotation=15 idle=193s
[w0:ab:pro] No successful search for 180s — respawning worker
[w0:ab:pro] Graceful shutdown on watchdog
[w0:ab:pro] Saved 42,130 worker words
[w0:ab:pro] Tor exited code=0
[w0:ab:pro] Tor exit IP probe failed (try 1/6)
[w0:ab:pro] rotateIp attempt 1 failed: ENOENT: no such file or directory, open '/tmp/lll-tor-w0/control_auth_cookie'

--- respawn 2026-08-06T00:31:00.404Z ---
[w0:ab:pro] IP mode=tor
[w0:ab:pro] Cleaned 1 old rotated profile(s)
[w0:ab:pro] Starting persistent Tor socks=127.0.0.1:19050 control=127.0.0.1:29050
[w0:ab:pro] tor: Aug 05 19:31:00.000 [notice] Bootstrapped 0% (starting): Starting
[w0:ab:pro] tor: Aug 05 19:31:02.000 [notice] Bootstrapped 5% (conn): Connecting to a relay
[w0:ab:pro] tor: Aug 05 19:31:02.000 [notice] Bootstrapped 10% (conn_done): Connected to a relay
[w0:ab:pro] tor: Aug 05 19:31:02.000 [notice] Bootstrapped 14% (handshake): Handshaking with a relay
[w0:ab:pro] tor: Aug 05 19:31:03.000 [notice] Bootstrapped 15% (handshake_done): Handshake with a relay done
Aug 05 19:31:03.000 [notice] Bootstrapped 75% (enough_dirinfo): Load
[w0:ab:pro] tor: Aug 05 19:31:03.000 [notice] Bootstrapped 95% (circuit_create): Establishing a Tor circuit
[w0:ab:pro] tor: Aug 05 19:31:04.000 [notice] Bootstrapped 100% (done): Done
[w0:ab:pro] Tor exit IP probe failed (try 1/6)
[w0:ab:pro] Tor NEWNYM gen=1; waiting 8000ms
[w0:ab:pro] Tor ready on 19050 exit=193.189.100.196
[w0:ab:pro] Launching persistent Chrome profile /tmp/lll-pw-w0-r0
[w0:ab:pro] Proxy tor#1 socks5://127.0.0.1:19050
[w0:ab:pro] Opening https://lastletterlibrary.com
[w0:ab:pro] Library mode=pro
[w0:ab:pro] Managed Turnstile token (len=816, 8244ms, remount)
[w0:ab:pro] Search mode=direct (skip UI Wait Ns… gate)
[w0:ab:pro] Loaded 4841 prefixes, 42130 words; queue=706
[w0:ab:pro] Searching "bang" | queue=705 | words=42130
[w0:ab:pro] [api] 200 mode=pro startsWith=bang
[w0:ab:pro] [api] 200 mode=pro startsWith=bang (348ms direct)
[w0:ab:pro] "bang" → 48 records, 48 words (incl. exact "bang")
[w0:ab:pro] "bang" branch complete
[w0:ab:pro] Saved 42,178 worker words
[w0:ab:pro] Searching "banh" | queue=704 | words=42178
[w0:ab:pro] Pacing 16s before "banh" (gap=15500ms)
[w0:ab:pro] Managed Turnstile token (len=816, 4356ms, remount)
[w0:ab:pro] [api] 200 mode=pro startsWith=banh
[w0:ab:pro] [api] 200 mode=pro startsWith=banh (383ms direct)
[w0:ab:pro] "banh" → 7 records, 7 words (incl. exact "banh")
[w0:ab:pro] "banh" branch complete
[w0:ab:pro] Saved 42,185 worker words
[w0:ab:pro] Searching "bani" | queue=703 | words=42185
[w0:ab:pro] Pacing 16s before "bani" (gap=15500ms)
[w0:ab:pro] Managed Turnstile token (len=816, 4008ms, remount)
[w0:ab:pro] [api] 200 mode=pro startsWith=bani
[w0:ab:pro] [api] 200 mode=pro startsWith=bani (348ms direct)
[w0:ab:pro] "bani" → 23 records, 23 words (incl. exact "bani")
[w0:ab:pro] "bani" branch complete
[w0:ab:pro] Saved 42,208 worker words
[w0:ab:pro] Searching "banj" | queue=702 | words=42208
[w0:ab:pro] Pacing 16s before "banj" (gap=15500ms)
[w0:ab:pro] Managed Turnstile token (len=816, 4713ms, remount)
[w0:ab:pro] [api] 200 mode=pro startsWith=banj
[w0:ab:pro] [api] 200 mode=pro startsWith=banj (363ms direct)
[w0:ab:pro] "banj" → 18 records, 18 words
[w0:ab:pro] "banj" branch complete
[w0:ab:pro] Saved 42,226 worker words
[w0:ab:pro] Searching "bank" | queue=701 | words=42226
[w0:ab:pro] Pacing 16s before "bank" (gap=15500ms)
[w0:ab:pro] Managed Turnstile token (len=816, 4315ms, remount)
[w0:ab:pro] heartbeat words=42226 queue=701 rotation=0 idle=13s
[w0:ab:pro] [api] 200 mode=pro startsWith=bank
[w0:ab:pro] [api] 200 mode=pro startsWith=bank (371ms direct)
[w0:ab:pro] "bank" → 65 records, 65 words (incl. exact "bank")
[w0:ab:pro] "bank" branch complete
[w0:ab:pro] Saved 42,291 worker words
[w0:ab:pro] Searching "banl" | queue=700 | words=42291
[w0:ab:pro] Pacing 16s before "banl" (gap=15500ms)
[w0:ab:pro] Managed Turnstile token (len=816, 5375ms, remount)
[w0:ab:pro] [api] 200 mode=pro startsWith=banl
[w0:ab:pro] [api] 200 mode=pro startsWith=banl (371ms direct)
[w0:ab:pro] "banl" → 3 records, 3 words
[w0:ab:pro] "banl" branch complete
[w0:ab:pro] Saved 42,294 worker words
[w0:ab:pro] Searching "banm" | queue=699 | words=42294
[w0:ab:pro] Pacing 16s before "banm" (gap=15500ms)
[w0:ab:pro] Managed Turnstile token (len=816, 4710ms, remount)
[w0:ab:pro] [api] 200 mode=pro startsWith=banm
[w0:ab:pro] [api] 200 mode=pro startsWith=banm (394ms direct)
[w0:ab:pro] "banm" → 0 records, 0 words
[w0:ab:pro] "banm" branch complete
[w0:ab:pro] Saved 42,294 worker words
[w0:ab:pro] Searching "bann" | queue=698 | words=42294
[w0:ab:pro] Pacing 16s before "bann" (gap=15500ms)
[w0:ab:pro] Managed Turnstile token (len=816, 4207ms, remount)
[w0:ab:pro] [api] 200 mode=pro startsWith=bann
[w0:ab:pro] [api] 200 mode=pro startsWith=bann (373ms direct)
[w0:ab:pro] "bann" → 39 records, 39 words
[w0:ab:pro] "bann" branch complete
[w0:ab:pro] Saved 42,310 worker words; shared last.txt now 411,459
[w0:ab:pro] Searching "banz" | queue=697 | words=42310
[w0:ab:pro] Pacing 15s before "banz" (gap=15500ms)
[w0:ab:pro] heartbeat words=42310 queue=697 rotation=0 idle=11s
[w0:ab:pro] Managed Turnstile miss (15061ms)
[w0:ab:pro] Managed Turnstile token (len=816, 4301ms, remount)
[w0:ab:pro] [api] 200 mode=pro startsWith=banz
[w0:ab:pro] [api] 200 mode=pro startsWith=banz (425ms direct)
[w0:ab:pro] "banz" → 2 records, 2 words
[w0:ab:pro] "banz" branch complete
[w0:ab:pro] Saved 42,310 worker words
[w0:ab:pro] Searching "barb" | queue=696 | words=42310
[w0:ab:pro] Pacing 16s before "barb" (gap=15500ms)
[w0:ab:pro] Managed Turnstile token (len=816, 4922ms, remount)
[w0:ab:pro] [api] 200 mode=pro startsWith=barb
[w0:ab:pro] [api] 200 mode=pro startsWith=barb (442ms direct)
[w0:ab:pro] "barb" → 100 records, 100 words (incl. exact "barb")
[w0:ab:pro] Pacing 16s before "barb" (gap=15500ms)
[w0:ab:pro] Managed Turnstile token (len=816, 5825ms, remount)
[w0:ab:pro] [api] 200 mode=pro startsWith=barb
[w0:ab:pro] [api] 200 mode=pro startsWith=barb sort=alphabetical:desc (380ms direct)
[w0:ab:pro] "barb" full page ends at "barberries" (next='e'); skip 25 covered groups → 3 children reverse Z→A ends at "barbeiro" (lo='e' hi='y'); skip 19 middle + 75 new words
[w0:ab:pro] Saved 42,437 worker words
[w0:ab:pro] Searching "barc" | queue=698 | words=42437
[w0:ab:pro] Pacing 15s before "barc" (gap=15500ms)
[w0:ab:pro] Managed Turnstile token (len=816, 11235ms, remount)
[w0:ab:pro] [api] 200 mode=pro startsWith=barc
[w0:ab:pro] [api] 200 mode=pro startsWith=barc (372ms direct)
[w0:ab:pro] "barc" → 21 records, 21 words
[w0:ab:pro] "barc" branch complete
[w0:ab:pro] Saved 42,458 worker words
[w0:ab:pro] Searching "bard" | queue=697 | words=42458
[w0:ab:pro] Pacing 15s before "bard" (gap=15500ms)
[w0:ab:pro] heartbeat words=42458 queue=697 rotation=0 idle=5s
[w0:ab:pro] Managed Turnstile token (len=816, 10256ms, remount)
[w0:ab:pro] [api] 200 mode=pro startsWith=bard
[w0:ab:pro] [api] 200 mode=pro startsWith=bard (692ms direct)
[w0:ab:pro] "bard" → 50 records, 50 words (incl. exact "bard")
[w0:ab:pro] "bard" branch complete
[w0:ab:pro] Saved 42,508 worker words
[w0:ab:pro] Searching "bare" | queue=696 | words=42508
[w0:ab:pro] Pacing 14s before "bare" (gap=15500ms)
[w0:ab:pro] Managed Turnstile token (len=816, 14443ms, remount)
[w0:ab:pro] [api] 200 mode=pro startsWith=bare
[w0:ab:pro] [api] 200 mode=pro startsWith=bare (392ms direct)
[w0:ab:pro] "bare" → 57 records, 57 words (incl. exact "bare")
[w0:ab:pro] "bare" branch complete
[w0:ab:pro] Saved 42,565 worker words
[w0:ab:pro] Searching "barf" | queue=695 | words=42565
[w0:ab:pro] Pacing 15s before "barf" (gap=15500ms)
[w0:ab:pro] Managed Turnstile token (len=816, 7462ms, remount)
[w0:ab:pro] [api] 200 mode=pro startsWith=barf
[w0:ab:pro] [api] 200 mode=pro startsWith=barf (382ms direct)
[w0:ab:pro] "barf" → 12 records, 12 words (incl. exact "barf")
[w0:ab:pro] "barf" branch complete
[w0:ab:pro] Saved 42,577 worker words
[w0:ab:pro] Searching "barg" | queue=694 | words=42577
[w0:ab:pro] Pacing 16s before "barg" (gap=15500ms)
[w0:ab:pro] Managed Turnstile token (len=816, 6325ms, remount)
[w0:ab:pro] [api] 200 mode=pro startsWith=barg
[w0:ab:pro] [api] 200 mode=pro startsWith=barg (396ms direct)
[w0:ab:pro] "barg" → 49 records, 49 words
[w0:ab:pro] "barg" branch complete
[w0:ab:pro] Saved 42,626 worker words
[w0:ab:pro] Searching "barh" | queue=693 | words=42626
[w0:ab:pro] Pacing 16s before "barh" (gap=15500ms)
[w0:ab:pro] heartbeat words=42626 queue=693 rotation=0 idle=2s
[w0:ab:pro] Managed Turnstile token (len=816, 5878ms, remount)
[w0:ab:pro] [api] 200 mode=pro startsWith=barh
[w0:ab:pro] [api] 200 mode=pro startsWith=barh (403ms direct)
[w0:ab:pro] "barh" → 5 records, 5 words
[w0:ab:pro] "barh" branch complete
[w0:ab:pro] Saved 42,631 worker words; shared last.txt now 412,173
[w0:ab:pro] Searching "bari" | queue=692 | words=42631
[w0:ab:pro] Pacing 15s before "bari" (gap=15500ms)
[w0:ab:pro] Managed Turnstile token (len=816, 5607ms, remount)
[w0:ab:pro] [api] 200 mode=pro startsWith=bari
[w0:ab:pro] [api] 200 mode=pro startsWith=bari (863ms direct)
[w0:ab:pro] "bari" → 34 records, 34 words (incl. exact "bari")
[w0:ab:pro] "bari" branch complete
[w0:ab:pro] Saved 42,665 worker words
[w0:ab:pro] Searching "barj" | queue=691 | words=42665
[w0:ab:pro] Pacing 15s before "barj" (gap=15500ms)
[w0:ab:pro] Managed Turnstile token (len=816, 6262ms, remount)
[w0:ab:pro] [api] 200 mode=pro startsWith=barj
[w0:ab:pro] [api] 200 mode=pro startsWith=barj (374ms direct)
[w0:ab:pro] "barj" → 0 records, 0 words
[w0:ab:pro] "barj" branch complete
[w0:ab:pro] Saved 42,665 worker words
[w0:ab:pro] Searching "bark" | queue=690 | words=42665
[w0:ab:pro] Pacing 15s before "bark" (gap=15500ms)
[w0:ab:pro] Managed Turnstile token (len=816, 7822ms, remount)
[w0:ab:pro] [api] 200 mode=pro startsWith=bark
[w0:ab:pro] [api] 200 mode=pro startsWith=bark (388ms direct)
[w0:ab:pro] "bark" → 46 records, 46 words (incl. exact "bark")
[w0:ab:pro] "bark" branch complete
[w0:ab:pro] Saved 42,711 worker words
[w0:ab:pro] Searching "barl" | queue=689 | words=42711
[w0:ab:pro] Pacing 15s before "barl" (gap=15500ms)
[w0:ab:pro] heartbeat words=42711 queue=689 rotation=0 idle=0s
[w0:ab:pro] Managed Turnstile miss (15080ms)
[w0:ab:pro] Failed "barl" attempt 1: No Turnstile token for direct search
[w0:ab:pro] Saved 42,711 worker words
[w0:ab:pro] Turnstile miss — soft reload before rotate
[w0:ab:pro] Turnstile token present (len=816)
[w0:ab:pro] Site Turnstile token (6868ms)
[w0:ab:pro] Searching "barl" | queue=689 | words=42711
[w0:ab:pro] [api] 200 mode=pro startsWith=barl
[w0:ab:pro] [api] 200 mode=pro startsWith=barl (413ms direct)
[w0:ab:pro] "barl" → 22 records, 22 words
[w0:ab:pro] "barl" branch complete
[w0:ab:pro] Saved 42,733 worker words
[w0:ab:pro] Searching "barm" | queue=688 | words=42733
[w0:ab:pro] Pacing 15s before "barm" (gap=15500ms)
[w0:ab:pro] Managed Turnstile token (len=816, 6897ms, remount)
[w0:ab:pro] [api] 200 mode=pro startsWith=barm
[w0:ab:pro] [api] 200 mode=pro startsWith=barm (426ms direct)
[w0:ab:pro] "barm" → 32 records, 32 words (incl. exact "barm")
[w0:ab:pro] "barm" branch complete
[w0:ab:pro] Saved 42,765 worker words
[w0:ab:pro] Searching "barn" | queue=687 | words=42765
[w0:ab:pro] Pacing 15s before "barn" (gap=15500ms)
[w0:ab:pro] Managed Turnstile token (len=816, 6878ms, remount)
[w0:ab:pro] [api] 200 mode=pro startsWith=barn
[w0:ab:pro] [api] 200 mode=pro startsWith=barn (372ms direct)
[w0:ab:pro] "barn" → 48 records, 48 words (incl. exact "barn")
[w0:ab:pro] "barn" branch complete
[w0:ab:pro] Saved 42,813 worker words
[w0:ab:pro] Searching "baro" | queue=686 | words=42813
[w0:ab:pro] Pacing 15s before "baro" (gap=15500ms)
[w0:ab:pro] heartbeat words=42813 queue=686 rotation=0 idle=6s
[w0:ab:pro] Managed Turnstile token (len=816, 7277ms, remount)
[w0:ab:pro] [api] 200 mode=pro startsWith=baro
[w0:ab:pro] [api] 200 mode=pro startsWith=baro (390ms direct)
[w0:ab:pro] "baro" → 100 records, 100 words
[w0:ab:pro] Pacing 16s before "baro" (gap=15500ms)
[w0:ab:pro] Managed Turnstile token (len=816, 5801ms, remount)
[w0:ab:pro] [api] 200 mode=pro startsWith=baro
[w0:ab:pro] [api] 200 mode=pro startsWith=baro sort=alphabetical:desc (444ms direct)
[w0:ab:pro] "baro" full page ends at "baroscopical" (next='s'); skip 25 covered groups → 3 children reverse Z→A ends at "barometrical" (lo='m' hi='x'); skip 10 middle + 29 new words
[w0:ab:pro] Saved 42,942 worker words; shared last.txt now 413,161
[w0:ab:pro] Searching "barp" | queue=688 | words=42942
[w0:ab:pro] Pacing 14s before "barp" (gap=15500ms)
[w0:ab:pro] Managed Turnstile miss (15098ms)
[w0:ab:pro] Failed "barp" attempt 1: No Turnstile token for direct search
[w0:ab:pro] Saved 42,942 worker words
[w0:ab:pro] Turnstile miss — soft reload before rotate
[w0:ab:pro] Site Turnstile remint timed out (9726ms)
[w0:ab:pro] Soft reload mint failed — rotating immediately
[w0:ab:pro] Tor NEWNYM gen=2; waiting 8000ms
[w0:ab:pro] heartbeat words=42942 queue=689 rotation=1 idle=34s
[w0:ab:pro] Tor ready on 19050 exit=192.42.116.51
[w0:ab:pro] Rotating IP (#1, try 1) after No Turnstile token for direct search → tor#2 socks5://127.0.0.1:19050
[w0:ab:pro] Launching persistent Chrome profile /tmp/lll-pw-w0-r1
[w0:ab:pro] Proxy tor#2 socks5://127.0.0.1:19050
[w0:ab:pro] Opening https://lastletterlibrary.com
[w0:ab:pro] Library mode=pro
[w0:ab:pro] Managed Turnstile token (len=816, 4415ms, remount)
[w0:ab:pro] Search mode=direct (skip UI Wait Ns… gate)
[w0:ab:pro] Cleaned 1 old rotated profile(s)
[w0:ab:pro] Searching "barp" | queue=688 | words=42942
[w0:ab:pro] [api] 200 mode=pro startsWith=barp
[w0:ab:pro] [api] 200 mode=pro startsWith=barp (568ms direct)
[w0:ab:pro] "barp" → 5 records, 5 words (incl. exact "barp")
[w0:ab:pro] "barp" branch complete
[w0:ab:pro] Saved 42,947 worker words
[w0:ab:pro] Searching "barq" | queue=687 | words=42947
[w0:ab:pro] Pacing 15s before "barq" (gap=15500ms)
[w0:ab:pro] Managed Turnstile token (len=816, 4405ms, remount)
[w0:ab:pro] [api] 200 mode=pro startsWith=barq
[w0:ab:pro] [api] 200 mode=pro startsWith=barq (441ms direct)
[w0:ab:pro] "barq" → 9 records, 9 words
[w0:ab:pro] "barq" branch complete
[w0:ab:pro] Saved 42,956 worker words
[w0:ab:pro] Searching "barr" | queue=686 | words=42956
[w0:ab:pro] Pacing 15s before "barr" (gap=15500ms)
[w0:ab:pro] Managed Turnstile token (len=816, 4833ms, remount)
[w0:ab:pro] [api] 200 mode=pro startsWith=barr
[w0:ab:pro] [api] 200 mode=pro startsWith=barr (554ms direct)
[w0:ab:pro] "barr" → 100 records, 100 words
[w0:ab:pro] Pacing 15s before "barr" (gap=15500ms)
[w0:ab:pro] Managed Turnstile token (len=816, 4846ms, remount)
[w0:ab:pro] [api] 200 mode=pro startsWith=barr
[w0:ab:pro] [api] 200 mode=pro startsWith=barr sort=alphabetical:desc (456ms direct)
[w0:ab:pro] "barr" full page ends at "barrenworts" (next='e'); skip 25 covered groups → 3 children reverse Z→A ends at "barrelful" (lo='e' hi='y'); skip 19 middle + 77 new words
[w0:ab:pro] Saved 43,133 worker words
[w0:ab:pro] Searching "bars" | queue=688 | words=43133
[w0:ab:pro] Pacing 15s before "bars" (gap=15500ms)
[w0:ab:pro] heartbeat words=43133 queue=688 rotation=1 idle=0s
[w0:ab:pro] Managed Turnstile token (len=816, 5998ms, remount)
[w0:ab:pro] [api] 200 mode=pro startsWith=bars
[w0:ab:pro] [api] 200 mode=pro startsWith=bars (454ms direct)
[w0:ab:pro] "bars" → 9 records, 9 words (incl. exact "bars")
[w0:ab:pro] "bars" branch complete
[w0:ab:pro] Saved 43,142 worker words
[w0:ab:pro] Searching "bart" | queue=687 | words=43142
[w0:ab:pro] Pacing 15s before "bart" (gap=15500ms)
[w0:ab:pro] Managed Turnstile token (len=816, 5912ms, remount)
[w0:ab:pro] [api] 200 mode=pro startsWith=bart
[w0:ab:pro] [api] 200 mode=pro startsWith=bart (519ms direct)
[w0:ab:pro] "bart" → 44 records, 44 words (incl. exact "bart")
[w0:ab:pro] "bart" branch complete
[w0:ab:pro] Saved 43,148 worker words
[w0:ab:pro] Searching "bary" | queue=686 | words=43148
[w0:ab:pro] Pacing 15s before "bary" (gap=15500ms)
[w0:ab:pro] Managed Turnstile token (len=816, 5393ms, remount)
[w0:ab:pro] [api] 200 mode=pro startsWith=bary
[w0:ab:pro] [api] 200 mode=pro startsWith=bary (423ms direct)
[w0:ab:pro] "bary" → 44 records, 44 words
[w0:ab:pro] "bary" branch complete
[w0:ab:pro] Saved 43,148 worker words
[w0:ab:pro] Searching "barz" | queue=685 | words=43148
[w0:ab:pro] Pacing 15s before "barz" (gap=15500ms)
[w0:ab:pro] Managed Turnstile token (len=816, 3594ms, remount)
[w0:ab:pro] heartbeat words=43148 queue=685 rotation=1 idle=14s
[w0:ab:pro] [api] 200 mode=pro startsWith=barz
[w0:ab:pro] [api] 200 mode=pro startsWith=barz (475ms direct)
[w0:ab:pro] "barz" → 0 records, 0 words
[w0:ab:pro] "barz" branch complete
[w0:ab:pro] Saved 43,148 worker words; shared last.txt now 413,648
[w0:ab:pro] Searching "base" | queue=684 | words=43148
[w0:ab:pro] Pacing 15s before "base" (gap=15500ms)
[w0:ab:pro] Managed Turnstile token (len=816, 4456ms, remount)
[w0:ab:pro] [api] 200 mode=pro startsWith=base
[w0:ab:pro] [api] 200 mode=pro startsWith=base (465ms direct)
[w0:ab:pro] "base" → 67 records, 67 words (incl. exact "base")
[w0:ab:pro] "base" branch complete
[w0:ab:pro] Saved 43,153 worker words
[w0:ab:pro] Searching "basf" | queue=683 | words=43153
[w0:ab:pro] Pacing 15s before "basf" (gap=15500ms)
[w0:ab:pro] Managed Turnstile token (len=816, 4470ms, remount)
[w0:ab:pro] [api] 200 mode=pro startsWith=basf
[w0:ab:pro] [api] 200 mode=pro startsWith=basf (433ms direct)
[w0:ab:pro] "basf" → 0 records, 0 words
[w0:ab:pro] "basf" branch complete
[w0:ab:pro] Saved 43,153 worker words
[w0:ab:pro] Searching "basg" | queue=682 | words=43153
[w0:ab:pro] Pacing 15s before "basg" (gap=15500ms)
[w0:ab:pro] Managed Turnstile token (len=816, 5620ms, remount)
[w0:ab:pro] [api] 200 mode=pro startsWith=basg
[w0:ab:pro] [api] 200 mode=pro startsWith=basg (481ms direct)
[w0:ab:pro] "basg" → 0 records, 0 words
[w0:ab:pro] "basg" branch complete
[w0:ab:pro] Saved 43,153 worker words
[w0:ab:pro] Searching "bash" | queue=681 | words=43153
[w0:ab:pro] Pacing 15s before "bash" (gap=15500ms)
[w0:ab:pro] heartbeat words=43153 queue=681 rotation=1 idle=12s
[w0:ab:pro] Managed Turnstile miss (15376ms)
[w0:ab:pro] Failed "bash" attempt 1: No Turnstile token for direct search
[w0:ab:pro] Saved 43,153 worker words
[w0:ab:pro] Turnstile miss — soft reload before rotate
[w0:ab:pro] Managed Turnstile token (len=816, 4824ms, remount)
[w0:ab:pro] Searching "bash" | queue=681 | words=43153
[w0:ab:pro] [api] 200 mode=pro startsWith=bash
[w0:ab:pro] [api] 200 mode=pro startsWith=bash (643ms direct)
[w0:ab:pro] "bash" → 40 records, 40 words (incl. exact "bash")
[w0:ab:pro] "bash" branch complete
[w0:ab:pro] Saved 43,193 worker words
[w0:ab:pro] Searching "basi" | queue=680 | words=43193
[w0:ab:pro] Pacing 15s before "basi" (gap=15500ms)
[w0:ab:pro] Managed Turnstile token (len=816, 4504ms, remount)
[w0:ab:pro] [api] 200 mode=pro startsWith=basi
[w0:ab:pro] [api] 200 mode=pro startsWith=basi (459ms direct)
[w0:ab:pro] "basi" → 100 records, 100 words
[w0:ab:pro] Pacing 16s before "basi" (gap=15500ms)
[w0:ab:pro] Managed Turnstile token (len=816, 7746ms, remount)
[w0:ab:pro] [api] 200 mode=pro startsWith=basi
[w0:ab:pro] [api] 200 mode=pro startsWith=basi sort=alphabetical:desc (552ms direct)
[w0:ab:pro] "basi" full page ends at "basiliximab" (next='l'); skip 23 covered groups → 5 children reverse Z→A ends at "basigamy" (lo='g' hi='v'); skip 14 middle + 55 new words
[w0:ab:pro] Saved 43,348 worker words
[w0:ab:pro] Searching "basj" | queue=684 | words=43348
[w0:ab:pro] Pacing 15s before "basj" (gap=15500ms)
[w0:ab:pro] Managed Turnstile token (len=816, 3841ms, remount)
[w0:ab:pro] [api] 200 mode=pro startsWith=basj
[w0:ab:pro] [api] 200 mode=pro startsWith=basj (629ms direct)
[w0:ab:pro] "basj" → 0 records, 0 words
[w0:ab:pro] "basj" branch complete
[w0:ab:pro] Saved 43,348 worker words
[w0:ab:pro] Searching "bask" | queue=683 | words=43348
[w0:ab:pro] Pacing 15s before "bask" (gap=15500ms)
[w0:ab:pro] heartbeat words=43348 queue=683 rotation=1 idle=2s
[w0:ab:pro] Managed Turnstile token (len=816, 3746ms, remount)
[w0:ab:pro] [api] 200 mode=pro startsWith=bask
[w0:ab:pro] [api] 200 mode=pro startsWith=bask (479ms direct)
[w0:ab:pro] "bask" → 35 records, 35 words (incl. exact "bask")
[w0:ab:pro] "bask" branch complete
[w0:ab:pro] Saved 43,383 worker words; shared last.txt now 414,227
[w0:ab:pro] Searching "basl" | queue=682 | words=43383
[w0:ab:pro] Pacing 15s before "basl" (gap=15500ms)
[w0:ab:pro] Managed Turnstile token (len=816, 4056ms, remount)
[w0:ab:pro] [api] 200 mode=pro startsWith=basl
[w0:ab:pro] [api] 200 mode=pro startsWith=basl (440ms direct)
[w0:ab:pro] "basl" → 0 records, 0 words
[w0:ab:pro] "basl" branch complete
[w0:ab:pro] Saved 43,383 worker words
[w0:ab:pro] Searching "basm" | queue=681 | words=43383
[w0:ab:pro] Pacing 15s before "basm" (gap=15500ms)
[w0:ab:pro] Managed Turnstile token (len=816, 4116ms, remount)
[w0:ab:pro] [api] 200 mode=pro startsWith=basm
[w0:ab:pro] [api] 200 mode=pro startsWith=basm (423ms direct)
[w0:ab:pro] "basm" → 4 records, 4 words
[w0:ab:pro] "basm" branch complete
[w0:ab:pro] Saved 43,387 worker words
[w0:ab:pro] Searching "basn" | queue=680 | words=43387
[w0:ab:pro] Pacing 16s before "basn" (gap=15500ms)
[w0:ab:pro] Managed Turnstile token (len=816, 3986ms, remount)
[w0:ab:pro] [api] 200 mode=pro startsWith=basn
[w0:ab:pro] [api] 200 mode=pro startsWith=basn (513ms direct)
[w0:ab:pro] "basn" → 3 records, 3 words
[w0:ab:pro] "basn" branch complete
[w0:ab:pro] Saved 43,390 worker words
[w0:ab:pro] Searching "baso" | queue=679 | words=43390
[w0:ab:pro] Pacing 15s before "baso" (gap=15500ms)
[w0:ab:pro] heartbeat words=43390 queue=679 rotation=1 idle=0s
[w0:ab:pro] Managed Turnstile token (len=816, 9594ms, remount)
[w0:ab:pro] [api] 200 mode=pro startsWith=baso
[w0:ab:pro] [api] 200 mode=pro startsWith=baso (572ms direct)
[w0:ab:pro] "baso" → 27 records, 27 words
[w0:ab:pro] "baso" branch complete
[w0:ab:pro] Saved 43,417 worker words
[w0:ab:pro] Searching "basp" | queue=678 | words=43417
[w0:ab:pro] Pacing 15s before "basp" (gap=15500ms)
[w0:ab:pro] Managed Turnstile token (len=816, 14813ms, remount)
[w0:ab:pro] [api] 200 mode=pro startsWith=basp
[w0:ab:pro] [api] 200 mode=pro startsWith=basp (472ms direct)
[w0:ab:pro] "basp" → 0 records, 0 words
[w0:ab:pro] "basp" branch complete
[w0:ab:pro] Saved 43,417 worker words
[w0:ab:pro] Searching "basq" | queue=677 | words=43417
[w0:ab:pro] Pacing 15s before "basq" (gap=15500ms)
[w0:ab:pro] Managed Turnstile token (len=816, 9055ms, remount)
[w0:ab:pro] [api] 200 mode=pro startsWith=basq
[w0:ab:pro] [api] 200 mode=pro startsWith=basq (702ms direct)
[w0:ab:pro] "basq" → 5 records, 5 words
[w0:ab:pro] "basq" branch complete
[w0:ab:pro] Saved 43,422 worker words
[w0:ab:pro] Searching "basr" | queue=676 | words=43422
[w0:ab:pro] Pacing 15s before "basr" (gap=15500ms)
[w0:ab:pro] heartbeat words=43422 queue=676 rotation=1 idle=14s
[w0:ab:pro] Managed Turnstile miss (15056ms)
[w0:ab:pro] Failed "basr" attempt 1: No Turnstile token for direct search
[w0:ab:pro] Saved 43,422 worker words
[w0:ab:pro] Turnstile miss — soft reload before rotate
[w0:ab:pro] Site Turnstile remint timed out (13496ms)
[w0:ab:pro] Soft reload mint failed — rotating immediately
[w0:ab:pro] Tor NEWNYM gen=3; waiting 8000ms
[w0:ab:pro] Tor ready on 19050 exit=192.42.116.94
[w0:ab:pro] Rotating IP (#2, try 1) after No Turnstile token for direct search → tor#3 socks5://127.0.0.1:19050
[w0:ab:pro] Launching persistent Chrome profile /tmp/lll-pw-w0-r2
[w0:ab:pro] Proxy tor#3 socks5://127.0.0.1:19050
[w0:ab:pro] Opening https://lastletterlibrary.com
[w0:ab:pro] Library mode=pro
[w0:ab:pro] Managed Turnstile token (len=816, 7375ms, remount)
[w0:ab:pro] Search mode=direct (skip UI Wait Ns… gate)
[w0:ab:pro] Cleaned 1 old rotated profile(s)
[w0:ab:pro] Searching "basr" | queue=676 | words=43422
[w0:ab:pro] [api] 200 mode=pro startsWith=basr
[w0:ab:pro] [api] 200 mode=pro startsWith=basr (401ms direct)
[w0:ab:pro] "basr" → 0 records, 0 words
[w0:ab:pro] "basr" branch complete
[w0:ab:pro] Saved 43,422 worker words; shared last.txt now 414,506
[w0:ab:pro] Searching "bass" | queue=675 | words=43422
[w0:ab:pro] Pacing 13s before "bass" (gap=15500ms)
[w0:ab:pro] Managed Turnstile token (len=816, 4818ms, remount)
[w0:ab:pro] [api] 200 mode=pro startsWith=bass
[w0:ab:pro] [api] 200 mode=pro startsWith=bass (461ms direct)
[w0:ab:pro] "bass" → 67 records, 67 words (incl. exact "bass")
[w0:ab:pro] "bass" branch complete
[w0:ab:pro] Saved 43,471 worker words
[w0:ab:pro] Searching "basy" | queue=674 | words=43471
[w0:ab:pro] Pacing 15s before "basy" (gap=15500ms)
[w0:ab:pro] heartbeat words=43471 queue=674 rotation=2 idle=3s
[w0:ab:pro] Managed Turnstile token (len=816, 6453ms, remount)
[w0:ab:pro] [api] 200 mode=pro startsWith=basy
[w0:ab:pro] [api] 200 mode=pro startsWith=basy (436ms direct)
[w0:ab:pro] "basy" → 1 records, 1 words
[w0:ab:pro] "basy" branch complete
[w0:ab:pro] Saved 43,471 worker words
[w0:ab:pro] Searching "basz" | queue=673 | words=43471
[w0:ab:pro] Pacing 15s before "basz" (gap=15500ms)
[w0:ab:pro] Managed Turnstile token (len=816, 6287ms, remount)
[w0:ab:pro] [api] 200 mode=pro startsWith=basz
[w0:ab:pro] [api] 200 mode=pro startsWith=basz (494ms direct)
[w0:ab:pro] "basz" → 0 records, 0 words
[w0:ab:pro] "basz" branch complete
[w0:ab:pro] Saved 43,471 worker words
[w0:ab:pro] Searching "bath" | queue=672 | words=43471
[w0:ab:pro] Pacing 15s before "bath" (gap=15500ms)
[w0:ab:pro] Managed Turnstile miss (15506ms)
[w0:ab:pro] Failed "bath" attempt 1: No Turnstile token for direct search
[w0:ab:pro] Saved 43,471 worker words
[w0:ab:pro] Turnstile miss — soft reload before rotate
[w0:ab:pro] Turnstile token present (len=816)
[w0:ab:pro] Site Turnstile token (5533ms)
[w0:ab:pro] Searching "bath" | queue=672 | words=43471
[w0:ab:pro] [api] 200 mode=pro startsWith=bath
[w0:ab:pro] [api] 200 mode=pro startsWith=bath (447ms direct)
[w0:ab:pro] "bath" → 100 records, 100 words (incl. exact "bath")
[w0:ab:pro] Pacing 15s before "bath" (gap=15500ms)
[w0:ab:pro] Managed Turnstile token (len=816, 6527ms, remount)
[w0:ab:pro] heartbeat words=43534 queue=672 rotation=2 idle=31s
[w0:ab:pro] [api] 200 mode=pro startsWith=bath
[w0:ab:pro] [api] 200 mode=pro startsWith=bath sort=alphabetical:desc (434ms direct)
[w0:ab:pro] "bath" full page ends at "bathygraphical" (next='y'); skip 26 covered groups → 2 children reverse Z→A ends at "bathmotropic" (lo='m' hi='y'); skip 11 middle + 36 new words
[w0:ab:pro] Saved 43,570 worker words
[w0:ab:pro] Searching "bati" | queue=673 | words=43570
[w0:ab:pro] Pacing 15s before "bati" (gap=15500ms)
[w0:ab:pro] Managed Turnstile token (len=816, 8071ms, remount)
[w0:ab:pro] [api] 200 mode=pro startsWith=bati
[w0:ab:pro] [api] 200 mode=pro startsWith=bati (509ms direct)
[w0:ab:pro] "bati" → 15 records, 15 words
[w0:ab:pro] "bati" branch complete
[w0:ab:pro] Saved 43,585 worker words
[w0:ab:pro] Searching "batj" | queue=672 | words=43585
[w0:ab:pro] Pacing 15s before "batj" (gap=15500ms)
[w0:ab:pro] Managed Turnstile token (len=816, 9652ms, remount)
[w0:ab:pro] [api] 200 mode=pro startsWith=batj
[w0:ab:pro] [api] 200 mode=pro startsWith=batj (446ms direct)
[w0:ab:pro] "batj" → 0 records, 0 words
[w0:ab:pro] "batj" branch complete
[w0:ab:pro] Saved 43,585 worker words
[w0:ab:pro] Searching "batk" | queue=671 | words=43585
[w0:ab:pro] Pacing 15s before "batk" (gap=15500ms)
[w0:ab:pro] Managed Turnstile token (len=816, 6371ms, remount)
[w0:ab:pro] [api] 200 mode=pro startsWith=batk
[w0:ab:pro] [api] 200 mode=pro startsWith=batk (450ms direct)
[w0:ab:pro] "batk" → 0 records, 0 words
[w0:ab:pro] "batk" branch complete
[w0:ab:pro] Saved 43,585 worker words; shared last.txt now 414,966
[w0:ab:pro] Searching "batl" | queue=670 | words=43585
[w0:ab:pro] Pacing 15s before "batl" (gap=15500ms)
[w0:ab:pro] heartbeat words=43585 queue=670 rotation=2 idle=6s
[w0:ab:pro] Managed Turnstile token (len=816, 7871ms, remount)
[w0:ab:pro] [api] 200 mode=pro startsWith=batl
[w0:ab:pro] [api] 200 mode=pro startsWith=batl (456ms direct)
[w0:ab:pro] "batl" → 8 records, 8 words
[w0:ab:pro] "batl" branch complete
[w0:ab:pro] Saved 43,593 worker words
[w0:ab:pro] Searching "batm" | queue=669 | words=43593
[w0:ab:pro] Pacing 15s before "batm" (gap=15500ms)
[w0:ab:pro] Managed Turnstile token (len=816, 13065ms, remount)
[w0:ab:pro] [api] 200 mode=pro startsWith=batm
[w0:ab:pro] [api] 200 mode=pro startsWith=batm (501ms direct)
[w0:ab:pro] "batm" → 4 records, 4 words
[w0:ab:pro] "batm" branch complete
[w0:ab:pro] Saved 43,597 worker words
[w0:ab:pro] Searching "batn" | queue=668 | words=43597
[w0:ab:pro] Pacing 14s before "batn" (gap=15500ms)
[w0:ab:pro] Managed Turnstile token (len=816, 13572ms, remount)
[w0:ab:pro] [api] 200 mode=pro startsWith=batn
[w0:ab:pro] [api] 200 mode=pro startsWith=batn (513ms direct)
[w0:ab:pro] "batn" → 0 records, 0 words
[w0:ab:pro] "batn" branch complete
[w0:ab:pro] Saved 43,597 worker words
[w0:ab:pro] Searching "bato" | queue=667 | words=43597
[w0:ab:pro] Pacing 15s before "bato" (gap=15500ms)
[w0:ab:pro] Managed Turnstile token (len=816, 5938ms, remount)
[w0:ab:pro] [api] 200 mode=pro startsWith=bato
[w0:ab:pro] [api] 200 mode=pro startsWith=bato (453ms direct)
[w0:ab:pro] "bato" → 27 records, 27 words
[w0:ab:pro] "bato" branch complete
[w0:ab:pro] Saved 43,624 worker words
[w0:ab:pro] Searching "batp" | queue=666 | words=43624
[w0:ab:pro] Pacing 15s before "batp" (gap=15500ms)
[w0:ab:pro] heartbeat words=43624 queue=666 rotation=2 idle=5s
[w0:ab:pro] Managed Turnstile token (len=816, 11944ms, remount)
[w0:ab:pro] [api] 200 mode=pro startsWith=batp
[w0:ab:pro] [api] 200 mode=pro startsWith=batp (463ms direct)
[w0:ab:pro] "batp" → 0 records, 0 words
[w0:ab:pro] "batp" branch complete
[w0:ab:pro] Saved 43,624 worker words
[w0:ab:pro] Searching "batq" | queue=665 | words=43624
[w0:ab:pro] Pacing 15s before "batq" (gap=15500ms)
[w0:ab:pro] Managed Turnstile token (len=816, 4980ms, remount)
[w0:ab:pro] [api] 200 mode=pro startsWith=batq
[w0:ab:pro] [api] 200 mode=pro startsWith=batq (529ms direct)
[w0:ab:pro] "batq" → 0 records, 0 words
[w0:ab:pro] "batq" branch complete
[w0:ab:pro] Saved 43,624 worker words
[w0:ab:pro] Searching "batr" | queue=664 | words=43624
[w0:ab:pro] Pacing 15s before "batr" (gap=15500ms)
[w0:ab:pro] Managed Turnstile token (len=816, 4841ms, remount)
[w0:ab:pro] [api] 200 mode=pro startsWith=batr
[w0:ab:pro] [api] 200 mode=pro startsWith=batr (466ms direct)
[w0:ab:pro] "batr" → 17 records, 17 words
[w0:ab:pro] "batr" branch complete
[w0:ab:pro] Saved 43,641 worker words
[w0:ab:pro] Searching "bats" | queue=663 | words=43641
[w0:ab:pro] Pacing 15s before "bats" (gap=15500ms)
[w0:ab:pro] Managed Turnstile token (len=816, 12829ms, remount)
[w0:ab:pro] [api] 200 mode=pro startsWith=bats
[w0:ab:pro] [api] 200 mode=pro startsWith=bats (460ms direct)
[w0:ab:pro] "bats" → 12 records, 12 words (incl. exact "bats")
[w0:ab:pro] "bats" branch complete
[w0:ab:pro] Saved 43,653 worker words; shared last.txt now 415,126
[w0:ab:pro] Searching "batt" | queue=662 | words=43653
[w0:ab:pro] heartbeat words=43653 queue=662 rotation=2 idle=0s
[w0:ab:pro] Pacing 13s before "batt" (gap=15500ms)
[w0:ab:pro] Managed Turnstile token (len=816, 10411ms, remount)
[w0:ab:pro] [api] 200 mode=pro startsWith=batt
[w0:ab:pro] [api] 200 mode=pro startsWith=batt (640ms direct)
[w0:ab:pro] "batt" → 100 records, 100 words (incl. exact "batt")
[w0:ab:pro] Pacing 15s before "batt" (gap=15500ms)
[w0:ab:pro] Managed Turnstile token (len=816, 8744ms, remount)
[w0:ab:pro] [api] 200 mode=pro startsWith=batt
[w0:ab:pro] [api] 200 mode=pro startsWith=batt sort=alphabetical:desc (471ms direct)
[w0:ab:pro] "batt" full page ends at "battlegrounds" (next='l'); skip 26 covered groups → 2 children reverse Z→A ends at "batteries" (lo='e' hi='y'); skip 19 middle + 46 new words
[w0:ab:pro] Saved 43,799 worker words
[w0:ab:pro] Searching "batu" | queue=663 | words=43799
[w0:ab:pro] Pacing 15s before "batu" (gap=15500ms)
[w0:ab:pro] Managed Turnstile token (len=816, 9421ms, remount)
[w0:ab:pro] [api] 200 mode=pro startsWith=batu
[w0:ab:pro] [api] 200 mode=pro startsWith=batu (456ms direct)
[w0:ab:pro] "batu" → 4 records, 4 words
[w0:ab:pro] "batu" branch complete
[w0:ab:pro] Saved 43,803 worker words
[w0:ab:pro] Searching "batv" | queue=662 | words=43803
[w0:ab:pro] Pacing 15s before "batv" (gap=15500ms)
[w0:ab:pro] Managed Turnstile token (len=816, 12332ms, remount)
[w0:ab:pro] [api] 200 mode=pro startsWith=batv
[w0:ab:pro] [api] 200 mode=pro startsWith=batv (569ms direct)
[w0:ab:pro] "batv" → 0 records, 0 words
[w0:ab:pro] "batv" branch complete
[w0:ab:pro] Saved 43,803 worker words
[w0:ab:pro] Searching "batw" | queue=661 | words=43803
[w0:ab:pro] heartbeat words=43803 queue=661 rotation=2 idle=0s
[w0:ab:pro] Pacing 15s before "batw" (gap=15500ms)
[w0:ab:pro] Managed Turnstile token (len=816, 10869ms, remount)
[w0:ab:pro] [api] 200 mode=pro startsWith=batw
[w0:ab:pro] [api] 200 mode=pro startsWith=batw (445ms direct)
[w0:ab:pro] "batw" → 4 records, 4 words
[w0:ab:pro] "batw" branch complete
[w0:ab:pro] Saved 43,807 worker words
[w0:ab:pro] Searching "batx" | queue=660 | words=43807
[w0:ab:pro] Pacing 15s before "batx" (gap=15500ms)
[w0:ab:pro] Managed Turnstile token (len=816, 9934ms, remount)
[w0:ab:pro] [api] 200 mode=pro startsWith=batx
[w0:ab:pro] [api] 200 mode=pro startsWith=batx (474ms direct)
[w0:ab:pro] "batx" → 0 records, 0 words
[w0:ab:pro] "batx" branch complete
[w0:ab:pro] Saved 43,807 worker words
[w0:ab:pro] Searching "baty" | queue=659 | words=43807
[w0:ab:pro] Pacing 15s before "baty" (gap=15500ms)
[w0:ab:pro] Managed Turnstile miss (15205ms)
[w0:ab:pro] Failed "baty" attempt 1: No Turnstile token for direct search
[w0:ab:pro] Saved 43,807 worker words
[w0:ab:pro] Turnstile miss — soft reload before rotate
[w0:ab:pro] Turnstile token present (len=816)
[w0:ab:pro] Site Turnstile token (9351ms)
[w0:ab:pro] Searching "baty" | queue=659 | words=43807
[w0:ab:pro] [api] 200 mode=pro startsWith=baty
[w0:ab:pro] [api] 200 mode=pro startsWith=baty (493ms direct)
[w0:ab:pro] "baty" → 3 records, 3 words
[w0:ab:pro] "baty" branch complete
[w0:ab:pro] Saved 43,810 worker words
[w0:ab:pro] Searching "batz" | queue=658 | words=43810
[w0:ab:pro] Pacing 15s before "batz" (gap=15500ms)
[w0:ab:pro] heartbeat words=43810 queue=658 rotation=2 idle=3s
[w0:ab:pro] Managed Turnstile token (len=816, 5058ms, remount)
[w0:ab:pro] [api] 200 mode=pro startsWith=batz
[w0:ab:pro] [api] 200 mode=pro startsWith=batz (456ms direct)
[w0:ab:pro] "batz" → 2 records, 2 words (incl. exact "batz")
[w0:ab:pro] "batz" branch complete
[w0:ab:pro] Saved 43,812 worker words; shared last.txt now 415,422
[w0:ab:pro] Searching "beak" | queue=657 | words=43812
[w0:ab:pro] Pacing 13s before "beak" (gap=15500ms)
[w0:ab:pro] Managed Turnstile miss (15330ms)
[w0:ab:pro] Failed "beak" attempt 1: No Turnstile token for direct search
[w0:ab:pro] Saved 43,812 worker words
[w0:ab:pro] Turnstile miss — soft reload before rotate
[w0:ab:pro] Site Turnstile remint timed out (11548ms)
[w0:ab:pro] Soft reload mint failed — rotating immediately
[w0:ab:pro] Tor NEWNYM gen=4; waiting 8000ms
[w0:ab:pro] Tor ready on 19050 exit=193.189.100.205
[w0:ab:pro] Rotating IP (#3, try 1) after No Turnstile token for direct search → tor#4 socks5://127.0.0.1:19050
[w0:ab:pro] Launching persistent Chrome profile /tmp/lll-pw-w0-r3
[w0:ab:pro] Proxy tor#4 socks5://127.0.0.1:19050
[w0:ab:pro] Opening https://lastletterlibrary.com
[w0:ab:pro] Library mode=pro
[w0:ab:pro] heartbeat words=43812 queue=658 rotation=3 idle=45s
[w0:ab:pro] Managed Turnstile token (len=816, 4304ms, remount)
[w0:ab:pro] Search mode=direct (skip UI Wait Ns… gate)
[w0:ab:pro] Cleaned 1 old rotated profile(s)
[w0:ab:pro] Searching "beak" | queue=657 | words=43812
[w0:ab:pro] [api] 200 mode=pro startsWith=beak
[w0:ab:pro] [api] 200 mode=pro startsWith=beak (567ms direct)
[w0:ab:pro] "beak" → 17 records, 17 words (incl. exact "beak")
[w0:ab:pro] "beak" branch complete
[w0:ab:pro] Saved 43,828 worker words
[w0:ab:pro] Searching "beal" | queue=656 | words=43828
[w0:ab:pro] Pacing 15s before "beal" (gap=15500ms)
[w0:ab:pro] Managed Turnstile token (len=816, 3854ms, remount)
[w0:ab:pro] [api] 200 mode=pro startsWith=beal
[w0:ab:pro] [api] 200 mode=pro startsWith=beal (438ms direct)
[w0:ab:pro] "beal" → 10 records, 10 words (incl. exact "beal")
[w0:ab:pro] "beal" branch complete
[w0:ab:pro] Saved 43,838 worker words
[w0:ab:pro] Searching "beam" | queue=655 | words=43838
[w0:ab:pro] Pacing 15s before "beam" (gap=15500ms)
[w0:ab:pro] Managed Turnstile token (len=816, 4053ms, remount)
[w0:ab:pro] [api] 200 mode=pro startsWith=beam
[w0:ab:pro] [api] 200 mode=pro startsWith=beam (460ms direct)
[w0:ab:pro] "beam" → 35 records, 35 words (incl. exact "beam")
[w0:ab:pro] "beam" branch complete
[w0:ab:pro] Saved 43,873 worker words
[w0:ab:pro] Searching "bean" | queue=654 | words=43873
[w0:ab:pro] Pacing 15s before "bean" (gap=15500ms)
[w0:ab:pro] Managed Turnstile token (len=816, 4818ms, remount)
[w0:ab:pro] [api] 200 mode=pro startsWith=bean
[w0:ab:pro] [api] 200 mode=pro startsWith=bean (482ms direct)
[w0:ab:pro] "bean" → 36 records, 36 words (incl. exact "bean")
[w0:ab:pro] "bean" branch complete
[w0:ab:pro] Saved 43,909 worker words
[w0:ab:pro] Searching "beao" | queue=653 | words=43909
[w0:ab:pro] Pacing 15s before "beao" (gap=15500ms)
[w0:ab:pro] Managed Turnstile token (len=816, 5052ms, remount)
[w0:ab:pro] heartbeat words=43909 queue=653 rotation=3 idle=10s
[w0:ab:pro] [api] 200 mode=pro startsWith=beao
[w0:ab:pro] [api] 200 mode=pro startsWith=beao (462ms direct)
[w0:ab:pro] "beao" → 0 records, 0 words
[w0:ab:pro] "beao" branch complete
[w0:ab:pro] Saved 43,909 worker words
[w0:ab:pro] Searching "beap" | queue=652 | words=43909
[w0:ab:pro] Pacing 15s before "beap" (gap=15500ms)
[w0:ab:pro] Managed Turnstile token (len=816, 6224ms, remount)
[w0:ab:pro] [api] 200 mode=pro startsWith=beap
[w0:ab:pro] [api] 200 mode=pro startsWith=beap (540ms direct)
[w0:ab:pro] "beap" → 1 records, 1 words
[w0:ab:pro] "beap" branch complete
[w0:ab:pro] Saved 43,910 worker words
[w0:ab:pro] Searching "beaq" | queue=651 | words=43910
[w0:ab:pro] Pacing 15s before "beaq" (gap=15500ms)
[w0:ab:pro] Managed Turnstile token (len=816, 4670ms, remount)
[w0:ab:pro] [api] 200 mode=pro startsWith=beaq
[w0:ab:pro] [api] 200 mode=pro startsWith=beaq (602ms direct)
[w0:ab:pro] "beaq" → 0 records, 0 words
[w0:ab:pro] "beaq" branch complete
[w0:ab:pro] Saved 43,910 worker words; shared last.txt now 415,883
[w0:ab:pro] Searching "bear" | queue=650 | words=43910
[w0:ab:pro] Pacing 14s before "bear" (gap=15500ms)
[w0:ab:pro] Managed Turnstile token (len=816, 5173ms, remount)
[w0:ab:pro] [api] 200 mode=pro startsWith=bear
[w0:ab:pro] [api] 200 mode=pro startsWith=bear (476ms direct)
[w0:ab:pro] "bear" → 90 records, 90 words (incl. exact "bear")
[w0:ab:pro] "bear" branch complete
[w0:ab:pro] Saved 44,000 worker words
[w0:ab:pro] Searching "beas" | queue=649 | words=44000
[w0:ab:pro] Pacing 15s before "beas" (gap=15500ms)
[w0:ab:pro] Managed Turnstile token (len=816, 6552ms, remount)
[w0:ab:pro] heartbeat words=44000 queue=649 rotation=3 idle=8s
[w0:ab:pro] [api] 200 mode=pro startsWith=beas
[w0:ab:pro] [api] 200 mode=pro startsWith=beas (509ms direct)
[w0:ab:pro] "beas" → 25 records, 25 words
[w0:ab:pro] "beas" branch complete
[w0:ab:pro] Saved 44,025 worker words
[w0:ab:pro] Searching "beat" | queue=648 | words=44025
[w0:ab:pro] Pacing 15s before "beat" (gap=15500ms)
[w0:ab:pro] Managed Turnstile token (len=816, 7039ms, remount)
[w0:ab:pro] [api] 200 mode=pro startsWith=beat
[w0:ab:pro] [api] 200 mode=pro startsWith=beat (451ms direct)
[w0:ab:pro] "beat" → 63 records, 63 words (incl. exact "beat")
[w0:ab:pro] "beat" branch complete
[w0:ab:pro] Saved 44,088 worker words
[w0:ab:pro] Searching "beau" | queue=647 | words=44088
[w0:ab:pro] Pacing 15s before "beau" (gap=15500ms)
[w0:ab:pro] Managed Turnstile token (len=816, 3898ms, remount)
[w0:ab:pro] [api] 200 mode=pro startsWith=beau
[w0:ab:pro] [api] 200 mode=pro startsWith=beau (454ms direct)
[w0:ab:pro] "beau" → 78 records, 78 words (incl. exact "beau")
[w0:ab:pro] "beau" branch complete
[w0:ab:pro] Saved 44,166 worker words
[w0:ab:pro] Searching "beav" | queue=646 | words=44166
[w0:ab:pro] Pacing 15s before "beav" (gap=15500ms)
[w0:ab:pro] Managed Turnstile token (len=816, 6274ms, remount)
[w0:ab:pro] [api] 200 mode=pro startsWith=beav
[w0:ab:pro] [api] 200 mode=pro startsWith=beav (480ms direct)
[w0:ab:pro] "beav" → 22 records, 22 words
[w0:ab:pro] "beav" branch complete
[w0:ab:pro] Saved 44,188 worker words
[w0:ab:pro] Searching "beaw" | queue=645 | words=44188
[w0:ab:pro] Pacing 15s before "beaw" (gap=15500ms)
[w0:ab:pro] Managed Turnstile token (len=816, 5785ms, remount)
[w0:ab:pro] heartbeat words=44188 queue=645 rotation=3 idle=6s
[w0:ab:pro] [api] 200 mode=pro startsWith=beaw
[w0:ab:pro] [api] 200 mode=pro startsWith=beaw (424ms direct)
[w0:ab:pro] "beaw" → 0 records, 0 words
[w0:ab:pro] "beaw" branch complete
[w0:ab:pro] Saved 44,188 worker words
[w0:ab:pro] Searching "beax" | queue=644 | words=44188
[w0:ab:pro] Pacing 15s before "beax" (gap=15500ms)
[w0:ab:pro] Managed Turnstile miss (15129ms)
[w0:ab:pro] Failed "beax" attempt 1: No Turnstile token for direct search
[w0:ab:pro] Saved 44,188 worker words
[w0:ab:pro] Turnstile miss — soft reload before rotate
[w0:ab:pro] Site Turnstile remint timed out (9605ms)
[w0:ab:pro] Soft reload mint failed — rotating immediately
[w0:ab:pro] Tor NEWNYM gen=5; waiting 8000ms
[w0:ab:pro] Tor ready on 19050 exit=203.55.81.2
[w0:ab:pro] Rotating IP (#4, try 1) after No Turnstile token for direct search → tor#5 socks5://127.0.0.1:19050
[w0:ab:pro] Launching persistent Chrome profile /tmp/lll-pw-w0-r4
[w0:ab:pro] Proxy tor#5 socks5://127.0.0.1:19050
[w0:ab:pro] Opening https://lastletterlibrary.com
[w0:ab:pro] Library mode=pro
[w0:ab:pro] heartbeat words=44188 queue=645 rotation=4 idle=51s
[w0:ab:pro] Turnstile token present (len=837)
[w0:ab:pro] Site Turnstile token (20235ms)
[w0:ab:pro] Search mode=direct (skip UI Wait Ns… gate)
[w0:ab:pro] Cleaned 1 old rotated profile(s)
[w0:ab:pro] Searching "beax" | queue=644 | words=44188
[w0:ab:pro] [api] 200 mode=pro startsWith=beax
[w0:ab:pro] [api] 200 mode=pro startsWith=beax (703ms direct)
[w0:ab:pro] "beax" → 0 records, 0 words
[w0:ab:pro] "beax" branch complete
[w0:ab:pro] Saved 44,188 worker words; shared last.txt now 416,407
[w0:ab:pro] Searching "beay" | queue=643 | words=44188
[w0:ab:pro] Pacing 15s before "beay" (gap=15500ms)
[w0:ab:pro] Managed Turnstile miss (15140ms)
[w0:ab:pro] Failed "beay" attempt 1: No Turnstile token for direct search
[w0:ab:pro] Saved 44,188 worker words
[w0:ab:pro] Turnstile miss — soft reload before rotate
[w0:ab:pro] Site Turnstile remint timed out (9975ms)
[w0:ab:pro] Soft reload mint failed — rotating immediately
[w0:ab:pro] Tor NEWNYM gen=6; waiting 8000ms
[w0:ab:pro] Tor exit 192.42.116.47 already used by another worker (try 1/6)
[w0:ab:pro] Tor NEWNYM gen=7; waiting 8000ms
[w0:ab:pro] Tor ready on 19050 exit=185.129.62.64
[w0:ab:pro] Rotating IP (#5, try 1) after No Turnstile token for direct search → tor#6 socks5://127.0.0.1:19050
[w0:ab:pro] Launching persistent Chrome profile /tmp/lll-pw-w0-r5
[w0:ab:pro] Proxy tor#6 socks5://127.0.0.1:19050
[w0:ab:pro] Opening https://lastletterlibrary.com
[w0:ab:pro] heartbeat words=44188 queue=644 rotation=5 idle=46s
[w0:ab:pro] Library mode=pro
[w0:ab:pro] Managed Turnstile token (len=816, 6703ms, remount)
[w0:ab:pro] Search mode=direct (skip UI Wait Ns… gate)
[w0:ab:pro] Cleaned 1 old rotated profile(s)
[w0:ab:pro] Searching "beay" | queue=643 | words=44188
[w0:ab:pro] [api] 200 mode=pro startsWith=beay
[w0:ab:pro] [api] 200 mode=pro startsWith=beay (576ms direct)
[w0:ab:pro] "beay" → 0 records, 0 words
[w0:ab:pro] "beay" branch complete
[w0:ab:pro] Saved 44,188 worker words
[w0:ab:pro] Searching "beaz" | queue=642 | words=44188
[w0:ab:pro] Pacing 15s before "beaz" (gap=15500ms)
[w0:ab:pro] Managed Turnstile miss (15074ms)
[w0:ab:pro] Failed "beaz" attempt 1: No Turnstile token for direct search
[w0:ab:pro] Saved 44,188 worker words
[w0:ab:pro] Turnstile miss — soft reload before rotate
[w0:ab:pro] Turnstile token present (len=816)
[w0:ab:pro] Site Turnstile token (8553ms)
[w0:ab:pro] Searching "beaz" | queue=642 | words=44188
[w0:ab:pro] [api] 200 mode=pro startsWith=beaz
[w0:ab:pro] [api] 200 mode=pro startsWith=beaz (465ms direct)
[w0:ab:pro] "beaz" → 0 records, 0 words
[w0:ab:pro] "beaz" branch complete
[w0:ab:pro] Saved 44,188 worker words
[w0:ab:pro] Searching "becl" | queue=641 | words=44188
[w0:ab:pro] Pacing 15s before "becl" (gap=15500ms)
[w0:ab:pro] Managed Turnstile token (len=816, 8334ms, remount)
[w0:ab:pro] [api] 200 mode=pro startsWith=becl
[w0:ab:pro] [api] 200 mode=pro startsWith=becl (549ms direct)
[w0:ab:pro] "becl" → 44 records, 44 words
[w0:ab:pro] "becl" branch complete
[w0:ab:pro] Saved 44,223 worker words
[w0:ab:pro] Searching "becm" | queue=640 | words=44223
[w0:ab:pro] Pacing 14s before "becm" (gap=15500ms)
[w0:ab:pro] heartbeat words=44223 queue=640 rotation=5 idle=5s
[w0:ab:pro] Managed Turnstile token (len=816, 7934ms, remount)
[w0:ab:pro] [api] 200 mode=pro startsWith=becm
[w0:ab:pro] [api] 200 mode=pro startsWith=becm (506ms direct)
[w0:ab:pro] "becm" → 0 records, 0 words
[w0:ab:pro] "becm" branch complete
[w0:ab:pro] Saved 44,223 worker words
[w0:ab:pro] Searching "becn" | queue=639 | words=44223
[w0:ab:pro] Pacing 15s before "becn" (gap=15500ms)
[w0:ab:pro] Managed Turnstile token (len=816, 4762ms, remount)
[w0:ab:pro] [api] 200 mode=pro startsWith=becn
[w0:ab:pro] [api] 200 mode=pro startsWith=becn (513ms direct)
[w0:ab:pro] "becn" → 0 records, 0 words
[w0:ab:pro] "becn" branch complete
[w0:ab:pro] Saved 44,223 worker words
[w0:ab:pro] Searching "beco" | queue=638 | words=44223
[w0:ab:pro] Pacing 15s before "beco" (gap=15500ms)
[w0:ab:pro] Managed Turnstile token (len=816, 4460ms, remount)
[w0:ab:pro] [api] 200 mode=pro startsWith=beco
[w0:ab:pro] [api] 200 mode=pro startsWith=beco (508ms direct)
[w0:ab:pro] "beco" → 27 records, 27 words
[w0:ab:pro] "beco" branch complete
[w0:ab:pro] Saved 44,250 worker words; shared last.txt now 416,925
[w0:ab:pro] Searching "becp" | queue=637 | words=44250
[w0:ab:pro] Pacing 14s before "becp" (gap=15500ms)
[w0:ab:pro] Managed Turnstile token (len=816, 5855ms, remount)
[w0:ab:pro] [api] 200 mode=pro startsWith=becp
[w0:ab:pro] [api] 200 mode=pro startsWith=becp (478ms direct)
[w0:ab:pro] "becp" → 0 records, 0 words
[w0:ab:pro] "becp" branch complete
[w0:ab:pro] Saved 44,250 worker words
[w0:ab:pro] Searching "becq" | queue=636 | words=44250
[w0:ab:pro] Pacing 15s before "becq" (gap=15500ms)
[w0:ab:pro] heartbeat words=44250 queue=636 rotation=5 idle=4s
[w0:ab:pro] Managed Turnstile token (len=816, 7074ms, remount)
[w0:ab:pro] [api] 200 mode=pro startsWith=becq
[w0:ab:pro] [api] 200 mode=pro startsWith=becq (934ms direct)
[w0:ab:pro] "becq" → 4 records, 4 words
[w0:ab:pro] "becq" branch complete
[w0:ab:pro] Saved 44,254 worker words
[w0:ab:pro] Searching "becr" | queue=635 | words=44254
[w0:ab:pro] Pacing 15s before "becr" (gap=15500ms)
[w0:ab:pro] Managed Turnstile token (len=816, 4030ms, remount)
[w0:ab:pro] [api] 200 mode=pro startsWith=becr
[w0:ab:pro] [api] 200 mode=pro startsWith=becr (592ms direct)
[w0:ab:pro] "becr" → 30 records, 30 words
[w0:ab:pro] "becr" branch complete
[w0:ab:pro] Saved 44,284 worker words
[w0:ab:pro] Searching "becs" | queue=634 | words=44284
[w0:ab:pro] Pacing 15s before "becs" (gap=15500ms)
[w0:ab:pro] Managed Turnstile token (len=816, 6364ms, remount)
[w0:ab:pro] [api] 200 mode=pro startsWith=becs
[w0:ab:pro] [api] 200 mode=pro startsWith=becs (481ms direct)
[w0:ab:pro] "becs" → 0 records, 0 words
[w0:ab:pro] "becs" branch complete
[w0:ab:pro] Saved 44,284 worker words
[w0:ab:pro] Searching "bect" | queue=633 | words=44284
[w0:ab:pro] Pacing 15s before "bect" (gap=15500ms)
[w0:ab:pro] Managed Turnstile token (len=816, 5319ms, remount)
[w0:ab:pro] [api] 200 mode=pro startsWith=bect
[w0:ab:pro] [api] 200 mode=pro startsWith=bect (590ms direct)
[w0:ab:pro] "bect" → 0 records, 0 words
[w0:ab:pro] "bect" branch complete
[w0:ab:pro] Saved 44,284 worker words
[w0:ab:pro] Searching "becu" | queue=632 | words=44284
[w0:ab:pro] Pacing 15s before "becu" (gap=15500ms)
[w0:ab:pro] heartbeat words=44284 queue=632 rotation=5 idle=2s
[w0:ab:pro] Managed Turnstile token (len=816, 5968ms, remount)
[w0:ab:pro] [api] 200 mode=pro startsWith=becu
[w0:ab:pro] [api] 200 mode=pro startsWith=becu (468ms direct)
[w0:ab:pro] "becu" → 23 records, 23 words
[w0:ab:pro] "becu" branch complete
[w0:ab:pro] Saved 44,307 worker words
[w0:ab:pro] Searching "becv" | queue=631 | words=44307
[w0:ab:pro] Pacing 15s before "becv" (gap=15500ms)
[w0:ab:pro] Managed Turnstile token (len=816, 5775ms, remount)
[w0:ab:pro] [api] 200 mode=pro startsWith=becv
[w0:ab:pro] [api] 200 mode=pro startsWith=becv (483ms direct)
[w0:ab:pro] "becv" → 0 records, 0 words
[w0:ab:pro] "becv" branch complete
[w0:ab:pro] Saved 44,307 worker words
[w0:ab:pro] Searching "becw" | queue=630 | words=44307
[w0:ab:pro] Pacing 15s before "becw" (gap=15500ms)
[w0:ab:pro] Managed Turnstile token (len=816, 12885ms, remount)
[w0:ab:pro] [api] 200 mode=pro startsWith=becw
[w0:ab:pro] [api] 200 mode=pro startsWith=becw (468ms direct)
[w0:ab:pro] "becw" → 0 records, 0 words
[w0:ab:pro] "becw" branch complete
[w0:ab:pro] Saved 44,307 worker words; shared last.txt now 417,219
[w0:ab:pro] Searching "becx" | queue=629 | words=44307
[w0:ab:pro] Pacing 14s before "becx" (gap=15500ms)
[w0:ab:pro] Managed Turnstile token (len=816, 14409ms, remount)
[w0:ab:pro] heartbeat words=44307 queue=629 rotation=5 idle=14s
[w0:ab:pro] [api] 200 mode=pro startsWith=becx
[w0:ab:pro] [api] 200 mode=pro startsWith=becx (465ms direct)
[w0:ab:pro] "becx" → 0 records, 0 words
[w0:ab:pro] "becx" branch complete
[w0:ab:pro] Saved 44,307 worker words
[w0:ab:pro] Searching "becy" | queue=628 | words=44307
[w0:ab:pro] Pacing 15s before "becy" (gap=15500ms)
[w0:ab:pro] Managed Turnstile token (len=816, 9407ms, remount)
[w0:ab:pro] [api] 200 mode=pro startsWith=becy
[w0:ab:pro] [api] 200 mode=pro startsWith=becy (526ms direct)
[w0:ab:pro] "becy" → 0 records, 0 words
[w0:ab:pro] "becy" branch complete
[w0:ab:pro] Saved 44,307 worker words
[w0:ab:pro] Searching "becz" | queue=627 | words=44307
[w0:ab:pro] Pacing 15s before "becz" (gap=15500ms)
[w0:ab:pro] Managed Turnstile token (len=816, 4205ms, remount)
[w0:ab:pro] [api] 200 mode=pro startsWith=becz
[w0:ab:pro] [api] 200 mode=pro startsWith=becz (451ms direct)
[w0:ab:pro] "becz" → 0 records, 0 words
[w0:ab:pro] "becz" branch complete
[w0:ab:pro] Saved 44,307 worker words
[w0:ab:pro] Searching "bede" | queue=626 | words=44307
[w0:ab:pro] Pacing 15s before "bede" (gap=15500ms)
[w0:ab:pro] Managed Turnstile token (len=816, 4506ms, remount)
[w0:ab:pro] [api] 200 mode=pro startsWith=bede
[w0:ab:pro] [api] 200 mode=pro startsWith=bede (632ms direct)
[w0:ab:pro] "bede" → 53 records, 53 words (incl. exact "bede")
[w0:ab:pro] "bede" branch complete
[w0:ab:pro] Saved 44,343 worker words
[w0:ab:pro] Searching "bedf" | queue=625 | words=44343
[w0:ab:pro] Pacing 14s before "bedf" (gap=15500ms)
[w0:ab:pro] heartbeat words=44343 queue=625 rotation=5 idle=11s
[w0:ab:pro] Managed Turnstile miss (15513ms)
[w0:ab:pro] Failed "bedf" attempt 1: No Turnstile token for direct search
[w0:ab:pro] Saved 44,343 worker words
[w0:ab:pro] Turnstile miss — soft reload before rotate
[w0:ab:pro] Site Turnstile remint timed out (10233ms)
[w0:ab:pro] Soft reload mint failed — rotating immediately
[w0:ab:pro] Tor NEWNYM gen=8; waiting 8000ms
[w0:ab:pro] Tor ready on 19050 exit=185.220.101.7
[w0:ab:pro] Rotating IP (#6, try 1) after No Turnstile token for direct search → tor#7 socks5://127.0.0.1:19050
[w0:ab:pro] Launching persistent Chrome profile /tmp/lll-pw-w0-r6
[w0:ab:pro] Proxy tor#7 socks5://127.0.0.1:19050
[w0:ab:pro] Opening https://lastletterlibrary.com
[w0:ab:pro] Library mode=pro
[w0:ab:pro] Site Turnstile remint timed out (22527ms)
[w0:ab:pro] Search mode=direct (skip UI Wait Ns… gate)
[w0:ab:pro] Cleaned 1 old rotated profile(s)
[w0:ab:pro] Searching "bedf" | queue=625 | words=44343
[w0:ab:pro] heartbeat words=44343 queue=625 rotation=6 idle=71s
[w0:ab:pro] Managed Turnstile miss (15060ms)
[w0:ab:pro] Failed "bedf" attempt 1: No Turnstile token for direct search
[w0:ab:pro] Saved 44,343 worker words
[w0:ab:pro] Turnstile miss — soft reload before rotate
[w0:ab:pro] Site Turnstile remint timed out (9664ms)
[w0:ab:pro] Soft reload mint failed — rotating immediately
[w0:ab:pro] Tor NEWNYM gen=9; waiting 8000ms
[w0:ab:pro] Tor ready on 19050 exit=109.70.100.13
[w0:ab:pro] Rotating IP (#7, try 1) after No Turnstile token for direct search → tor#8 socks5://127.0.0.1:19050
[w0:ab:pro] Launching persistent Chrome profile /tmp/lll-pw-w0-r7
[w0:ab:pro] Proxy tor#8 socks5://127.0.0.1:19050
[w0:ab:pro] Opening https://lastletterlibrary.com
[w0:ab:pro] Library mode=pro
[w0:ab:pro] Managed Turnstile token (len=816, 5847ms, remount)
[w0:ab:pro] Search mode=direct (skip UI Wait Ns… gate)
[w0:ab:pro] Cleaned 1 old rotated profile(s)
[w0:ab:pro] Searching "bedf" | queue=625 | words=44343
[w0:ab:pro] [api] 200 mode=pro startsWith=bedf
[w0:ab:pro] [api] 200 mode=pro startsWith=bedf (431ms direct)
[w0:ab:pro] "bedf" → 10 records, 10 words
[w0:ab:pro] "bedf" branch complete
[w0:ab:pro] Saved 44,353 worker words
[w0:ab:pro] Searching "bedg" | queue=624 | words=44353
[w0:ab:pro] Pacing 15s before "bedg" (gap=15500ms)
[w0:ab:pro] Managed Turnstile token (len=816, 4061ms, remount)
[w0:ab:pro] [api] 200 mode=pro startsWith=bedg
[w0:ab:pro] [api] 200 mode=pro startsWith=bedg (479ms direct)
[w0:ab:pro] "bedg" → 4 records, 4 words
[w0:ab:pro] "bedg" branch complete
[w0:ab:pro] heartbeat words=44357 queue=624 rotation=7 idle=16s
[w0:ab:pro] Saved 44,357 worker words; shared last.txt now 417,626
[w0:ab:pro] Searching "bedh" | queue=623 | words=44357
[w0:ab:pro] Pacing 13s before "bedh" (gap=15500ms)
[w0:ab:pro] Managed Turnstile token (len=816, 5108ms, remount)
[w0:ab:pro] [api] 200 mode=pro startsWith=bedh
[w0:ab:pro] [api] 200 mode=pro startsWith=bedh (633ms direct)
[w0:ab:pro] "bedh" → 2 records, 2 words
[w0:ab:pro] "bedh" branch complete
[w0:ab:pro] Saved 44,359 worker words
[w0:ab:pro] Searching "bedi" | queue=622 | words=44359
[w0:ab:pro] Pacing 13s before "bedi" (gap=15500ms)
[w0:ab:pro] Managed Turnstile token (len=816, 8886ms, remount)
[w0:ab:pro] [api] 200 mode=pro startsWith=bedi
[w0:ab:pro] [api] 200 mode=pro startsWith=bedi (543ms direct)
[w0:ab:pro] "bedi" → 38 records, 38 words
[w0:ab:pro] "bedi" branch complete
[w0:ab:pro] Saved 44,397 worker words
[w0:ab:pro] Searching "bedj" | queue=621 | words=44397
[w0:ab:pro] Pacing 14s before "bedj" (gap=15500ms)
[w0:ab:pro] Managed Turnstile token (len=816, 7010ms, remount)
[w0:ab:pro] [api] 200 mode=pro startsWith=bedj
[w0:ab:pro] [api] 200 mode=pro startsWith=bedj (455ms direct)
[w0:ab:pro] "bedj" → 0 records, 0 words
[w0:ab:pro] "bedj" branch complete
[w0:ab:pro] Saved 44,397 worker words
[w0:ab:pro] Searching "bedk" | queue=620 | words=44397
[w0:ab:pro] Pacing 15s before "bedk" (gap=15500ms)
[w0:ab:pro] Managed Turnstile token (len=816, 4640ms, remount)
[w0:ab:pro] heartbeat words=44397 queue=620 rotation=7 idle=14s
[w0:ab:pro] [api] 200 mode=pro startsWith=bedk
[w0:ab:pro] [api] 200 mode=pro startsWith=bedk (589ms direct)
[w0:ab:pro] "bedk" → 1 records, 1 words
[w0:ab:pro] "bedk" branch complete
[w0:ab:pro] Saved 44,398 worker words
[w0:ab:pro] Searching "bedl" | queue=619 | words=44398
[w0:ab:pro] Pacing 15s before "bedl" (gap=15500ms)
[w0:ab:pro] Managed Turnstile token (len=816, 7946ms, remount)
[w0:ab:pro] [api] 200 mode=pro startsWith=bedl
[w0:ab:pro] [api] 200 mode=pro startsWith=bedl (463ms direct)
[w0:ab:pro] "bedl" → 25 records, 25 words
[w0:ab:pro] "bedl" branch complete
[w0:ab:pro] Saved 44,423 worker words
[w0:ab:pro] Searching "bedm" | queue=618 | words=44423
[w0:ab:pro] Pacing 15s before "bedm" (gap=15500ms)
[w0:ab:pro] Managed Turnstile token (len=816, 6494ms, remount)
[w0:ab:pro] [api] 200 mode=pro startsWith=bedm
[w0:ab:pro] [api] 200 mode=pro startsWith=bedm (474ms direct)
[w0:ab:pro] "bedm" → 6 records, 6 words
[w0:ab:pro] "bedm" branch complete
[w0:ab:pro] Saved 44,429 worker words
[w0:ab:pro] Searching "bedn" | queue=617 | words=44429
[w0:ab:pro] Pacing 15s before "bedn" (gap=15500ms)
[w0:ab:pro] Managed Turnstile token (len=816, 6504ms, remount)
[w0:ab:pro] [api] 200 mode=pro startsWith=bedn
[w0:ab:pro] [api] 200 mode=pro startsWith=bedn (574ms direct)
[w0:ab:pro] "bedn" → 2 records, 2 words
[w0:ab:pro] "bedn" branch complete
[w0:ab:pro] Saved 44,431 worker words
[w0:ab:pro] Searching "bedo" | queue=616 | words=44431
[w0:ab:pro] Pacing 15s before "bedo" (gap=15500ms)
[w0:ab:pro] heartbeat words=44431 queue=616 rotation=7 idle=11s
[w0:ab:pro] Managed Turnstile token (len=816, 14827ms, remount)
[w0:ab:pro] [api] 200 mode=pro startsWith=bedo
[w0:ab:pro] [api] 200 mode=pro startsWith=bedo (432ms direct)
[w0:ab:pro] "bedo" → 13 records, 13 words
[w0:ab:pro] "bedo" branch complete
[w0:ab:pro] Saved 44,444 worker words; shared last.txt now 417,842
[w0:ab:pro] Searching "bedp" | queue=615 | words=44444
[w0:ab:pro] Pacing 15s before "bedp" (gap=15500ms)
[w0:ab:pro] Managed Turnstile token (len=816, 4048ms, remount)
[w0:ab:pro] [api] 200 mode=pro startsWith=bedp
[w0:ab:pro] [api] 200 mode=pro startsWith=bedp (568ms direct)
[w0:ab:pro] "bedp" → 9 records, 9 words
[w0:ab:pro] "bedp" branch complete
[w0:ab:pro] Saved 44,453 worker words
[w0:ab:pro] Searching "bedq" | queue=614 | words=44453
[w0:ab:pro] Pacing 15s before "bedq" (gap=15500ms)
[w0:ab:pro] Managed Turnstile token (len=816, 4262ms, remount)
[w0:ab:pro] [api] 200 mode=pro startsWith=bedq
[w0:ab:pro] [api] 200 mode=pro startsWith=bedq (435ms direct)
[w0:ab:pro] "bedq" → 2 records, 2 words
[w0:ab:pro] "bedq" branch complete
[w0:ab:pro] Saved 44,455 worker words
[w0:ab:pro] Searching "bedr" | queue=613 | words=44455
[w0:ab:pro] Pacing 16s before "bedr" (gap=15500ms)
[w0:ab:pro] Managed Turnstile token (len=816, 5408ms, remount)
[w0:ab:pro] [api] 200 mode=pro startsWith=bedr
[w0:ab:pro] [api] 200 mode=pro startsWith=bedr (485ms direct)
[w0:ab:pro] "bedr" → 61 records, 61 words
[w0:ab:pro] "bedr" branch complete
[w0:ab:pro] Saved 44,516 worker words
[w0:ab:pro] Searching "beds" | queue=612 | words=44516
[w0:ab:pro] Pacing 15s before "beds" (gap=15500ms)
[w0:ab:pro] Managed Turnstile token (len=816, 6442ms, remount)
[w0:ab:pro] heartbeat words=44516 queue=612 rotation=7 idle=10s
[w0:ab:pro] [api] 200 mode=pro startsWith=beds
[w0:ab:pro] [api] 200 mode=pro startsWith=beds (444ms direct)
[w0:ab:pro] "beds" → 37 records, 37 words (incl. exact "beds")
[w0:ab:pro] "beds" branch complete
[w0:ab:pro] Saved 44,553 worker words
[w0:ab:pro] Searching "bedt" | queue=611 | words=44553
[w0:ab:pro] Pacing 15s before "bedt" (gap=15500ms)
[w0:ab:pro] Managed Turnstile token (len=816, 4083ms, remount)
[w0:ab:pro] [api] 200 mode=pro startsWith=bedt
[w0:ab:pro] [api] 200 mode=pro startsWith=bedt (473ms direct)
[w0:ab:pro] "bedt" → 5 records, 5 words
[w0:ab:pro] "bedt" branch complete
[w0:ab:pro] Saved 44,558 worker words
[w0:ab:pro] Searching "bedu" | queue=610 | words=44558
[w0:ab:pro] Pacing 15s before "bedu" (gap=15500ms)
[w0:ab:pro] Managed Turnstile token (len=816, 5320ms, remount)
[w0:ab:pro] [api] 200 mode=pro startsWith=bedu
[w0:ab:pro] [api] 200 mode=pro startsWith=bedu (538ms direct)
[w0:ab:pro] "bedu" → 30 records, 30 words (incl. exact "bedu")
[w0:ab:pro] "bedu" branch complete
[w0:ab:pro] Saved 44,588 worker words
[w0:ab:pro] Searching "bedv" | queue=609 | words=44588
[w0:ab:pro] Pacing 15s before "bedv" (gap=15500ms)
[w0:ab:pro] Managed Turnstile token (len=816, 4470ms, remount)
[w0:ab:pro] [api] 200 mode=pro startsWith=bedv
[w0:ab:pro] [api] 200 mode=pro startsWith=bedv (451ms direct)
[w0:ab:pro] "bedv" → 0 records, 0 words
[w0:ab:pro] "bedv" branch complete
[w0:ab:pro] Saved 44,588 worker words
[w0:ab:pro] Searching "bedw" | queue=608 | words=44588
[w0:ab:pro] Pacing 15s before "bedw" (gap=15500ms)
[w0:ab:pro] Managed Turnstile token (len=816, 3439ms, remount)
[w0:ab:pro] heartbeat words=44588 queue=608 rotation=7 idle=8s
[w0:ab:pro] [api] 200 mode=pro startsWith=bedw
[w0:ab:pro] [api] 200 mode=pro startsWith=bedw (459ms direct)
[w0:ab:pro] "bedw" → 14 records, 14 words
[w0:ab:pro] "bedw" branch complete
[w0:ab:pro] Saved 44,602 worker words; shared last.txt now 418,324
[w0:ab:pro] Searching "bedx" | queue=607 | words=44602
[w0:ab:pro] Pacing 15s before "bedx" (gap=15500ms)
[w0:ab:pro] Managed Turnstile token (len=816, 4039ms, remount)
[w0:ab:pro] [api] 200 mode=pro startsWith=bedx
[w0:ab:pro] [api] 200 mode=pro startsWith=bedx (466ms direct)
[w0:ab:pro] "bedx" → 0 records, 0 words
[w0:ab:pro] "bedx" branch complete
[w0:ab:pro] Saved 44,602 worker words
[w0:ab:pro] Searching "bedy" | queue=606 | words=44602
[w0:ab:pro] Pacing 15s before "bedy" (gap=15500ms)
[w0:ab:pro] Managed Turnstile token (len=816, 8620ms, remount)
[w0:ab:pro] [api] 200 mode=pro startsWith=bedy
[w0:ab:pro] [api] 200 mode=pro startsWith=bedy (482ms direct)
[w0:ab:pro] "bedy" → 5 records, 5 words
[w0:ab:pro] "bedy" branch complete
[w0:ab:pro] Saved 44,607 worker words
[w0:ab:pro] Searching "bedz" | queue=605 | words=44607
[w0:ab:pro] Pacing 15s before "bedz" (gap=15500ms)
[w0:ab:pro] Managed Turnstile token (len=816, 4250ms, remount)
[w0:ab:pro] [api] 200 mode=pro startsWith=bedz
[w0:ab:pro] [api] 200 mode=pro startsWith=bedz (451ms direct)
[w0:ab:pro] "bedz" → 0 records, 0 words
[w0:ab:pro] "bedz" branch complete
[w0:ab:pro] Saved 44,607 worker words
[w0:ab:pro] Searching "been" | queue=604 | words=44607
[w0:ab:pro] Pacing 15s before "been" (gap=15500ms)
[w0:ab:pro] Managed Turnstile token (len=816, 3737ms, remount)
[w0:ab:pro] heartbeat words=44607 queue=604 rotation=7 idle=6s
[w0:ab:pro] [api] 200 mode=pro startsWith=been
[w0:ab:pro] [api] 200 mode=pro startsWith=been (455ms direct)
[w0:ab:pro] "been" → 7 records, 7 words (incl. exact "been")
[w0:ab:pro] "been" branch complete
[w0:ab:pro] Saved 44,611 worker words
[w0:ab:pro] Searching "beeo" | queue=603 | words=44611
[w0:ab:pro] Pacing 15s before "beeo" (gap=15500ms)
[w0:ab:pro] Managed Turnstile token (len=816, 6906ms, remount)
[w0:ab:pro] [api] 200 mode=pro startsWith=beeo
[w0:ab:pro] [api] 200 mode=pro startsWith=beeo (595ms direct)
[w0:ab:pro] "beeo" → 0 records, 0 words
[w0:ab:pro] "beeo" branch complete
[w0:ab:pro] Saved 44,611 worker words
[w0:ab:pro] Searching "beep" | queue=602 | words=44611
[w0:ab:pro] Pacing 15s before "beep" (gap=15500ms)
[w0:ab:pro] Managed Turnstile token (len=816, 12443ms, remount)
[w0:ab:pro] [api] 200 mode=pro startsWith=beep
[w0:ab:pro] [api] 200 mode=pro startsWith=beep (497ms direct)
[w0:ab:pro] "beep" → 6 records, 6 words (incl. exact "beep")
[w0:ab:pro] "beep" branch complete
[w0:ab:pro] Saved 44,617 worker words
[w0:ab:pro] Searching "beeq" | queue=601 | words=44617
[w0:ab:pro] Pacing 15s before "beeq" (gap=15500ms)
[w0:ab:pro] Managed Turnstile token (len=816, 7770ms, remount)
[w0:ab:pro] [api] 200 mode=pro startsWith=beeq
[w0:ab:pro] [api] 200 mode=pro startsWith=beeq (501ms direct)
[w0:ab:pro] "beeq" → 0 records, 0 words
[w0:ab:pro] "beeq" branch complete
[w0:ab:pro] Saved 44,617 worker words
[w0:ab:pro] Searching "beer" | queue=600 | words=44617
[w0:ab:pro] Pacing 15s before "beer" (gap=15500ms)
[w0:ab:pro] heartbeat words=44617 queue=600 rotation=7 idle=4s
[w0:ab:pro] Managed Turnstile token (len=816, 3937ms, remount)
[w0:ab:pro] [api] 200 mode=pro startsWith=beer
[w0:ab:pro] [api] 200 mode=pro startsWith=beer (452ms direct)
[w0:ab:pro] "beer" → 34 records, 34 words (incl. exact "beer")
[w0:ab:pro] "beer" branch complete
[w0:ab:pro] Saved 44,651 worker words; shared last.txt now 418,449
[w0:ab:pro] Searching "bees" | queue=599 | words=44651
[w0:ab:pro] Pacing 14s before "bees" (gap=15500ms)
[w0:ab:pro] Managed Turnstile token (len=816, 8155ms, remount)
[w0:ab:pro] [api] 200 mode=pro startsWith=bees
[w0:ab:pro] [api] 200 mode=pro startsWith=bees (758ms direct)
[w0:ab:pro] "bees" → 14 records, 14 words (incl. exact "bees")
[w0:ab:pro] "bees" branch complete
[w0:ab:pro] Saved 44,665 worker words
[w0:ab:pro] Searching "beet" | queue=598 | words=44665
[w0:ab:pro] Pacing 15s before "beet" (gap=15500ms)
[w0:ab:pro] Managed Turnstile token (len=816, 7782ms, remount)
[w0:ab:pro] [api] 200 mode=pro startsWith=beet
[w0:ab:pro] [api] 200 mode=pro startsWith=beet (608ms direct)
[w0:ab:pro] "beet" → 42 records, 42 words (incl. exact "beet")
[w0:ab:pro] "beet" branch complete
[w0:ab:pro] Saved 44,707 worker words
[w0:ab:pro] Searching "beeu" | queue=597 | words=44707
[w0:ab:pro] Pacing 15s before "beeu" (gap=15500ms)
[w0:ab:pro] Managed Turnstile miss (15199ms)
[w0:ab:pro] Failed "beeu" attempt 1: No Turnstile token for direct search
[w0:ab:pro] Saved 44,707 worker words
[w0:ab:pro] Turnstile miss — soft reload before rotate
[w0:ab:pro] heartbeat words=44707 queue=598 rotation=7 idle=17s
[w0:ab:pro] Site Turnstile remint timed out (10498ms)
[w0:ab:pro] Soft reload mint failed — rotating immediately
[w0:ab:pro] Tor NEWNYM gen=10; waiting 8000ms
[w0:ab:pro] Tor exit 192.42.116.16 already used by another worker (try 1/6)
[w0:ab:pro] Tor NEWNYM gen=11; waiting 8000ms
[w0:ab:pro] Tor ready on 19050 exit=185.227.68.78
[w0:ab:pro] Rotating IP (#8, try 1) after No Turnstile token for direct search → tor#9 socks5://127.0.0.1:19050
[w0:ab:pro] Launching persistent Chrome profile /tmp/lll-pw-w0-r8
[w0:ab:pro] Proxy tor#9 socks5://127.0.0.1:19050
[w0:ab:pro] Opening https://lastletterlibrary.com
[w0:ab:pro] Library mode=pro
[w0:ab:pro] Turnstile token present (len=837)
[w0:ab:pro] Site Turnstile token (19525ms)
[w0:ab:pro] Search mode=direct (skip UI Wait Ns… gate)
[w0:ab:pro] Cleaned 1 old rotated profile(s)
[w0:ab:pro] Searching "beeu" | queue=597 | words=44707
[w0:ab:pro] [api] 200 mode=pro startsWith=beeu
[w0:ab:pro] [api] 200 mode=pro startsWith=beeu (491ms direct)
[w0:ab:pro] "beeu" → 0 records, 0 words
[w0:ab:pro] "beeu" branch complete
[w0:ab:pro] Saved 44,707 worker words
[w0:ab:pro] Searching "beev" | queue=596 | words=44707
[w0:ab:pro] Pacing 15s before "beev" (gap=15500ms)
[w0:ab:pro] heartbeat words=44707 queue=596 rotation=8 idle=5s
[w0:ab:pro] Managed Turnstile miss (15046ms)
[w0:ab:pro] Failed "beev" attempt 1: No Turnstile token for direct search
[w0:ab:pro] Saved 44,707 worker words
[w0:ab:pro] Turnstile miss — soft reload before rotate
[w0:ab:pro] Site Turnstile remint timed out (9371ms)
[w0:ab:pro] Soft reload mint failed — rotating immediately
[w0:ab:pro] Tor NEWNYM gen=12; waiting 8000ms
[w0:ab:pro] Tor ready on 19050 exit=45.84.107.17
[w0:ab:pro] Rotating IP (#9, try 1) after No Turnstile token for direct search → tor#10 socks5://127.0.0.1:19050
[w0:ab:pro] Launching persistent Chrome profile /tmp/lll-pw-w0-r9
[w0:ab:pro] Proxy tor#10 socks5://127.0.0.1:19050
[w0:ab:pro] Opening https://lastletterlibrary.com
[w0:ab:pro] Library mode=pro
[w0:ab:pro] Managed Turnstile token (len=816, 4237ms, remount)
[w0:ab:pro] Search mode=direct (skip UI Wait Ns… gate)
[w0:ab:pro] Cleaned 1 old rotated profile(s)
[w0:ab:pro] Searching "beev" | queue=596 | words=44707
[w0:ab:pro] [api] 200 mode=pro startsWith=beev
[w0:ab:pro] [api] 200 mode=pro startsWith=beev (696ms direct)
[w0:ab:pro] "beev" → 3 records, 3 words
[w0:ab:pro] "beev" branch complete
[w0:ab:pro] Saved 44,710 worker words
[w0:ab:pro] Searching "beew" | queue=595 | words=44710
[w0:ab:pro] Pacing 15s before "beew" (gap=15500ms)
[w0:ab:pro] Managed Turnstile token (len=816, 4294ms, remount)
[w0:ab:pro] [api] 200 mode=pro startsWith=beew
[w0:ab:pro] [api] 200 mode=pro startsWith=beew (489ms direct)
[w0:ab:pro] "beew" → 6 records, 6 words
[w0:ab:pro] "beew" branch complete
[w0:ab:pro] Saved 44,716 worker words
[w0:ab:pro] Searching "beex" | queue=594 | words=44716
[w0:ab:pro] Pacing 15s before "beex" (gap=15500ms)
[w0:ab:pro] heartbeat words=44716 queue=594 rotation=9 idle=4s
[w0:ab:pro] Managed Turnstile token (len=816, 4710ms, remount)
[w0:ab:pro] [api] 200 mode=pro startsWith=beex
[w0:ab:pro] [api] 200 mode=pro startsWith=beex (469ms direct)
[w0:ab:pro] "beex" → 0 records, 0 words
[w0:ab:pro] "beex" branch complete
[w0:ab:pro] Saved 44,716 worker words; shared last.txt now 418,823
[w0:ab:pro] Searching "beey" | queue=593 | words=44716
[w0:ab:pro] Pacing 15s before "beey" (gap=15500ms)
[w0:ab:pro] Managed Turnstile token (len=816, 5065ms, remount)
[w0:ab:pro] [api] 200 mode=pro startsWith=beey
[w0:ab:pro] [api] 200 mode=pro startsWith=beey (658ms direct)
[w0:ab:pro] "beey" → 2 records, 2 words
[w0:ab:pro] "beey" branch complete
[w0:ab:pro] Saved 44,718 worker words
[w0:ab:pro] Searching "beez" | queue=592 | words=44718
[w0:ab:pro] Pacing 15s before "beez" (gap=15500ms)
[w0:ab:pro] Managed Turnstile token (len=816, 5631ms, remount)
[w0:ab:pro] [api] 200 mode=pro startsWith=beez
[w0:ab:pro] [api] 200 mode=pro startsWith=beez (439ms direct)
[w0:ab:pro] "beez" → 2 records, 2 words
[w0:ab:pro] "beez" branch complete
[w0:ab:pro] Saved 44,720 worker words
[w0:ab:pro] Searching "befo" | queue=591 | words=44720
[w0:ab:pro] Pacing 15s before "befo" (gap=15500ms)
[w0:ab:pro] Managed Turnstile token (len=816, 4155ms, remount)
[w0:ab:pro] [api] 200 mode=pro startsWith=befo
[w0:ab:pro] [api] 200 mode=pro startsWith=befo (468ms direct)
[w0:ab:pro] "befo" → 40 records, 40 words
[w0:ab:pro] "befo" branch complete
[w0:ab:pro] Saved 44,732 worker words
[w0:ab:pro] Searching "befp" | queue=590 | words=44732
[w0:ab:pro] Pacing 15s before "befp" (gap=15500ms)
[w0:ab:pro] heartbeat words=44732 queue=590 rotation=9 idle=2s
[w0:ab:pro] Managed Turnstile token (len=816, 4696ms, remount)
[w0:ab:pro] [api] 200 mode=pro startsWith=befp
[w0:ab:pro] [api] 200 mode=pro startsWith=befp (2057ms direct)
[w0:ab:pro] "befp" → 0 records, 0 words
[w0:ab:pro] "befp" branch complete
[w0:ab:pro] Saved 44,732 worker words
[w0:ab:pro] Searching "befq" | queue=589 | words=44732
[w0:ab:pro] Pacing 14s before "befq" (gap=15500ms)
[w0:ab:pro] Managed Turnstile token (len=816, 6123ms, remount)
[w0:ab:pro] [api] 429 mode=pro startsWith=befq
[w0:ab:pro] [api] 429 mode=pro startsWith=befq (454ms direct)
[w0:ab:pro] Learned server gap ≈ 15500ms (wait hint 3000ms)
[w0:ab:pro] Rate limited — inline wait 3000ms then retry "befq"
[w0:ab:pro] Managed Turnstile token (len=816, 4150ms, remount)
[w0:ab:pro] [api] 200 mode=pro startsWith=befq
[w0:ab:pro] [api] 200 mode=pro startsWith=befq (468ms direct)
[w0:ab:pro] "befq" → 0 records, 0 words
[w0:ab:pro] "befq" branch complete
[w0:ab:pro] Saved 44,732 worker words
[w0:ab:pro] Searching "befr" | queue=588 | words=44732
[w0:ab:pro] Pacing 15s before "befr" (gap=15500ms)
[w0:ab:pro] Managed Turnstile token (len=816, 8571ms, remount)
[w0:ab:pro] [api] 200 mode=pro startsWith=befr
[w0:ab:pro] [api] 200 mode=pro startsWith=befr (670ms direct)
[w0:ab:pro] "befr" → 26 records, 26 words
[w0:ab:pro] "befr" branch complete
[w0:ab:pro] Saved 44,758 worker words
[w0:ab:pro] Searching "befs" | queue=587 | words=44758
[w0:ab:pro] Pacing 15s before "befs" (gap=15500ms)
[w0:ab:pro] Managed Turnstile token (len=816, 8433ms, remount)
[w0:ab:pro] heartbeat words=44758 queue=587 rotation=9 idle=11s
[w0:ab:pro] [api] 200 mode=pro startsWith=befs
[w0:ab:pro] [api] 200 mode=pro startsWith=befs (450ms direct)
[w0:ab:pro] "befs" → 0 records, 0 words
[w0:ab:pro] "befs" branch complete
[w0:ab:pro] Saved 44,758 worker words
[w0:ab:pro] Searching "beft" | queue=586 | words=44758
[w0:ab:pro] Pacing 15s before "beft" (gap=15500ms)
[w0:ab:pro] Managed Turnstile token (len=816, 10701ms, remount)
[w0:ab:pro] [api] 200 mode=pro startsWith=beft
[w0:ab:pro] [api] 200 mode=pro startsWith=beft (583ms direct)
[w0:ab:pro] "beft" → 0 records, 0 words
[w0:ab:pro] "beft" branch complete
[w0:ab:pro] Saved 44,758 worker words; shared last.txt now 419,397
[w0:ab:pro] Searching "befu" | queue=585 | words=44758
[w0:ab:pro] Pacing 15s before "befu" (gap=15500ms)
[w0:ab:pro] Managed Turnstile token (len=816, 12214ms, remount)
[w0:ab:pro] [api] 200 mode=pro startsWith=befu
[w0:ab:pro] [api] 200 mode=pro startsWith=befu (488ms direct)
[w0:ab:pro] "befu" → 12 records, 12 words
[w0:ab:pro] "befu" branch complete
[w0:ab:pro] Saved 44,770 worker words
[w0:ab:pro] Searching "befv" | queue=584 | words=44770
[w0:ab:pro] Pacing 15s before "befv" (gap=15500ms)
[w0:ab:pro] Managed Turnstile token (len=816, 10847ms, remount)
[w0:ab:pro] [api] 200 mode=pro startsWith=befv
[w0:ab:pro] [api] 200 mode=pro startsWith=befv (567ms direct)
[w0:ab:pro] "befv" → 0 records, 0 words
[w0:ab:pro] "befv" branch complete
[w0:ab:pro] Saved 44,770 worker words
[w0:ab:pro] Searching "befw" | queue=583 | words=44770
[w0:ab:pro] Pacing 15s before "befw" (gap=15500ms)
[w0:ab:pro] Managed Turnstile token (len=816, 4308ms, remount)
[w0:ab:pro] heartbeat words=44770 queue=583 rotation=9 idle=9s
[w0:ab:pro] [api] 200 mode=pro startsWith=befw
[w0:ab:pro] [api] 200 mode=pro startsWith=befw (477ms direct)
[w0:ab:pro] "befw" → 0 records, 0 words
[w0:ab:pro] "befw" branch complete
[w0:ab:pro] Saved 44,770 worker words
[w0:ab:pro] Searching "befx" | queue=582 | words=44770
[w0:ab:pro] Pacing 15s before "befx" (gap=15500ms)
[w0:ab:pro] Managed Turnstile token (len=816, 4527ms, remount)
[w0:ab:pro] [api] 200 mode=pro startsWith=befx
[w0:ab:pro] [api] 200 mode=pro startsWith=befx (507ms direct)
[w0:ab:pro] "befx" → 0 records, 0 words
[w0:ab:pro] "befx" branch complete
[w0:ab:pro] Saved 44,770 worker words
[w0:ab:pro] Searching "befy" | queue=581 | words=44770
[w0:ab:pro] Pacing 15s before "befy" (gap=15500ms)
[w0:ab:pro] Managed Turnstile token (len=816, 4162ms, remount)
[w0:ab:pro] [api] 200 mode=pro startsWith=befy
[w0:ab:pro] [api] 200 mode=pro startsWith=befy (892ms direct)
[w0:ab:pro] "befy" → 0 records, 0 words
[w0:ab:pro] "befy" branch complete
[w0:ab:pro] Saved 44,770 worker words
[w0:ab:pro] Searching "befz" | queue=580 | words=44770
[w0:ab:pro] Pacing 15s before "befz" (gap=15500ms)
[w0:ab:pro] Managed Turnstile token (len=816, 4359ms, remount)
[w0:ab:pro] [api] 200 mode=pro startsWith=befz
[w0:ab:pro] [api] 200 mode=pro startsWith=befz (586ms direct)
[w0:ab:pro] "befz" → 0 records, 0 words
[w0:ab:pro] "befz" branch complete
[w0:ab:pro] Saved 44,770 worker words
[w0:ab:pro] Searching "begi" | queue=579 | words=44770
[w0:ab:pro] Pacing 15s before "begi" (gap=15500ms)
[w0:ab:pro] Managed Turnstile token (len=816, 4008ms, remount)
[w0:ab:pro] heartbeat words=44770 queue=579 rotation=9 idle=7s
[w0:ab:pro] [api] 200 mode=pro startsWith=begi
[w0:ab:pro] [api] 200 mode=pro startsWith=begi (452ms direct)
[w0:ab:pro] "begi" → 30 records, 30 words
[w0:ab:pro] "begi" branch complete
[w0:ab:pro] Saved 44,783 worker words
[w0:ab:pro] Searching "begj" | queue=578 | words=44783
[w0:ab:pro] Pacing 15s before "begj" (gap=15500ms)
[w0:ab:pro] Managed Turnstile token (len=816, 4890ms, remount)
[w0:ab:pro] [api] 200 mode=pro startsWith=begj
[w0:ab:pro] [api] 200 mode=pro startsWith=begj (423ms direct)
[w0:ab:pro] "begj" → 0 records, 0 words
[w0:ab:pro] "begj" branch complete
[w0:ab:pro] Saved 44,783 worker words; shared last.txt now 420,451
[w0:ab:pro] Searching "begk" | queue=577 | words=44783
[w0:ab:pro] Pacing 15s before "begk" (gap=15500ms)
[w0:ab:pro] Managed Turnstile token (len=816, 4149ms, remount)
[w0:ab:pro] [api] 200 mode=pro startsWith=begk
[w0:ab:pro] [api] 200 mode=pro startsWith=begk (474ms direct)
[w0:ab:pro] "begk" → 0 records, 0 words
[w0:ab:pro] "begk" branch complete
[w0:ab:pro] Saved 44,783 worker words
[w0:ab:pro] Searching "begl" | queue=576 | words=44783
[w0:ab:pro] Pacing 15s before "begl" (gap=15500ms)
[w0:ab:pro] Managed Turnstile token (len=816, 10298ms, remount)
[w0:ab:pro] [api] 200 mode=pro startsWith=begl
[w0:ab:pro] [api] 200 mode=pro startsWith=begl (457ms direct)
[w0:ab:pro] "begl" → 34 records, 34 words
[w0:ab:pro] "begl" branch complete
[w0:ab:pro] Saved 44,817 worker words
[w0:ab:pro] Searching "begm" | queue=575 | words=44817
[w0:ab:pro] Pacing 15s before "begm" (gap=15500ms)
[w0:ab:pro] heartbeat words=44817 queue=575 rotation=9 idle=5s
[w0:ab:pro] Managed Turnstile token (len=816, 5811ms, remount)
[w0:ab:pro] [api] 200 mode=pro startsWith=begm
[w0:ab:pro] [api] 200 mode=pro startsWith=begm (523ms direct)
[w0:ab:pro] "begm" → 0 records, 0 words
[w0:ab:pro] "begm" branch complete
[w0:ab:pro] Saved 44,817 worker words
[w0:ab:pro] Searching "begn" | queue=574 | words=44817
[w0:ab:pro] Pacing 15s before "begn" (gap=15500ms)
[w0:ab:pro] Managed Turnstile miss (15127ms)
[w0:ab:pro] Failed "begn" attempt 1: No Turnstile token for direct search
[w0:ab:pro] Saved 44,817 worker words
[w0:ab:pro] Turnstile miss — soft reload before rotate
[w0:ab:pro] Turnstile token present (len=816)
[w0:ab:pro] Site Turnstile token (5675ms)
[w0:ab:pro] Searching "begn" | queue=574 | words=44817
[w0:ab:pro] [api] 200 mode=pro startsWith=begn
[w0:ab:pro] [api] 200 mode=pro startsWith=begn (432ms direct)
[w0:ab:pro] "begn" → 5 records, 5 words
[w0:ab:pro] "begn" branch complete
[w0:ab:pro] Saved 44,822 worker words
[w0:ab:pro] Searching "bego" | queue=573 | words=44822
[w0:ab:pro] Pacing 16s before "bego" (gap=15500ms)
[w0:ab:pro] Managed Turnstile token (len=816, 3897ms, remount)
[w0:ab:pro] [api] 200 mode=pro startsWith=bego
[w0:ab:pro] [api] 200 mode=pro startsWith=bego (504ms direct)
[w0:ab:pro] "bego" → 25 records, 25 words (incl. exact "bego")
[w0:ab:pro] "bego" branch complete
[w0:ab:pro] Saved 44,847 worker words
[w0:ab:pro] Searching "begp" | queue=572 | words=44847
[w0:ab:pro] Pacing 15s before "begp" (gap=15500ms)
[w0:ab:pro] Managed Turnstile token (len=816, 5650ms, remount)
[w0:ab:pro] heartbeat words=44847 queue=572 rotation=9 idle=10s
[w0:ab:pro] [api] 200 mode=pro startsWith=begp
[w0:ab:pro] [api] 200 mode=pro startsWith=begp (463ms direct)
[w0:ab:pro] "begp" → 0 records, 0 words
[w0:ab:pro] "begp" branch complete
[w0:ab:pro] Saved 44,847 worker words
[w0:ab:pro] Searching "begq" | queue=571 | words=44847
[w0:ab:pro] Pacing 15s before "begq" (gap=15500ms)
[w0:ab:pro] Managed Turnstile miss (15077ms)
[w0:ab:pro] Failed "begq" attempt 1: No Turnstile token for direct search
[w0:ab:pro] Saved 44,847 worker words; shared last.txt now 420,872
[w0:ab:pro] Turnstile miss — soft reload before rotate
[w0:ab:pro] Site Turnstile remint timed out (10320ms)
[w0:ab:pro] Soft reload mint failed — rotating immediately
[w0:ab:pro] Tor NEWNYM gen=13; waiting 8000ms
[w0:ab:pro] Tor ready on 19050 exit=45.84.107.55
[w0:ab:pro] Rotating IP (#10, try 1) after No Turnstile token for direct search → tor#11 socks5://127.0.0.1:19050
[w0:ab:pro] Launching persistent Chrome profile /tmp/lll-pw-w0-r10
[w0:ab:pro] Proxy tor#11 socks5://127.0.0.1:19050
[w0:ab:pro] Opening https://lastletterlibrary.com
[w0:ab:pro] Library mode=pro
[w0:ab:pro] Managed Turnstile token (len=816, 6732ms, remount)
[w0:ab:pro] Search mode=direct (skip UI Wait Ns… gate)
[w0:ab:pro] Cleaned 1 old rotated profile(s)
[w0:ab:pro] Searching "begq" | queue=571 | words=44847
[w0:ab:pro] [api] 200 mode=pro startsWith=begq
[w0:ab:pro] [api] 200 mode=pro startsWith=begq (1111ms direct)
[w0:ab:pro] "begq" → 0 records, 0 words
[w0:ab:pro] "begq" branch complete
[w0:ab:pro] Saved 44,847 worker words
[w0:ab:pro] Searching "begr" | queue=570 | words=44847
[w0:ab:pro] Pacing 15s before "begr" (gap=15500ms)
[w0:ab:pro] heartbeat words=44847 queue=570 rotation=10 idle=1s
[w0:ab:pro] Managed Turnstile token (len=816, 10288ms, remount)
[w0:ab:pro] [api] 429 mode=pro startsWith=begr
[w0:ab:pro] [api] 429 mode=pro startsWith=begr (624ms direct)
[w0:ab:pro] Learned server gap ≈ 15500ms (wait hint 2000ms)
[w0:ab:pro] Rate limited — inline wait 2000ms then retry "begr"
[w0:ab:pro] Managed Turnstile token (len=816, 5706ms, remount)
[w0:ab:pro] [api] 200 mode=pro startsWith=begr
[w0:ab:pro] [api] 200 mode=pro startsWith=begr (608ms direct)
[w0:ab:pro] "begr" → 34 records, 34 words
[w0:ab:pro] "begr" branch complete
[w0:ab:pro] Saved 44,881 worker words
[w0:ab:pro] Searching "begs" | queue=569 | words=44881
[w0:ab:pro] Pacing 15s before "begs" (gap=15500ms)
[w0:ab:pro] Managed Turnstile token (len=816, 6654ms, remount)
[w0:ab:pro] [api] 200 mode=pro startsWith=begs
[w0:ab:pro] [api] 200 mode=pro startsWith=begs (471ms direct)
[w0:ab:pro] "begs" → 2 records, 2 words (incl. exact "begs")
[w0:ab:pro] "begs" branch complete
[w0:ab:pro] Saved 44,883 worker words
[w0:ab:pro] Searching "begt" | queue=568 | words=44883
[w0:ab:pro] Pacing 15s before "begt" (gap=15500ms)
[w0:ab:pro] Managed Turnstile token (len=816, 7254ms, remount)
[w0:ab:pro] [api] 200 mode=pro startsWith=begt
[w0:ab:pro] [api] 200 mode=pro startsWith=begt (766ms direct)
[w0:ab:pro] "begt" → 0 records, 0 words
[w0:ab:pro] "begt" branch complete
[w0:ab:pro] Saved 44,883 worker words
[w0:ab:pro] Searching "begu" | queue=567 | words=44883
[w0:ab:pro] Pacing 15s before "begu" (gap=15500ms)
[w0:ab:pro] Managed Turnstile token (len=816, 5656ms, remount)
[w0:ab:pro] heartbeat words=44883 queue=567 rotation=10 idle=9s
[w0:ab:pro] [api] 200 mode=pro startsWith=begu
[w0:ab:pro] [api] 200 mode=pro startsWith=begu (492ms direct)
[w0:ab:pro] "begu" → 33 records, 33 words
[w0:ab:pro] "begu" branch complete
[w0:ab:pro] Saved 44,916 worker words
[w0:ab:pro] Searching "begv" | queue=566 | words=44916
[w0:ab:pro] Pacing 15s before "begv" (gap=15500ms)
[w0:ab:pro] Managed Turnstile token (len=816, 6429ms, remount)
[w0:ab:pro] [api] 200 mode=pro startsWith=begv
[w0:ab:pro] [api] 200 mode=pro startsWith=begv (564ms direct)
[w0:ab:pro] "begv" → 0 records, 0 words
[w0:ab:pro] "begv" branch complete
[w0:ab:pro] Saved 44,916 worker words
[w0:ab:pro] Searching "begw" | queue=565 | words=44916
[w0:ab:pro] Pacing 15s before "begw" (gap=15500ms)
[w0:ab:pro] Managed Turnstile token (len=816, 5225ms, remount)
[w0:ab:pro] [api] 200 mode=pro startsWith=begw
[w0:ab:pro] [api] 200 mode=pro startsWith=begw (611ms direct)
[w0:ab:pro] "begw" → 0 records, 0 words
[w0:ab:pro] "begw" branch complete
[w0:ab:pro] Saved 44,916 worker words
[w0:ab:pro] Searching "begx" | queue=564 | words=44916
[w0:ab:pro] Pacing 15s before "begx" (gap=15500ms)
[w0:ab:pro] Managed Turnstile token (len=816, 5554ms, remount)
[w0:ab:pro] [api] 200 mode=pro startsWith=begx
[w0:ab:pro] [api] 200 mode=pro startsWith=begx (525ms direct)
[w0:ab:pro] "begx" → 0 records, 0 words
[w0:ab:pro] "begx" branch complete
[w0:ab:pro] Saved 44,916 worker words; shared last.txt now 422,124
[w0:ab:pro] Searching "begy" | queue=563 | words=44916
[w0:ab:pro] Pacing 15s before "begy" (gap=15500ms)
[w0:ab:pro] Managed Turnstile token (len=816, 5490ms, remount)
[w0:ab:pro] heartbeat words=44916 queue=563 rotation=10 idle=6s
[w0:ab:pro] [api] 200 mode=pro startsWith=begy
[w0:ab:pro] [api] 200 mode=pro startsWith=begy (541ms direct)
[w0:ab:pro] "begy" → 0 records, 0 words
[w0:ab:pro] "begy" branch complete
[w0:ab:pro] Saved 44,916 worker words
[w0:ab:pro] Searching "begz" | queue=562 | words=44916
[w0:ab:pro] Pacing 15s before "begz" (gap=15500ms)
[w0:ab:pro] Managed Turnstile token (len=816, 11608ms, remount)
[w0:ab:pro] [api] 200 mode=pro startsWith=begz
[w0:ab:pro] [api] 200 mode=pro startsWith=begz (625ms direct)
[w0:ab:pro] "begz" → 0 records, 0 words
[w0:ab:pro] "begz" branch complete
[w0:ab:pro] Saved 44,916 worker words
[w0:ab:pro] Searching "beho" | queue=561 | words=44916
[w0:ab:pro] Pacing 15s before "beho" (gap=15500ms)
[w0:ab:pro] Managed Turnstile token (len=816, 13190ms, remount)
[w0:ab:pro] [api] 200 mode=pro startsWith=beho
[w0:ab:pro] [api] 200 mode=pro startsWith=beho (534ms direct)
[w0:ab:pro] "beho" → 39 records, 39 words
[w0:ab:pro] "beho" branch complete
[w0:ab:pro] Saved 44,933 worker words
[w0:ab:pro] Searching "behp" | queue=560 | words=44933
[w0:ab:pro] Pacing 15s before "behp" (gap=15500ms)
[w0:ab:pro] Managed Turnstile miss (15106ms)
[w0:ab:pro] Failed "behp" attempt 1: No Turnstile token for direct search
[w0:ab:pro] Saved 44,933 worker words
[w0:ab:pro] Turnstile miss — soft reload before rotate
[w0:ab:pro] heartbeat words=44933 queue=561 rotation=10 idle=20s
[w0:ab:pro] Turnstile token present (len=816)
[w0:ab:pro] Site Turnstile token (5352ms)
[w0:ab:pro] Searching "behp" | queue=560 | words=44933
[w0:ab:pro] [api] 200 mode=pro startsWith=behp
[w0:ab:pro] [api] 200 mode=pro startsWith=behp (419ms direct)
[w0:ab:pro] "behp" → 0 records, 0 words
[w0:ab:pro] "behp" branch complete
[w0:ab:pro] Saved 44,933 worker words
[w0:ab:pro] Searching "behq" | queue=559 | words=44933
[w0:ab:pro] Pacing 16s before "behq" (gap=15500ms)
[w0:ab:pro] Managed Turnstile token (len=816, 5652ms, remount)
[w0:ab:pro] [api] 200 mode=pro startsWith=behq
[w0:ab:pro] [api] 200 mode=pro startsWith=behq (463ms direct)
[w0:ab:pro] "behq" → 0 records, 0 words
[w0:ab:pro] "behq" branch complete
[w0:ab:pro] Saved 44,933 worker words
[w0:ab:pro] Searching "behr" | queue=558 | words=44933
[w0:ab:pro] Pacing 15s before "behr" (gap=15500ms)
[w0:ab:pro] Managed Turnstile token (len=816, 4714ms, remount)
[w0:ab:pro] [api] 200 mode=pro startsWith=behr
[w0:ab:pro] [api] 200 mode=pro startsWith=behr (516ms direct)
[w0:ab:pro] "behr" → 0 records, 0 words
[w0:ab:pro] "behr" branch complete
[w0:ab:pro] Saved 44,933 worker words
[w0:ab:pro] Searching "behs" | queue=557 | words=44933
[w0:ab:pro] Pacing 15s before "behs" (gap=15500ms)
[w0:ab:pro] Managed Turnstile token (len=816, 4321ms, remount)
[w0:ab:pro] [api] 200 mode=pro startsWith=behs
[w0:ab:pro] [api] 200 mode=pro startsWith=behs (462ms direct)
[w0:ab:pro] "behs" → 0 records, 0 words
[w0:ab:pro] "behs" branch complete
[w0:ab:pro] Saved 44,933 worker words; shared last.txt now 422,346
[w0:ab:pro] Searching "beht" | queue=556 | words=44933
[w0:ab:pro] Pacing 15s before "beht" (gap=15500ms)
[w0:ab:pro] Managed Turnstile token (len=816, 3911ms, remount)
[w0:ab:pro] heartbeat words=44933 queue=556 rotation=10 idle=11s
[w0:ab:pro] [api] 200 mode=pro startsWith=beht
[w0:ab:pro] [api] 200 mode=pro startsWith=beht (548ms direct)
[w0:ab:pro] "beht" → 0 records, 0 words
[w0:ab:pro] "beht" branch complete
[w0:ab:pro] Saved 44,933 worker words
[w0:ab:pro] Searching "behu" | queue=555 | words=44933
[w0:ab:pro] Pacing 15s before "behu" (gap=15500ms)
[w0:ab:pro] Managed Turnstile token (len=816, 5291ms, remount)
[w0:ab:pro] [api] 200 mode=pro startsWith=behu
[w0:ab:pro] [api] 200 mode=pro startsWith=behu (445ms direct)
[w0:ab:pro] "behu" → 2 records, 2 words
[w0:ab:pro] "behu" branch complete
[w0:ab:pro] Saved 44,935 worker words
[w0:ab:pro] Searching "behv" | queue=554 | words=44935
[w0:ab:pro] Pacing 15s before "behv" (gap=15500ms)
[w0:ab:pro] Managed Turnstile token (len=816, 3897ms, remount)
[w0:ab:pro] [api] 200 mode=pro startsWith=behv
[w0:ab:pro] [api] 200 mode=pro startsWith=behv (478ms direct)
[w0:ab:pro] "behv" → 0 records, 0 words
[w0:ab:pro] "behv" branch complete
[w0:ab:pro] Saved 44,935 worker words
[w0:ab:pro] Searching "behw" | queue=553 | words=44935
[w0:ab:pro] Pacing 15s before "behw" (gap=15500ms)
[w0:ab:pro] Managed Turnstile token (len=816, 5407ms, remount)
[w0:ab:pro] [api] 200 mode=pro startsWith=behw
[w0:ab:pro] [api] 200 mode=pro startsWith=behw (465ms direct)
[w0:ab:pro] "behw" → 0 records, 0 words
[w0:ab:pro] "behw" branch complete
[w0:ab:pro] Saved 44,935 worker words
[w0:ab:pro] Searching "behx" | queue=552 | words=44935
[w0:ab:pro] Pacing 15s before "behx" (gap=15500ms)
[w0:ab:pro] Managed Turnstile token (len=816, 3921ms, remount)
[w0:ab:pro] heartbeat words=44935 queue=552 rotation=10 idle=9s
[w0:ab:pro] [api] 200 mode=pro startsWith=behx
[w0:ab:pro] [api] 200 mode=pro startsWith=behx (466ms direct)
[w0:ab:pro] "behx" → 0 records, 0 words
[w0:ab:pro] "behx" branch complete
[w0:ab:pro] Saved 44,935 worker words
[w0:ab:pro] Searching "behy" | queue=551 | words=44935
[w0:ab:pro] Pacing 15s before "behy" (gap=15500ms)
[w0:ab:pro] Managed Turnstile token (len=816, 4448ms, remount)
[w0:ab:pro] [api] 200 mode=pro startsWith=behy
[w0:ab:pro] [api] 200 mode=pro startsWith=behy (629ms direct)
[w0:ab:pro] "behy" → 2 records, 2 words
[w0:ab:pro] "behy" branch complete
[w0:ab:pro] Saved 44,937 worker words
[w0:ab:pro] Searching "behz" | queue=550 | words=44937
[w0:ab:pro] Pacing 15s before "behz" (gap=15500ms)
[w0:ab:pro] Managed Turnstile token (len=816, 6457ms, remount)
[w0:ab:pro] [api] 200 mode=pro startsWith=behz
[w0:ab:pro] [api] 200 mode=pro startsWith=behz (448ms direct)
[w0:ab:pro] "behz" → 0 records, 0 words
[w0:ab:pro] "behz" branch complete
[w0:ab:pro] Saved 44,937 worker words
[w0:ab:pro] Searching "bele" | queue=549 | words=44937
[w0:ab:pro] Pacing 15s before "bele" (gap=15500ms)
[w0:ab:pro] Managed Turnstile token (len=816, 4635ms, remount)
[w0:ab:pro] [api] 200 mode=pro startsWith=bele
[w0:ab:pro] [api] 200 mode=pro startsWith=bele (531ms direct)
[w0:ab:pro] "bele" → 33 records, 33 words
[w0:ab:pro] "bele" branch complete
[w0:ab:pro] Saved 44,953 worker words; shared last.txt now 422,441
[w0:ab:pro] Searching "belf" | queue=548 | words=44953
[w0:ab:pro] Pacing 15s before "belf" (gap=15500ms)
[w0:ab:pro] heartbeat words=44953 queue=548 rotation=10 idle=7s
[w0:ab:pro] Managed Turnstile token (len=816, 14214ms, remount)
[w0:ab:pro] [api] 200 mode=pro startsWith=belf
[w0:ab:pro] [api] 200 mode=pro startsWith=belf (475ms direct)
[w0:ab:pro] "belf" → 5 records, 5 words
[w0:ab:pro] "belf" branch complete
[w0:ab:pro] Saved 44,958 worker words
[w0:ab:pro] Searching "belg" | queue=547 | words=44958
[w0:ab:pro] Pacing 15s before "belg" (gap=15500ms)
[w0:ab:pro] Managed Turnstile miss (15204ms)
[w0:ab:pro] Failed "belg" attempt 1: No Turnstile token for direct search
[w0:ab:pro] Saved 44,958 worker words
[w0:ab:pro] Turnstile miss — soft reload before rotate
[w0:ab:pro] Site Turnstile remint timed out (12156ms)
[w0:ab:pro] Soft reload mint failed — rotating immediately
[w0:ab:pro] Tor NEWNYM gen=14; waiting 8000ms
[w0:ab:pro] Tor ready on 19050 exit=185.220.100.244
[w0:ab:pro] Rotating IP (#11, try 1) after No Turnstile token for direct search → tor#12 socks5://127.0.0.1:19050
[w0:ab:pro] Launching persistent Chrome profile /tmp/lll-pw-w0-r11
[w0:ab:pro] Proxy tor#12 socks5://127.0.0.1:19050
[w0:ab:pro] Opening https://lastletterlibrary.com
[w0:ab:pro] Library mode=pro
[w0:ab:pro] heartbeat words=44958 queue=548 rotation=11 idle=52s
[w0:ab:pro] Site Turnstile remint timed out (22340ms)
[w0:ab:pro] Search mode=direct (skip UI Wait Ns… gate)
[w0:ab:pro] Cleaned 1 old rotated profile(s)
[w0:ab:pro] Searching "belg" | queue=547 | words=44958
[w0:ab:pro] Managed Turnstile miss (15058ms)
[w0:ab:pro] Failed "belg" attempt 1: No Turnstile token for direct search
[w0:ab:pro] Saved 44,958 worker words
[w0:ab:pro] Turnstile miss — soft reload before rotate
[w0:ab:pro] Turnstile token present (len=837)
[w0:ab:pro] Site Turnstile token (6637ms)
[w0:ab:pro] Searching "belg" | queue=547 | words=44958
[w0:ab:pro] [api] 200 mode=pro startsWith=belg
[w0:ab:pro] [api] 200 mode=pro startsWith=belg (526ms direct)
[w0:ab:pro] "belg" → 15 records, 15 words
[w0:ab:pro] "belg" branch complete
[w0:ab:pro] Saved 44,973 worker words
[w0:ab:pro] Searching "belh" | queue=546 | words=44973
[w0:ab:pro] Pacing 15s before "belh" (gap=15500ms)
[w0:ab:pro] Managed Turnstile miss (15063ms)
[w0:ab:pro] Failed "belh" attempt 1: No Turnstile token for direct search
[w0:ab:pro] Saved 44,973 worker words
[w0:ab:pro] Turnstile miss — soft reload before rotate
[w0:ab:pro] heartbeat words=44973 queue=547 rotation=11 idle=20s
[w0:ab:pro] Turnstile token present (len=837)
[w0:ab:pro] Site Turnstile token (6723ms)
[w0:ab:pro] Searching "belh" | queue=546 | words=44973
[w0:ab:pro] [api] 200 mode=pro startsWith=belh
[w0:ab:pro] [api] 200 mode=pro startsWith=belh (497ms direct)
[w0:ab:pro] "belh" → 0 records, 0 words
[w0:ab:pro] "belh" branch complete
[w0:ab:pro] Saved 44,973 worker words
[w0:ab:pro] Searching "beli" | queue=545 | words=44973
[w0:ab:pro] Pacing 15s before "beli" (gap=15500ms)
[w0:ab:pro] Managed Turnstile miss (15051ms)
[w0:ab:pro] Failed "beli" attempt 1: No Turnstile token for direct search
[w0:ab:pro] Saved 44,973 worker words
[w0:ab:pro] Turnstile miss — soft reload before rotate
[w0:ab:pro] Site Turnstile remint timed out (9761ms)
[w0:ab:pro] Soft reload mint failed — rotating immediately
[w0:ab:pro] Tor NEWNYM gen=15; waiting 8000ms
[w0:ab:pro] Tor ready on 19050 exit=109.70.100.12
[w0:ab:pro] Rotating IP (#12, try 1) after No Turnstile token for direct search → tor#13 socks5://127.0.0.1:19050
[w0:ab:pro] Launching persistent Chrome profile /tmp/lll-pw-w0-r12
[w0:ab:pro] Proxy tor#13 socks5://127.0.0.1:19050
[w0:ab:pro] Opening https://lastletterlibrary.com
[w0:ab:pro] Library mode=pro
[w0:ab:pro] Managed Turnstile token (len=816, 3378ms, remount)
[w0:ab:pro] Search mode=direct (skip UI Wait Ns… gate)
[w0:ab:pro] Cleaned 1 old rotated profile(s)
[w0:ab:pro] Searching "beli" | queue=545 | words=44973
[w0:ab:pro] [api] 200 mode=pro startsWith=beli
[w0:ab:pro] [api] 200 mode=pro startsWith=beli (582ms direct)
[w0:ab:pro] "beli" → 66 records, 66 words
[w0:ab:pro] "beli" branch complete
[w0:ab:pro] Saved 45,039 worker words; shared last.txt now 422,573
[w0:ab:pro] Searching "belj" | queue=544 | words=45039
[w0:ab:pro] Pacing 15s before "belj" (gap=15500ms)
[w0:ab:pro] Managed Turnstile token (len=816, 2717ms, remount)
[w0:ab:pro] heartbeat words=45039 queue=544 rotation=12 idle=11s
[w0:ab:pro] [api] 200 mode=pro startsWith=belj
[w0:ab:pro] [api] 200 mode=pro startsWith=belj (444ms direct)
[w0:ab:pro] "belj" → 0 records, 0 words
[w0:ab:pro] "belj" branch complete
[w0:ab:pro] Saved 45,039 worker words
[w0:ab:pro] Searching "belk" | queue=543 | words=45039
[w0:ab:pro] Pacing 15s before "belk" (gap=15500ms)
[w0:ab:pro] Managed Turnstile token (len=816, 3792ms, remount)
[w0:ab:pro] [api] 200 mode=pro startsWith=belk
[w0:ab:pro] [api] 200 mode=pro startsWith=belk (441ms direct)
[w0:ab:pro] "belk" → 2 records, 2 words (incl. exact "belk")
[w0:ab:pro] "belk" branch complete
[w0:ab:pro] Saved 45,041 worker words
[w0:ab:pro] Searching "bell" | queue=542 | words=45041
[w0:ab:pro] Pacing 15s before "bell" (gap=15500ms)
[w0:ab:pro] Managed Turnstile token (len=816, 3491ms, remount)
[w0:ab:pro] [api] 200 mode=pro startsWith=bell
[w0:ab:pro] [api] 200 mode=pro startsWith=bell (606ms direct)
[w0:ab:pro] "bell" → 100 records, 100 words (incl. exact "bell")
[w0:ab:pro] Pacing 15s before "bell" (gap=15500ms)
[w0:ab:pro] Managed Turnstile token (len=816, 3830ms, remount)
[w0:ab:pro] [api] 200 mode=pro startsWith=bell
[w0:ab:pro] [api] 200 mode=pro startsWith=bell sort=alphabetical:desc (436ms direct)
[w0:ab:pro] "bell" full page ends at "bellmaking" (next='m'); skip 26 covered groups → 2 children reverse Z→A ends at "belligerencies" (lo='i' hi='y'); skip 15 middle + 86 new words
[w0:ab:pro] Saved 45,227 worker words
[w0:ab:pro] Searching "belm" | queue=543 | words=45227
[w0:ab:pro] Pacing 16s before "belm" (gap=15500ms)
[w0:ab:pro] Managed Turnstile token (len=816, 3228ms, remount)
[w0:ab:pro] heartbeat words=45227 queue=543 rotation=12 idle=9s
[w0:ab:pro] [api] 200 mode=pro startsWith=belm
[w0:ab:pro] [api] 200 mode=pro startsWith=belm (420ms direct)
[w0:ab:pro] "belm" → 0 records, 0 words
[w0:ab:pro] "belm" branch complete
[w0:ab:pro] Saved 45,227 worker words
[w0:ab:pro] Searching "beln" | queue=542 | words=45227
[w0:ab:pro] Pacing 16s before "beln" (gap=15500ms)
[w0:ab:pro] Managed Turnstile token (len=816, 3740ms, remount)
[w0:ab:pro] [api] 200 mode=pro startsWith=beln
[w0:ab:pro] [api] 200 mode=pro startsWith=beln (431ms direct)
[w0:ab:pro] "beln" → 0 records, 0 words
[w0:ab:pro] "beln" branch complete
[w0:ab:pro] Saved 45,227 worker words
[w0:ab:pro] Searching "belo" | queue=541 | words=45227
[w0:ab:pro] Pacing 15s before "belo" (gap=15500ms)
[w0:ab:pro] Managed Turnstile token (len=816, 4460ms, remount)
[w0:ab:pro] [api] 200 mode=pro startsWith=belo
[w0:ab:pro] [api] 200 mode=pro startsWith=belo (422ms direct)
[w0:ab:pro] "belo" → 48 records, 48 words
[w0:ab:pro] "belo" branch complete
[w0:ab:pro] Saved 45,229 worker words
[w0:ab:pro] Searching "belz" | queue=540 | words=45229
[w0:ab:pro] Pacing 16s before "belz" (gap=15500ms)
[w0:ab:pro] Managed Turnstile token (len=816, 3334ms, remount)
[w0:ab:pro] [api] 200 mode=pro startsWith=belz
[w0:ab:pro] [api] 200 mode=pro startsWith=belz (433ms direct)
[w0:ab:pro] "belz" → 4 records, 4 words
[w0:ab:pro] "belz" branch complete
[w0:ab:pro] Saved 45,229 worker words
[w0:ab:pro] Searching "bemu" | queue=539 | words=45229
[w0:ab:pro] Pacing 15s before "bemu" (gap=15500ms)
[w0:ab:pro] Managed Turnstile token (len=816, 3840ms, remount)
[w0:ab:pro] heartbeat words=45229 queue=539 rotation=12 idle=7s
[w0:ab:pro] [api] 200 mode=pro startsWith=bemu
[w0:ab:pro] [api] 200 mode=pro startsWith=bemu (668ms direct)
[w0:ab:pro] "bemu" → 33 records, 33 words
[w0:ab:pro] "bemu" branch complete
[w0:ab:pro] Saved 45,229 worker words; shared last.txt now 422,891
[w0:ab:pro] Searching "bemv" | queue=538 | words=45229
[w0:ab:pro] Pacing 15s before "bemv" (gap=15500ms)
[w0:ab:pro] Managed Turnstile token (len=816, 3576ms, remount)
[w0:ab:pro] [api] 200 mode=pro startsWith=bemv
[w0:ab:pro] [api] 200 mode=pro startsWith=bemv (867ms direct)
[w0:ab:pro] "bemv" → 0 records, 0 words
[w0:ab:pro] "bemv" branch complete
[w0:ab:pro] Saved 45,229 worker words
[w0:ab:pro] Searching "bemw" | queue=537 | words=45229
[w0:ab:pro] Pacing 15s before "bemw" (gap=15500ms)
[w0:ab:pro] Managed Turnstile token (len=816, 3594ms, remount)
[w0:ab:pro] [api] 200 mode=pro startsWith=bemw
[w0:ab:pro] [api] 200 mode=pro startsWith=bemw (459ms direct)
[w0:ab:pro] "bemw" → 0 records, 0 words
[w0:ab:pro] "bemw" branch complete
[w0:ab:pro] Saved 45,229 worker words
[w0:ab:pro] Searching "bemx" | queue=536 | words=45229
[w0:ab:pro] Pacing 15s before "bemx" (gap=15500ms)
[w0:ab:pro] Managed Turnstile token (len=816, 4038ms, remount)
[w0:ab:pro] [api] 200 mode=pro startsWith=bemx
[w0:ab:pro] [api] 200 mode=pro startsWith=bemx (418ms direct)
[w0:ab:pro] "bemx" → 0 records, 0 words
[w0:ab:pro] "bemx" branch complete
[w0:ab:pro] Saved 45,229 worker words
[w0:ab:pro] Searching "bemy" | queue=535 | words=45229
[w0:ab:pro] Pacing 16s before "bemy" (gap=15500ms)
[w0:ab:pro] Managed Turnstile token (len=816, 4337ms, remount)
[w0:ab:pro] heartbeat words=45229 queue=535 rotation=12 idle=5s
[w0:ab:pro] [api] 200 mode=pro startsWith=bemy
[w0:ab:pro] [api] 200 mode=pro startsWith=bemy (625ms direct)
[w0:ab:pro] "bemy" → 0 records, 0 words
[w0:ab:pro] "bemy" branch complete
[w0:ab:pro] Saved 45,229 worker words
[w0:ab:pro] Searching "bemz" | queue=534 | words=45229
[w0:ab:pro] Pacing 15s before "bemz" (gap=15500ms)
[w0:ab:pro] Managed Turnstile token (len=816, 3595ms, remount)
[w0:ab:pro] [api] 200 mode=pro startsWith=bemz
[w0:ab:pro] [api] 200 mode=pro startsWith=bemz (409ms direct)
[w0:ab:pro] "bemz" → 0 records, 0 words
[w0:ab:pro] "bemz" branch complete
[w0:ab:pro] Saved 45,229 worker words
[w0:ab:pro] Searching "berg" | queue=533 | words=45229
[w0:ab:pro] Pacing 16s before "berg" (gap=15500ms)
[w0:ab:pro] Managed Turnstile token (len=816, 3787ms, remount)
[w0:ab:pro] [api] 200 mode=pro startsWith=berg
[w0:ab:pro] [api] 200 mode=pro startsWith=berg (433ms direct)
[w0:ab:pro] "berg" → 54 records, 54 words (incl. exact "berg")
[w0:ab:pro] "berg" branch complete
[w0:ab:pro] Saved 45,276 worker words
[w0:ab:pro] Searching "berh" | queue=532 | words=45276
[w0:ab:pro] Pacing 16s before "berh" (gap=15500ms)
[w0:ab:pro] Managed Turnstile token (len=816, 3841ms, remount)
[w0:ab:pro] [api] 200 mode=pro startsWith=berh
[w0:ab:pro] [api] 200 mode=pro startsWith=berh (433ms direct)
[w0:ab:pro] "berh" → 4 records, 4 words
[w0:ab:pro] "berh" branch complete
[w0:ab:pro] Saved 45,280 worker words
[w0:ab:pro] Searching "beri" | queue=531 | words=45280
[w0:ab:pro] Pacing 16s before "beri" (gap=15500ms)
[w0:ab:pro] heartbeat words=45280 queue=531 rotation=12 idle=3s
[w0:ab:pro] Managed Turnstile token (len=816, 4048ms, remount)
[w0:ab:pro] [api] 200 mode=pro startsWith=beri
[w0:ab:pro] [api] 200 mode=pro startsWith=beri (475ms direct)
[w0:ab:pro] "beri" → 23 records, 23 words (incl. exact "beri")
[w0:ab:pro] "beri" branch complete
[w0:ab:pro] Saved 45,303 worker words; shared last.txt now 423,091
[w0:ab:pro] Searching "berj" | queue=530 | words=45303
[w0:ab:pro] Pacing 15s before "berj" (gap=15500ms)
[w0:ab:pro] Managed Turnstile miss (15066ms)
[w0:ab:pro] Failed "berj" attempt 1: No Turnstile token for direct search
[w0:ab:pro] Saved 45,303 worker words
[w0:ab:pro] Turnstile miss — soft reload before rotate
[w0:ab:pro] Managed Turnstile token (len=816, 3854ms, remount)
[w0:ab:pro] Searching "berj" | queue=530 | words=45303
[w0:ab:pro] [api] 200 mode=pro startsWith=berj
[w0:ab:pro] [api] 200 mode=pro startsWith=berj (474ms direct)
[w0:ab:pro] "berj" → 0 records, 0 words
[w0:ab:pro] "berj" branch complete
[w0:ab:pro] Saved 45,303 worker words
[w0:ab:pro] Searching "berk" | queue=529 | words=45303
[w0:ab:pro] Pacing 15s before "berk" (gap=15500ms)
[w0:ab:pro] Managed Turnstile token (len=816, 2978ms, remount)
[w0:ab:pro] [api] 200 mode=pro startsWith=berk
[w0:ab:pro] [api] 200 mode=pro startsWith=berk (694ms direct)
[w0:ab:pro] "berk" → 15 records, 15 words (incl. exact "berk")
[w0:ab:pro] "berk" branch complete
[w0:ab:pro] Saved 45,318 worker words
[w0:ab:pro] Searching "berl" | queue=528 | words=45318
[w0:ab:pro] Pacing 15s before "berl" (gap=15500ms)
[w0:ab:pro] Managed Turnstile token (len=816, 3762ms, remount)
[w0:ab:pro] heartbeat words=45318 queue=528 rotation=12 idle=11s
[w0:ab:pro] [api] 200 mode=pro startsWith=berl
[w0:ab:pro] [api] 200 mode=pro startsWith=berl (415ms direct)
[w0:ab:pro] "berl" → 15 records, 15 words
[w0:ab:pro] "berl" branch complete
[w0:ab:pro] Saved 45,333 worker words
[w0:ab:pro] Searching "berm" | queue=527 | words=45333
[w0:ab:pro] Pacing 15s before "berm" (gap=15500ms)
[w0:ab:pro] Managed Turnstile token (len=816, 3717ms, remount)
[w0:ab:pro] [api] 200 mode=pro startsWith=berm
[w0:ab:pro] [api] 200 mode=pro startsWith=berm (521ms direct)
[w0:ab:pro] "berm" → 12 records, 12 words (incl. exact "berm")
[w0:ab:pro] "berm" branch complete
[w0:ab:pro] Saved 45,345 worker words
[w0:ab:pro] Searching "bern" | queue=526 | words=45345
[w0:ab:pro] Pacing 15s before "bern" (gap=15500ms)
[w0:ab:pro] Managed Turnstile token (len=816, 3912ms, remount)
[w0:ab:pro] [api] 200 mode=pro startsWith=bern
[w0:ab:pro] [api] 200 mode=pro startsWith=bern (433ms direct)
[w0:ab:pro] "bern" → 17 records, 17 words (incl. exact "bern")
[w0:ab:pro] "bern" branch complete
[w0:ab:pro] Saved 45,362 worker words
[w0:ab:pro] Searching "bero" | queue=525 | words=45362
[w0:ab:pro] Pacing 15s before "bero" (gap=15500ms)
[w0:ab:pro] Managed Turnstile token (len=816, 3621ms, remount)
[w0:ab:pro] [api] 200 mode=pro startsWith=bero
[w0:ab:pro] [api] 200 mode=pro startsWith=bero (426ms direct)
[w0:ab:pro] "bero" → 13 records, 13 words
[w0:ab:pro] "bero" branch complete
[w0:ab:pro] Saved 45,375 worker words
[w0:ab:pro] Searching "berp" | queue=524 | words=45375
[w0:ab:pro] Pacing 15s before "berp" (gap=15500ms)
[w0:ab:pro] Managed Turnstile token (len=816, 3831ms, remount)
[w0:ab:pro] heartbeat words=45375 queue=524 rotation=12 idle=10s
[w0:ab:pro] [api] 200 mode=pro startsWith=berp
[w0:ab:pro] [api] 200 mode=pro startsWith=berp (772ms direct)
[w0:ab:pro] "berp" → 0 records, 0 words
[w0:ab:pro] "berp" branch complete
[w0:ab:pro] Saved 45,375 worker words; shared last.txt now 423,481
[w0:ab:pro] Searching "berq" | queue=523 | words=45375
[w0:ab:pro] Pacing 15s before "berq" (gap=15500ms)
[w0:ab:pro] Managed Turnstile token (len=816, 3763ms, remount)
[w0:ab:pro] [api] 200 mode=pro startsWith=berq
[w0:ab:pro] [api] 200 mode=pro startsWith=berq (471ms direct)
[w0:ab:pro] "berq" → 0 records, 0 words
[w0:ab:pro] "berq" branch complete
[w0:ab:pro] Saved 45,375 worker words
[w0:ab:pro] Searching "berr" | queue=522 | words=45375
[w0:ab:pro] Pacing 15s before "berr" (gap=15500ms)
[w0:ab:pro] Managed Turnstile token (len=816, 3712ms, remount)
[w0:ab:pro] [api] 200 mode=pro startsWith=berr
[w0:ab:pro] [api] 200 mode=pro startsWith=berr (666ms direct)
[w0:ab:pro] "berr" → 33 records, 33 words
[w0:ab:pro] "berr" branch complete
[w0:ab:pro] Saved 45,393 worker words
[w0:ab:pro] Searching "berz" | queue=521 | words=45393
[w0:ab:pro] Pacing 15s before "berz" (gap=15500ms)
[w0:ab:pro] Managed Turnstile token (len=816, 3742ms, remount)
[w0:ab:pro] [api] 200 mode=pro startsWith=berz
[w0:ab:pro] [api] 200 mode=pro startsWith=berz (431ms direct)
[w0:ab:pro] "berz" → 4 records, 4 words
[w0:ab:pro] "berz" branch complete
[w0:ab:pro] Saved 45,393 worker words
[w0:ab:pro] Searching "besh" | queue=520 | words=45393
[w0:ab:pro] Pacing 15s before "besh" (gap=15500ms)
[w0:ab:pro] Managed Turnstile token (len=816, 4103ms, remount)
[w0:ab:pro] heartbeat words=45393 queue=520 rotation=12 idle=8s
[w0:ab:pro] [api] 200 mode=pro startsWith=besh
[w0:ab:pro] [api] 200 mode=pro startsWith=besh (514ms direct)
[w0:ab:pro] "besh" → 42 records, 42 words
[w0:ab:pro] "besh" branch complete
[w0:ab:pro] Saved 45,431 worker words
[w0:ab:pro] Searching "besi" | queue=519 | words=45431
[w0:ab:pro] Pacing 15s before "besi" (gap=15500ms)
[w0:ab:pro] Managed Turnstile token (len=816, 3999ms, remount)
[w0:ab:pro] [api] 200 mode=pro startsWith=besi
[w0:ab:pro] [api] 200 mode=pro startsWith=besi (421ms direct)
[w0:ab:pro] "besi" → 27 records, 27 words
[w0:ab:pro] "besi" branch complete
[w0:ab:pro] Saved 45,458 worker words
[w0:ab:pro] Searching "besj" | queue=518 | words=45458
[w0:ab:pro] Pacing 16s before "besj" (gap=15500ms)
[w0:ab:pro] Managed Turnstile token (len=816, 3588ms, remount)
[w0:ab:pro] [api] 200 mode=pro startsWith=besj
[w0:ab:pro] [api] 200 mode=pro startsWith=besj (519ms direct)
[w0:ab:pro] "besj" → 0 records, 0 words
[w0:ab:pro] "besj" branch complete
[w0:ab:pro] Saved 45,458 worker words
[w0:ab:pro] Searching "besk" | queue=517 | words=45458
[w0:ab:pro] Pacing 15s before "besk" (gap=15500ms)
[w0:ab:pro] Managed Turnstile token (len=816, 4229ms, remount)
[w0:ab:pro] [api] 200 mode=pro startsWith=besk
[w0:ab:pro] [api] 200 mode=pro startsWith=besk (422ms direct)
[w0:ab:pro] "besk" → 0 records, 0 words
[w0:ab:pro] "besk" branch complete
[w0:ab:pro] Saved 45,458 worker words
[w0:ab:pro] Searching "besl" | queue=516 | words=45458
[w0:ab:pro] Pacing 15s before "besl" (gap=15500ms)
[w0:ab:pro] Managed Turnstile token (len=816, 3903ms, remount)
[w0:ab:pro] heartbeat words=45458 queue=516 rotation=12 idle=6s
[w0:ab:pro] [api] 200 mode=pro startsWith=besl
[w0:ab:pro] [api] 200 mode=pro startsWith=besl (436ms direct)
[w0:ab:pro] "besl" → 32 records, 32 words
[w0:ab:pro] "besl" branch complete
[w0:ab:pro] Saved 45,490 worker words; shared last.txt now 423,810
[w0:ab:pro] Searching "besm" | queue=515 | words=45490
[w0:ab:pro] Pacing 15s before "besm" (gap=15500ms)
[w0:ab:pro] Managed Turnstile token (len=816, 4521ms, remount)
[w0:ab:pro] [api] 200 mode=pro startsWith=besm
[w0:ab:pro] [api] 200 mode=pro startsWith=besm (429ms direct)
[w0:ab:pro] "besm" → 41 records, 41 words
[w0:ab:pro] "besm" branch complete
[w0:ab:pro] Saved 45,531 worker words
[w0:ab:pro] Searching "besn" | queue=514 | words=45531
[w0:ab:pro] Pacing 16s before "besn" (gap=15500ms)
[w0:ab:pro] Managed Turnstile token (len=816, 3485ms, remount)
[w0:ab:pro] [api] 200 mode=pro startsWith=besn
[w0:ab:pro] [api] 200 mode=pro startsWith=besn (471ms direct)
[w0:ab:pro] "besn" → 8 records, 8 words
[w0:ab:pro] "besn" branch complete
[w0:ab:pro] Saved 45,539 worker words
[w0:ab:pro] Searching "beso" | queue=513 | words=45539
[w0:ab:pro] Pacing 15s before "beso" (gap=15500ms)
[w0:ab:pro] Managed Turnstile token (len=816, 3589ms, remount)
[w0:ab:pro] [api] 200 mode=pro startsWith=beso
[w0:ab:pro] [api] 200 mode=pro startsWith=beso (607ms direct)
[w0:ab:pro] "beso" → 42 records, 42 words
[w0:ab:pro] "beso" branch complete
[w0:ab:pro] Saved 45,581 worker words
[w0:ab:pro] Searching "besp" | queue=512 | words=45581
[w0:ab:pro] Pacing 15s before "besp" (gap=15500ms)
[w0:ab:pro] Managed Turnstile token (len=816, 3343ms, remount)
[w0:ab:pro] heartbeat words=45581 queue=512 rotation=12 idle=3s
[w0:ab:pro] [api] 200 mode=pro startsWith=besp
[w0:ab:pro] [api] 200 mode=pro startsWith=besp (425ms direct)
[w0:ab:pro] "besp" → 86 records, 86 words
[w0:ab:pro] "besp" branch complete
[w0:ab:pro] Saved 45,667 worker words
[w0:ab:pro] Searching "besq" | queue=511 | words=45667
[w0:ab:pro] Pacing 15s before "besq" (gap=15500ms)
[w0:ab:pro] Managed Turnstile token (len=816, 3507ms, remount)
[w0:ab:pro] [api] 200 mode=pro startsWith=besq
[w0:ab:pro] [api] 200 mode=pro startsWith=besq (548ms direct)
[w0:ab:pro] "besq" → 3 records, 3 words
[w0:ab:pro] "besq" branch complete
[w0:ab:pro] Saved 45,670 worker words
[w0:ab:pro] Searching "besr" | queue=510 | words=45670
[w0:ab:pro] Pacing 15s before "besr" (gap=15500ms)
[w0:ab:pro] Managed Turnstile token (len=816, 3788ms, remount)
[w0:ab:pro] Graceful shutdown on SIGTERM
[w0:ab:pro] Saved 45,670 worker words
[w0:ab:pro] Tor exited code=0

--- respawn 2026-08-06T01:39:40.780Z ---
[w0:ab:pro] IP mode=tor
[w0:ab:pro] Cleaned 1 old rotated profile(s)
[w0:ab:pro] Starting persistent Tor socks=127.0.0.1:19050 control=127.0.0.1:29050
[w0:ab:pro] tor: Aug 05 20:39:41.000 [notice] Bootstrapped 0% (starting): Starting
[w0:ab:pro] tor: Aug 05 20:39:43.000 [notice] Bootstrapped 5% (conn): Connecting to a relay
[w0:ab:pro] tor: Aug 05 20:39:43.000 [notice] Bootstrapped 10% (conn_done): Connected to a relay
[w0:ab:pro] tor: Aug 05 20:39:43.000 [notice] Bootstrapped 14% (handshake): Handshaking with a relay
[w0:ab:pro] tor: Aug 05 20:39:43.000 [notice] Bootstrapped 15% (handshake_done): Handshake with a relay done
Aug 05 20:39:43.000 [notice] Bootstrapped 75% (enough_dirinfo): Load
[w0:ab:pro] tor: Aug 05 20:39:44.000 [notice] Bootstrapped 100% (done): Done
[w0:ab:pro] Tor ready on 19050 exit=193.189.100.205
[w0:ab:pro] Launching persistent Chrome profile /tmp/lll-pw-w0-r0
[w0:ab:pro] Proxy tor#1 socks5://127.0.0.1:19050
[w0:ab:pro] Opening https://lastletterlibrary.com
[w0:ab:pro] Library mode=pro
[w0:ab:pro] Site Turnstile remint timed out (22483ms)
[w0:ab:pro] Search mode=direct (skip UI Wait Ns… gate)
[w0:ab:pro] Loaded 5232 prefixes, 45670 words; queue=128
[w0:ab:pro] Searching "bess" | queue=127 | words=45670
[w0:ab:pro] Managed Turnstile miss (15130ms)
[w0:ab:pro] Failed "bess" attempt 1: No Turnstile token for direct search
[w0:ab:pro] Saved 45,670 worker words
[w0:ab:pro] Turnstile miss — soft reload before rotate
[w0:ab:pro] Site Turnstile remint timed out (9483ms)
[w0:ab:pro] Soft reload mint failed — rotating immediately
[w0:ab:pro] Tor NEWNYM gen=1; waiting 8000ms
[w0:ab:pro] Tor ready on 19050 exit=147.90.235.40
[w0:ab:pro] Rotating IP (#1, try 1) after No Turnstile token for direct search → tor#2 socks5://127.0.0.1:19050
[w0:ab:pro] Launching persistent Chrome profile /tmp/lll-pw-w0-r1
[w0:ab:pro] Proxy tor#2 socks5://127.0.0.1:19050
[w0:ab:pro] Opening https://lastletterlibrary.com
[w0:ab:pro] Library mode=pro
[w0:ab:pro] heartbeat words=45670 queue=128 rotation=1 idle=60s
[w0:ab:pro] Site Turnstile remint timed out (22489ms)
[w0:ab:pro] Search mode=direct (skip UI Wait Ns… gate)
[w0:ab:pro] Cleaned 1 old rotated profile(s)
[w0:ab:pro] Searching "bess" | queue=127 | words=45670
[w0:ab:pro] Managed Turnstile token (len=816, 7965ms, remount)
[w0:ab:pro] [api] 200 mode=pro startsWith=bess
[w0:ab:pro] [api] 200 mode=pro startsWith=bess (731ms direct)
[w0:ab:pro] "bess" → 13 records, 13 words (incl. exact "bess")
[w0:ab:pro] "bess" branch complete
[w0:ab:pro] Saved 45,683 worker words
[w0:ab:pro] Searching "besy" | queue=126 | words=45683
[w0:ab:pro] Pacing 14s before "besy" (gap=15500ms)
[w0:ab:pro] Managed Turnstile token (len=816, 7976ms, remount)
[w0:ab:pro] [api] 200 mode=pro startsWith=besy
[w0:ab:pro] [api] 200 mode=pro startsWith=besy (514ms direct)
[w0:ab:pro] "besy" → 0 records, 0 words
[w0:ab:pro] "besy" branch complete
[w0:ab:pro] Saved 45,683 worker words
[w0:ab:pro] Searching "betg" | queue=125 | words=45683
[w0:ab:pro] Pacing 14s before "betg" (gap=15500ms)
[w0:ab:pro] Managed Turnstile token (len=816, 5694ms, remount)
[w0:ab:pro] [api] 200 mode=pro startsWith=betg
[w0:ab:pro] [api] 200 mode=pro startsWith=betg (448ms direct)
[w0:ab:pro] "betg" → 0 records, 0 words
[w0:ab:pro] "betg" branch complete
[w0:ab:pro] Saved 45,683 worker words
[w0:ab:pro] Searching "betk" | queue=124 | words=45683
[w0:ab:pro] Pacing 15s before "betk" (gap=15500ms)
[w0:ab:pro] heartbeat words=45683 queue=124 rotation=1 idle=2s
[w0:ab:pro] Managed Turnstile token (len=816, 8680ms, remount)
[w0:ab:pro] [api] 200 mode=pro startsWith=betk
[w0:ab:pro] [api] 200 mode=pro startsWith=betk (532ms direct)
[w0:ab:pro] "betk" → 0 records, 0 words
[w0:ab:pro] "betk" branch complete
[w0:ab:pro] Saved 45,683 worker words
[w0:ab:pro] Searching "beto" | queue=123 | words=45683
[w0:ab:pro] Pacing 15s before "beto" (gap=15500ms)
[w0:ab:pro] Managed Turnstile token (len=816, 15541ms, remount)
[w0:ab:pro] [api] 200 mode=pro startsWith=beto
[w0:ab:pro] [api] 200 mode=pro startsWith=beto (635ms direct)
[w0:ab:pro] "beto" → 30 records, 30 words
[w0:ab:pro] "beto" branch complete
[w0:ab:pro] Saved 45,713 worker words
[w0:ab:pro] Searching "betw" | queue=122 | words=45713
[w0:ab:pro] Pacing 11s before "betw" (gap=15500ms)
[w0:ab:pro] Managed Turnstile token (len=816, 14018ms, remount)
[w0:ab:pro] [api] 200 mode=pro startsWith=betw
[w0:ab:pro] [api] 200 mode=pro startsWith=betw (558ms direct)
[w0:ab:pro] "betw" → 17 records, 17 words
[w0:ab:pro] "betw" branch complete
[w0:ab:pro] Saved 45,713 worker words
[w0:ab:pro] Searching "beww" | queue=121 | words=45713
[w0:ab:pro] Pacing 15s before "beww" (gap=15500ms)
[w0:ab:pro] Managed Turnstile token (len=816, 3807ms, remount)
[w0:ab:pro] heartbeat words=45713 queue=121 rotation=1 idle=16s
[w0:ab:pro] [api] 200 mode=pro startsWith=beww
[w0:ab:pro] [api] 200 mode=pro startsWith=beww (525ms direct)
[w0:ab:pro] "beww" → 1 records, 1 words
[w0:ab:pro] "beww" branch complete
[w0:ab:pro] Saved 45,713 worker words; shared last.txt now 424,372
[w0:ab:pro] Searching "bibl" | queue=120 | words=45713
[w0:ab:pro] Pacing 1s before "bibl" (gap=15500ms)
[w0:ab:pro] Managed Turnstile miss (17158ms)
[w0:ab:pro] Failed "bibl" attempt 1: No Turnstile token for direct search
[w0:ab:pro] Saved 45,713 worker words
[w0:ab:pro] Turnstile miss — soft reload before rotate
[w0:ab:pro] Site Turnstile remint timed out (10480ms)
[w0:ab:pro] Soft reload mint failed — rotating immediately
[w0:ab:pro] Tor NEWNYM gen=2; waiting 8000ms
[w0:ab:pro] Tor ready on 19050 exit=171.25.193.39
[w0:ab:pro] Rotating IP (#2, try 1) after No Turnstile token for direct search → tor#3 socks5://127.0.0.1:19050
[w0:ab:pro] Launching persistent Chrome profile /tmp/lll-pw-w0-r2
[w0:ab:pro] Proxy tor#3 socks5://127.0.0.1:19050
[w0:ab:pro] Opening https://lastletterlibrary.com
[w0:ab:pro] Library mode=pro
[w0:ab:pro] heartbeat words=45713 queue=121 rotation=2 idle=46s
[w0:ab:pro] Turnstile token present (len=837)
[w0:ab:pro] Site Turnstile token (21716ms)
[w0:ab:pro] Search mode=direct (skip UI Wait Ns… gate)
[w0:ab:pro] Cleaned 1 old rotated profile(s)
[w0:ab:pro] Searching "bibl" | queue=120 | words=45713
[w0:ab:pro] [api] 200 mode=pro startsWith=bibl
[w0:ab:pro] [api] 200 mode=pro startsWith=bibl (585ms direct)
[w0:ab:pro] "bibl" → 100 records, 100 words (incl. exact "bibl")
[w0:ab:pro] Pacing 15s before "bibl" (gap=15500ms)
[w0:ab:pro] Managed Turnstile miss (15740ms)
[w0:ab:pro] "bibl" reverse search failed (No Turnstile token for direct search); forward-only
[w0:ab:pro] "bibl" full page ends at "bibliophobias" (next='i'); skip 10 covered groups → 18 children from bibli..
[w0:ab:pro] Saved 45,715 worker words
[w0:ab:pro] Searching "bibx" | queue=137 | words=45715
[w0:ab:pro] Managed Turnstile miss (15267ms)
[w0:ab:pro] Failed "bibx" attempt 1: No Turnstile token for direct search
[w0:ab:pro] Saved 45,715 worker words
[w0:ab:pro] Turnstile miss — soft reload before rotate
[w0:ab:pro] heartbeat words=45715 queue=138 rotation=2 idle=21s
[w0:ab:pro] Site Turnstile remint timed out (10778ms)
[w0:ab:pro] Soft reload mint failed — rotating immediately
[w0:ab:pro] Tor NEWNYM gen=3; waiting 8000ms
[w0:ab:pro] Tor ready on 19050 exit=107.189.14.4
[w0:ab:pro] Rotating IP (#3, try 1) after No Turnstile token for direct search → tor#4 socks5://127.0.0.1:19050
[w0:ab:pro] Launching persistent Chrome profile /tmp/lll-pw-w0-r3
[w0:ab:pro] Proxy tor#4 socks5://127.0.0.1:19050
[w0:ab:pro] Opening https://lastletterlibrary.com
[w0:ab:pro] Library mode=pro
[w0:ab:pro] Turnstile token present (len=816)
[w0:ab:pro] Site Turnstile token (21092ms)
[w0:ab:pro] Search mode=direct (skip UI Wait Ns… gate)
[w0:ab:pro] Cleaned 1 old rotated profile(s)
[w0:ab:pro] Searching "bibx" | queue=137 | words=45715
[w0:ab:pro] [api] 200 mode=pro startsWith=bibx
[w0:ab:pro] [api] 200 mode=pro startsWith=bibx (532ms direct)
[w0:ab:pro] "bibx" → 0 records, 0 words
[w0:ab:pro] "bibx" branch complete
[w0:ab:pro] Saved 45,715 worker words
[w0:ab:pro] Searching "bicz" | queue=136 | words=45715
[w0:ab:pro] Pacing 15s before "bicz" (gap=15500ms)
[w0:ab:pro] Managed Turnstile token (len=816, 4649ms, remount)
[w0:ab:pro] heartbeat words=45715 queue=136 rotation=3 idle=7s
[w0:ab:pro] [api] 200 mode=pro startsWith=bicz
[w0:ab:pro] [api] 200 mode=pro startsWith=bicz (614ms direct)
[w0:ab:pro] "bicz" → 0 records, 0 words
[w0:ab:pro] "bicz" branch complete
[w0:ab:pro] Saved 45,715 worker words
[w0:ab:pro] Searching "bigz" | queue=135 | words=45715
[w0:ab:pro] Pacing 15s before "bigz" (gap=15500ms)
[w0:ab:pro] Managed Turnstile token (len=816, 4104ms, remount)
[w0:ab:pro] [api] 200 mode=pro startsWith=bigz
[w0:ab:pro] [api] 200 mode=pro startsWith=bigz (434ms direct)
[w0:ab:pro] "bigz" → 0 records, 0 words
[w0:ab:pro] "bigz" branch complete
[w0:ab:pro] Saved 45,715 worker words
[w0:ab:pro] Searching "bill" | queue=134 | words=45715
[w0:ab:pro] Pacing 16s before "bill" (gap=15500ms)
[w0:ab:pro] Managed Turnstile token (len=816, 5631ms, remount)
[w0:ab:pro] [api] 200 mode=pro startsWith=bill
[w0:ab:pro] [api] 200 mode=pro startsWith=bill (582ms direct)
[w0:ab:pro] "bill" → 100 records, 100 words (incl. exact "bill")
[w0:ab:pro] Pacing 14s before "bill" (gap=15500ms)
[w0:ab:pro] Managed Turnstile miss (16799ms)
[w0:ab:pro] "bill" reverse search failed (No Turnstile token for direct search); forward-only
[w0:ab:pro] "bill" full page ends at "billyboys" (next='y'); skip 26 covered groups → 2 children from billy..
[w0:ab:pro] heartbeat words=45753 queue=136 rotation=3 idle=36s
[w0:ab:pro] Saved 45,753 worker words
[w0:ab:pro] Searching "bilw" | queue=135 | words=45753
[w0:ab:pro] Managed Turnstile miss (16509ms)
[w0:ab:pro] Failed "bilw" attempt 1: No Turnstile token for direct search
[w0:ab:pro] Saved 45,753 worker words; shared last.txt now 425,372
[w0:ab:pro] Turnstile miss — soft reload before rotate
[w0:ab:pro] Turnstile token present (len=816)
[w0:ab:pro] Site Turnstile token (5754ms)
[w0:ab:pro] Searching "bilw" | queue=135 | words=45753
[w0:ab:pro] [api] 200 mode=pro startsWith=bilw
[w0:ab:pro] [api] 200 mode=pro startsWith=bilw (419ms direct)
[w0:ab:pro] "bilw" → 0 records, 0 words
[w0:ab:pro] "bilw" branch complete
[w0:ab:pro] Saved 45,753 worker words
[w0:ab:pro] Searching "binz" | queue=134 | words=45753
[w0:ab:pro] Pacing 16s before "binz" (gap=15500ms)
[w0:ab:pro] Managed Turnstile token (len=816, 3944ms, remount)
[w0:ab:pro] [api] 200 mode=pro startsWith=binz
[w0:ab:pro] [api] 200 mode=pro startsWith=binz (452ms direct)
[w0:ab:pro] "binz" → 1 records, 1 words
[w0:ab:pro] "binz" branch complete
[w0:ab:pro] Saved 45,753 worker words
[w0:ab:pro] Searching "biof" | queue=133 | words=45753
[w0:ab:pro] Pacing 15s before "biof" (gap=15500ms)
[w0:ab:pro] heartbeat words=45753 queue=133 rotation=3 idle=3s
[w0:ab:pro] Managed Turnstile token (len=816, 4174ms, remount)
[w0:ab:pro] [api] 200 mode=pro startsWith=biof
[w0:ab:pro] [api] 200 mode=pro startsWith=biof (530ms direct)
[w0:ab:pro] "biof" → 24 records, 24 words
[w0:ab:pro] "biof" branch complete
[w0:ab:pro] Saved 45,777 worker words
[w0:ab:pro] Searching "bioj" | queue=132 | words=45777
[w0:ab:pro] Pacing 13s before "bioj" (gap=15500ms)
[w0:ab:pro] Managed Turnstile token (len=816, 9889ms, remount)
[w0:ab:pro] [api] 200 mode=pro startsWith=bioj
[w0:ab:pro] [api] 200 mode=pro startsWith=bioj (598ms direct)
[w0:ab:pro] "bioj" → 0 records, 0 words
[w0:ab:pro] "bioj" branch complete
[w0:ab:pro] Saved 45,777 worker words
[w0:ab:pro] Searching "bion" | queue=131 | words=45777
[w0:ab:pro] Pacing 15s before "bion" (gap=15500ms)
[w0:ab:pro] Managed Turnstile miss (15139ms)
[w0:ab:pro] Failed "bion" attempt 1: No Turnstile token for direct search
[w0:ab:pro] Saved 45,777 worker words
[w0:ab:pro] Turnstile miss — soft reload before rotate
[w0:ab:pro] Site Turnstile remint timed out (10629ms)
[w0:ab:pro] Soft reload mint failed — rotating immediately
[w0:ab:pro] Tor NEWNYM gen=4; waiting 8000ms
[w0:ab:pro] heartbeat words=45777 queue=132 rotation=4 idle=32s
[w0:ab:pro] Tor ready on 19050 exit=192.42.116.111
[w0:ab:pro] Rotating IP (#4, try 1) after No Turnstile token for direct search → tor#5 socks5://127.0.0.1:19050
[w0:ab:pro] Launching persistent Chrome profile /tmp/lll-pw-w0-r4
[w0:ab:pro] Proxy tor#5 socks5://127.0.0.1:19050
[w0:ab:pro] Opening https://lastletterlibrary.com
[w0:ab:pro] Library mode=pro
[w0:ab:pro] Managed Turnstile token (len=816, 9696ms, remount)
[w0:ab:pro] Search mode=direct (skip UI Wait Ns… gate)
[w0:ab:pro] Cleaned 1 old rotated profile(s)
[w0:ab:pro] Searching "bion" | queue=131 | words=45777
[w0:ab:pro] [api] 200 mode=pro startsWith=bion
[w0:ab:pro] [api] 200 mode=pro startsWith=bion (705ms direct)
[w0:ab:pro] "bion" → 16 records, 16 words (incl. exact "bion")
[w0:ab:pro] "bion" branch complete
[w0:ab:pro] Saved 45,793 worker words
[w0:ab:pro] Searching "bior" | queue=130 | words=45793
[w0:ab:pro] Pacing 15s before "bior" (gap=15500ms)
[w0:ab:pro] Managed Turnstile token (len=816, 6751ms, remount)
[w0:ab:pro] [api] 200 mode=pro startsWith=bior
[w0:ab:pro] [api] 200 mode=pro startsWith=bior (523ms direct)
[w0:ab:pro] "bior" → 29 records, 29 words
[w0:ab:pro] "bior" branch complete
[w0:ab:pro] Saved 45,822 worker words
[w0:ab:pro] Searching "bipp" | queue=129 | words=45822
[w0:ab:pro] Pacing 13s before "bipp" (gap=15500ms)
[w0:ab:pro] Managed Turnstile token (len=816, 6236ms, remount)
[w0:ab:pro] [api] 200 mode=pro startsWith=bipp
[w0:ab:pro] [api] 200 mode=pro startsWith=bipp (452ms direct)
[w0:ab:pro] "bipp" → 0 records, 0 words
[w0:ab:pro] "bipp" branch complete
[w0:ab:pro] Saved 45,822 worker words; shared last.txt now 426,016
[w0:ab:pro] Searching "bipt" | queue=128 | words=45822
[w0:ab:pro] Pacing 12s before "bipt" (gap=15500ms)
[w0:ab:pro] heartbeat words=45822 queue=128 rotation=4 idle=1s
[w0:ab:pro] Managed Turnstile miss (15534ms)
[w0:ab:pro] Failed "bipt" attempt 1: No Turnstile token for direct search
[w0:ab:pro] Saved 45,822 worker words
[w0:ab:pro] Turnstile miss — soft reload before rotate
[w0:ab:pro] Site Turnstile remint timed out (11922ms)
[w0:ab:pro] Soft reload mint failed — rotating immediately
[w0:ab:pro] Tor NEWNYM gen=5; waiting 8000ms
[w0:ab:pro] Tor ready on 19050 exit=192.42.116.145
[w0:ab:pro] Rotating IP (#5, try 1) after No Turnstile token for direct search → tor#6 socks5://127.0.0.1:19050
[w0:ab:pro] Launching persistent Chrome profile /tmp/lll-pw-w0-r5
[w0:ab:pro] Proxy tor#6 socks5://127.0.0.1:19050
[w0:ab:pro] Opening https://lastletterlibrary.com
[w0:ab:pro] Library mode=pro
[w0:ab:pro] Managed Turnstile token (len=816, 5420ms, remount)
[w0:ab:pro] Search mode=direct (skip UI Wait Ns… gate)
[w0:ab:pro] Cleaned 1 old rotated profile(s)
[w0:ab:pro] Searching "bipt" | queue=128 | words=45822
[w0:ab:pro] [api] 200 mode=pro startsWith=bipt
[w0:ab:pro] [api] 200 mode=pro startsWith=bipt (451ms direct)
[w0:ab:pro] "bipt" → 0 records, 0 words
[w0:ab:pro] "bipt" branch complete
[w0:ab:pro] Saved 45,822 worker words
[w0:ab:pro] Searching "bipx" | queue=127 | words=45822
[w0:ab:pro] Pacing 15s before "bipx" (gap=15500ms)
[w0:ab:pro] Managed Turnstile token (len=816, 4481ms, remount)
[w0:ab:pro] heartbeat words=45822 queue=127 rotation=5 idle=10s
[w0:ab:pro] [api] 200 mode=pro startsWith=bipx
[w0:ab:pro] [api] 200 mode=pro startsWith=bipx (532ms direct)
[w0:ab:pro] "bipx" → 0 records, 0 words
[w0:ab:pro] "bipx" branch complete
[w0:ab:pro] Saved 45,822 worker words
[w0:ab:pro] Searching "bire" | queue=126 | words=45822
[w0:ab:pro] Pacing 15s before "bire" (gap=15500ms)
[w0:ab:pro] Managed Turnstile token (len=816, 5834ms, remount)
[w0:ab:pro] [api] 200 mode=pro startsWith=bire
[w0:ab:pro] [api] 200 mode=pro startsWith=bire (640ms direct)
[w0:ab:pro] "bire" → 11 records, 11 words
[w0:ab:pro] "bire" branch complete
[w0:ab:pro] Saved 45,833 worker words
[w0:ab:pro] Searching "biri" | queue=125 | words=45833
[w0:ab:pro] Pacing 14s before "biri" (gap=15500ms)
[w0:ab:pro] Managed Turnstile token (len=816, 9688ms, remount)
[w0:ab:pro] [api] 200 mode=pro startsWith=biri
[w0:ab:pro] [api] 200 mode=pro startsWith=biri (561ms direct)
[w0:ab:pro] "biri" → 7 records, 7 words (incl. exact "biri")
[w0:ab:pro] "biri" branch complete
[w0:ab:pro] Saved 45,840 worker words
[w0:ab:pro] Searching "birz" | queue=124 | words=45840
[w0:ab:pro] Pacing 14s before "birz" (gap=15500ms)
[w0:ab:pro] Managed Turnstile token (len=816, 6733ms, remount)
[w0:ab:pro] [api] 200 mode=pro startsWith=birz
[w0:ab:pro] [api] 200 mode=pro startsWith=birz (465ms direct)
[w0:ab:pro] "birz" → 0 records, 0 words
[w0:ab:pro] "birz" branch complete
[w0:ab:pro] Saved 45,840 worker words
[w0:ab:pro] Searching "bisk" | queue=123 | words=45840
[w0:ab:pro] Pacing 15s before "bisk" (gap=15500ms)
[w0:ab:pro] Managed Turnstile token (len=816, 5009ms, remount)
[w0:ab:pro] heartbeat words=45840 queue=123 rotation=5 idle=8s
[w0:ab:pro] [api] 200 mode=pro startsWith=bisk
[w0:ab:pro] [api] 200 mode=pro startsWith=bisk (641ms direct)
[w0:ab:pro] "bisk" → 3 records, 3 words (incl. exact "bisk")
[w0:ab:pro] "bisk" branch complete
[w0:ab:pro] Saved 45,843 worker words
[w0:ab:pro] Searching "biso" | queue=122 | words=45843
[w0:ab:pro] Pacing 10s before "biso" (gap=15500ms)
[w0:ab:pro] Managed Turnstile token (len=816, 13014ms, remount)
[w0:ab:pro] [api] 200 mode=pro startsWith=biso
[w0:ab:pro] [api] 200 mode=pro startsWith=biso (531ms direct)
[w0:ab:pro] "biso" → 13 records, 13 words
[w0:ab:pro] "biso" branch complete
[w0:ab:pro] Turnstile mint hard timeout after 20000ms
[w0:ab:pro] Saved 45,856 worker words; shared last.txt now 427,078
[w0:ab:pro] Searching "biss" | queue=121 | words=45856
[w0:ab:pro] Managed Turnstile token (len=816, 6813ms, remount)
[w0:ab:pro] [api] 200 mode=pro startsWith=biss
[w0:ab:pro] [api] 200 mode=pro startsWith=biss (584ms direct)
[w0:ab:pro] "biss" → 15 records, 15 words
[w0:ab:pro] "biss" branch complete
[w0:ab:pro] Saved 45,871 worker words
[w0:ab:pro] Searching "bisw" | queue=120 | words=45871
[w0:ab:pro] Pacing 15s before "bisw" (gap=15500ms)
[w0:ab:pro] heartbeat words=45871 queue=120 rotation=5 idle=6s
[w0:ab:pro] Managed Turnstile miss (15069ms)
[w0:ab:pro] Failed "bisw" attempt 1: No Turnstile token for direct search
[w0:ab:pro] Saved 45,871 worker words
[w0:ab:pro] Turnstile miss — soft reload before rotate
[w0:ab:pro] Managed Turnstile token (len=816, 4776ms, remount)
[w0:ab:pro] Searching "bisw" | queue=120 | words=45871
[w0:ab:pro] [api] 200 mode=pro startsWith=bisw
[w0:ab:pro] [api] 200 mode=pro startsWith=bisw (470ms direct)
[w0:ab:pro] "bisw" → 0 records, 0 words
[w0:ab:pro] "bisw" branch complete
[w0:ab:pro] Saved 45,871 worker words
[w0:ab:pro] Searching "bits" | queue=119 | words=45871
[w0:ab:pro] Pacing 15s before "bits" (gap=15500ms)
[w0:ab:pro] Managed Turnstile token (len=816, 3165ms, remount)
[w0:ab:pro] [api] 200 mode=pro startsWith=bits
[w0:ab:pro] [api] 200 mode=pro startsWith=bits (451ms direct)
[w0:ab:pro] "bits" → 12 records, 12 words (incl. exact "bits")
[w0:ab:pro] "bits" branch complete
[w0:ab:pro] Saved 45,871 worker words
[w0:ab:pro] Searching "blad" | queue=118 | words=45871
[w0:ab:pro] Pacing 15s before "blad" (gap=15500ms)
[w0:ab:pro] Managed Turnstile token (len=816, 4253ms, remount)
[w0:ab:pro] [api] 200 mode=pro startsWith=blad
[w0:ab:pro] [api] 200 mode=pro startsWith=blad (466ms direct)
[w0:ab:pro] "blad" → 45 records, 45 words (incl. exact "blad")
[w0:ab:pro] "blad" branch complete
[w0:ab:pro] Saved 45,916 worker words
[w0:ab:pro] Searching "blah" | queue=117 | words=45916
[w0:ab:pro] Pacing 15s before "blah" (gap=15500ms)
[w0:ab:pro] Managed Turnstile token (len=816, 6183ms, remount)
[w0:ab:pro] heartbeat words=45916 queue=117 rotation=5 idle=13s
[w0:ab:pro] [api] 200 mode=pro startsWith=blah
[w0:ab:pro] [api] 200 mode=pro startsWith=blah (594ms direct)
[w0:ab:pro] "blah" → 11 records, 11 words (incl. exact "blah")
[w0:ab:pro] "blah" branch complete
[w0:ab:pro] Saved 45,927 worker words
[w0:ab:pro] Searching "blal" | queue=116 | words=45927
[w0:ab:pro] Pacing 15s before "blal" (gap=15500ms)
[w0:ab:pro] Managed Turnstile token (len=816, 4274ms, remount)
[w0:ab:pro] [api] 200 mode=pro startsWith=blal
[w0:ab:pro] [api] 200 mode=pro startsWith=blal (478ms direct)
[w0:ab:pro] "blal" → 0 records, 0 words
[w0:ab:pro] "blal" branch complete
[w0:ab:pro] Saved 45,927 worker words
[w0:ab:pro] Searching "blap" | queue=115 | words=45927
[w0:ab:pro] Pacing 15s before "blap" (gap=15500ms)
[w0:ab:pro] Managed Turnstile token (len=816, 6954ms, remount)
[w0:ab:pro] [api] 200 mode=pro startsWith=blap
[w0:ab:pro] [api] 200 mode=pro startsWith=blap (654ms direct)
[w0:ab:pro] "blap" → 0 records, 0 words
[w0:ab:pro] "blap" branch complete
[w0:ab:pro] Turnstile mint hard timeout after 20000ms
[w0:ab:pro] heartbeat words=45927 queue=115 rotation=5 idle=43s
[w0:ab:pro] Saved 45,927 worker words; shared last.txt now 427,594
[w0:ab:pro] Searching "blaz" | queue=114 | words=45927
[w0:ab:pro] Managed Turnstile token (len=816, 11224ms, remount)
[w0:ab:pro] [api] 200 mode=pro startsWith=blaz
[w0:ab:pro] [api] 200 mode=pro startsWith=blaz (858ms direct)
[w0:ab:pro] "blaz" → 21 records, 21 words
[w0:ab:pro] "blaz" branch complete
[w0:ab:pro] Saved 45,927 worker words
[w0:ab:pro] Searching "blep" | queue=113 | words=45927
[w0:ab:pro] Pacing 15s before "blep" (gap=15500ms)
[w0:ab:pro] Managed Turnstile token (len=816, 4440ms, remount)
[w0:ab:pro] [api] 200 mode=pro startsWith=blep
[w0:ab:pro] [api] 200 mode=pro startsWith=blep (529ms direct)
[w0:ab:pro] "blep" → 75 records, 75 words (incl. exact "blep")
[w0:ab:pro] "blep" branch complete
[w0:ab:pro] Saved 45,959 worker words
[w0:ab:pro] Searching "blio" | queue=112 | words=45959
[w0:ab:pro] Pacing 15s before "blio" (gap=15500ms)
[w0:ab:pro] Managed Turnstile token (len=816, 6308ms, remount)
[w0:ab:pro] [api] 200 mode=pro startsWith=blio
[w0:ab:pro] [api] 200 mode=pro startsWith=blio (482ms direct)
[w0:ab:pro] "blio" → 0 records, 0 words
[w0:ab:pro] "blio" branch complete
[w0:ab:pro] Saved 45,959 worker words
[w0:ab:pro] Searching "blis" | queue=111 | words=45959
[w0:ab:pro] Pacing 15s before "blis" (gap=15500ms)
[w0:ab:pro] Managed Turnstile token (len=816, 5755ms, remount)
[w0:ab:pro] heartbeat words=45959 queue=111 rotation=5 idle=14s
[w0:ab:pro] [api] 200 mode=pro startsWith=blis
[w0:ab:pro] [api] 200 mode=pro startsWith=blis (524ms direct)
[w0:ab:pro] "blis" → 23 records, 23 words
[w0:ab:pro] "blis" branch complete
[w0:ab:pro] Saved 45,982 worker words
[w0:ab:pro] Searching "bliw" | queue=110 | words=45982
[w0:ab:pro] Pacing 14s before "bliw" (gap=15500ms)
[w0:ab:pro] Managed Turnstile miss (16098ms)
[w0:ab:pro] Failed "bliw" attempt 1: No Turnstile token for direct search
[w0:ab:pro] Saved 45,982 worker words
[w0:ab:pro] Turnstile miss — soft reload before rotate
[w0:ab:pro] Turnstile token present (len=816)
[w0:ab:pro] Site Turnstile token (8571ms)
[w0:ab:pro] Searching "bliw" | queue=110 | words=45982
[w0:ab:pro] [api] 200 mode=pro startsWith=bliw
[w0:ab:pro] [api] 200 mode=pro startsWith=bliw (542ms direct)
[w0:ab:pro] "bliw" → 0 records, 0 words
[w0:ab:pro] "bliw" branch complete
[w0:ab:pro] Saved 45,982 worker words
[w0:ab:pro] Searching "bloc" | queue=109 | words=45982
[w0:ab:pro] Pacing 15s before "bloc" (gap=15500ms)
[w0:ab:pro] Managed Turnstile token (len=816, 10329ms, remount)
[w0:ab:pro] [api] 200 mode=pro startsWith=bloc
[w0:ab:pro] [api] 200 mode=pro startsWith=bloc (546ms direct)
[w0:ab:pro] "bloc" → 78 records, 78 words (incl. exact "bloc")
[w0:ab:pro] "bloc" branch complete
[w0:ab:pro] Saved 45,982 worker words
[w0:ab:pro] Searching "blog" | queue=108 | words=45982
[w0:ab:pro] Pacing 14s before "blog" (gap=15500ms)
[w0:ab:pro] heartbeat words=45982 queue=108 rotation=5 idle=5s
[w0:ab:pro] Managed Turnstile token (len=816, 7475ms, remount)
[w0:ab:pro] [api] 200 mode=pro startsWith=blog
[w0:ab:pro] [api] 200 mode=pro startsWith=blog (553ms direct)
[w0:ab:pro] "blog" → 24 records, 24 words (incl. exact "blog")
[w0:ab:pro] "blog" branch complete
[w0:ab:pro] Saved 46,006 worker words; shared last.txt now 428,167
[w0:ab:pro] Searching "blok" | queue=107 | words=46006
[w0:ab:pro] Pacing 8s before "blok" (gap=15500ms)
[w0:ab:pro] Managed Turnstile token (len=816, 9798ms, remount)
[w0:ab:pro] [api] 200 mode=pro startsWith=blok
[w0:ab:pro] [api] 200 mode=pro startsWith=blok (692ms direct)
[w0:ab:pro] "blok" → 18 records, 18 words (incl. exact "blok")
[w0:ab:pro] "blok" branch complete
[w0:ab:pro] Saved 46,024 worker words
[w0:ab:pro] Searching "bloo" | queue=106 | words=46024
[w0:ab:pro] Pacing 14s before "bloo" (gap=15500ms)
[w0:ab:pro] Managed Turnstile token (len=816, 12372ms, remount)
[w0:ab:pro] [api] 200 mode=pro startsWith=bloo
[w0:ab:pro] [api] 200 mode=pro startsWith=bloo (594ms direct)
[w0:ab:pro] "bloo" → 100 records, 100 words
[w0:ab:pro] Pacing 15s before "bloo" (gap=15500ms)
[w0:ab:pro] Managed Turnstile token (len=816, 8483ms, remount)
[w0:ab:pro] [api] 200 mode=pro startsWith=bloo
[w0:ab:pro] [api] 200 mode=pro startsWith=bloo sort=alphabetical:desc (610ms direct)
[w0:ab:pro] "bloo" full page ends at "bloodthirstinesses" (next='d'); skip 20 covered groups → 8 children reverse Z→A ends at "bloodripeness" (lo='d' hi='t'); skip 15 middle + 63 new words
[w0:ab:pro] Saved 46,187 worker words
[w0:ab:pro] Searching "blos" | queue=113 | words=46187
[w0:ab:pro] Pacing 15s before "blos" (gap=15500ms)
[w0:ab:pro] heartbeat words=46187 queue=113 rotation=5 idle=3s
[w0:ab:pro] Managed Turnstile token (len=816, 5881ms, remount)
[w0:ab:pro] [api] 200 mode=pro startsWith=blos
[w0:ab:pro] [api] 200 mode=pro startsWith=blos (724ms direct)
[w0:ab:pro] "blos" → 14 records, 14 words
[w0:ab:pro] "blos" branch complete
[w0:ab:pro] Saved 46,201 worker words
[w0:ab:pro] Searching "blox" | queue=112 | words=46201
[w0:ab:pro] Pacing 15s before "blox" (gap=15500ms)
[w0:ab:pro] Managed Turnstile token (len=816, 6690ms, remount)
[w0:ab:pro] [api] 200 mode=pro startsWith=blox
[w0:ab:pro] [api] 200 mode=pro startsWith=blox (674ms direct)
[w0:ab:pro] "blox" → 0 records, 0 words
[w0:ab:pro] "blox" branch complete
[w0:ab:pro] Saved 46,201 worker words
[w0:ab:pro] Searching "bluf" | queue=111 | words=46201
[w0:ab:pro] Pacing 13s before "bluf" (gap=15500ms)
[w0:ab:pro] Managed Turnstile token (len=816, 13290ms, remount)
[w0:ab:pro] [api] 200 mode=pro startsWith=bluf
[w0:ab:pro] [api] 200 mode=pro startsWith=bluf (511ms direct)
[w0:ab:pro] "bluf" → 13 records, 13 words
[w0:ab:pro] "bluf" branch complete
[w0:ab:pro] Saved 46,214 worker words
[w0:ab:pro] Searching "bluj" | queue=110 | words=46214
[w0:ab:pro] Pacing 14s before "bluj" (gap=15500ms)
[w0:ab:pro] Managed Turnstile miss (15720ms)
[w0:ab:pro] Failed "bluj" attempt 1: No Turnstile token for direct search
[w0:ab:pro] Saved 46,214 worker words
[w0:ab:pro] Turnstile miss — soft reload before rotate
[w0:ab:pro] heartbeat words=46214 queue=111 rotation=5 idle=16s
[w0:ab:pro] Managed Turnstile token (len=816, 4501ms, remount)
[w0:ab:pro] Searching "bluj" | queue=110 | words=46214
[w0:ab:pro] [api] 200 mode=pro startsWith=bluj
[w0:ab:pro] [api] 200 mode=pro startsWith=bluj (487ms direct)
[w0:ab:pro] "bluj" → 0 records, 0 words
[w0:ab:pro] "bluj" branch complete
[w0:ab:pro] Saved 46,214 worker words
[w0:ab:pro] Searching "blun" | queue=109 | words=46214
[w0:ab:pro] Pacing 15s before "blun" (gap=15500ms)
[w0:ab:pro] Managed Turnstile token (len=816, 3697ms, remount)
[w0:ab:pro] [api] 200 mode=pro startsWith=blun
[w0:ab:pro] [api] 200 mode=pro startsWith=blun (507ms direct)
[w0:ab:pro] "blun" → 44 records, 44 words
[w0:ab:pro] "blun" branch complete
[w0:ab:pro] Saved 46,224 worker words; shared last.txt now 428,884
[w0:ab:pro] Searching "bluw" | queue=108 | words=46224
[w0:ab:pro] Pacing 15s before "bluw" (gap=15500ms)
[w0:ab:pro] Managed Turnstile token (len=816, 4472ms, remount)
[w0:ab:pro] [api] 200 mode=pro startsWith=bluw
[w0:ab:pro] [api] 200 mode=pro startsWith=bluw (498ms direct)
[w0:ab:pro] "bluw" → 0 records, 0 words
[w0:ab:pro] "bluw" branch complete
[w0:ab:pro] Saved 46,224 worker words
[w0:ab:pro] Searching "boat" | queue=107 | words=46224
[w0:ab:pro] Pacing 15s before "boat" (gap=15500ms)
[w0:ab:pro] Managed Turnstile token (len=816, 4087ms, remount)
[w0:ab:pro] [api] 200 mode=pro startsWith=boat
[w0:ab:pro] [api] 200 mode=pro startsWith=boat (609ms direct)
[w0:ab:pro] "boat" → 68 records, 68 words (incl. exact "boat")
[w0:ab:pro] "boat" branch complete
[w0:ab:pro] Saved 46,269 worker words
[w0:ab:pro] Searching "boax" | queue=106 | words=46269
[w0:ab:pro] Pacing 13s before "boax" (gap=15500ms)
[w0:ab:pro] Managed Turnstile token (len=816, 6018ms, remount)
[w0:ab:pro] heartbeat words=46269 queue=106 rotation=5 idle=6s
[w0:ab:pro] [api] 200 mode=pro startsWith=boax
[w0:ab:pro] [api] 200 mode=pro startsWith=boax (505ms direct)
[w0:ab:pro] "boax" → 0 records, 0 words
[w0:ab:pro] "boax" branch complete
[w0:ab:pro] Saved 46,269 worker words
[w0:ab:pro] Searching "bobt" | queue=105 | words=46269
[w0:ab:pro] Pacing 15s before "bobt" (gap=15500ms)
[w0:ab:pro] Managed Turnstile token (len=816, 4397ms, remount)
[w0:ab:pro] [api] 200 mode=pro startsWith=bobt
[w0:ab:pro] [api] 200 mode=pro startsWith=bobt (625ms direct)
[w0:ab:pro] "bobt" → 4 records, 4 words
[w0:ab:pro] "bobt" branch complete
[w0:ab:pro] Saved 46,273 worker words
[w0:ab:pro] Searching "bobx" | queue=104 | words=46273
[w0:ab:pro] Pacing 13s before "bobx" (gap=15500ms)
[w0:ab:pro] Managed Turnstile token (len=816, 10354ms, remount)
[w0:ab:pro] [api] 200 mode=pro startsWith=bobx
[w0:ab:pro] [api] 200 mode=pro startsWith=bobx (624ms direct)
[w0:ab:pro] "bobx" → 0 records, 0 words
[w0:ab:pro] "bobx" branch complete
[w0:ab:pro] Saved 46,273 worker words
[w0:ab:pro] Searching "bodz" | queue=103 | words=46273
[w0:ab:pro] Pacing 14s before "bodz" (gap=15500ms)
[w0:ab:pro] Managed Turnstile token (len=816, 10333ms, remount)
[w0:ab:pro] [api] 200 mode=pro startsWith=bodz
[w0:ab:pro] [api] 200 mode=pro startsWith=bodz (508ms direct)
[w0:ab:pro] "bodz" → 0 records, 0 words
[w0:ab:pro] "bodz" branch complete
[w0:ab:pro] Saved 46,273 worker words
[w0:ab:pro] Searching "bolm" | queue=102 | words=46273
[w0:ab:pro] Pacing 15s before "bolm" (gap=15500ms)
[w0:ab:pro] Managed Turnstile token (len=816, 4681ms, remount)
[w0:ab:pro] heartbeat words=46273 queue=102 rotation=5 idle=5s
[w0:ab:pro] [api] 200 mode=pro startsWith=bolm
[w0:ab:pro] [api] 200 mode=pro startsWith=bolm (642ms direct)
[w0:ab:pro] "bolm" → 0 records, 0 words
[w0:ab:pro] "bolm" branch complete
[w0:ab:pro] Saved 46,273 worker words
[w0:ab:pro] Searching "bolz" | queue=101 | words=46273
[w0:ab:pro] Pacing 14s before "bolz" (gap=15500ms)
[w0:ab:pro] Managed Turnstile token (len=816, 13560ms, remount)
[w0:ab:pro] [api] 200 mode=pro startsWith=bolz
[w0:ab:pro] [api] 200 mode=pro startsWith=bolz (696ms direct)
[w0:ab:pro] "bolz" → 0 records, 0 words
[w0:ab:pro] "bolz" branch complete
[w0:ab:pro] Saved 46,273 worker words; shared last.txt now 429,920
[w0:ab:pro] Searching "bomq" | queue=100 | words=46273
[w0:ab:pro] Pacing 4s before "bomq" (gap=15500ms)
[w0:ab:pro] Managed Turnstile token (len=816, 15289ms, remount)
[w0:ab:pro] [api] 200 mode=pro startsWith=bomq
[w0:ab:pro] [api] 200 mode=pro startsWith=bomq (505ms direct)
[w0:ab:pro] "bomq" → 0 records, 0 words
[w0:ab:pro] "bomq" branch complete
[w0:ab:pro] Saved 46,273 worker words
[w0:ab:pro] Searching "bomu" | queue=99 | words=46273
[w0:ab:pro] Pacing 15s before "bomu" (gap=15500ms)
[w0:ab:pro] Managed Turnstile token (len=816, 4477ms, remount)
[w0:ab:pro] [api] 200 mode=pro startsWith=bomu
[w0:ab:pro] [api] 200 mode=pro startsWith=bomu (489ms direct)
[w0:ab:pro] "bomu" → 0 records, 0 words
[w0:ab:pro] "bomu" branch complete
[w0:ab:pro] Saved 46,273 worker words
[w0:ab:pro] Searching "bomy" | queue=98 | words=46273
[w0:ab:pro] Pacing 15s before "bomy" (gap=15500ms)
[w0:ab:pro] heartbeat words=46273 queue=98 rotation=5 idle=2s
[w0:ab:pro] Managed Turnstile token (len=816, 4145ms, remount)
[w0:ab:pro] [api] 200 mode=pro startsWith=bomy
[w0:ab:pro] [api] 200 mode=pro startsWith=bomy (746ms direct)
[w0:ab:pro] "bomy" → 0 records, 0 words
[w0:ab:pro] "bomy" branch complete
[w0:ab:pro] Saved 46,273 worker words
[w0:ab:pro] Searching "bong" | queue=97 | words=46273
[w0:ab:pro] Pacing 15s before "bong" (gap=15500ms)
[w0:ab:pro] Managed Turnstile token (len=816, 6094ms, remount)
[w0:ab:pro] [api] 200 mode=pro startsWith=bong
[w0:ab:pro] [api] 200 mode=pro startsWith=bong (518ms direct)
[w0:ab:pro] "bong" → 12 records, 12 words (incl. exact "bong")
[w0:ab:pro] "bong" branch complete
[w0:ab:pro] Saved 46,285 worker words
[w0:ab:pro] Searching "booh" | queue=96 | words=46285
[w0:ab:pro] Pacing 15s before "booh" (gap=15500ms)
[w0:ab:pro] Managed Turnstile miss (15604ms)
[w0:ab:pro] Failed "booh" attempt 1: No Turnstile token for direct search
[w0:ab:pro] Saved 46,285 worker words
[w0:ab:pro] Turnstile miss — soft reload before rotate
[w0:ab:pro] Turnstile token present (len=816)
[w0:ab:pro] Site Turnstile token (5971ms)
[w0:ab:pro] Searching "booh" | queue=96 | words=46285
[w0:ab:pro] [api] 200 mode=pro startsWith=booh
[w0:ab:pro] [api] 200 mode=pro startsWith=booh (600ms direct)
[w0:ab:pro] "booh" → 10 records, 10 words (incl. exact "booh")
[w0:ab:pro] "booh" branch complete
[w0:ab:pro] Saved 46,289 worker words
[w0:ab:pro] Searching "bool" | queue=95 | words=46289
[w0:ab:pro] Pacing 15s before "bool" (gap=15500ms)
[w0:ab:pro] heartbeat words=46289 queue=95 rotation=5 idle=1s
[w0:ab:pro] Managed Turnstile token (len=816, 5136ms, remount)
[w0:ab:pro] [api] 200 mode=pro startsWith=bool
[w0:ab:pro] [api] 200 mode=pro startsWith=bool (733ms direct)
[w0:ab:pro] "bool" → 12 records, 12 words (incl. exact "bool")
[w0:ab:pro] "bool" branch complete
[w0:ab:pro] Saved 46,301 worker words
[w0:ab:pro] Searching "boop" | queue=94 | words=46301
[w0:ab:pro] Pacing 15s before "boop" (gap=15500ms)
[w0:ab:pro] Managed Turnstile token (len=816, 6272ms, remount)
[w0:ab:pro] [api] 200 mode=pro startsWith=boop
[w0:ab:pro] [api] 200 mode=pro startsWith=boop (541ms direct)
[w0:ab:pro] "boop" → 3 records, 3 words
[w0:ab:pro] "boop" branch complete
[w0:ab:pro] Saved 46,304 worker words; shared last.txt now 430,243
[w0:ab:pro] Searching "boot" | queue=93 | words=46304
[w0:ab:pro] Pacing 11s before "boot" (gap=15500ms)
[w0:ab:pro] Managed Turnstile token (len=816, 7473ms, remount)
[w0:ab:pro] [api] 200 mode=pro startsWith=boot
[w0:ab:pro] [api] 200 mode=pro startsWith=boot (551ms direct)
[w0:ab:pro] "boot" → 83 records, 83 words (incl. exact "boot")
[w0:ab:pro] "boot" branch complete
[w0:ab:pro] Saved 46,387 worker words
[w0:ab:pro] Searching "boox" | queue=92 | words=46387
[w0:ab:pro] Pacing 11s before "boox" (gap=15500ms)
[w0:ab:pro] heartbeat words=46387 queue=92 rotation=5 idle=11s
[w0:ab:pro] Managed Turnstile token (len=816, 14027ms, remount)
[w0:ab:pro] [api] 200 mode=pro startsWith=boox
[w0:ab:pro] [api] 200 mode=pro startsWith=boox (692ms direct)
[w0:ab:pro] "boox" → 0 records, 0 words
[w0:ab:pro] "boox" branch complete
[w0:ab:pro] Saved 46,387 worker words
[w0:ab:pro] Searching "borf" | queue=91 | words=46387
[w0:ab:pro] Pacing 8s before "borf" (gap=15500ms)
[w0:ab:pro] Managed Turnstile token (len=816, 10634ms, remount)
[w0:ab:pro] [api] 429 mode=pro startsWith=borf
[w0:ab:pro] [api] 429 mode=pro startsWith=borf (542ms direct)
[w0:ab:pro] Learned server gap ≈ 15500ms (wait hint 2000ms)
[w0:ab:pro] Rate limited — inline wait 2000ms then retry "borf"
[w0:ab:pro] Managed Turnstile token (len=816, 5571ms, remount)
[w0:ab:pro] [api] 200 mode=pro startsWith=borf
[w0:ab:pro] [api] 200 mode=pro startsWith=borf (506ms direct)
[w0:ab:pro] "borf" → 0 records, 0 words
[w0:ab:pro] "borf" branch complete
[w0:ab:pro] Saved 46,387 worker words
[w0:ab:pro] Searching "borj" | queue=90 | words=46387
[w0:ab:pro] Pacing 15s before "borj" (gap=15500ms)
[w0:ab:pro] Managed Turnstile token (len=816, 4308ms, remount)
[w0:ab:pro] [api] 200 mode=pro startsWith=borj
[w0:ab:pro] [api] 200 mode=pro startsWith=borj (526ms direct)
[w0:ab:pro] "borj" → 0 records, 0 words
[w0:ab:pro] "borj" branch complete
[w0:ab:pro] Saved 46,387 worker words
[w0:ab:pro] Searching "born" | queue=89 | words=46387
[w0:ab:pro] Pacing 15s before "born" (gap=15500ms)
[w0:ab:pro] Managed Turnstile token (len=816, 8795ms, remount)
[w0:ab:pro] [api] 200 mode=pro startsWith=born
[w0:ab:pro] [api] 200 mode=pro startsWith=born (518ms direct)
[w0:ab:pro] "born" → 19 records, 19 words (incl. exact "born")
[w0:ab:pro] "born" branch complete
[w0:ab:pro] Saved 46,406 worker words
[w0:ab:pro] Searching "bosx" | queue=88 | words=46406
[w0:ab:pro] Pacing 12s before "bosx" (gap=15500ms)
[w0:ab:pro] heartbeat words=46406 queue=88 rotation=5 idle=3s
[w0:ab:pro] Managed Turnstile miss (16907ms)
[w0:ab:pro] Failed "bosx" attempt 1: No Turnstile token for direct search
[w0:ab:pro] Saved 46,406 worker words
[w0:ab:pro] Turnstile miss — soft reload before rotate
[w0:ab:pro] Turnstile token present (len=816)
[w0:ab:pro] Site Turnstile token (8058ms)
[w0:ab:pro] Searching "bosx" | queue=88 | words=46406
[w0:ab:pro] [api] 200 mode=pro startsWith=bosx
[w0:ab:pro] [api] 200 mode=pro startsWith=bosx (855ms direct)
[w0:ab:pro] "bosx" → 0 records, 0 words
[w0:ab:pro] "bosx" branch complete
[w0:ab:pro] Saved 46,406 worker words
[w0:ab:pro] Searching "boti" | queue=87 | words=46406
[w0:ab:pro] Pacing 15s before "boti" (gap=15500ms)
[w0:ab:pro] Managed Turnstile token (len=816, 4457ms, remount)
[w0:ab:pro] [api] 200 mode=pro startsWith=boti
[w0:ab:pro] [api] 200 mode=pro startsWith=boti (562ms direct)
[w0:ab:pro] "boti" → 1 records, 1 words (incl. exact "boti")
[w0:ab:pro] "boti" branch complete
[w0:ab:pro] heartbeat words=46407 queue=87 rotation=5 idle=34s
[w0:ab:pro] Managed Turnstile miss (18158ms)
[w0:ab:pro] Saved 46,407 worker words; shared last.txt now 431,186
[w0:ab:pro] Searching "botm" | queue=86 | words=46407
[w0:ab:pro] Managed Turnstile token (len=816, 4786ms, remount)
[w0:ab:pro] [api] 200 mode=pro startsWith=botm
[w0:ab:pro] [api] 200 mode=pro startsWith=botm (454ms direct)
[w0:ab:pro] "botm" → 0 records, 0 words
[w0:ab:pro] "botm" branch complete
[w0:ab:pro] Saved 46,407 worker words
[w0:ab:pro] Searching "botq" | queue=85 | words=46407
[w0:ab:pro] Pacing 15s before "botq" (gap=15500ms)
[w0:ab:pro] Managed Turnstile token (len=816, 3546ms, remount)
[w0:ab:pro] [api] 200 mode=pro startsWith=botq
[w0:ab:pro] [api] 200 mode=pro startsWith=botq (556ms direct)
[w0:ab:pro] "botq" → 0 records, 0 words
[w0:ab:pro] "botq" branch complete
[w0:ab:pro] Saved 46,407 worker words
[w0:ab:pro] Searching "botu" | queue=84 | words=46407
[w0:ab:pro] Pacing 15s before "botu" (gap=15500ms)
[w0:ab:pro] Managed Turnstile token (len=816, 4464ms, remount)
[w0:ab:pro] [api] 200 mode=pro startsWith=botu
[w0:ab:pro] [api] 200 mode=pro startsWith=botu (583ms direct)
[w0:ab:pro] "botu" → 11 records, 11 words
[w0:ab:pro] "botu" branch complete
[w0:ab:pro] Saved 46,418 worker words
[w0:ab:pro] Searching "boty" | queue=83 | words=46418
[w0:ab:pro] Pacing 15s before "boty" (gap=15500ms)
[w0:ab:pro] Managed Turnstile token (len=816, 8448ms, remount)
[w0:ab:pro] [api] 200 mode=pro startsWith=boty
[w0:ab:pro] [api] 200 mode=pro startsWith=boty (486ms direct)
[w0:ab:pro] "boty" → 0 records, 0 words
[w0:ab:pro] "boty" branch complete
[w0:ab:pro] Saved 46,418 worker words
[w0:ab:pro] Searching "boun" | queue=82 | words=46418
[w0:ab:pro] Pacing 15s before "boun" (gap=15500ms)
[w0:ab:pro] heartbeat words=46418 queue=82 rotation=5 idle=0s
[w0:ab:pro] Managed Turnstile token (len=816, 11739ms, remount)
[w0:ab:pro] [api] 200 mode=pro startsWith=boun
[w0:ab:pro] [api] 200 mode=pro startsWith=boun (565ms direct)
[w0:ab:pro] "boun" → 65 records, 65 words (incl. exact "boun")
[w0:ab:pro] "boun" branch complete
[w0:ab:pro] Saved 46,483 worker words
[w0:ab:pro] Searching "bour" | queue=81 | words=46483
[w0:ab:pro] Pacing 13s before "bour" (gap=15500ms)
[w0:ab:pro] Managed Turnstile token (len=816, 11445ms, remount)
[w0:ab:pro] [api] 200 mode=pro startsWith=bour
[w0:ab:pro] [api] 200 mode=pro startsWith=bour (473ms direct)
[w0:ab:pro] "bour" → 85 records, 85 words (incl. exact "bour")
[w0:ab:pro] "bour" branch complete
[w0:ab:pro] Saved 46,521 worker words
[w0:ab:pro] Searching "brac" | queue=80 | words=46521
[w0:ab:pro] Pacing 15s before "brac" (gap=15500ms)
[w0:ab:pro] Managed Turnstile token (len=816, 4486ms, remount)
[w0:ab:pro] [api] 200 mode=pro startsWith=brac
[w0:ab:pro] [api] 200 mode=pro startsWith=brac (803ms direct)
[w0:ab:pro] "brac" → 100 records, 100 words
[w0:ab:pro] Pacing 10s before "brac" (gap=15500ms)
[w0:ab:pro] heartbeat words=46548 queue=80 rotation=5 idle=30s
[w0:ab:pro] Managed Turnstile miss (16869ms)
[w0:ab:pro] "brac" reverse search failed (No Turnstile token for direct search); forward-only
[w0:ab:pro] "brac" full page ends at "brachycephalous" (next='h'); skip 9 covered groups → 19 children from brach..
[w0:ab:pro] Saved 46,548 worker words
[w0:ab:pro] Searching "brag" | queue=98 | words=46548
[w0:ab:pro] Managed Turnstile miss (18494ms)
[w0:ab:pro] Failed "brag" attempt 1: No Turnstile token for direct search
[w0:ab:pro] Saved 46,548 worker words; shared last.txt now 431,545
[w0:ab:pro] Turnstile miss — soft reload before rotate
[w0:ab:pro] Managed Turnstile token (len=816, 4759ms, remount)
[w0:ab:pro] Searching "brag" | queue=98 | words=46548
[w0:ab:pro] [api] 200 mode=pro startsWith=brag
[w0:ab:pro] [api] 200 mode=pro startsWith=brag (507ms direct)
[w0:ab:pro] "brag" → 47 records, 47 words (incl. exact "brag")
[w0:ab:pro] "brag" branch complete
[w0:ab:pro] Saved 46,595 worker words
[w0:ab:pro] Searching "brak" | queue=97 | words=46595
[w0:ab:pro] Pacing 15s before "brak" (gap=15500ms)
[w0:ab:pro] heartbeat words=46595 queue=97 rotation=5 idle=9s
[w0:ab:pro] Managed Turnstile miss (15355ms)
[w0:ab:pro] Failed "brak" attempt 1: No Turnstile token for direct search
[w0:ab:pro] Saved 46,595 worker words
[w0:ab:pro] Turnstile miss — soft reload before rotate
[w0:ab:pro] Managed Turnstile token (len=816, 3754ms, remount)
[w0:ab:pro] Searching "brak" | queue=97 | words=46595
[w0:ab:pro] [api] 200 mode=pro startsWith=brak
[w0:ab:pro] [api] 200 mode=pro startsWith=brak (628ms direct)
[w0:ab:pro] "brak" → 26 records, 26 words (incl. exact "brak")
[w0:ab:pro] "brak" branch complete
[w0:ab:pro] Saved 46,621 worker words
[w0:ab:pro] Searching "brao" | queue=96 | words=46621
[w0:ab:pro] Pacing 15s before "brao" (gap=15500ms)
[w0:ab:pro] Managed Turnstile token (len=816, 3758ms, remount)
[w0:ab:pro] [api] 200 mode=pro startsWith=brao
[w0:ab:pro] [api] 200 mode=pro startsWith=brao (674ms direct)
[w0:ab:pro] "brao" → 0 records, 0 words
[w0:ab:pro] "brao" branch complete
[w0:ab:pro] Saved 46,621 worker words
[w0:ab:pro] Searching "bras" | queue=95 | words=46621
[w0:ab:pro] Pacing 15s before "bras" (gap=15500ms)
[w0:ab:pro] Managed Turnstile token (len=816, 11886ms, remount)
[w0:ab:pro] [api] 200 mode=pro startsWith=bras
[w0:ab:pro] [api] 200 mode=pro startsWith=bras (575ms direct)
[w0:ab:pro] "bras" → 90 records, 90 words (incl. exact "bras")
[w0:ab:pro] "bras" branch complete
[w0:ab:pro] Saved 46,711 worker words
[w0:ab:pro] Searching "braz" | queue=94 | words=46711
[w0:ab:pro] Pacing 10s before "braz" (gap=15500ms)
[w0:ab:pro] heartbeat words=46711 queue=94 rotation=5 idle=11s
[w0:ab:pro] Turnstile mint hard timeout after 20000ms
[w0:ab:pro] Failed "braz" attempt 1: No Turnstile token for direct search
[w0:ab:pro] Saved 46,711 worker words
[w0:ab:pro] Turnstile miss — soft reload before rotate
[w0:ab:pro] Site Turnstile remint timed out (10800ms)
[w0:ab:pro] Soft reload mint failed — rotating immediately
[w0:ab:pro] Tor NEWNYM gen=6; waiting 8000ms
[w0:ab:pro] Tor ready on 19050 exit=192.42.116.93
[w0:ab:pro] Rotating IP (#6, try 1) after No Turnstile token for direct search → tor#7 socks5://127.0.0.1:19050
[w0:ab:pro] Launching persistent Chrome profile /tmp/lll-pw-w0-r6
[w0:ab:pro] Proxy tor#7 socks5://127.0.0.1:19050
[w0:ab:pro] Opening https://lastletterlibrary.com
[w0:ab:pro] heartbeat words=46711 queue=95 rotation=6 idle=71s
[w0:ab:pro] Library mode=pro
[w0:ab:pro] heartbeat words=46711 queue=95 rotation=6 idle=131s
[w0:ab:pro] Managed Turnstile token (len=816, 18063ms, remount)
[w0:ab:pro] Search mode=direct (skip UI Wait Ns… gate)
[w0:ab:pro] Cleaned 1 old rotated profile(s)
[w0:ab:pro] Searching "braz" | queue=94 | words=46711
[w0:ab:pro] [api] 200 mode=pro startsWith=braz
[w0:ab:pro] [api] 200 mode=pro startsWith=braz (529ms direct)
[w0:ab:pro] "braz" → 45 records, 45 words
[w0:ab:pro] "braz" branch complete
[w0:ab:pro] Saved 46,711 worker words
[w0:ab:pro] Searching "bred" | queue=93 | words=46711
[w0:ab:pro] Pacing 15s before "bred" (gap=15500ms)
[w0:ab:pro] Managed Turnstile token (len=816, 3827ms, remount)
[w0:ab:pro] [api] 200 mode=pro startsWith=bred
[w0:ab:pro] [api] 200 mode=pro startsWith=bred (748ms direct)
[w0:ab:pro] "bred" → 19 records, 19 words (incl. exact "bred")
[w0:ab:pro] "bred" branch complete
[w0:ab:pro] Saved 46,730 worker words; shared last.txt now 433,521
[w0:ab:pro] Searching "breh" | queue=92 | words=46730
[w0:ab:pro] Pacing 14s before "breh" (gap=15500ms)
[w0:ab:pro] Managed Turnstile token (len=816, 4391ms, remount)
[w0:ab:pro] [api] 200 mode=pro startsWith=breh
[w0:ab:pro] [api] 200 mode=pro startsWith=breh (526ms direct)
[w0:ab:pro] "breh" → 5 records, 5 words (incl. exact "breh")
[w0:ab:pro] "breh" branch complete
[w0:ab:pro] Saved 46,735 worker words
[w0:ab:pro] Searching "brel" | queue=91 | words=46735
[w0:ab:pro] Pacing 15s before "brel" (gap=15500ms)
[w0:ab:pro] Managed Turnstile token (len=816, 5743ms, remount)
[w0:ab:pro] [api] 200 mode=pro startsWith=brel
[w0:ab:pro] [api] 200 mode=pro startsWith=brel (729ms direct)
[w0:ab:pro] "brel" → 4 records, 4 words
[w0:ab:pro] "brel" branch complete
[w0:ab:pro] Saved 46,739 worker words
[w0:ab:pro] Searching "brep" | queue=90 | words=46739
[w0:ab:pro] Pacing 14s before "brep" (gap=15500ms)
[w0:ab:pro] heartbeat words=46739 queue=90 rotation=6 idle=8s
[w0:ab:pro] Managed Turnstile miss (16060ms)
[w0:ab:pro] Failed "brep" attempt 1: No Turnstile token for direct search
[w0:ab:pro] Saved 46,739 worker words
[w0:ab:pro] Turnstile miss — soft reload before rotate
[w0:ab:pro] Site Turnstile remint timed out (12515ms)
[w0:ab:pro] Soft reload mint failed — rotating immediately
[w0:ab:pro] Tor NEWNYM gen=7; waiting 8000ms
[w0:ab:pro] Tor ready on 19050 exit=185.220.101.11
[w0:ab:pro] Rotating IP (#7, try 1) after No Turnstile token for direct search → tor#8 socks5://127.0.0.1:19050
[w0:ab:pro] Launching persistent Chrome profile /tmp/lll-pw-w0-r7
[w0:ab:pro] Proxy tor#8 socks5://127.0.0.1:19050
[w0:ab:pro] Opening https://lastletterlibrary.com
[w0:ab:pro] heartbeat words=46739 queue=91 rotation=7 idle=69s
[w0:ab:pro] Library mode=pro
[w0:ab:pro] heartbeat words=46739 queue=91 rotation=7 idle=129s
[w0:ab:pro] Site Turnstile remint timed out (27722ms)
[w0:ab:pro] Search mode=direct (skip UI Wait Ns… gate)
[w0:ab:pro] Cleaned 1 old rotated profile(s)
[w0:ab:pro] Searching "brep" | queue=90 | words=46739
[w0:ab:pro] Managed Turnstile miss (15695ms)
[w0:ab:pro] Failed "brep" attempt 1: No Turnstile token for direct search
[w0:ab:pro] Saved 46,739 worker words
[w0:ab:pro] Turnstile miss — soft reload before rotate
[w0:ab:pro] Site Turnstile remint timed out (13539ms)
[w0:ab:pro] Soft reload mint failed — rotating immediately
[w0:ab:pro] heartbeat words=46739 queue=91 rotation=8 idle=189s
[w0:ab:pro] No successful search for 180s — respawning worker
[w0:ab:pro] Graceful shutdown on watchdog
[w0:ab:pro] Saved 46,739 worker words
[w0:ab:pro] Tor exited code=0

--- respawn 2026-08-06T02:16:28.554Z ---
[w0:ab:pro] IP mode=tor
[w0:ab:pro] Cleaned 1 old rotated profile(s)
[w0:ab:pro] Starting persistent Tor socks=127.0.0.1:19050 control=127.0.0.1:29050
[w0:ab:pro] tor: Aug 05 21:16:53.000 [notice] Bootstrapped 0% (starting): Starting
[w0:ab:pro] tor: Aug 05 21:17:03.000 [notice] Bootstrapped 5% (conn): Connecting to a relay
[w0:ab:pro] tor: Aug 05 21:17:03.000 [notice] Bootstrapped 10% (conn_done): Connected to a relay
[w0:ab:pro] tor: Aug 05 21:17:04.000 [notice] Bootstrapped 14% (handshake): Handshaking with a relay
[w0:ab:pro] tor: Aug 05 21:17:04.000 [notice] Bootstrapped 15% (handshake_done): Handshake with a relay done
Aug 05 21:17:04.000 [notice] Bootstrapped 75% (enough_dirinfo): Load
[w0:ab:pro] tor: Aug 05 21:17:04.000 [notice] Bootstrapped 95% (circuit_create): Establishing a Tor circuit
[w0:ab:pro] tor: Aug 05 21:17:05.000 [notice] Bootstrapped 100% (done): Done
[w0:ab:pro] Tor ready on 19050 exit=109.70.100.3
[w0:ab:pro] Launching persistent Chrome profile /tmp/lll-pw-w0-r0
[w0:ab:pro] Proxy tor#1 socks5://127.0.0.1:19050
[w0:ab:pro] Opening https://lastletterlibrary.com
[w0:ab:pro] Library mode=pro
[w0:ab:pro] Managed Turnstile token (len=816, 15000ms, remount)
[w0:ab:pro] Search mode=direct (skip UI Wait Ns… gate)
[w0:ab:pro] Loaded 5381 prefixes, 46739 words; queue=91
[w0:ab:pro] Searching "brep" | queue=90 | words=46739
[w0:ab:pro] [api] 200 mode=pro startsWith=brep
[w0:ab:pro] [api] 200 mode=pro startsWith=brep (511ms direct)
[w0:ab:pro] "brep" → 1 records, 1 words
[w0:ab:pro] "brep" branch complete
[w0:ab:pro] Saved 46,740 worker words
[w0:ab:pro] Searching "bret" | queue=89 | words=46740
[w0:ab:pro] Pacing 6s before "bret" (gap=15500ms)
[w0:ab:pro] Managed Turnstile token (len=816, 15823ms, remount)
[w0:ab:pro] [api] 200 mode=pro startsWith=bret
[w0:ab:pro] [api] 200 mode=pro startsWith=bret (578ms direct)
[w0:ab:pro] "bret" → 21 records, 21 words
[w0:ab:pro] "bret" branch complete
[w0:ab:pro] Saved 46,746 worker words
[w0:ab:pro] Searching "brie" | queue=88 | words=46746
[w0:ab:pro] Pacing 15s before "brie" (gap=15500ms)
[w0:ab:pro] Managed Turnstile token (len=816, 6182ms, remount)
[w0:ab:pro] [api] 200 mode=pro startsWith=brie
[w0:ab:pro] [api] 200 mode=pro startsWith=brie (593ms direct)
[w0:ab:pro] "brie" → 30 records, 30 words (incl. exact "brie")
[w0:ab:pro] "brie" branch complete
[w0:ab:pro] Saved 46,776 worker words
[w0:ab:pro] Searching "brii" | queue=87 | words=46776
[w0:ab:pro] Pacing 15s before "brii" (gap=15500ms)
[w0:ab:pro] Managed Turnstile token (len=816, 7228ms, remount)
[w0:ab:pro] [api] 200 mode=pro startsWith=brii
[w0:ab:pro] [api] 200 mode=pro startsWith=brii (698ms direct)
[w0:ab:pro] "brii" → 0 records, 0 words
[w0:ab:pro] "brii" branch complete
[w0:ab:pro] Saved 46,776 worker words
[w0:ab:pro] Searching "brim" | queue=86 | words=46776
[w0:ab:pro] Pacing 15s before "brim" (gap=15500ms)
[w0:ab:pro] Managed Turnstile token (len=816, 4939ms, remount)
[w0:ab:pro] heartbeat words=46776 queue=86 rotation=0 idle=10s
[w0:ab:pro] [api] 200 mode=pro startsWith=brim
[w0:ab:pro] [api] 200 mode=pro startsWith=brim (804ms direct)
[w0:ab:pro] "brim" → 31 records, 31 words (incl. exact "brim")
[w0:ab:pro] "brim" branch complete
[w0:ab:pro] Saved 46,807 worker words
[w0:ab:pro] Searching "briq" | queue=85 | words=46807
[w0:ab:pro] Pacing 1s before "briq" (gap=15500ms)
[w0:ab:pro] Managed Turnstile token (len=816, 20782ms, remount)
[w0:ab:pro] [api] 200 mode=pro startsWith=briq
[w0:ab:pro] [api] 200 mode=pro startsWith=briq (489ms direct)
[w0:ab:pro] "briq" → 7 records, 7 words
[w0:ab:pro] "briq" branch complete
[w0:ab:pro] Saved 46,814 worker words
[w0:ab:pro] Searching "broc" | queue=84 | words=46814
[w0:ab:pro] Pacing 7s before "broc" (gap=15500ms)
[w0:ab:pro] Turnstile mint hard timeout after 20000ms
[w0:ab:pro] Failed "broc" attempt 1: No Turnstile token for direct search
[w0:ab:pro] Saved 46,814 worker words
[w0:ab:pro] Turnstile miss — soft reload before rotate
[w0:ab:pro] heartbeat words=46814 queue=85 rotation=0 idle=25s
[w0:ab:pro] Turnstile token present (len=816)
[w0:ab:pro] Site Turnstile token (11556ms)
[w0:ab:pro] Searching "broc" | queue=84 | words=46814
[w0:ab:pro] [api] 200 mode=pro startsWith=broc
[w0:ab:pro] [api] 200 mode=pro startsWith=broc (522ms direct)
[w0:ab:pro] "broc" → 60 records, 60 words
[w0:ab:pro] "broc" branch complete
[w0:ab:pro] Managed Turnstile token (len=816, 13424ms, remount)
[w0:ab:pro] Saved 46,872 worker words; shared last.txt now 437,388
[w0:ab:pro] Searching "brog" | queue=83 | words=46872
[w0:ab:pro] Pacing 2s before "brog" (gap=15500ms)
[w0:ab:pro] [api] 200 mode=pro startsWith=brog
[w0:ab:pro] [api] 200 mode=pro startsWith=brog (682ms direct)
[w0:ab:pro] "brog" → 22 records, 22 words (incl. exact "brog")
[w0:ab:pro] "brog" branch complete
[w0:ab:pro] Saved 46,894 worker words
[w0:ab:pro] Searching "brok" | queue=82 | words=46894
[w0:ab:pro] Pacing 11s before "brok" (gap=15500ms)
[w0:ab:pro] Managed Turnstile token (len=816, 14470ms, remount)
[w0:ab:pro] [api] 200 mode=pro startsWith=brok
[w0:ab:pro] [api] 200 mode=pro startsWith=brok (535ms direct)
[w0:ab:pro] "brok" → 35 records, 35 words
[w0:ab:pro] "brok" branch complete
[w0:ab:pro] Saved 46,929 worker words
[w0:ab:pro] Searching "broo" | queue=81 | words=46929
[w0:ab:pro] Pacing 15s before "broo" (gap=15500ms)
[w0:ab:pro] Managed Turnstile token (len=816, 6112ms, remount)
[w0:ab:pro] [api] 200 mode=pro startsWith=broo
[w0:ab:pro] heartbeat words=46929 queue=81 rotation=0 idle=16s
[w0:ab:pro] [api] 200 mode=pro startsWith=broo (607ms direct)
[w0:ab:pro] "broo" → 89 records, 89 words (incl. exact "broo")
[w0:ab:pro] "broo" branch complete
[w0:ab:pro] Saved 47,018 worker words
[w0:ab:pro] Searching "bros" | queue=80 | words=47018
[w0:ab:pro] Pacing 12s before "bros" (gap=15500ms)
[w0:ab:pro] Managed Turnstile miss (16590ms)
[w0:ab:pro] Failed "bros" attempt 1: No Turnstile token for direct search
[w0:ab:pro] Saved 47,018 worker words
[w0:ab:pro] Turnstile miss — soft reload before rotate
[w0:ab:pro] Turnstile mint hard timeout after 15000ms
[w0:ab:pro] Soft reload mint failed — rotating immediately
[w0:ab:pro] Tor NEWNYM gen=1; waiting 8000ms
[w0:ab:pro] Tor ready on 19050 exit=109.70.100.8
[w0:ab:pro] Rotating IP (#1, try 1) after No Turnstile token for direct search → tor#2 socks5://127.0.0.1:19050
[w0:ab:pro] Launching persistent Chrome profile /tmp/lll-pw-w0-r1
[w0:ab:pro] Proxy tor#2 socks5://127.0.0.1:19050
[w0:ab:pro] Opening https://lastletterlibrary.com
[w0:ab:pro] heartbeat words=47018 queue=81 rotation=1 idle=58s
[w0:ab:pro] Library mode=pro
[w0:ab:pro] Managed Turnstile token (len=816, 13384ms, remount)
[w0:ab:pro] Search mode=direct (skip UI Wait Ns… gate)
[w0:ab:pro] Cleaned 1 old rotated profile(s)
[w0:ab:pro] Searching "bros" | queue=80 | words=47018
[w0:ab:pro] [api] 200 mode=pro startsWith=bros
[w0:ab:pro] [api] 200 mode=pro startsWith=bros (1516ms direct)
[w0:ab:pro] "bros" → 14 records, 14 words (incl. exact "bros")
[w0:ab:pro] "bros" branch complete
[w0:ab:pro] Saved 47,032 worker words
[w0:ab:pro] Searching "brox" | queue=79 | words=47032
[w0:ab:pro] Turnstile mint hard timeout after 20000ms
[w0:ab:pro] Failed "brox" attempt 1: No Turnstile token for direct search
[w0:ab:pro] heartbeat words=47032 queue=80 rotation=1 idle=17s
[w0:ab:pro] Saved 47,032 worker words
[w0:ab:pro] Turnstile miss — soft reload before rotate
[w0:ab:pro] Turnstile mint hard timeout after 15000ms
[w0:ab:pro] Soft reload mint failed — rotating immediately
[w0:ab:pro] Tor NEWNYM gen=2; waiting 8000ms
[w0:ab:pro] Tor ready on 19050 exit=185.220.101.13
[w0:ab:pro] Rotating IP (#2, try 1) after No Turnstile token for direct search → tor#3 socks5://127.0.0.1:19050
[w0:ab:pro] Launching persistent Chrome profile /tmp/lll-pw-w0-r2
[w0:ab:pro] Proxy tor#3 socks5://127.0.0.1:19050
[w0:ab:pro] Opening https://lastletterlibrary.com
[w0:ab:pro] heartbeat words=47032 queue=80 rotation=2 idle=77s
[w0:ab:pro] Library mode=pro
[w0:ab:pro] Turnstile mint hard timeout after 28000ms
[w0:ab:pro] Site Turnstile remint timed out (29815ms)
[w0:ab:pro] Search mode=direct (skip UI Wait Ns… gate)
[w0:ab:pro] Cleaned 1 old rotated profile(s)
[w0:ab:pro] Searching "brox" | queue=79 | words=47032
[w0:ab:pro] Managed Turnstile miss (16095ms)
[w0:ab:pro] Failed "brox" attempt 1: No Turnstile token for direct search
[w0:ab:pro] heartbeat words=47032 queue=80 rotation=2 idle=137s
[w0:ab:pro] Saved 47,032 worker words
[w0:ab:pro] Turnstile miss — soft reload before rotate
[w0:ab:pro] Site Turnstile remint timed out (11955ms)
[w0:ab:pro] Soft reload mint failed — rotating immediately
[w0:ab:pro] Tor NEWNYM gen=3; waiting 8000ms
[w0:ab:pro] Tor ready on 19050 exit=45.84.107.101
[w0:ab:pro] Rotating IP (#3, try 1) after No Turnstile token for direct search → tor#4 socks5://127.0.0.1:19050
[w0:ab:pro] Launching persistent Chrome profile /tmp/lll-pw-w0-r3
[w0:ab:pro] Proxy tor#4 socks5://127.0.0.1:19050
[w0:ab:pro] Opening https://lastletterlibrary.com
[w0:ab:pro] Library mode=pro
[w0:ab:pro] Search mode=direct (skip UI Wait Ns… gate)
[w0:ab:pro] Cleaned 1 old rotated profile(s)
[w0:ab:pro] Searching "brox" | queue=79 | words=47032
[w0:ab:pro] heartbeat words=47032 queue=79 rotation=3 idle=197s
[w0:ab:pro] No successful search for 180s — respawning worker
[w0:ab:pro] Graceful shutdown on watchdog
[w0:ab:pro] Failed "brox" attempt 1: No Turnstile token for direct search
[w0:ab:pro] Saved 47,032 worker words
[w0:ab:pro] Turnstile miss — soft reload before rotate
[w0:ab:pro] Saved 47,032 worker words; shared last.txt now 440,097
[w0:ab:pro] Site Turnstile remint timed out (4408ms)
[w0:ab:pro] Soft reload mint failed — rotating immediately
[w0:ab:pro] Tor NEWNYM gen=4; waiting 8000ms
[w0:ab:pro] Tor ready on 19050 exit=192.42.116.15
[w0:ab:pro] Rotating IP (#4, try 1) after No Turnstile token for direct search → tor#5 socks5://127.0.0.1:19050
[w0:ab:pro] Launching persistent Chrome profile /tmp/lll-pw-w0-r4
[w0:ab:pro] Proxy tor#5 socks5://127.0.0.1:19050
[w0:ab:pro] Opening https://lastletterlibrary.com
[w0:ab:pro] heartbeat words=47032 queue=80 rotation=4 idle=257s
[w0:ab:pro] Library mode=pro
[w0:ab:pro] Tor exited code=0

--- respawn 2026-08-06T02:27:23.347Z ---
[w0:ab:pro] IP mode=tor
[w0:ab:pro] Cleaned 2 old rotated profile(s)
[w0:ab:pro] Starting persistent Tor socks=127.0.0.1:19050 control=127.0.0.1:29050
[w0:ab:pro] tor: Aug 05 21:27:53.000 [notice] Bootstrapped 0% (starting): Starting
[w0:ab:pro] tor: Aug 05 21:28:14.000 [notice] Bootstrapped 5% (conn): Connecting to a relay
[w0:ab:pro] tor: Aug 05 21:28:14.000 [notice] Bootstrapped 10% (conn_done): Connected to a relay
[w0:ab:pro] tor: Aug 05 21:28:14.000 [notice] Bootstrapped 14% (handshake): Handshaking with a relay
[w0:ab:pro] tor: Aug 05 21:28:15.000 [notice] Bootstrapped 15% (handshake_done): Handshake with a relay done
Aug 05 21:28:15.000 [notice] Bootstrapped 75% (enough_dirinfo): Load
[w0:ab:pro] tor: Aug 05 21:28:16.000 [notice] Bootstrapped 100% (done): Done
[w0:ab:pro] Tor ready on 19050 exit=45.66.35.39
[w0:ab:pro] Launching persistent Chrome profile /tmp/lll-pw-w0-r0
[w0:ab:pro] Proxy tor#1 socks5://127.0.0.1:19050
[w0:ab:pro] Opening https://lastletterlibrary.com
[w0:ab:pro] Library mode=pro
[w0:ab:pro] Turnstile mint hard timeout after 28000ms
[w0:ab:pro] Search mode=direct (skip UI Wait Ns… gate)
[w0:ab:pro] Site Turnstile remint timed out (33372ms)
[w0:ab:pro] Loaded 5392 prefixes, 47032 words; queue=80
[w0:ab:pro] Searching "brox" | queue=79 | words=47032
[w0:ab:pro] Managed Turnstile miss (19034ms)
[w0:ab:pro] Failed "brox" attempt 1: No Turnstile token for direct search
[w0:ab:pro] Saved 47,032 worker words
[w0:ab:pro] Turnstile miss — soft reload before rotate
[w0:ab:pro] Site Turnstile remint timed out (9491ms)
[w0:ab:pro] Soft reload mint failed — rotating immediately
[w0:ab:pro] Tor NEWNYM gen=1; waiting 8000ms
[w0:ab:pro] Tor ready on 19050 exit=185.220.100.242
[w0:ab:pro] Rotating IP (#1, try 1) after No Turnstile token for direct search → tor#2 socks5://127.0.0.1:19050
[w0:ab:pro] Launching persistent Chrome profile /tmp/lll-pw-w0-r1
[w0:ab:pro] Proxy tor#2 socks5://127.0.0.1:19050
[w0:ab:pro] Opening https://lastletterlibrary.com
[w0:ab:pro] heartbeat words=47032 queue=80 rotation=1 idle=60s
[w0:ab:pro] page.goto failed attempt 1: page.goto: net::ERR_TIMED_OUT at https://lastletterlibrary.com/
Call log:
  - navigating to "https://lastletterlibrary.c
[w0:ab:pro] Library mode=pro
[w0:ab:pro] Managed Turnstile token (len=816, 9665ms, remount)
[w0:ab:pro] Search mode=direct (skip UI Wait Ns… gate)
[w0:ab:pro] Cleaned 1 old rotated profile(s)
[w0:ab:pro] Searching "brox" | queue=79 | words=47032
[w0:ab:pro] [api] 200 mode=pro startsWith=brox
[w0:ab:pro] [api] 200 mode=pro startsWith=brox (615ms direct)
[w0:ab:pro] "brox" → 0 records, 0 words
[w0:ab:pro] "brox" branch complete
[w0:ab:pro] Saved 47,032 worker words
[w0:ab:pro] Searching "bruo" | queue=78 | words=47032
[w0:ab:pro] Pacing 13s before "bruo" (gap=15500ms)
[w0:ab:pro] Managed Turnstile token (len=816, 12009ms, remount)
[w0:ab:pro] heartbeat words=47032 queue=78 rotation=1 idle=12s
[w0:ab:pro] [api] 200 mode=pro startsWith=bruo
[w0:ab:pro] [api] 200 mode=pro startsWith=bruo (1199ms direct)
[w0:ab:pro] "bruo" → 0 records, 0 words
[w0:ab:pro] "bruo" branch complete
[w0:ab:pro] Saved 47,032 worker words
[w0:ab:pro] Searching "brus" | queue=77 | words=47032
[w0:ab:pro] Pacing 13s before "brus" (gap=15500ms)
[w0:ab:pro] Managed Turnstile token (len=816, 12785ms, remount)
[w0:ab:pro] [api] 200 mode=pro startsWith=brus
[w0:ab:pro] [api] 200 mode=pro startsWith=brus (642ms direct)
[w0:ab:pro] "brus" → 87 records, 87 words (incl. exact "brus")
[w0:ab:pro] "brus" branch complete
[w0:ab:pro] Saved 47,086 worker words
[w0:ab:pro] Searching "bucs" | queue=76 | words=47086
[w0:ab:pro] Pacing 13s before "bucs" (gap=15500ms)
[w0:ab:pro] Managed Turnstile token (len=816, 9084ms, remount)
[w0:ab:pro] [api] 200 mode=pro startsWith=bucs
[w0:ab:pro] [api] 200 mode=pro startsWith=bucs (583ms direct)
[w0:ab:pro] "bucs" → 0 records, 0 words
[w0:ab:pro] "bucs" branch complete
[w0:ab:pro] Saved 47,086 worker words
[w0:ab:pro] Searching "bucw" | queue=75 | words=47086
[w0:ab:pro] Pacing 14s before "bucw" (gap=15500ms)
[w0:ab:pro] Managed Turnstile token (len=816, 4476ms, remount)
[w0:ab:pro] [api] 429 mode=pro startsWith=bucw
[w0:ab:pro] [api] 429 mode=pro startsWith=bucw (581ms direct)
[w0:ab:pro] Learned server gap ≈ 15500ms (wait hint 2000ms)
[w0:ab:pro] Rate limited — inline wait 2000ms then retry "bucw"
[w0:ab:pro] Managed Turnstile token (len=816, 5072ms, remount)
[w0:ab:pro] [api] 200 mode=pro startsWith=bucw
[w0:ab:pro] [api] 200 mode=pro startsWith=bucw (472ms direct)
[w0:ab:pro] "bucw" → 0 records, 0 words
[w0:ab:pro] "bucw" branch complete
[w0:ab:pro] Saved 47,086 worker words
[w0:ab:pro] Searching "budz" | queue=74 | words=47086
[w0:ab:pro] Pacing 15s before "budz" (gap=15500ms)
[w0:ab:pro] Managed Turnstile token (len=816, 6729ms, remount)
[w0:ab:pro] heartbeat words=47086 queue=74 rotation=1 idle=7s
[w0:ab:pro] [api] 200 mode=pro startsWith=budz
[w0:ab:pro] [api] 200 mode=pro startsWith=budz (539ms direct)
[w0:ab:pro] "budz" → 2 records, 2 words
[w0:ab:pro] "budz" branch complete
[w0:ab:pro] Saved 47,086 worker words
[w0:ab:pro] Searching "bull" | queue=73 | words=47086
[w0:ab:pro] Pacing 15s before "bull" (gap=15500ms)
[w0:ab:pro] Managed Turnstile token (len=816, 4504ms, remount)
[w0:ab:pro] [api] 200 mode=pro startsWith=bull
[w0:ab:pro] [api] 200 mode=pro startsWith=bull (486ms direct)
[w0:ab:pro] "bull" → 100 records, 100 words (incl. exact "bull")
[w0:ab:pro] Pacing 15s before "bull" (gap=15500ms)
[w0:ab:pro] Managed Turnstile token (len=816, 7453ms, remount)
[w0:ab:pro] [api] 200 mode=pro startsWith=bull
[w0:ab:pro] [api] 200 mode=pro startsWith=bull sort=alphabetical:desc (518ms direct)
[w0:ab:pro] "bull" full page ends at "bullfist" (next='f'); skip 22 covered groups → 6 children reverse Z→A ends at "bullit" (lo='i' hi='y'); skip 15 middle + 29 new words
[w0:ab:pro] Saved 47,215 worker words; shared last.txt now 442,940
[w0:ab:pro] Searching "bulz" | queue=78 | words=47215
[w0:ab:pro] Managed Turnstile token (len=816, 19105ms, remount)
[w0:ab:pro] heartbeat words=47215 queue=78 rotation=1 idle=1s
[w0:ab:pro] [api] 200 mode=pro startsWith=bulz
[w0:ab:pro] [api] 200 mode=pro startsWith=bulz (798ms direct)
[w0:ab:pro] "bulz" → 0 records, 0 words
[w0:ab:pro] "bulz" branch complete
[w0:ab:pro] Saved 47,215 worker words
[w0:ab:pro] Searching "bumz" | queue=77 | words=47215
[w0:ab:pro] Pacing 15s before "bumz" (gap=15500ms)
[w0:ab:pro] Managed Turnstile token (len=816, 5971ms, remount)
[w0:ab:pro] [api] 200 mode=pro startsWith=bumz
[w0:ab:pro] [api] 200 mode=pro startsWith=bumz (693ms direct)
[w0:ab:pro] "bumz" → 0 records, 0 words
[w0:ab:pro] "bumz" branch complete
[w0:ab:pro] Saved 47,215 worker words
[w0:ab:pro] Searching "burg" | queue=76 | words=47215
[w0:ab:pro] Pacing 15s before "burg" (gap=15500ms)
[w0:ab:pro] Managed Turnstile miss (16029ms)
[w0:ab:pro] Failed "burg" attempt 1: No Turnstile token for direct search
[w0:ab:pro] Saved 47,215 worker words
[w0:ab:pro] Turnstile miss — soft reload before rotate
[w0:ab:pro] Site Turnstile remint timed out (10560ms)
[w0:ab:pro] Soft reload mint failed — rotating immediately
[w0:ab:pro] heartbeat words=47215 queue=77 rotation=2 idle=44s
[w0:ab:pro] Tor NEWNYM gen=2; waiting 8000ms
[w0:ab:pro] Tor ready on 19050 exit=185.220.101.25
[w0:ab:pro] Rotating IP (#2, try 1) after No Turnstile token for direct search → tor#3 socks5://127.0.0.1:19050
[w0:ab:pro] Launching persistent Chrome profile /tmp/lll-pw-w0-r2
[w0:ab:pro] Proxy tor#3 socks5://127.0.0.1:19050
[w0:ab:pro] Opening https://lastletterlibrary.com
[w0:ab:pro] Library mode=pro
[w0:ab:pro] heartbeat words=47215 queue=77 rotation=2 idle=105s
[w0:ab:pro] Site Turnstile remint timed out (24291ms)
[w0:ab:pro] Search mode=direct (skip UI Wait Ns… gate)
[w0:ab:pro] Cleaned 1 old rotated profile(s)
[w0:ab:pro] Searching "burg" | queue=76 | words=47215
[w0:ab:pro] Managed Turnstile miss (15141ms)
[w0:ab:pro] Failed "burg" attempt 1: No Turnstile token for direct search
[w0:ab:pro] Saved 47,215 worker words
[w0:ab:pro] Turnstile miss — soft reload before rotate
[w0:ab:pro] Site Turnstile remint timed out (14470ms)
[w0:ab:pro] Soft reload mint failed — rotating immediately
[w0:ab:pro] Tor NEWNYM gen=3; waiting 8000ms
[w0:ab:pro] heartbeat words=47215 queue=77 rotation=3 idle=165s
[w0:ab:pro] Tor ready on 19050 exit=107.189.8.226
[w0:ab:pro] Rotating IP (#3, try 1) after No Turnstile token for direct search → tor#4 socks5://127.0.0.1:19050
[w0:ab:pro] Launching persistent Chrome profile /tmp/lll-pw-w0-r3
[w0:ab:pro] Proxy tor#4 socks5://127.0.0.1:19050
[w0:ab:pro] Opening https://lastletterlibrary.com
[w0:ab:pro] Library mode=pro
[w0:ab:pro] Site Turnstile remint timed out (23554ms)
[w0:ab:pro] Search mode=direct (skip UI Wait Ns… gate)
[w0:ab:pro] Cleaned 1 old rotated profile(s)
[w0:ab:pro] Searching "burg" | queue=76 | words=47215
[w0:ab:pro] Managed Turnstile miss (16966ms)
[w0:ab:pro] Failed "burg" attempt 1: No Turnstile token for direct search
[w0:ab:pro] heartbeat words=47215 queue=77 rotation=3 idle=229s
[w0:ab:pro] No successful search for 180s — respawning worker
[w0:ab:pro] Graceful shutdown on watchdog
[w0:ab:pro] Saved 47,215 worker words
[w0:ab:pro] Turnstile miss — soft reload before rotate
[w0:ab:pro] Saved 47,215 worker words
[w0:ab:pro] Soft reload failed: page.goto: net::ERR_ABORTED; maybe frame was detached?
Call log:
  - navigating to "https://lastletterlibrary.com/", wai
[w0:ab:pro] Searching "burg" | queue=76 | words=47215
[w0:ab:pro] Failed "burg" attempt 2: locator.count: Target page, context or browser has been closed
[w0:ab:pro] Saved 47,215 worker words
[w0:ab:pro] Tor NEWNYM gen=4; waiting 8000ms
[w0:ab:pro] Tor ready on 19050 exit=185.220.101.17
[w0:ab:pro] Rotating IP (#4, try 1) after locator.count: Target page, context or browser has been closed → tor#5 socks5://127.0.0.1:19050
[w0:ab:pro] Launching persistent Chrome profile /tmp/lll-pw-w0-r4
[w0:ab:pro] Proxy tor#5 socks5://127.0.0.1:19050
[w0:ab:pro] Opening https://lastletterlibrary.com
[w0:ab:pro] Tor exited code=0

--- respawn 2026-08-06T02:38:06.362Z ---
[w0:ab:pro] IP mode=tor
[w0:ab:pro] Cleaned 2 old rotated profile(s)
[w0:ab:pro] Starting persistent Tor socks=127.0.0.1:19050 control=127.0.0.1:29050
[w0:ab:pro] tor: Aug 05 21:38:06.000 [notice] Bootstrapped 0% (starting): Starting
[w0:ab:pro] tor: Aug 05 21:38:08.000 [notice] Bootstrapped 5% (conn): Connecting to a relay
[w0:ab:pro] tor: Aug 05 21:38:09.000 [notice] Bootstrapped 10% (conn_done): Connected to a relay
[w0:ab:pro] tor: Aug 05 21:38:09.000 [notice] Bootstrapped 14% (handshake): Handshaking with a relay
[w0:ab:pro] tor: Aug 05 21:38:09.000 [notice] Bootstrapped 15% (handshake_done): Handshake with a relay done
Aug 05 21:38:09.000 [notice] Bootstrapped 75% (enough_dirinfo): Load
[w0:ab:pro] tor: Aug 05 21:38:09.000 [notice] Bootstrapped 95% (circuit_create): Establishing a Tor circuit
[w0:ab:pro] tor: Aug 05 21:38:10.000 [notice] Bootstrapped 100% (done): Done
[w0:ab:pro] Tor ready on 19050 exit=82.221.100.12
[w0:ab:pro] Launching persistent Chrome profile /tmp/lll-pw-w0-r0
[w0:ab:pro] Proxy tor#1 socks5://127.0.0.1:19050
[w0:ab:pro] Opening https://lastletterlibrary.com
[w0:ab:pro] Library mode=pro
[w0:ab:pro] Site Turnstile remint timed out (23994ms)
[w0:ab:pro] Search mode=direct (skip UI Wait Ns… gate)
[w0:ab:pro] Loaded 5423 prefixes, 47215 words; queue=77
[w0:ab:pro] Searching "burg" | queue=76 | words=47215
[w0:ab:pro] Managed Turnstile token (len=816, 10906ms, remount)
[w0:ab:pro] [api] 200 mode=pro startsWith=burg
[w0:ab:pro] [api] 200 mode=pro startsWith=burg (523ms direct)
[w0:ab:pro] "burg" → 92 records, 92 words (incl. exact "burg")
[w0:ab:pro] "burg" branch complete
[w0:ab:pro] Saved 47,303 worker words
[w0:ab:pro] Searching "burk" | queue=75 | words=47303
[w0:ab:pro] Pacing 12s before "burk" (gap=15500ms)
[w0:ab:pro] Managed Turnstile token (len=816, 7300ms, remount)
[w0:ab:pro] [api] 200 mode=pro startsWith=burk
[w0:ab:pro] [api] 200 mode=pro startsWith=burk (512ms direct)
[w0:ab:pro] "burk" → 22 records, 22 words (incl. exact "burk")
[w0:ab:pro] "burk" branch complete
[w0:ab:pro] Saved 47,325 worker words
[w0:ab:pro] Searching "buro" | queue=74 | words=47325
[w0:ab:pro] Pacing 15s before "buro" (gap=15500ms)
[w0:ab:pro] Managed Turnstile token (len=816, 9569ms, remount)
[w0:ab:pro] [api] 200 mode=pro startsWith=buro
[w0:ab:pro] [api] 200 mode=pro startsWith=buro (595ms direct)
[w0:ab:pro] "buro" → 4 records, 4 words (incl. exact "buro")
[w0:ab:pro] "buro" branch complete
[w0:ab:pro] Saved 47,329 worker words
[w0:ab:pro] Searching "bury" | queue=73 | words=47329
[w0:ab:pro] Pacing 11s before "bury" (gap=15500ms)
[w0:ab:pro] heartbeat words=47329 queue=73 rotation=0 idle=14s
[w0:ab:pro] Managed Turnstile miss (18347ms)
[w0:ab:pro] Failed "bury" attempt 1: No Turnstile token for direct search
[w0:ab:pro] Saved 47,329 worker words
[w0:ab:pro] Turnstile miss — soft reload before rotate
[w0:ab:pro] Turnstile token present (len=816)
[w0:ab:pro] Site Turnstile token (6286ms)
[w0:ab:pro] Searching "bury" | queue=73 | words=47329
[w0:ab:pro] [api] 200 mode=pro startsWith=bury
[w0:ab:pro] [api] 200 mode=pro startsWith=bury (556ms direct)
[w0:ab:pro] "bury" → 4 records, 4 words (incl. exact "bury")
[w0:ab:pro] "bury" branch complete
[w0:ab:pro] Saved 47,329 worker words
[w0:ab:pro] Searching "busy" | queue=72 | words=47329
[w0:ab:pro] Pacing 11s before "busy" (gap=15500ms)
[w0:ab:pro] Managed Turnstile token (len=816, 10667ms, remount)
[w0:ab:pro] [api] 200 mode=pro startsWith=busy
[w0:ab:pro] [api] 200 mode=pro startsWith=busy (1318ms direct)
[w0:ab:pro] "busy" → 18 records, 18 words (incl. exact "busy")
[w0:ab:pro] "busy" branch complete
[w0:ab:pro] Saved 47,329 worker words
[w0:ab:pro] Searching "butu" | queue=71 | words=47329
[w0:ab:pro] Pacing 14s before "butu" (gap=15500ms)
[w0:ab:pro] Managed Turnstile token (len=816, 7178ms, remount)
[w0:ab:pro] [api] 200 mode=pro startsWith=butu
[w0:ab:pro] [api] 200 mode=pro startsWith=butu (725ms direct)
[w0:ab:pro] "butu" → 2 records, 2 words
[w0:ab:pro] "butu" branch complete
[w0:ab:pro] heartbeat words=47331 queue=71 rotation=0 idle=20s
[w0:ab:pro] Saved 47,331 worker words
[w0:ab:pro] Searching "buty" | queue=70 | words=47331
[w0:ab:pro] Pacing 8s before "buty" (gap=15500ms)
[w0:ab:pro] Managed Turnstile miss (19169ms)
[w0:ab:pro] Failed "buty" attempt 1: No Turnstile token for direct search
[w0:ab:pro] Saved 47,331 worker words
[w0:ab:pro] Turnstile miss — soft reload before rotate
[w0:ab:pro] Site Turnstile remint timed out (11403ms)
[w0:ab:pro] Soft reload mint failed — rotating immediately
[w0:ab:pro] Tor NEWNYM gen=1; waiting 8000ms
[w0:ab:pro] heartbeat words=47331 queue=71 rotation=1 idle=60s
[w0:ab:pro] Tor ready on 19050 exit=171.25.193.37
[w0:ab:pro] Rotating IP (#1, try 1) after No Turnstile token for direct search → tor#2 socks5://127.0.0.1:19050
[w0:ab:pro] Launching persistent Chrome profile /tmp/lll-pw-w0-r1
[w0:ab:pro] Proxy tor#2 socks5://127.0.0.1:19050
[w0:ab:pro] Opening https://lastletterlibrary.com
[w0:ab:pro] Library mode=pro
[w0:ab:pro] Managed Turnstile token (len=816, 7119ms, remount)
[w0:ab:pro] Search mode=direct (skip UI Wait Ns… gate)
[w0:ab:pro] Cleaned 1 old rotated profile(s)
[w0:ab:pro] Searching "buty" | queue=70 | words=47331
[w0:ab:pro] [api] 200 mode=pro startsWith=buty
[w0:ab:pro] [api] 200 mode=pro startsWith=buty (779ms direct)
[w0:ab:pro] "buty" → 47 records, 47 words
[w0:ab:pro] "buty" branch complete
[w0:ab:pro] Saved 47,359 worker words
[w0:ab:pro] Searching "backd" | queue=69 | words=47359
[w0:ab:pro] Pacing 15s before "backd" (gap=15500ms)
[w0:ab:pro] Managed Turnstile token (len=816, 9416ms, remount)
[w0:ab:pro] [api] 200 mode=pro startsWith=backd
[w0:ab:pro] [api] 200 mode=pro startsWith=backd (488ms direct)
[w0:ab:pro] "backd" → 19 records, 19 words
[w0:ab:pro] "backd" branch complete
[w0:ab:pro] Saved 47,378 worker words
[w0:ab:pro] Searching "backh" | queue=68 | words=47378
[w0:ab:pro] Pacing 4s before "backh" (gap=15500ms)
[w0:ab:pro] Managed Turnstile miss (18667ms)
[w0:ab:pro] heartbeat words=47378 queue=68 rotation=1 idle=15s
[w0:ab:pro] Failed "backh" attempt 1: No Turnstile token for direct search
[w0:ab:pro] Saved 47,378 worker words
[w0:ab:pro] Turnstile miss — soft reload before rotate
[w0:ab:pro] Turnstile mint hard timeout after 15000ms
[w0:ab:pro] Soft reload mint failed — rotating immediately
[w0:ab:pro] heartbeat words=47378 queue=69 rotation=2 idle=75s
[w0:ab:pro] Tor NEWNYM gen=2; waiting 8000ms
[w0:ab:pro] Tor ready on 19050 exit=192.42.116.55
[w0:ab:pro] Rotating IP (#2, try 1) after No Turnstile token for direct search → tor#3 socks5://127.0.0.1:19050
[w0:ab:pro] Launching persistent Chrome profile /tmp/lll-pw-w0-r2
[w0:ab:pro] Proxy tor#3 socks5://127.0.0.1:19050
[w0:ab:pro] Opening https://lastletterlibrary.com
[w0:ab:pro] Library mode=pro
[w0:ab:pro] heartbeat words=47378 queue=69 rotation=2 idle=135s
[w0:ab:pro] Managed Turnstile token (len=816, 17551ms, remount)
[w0:ab:pro] Search mode=direct (skip UI Wait Ns… gate)
[w0:ab:pro] Cleaned 1 old rotated profile(s)
[w0:ab:pro] Searching "backh" | queue=68 | words=47378
[w0:ab:pro] [api] 200 mode=pro startsWith=backh
[w0:ab:pro] [api] 200 mode=pro startsWith=backh (699ms direct)
[w0:ab:pro] "backh" → 21 records, 21 words
[w0:ab:pro] "backh" branch complete
[w0:ab:pro] Saved 47,399 worker words
[w0:ab:pro] Searching "backl" | queue=67 | words=47399
[w0:ab:pro] Pacing 13s before "backl" (gap=15500ms)
[w0:ab:pro] Managed Turnstile token (len=816, 6457ms, remount)
[w0:ab:pro] [api] 200 mode=pro startsWith=backl
[w0:ab:pro] [api] 200 mode=pro startsWith=backl (585ms direct)
[w0:ab:pro] "backl" → 40 records, 40 words
[w0:ab:pro] "backl" branch complete
[w0:ab:pro] Saved 47,439 worker words
[w0:ab:pro] Searching "backp" | queue=66 | words=47439
[w0:ab:pro] Pacing 15s before "backp" (gap=15500ms)
[w0:ab:pro] Managed Turnstile token (len=816, 4236ms, remount)
[w0:ab:pro] [api] 200 mode=pro startsWith=backp
[w0:ab:pro] [api] 200 mode=pro startsWith=backp (705ms direct)
[w0:ab:pro] "backp" → 31 records, 31 words
[w0:ab:pro] "backp" branch complete
[w0:ab:pro] heartbeat words=47470 queue=66 rotation=2 idle=22s
[w0:ab:pro] Saved 47,470 worker words
[w0:ab:pro] Searching "backy" | queue=65 | words=47470
[w0:ab:pro] Pacing 6s before "backy" (gap=15500ms)
[w0:ab:pro] Turnstile mint hard timeout after 20000ms
[w0:ab:pro] Failed "backy" attempt 1: No Turnstile token for direct search
[w0:ab:pro] Saved 47,470 worker words
[w0:ab:pro] Turnstile miss — soft reload before rotate
[w0:ab:pro] Turnstile token present (len=816)
[w0:ab:pro] Site Turnstile token (9731ms)
[w0:ab:pro] Searching "backy" | queue=65 | words=47470
[w0:ab:pro] [api] 200 mode=pro startsWith=backy
[w0:ab:pro] [api] 200 mode=pro startsWith=backy (491ms direct)
[w0:ab:pro] "backy" → 4 records, 4 words (incl. exact "backy")
[w0:ab:pro] "backy" branch complete
[w0:ab:pro] Saved 47,470 worker words; shared last.txt now 447,229
[w0:ab:pro] Searching "bacts" | queue=64 | words=47470
[w0:ab:pro] Pacing 14s before "bacts" (gap=15500ms)
[w0:ab:pro] Managed Turnstile token (len=816, 5453ms, remount)
[w0:ab:pro] heartbeat words=47470 queue=64 rotation=2 idle=12s
[w0:ab:pro] [api] 200 mode=pro startsWith=bacts
[w0:ab:pro] [api] 200 mode=pro startsWith=bacts (599ms direct)
[w0:ab:pro] "bacts" → 0 records, 0 words
[w0:ab:pro] "bacts" branch complete
[w0:ab:pro] Saved 47,470 worker words
[w0:ab:pro] Searching "bactw" | queue=63 | words=47470
[w0:ab:pro] Pacing 15s before "bactw" (gap=15500ms)
[w0:ab:pro] Managed Turnstile token (len=816, 6676ms, remount)
[w0:ab:pro] [api] 200 mode=pro startsWith=bactw
[w0:ab:pro] [api] 200 mode=pro startsWith=bactw (905ms direct)
[w0:ab:pro] "bactw" → 0 records, 0 words
[w0:ab:pro] "bactw" branch complete
[w0:ab:pro] Saved 47,470 worker words
[w0:ab:pro] Searching "balay" | queue=62 | words=47470
[w0:ab:pro] Pacing 1s before "balay" (gap=15500ms)
[w0:ab:pro] Turnstile mint hard timeout after 20000ms
[w0:ab:pro] Failed "balay" attempt 1: No Turnstile token for direct search
[w0:ab:pro] Saved 47,470 worker words
[w0:ab:pro] Turnstile miss — soft reload before rotate
[w0:ab:pro] heartbeat words=47470 queue=63 rotation=2 idle=30s
[w0:ab:pro] Site Turnstile remint timed out (11835ms)
[w0:ab:pro] Soft reload mint failed — rotating immediately
[w0:ab:pro] Tor NEWNYM gen=3; waiting 8000ms
[w0:ab:pro] Tor ready on 19050 exit=192.42.116.100
[w0:ab:pro] Rotating IP (#3, try 1) after No Turnstile token for direct search → tor#4 socks5://127.0.0.1:19050
[w0:ab:pro] Launching persistent Chrome profile /tmp/lll-pw-w0-r3
[w0:ab:pro] Proxy tor#4 socks5://127.0.0.1:19050
[w0:ab:pro] Opening https://lastletterlibrary.com
[w0:ab:pro] Library mode=pro
[w0:ab:pro] heartbeat words=47470 queue=63 rotation=3 idle=90s
[w0:ab:pro] Site Turnstile remint timed out (25120ms)
[w0:ab:pro] Search mode=direct (skip UI Wait Ns… gate)
[w0:ab:pro] Cleaned 1 old rotated profile(s)
[w0:ab:pro] Searching "balay" | queue=62 | words=47470
[w0:ab:pro] Managed Turnstile miss (16690ms)
[w0:ab:pro] Failed "balay" attempt 1: No Turnstile token for direct search
[w0:ab:pro] Saved 47,470 worker words
[w0:ab:pro] Turnstile miss — soft reload before rotate
[w0:ab:pro] Site Turnstile remint timed out (10141ms)
[w0:ab:pro] Soft reload mint failed — rotating immediately
[w0:ab:pro] heartbeat words=47470 queue=63 rotation=4 idle=151s
[w0:ab:pro] Tor NEWNYM gen=4; waiting 8000ms
[w0:ab:pro] Tor ready on 19050 exit=23.129.64.159
[w0:ab:pro] Rotating IP (#4, try 1) after No Turnstile token for direct search → tor#5 socks5://127.0.0.1:19050
[w0:ab:pro] Launching persistent Chrome profile /tmp/lll-pw-w0-r4
[w0:ab:pro] Proxy tor#5 socks5://127.0.0.1:19050
[w0:ab:pro] Opening https://lastletterlibrary.com
[w0:ab:pro] Library mode=pro
[w0:ab:pro] Managed Turnstile token (len=816, 6241ms, remount)
[w0:ab:pro] Search mode=direct (skip UI Wait Ns… gate)
[w0:ab:pro] Cleaned 1 old rotated profile(s)
[w0:ab:pro] Searching "balay" | queue=62 | words=47470
[w0:ab:pro] [api] 200 mode=pro startsWith=balay
[w0:ab:pro] [api] 200 mode=pro startsWith=balay (972ms direct)
[w0:ab:pro] "balay" → 5 records, 5 words
[w0:ab:pro] "balay" branch complete
[w0:ab:pro] Saved 47,470 worker words
[w0:ab:pro] Searching "ballg" | queue=61 | words=47470
[w0:ab:pro] Pacing 15s before "ballg" (gap=15500ms)
[w0:ab:pro] Managed Turnstile token (len=816, 5905ms, remount)
[w0:ab:pro] [api] 200 mode=pro startsWith=ballg
[w0:ab:pro] [api] 200 mode=pro startsWith=ballg (775ms direct)
[w0:ab:pro] "ballg" → 6 records, 6 words
[w0:ab:pro] "ballg" branch complete
[w0:ab:pro] Saved 47,476 worker words
[w0:ab:pro] Searching "ballk" | queue=60 | words=47476
[w0:ab:pro] Pacing 15s before "ballk" (gap=15500ms)
[w0:ab:pro] heartbeat words=47476 queue=60 rotation=4 idle=12s
[w0:ab:pro] Managed Turnstile miss (17643ms)
[w0:ab:pro] Failed "ballk" attempt 1: No Turnstile token for direct search
[w0:ab:pro] Saved 47,476 worker words
[w0:ab:pro] Turnstile miss — soft reload before rotate
[w0:ab:pro] Turnstile token present (len=816)
[w0:ab:pro] Site Turnstile token (9889ms)
[w0:ab:pro] Searching "ballk" | queue=60 | words=47476
[w0:ab:pro] [api] 200 mode=pro startsWith=ballk
[w0:ab:pro] [api] 200 mode=pro startsWith=ballk (760ms direct)
[w0:ab:pro] "ballk" → 0 records, 0 words
[w0:ab:pro] "ballk" branch complete
[w0:ab:pro] Managed Turnstile token (len=816, 10242ms, remount)
[w0:ab:pro] Saved 47,476 worker words
[w0:ab:pro] Searching "ballo" | queue=59 | words=47476
[w0:ab:pro] Pacing 5s before "ballo" (gap=15500ms)
[w0:ab:pro] [api] 200 mode=pro startsWith=ballo
[w0:ab:pro] [api] 200 mode=pro startsWith=ballo (659ms direct)
[w0:ab:pro] "ballo" → 57 records, 57 words (incl. exact "ballo")
[w0:ab:pro] "ballo" branch complete
[w0:ab:pro] Saved 47,480 worker words
[w0:ab:pro] Searching "bandy" | queue=58 | words=47480
[w0:ab:pro] Pacing 8s before "bandy" (gap=15500ms)
[w0:ab:pro] Managed Turnstile token (len=816, 19077ms, remount)
[w0:ab:pro] heartbeat words=47480 queue=58 rotation=4 idle=16s
[w0:ab:pro] [api] 200 mode=pro startsWith=bandy
[w0:ab:pro] [api] 200 mode=pro startsWith=bandy (712ms direct)
[w0:ab:pro] "bandy" → 8 records, 8 words (incl. exact "bandy")
[w0:ab:pro] "bandy" branch complete
[w0:ab:pro] Saved 47,480 worker words
[w0:ab:pro] Searching "barbz" | queue=57 | words=47480
[w0:ab:pro] Pacing 7s before "barbz" (gap=15500ms)
[w0:ab:pro] Turnstile mint hard timeout after 20000ms
[w0:ab:pro] Failed "barbz" attempt 1: No Turnstile token for direct search
[w0:ab:pro] Saved 47,480 worker words
[w0:ab:pro] Turnstile miss — soft reload before rotate
[w0:ab:pro] Turnstile token present (len=816)
[w0:ab:pro] Site Turnstile token (13553ms)
[w0:ab:pro] Searching "barbz" | queue=57 | words=47480
[w0:ab:pro] [api] 200 mode=pro startsWith=barbz
[w0:ab:pro] [api] 200 mode=pro startsWith=barbz (809ms direct)
[w0:ab:pro] "barbz" → 0 records, 0 words
[w0:ab:pro] "barbz" branch complete
[w0:ab:pro] Saved 47,480 worker words
[w0:ab:pro] Searching "barre" | queue=56 | words=47480
[w0:ab:pro] Pacing 14s before "barre" (gap=15500ms)
[w0:ab:pro] Managed Turnstile token (len=816, 10733ms, remount)
[w0:ab:pro] heartbeat words=47480 queue=56 rotation=4 idle=14s
[w0:ab:pro] [api] 200 mode=pro startsWith=barre
[w0:ab:pro] [api] 200 mode=pro startsWith=barre (589ms direct)
[w0:ab:pro] "barre" → 60 records, 60 words (incl. exact "barre")
[w0:ab:pro] "barre" branch complete
[w0:ab:pro] Saved 47,480 worker words
[w0:ab:pro] Searching "basiw" | queue=55 | words=47480
[w0:ab:pro] Pacing 15s before "basiw" (gap=15500ms)
[w0:ab:pro] Managed Turnstile token (len=816, 7286ms, remount)
[w0:ab:pro] [api] 200 mode=pro startsWith=basiw
[w0:ab:pro] [api] 200 mode=pro startsWith=basiw (649ms direct)
[w0:ab:pro] "basiw" → 0 records, 0 words
[w0:ab:pro] "basiw" branch complete
[w0:ab:pro] Saved 47,480 worker words
[w0:ab:pro] Searching "bathy" | queue=54 | words=47480
[w0:ab:pro] Pacing 15s before "bathy" (gap=15500ms)
[w0:ab:pro] Managed Turnstile miss (17050ms)
[w0:ab:pro] Failed "bathy" attempt 1: No Turnstile token for direct search
[w0:ab:pro] Saved 47,480 worker words
[w0:ab:pro] Turnstile miss — soft reload before rotate
[w0:ab:pro] heartbeat words=47480 queue=55 rotation=4 idle=43s
[w0:ab:pro] Site Turnstile remint timed out (13406ms)
[w0:ab:pro] Soft reload mint failed — rotating immediately
[w0:ab:pro] Tor NEWNYM gen=5; waiting 8000ms
[w0:ab:pro] Tor ready on 19050 exit=192.42.116.14
[w0:ab:pro] Rotating IP (#5, try 1) after No Turnstile token for direct search → tor#6 socks5://127.0.0.1:19050
[w0:ab:pro] Launching persistent Chrome profile /tmp/lll-pw-w0-r5
[w0:ab:pro] Proxy tor#6 socks5://127.0.0.1:19050
[w0:ab:pro] Opening https://lastletterlibrary.com
[w0:ab:pro] page.goto failed attempt 1: page.goto: net::ERR_TIMED_OUT at https://lastletterlibrary.com/
Call log:
  - navigating to "https://lastletterlibrary.c
[w0:ab:pro] heartbeat words=47480 queue=55 rotation=5 idle=103s
[w0:ab:pro] page.goto failed attempt 2: page.goto: net::ERR_TIMED_OUT at https://lastletterlibrary.com/
Call log:
  - navigating to "https://lastletterlibrary.c
[w0:ab:pro] page.goto failed attempt 3: page.goto: net::ERR_TIMED_OUT at https://lastletterlibrary.com/
Call log:
  - navigating to "https://lastletterlibrary.c
[w0:ab:pro] heartbeat words=47480 queue=55 rotation=5 idle=163s
[w0:ab:pro] rotateIp attempt 1 failed: page.goto: net::ERR_TIMED_OUT at https://lastletterlibrary.com/
Call log:
  - navigating to "https://lastletterlibrary.com/", waiting until "domcontentloaded"

[w0:ab:pro] Tor NEWNYM gen=6; waiting 8000ms
[w0:ab:pro] Tor ready on 19050 exit=185.220.101.52
[w0:ab:pro] Rotating IP (#6, try 2) after No Turnstile token for direct search → tor#7 socks5://127.0.0.1:19050
[w0:ab:pro] Launching persistent Chrome profile /tmp/lll-pw-w0-r6
[w0:ab:pro] Proxy tor#7 socks5://127.0.0.1:19050
[w0:ab:pro] Opening https://lastletterlibrary.com
[w0:ab:pro] page.goto failed attempt 1: page.goto: net::ERR_NETWORK_CHANGED at https://lastletterlibrary.com/
Call log:
  - navigating to "https://lastletterlib
[w0:ab:pro] page.goto failed attempt 2: page.goto: net::ERR_SOCKET_NOT_CONNECTED at https://lastletterlibrary.com/
Call log:
  - navigating to "https://lastlett
[w0:ab:pro] Library mode=pro
[w0:ab:pro] heartbeat words=47480 queue=55 rotation=6 idle=223s
[w0:ab:pro] No successful search for 180s — respawning worker
[w0:ab:pro] Graceful shutdown on watchdog
[w0:ab:pro] Saved 47,480 worker words; shared last.txt now 449,650
[w0:ab:pro] Site Turnstile remint timed out (11568ms)
[w0:ab:pro] Search mode=direct (skip UI Wait Ns… gate)
[w0:ab:pro] Cleaned 2 old rotated profile(s)
[w0:ab:pro] Searching "bathy" | queue=54 | words=47480
[w0:ab:pro] Failed "bathy" attempt 1: locator.count: Target page, context or browser has been closed
[w0:ab:pro] Saved 47,480 worker words
[w0:ab:pro] Tor exited code=0

--- respawn 2026-08-06T02:57:08.118Z ---
[w0:ab:pro] IP mode=tor
[w0:ab:pro] Cleaned 1 old rotated profile(s)
[w0:ab:pro] Starting persistent Tor socks=127.0.0.1:19050 control=127.0.0.1:29050
[w0:ab:pro] tor: Aug 05 21:57:08.000 [notice] Bootstrapped 0% (starting): Starting
[w0:ab:pro] tor: Aug 05 21:57:10.000 [notice] Bootstrapped 5% (conn): Connecting to a relay
[w0:ab:pro] tor: Aug 05 21:57:10.000 [notice] New control connection opened from 127.0.0.1.
Aug 05 21:57:10.000 [notice] Bootstrapped 10% (conn_done): Connected to a relay
[w0:ab:pro] tor: Aug 05 21:57:11.000 [notice] Bootstrapped 14% (handshake): Handshaking with a relay
[w0:ab:pro] tor: Aug 05 21:57:11.000 [notice] Bootstrapped 15% (handshake_done): Handshake with a relay done
Aug 05 21:57:11.000 [notice] Bootstrapped 75% (enough_dirinfo): Load
[w0:ab:pro] tor: Aug 05 21:57:11.000 [notice] Bootstrapped 95% (circuit_create): Establishing a Tor circuit
[w0:ab:pro] tor: Aug 05 21:57:12.000 [notice] Bootstrapped 100% (done): Done
[w0:ab:pro] Tor ready on 19050 exit=171.25.193.131
[w0:ab:pro] Launching persistent Chrome profile /tmp/lll-pw-w0-r0
[w0:ab:pro] Proxy tor#1 socks5://127.0.0.1:19050
[w0:ab:pro] Opening https://lastletterlibrary.com
[w0:ab:pro] Library mode=pro
[w0:ab:pro] Managed Turnstile token (len=816, 6435ms, remount)
[w0:ab:pro] Search mode=direct (skip UI Wait Ns… gate)
[w0:ab:pro] Loaded 5445 prefixes, 47480 words; queue=55
[w0:ab:pro] Searching "bathy" | queue=54 | words=47480
[w0:ab:pro] [api] 200 mode=pro startsWith=bathy
[w0:ab:pro] [api] 200 mode=pro startsWith=bathy (803ms direct)
[w0:ab:pro] "bathy" → 51 records, 51 words
[w0:ab:pro] "bathy" branch complete
[w0:ab:pro] Saved 47,480 worker words
[w0:ab:pro] Searching "belly" | queue=53 | words=47480
[w0:ab:pro] Pacing 15s before "belly" (gap=15500ms)
[w0:ab:pro] Managed Turnstile token (len=816, 7110ms, remount)
[w0:ab:pro] [api] 200 mode=pro startsWith=belly
[w0:ab:pro] [api] 200 mode=pro startsWith=belly (480ms direct)
[w0:ab:pro] "belly" → 33 records, 33 words (incl. exact "belly")
[w0:ab:pro] "belly" branch complete
[w0:ab:pro] Saved 47,480 worker words
[w0:ab:pro] Searching "bibli" | queue=52 | words=47480
[w0:ab:pro] Pacing 13s before "bibli" (gap=15500ms)
[w0:ab:pro] Managed Turnstile token (len=816, 10013ms, remount)
[w0:ab:pro] [api] 200 mode=pro startsWith=bibli
[w0:ab:pro] [api] 200 mode=pro startsWith=bibli (524ms direct)
[w0:ab:pro] "bibli" → 100 records, 100 words
[w0:ab:pro] Pacing 13s before "bibli" (gap=15500ms)
[w0:ab:pro] Managed Turnstile token (len=816, 10933ms, remount)
[w0:ab:pro] [api] 200 mode=pro startsWith=bibli
[w0:ab:pro] [api] 200 mode=pro startsWith=bibli sort=alphabetical:desc (602ms direct)
[w0:ab:pro] "bibli" full page ends at "bibliopolies" (next='o'); skip 19 covered groups → 9 children reverse Z→A ends at "bibliolaters" (lo='o' hi='s'); skip 3 middle + 0 new words
[w0:ab:pro] Saved 47,480 worker words
[w0:ab:pro] Searching "biblj" | queue=60 | words=47480
[w0:ab:pro] Pacing 12s before "biblj" (gap=15500ms)
[w0:ab:pro] Managed Turnstile token (len=816, 10943ms, remount)
[w0:ab:pro] heartbeat words=47480 queue=60 rotation=0 idle=9s
[w0:ab:pro] [api] 200 mode=pro startsWith=biblj
[w0:ab:pro] [api] 200 mode=pro startsWith=biblj (536ms direct)
[w0:ab:pro] "biblj" → 0 records, 0 words
[w0:ab:pro] "biblj" branch complete
[w0:ab:pro] Saved 47,480 worker words
[w0:ab:pro] Searching "biblk" | queue=59 | words=47480
[w0:ab:pro] Pacing 15s before "biblk" (gap=15500ms)
[w0:ab:pro] Managed Turnstile token (len=816, 4338ms, remount)
[w0:ab:pro] [api] 200 mode=pro startsWith=biblk
[w0:ab:pro] [api] 200 mode=pro startsWith=biblk (464ms direct)
[w0:ab:pro] "biblk" → 0 records, 0 words
[w0:ab:pro] "biblk" branch complete
[w0:ab:pro] Saved 47,480 worker words
[w0:ab:pro] Searching "bibll" | queue=58 | words=47480
[w0:ab:pro] Pacing 15s before "bibll" (gap=15500ms)
[w0:ab:pro] Managed Turnstile token (len=816, 5629ms, remount)
[w0:ab:pro] [api] 200 mode=pro startsWith=bibll
[w0:ab:pro] [api] 200 mode=pro startsWith=bibll (628ms direct)
[w0:ab:pro] "bibll" → 0 records, 0 words
[w0:ab:pro] "bibll" branch complete
[w0:ab:pro] Saved 47,480 worker words
[w0:ab:pro] Searching "biblm" | queue=57 | words=47480
[w0:ab:pro] Pacing 7s before "biblm" (gap=15500ms)
[w0:ab:pro] Managed Turnstile miss (19976ms)
[w0:ab:pro] Failed "biblm" attempt 1: No Turnstile token for direct search
[w0:ab:pro] heartbeat words=47480 queue=58 rotation=0 idle=20s
[w0:ab:pro] Saved 47,480 worker words
[w0:ab:pro] Turnstile miss — soft reload before rotate
[w0:ab:pro] Turnstile token present (len=816)
[w0:ab:pro] Site Turnstile token (8135ms)
[w0:ab:pro] Searching "biblm" | queue=57 | words=47480
[w0:ab:pro] [api] 200 mode=pro startsWith=biblm
[w0:ab:pro] [api] 200 mode=pro startsWith=biblm (556ms direct)
[w0:ab:pro] "biblm" → 0 records, 0 words
[w0:ab:pro] "biblm" branch complete
[w0:ab:pro] Saved 47,480 worker words; shared last.txt now 450,132
[w0:ab:pro] Searching "bibln" | queue=56 | words=47480
[w0:ab:pro] Pacing 10s before "bibln" (gap=15500ms)
[w0:ab:pro] Managed Turnstile token (len=816, 6446ms, remount)
[w0:ab:pro] [api] 200 mode=pro startsWith=bibln
[w0:ab:pro] [api] 200 mode=pro startsWith=bibln (490ms direct)
[w0:ab:pro] "bibln" → 0 records, 0 words
[w0:ab:pro] "bibln" branch complete
[w0:ab:pro] Saved 47,480 worker words
[w0:ab:pro] Searching "biblo" | queue=55 | words=47480
[w0:ab:pro] Pacing 15s before "biblo" (gap=15500ms)
[w0:ab:pro] Managed Turnstile token (len=816, 4766ms, remount)
[w0:ab:pro] [api] 200 mode=pro startsWith=biblo
[w0:ab:pro] [api] 200 mode=pro startsWith=biblo (644ms direct)
[w0:ab:pro] "biblo" → 1 records, 1 words
[w0:ab:pro] "biblo" branch complete
[w0:ab:pro] Saved 47,480 worker words
[w0:ab:pro] Searching "biblp" | queue=54 | words=47480
[w0:ab:pro] Pacing 15s before "biblp" (gap=15500ms)
[w0:ab:pro] Managed Turnstile miss (15529ms)
[w0:ab:pro] Failed "biblp" attempt 1: No Turnstile token for direct search
[w0:ab:pro] heartbeat words=47480 queue=55 rotation=0 idle=20s
[w0:ab:pro] Saved 47,480 worker words
[w0:ab:pro] Turnstile miss — soft reload before rotate
[w0:ab:pro] Turnstile mint hard timeout after 15000ms
[w0:ab:pro] Site Turnstile remint timed out (16586ms)
[w0:ab:pro] Soft reload mint failed — rotating immediately
[w0:ab:pro] Tor NEWNYM gen=1; waiting 8000ms
[w0:ab:pro] Tor ready on 19050 exit=185.220.101.27
[w0:ab:pro] Rotating IP (#1, try 1) after No Turnstile token for direct search → tor#2 socks5://127.0.0.1:19050
[w0:ab:pro] Launching persistent Chrome profile /tmp/lll-pw-w0-r1
[w0:ab:pro] Proxy tor#2 socks5://127.0.0.1:19050
[w0:ab:pro] Opening https://lastletterlibrary.com
[w0:ab:pro] Library mode=pro
[w0:ab:pro] heartbeat words=47480 queue=55 rotation=1 idle=80s
[w0:ab:pro] Site Turnstile remint timed out (23093ms)
[w0:ab:pro] Search mode=direct (skip UI Wait Ns… gate)
[w0:ab:pro] Cleaned 1 old rotated profile(s)
[w0:ab:pro] Searching "biblp" | queue=54 | words=47480
[w0:ab:pro] Managed Turnstile miss (15093ms)
[w0:ab:pro] Failed "biblp" attempt 1: No Turnstile token for direct search
[w0:ab:pro] Saved 47,480 worker words
[w0:ab:pro] Turnstile miss — soft reload before rotate
[w0:ab:pro] Site Turnstile remint timed out (14568ms)
[w0:ab:pro] Soft reload mint failed — rotating immediately
[w0:ab:pro] heartbeat words=47480 queue=55 rotation=2 idle=140s
[w0:ab:pro] Tor NEWNYM gen=2; waiting 8000ms
[w0:ab:pro] Tor ready on 19050 exit=45.66.35.21
[w0:ab:pro] Rotating IP (#2, try 1) after No Turnstile token for direct search → tor#3 socks5://127.0.0.1:19050
[w0:ab:pro] Launching persistent Chrome profile /tmp/lll-pw-w0-r2
[w0:ab:pro] Proxy tor#3 socks5://127.0.0.1:19050
[w0:ab:pro] Opening https://lastletterlibrary.com
[w0:ab:pro] page.goto failed attempt 1: page.goto: net::ERR_TIMED_OUT at https://lastletterlibrary.com/
Call log:
  - navigating to "https://lastletterlibrary.c
[w0:ab:pro] heartbeat words=47480 queue=55 rotation=2 idle=200s
[w0:ab:pro] No successful search for 180s — respawning worker
[w0:ab:pro] Graceful shutdown on watchdog
[w0:ab:pro] Saved 47,480 worker words
[w0:ab:pro] rotateIp attempt 1 failed: Could not enable Pro mode: locator.waitFor: Target page, context or browser has been closed
[w0:ab:pro] Tor exited code=null

--- respawn 2026-08-06T03:03:56.511Z ---
[w0:ab:pro] IP mode=tor
[w0:ab:pro] Cleaned 2 old rotated profile(s)
[w0:ab:pro] Starting persistent Tor socks=127.0.0.1:19050 control=127.0.0.1:29050
[w0:ab:pro] tor: Aug 05 22:04:01.000 [notice] Bootstrapped 0% (starting): Starting
[w0:ab:pro] tor: Aug 05 22:04:04.000 [notice] Bootstrapped 5% (conn): Connecting to a relay
[w0:ab:pro] tor: Aug 05 22:04:04.000 [notice] Bootstrapped 10% (conn_done): Connected to a relay
[w0:ab:pro] tor: Aug 05 22:04:05.000 [notice] Bootstrapped 14% (handshake): Handshaking with a relay
[w0:ab:pro] tor: Aug 05 22:04:05.000 [notice] Bootstrapped 15% (handshake_done): Handshake with a relay done
Aug 05 22:04:05.000 [notice] Bootstrapped 75% (enough_dirinfo): Load
[w0:ab:pro] tor: Aug 05 22:04:06.000 [notice] Bootstrapped 100% (done): Done
[w0:ab:pro] Tor ready on 19050 exit=185.220.101.134
[w0:ab:pro] Launching persistent Chrome profile /tmp/lll-pw-w0-r0
[w0:ab:pro] Proxy tor#1 socks5://127.0.0.1:19050
[w0:ab:pro] Opening https://lastletterlibrary.com
[w0:ab:pro] Library mode=pro
[w0:ab:pro] Managed Turnstile token (len=816, 3974ms, remount)
[w0:ab:pro] Search mode=direct (skip UI Wait Ns… gate)
[w0:ab:pro] Loaded 5473 prefixes, 47480 words; queue=55
[w0:ab:pro] Searching "biblp" | queue=54 | words=47480
[w0:ab:pro] [api] 200 mode=pro startsWith=biblp
[w0:ab:pro] [api] 200 mode=pro startsWith=biblp (670ms direct)
[w0:ab:pro] "biblp" → 0 records, 0 words
[w0:ab:pro] "biblp" branch complete
[w0:ab:pro] Saved 47,480 worker words
[w0:ab:pro] Searching "biblq" | queue=53 | words=47480
[w0:ab:pro] Pacing 15s before "biblq" (gap=15500ms)
[w0:ab:pro] Managed Turnstile token (len=816, 3601ms, remount)
[w0:ab:pro] [api] 429 mode=pro startsWith=biblq
[w0:ab:pro] [api] 429 mode=pro startsWith=biblq (11184ms direct)
[w0:ab:pro] Learned server gap ≈ 17626ms (wait hint 6000ms)
[w0:ab:pro] Rate limited — inline wait 6000ms then retry "biblq"
[w0:ab:pro] Managed Turnstile token (len=816, 4637ms, remount)
[w0:ab:pro] [api] 200 mode=pro startsWith=biblq
[w0:ab:pro] [api] 200 mode=pro startsWith=biblq (455ms direct)
[w0:ab:pro] "biblq" → 0 records, 0 words
[w0:ab:pro] "biblq" branch complete
[w0:ab:pro] Saved 47,480 worker words
[w0:ab:pro] Searching "biblr" | queue=52 | words=47480
[w0:ab:pro] Pacing 17s before "biblr" (gap=17626ms)
[w0:ab:pro] Managed Turnstile token (len=816, 7512ms, remount)
[w0:ab:pro] [api] 200 mode=pro startsWith=biblr
[w0:ab:pro] [api] 200 mode=pro startsWith=biblr (477ms direct)
[w0:ab:pro] "biblr" → 0 records, 0 words
[w0:ab:pro] "biblr" branch complete
[w0:ab:pro] Saved 47,480 worker words
[w0:ab:pro] Searching "bibls" | queue=51 | words=47480
[w0:ab:pro] Pacing 16s before "bibls" (gap=17626ms)
[w0:ab:pro] Managed Turnstile token (len=816, 8351ms, remount)
[w0:ab:pro] heartbeat words=47480 queue=51 rotation=0 idle=7s
[w0:ab:pro] [api] 200 mode=pro startsWith=bibls
[w0:ab:pro] [api] 200 mode=pro startsWith=bibls (531ms direct)
[w0:ab:pro] "bibls" → 0 records, 0 words
[w0:ab:pro] "bibls" branch complete
[w0:ab:pro] Saved 47,480 worker words
[w0:ab:pro] Searching "biblt" | queue=50 | words=47480
[w0:ab:pro] Pacing 16s before "biblt" (gap=17626ms)
[w0:ab:pro] Managed Turnstile miss (15742ms)
[w0:ab:pro] Managed Turnstile token (len=816, 5005ms, remount)
[w0:ab:pro] [api] 200 mode=pro startsWith=biblt
[w0:ab:pro] [api] 200 mode=pro startsWith=biblt (11465ms direct)
[w0:ab:pro] "biblt" → 0 records, 0 words
[w0:ab:pro] "biblt" branch complete
[w0:ab:pro] Saved 47,480 worker words
[w0:ab:pro] Searching "biblu" | queue=49 | words=47480
[w0:ab:pro] Pacing 5s before "biblu" (gap=17626ms)
[w0:ab:pro] Managed Turnstile miss (16128ms)
[w0:ab:pro] Failed "biblu" attempt 1: No Turnstile token for direct search
[w0:ab:pro] heartbeat words=47480 queue=50 rotation=0 idle=17s
[w0:ab:pro] Saved 47,480 worker words
[w0:ab:pro] Turnstile miss — soft reload before rotate
[w0:ab:pro] Site Turnstile remint timed out (12025ms)
[w0:ab:pro] Soft reload mint failed — rotating immediately
[w0:ab:pro] Tor NEWNYM gen=1; waiting 8000ms
[w0:ab:pro] Tor ready on 19050 exit=109.70.100.1
[w0:ab:pro] Rotating IP (#1, try 1) after No Turnstile token for direct search → tor#2 socks5://127.0.0.1:19050
[w0:ab:pro] Launching persistent Chrome profile /tmp/lll-pw-w0-r1
[w0:ab:pro] Proxy tor#2 socks5://127.0.0.1:19050
[w0:ab:pro] Opening https://lastletterlibrary.com
[w0:ab:pro] Library mode=pro
[w0:ab:pro] Managed Turnstile token (len=816, 9440ms, remount)
[w0:ab:pro] Search mode=direct (skip UI Wait Ns… gate)
[w0:ab:pro] Cleaned 1 old rotated profile(s)
[w0:ab:pro] Searching "biblu" | queue=49 | words=47480
[w0:ab:pro] [api] 200 mode=pro startsWith=biblu
[w0:ab:pro] [api] 200 mode=pro startsWith=biblu (482ms direct)
[w0:ab:pro] "biblu" → 1 records, 1 words
[w0:ab:pro] "biblu" branch complete
[w0:ab:pro] Saved 47,480 worker words
[w0:ab:pro] Searching "biblv" | queue=48 | words=47480
[w0:ab:pro] Pacing 16s before "biblv" (gap=17626ms)
[w0:ab:pro] Managed Turnstile token (len=816, 7207ms, remount)
[w0:ab:pro] heartbeat words=47480 queue=48 rotation=1 idle=10s
[w0:ab:pro] [api] 200 mode=pro startsWith=biblv
[w0:ab:pro] [api] 200 mode=pro startsWith=biblv (592ms direct)
[w0:ab:pro] "biblv" → 0 records, 0 words
[w0:ab:pro] "biblv" branch complete
[w0:ab:pro] Saved 47,480 worker words; shared last.txt now 452,806
[w0:ab:pro] Searching "biblw" | queue=47 | words=47480
[w0:ab:pro] Pacing 1s before "biblw" (gap=17626ms)
[w0:ab:pro] Managed Turnstile miss (16237ms)
[w0:ab:pro] Failed "biblw" attempt 1: No Turnstile token for direct search
[w0:ab:pro] Saved 47,480 worker words
[w0:ab:pro] Turnstile miss — soft reload before rotate
[w0:ab:pro] Turnstile token present (len=837)
[w0:ab:pro] Site Turnstile token (6475ms)
[w0:ab:pro] Searching "biblw" | queue=47 | words=47480
[w0:ab:pro] [api] 200 mode=pro startsWith=biblw
[w0:ab:pro] [api] 200 mode=pro startsWith=biblw (417ms direct)
[w0:ab:pro] "biblw" → 0 records, 0 words
[w0:ab:pro] "biblw" branch complete
[w0:ab:pro] Saved 47,480 worker words
[w0:ab:pro] Searching "biblx" | queue=46 | words=47480
[w0:ab:pro] Pacing 18s before "biblx" (gap=17626ms)
[w0:ab:pro] Managed Turnstile token (len=816, 3994ms, remount)
[w0:ab:pro] [api] 200 mode=pro startsWith=biblx
[w0:ab:pro] [api] 200 mode=pro startsWith=biblx (450ms direct)
[w0:ab:pro] "biblx" → 0 records, 0 words
[w0:ab:pro] "biblx" branch complete
[w0:ab:pro] Saved 47,480 worker words
[w0:ab:pro] Searching "bibly" | queue=45 | words=47480
[w0:ab:pro] Pacing 18s before "bibly" (gap=17626ms)
[w0:ab:pro] Managed Turnstile token (len=816, 3642ms, remount)
[w0:ab:pro] heartbeat words=47480 queue=45 rotation=1 idle=10s
[w0:ab:pro] [api] 200 mode=pro startsWith=bibly
[w0:ab:pro] [api] 200 mode=pro startsWith=bibly (470ms direct)
[w0:ab:pro] "bibly" → 0 records, 0 words
[w0:ab:pro] "bibly" branch complete
[w0:ab:pro] Saved 47,480 worker words
[w0:ab:pro] Searching "biblz" | queue=44 | words=47480
[w0:ab:pro] Pacing 18s before "biblz" (gap=17626ms)
[w0:ab:pro] Managed Turnstile token (len=816, 3881ms, remount)
[w0:ab:pro] [api] 200 mode=pro startsWith=biblz
[w0:ab:pro] [api] 200 mode=pro startsWith=biblz (747ms direct)
[w0:ab:pro] "biblz" → 0 records, 0 words
[w0:ab:pro] "biblz" branch complete
[w0:ab:pro] Saved 47,480 worker words
[w0:ab:pro] Searching "billy" | queue=43 | words=47480
[w0:ab:pro] Pacing 15s before "billy" (gap=17626ms)
[w0:ab:pro] Managed Turnstile token (len=816, 7842ms, remount)
[w0:ab:pro] [api] 200 mode=pro startsWith=billy
[w0:ab:pro] [api] 200 mode=pro startsWith=billy (462ms direct)
[w0:ab:pro] "billy" → 14 records, 14 words (incl. exact "billy")
[w0:ab:pro] "billy" branch complete
[w0:ab:pro] Saved 47,480 worker words
[w0:ab:pro] Searching "billz" | queue=42 | words=47480
[w0:ab:pro] Pacing 17s before "billz" (gap=17626ms)
[w0:ab:pro] Managed Turnstile miss (15515ms)
[w0:ab:pro] heartbeat words=47480 queue=42 rotation=1 idle=17s
[w0:ab:pro] Managed Turnstile token (len=816, 12843ms, remount)
[w0:ab:pro] [api] 200 mode=pro startsWith=billz
[w0:ab:pro] [api] 200 mode=pro startsWith=billz (486ms direct)
[w0:ab:pro] "billz" → 0 records, 0 words
[w0:ab:pro] "billz" branch complete
[w0:ab:pro] Saved 47,480 worker words
[w0:ab:pro] Searching "blood" | queue=41 | words=47480
[w0:ab:pro] Pacing 14s before "blood" (gap=17376ms)
[w0:ab:pro] Managed Turnstile token (len=816, 14453ms, remount)
[w0:ab:pro] [api] 200 mode=pro startsWith=blood
[w0:ab:pro] [api] 200 mode=pro startsWith=blood (442ms direct)
[w0:ab:pro] "blood" → 100 records, 100 words (incl. exact "blood")
[w0:ab:pro] Pacing 17s before "blood" (gap=17126ms)
[w0:ab:pro] Managed Turnstile miss (15276ms)
[w0:ab:pro] heartbeat words=47480 queue=41 rotation=1 idle=43s
[w0:ab:pro] Managed Turnstile miss (15619ms)
[w0:ab:pro] "blood" reverse search failed (No Turnstile token for direct search); forward-only
[w0:ab:pro] "blood" full page ends at "bloodthirstinesses" (next='t'); skip 21 covered groups → 7 children from bloodt..
[w0:ab:pro] Saved 47,480 worker words; shared last.txt now 453,669
[w0:ab:pro] Searching "bloot" | queue=47 | words=47480
[w0:ab:pro] Managed Turnstile token (len=816, 4208ms, remount)
[w0:ab:pro] [api] 200 mode=pro startsWith=bloot
[w0:ab:pro] [api] 200 mode=pro startsWith=bloot (446ms direct)
[w0:ab:pro] "bloot" → 2 records, 2 words
[w0:ab:pro] "bloot" branch complete
[w0:ab:pro] Saved 47,480 worker words
[w0:ab:pro] Searching "bloou" | queue=46 | words=47480
[w0:ab:pro] Pacing 17s before "bloou" (gap=16876ms)
[w0:ab:pro] Managed Turnstile token (len=816, 4736ms, remount)
[w0:ab:pro] [api] 200 mode=pro startsWith=bloou
[w0:ab:pro] [api] 200 mode=pro startsWith=bloou (447ms direct)
[w0:ab:pro] "bloou" → 0 records, 0 words
[w0:ab:pro] "bloou" branch complete
[w0:ab:pro] Saved 47,480 worker words
[w0:ab:pro] Searching "bloov" | queue=45 | words=47480
[w0:ab:pro] Pacing 17s before "bloov" (gap=16626ms)
[w0:ab:pro] Managed Turnstile token (len=816, 3730ms, remount)
[w0:ab:pro] [api] 200 mode=pro startsWith=bloov
[w0:ab:pro] [api] 200 mode=pro startsWith=bloov (532ms direct)
[w0:ab:pro] "bloov" → 0 records, 0 words
[w0:ab:pro] "bloov" branch complete
[w0:ab:pro] Saved 47,480 worker words
[w0:ab:pro] Searching "bloow" | queue=44 | words=47480
[w0:ab:pro] Pacing 15s before "bloow" (gap=16376ms)
[w0:ab:pro] heartbeat words=47480 queue=44 rotation=1 idle=3s
[w0:ab:pro] Managed Turnstile token (len=816, 14403ms, remount)
[w0:ab:pro] [api] 200 mode=pro startsWith=bloow
[w0:ab:pro] [api] 200 mode=pro startsWith=bloow (478ms direct)
[w0:ab:pro] "bloow" → 0 records, 0 words
[w0:ab:pro] "bloow" branch complete
[w0:ab:pro] Saved 47,480 worker words
[w0:ab:pro] Searching "bloox" | queue=43 | words=47480
[w0:ab:pro] Pacing 15s before "bloox" (gap=16126ms)
[w0:ab:pro] Managed Turnstile miss (15542ms)
[w0:ab:pro] Failed "bloox" attempt 1: No Turnstile token for direct search
[w0:ab:pro] Saved 47,480 worker words
[w0:ab:pro] Turnstile miss — soft reload before rotate
[w0:ab:pro] Managed Turnstile token (len=816, 4889ms, remount)
[w0:ab:pro] Searching "bloox" | queue=43 | words=47480
[w0:ab:pro] [api] 200 mode=pro startsWith=bloox
[w0:ab:pro] [api] 200 mode=pro startsWith=bloox (461ms direct)
[w0:ab:pro] "bloox" → 0 records, 0 words
[w0:ab:pro] "bloox" branch complete
[w0:ab:pro] Saved 47,480 worker words
[w0:ab:pro] Searching "blooy" | queue=42 | words=47480
[w0:ab:pro] Pacing 16s before "blooy" (gap=15876ms)
[w0:ab:pro] Managed Turnstile token (len=816, 3569ms, remount)
[w0:ab:pro] [api] 200 mode=pro startsWith=blooy
[w0:ab:pro] [api] 200 mode=pro startsWith=blooy (449ms direct)
[w0:ab:pro] "blooy" → 0 records, 0 words
[w0:ab:pro] "blooy" branch complete
[w0:ab:pro] Saved 47,480 worker words
[w0:ab:pro] Searching "blooz" | queue=41 | words=47480
[w0:ab:pro] Pacing 16s before "blooz" (gap=15876ms)
[w0:ab:pro] Managed Turnstile token (len=816, 3558ms, remount)
[w0:ab:pro] heartbeat words=47480 queue=41 rotation=1 idle=5s
[w0:ab:pro] [api] 200 mode=pro startsWith=blooz
[w0:ab:pro] [api] 200 mode=pro startsWith=blooz (480ms direct)
[w0:ab:pro] "blooz" → 0 records, 0 words
[w0:ab:pro] "blooz" branch complete
[w0:ab:pro] Saved 47,480 worker words; shared last.txt now 454,354
[w0:ab:pro] Searching "brach" | queue=40 | words=47480
[w0:ab:pro] Pacing 14s before "brach" (gap=15876ms)
[w0:ab:pro] Managed Turnstile token (len=816, 5288ms, remount)
[w0:ab:pro] [api] 200 mode=pro startsWith=brach
[w0:ab:pro] [api] 200 mode=pro startsWith=brach (509ms direct)
[w0:ab:pro] "brach" → 100 records, 100 words (incl. exact "brach")
[w0:ab:pro] Pacing 15s before "brach" (gap=15876ms)
[w0:ab:pro] Managed Turnstile token (len=816, 9671ms, remount)
[w0:ab:pro] [api] 200 mode=pro startsWith=brach
[w0:ab:pro] [api] 200 mode=pro startsWith=brach sort=alphabetical:desc (454ms direct)
[w0:ab:pro] "brach" full page ends at "brachydactylism" (next='y'); skip 26 covered groups → 2 children reverse Z→A ends at "brachycephalies" (lo='y' hi='y'); skip 0 middle + 75 new words
[w0:ab:pro] Saved 47,574 worker words
[w0:ab:pro] Searching "braci" | queue=41 | words=47574
[w0:ab:pro] Pacing 16s before "braci" (gap=15876ms)
[w0:ab:pro] Managed Turnstile token (len=816, 5252ms, remount)
[w0:ab:pro] [api] 200 mode=pro startsWith=braci
[w0:ab:pro] [api] 200 mode=pro startsWith=braci (472ms direct)
[w0:ab:pro] "braci" → 8 records, 8 words
[w0:ab:pro] "braci" branch complete
[w0:ab:pro] Saved 47,582 worker words
[w0:ab:pro] Searching "bracj" | queue=40 | words=47582
[w0:ab:pro] Pacing 15s before "bracj" (gap=15876ms)
[w0:ab:pro] heartbeat words=47582 queue=40 rotation=1 idle=1s
[w0:ab:pro] Managed Turnstile miss (15385ms)
[w0:ab:pro] Failed "bracj" attempt 1: No Turnstile token for direct search
[w0:ab:pro] Saved 47,582 worker words
[w0:ab:pro] Turnstile miss — soft reload before rotate
[w0:ab:pro] Site Turnstile remint timed out (10194ms)
[w0:ab:pro] Soft reload mint failed — rotating immediately
[w0:ab:pro] Tor NEWNYM gen=2; waiting 8000ms
[w0:ab:pro] Tor ready on 19050 exit=23.128.248.164
[w0:ab:pro] Rotating IP (#2, try 1) after No Turnstile token for direct search → tor#3 socks5://127.0.0.1:19050
[w0:ab:pro] Launching persistent Chrome profile /tmp/lll-pw-w0-r2
[w0:ab:pro] Proxy tor#3 socks5://127.0.0.1:19050
[w0:ab:pro] Opening https://lastletterlibrary.com
[w0:ab:pro] Library mode=pro
[w0:ab:pro] Managed Turnstile token (len=816, 5981ms, remount)
[w0:ab:pro] Search mode=direct (skip UI Wait Ns… gate)
[w0:ab:pro] Cleaned 1 old rotated profile(s)
[w0:ab:pro] Searching "bracj" | queue=40 | words=47582
[w0:ab:pro] [api] 200 mode=pro startsWith=bracj
[w0:ab:pro] [api] 200 mode=pro startsWith=bracj (522ms direct)
[w0:ab:pro] "bracj" → 0 records, 0 words
[w0:ab:pro] "bracj" branch complete
[w0:ab:pro] Saved 47,582 worker words
[w0:ab:pro] Searching "brack" | queue=39 | words=47582
[w0:ab:pro] Pacing 16s before "brack" (gap=15876ms)
[w0:ab:pro] Managed Turnstile token (len=816, 5556ms, remount)
[w0:ab:pro] heartbeat words=47582 queue=39 rotation=2 idle=8s
[w0:ab:pro] [api] 200 mode=pro startsWith=brack
[w0:ab:pro] [api] 200 mode=pro startsWith=brack (590ms direct)
[w0:ab:pro] "brack" → 22 records, 22 words (incl. exact "brack")
[w0:ab:pro] "brack" branch complete
[w0:ab:pro] Saved 47,604 worker words
[w0:ab:pro] Searching "bracl" | queue=38 | words=47604
[w0:ab:pro] Pacing 14s before "bracl" (gap=15876ms)
[w0:ab:pro] Managed Turnstile token (len=816, 11058ms, remount)
[w0:ab:pro] [api] 200 mode=pro startsWith=bracl
[w0:ab:pro] [api] 200 mode=pro startsWith=bracl (497ms direct)
[w0:ab:pro] "bracl" → 0 records, 0 words
[w0:ab:pro] "bracl" branch complete
[w0:ab:pro] Saved 47,604 worker words
[w0:ab:pro] Searching "bracm" | queue=37 | words=47604
[w0:ab:pro] Pacing 15s before "bracm" (gap=15876ms)
[w0:ab:pro] Managed Turnstile token (len=816, 6082ms, remount)
[w0:ab:pro] [api] 200 mode=pro startsWith=bracm
[w0:ab:pro] [api] 200 mode=pro startsWith=bracm (454ms direct)
[w0:ab:pro] "bracm" → 0 records, 0 words
[w0:ab:pro] "bracm" branch complete
[w0:ab:pro] Saved 47,604 worker words
[w0:ab:pro] Searching "bracn" | queue=36 | words=47604
[w0:ab:pro] Pacing 16s before "bracn" (gap=15876ms)
[w0:ab:pro] Managed Turnstile token (len=816, 4966ms, remount)
[w0:ab:pro] [api] 200 mode=pro startsWith=bracn
[w0:ab:pro] [api] 200 mode=pro startsWith=bracn (497ms direct)
[w0:ab:pro] "bracn" → 0 records, 0 words
[w0:ab:pro] "bracn" branch complete
[w0:ab:pro] Saved 47,604 worker words; shared last.txt now 455,929
[w0:ab:pro] Searching "braco" | queue=35 | words=47604
[w0:ab:pro] Pacing 13s before "braco" (gap=15876ms)
[w0:ab:pro] heartbeat words=47604 queue=35 rotation=2 idle=1s
[w0:ab:pro] Managed Turnstile token (len=816, 5920ms, remount)
[w0:ab:pro] [api] 200 mode=pro startsWith=braco
[w0:ab:pro] [api] 200 mode=pro startsWith=braco (444ms direct)
[w0:ab:pro] "braco" → 6 records, 6 words
[w0:ab:pro] "braco" branch complete
[w0:ab:pro] Saved 47,610 worker words
[w0:ab:pro] Searching "bracp" | queue=34 | words=47610
[w0:ab:pro] Pacing 16s before "bracp" (gap=15876ms)
[w0:ab:pro] Managed Turnstile token (len=816, 5972ms, remount)
[w0:ab:pro] [api] 200 mode=pro startsWith=bracp
[w0:ab:pro] [api] 200 mode=pro startsWith=bracp (467ms direct)
[w0:ab:pro] "bracp" → 0 records, 0 words
[w0:ab:pro] "bracp" branch complete
[w0:ab:pro] Saved 47,610 worker words
[w0:ab:pro] Searching "bracq" | queue=33 | words=47610
[w0:ab:pro] Pacing 15s before "bracq" (gap=15876ms)
[w0:ab:pro] Managed Turnstile token (len=816, 12598ms, remount)
[w0:ab:pro] [api] 200 mode=pro startsWith=bracq
[w0:ab:pro] [api] 200 mode=pro startsWith=bracq (671ms direct)
[w0:ab:pro] "bracq" → 0 records, 0 words
[w0:ab:pro] "bracq" branch complete
[w0:ab:pro] Saved 47,610 worker words
[w0:ab:pro] Searching "bracr" | queue=32 | words=47610
[w0:ab:pro] Pacing 14s before "bracr" (gap=15876ms)
[w0:ab:pro] Managed Turnstile token (len=816, 8972ms, remount)
[w0:ab:pro] [api] 200 mode=pro startsWith=bracr
[w0:ab:pro] heartbeat words=47610 queue=32 rotation=2 idle=14s
[w0:ab:pro] [api] 200 mode=pro startsWith=bracr (508ms direct)
[w0:ab:pro] "bracr" → 0 records, 0 words
[w0:ab:pro] "bracr" branch complete
[w0:ab:pro] Saved 47,610 worker words
[w0:ab:pro] Searching "bracs" | queue=31 | words=47610
[w0:ab:pro] Pacing 15s before "bracs" (gap=15876ms)
[w0:ab:pro] Managed Turnstile miss (15715ms)
[w0:ab:pro] Failed "bracs" attempt 1: No Turnstile token for direct search
[w0:ab:pro] Saved 47,610 worker words
[w0:ab:pro] Turnstile miss — soft reload before rotate
[w0:ab:pro] Site Turnstile remint timed out (14822ms)
[w0:ab:pro] Soft reload mint failed — rotating immediately
[w0:ab:pro] Tor NEWNYM gen=3; waiting 8000ms
[w0:ab:pro] Tor ready on 19050 exit=185.220.101.109
[w0:ab:pro] Rotating IP (#3, try 1) after No Turnstile token for direct search → tor#4 socks5://127.0.0.1:19050
[w0:ab:pro] Launching persistent Chrome profile /tmp/lll-pw-w0-r3
[w0:ab:pro] Proxy tor#4 socks5://127.0.0.1:19050
[w0:ab:pro] Opening https://lastletterlibrary.com
[w0:ab:pro] Library mode=pro
[w0:ab:pro] heartbeat words=47610 queue=32 rotation=3 idle=60s
[w0:ab:pro] Managed Turnstile token (len=816, 4409ms, remount)
[w0:ab:pro] Search mode=direct (skip UI Wait Ns… gate)
[w0:ab:pro] Cleaned 1 old rotated profile(s)
[w0:ab:pro] Searching "bracs" | queue=31 | words=47610
[w0:ab:pro] [api] 200 mode=pro startsWith=bracs
[w0:ab:pro] [api] 200 mode=pro startsWith=bracs (577ms direct)
[w0:ab:pro] "bracs" → 0 records, 0 words
[w0:ab:pro] "bracs" branch complete
[w0:ab:pro] Saved 47,610 worker words
[w0:ab:pro] Searching "bract" | queue=30 | words=47610
[w0:ab:pro] Pacing 16s before "bract" (gap=15876ms)
[w0:ab:pro] Managed Turnstile token (len=816, 4041ms, remount)
[w0:ab:pro] [api] 200 mode=pro startsWith=bract
[w0:ab:pro] [api] 200 mode=pro startsWith=bract (518ms direct)
[w0:ab:pro] "bract" → 15 records, 15 words (incl. exact "bract")
[w0:ab:pro] "bract" branch complete
[w0:ab:pro] Saved 47,625 worker words
[w0:ab:pro] Searching "bracu" | queue=29 | words=47625
[w0:ab:pro] Pacing 16s before "bracu" (gap=15876ms)
[w0:ab:pro] Managed Turnstile token (len=816, 4381ms, remount)
[w0:ab:pro] [api] 200 mode=pro startsWith=bracu
[w0:ab:pro] [api] 200 mode=pro startsWith=bracu (493ms direct)
[w0:ab:pro] "bracu" → 0 records, 0 words
[w0:ab:pro] "bracu" branch complete
[w0:ab:pro] Saved 47,625 worker words; shared last.txt now 457,020
[w0:ab:pro] Searching "bracv" | queue=28 | words=47625
[w0:ab:pro] Pacing 14s before "bracv" (gap=15876ms)
[w0:ab:pro] Managed Turnstile token (len=816, 6608ms, remount)
[w0:ab:pro] [api] 200 mode=pro startsWith=bracv
[w0:ab:pro] [api] 200 mode=pro startsWith=bracv (487ms direct)
[w0:ab:pro] "bracv" → 0 records, 0 words
[w0:ab:pro] "bracv" branch complete
[w0:ab:pro] Saved 47,625 worker words
[w0:ab:pro] Searching "bracw" | queue=27 | words=47625
[w0:ab:pro] Pacing 15s before "bracw" (gap=15876ms)
[w0:ab:pro] heartbeat words=47625 queue=27 rotation=3 idle=7s
[w0:ab:pro] Managed Turnstile miss (15362ms)
[w0:ab:pro] Failed "bracw" attempt 1: No Turnstile token for direct search
[w0:ab:pro] Saved 47,625 worker words
[w0:ab:pro] Turnstile miss — soft reload before rotate
[w0:ab:pro] Turnstile token present (len=816)
[w0:ab:pro] Site Turnstile token (7305ms)
[w0:ab:pro] Searching "bracw" | queue=27 | words=47625
[w0:ab:pro] [api] 200 mode=pro startsWith=bracw
[w0:ab:pro] [api] 200 mode=pro startsWith=bracw (453ms direct)
[w0:ab:pro] "bracw" → 0 records, 0 words
[w0:ab:pro] "bracw" branch complete
[w0:ab:pro] Saved 47,625 worker words
[w0:ab:pro] Searching "bracx" | queue=26 | words=47625
[w0:ab:pro] Pacing 16s before "bracx" (gap=15876ms)
[w0:ab:pro] Managed Turnstile token (len=816, 3897ms, remount)
[w0:ab:pro] [api] 200 mode=pro startsWith=bracx
[w0:ab:pro] [api] 200 mode=pro startsWith=bracx (501ms direct)
[w0:ab:pro] "bracx" → 0 records, 0 words
[w0:ab:pro] "bracx" branch complete
[w0:ab:pro] Saved 47,625 worker words
[w0:ab:pro] Searching "bracy" | queue=25 | words=47625
[w0:ab:pro] Pacing 15s before "bracy" (gap=15876ms)
[w0:ab:pro] Managed Turnstile token (len=816, 6470ms, remount)
[w0:ab:pro] [api] 200 mode=pro startsWith=bracy
[w0:ab:pro] [api] 200 mode=pro startsWith=bracy (612ms direct)
[w0:ab:pro] "bracy" → 0 records, 0 words
[w0:ab:pro] "bracy" branch complete
[w0:ab:pro] Saved 47,625 worker words
[w0:ab:pro] Searching "bracz" | queue=24 | words=47625
[w0:ab:pro] Pacing 15s before "bracz" (gap=15876ms)
[w0:ab:pro] heartbeat words=47625 queue=24 rotation=3 idle=9s
[w0:ab:pro] Managed Turnstile token (len=816, 12757ms, remount)
[w0:ab:pro] [api] 200 mode=pro startsWith=bracz
[w0:ab:pro] [api] 200 mode=pro startsWith=bracz (469ms direct)
[w0:ab:pro] "bracz" → 0 records, 0 words
[w0:ab:pro] "bracz" branch complete
[w0:ab:pro] Saved 47,625 worker words
[w0:ab:pro] Searching "bullf" | queue=23 | words=47625
[w0:ab:pro] Pacing 15s before "bullf" (gap=15876ms)
[w0:ab:pro] Managed Turnstile token (len=816, 14333ms, remount)
[w0:ab:pro] [api] 200 mode=pro startsWith=bullf
[w0:ab:pro] [api] 200 mode=pro startsWith=bullf (539ms direct)
[w0:ab:pro] "bullf" → 15 records, 15 words
[w0:ab:pro] "bullf" branch complete
[w0:ab:pro] Saved 47,629 worker words
[w0:ab:pro] Searching "bullg" | queue=22 | words=47629
[w0:ab:pro] Pacing 14s before "bullg" (gap=15876ms)
[w0:ab:pro] Managed Turnstile token (len=816, 6341ms, remount)
[w0:ab:pro] [api] 200 mode=pro startsWith=bullg
[w0:ab:pro] [api] 200 mode=pro startsWith=bullg (464ms direct)
[w0:ab:pro] "bullg" → 2 records, 2 words
[w0:ab:pro] "bullg" branch complete
[w0:ab:pro] Saved 47,631 worker words; shared last.txt now 457,934
[w0:ab:pro] Searching "bullh" | queue=21 | words=47631
[w0:ab:pro] Pacing 15s before "bullh" (gap=15876ms)
[w0:ab:pro] Managed Turnstile token (len=816, 4990ms, remount)
[w0:ab:pro] [api] 200 mode=pro startsWith=bullh
[w0:ab:pro] [api] 200 mode=pro startsWith=bullh (490ms direct)
[w0:ab:pro] "bullh" → 10 records, 10 words
[w0:ab:pro] "bullh" branch complete
[w0:ab:pro] Saved 47,641 worker words
[w0:ab:pro] Searching "bulli" | queue=20 | words=47641
[w0:ab:pro] Pacing 15s before "bulli" (gap=15876ms)
[w0:ab:pro] Managed Turnstile token (len=816, 4879ms, remount)
[w0:ab:pro] heartbeat words=47641 queue=20 rotation=3 idle=6s
[w0:ab:pro] [api] 200 mode=pro startsWith=bulli
[w0:ab:pro] [api] 200 mode=pro startsWith=bulli (464ms direct)
[w0:ab:pro] "bulli" → 22 records, 22 words
[w0:ab:pro] "bulli" branch complete
[w0:ab:pro] Saved 47,662 worker words
[w0:ab:pro] Searching "bully" | queue=19 | words=47662
[w0:ab:pro] Pacing 16s before "bully" (gap=15876ms)
[w0:ab:pro] Managed Turnstile token (len=816, 6238ms, remount)
[w0:ab:pro] [api] 200 mode=pro startsWith=bully
[w0:ab:pro] [api] 200 mode=pro startsWith=bully (603ms direct)
[w0:ab:pro] "bully" → 20 records, 20 words (incl. exact "bully")
[w0:ab:pro] "bully" branch complete
[w0:ab:pro] Saved 47,662 worker words
[w0:ab:pro] Searching "bullz" | queue=18 | words=47662
[w0:ab:pro] Pacing 16s before "bullz" (gap=15876ms)
[w0:ab:pro] Managed Turnstile token (len=816, 4096ms, remount)
[w0:ab:pro] [api] 200 mode=pro startsWith=bullz
[w0:ab:pro] [api] 200 mode=pro startsWith=bullz (505ms direct)
[w0:ab:pro] "bullz" → 0 records, 0 words
[w0:ab:pro] "bullz" branch complete
[w0:ab:pro] Saved 47,662 worker words
[w0:ab:pro] Searching "biblio" | queue=17 | words=47662
[w0:ab:pro] Pacing 16s before "biblio" (gap=15876ms)
[w0:ab:pro] Managed Turnstile token (len=816, 4763ms, remount)
[w0:ab:pro] [api] 200 mode=pro startsWith=biblio
[w0:ab:pro] [api] 200 mode=pro startsWith=biblio (617ms direct)
[w0:ab:pro] "biblio" → 100 records, 100 words
[w0:ab:pro] Pacing 16s before "biblio" (gap=15876ms)
[w0:ab:pro] heartbeat words=47662 queue=17 rotation=3 idle=18s
[w0:ab:pro] Managed Turnstile token (len=816, 5120ms, remount)
[w0:ab:pro] [api] 200 mode=pro startsWith=biblio
[w0:ab:pro] [api] 200 mode=pro startsWith=biblio sort=alphabetical:desc (762ms direct)
[w0:ab:pro] "biblio" full page ends at "bibliothecae" (next='t'); skip 21 covered groups → 7 children reverse Z→A ends at "biblioklept" (lo='k' hi='t'); skip 8 middle + 0 new words
[w0:ab:pro] Saved 47,662 worker words
[w0:ab:pro] Searching "biblis" | queue=23 | words=47662
[w0:ab:pro] Pacing 14s before "biblis" (gap=15876ms)
[w0:ab:pro] Managed Turnstile miss (15871ms)
[w0:ab:pro] Failed "biblis" attempt 1: No Turnstile token for direct search
[w0:ab:pro] Saved 47,662 worker words
[w0:ab:pro] Turnstile miss — soft reload before rotate
[w0:ab:pro] Turnstile token present (len=816)
[w0:ab:pro] Site Turnstile token (11167ms)
[w0:ab:pro] Searching "biblis" | queue=23 | words=47662
[w0:ab:pro] [api] 200 mode=pro startsWith=biblis
[w0:ab:pro] [api] 200 mode=pro startsWith=biblis (627ms direct)
[w0:ab:pro] "biblis" → 4 records, 4 words
[w0:ab:pro] "biblis" branch complete
[w0:ab:pro] Saved 47,662 worker words
[w0:ab:pro] Searching "biblit" | queue=22 | words=47662
[w0:ab:pro] Pacing 16s before "biblit" (gap=15876ms)
[w0:ab:pro] Managed Turnstile token (len=816, 4960ms, remount)
[w0:ab:pro] heartbeat words=47662 queue=22 rotation=3 idle=16s
[w0:ab:pro] [api] 200 mode=pro startsWith=biblit
[w0:ab:pro] [api] 200 mode=pro startsWith=biblit (538ms direct)
[w0:ab:pro] "biblit" → 0 records, 0 words
[w0:ab:pro] "biblit" branch complete
[w0:ab:pro] Saved 47,662 worker words
[w0:ab:pro] Searching "bibliu" | queue=21 | words=47662
[w0:ab:pro] Pacing 3s before "bibliu" (gap=15876ms)
[w0:ab:pro] Managed Turnstile token (len=816, 16435ms, remount)
[w0:ab:pro] [api] 200 mode=pro startsWith=bibliu
[w0:ab:pro] [api] 200 mode=pro startsWith=bibliu (547ms direct)
[w0:ab:pro] "bibliu" → 0 records, 0 words
[w0:ab:pro] "bibliu" branch complete
[w0:ab:pro] Saved 47,662 worker words
[w0:ab:pro] Searching "bibliv" | queue=20 | words=47662
[w0:ab:pro] Pacing 15s before "bibliv" (gap=15876ms)
[w0:ab:pro] Managed Turnstile miss (15365ms)
[w0:ab:pro] Failed "bibliv" attempt 1: No Turnstile token for direct search
[w0:ab:pro] Saved 47,662 worker words
[w0:ab:pro] Turnstile miss — soft reload before rotate
[w0:ab:pro] Turnstile token present (len=816)
[w0:ab:pro] Site Turnstile token (7686ms)
[w0:ab:pro] Searching "bibliv" | queue=20 | words=47662
[w0:ab:pro] [api] 200 mode=pro startsWith=bibliv
[w0:ab:pro] [api] 200 mode=pro startsWith=bibliv (501ms direct)
[w0:ab:pro] "bibliv" → 0 records, 0 words
[w0:ab:pro] "bibliv" branch complete
[w0:ab:pro] Saved 47,662 worker words
[w0:ab:pro] Searching "bibliw" | queue=19 | words=47662
[w0:ab:pro] Pacing 16s before "bibliw" (gap=15876ms)
[w0:ab:pro] Managed Turnstile token (len=816, 3994ms, remount)
[w0:ab:pro] [api] 200 mode=pro startsWith=bibliw
[w0:ab:pro] [api] 200 mode=pro startsWith=bibliw (515ms direct)
[w0:ab:pro] "bibliw" → 0 records, 0 words
[w0:ab:pro] "bibliw" branch complete
[w0:ab:pro] Saved 47,662 worker words
[w0:ab:pro] Searching "biblix" | queue=18 | words=47662
[w0:ab:pro] Pacing 16s before "biblix" (gap=15876ms)
[w0:ab:pro] heartbeat words=47662 queue=18 rotation=3 idle=1s
[w0:ab:pro] Managed Turnstile token (len=816, 4567ms, remount)
[w0:ab:pro] [api] 200 mode=pro startsWith=biblix
[w0:ab:pro] [api] 200 mode=pro startsWith=biblix (443ms direct)
[w0:ab:pro] "biblix" → 0 records, 0 words
[w0:ab:pro] "biblix" branch complete
[w0:ab:pro] Saved 47,662 worker words
[w0:ab:pro] Searching "bibliy" | queue=17 | words=47662
[w0:ab:pro] Pacing 16s before "bibliy" (gap=15876ms)
[w0:ab:pro] Managed Turnstile token (len=816, 5847ms, remount)
[w0:ab:pro] [api] 200 mode=pro startsWith=bibliy
[w0:ab:pro] [api] 200 mode=pro startsWith=bibliy (591ms direct)
[w0:ab:pro] "bibliy" → 0 records, 0 words
[w0:ab:pro] "bibliy" branch complete
[w0:ab:pro] Saved 47,662 worker words
[w0:ab:pro] Searching "bibliz" | queue=16 | words=47662
[w0:ab:pro] Pacing 16s before "bibliz" (gap=15876ms)
[w0:ab:pro] Managed Turnstile miss (15094ms)
[w0:ab:pro] heartbeat words=47662 queue=16 rotation=3 idle=29s
[w0:ab:pro] Managed Turnstile miss (15272ms)
[w0:ab:pro] Failed "bibliz" attempt 1: No Turnstile token for direct search
[w0:ab:pro] Saved 47,662 worker words
[w0:ab:pro] Turnstile miss — soft reload before rotate
[w0:ab:pro] Site Turnstile remint timed out (11878ms)
[w0:ab:pro] Soft reload mint failed — rotating immediately
[w0:ab:pro] Tor NEWNYM gen=4; waiting 8000ms
[w0:ab:pro] Tor ready on 19050 exit=108.59.12.41
[w0:ab:pro] Rotating IP (#4, try 1) after No Turnstile token for direct search → tor#5 socks5://127.0.0.1:19050
[w0:ab:pro] Launching persistent Chrome profile /tmp/lll-pw-w0-r4
[w0:ab:pro] Proxy tor#5 socks5://127.0.0.1:19050
[w0:ab:pro] Opening https://lastletterlibrary.com
[w0:ab:pro] Library mode=pro
[w0:ab:pro] Turnstile token present (len=837)
[w0:ab:pro] Site Turnstile token (22540ms)
[w0:ab:pro] Search mode=direct (skip UI Wait Ns… gate)
[w0:ab:pro] Cleaned 1 old rotated profile(s)
[w0:ab:pro] Searching "bibliz" | queue=16 | words=47662
[w0:ab:pro] [api] 200 mode=pro startsWith=bibliz
[w0:ab:pro] [api] 200 mode=pro startsWith=bibliz (564ms direct)
[w0:ab:pro] "bibliz" → 0 records, 0 words
[w0:ab:pro] "bibliz" branch complete
[w0:ab:pro] heartbeat words=47662 queue=16 rotation=4 idle=89s
[w0:ab:pro] Saved 47,662 worker words; shared last.txt now 460,012
[w0:ab:pro] Searching "bloodt" | queue=15 | words=47662
[w0:ab:pro] Pacing 10s before "bloodt" (gap=15876ms)
[w0:ab:pro] Managed Turnstile miss (15460ms)
[w0:ab:pro] Failed "bloodt" attempt 1: No Turnstile token for direct search
[w0:ab:pro] Saved 47,662 worker words
[w0:ab:pro] Turnstile miss — soft reload before rotate
[w0:ab:pro] Site Turnstile remint timed out (9825ms)
[w0:ab:pro] Soft reload mint failed — rotating immediately
[w0:ab:pro] Tor NEWNYM gen=5; waiting 8000ms
[w0:ab:pro] Tor ready on 19050 exit=193.149.187.228
[w0:ab:pro] Rotating IP (#5, try 1) after No Turnstile token for direct search → tor#6 socks5://127.0.0.1:19050
[w0:ab:pro] Launching persistent Chrome profile /tmp/lll-pw-w0-r5
[w0:ab:pro] Proxy tor#6 socks5://127.0.0.1:19050
[w0:ab:pro] Opening https://lastletterlibrary.com
[w0:ab:pro] Library mode=pro
[w0:ab:pro] heartbeat words=47662 queue=16 rotation=5 idle=57s
[w0:ab:pro] Managed Turnstile token (len=816, 6534ms, remount)
[w0:ab:pro] Search mode=direct (skip UI Wait Ns… gate)
[w0:ab:pro] Cleaned 1 old rotated profile(s)
[w0:ab:pro] Searching "bloodt" | queue=15 | words=47662
[w0:ab:pro] [api] 429 mode=pro startsWith=bloodt
[w0:ab:pro] [api] 429 mode=pro startsWith=bloodt (619ms direct)
[w0:ab:pro] Learned server gap ≈ 15876ms (wait hint 10000ms)
[w0:ab:pro] Rate limited — inline wait 10000ms then retry "bloodt"
[w0:ab:pro] Managed Turnstile token (len=816, 5368ms, remount)
[w0:ab:pro] [api] 429 mode=pro startsWith=bloodt
[w0:ab:pro] [api] 429 mode=pro startsWith=bloodt (449ms direct)
[w0:ab:pro] Learned server gap ≈ 15876ms (wait hint 15000ms)
[w0:ab:pro] Failed "bloodt" attempt 1: API 429 for "bloodt": wait 14s — {"message":"Too many requests. Please wait 14 seconds."}
[w0:ab:pro] Saved 47,662 worker words
[w0:ab:pro] Rate limited — waiting 15000 ms before retry
[w0:ab:pro] Managed Turnstile token (len=816, 3880ms, remount)
[w0:ab:pro] Searching "bloodt" | queue=15 | words=47662
[w0:ab:pro] [api] 429 mode=pro startsWith=bloodt
[w0:ab:pro] [api] 429 mode=pro startsWith=bloodt (442ms direct)
[w0:ab:pro] Learned server gap ≈ 15876ms (wait hint 15000ms)
[w0:ab:pro] Rate limited — inline wait 15000ms then retry "bloodt"
[w0:ab:pro] Managed Turnstile token (len=816, 5540ms, remount)
[w0:ab:pro] [api] 429 mode=pro startsWith=bloodt
[w0:ab:pro] [api] 429 mode=pro startsWith=bloodt (493ms direct)
[w0:ab:pro] Learned server gap ≈ 15912ms (wait hint 15000ms)
[w0:ab:pro] Failed "bloodt" attempt 1: API 429 for "bloodt": wait 14s — {"message":"Too many requests. Please wait 14 seconds."}
[w0:ab:pro] Saved 47,662 worker words
[w0:ab:pro] Rate limited — waiting 15000 ms before retry
[w0:ab:pro] Managed Turnstile token (len=816, 6295ms, remount)
[w0:ab:pro] Searching "bloodt" | queue=15 | words=47662
[w0:ab:pro] [api] 200 mode=pro startsWith=bloodt
[w0:ab:pro] [api] 200 mode=pro startsWith=bloodt (431ms direct)
[w0:ab:pro] "bloodt" → 10 records, 10 words
[w0:ab:pro] "bloodt" branch complete
[w0:ab:pro] Saved 47,662 worker words
[w0:ab:pro] Searching "bloodu" | queue=14 | words=47662
[w0:ab:pro] Pacing 16s before "bloodu" (gap=15912ms)
[w0:ab:pro] heartbeat words=47662 queue=14 rotation=5 idle=0s
[w0:ab:pro] Managed Turnstile token (len=816, 5946ms, remount)
[w0:ab:pro] [api] 200 mode=pro startsWith=bloodu
[w0:ab:pro] [api] 200 mode=pro startsWith=bloodu (459ms direct)
[w0:ab:pro] "bloodu" → 0 records, 0 words
[w0:ab:pro] "bloodu" branch complete
[w0:ab:pro] Saved 47,662 worker words
[w0:ab:pro] Searching "bloodv" | queue=13 | words=47662
[w0:ab:pro] Pacing 16s before "bloodv" (gap=15912ms)
[w0:ab:pro] Managed Turnstile token (len=816, 4593ms, remount)
[w0:ab:pro] [api] 200 mode=pro startsWith=bloodv
[w0:ab:pro] [api] 200 mode=pro startsWith=bloodv (426ms direct)
[w0:ab:pro] "bloodv" → 0 records, 0 words
[w0:ab:pro] "bloodv" branch complete
[w0:ab:pro] Saved 47,662 worker words
[w0:ab:pro] Searching "bloodw" | queue=12 | words=47662
[w0:ab:pro] Pacing 16s before "bloodw" (gap=15912ms)
[w0:ab:pro] Managed Turnstile token (len=816, 3833ms, remount)
[w0:ab:pro] [api] 200 mode=pro startsWith=bloodw
[w0:ab:pro] [api] 200 mode=pro startsWith=bloodw (448ms direct)
[w0:ab:pro] "bloodw" → 12 records, 12 words
[w0:ab:pro] "bloodw" branch complete
[w0:ab:pro] Saved 47,662 worker words
[w0:ab:pro] Searching "bloodx" | queue=11 | words=47662
[w0:ab:pro] Pacing 16s before "bloodx" (gap=15912ms)
[w0:ab:pro] Managed Turnstile token (len=816, 5987ms, remount)
[w0:ab:pro] heartbeat words=47662 queue=11 rotation=5 idle=13s
[w0:ab:pro] [api] 200 mode=pro startsWith=bloodx
[w0:ab:pro] [api] 200 mode=pro startsWith=bloodx (468ms direct)
[w0:ab:pro] "bloodx" → 0 records, 0 words
[w0:ab:pro] "bloodx" branch complete
[w0:ab:pro] Saved 47,662 worker words; shared last.txt now 461,361
[w0:ab:pro] Searching "bloody" | queue=10 | words=47662
[w0:ab:pro] Pacing 15s before "bloody" (gap=15912ms)
[w0:ab:pro] Managed Turnstile miss (15069ms)
[w0:ab:pro] Managed Turnstile miss (15056ms)
[w0:ab:pro] Failed "bloody" attempt 1: No Turnstile token for direct search
[w0:ab:pro] Saved 47,662 worker words
[w0:ab:pro] Turnstile miss — soft reload before rotate
[w0:ab:pro] Site Turnstile remint timed out (10085ms)
[w0:ab:pro] Soft reload mint failed — rotating immediately
[w0:ab:pro] Tor NEWNYM gen=6; waiting 8000ms
[w0:ab:pro] Tor ready on 19050 exit=192.42.116.112
[w0:ab:pro] Rotating IP (#6, try 1) after No Turnstile token for direct search → tor#7 socks5://127.0.0.1:19050
[w0:ab:pro] Launching persistent Chrome profile /tmp/lll-pw-w0-r6
[w0:ab:pro] Proxy tor#7 socks5://127.0.0.1:19050
[w0:ab:pro] Opening https://lastletterlibrary.com
[w0:ab:pro] heartbeat words=47662 queue=11 rotation=6 idle=56s
[w0:ab:pro] Library mode=pro
[w0:ab:pro] Managed Turnstile token (len=816, 5338ms, remount)
[w0:ab:pro] Search mode=direct (skip UI Wait Ns… gate)
[w0:ab:pro] Cleaned 1 old rotated profile(s)
[w0:ab:pro] Searching "bloody" | queue=10 | words=47662
[w0:ab:pro] [api] 200 mode=pro startsWith=bloody
[w0:ab:pro] [api] 200 mode=pro startsWith=bloody (620ms direct)
[w0:ab:pro] "bloody" → 6 records, 6 words (incl. exact "bloody")
[w0:ab:pro] "bloody" branch complete
[w0:ab:pro] Saved 47,662 worker words
[w0:ab:pro] Searching "bloodz" | queue=9 | words=47662
[w0:ab:pro] Pacing 16s before "bloodz" (gap=15912ms)
[w0:ab:pro] Managed Turnstile token (len=816, 5634ms, remount)
[w0:ab:pro] [api] 200 mode=pro startsWith=bloodz
[w0:ab:pro] [api] 200 mode=pro startsWith=bloodz (463ms direct)
[w0:ab:pro] "bloodz" → 0 records, 0 words
[w0:ab:pro] "bloodz" branch complete
[w0:ab:pro] Saved 47,662 worker words
[w0:ab:pro] Searching "brachy" | queue=8 | words=47662
[w0:ab:pro] Pacing 16s before "brachy" (gap=15912ms)
[w0:ab:pro] Managed Turnstile token (len=816, 6130ms, remount)
[w0:ab:pro] [api] 200 mode=pro startsWith=brachy
[w0:ab:pro] [api] 200 mode=pro startsWith=brachy (472ms direct)
[w0:ab:pro] "brachy" → 100 records, 100 words
[w0:ab:pro] Pacing 16s before "brachy" (gap=15912ms)
[w0:ab:pro] Managed Turnstile token (len=816, 4980ms, remount)
[w0:ab:pro] [api] 200 mode=pro startsWith=brachy
[w0:ab:pro] [api] 200 mode=pro startsWith=brachy sort=alphabetical:desc (475ms direct)
[w0:ab:pro] "brachy" full page ends at "brachytrachelopan" (next='t'); skip 22 covered groups → 6 children reverse Z→A ends at "brachycephalies" (lo='c' hi='u'); skip 17 middle + 0 new words
[w0:ab:pro] Saved 47,662 worker words
[w0:ab:pro] Searching "brachz" | queue=13 | words=47662
[w0:ab:pro] Pacing 16s before "brachz" (gap=15912ms)
[w0:ab:pro] heartbeat words=47662 queue=13 rotation=6 idle=3s
[w0:ab:pro] Managed Turnstile token (len=816, 6198ms, remount)
[w0:ab:pro] [api] 200 mode=pro startsWith=brachz
[w0:ab:pro] [api] 200 mode=pro startsWith=brachz (491ms direct)
[w0:ab:pro] "brachz" → 0 records, 0 words
[w0:ab:pro] "brachz" branch complete
[w0:ab:pro] Saved 47,662 worker words
[w0:ab:pro] Searching "bibliot" | queue=12 | words=47662
[w0:ab:pro] Pacing 16s before "bibliot" (gap=15912ms)
[w0:ab:pro] Managed Turnstile token (len=816, 6700ms, remount)
[w0:ab:pro] [api] 200 mode=pro startsWith=bibliot
[w0:ab:pro] [api] 200 mode=pro startsWith=bibliot (474ms direct)
[w0:ab:pro] "bibliot" → 24 records, 24 words
[w0:ab:pro] "bibliot" branch complete
[w0:ab:pro] Saved 47,662 worker words
[w0:ab:pro] Searching "bibliou" | queue=11 | words=47662
[w0:ab:pro] Pacing 15s before "bibliou" (gap=15912ms)
[w0:ab:pro] Managed Turnstile token (len=816, 4193ms, remount)
[w0:ab:pro] [api] 200 mode=pro startsWith=bibliou
[w0:ab:pro] [api] 200 mode=pro startsWith=bibliou (515ms direct)
[w0:ab:pro] "bibliou" → 0 records, 0 words
[w0:ab:pro] "bibliou" branch complete
[w0:ab:pro] Saved 47,662 worker words
[w0:ab:pro] Searching "bibliov" | queue=10 | words=47662
[w0:ab:pro] Pacing 16s before "bibliov" (gap=15912ms)
[w0:ab:pro] heartbeat words=47662 queue=10 rotation=6 idle=16s
[w0:ab:pro] Managed Turnstile miss (15593ms)
[w0:ab:pro] Failed "bibliov" attempt 1: No Turnstile token for direct search
[w0:ab:pro] Saved 47,662 worker words; shared last.txt now 462,846
[w0:ab:pro] Turnstile miss — soft reload before rotate
[w0:ab:pro] Site Turnstile remint timed out (9993ms)
[w0:ab:pro] Soft reload mint failed — rotating immediately
[w0:ab:pro] Tor NEWNYM gen=7; waiting 8000ms
[w0:ab:pro] Tor ready on 19050 exit=192.42.116.12
[w0:ab:pro] Rotating IP (#7, try 1) after No Turnstile token for direct search → tor#8 socks5://127.0.0.1:19050
[w0:ab:pro] Launching persistent Chrome profile /tmp/lll-pw-w0-r7
[w0:ab:pro] Proxy tor#8 socks5://127.0.0.1:19050
[w0:ab:pro] Opening https://lastletterlibrary.com
[w0:ab:pro] Library mode=pro
[w0:ab:pro] Managed Turnstile token (len=816, 5952ms, remount)
[w0:ab:pro] Search mode=direct (skip UI Wait Ns… gate)
[w0:ab:pro] Cleaned 1 old rotated profile(s)
[w0:ab:pro] Searching "bibliov" | queue=10 | words=47662
[w0:ab:pro] [api] 200 mode=pro startsWith=bibliov
[w0:ab:pro] [api] 200 mode=pro startsWith=bibliov (539ms direct)
[w0:ab:pro] "bibliov" → 0 records, 0 words
[w0:ab:pro] "bibliov" branch complete
[w0:ab:pro] Saved 47,662 worker words
[w0:ab:pro] Searching "bibliow" | queue=9 | words=47662
[w0:ab:pro] Pacing 16s before "bibliow" (gap=15912ms)
[w0:ab:pro] Managed Turnstile token (len=816, 6239ms, remount)
[w0:ab:pro] [api] 200 mode=pro startsWith=bibliow
[w0:ab:pro] [api] 200 mode=pro startsWith=bibliow (486ms direct)
[w0:ab:pro] "bibliow" → 0 records, 0 words
[w0:ab:pro] "bibliow" branch complete
[w0:ab:pro] Saved 47,662 worker words
[w0:ab:pro] Searching "bibliox" | queue=8 | words=47662
[w0:ab:pro] Pacing 16s before "bibliox" (gap=15912ms)
[w0:ab:pro] heartbeat words=47662 queue=8 rotation=7 idle=1s
[w0:ab:pro] Managed Turnstile token (len=816, 5299ms, remount)
[w0:ab:pro] [api] 200 mode=pro startsWith=bibliox
[w0:ab:pro] [api] 200 mode=pro startsWith=bibliox (451ms direct)
[w0:ab:pro] "bibliox" → 0 records, 0 words
[w0:ab:pro] "bibliox" branch complete
[w0:ab:pro] Saved 47,662 worker words
[w0:ab:pro] Searching "biblioy" | queue=7 | words=47662
[w0:ab:pro] Pacing 16s before "biblioy" (gap=15912ms)
[w0:ab:pro] Managed Turnstile token (len=816, 6147ms, remount)
[w0:ab:pro] [api] 200 mode=pro startsWith=biblioy
[w0:ab:pro] [api] 200 mode=pro startsWith=biblioy (462ms direct)
[w0:ab:pro] "biblioy" → 0 records, 0 words
[w0:ab:pro] "biblioy" branch complete
[w0:ab:pro] Saved 47,662 worker words
[w0:ab:pro] Searching "biblioz" | queue=6 | words=47662
[w0:ab:pro] Pacing 16s before "biblioz" (gap=15912ms)
[w0:ab:pro] Managed Turnstile token (len=816, 7475ms, remount)
[w0:ab:pro] [api] 200 mode=pro startsWith=biblioz
[w0:ab:pro] [api] 200 mode=pro startsWith=biblioz (476ms direct)
[w0:ab:pro] "biblioz" → 0 records, 0 words
[w0:ab:pro] "biblioz" branch complete
[w0:ab:pro] Saved 47,662 worker words
[w0:ab:pro] Searching "brachyu" | queue=5 | words=47662
[w0:ab:pro] Pacing 15s before "brachyu" (gap=15912ms)
[w0:ab:pro] Managed Turnstile token (len=816, 10823ms, remount)
[w0:ab:pro] heartbeat words=47662 queue=5 rotation=7 idle=13s
[w0:ab:pro] [api] 200 mode=pro startsWith=brachyu
[w0:ab:pro] [api] 200 mode=pro startsWith=brachyu (773ms direct)
[w0:ab:pro] "brachyu" → 8 records, 8 words
[w0:ab:pro] "brachyu" branch complete
[w0:ab:pro] Saved 47,662 worker words
[w0:ab:pro] Searching "brachyv" | queue=4 | words=47662
[w0:ab:pro] Pacing 15s before "brachyv" (gap=15912ms)
[w0:ab:pro] Managed Turnstile token (len=816, 6023ms, remount)
[w0:ab:pro] [api] 200 mode=pro startsWith=brachyv
[w0:ab:pro] [api] 200 mode=pro startsWith=brachyv (471ms direct)
[w0:ab:pro] "brachyv" → 0 records, 0 words
[w0:ab:pro] "brachyv" branch complete
[w0:ab:pro] Saved 47,662 worker words
[w0:ab:pro] Searching "brachyw" | queue=3 | words=47662
[w0:ab:pro] Pacing 15s before "brachyw" (gap=15912ms)
[w0:ab:pro] Managed Turnstile token (len=816, 7253ms, remount)
[w0:ab:pro] [api] 200 mode=pro startsWith=brachyw
[w0:ab:pro] [api] 200 mode=pro startsWith=brachyw (478ms direct)
[w0:ab:pro] "brachyw" → 0 records, 0 words
[w0:ab:pro] "brachyw" branch complete
[w0:ab:pro] Saved 47,662 worker words; shared last.txt now 463,551
[w0:ab:pro] Searching "brachyx" | queue=2 | words=47662
[w0:ab:pro] Pacing 14s before "brachyx" (gap=15912ms)
[w0:ab:pro] Managed Turnstile token (len=816, 4736ms, remount)
[w0:ab:pro] [api] 200 mode=pro startsWith=brachyx
[w0:ab:pro] [api] 200 mode=pro startsWith=brachyx (492ms direct)
[w0:ab:pro] "brachyx" → 0 records, 0 words
[w0:ab:pro] "brachyx" branch complete
[w0:ab:pro] Saved 47,662 worker words
[w0:ab:pro] Searching "brachyy" | queue=1 | words=47662
[w0:ab:pro] Pacing 16s before "brachyy" (gap=15912ms)
[w0:ab:pro] Managed Turnstile token (len=816, 5851ms, remount)
[w0:ab:pro] heartbeat words=47662 queue=1 rotation=7 idle=10s
[w0:ab:pro] [api] 200 mode=pro startsWith=brachyy
[w0:ab:pro] [api] 200 mode=pro startsWith=brachyy (513ms direct)
[w0:ab:pro] "brachyy" → 0 records, 0 words
[w0:ab:pro] "brachyy" branch complete
[w0:ab:pro] Saved 47,662 worker words
[w0:ab:pro] Searching "brachyz" | queue=0 | words=47662
[w0:ab:pro] Pacing 16s before "brachyz" (gap=15912ms)
[w0:ab:pro] Managed Turnstile miss (15249ms)
[w0:ab:pro] Managed Turnstile token (len=816, 6864ms, remount)
[w0:ab:pro] [api] 200 mode=pro startsWith=brachyz
[w0:ab:pro] [api] 200 mode=pro startsWith=brachyz (489ms direct)
[w0:ab:pro] "brachyz" → 0 records, 0 words
[w0:ab:pro] "brachyz" branch complete
[w0:ab:pro] Saved 47,662 worker words
[w0:ab:pro] Saved 47,662 worker words
[w0:ab:pro] Worker done. prefixes=5640 words=47662
[w0:ab:pro] Managed Turnstile miss (191ms)
[w0:ab:pro] Tor exited code=0
