[w3:gh:pro] IP mode=tor
[w3:gh:pro] Cleaned 1 old rotated profile(s)
[w3:gh:pro] Starting Tor gen=1 socks=127.0.0.1:19053 (try 1)
[w3:gh:pro] tor: Aug 05 08:51:45.264 [notice] Opened Socks listener connection (ready) on 127.0.0.1:19053
Aug 05 08:51:45.264 [warn] Fixing permissions on directory /tmp/lll-tor
[w3:gh:pro] tor: Aug 05 08:51:45.000 [notice] Bootstrapped 0% (starting): Starting
[w3:gh:pro] tor: Aug 05 08:51:46.000 [notice] Bootstrapped 5% (conn): Connecting to a relay
[w3:gh:pro] tor: Aug 05 08:51:46.000 [notice] Bootstrapped 10% (conn_done): Connected to a relay
[w3:gh:pro] tor: Aug 05 08:51:47.000 [notice] Bootstrapped 14% (handshake): Handshaking with a relay
[w3:gh:pro] tor: Aug 05 08:51:48.000 [notice] Bootstrapped 15% (handshake_done): Handshake with a relay done
Aug 05 08:51:48.000 [notice] Bootstrapped 20% (onehop_create): Estab
[w3:gh:pro] tor: Aug 05 08:51:48.000 [notice] Bootstrapped 25% (requesting_status): Asking for networkstatus consensus
[w3:gh:pro] tor: Aug 05 08:51:49.000 [notice] Bootstrapped 30% (loading_status): Loading networkstatus consensus
[w3:gh:pro] tor: Aug 05 08:51:51.000 [notice] Bootstrapped 40% (loading_keys): Loading authority key certs
[w3:gh:pro] tor: Aug 05 08:51:51.000 [notice] Bootstrapped 45% (requesting_descriptors): Asking for relay descriptors
Aug 05 08:51:51.000 [notice] I learned some more directory 
[w3:gh:pro] tor: Aug 05 08:51:52.000 [notice] Bootstrapped 50% (loading_descriptors): Loading relay descriptors
[w3:gh:pro] tor: Aug 05 08:52:00.000 [notice] Bootstrapped 55% (loading_descriptors): Loading relay descriptors
[w3:gh:pro] tor: Aug 05 08:52:01.000 [notice] Bootstrapped 61% (loading_descriptors): Loading relay descriptors
[w3:gh:pro] tor: Aug 05 08:52:01.000 [notice] Bootstrapped 66% (loading_descriptors): Loading relay descriptors
[w3:gh:pro] tor: Aug 05 08:52:01.000 [notice] Bootstrapped 75% (enough_dirinfo): Loaded enough directory info to build circuits
[w3:gh:pro] tor: Aug 05 08:52:01.000 [notice] Bootstrapped 90% (ap_handshake_done): Handshake finished with a relay to build circuits
Aug 05 08:52:01.000 [notice] Bootstrapped 9
[w3:gh:pro] tor: Aug 05 08:52:02.000 [notice] Bootstrapped 100% (done): Done
[w3:gh:pro] Tor ready on 19053 exit=109.70.100.12
[w3:gh:pro] Launching persistent Chrome profile /tmp/lll-pw-w3-r0
[w3:gh:pro] Proxy tor#1 socks5://127.0.0.1:19053
[w3:gh:pro] Opening https://lastletterlibrary.com
[w3:gh:pro] Library mode=pro
[w3:gh:pro] Turnstile token present (len=816)
[w3:gh:pro] Site Turnstile token (20057ms)
[w3:gh:pro] Search mode=direct (skip UI Wait Ns… gate)
[w3:gh:pro] Browser exit IP=109.70.100.12 (unique)
[w3:gh:pro] Loaded 3178 prefixes, 26219 words; queue=410
[w3:gh:pro] Searching "heli" | queue=409 | words=26219
[w3:gh:pro] [api] 200 mode=pro startsWith=heli
[w3:gh:pro] [api] 200 mode=pro startsWith=heli (1122ms direct)
[w3:gh:pro] "heli" → 100 records, 100 words
[w3:gh:pro] Pacing 15s before "heli" (gap=15500ms)
[w3:gh:pro] Managed Turnstile token (len=816, 9594ms, remount)
[w3:gh:pro] [api] 200 mode=pro startsWith=heli
[w3:gh:pro] [api] 200 mode=pro startsWith=heli sort=alphabetical:desc (766ms direct)
[w3:gh:pro] "heli" full page ends at "heliocentricisms" (next='o'); skip 26 covered groups → 2 children reverse Z→A ends at "heliophilia" (lo='o' hi='z'); skip 10 middle + 100 new words
[w3:gh:pro] Saved 26,348 worker words
[w3:gh:pro] Searching "helj" | queue=410 | words=26348
[w3:gh:pro] Pacing 14s before "helj" (gap=15500ms)
[w3:gh:pro] Managed Turnstile token (len=816, 7263ms, reset)
[w3:gh:pro] [api] 200 mode=pro startsWith=helj
[w3:gh:pro] [api] 200 mode=pro startsWith=helj (731ms direct)
[w3:gh:pro] "helj" → 0 records, 0 words
[w3:gh:pro] "helj" branch complete
[w3:gh:pro] Saved 26,348 worker words
[w3:gh:pro] Searching "helk" | queue=409 | words=26348
[w3:gh:pro] Pacing 15s before "helk" (gap=15500ms)
[w3:gh:pro] Managed Turnstile token (len=816, 6619ms, reset)
[w3:gh:pro] [api] 200 mode=pro startsWith=helk
[w3:gh:pro] [api] 200 mode=pro startsWith=helk (572ms direct)
[w3:gh:pro] "helk" → 0 records, 0 words
[w3:gh:pro] "helk" branch complete
[w3:gh:pro] Saved 26,348 worker words
[w3:gh:pro] Searching "hell" | queue=408 | words=26348
[w3:gh:pro] Pacing 15s before "hell" (gap=15500ms)
[w3:gh:pro] heartbeat words=26348 queue=408 rotation=0 idle=13s
[w3:gh:pro] Turnstile token present (len=837)
[w3:gh:pro] Site Turnstile token (20595ms)
[w3:gh:pro] [api] 200 mode=pro startsWith=hell
[w3:gh:pro] [api] 200 mode=pro startsWith=hell (769ms direct)
[w3:gh:pro] "hell" → 100 records, 100 words (incl. exact "hell")
[w3:gh:pro] Pacing 15s before "hell" (gap=15500ms)
[w3:gh:pro] Managed Turnstile token (len=816, 9657ms, remount)
[w3:gh:pro] [api] 200 mode=pro startsWith=hell
[w3:gh:pro] [api] 200 mode=pro startsWith=hell sort=alphabetical:desc (826ms direct)
[w3:gh:pro] "hell" full page ends at "hellions" (next='i'); skip 26 covered groups → 2 children reverse Z→A ends at "helldivers" (lo='d' hi='y'); skip 20 middle + 26 new words
[w3:gh:pro] Saved 26,474 worker words
[w3:gh:pro] Searching "helm" | queue=409 | words=26474
[w3:gh:pro] Turnstile mint hard timeout after 28000ms
[w3:gh:pro] heartbeat words=26474 queue=409 rotation=0 idle=4s
[w3:gh:pro] Turnstile token present (len=816)
[w3:gh:pro] Site Turnstile token (48235ms)
[w3:gh:pro] Turnstile mint hard timeout after 28000ms
[w3:gh:pro] Managed Turnstile token (len=816, 12162ms, remount)
[w3:gh:pro] Turnstile token present (len=816)
[w3:gh:pro] Site Turnstile token (28400ms)
[w3:gh:pro] [api] 200 mode=pro startsWith=helm
[w3:gh:pro] [api] 200 mode=pro startsWith=helm (1279ms direct)
[w3:gh:pro] "helm" → 47 records, 47 words (incl. exact "helm")
[w3:gh:pro] "helm" branch complete
[w3:gh:pro] Saved 26,503 worker words
[w3:gh:pro] Searching "helz" | queue=408 | words=26503
[w3:gh:pro] Pacing 14s before "helz" (gap=15500ms)
[w3:gh:pro] Managed Turnstile token (len=816, 7477ms, reset)
[w3:gh:pro] [api] 200 mode=pro startsWith=helz
[w3:gh:pro] [api] 200 mode=pro startsWith=helz (913ms direct)
[w3:gh:pro] "helz" → 1 records, 1 words
[w3:gh:pro] "helz" branch complete
[w3:gh:pro] Saved 26,503 worker words
[w3:gh:pro] Searching "hema" | queue=407 | words=26503
[w3:gh:pro] Pacing 15s before "hema" (gap=15500ms)
[w3:gh:pro] Managed Turnstile token (len=816, 7018ms, reset)
[w3:gh:pro] [api] 200 mode=pro startsWith=hema
[w3:gh:pro] [api] 200 mode=pro startsWith=hema (799ms direct)
[w3:gh:pro] "hema" → 100 records, 100 words
[w3:gh:pro] Pacing 15s before "hema" (gap=15500ms)
[w3:gh:pro] heartbeat words=26504 queue=407 rotation=0 idle=4s
[w3:gh:pro] Managed Turnstile token (len=816, 11540ms, reset)
[w3:gh:pro] [api] 200 mode=pro startsWith=hema
[w3:gh:pro] [api] 200 mode=pro startsWith=hema sort=alphabetical:desc (1068ms direct)
[w3:gh:pro] "hema" full page ends at "hematoblasts" (next='t'); skip 21 covered groups → 7 children reverse Z→A ends at "hematocytometer" (lo='t' hi='u'); skip 0 middle + 100 new words
[w3:gh:pro] Saved 26,604 worker words
[w3:gh:pro] Searching "hemb" | queue=413 | words=26604
[w3:gh:pro] Pacing 15s before "hemb" (gap=15500ms)
[w3:gh:pro] Managed Turnstile token (len=816, 8279ms, reset)
[w3:gh:pro] [api] 200 mode=pro startsWith=hemb
[w3:gh:pro] [api] 200 mode=pro startsWith=hemb (822ms direct)
[w3:gh:pro] "hemb" → 0 records, 0 words
[w3:gh:pro] "hemb" branch complete
[w3:gh:pro] Saved 26,604 worker words; shared last.txt now 279,073
[w3:gh:pro] Searching "hemc" | queue=412 | words=26604
[w3:gh:pro] Pacing 15s before "hemc" (gap=15500ms)
[w3:gh:pro] Managed Turnstile token (len=816, 8538ms, reset)
[w3:gh:pro] [api] 200 mode=pro startsWith=hemc
[w3:gh:pro] [api] 200 mode=pro startsWith=hemc (1583ms direct)
[w3:gh:pro] "hemc" → 0 records, 0 words
[w3:gh:pro] "hemc" branch complete
[w3:gh:pro] Saved 26,604 worker words
[w3:gh:pro] Searching "hemd" | queue=411 | words=26604
[w3:gh:pro] Pacing 12s before "hemd" (gap=15500ms)
[w3:gh:pro] heartbeat words=26604 queue=411 rotation=0 idle=14s
[w3:gh:pro] Turnstile mint hard timeout after 28000ms
[w3:gh:pro] Turnstile token present (len=816)
[w3:gh:pro] Site Turnstile token (33518ms)
[w3:gh:pro] Turnstile mint hard timeout after 28000ms
[w3:gh:pro] Site Turnstile remint timed out (29204ms)
[w3:gh:pro] Managed Turnstile miss (18234ms)
[w3:gh:pro] Turnstile direct mint miss (1/2)
[w3:gh:pro] heartbeat words=26604 queue=411 rotation=0 idle=14s
[w3:gh:pro] Turnstile mint hard timeout after 25000ms
[w3:gh:pro] Turnstile direct mint miss (2/2)
[w3:gh:pro] Failed "hemd" attempt 1: No Turnstile token for direct search
[w3:gh:pro] Saved 26,604 worker words
[w3:gh:pro] Turnstile miss — soft reload before rotate
[w3:gh:pro] Site Turnstile remint timed out (35008ms)
[w3:gh:pro] Turnstile token present (len=816)
[w3:gh:pro] Site Turnstile token (6994ms)
[w3:gh:pro] Searching "hemd" | queue=411 | words=26604
[w3:gh:pro] [api] 200 mode=pro startsWith=hemd
[w3:gh:pro] [api] 200 mode=pro startsWith=hemd (605ms direct)
[w3:gh:pro] "hemd" → 0 records, 0 words
[w3:gh:pro] "hemd" branch complete
[w3:gh:pro] Saved 26,604 worker words
[w3:gh:pro] Searching "heme" | queue=410 | words=26604
[w3:gh:pro] Pacing 15s before "heme" (gap=15500ms)
[w3:gh:pro] Managed Turnstile token (len=816, 5983ms, remount)
[w3:gh:pro] [api] 200 mode=pro startsWith=heme
[w3:gh:pro] [api] 200 mode=pro startsWith=heme (814ms direct)
[w3:gh:pro] "heme" → 27 records, 27 words (incl. exact "heme")
[w3:gh:pro] "heme" branch complete
[w3:gh:pro] Saved 26,631 worker words
[w3:gh:pro] Searching "hemf" | queue=409 | words=26631
[w3:gh:pro] Pacing 13s before "hemf" (gap=15500ms)
[w3:gh:pro] Managed Turnstile token (len=816, 13599ms, reset)
[w3:gh:pro] [api] 200 mode=pro startsWith=hemf
[w3:gh:pro] [api] 200 mode=pro startsWith=hemf (1172ms direct)
[w3:gh:pro] "hemf" → 0 records, 0 words
[w3:gh:pro] "hemf" branch complete
[w3:gh:pro] heartbeat words=26631 queue=409 rotation=0 idle=1s
[w3:gh:pro] Saved 26,631 worker words
[w3:gh:pro] Searching "hemg" | queue=408 | words=26631
[w3:gh:pro] Pacing 11s before "hemg" (gap=15500ms)
[w3:gh:pro] Managed Turnstile token (len=816, 21254ms, reset)
[w3:gh:pro] [api] 200 mode=pro startsWith=hemg
[w3:gh:pro] [api] 200 mode=pro startsWith=hemg (1076ms direct)
[w3:gh:pro] "hemg" → 0 records, 0 words
[w3:gh:pro] "hemg" branch complete
[w3:gh:pro] Saved 26,631 worker words
[w3:gh:pro] Searching "hemh" | queue=407 | words=26631
[w3:gh:pro] Pacing 6s before "hemh" (gap=15500ms)
[w3:gh:pro] Tor exited code=0
[w3:gh:pro] Site Turnstile remint timed out (16884ms)
[w3:gh:pro] heartbeat words=26631 queue=407 rotation=0 idle=19s
[w3:gh:pro] IP mode=tor
[w3:gh:pro] Cleaned 1 old rotated profile(s)
[w3:gh:pro] Starting Tor gen=1 socks=127.0.0.1:19053 (try 1)
[w3:gh:pro] tor: Aug 05 09:00:14.061 [warn] Fixing permissions on directory /tmp/lll-tor-w3
[w3:gh:pro] tor: Aug 05 09:00:14.000 [notice] Bootstrapped 0% (starting): Starting
[w3:gh:pro] tor: Aug 05 09:00:15.000 [notice] Bootstrapped 5% (conn): Connecting to a relay
[w3:gh:pro] tor: Aug 05 09:00:15.000 [notice] Bootstrapped 10% (conn_done): Connected to a relay
[w3:gh:pro] tor: Aug 05 09:00:17.000 [notice] Bootstrapped 14% (handshake): Handshaking with a relay
[w3:gh:pro] tor: Aug 05 09:00:18.000 [notice] Bootstrapped 15% (handshake_done): Handshake with a relay done
Aug 05 09:00:18.000 [notice] Bootstrapped 20% (onehop_create): Estab
[w3:gh:pro] tor: Aug 05 09:00:18.000 [notice] Bootstrapped 25% (requesting_status): Asking for networkstatus consensus
[w3:gh:pro] tor: Aug 05 09:00:18.000 [notice] Bootstrapped 30% (loading_status): Loading networkstatus consensus
[w3:gh:pro] tor: Aug 05 09:00:20.000 [notice] Bootstrapped 40% (loading_keys): Loading authority key certs
[w3:gh:pro] tor: Aug 05 09:00:20.000 [notice] Bootstrapped 45% (requesting_descriptors): Asking for relay descriptors
Aug 05 09:00:20.000 [notice] I learned some more directory 
[w3:gh:pro] tor: Aug 05 09:00:21.000 [notice] Bootstrapped 50% (loading_descriptors): Loading relay descriptors
[w3:gh:pro] tor: Aug 05 09:00:31.000 [notice] Bootstrapped 55% (loading_descriptors): Loading relay descriptors
[w3:gh:pro] tor: Aug 05 09:00:32.000 [notice] Bootstrapped 61% (loading_descriptors): Loading relay descriptors
[w3:gh:pro] tor: Aug 05 09:00:32.000 [notice] Bootstrapped 67% (loading_descriptors): Loading relay descriptors
[w3:gh:pro] tor: Aug 05 09:00:32.000 [notice] Bootstrapped 75% (enough_dirinfo): Loaded enough directory info to build circuits
[w3:gh:pro] tor: Aug 05 09:00:33.000 [notice] Bootstrapped 90% (ap_handshake_done): Handshake finished with a relay to build circuits
Aug 05 09:00:33.000 [notice] Bootstrapped 9
[w3:gh:pro] tor: Aug 05 09:00:33.000 [notice] Bootstrapped 100% (done): Done
[w3:gh:pro] Tor ready on 19053 exit=171.25.193.78
[w3:gh:pro] Launching persistent Chrome profile /tmp/lll-pw-w3-r0
[w3:gh:pro] Proxy tor#1 socks5://127.0.0.1:19053
[w3:gh:pro] Opening https://lastletterlibrary.com
[w3:gh:pro] Library mode=pro
[w3:gh:pro] Site Turnstile remint timed out (23977ms)
[w3:gh:pro] Search mode=direct (skip UI Wait Ns… gate)
[w3:gh:pro] Browser exit IP=171.25.193.78 (unique)
[w3:gh:pro] Loaded 3264 prefixes, 26631 words; queue=408
[w3:gh:pro] Searching "hemh" | queue=407 | words=26631
[w3:gh:pro] Site Turnstile remint timed out (22335ms)
[w3:gh:pro] Turnstile token present (len=837)
[w3:gh:pro] Site Turnstile token (22377ms)
[w3:gh:pro] [api] 200 mode=pro startsWith=hemh
[w3:gh:pro] [api] 200 mode=pro startsWith=hemh (708ms direct)
[w3:gh:pro] "hemh" → 0 records, 0 words
[w3:gh:pro] "hemh" branch complete
[w3:gh:pro] Saved 26,631 worker words
[w3:gh:pro] Searching "hemi" | queue=406 | words=26631
[w3:gh:pro] Pacing 14s before "hemi" (gap=15500ms)
[w3:gh:pro] heartbeat words=26631 queue=406 rotation=0 idle=15s
[w3:gh:pro] Site Turnstile remint timed out (27708ms)
[w3:gh:pro] Site Turnstile remint timed out (24389ms)
[w3:gh:pro] heartbeat words=26631 queue=406 rotation=0 idle=24s
[w3:gh:pro] Site Turnstile remint timed out (26815ms)
[w3:gh:pro] Turnstile mint hard timeout after 28000ms
[w3:gh:pro] Failed "hemi" attempt 1: No Turnstile token for direct search
[w3:gh:pro] Site Turnstile remint timed out (29452ms)
[w3:gh:pro] Saved 26,631 worker words
[w3:gh:pro] Turnstile miss — soft reload before rotate
[w3:gh:pro] Site Turnstile remint timed out (11022ms)
[w3:gh:pro] Soft reload mint failed — rotating immediately
[w3:gh:pro] Tor exited code=0
[w3:gh:pro] Starting Tor gen=2 socks=127.0.0.1:19053 (try 1)
[w3:gh:pro] tor: Aug 05 09:03:59.886 [warn] Fixing permissions on directory /tmp/lll-tor-w3
[w3:gh:pro] tor: Aug 05 09:04:00.000 [notice] Bootstrapped 0% (starting): Starting
[w3:gh:pro] tor: Aug 05 09:04:01.000 [notice] Bootstrapped 5% (conn): Connecting to a relay
[w3:gh:pro] tor: Aug 05 09:04:01.000 [notice] Bootstrapped 10% (conn_done): Connected to a relay
[w3:gh:pro] tor: Aug 05 09:04:02.000 [notice] Bootstrapped 14% (handshake): Handshaking with a relay
[w3:gh:pro] tor: Aug 05 09:04:02.000 [notice] Bootstrapped 15% (handshake_done): Handshake with a relay done
Aug 05 09:04:02.000 [notice] Bootstrapped 20% (onehop_create): Estab
[w3:gh:pro] tor: Aug 05 09:04:03.000 [notice] Bootstrapped 25% (requesting_status): Asking for networkstatus consensus
[w3:gh:pro] tor: Aug 05 09:04:03.000 [notice] Bootstrapped 30% (loading_status): Loading networkstatus consensus
[w3:gh:pro] tor: Aug 05 09:04:05.000 [notice] Bootstrapped 40% (loading_keys): Loading authority key certs
[w3:gh:pro] tor: Aug 05 09:04:05.000 [notice] Bootstrapped 45% (requesting_descriptors): Asking for relay descriptors
Aug 05 09:04:05.000 [notice] I learned some more directory 
[w3:gh:pro] tor: Aug 05 09:04:06.000 [notice] Bootstrapped 50% (loading_descriptors): Loading relay descriptors
[w3:gh:pro] heartbeat words=26631 queue=407 rotation=1 idle=3s
[w3:gh:pro] tor: Aug 05 09:04:16.000 [notice] Bootstrapped 55% (loading_descriptors): Loading relay descriptors
[w3:gh:pro] tor: Aug 05 09:04:16.000 [notice] Bootstrapped 61% (loading_descriptors): Loading relay descriptors
[w3:gh:pro] tor: Aug 05 09:04:16.000 [notice] Bootstrapped 67% (loading_descriptors): Loading relay descriptors
[w3:gh:pro] tor: Aug 05 09:04:16.000 [notice] Bootstrapped 75% (enough_dirinfo): Loaded enough directory info to build circuits
[w3:gh:pro] tor: Aug 05 09:04:17.000 [notice] Bootstrapped 90% (ap_handshake_done): Handshake finished with a relay to build circuits
Aug 05 09:04:17.000 [notice] Bootstrapped 9
[w3:gh:pro] tor: Aug 05 09:04:17.000 [notice] Bootstrapped 100% (done): Done
[w3:gh:pro] Tor ready on 19053 exit=5.45.102.93
[w3:gh:pro] Rotating IP (#1, try 1) after No Turnstile token for direct search → tor#2 socks5://127.0.0.1:19053
[w3:gh:pro] Launching persistent Chrome profile /tmp/lll-pw-w3-r1
[w3:gh:pro] Proxy tor#2 socks5://127.0.0.1:19053
[w3:gh:pro] Opening https://lastletterlibrary.com
[w3:gh:pro] Library mode=pro
[w3:gh:pro] Site Turnstile remint timed out (23358ms)
[w3:gh:pro] Search mode=direct (skip UI Wait Ns… gate)
[w3:gh:pro] Cleaned 1 old rotated profile(s)
[w3:gh:pro] Browser exit IP=5.45.102.93 (unique)
[w3:gh:pro] Searching "hemi" | queue=406 | words=26631
[w3:gh:pro] heartbeat words=26631 queue=406 rotation=1 idle=13s
[w3:gh:pro] Site Turnstile remint timed out (23361ms)
[w3:gh:pro] Site Turnstile remint timed out (23366ms)
[w3:gh:pro] Turnstile mint hard timeout after 28000ms
[w3:gh:pro] Site Turnstile remint timed out (31459ms)
[w3:gh:pro] heartbeat words=26631 queue=406 rotation=1 idle=1s
[w3:gh:pro] Site Turnstile remint timed out (25917ms)
[w3:gh:pro] Failed "hemi" attempt 1: No Turnstile token for direct search
[w3:gh:pro] Saved 26,631 worker words
[w3:gh:pro] Turnstile miss — soft reload before rotate
[w3:gh:pro] Site Turnstile remint timed out (10087ms)
[w3:gh:pro] Soft reload mint failed — rotating immediately
[w3:gh:pro] Tor exited code=0
[w3:gh:pro] Starting Tor gen=3 socks=127.0.0.1:19053 (try 1)
[w3:gh:pro] tor: Aug 05 09:06:47.294 [warn] Fixing permissions on directory /tmp/lll-tor-w3
[w3:gh:pro] tor: Aug 05 09:06:47.000 [notice] Bootstrapped 0% (starting): Starting
[w3:gh:pro] tor: Aug 05 09:06:48.000 [notice] Bootstrapped 5% (conn): Connecting to a relay
[w3:gh:pro] tor: Aug 05 09:06:48.000 [notice] Bootstrapped 10% (conn_done): Connected to a relay
[w3:gh:pro] tor: Aug 05 09:06:50.000 [notice] Bootstrapped 14% (handshake): Handshaking with a relay
[w3:gh:pro] tor: Aug 05 09:06:50.000 [notice] Bootstrapped 15% (handshake_done): Handshake with a relay done
Aug 05 09:06:50.000 [notice] Bootstrapped 20% (onehop_create): Estab
[w3:gh:pro] tor: Aug 05 09:06:50.000 [notice] Bootstrapped 25% (requesting_status): Asking for networkstatus consensus
[w3:gh:pro] tor: Aug 05 09:06:51.000 [notice] Bootstrapped 30% (loading_status): Loading networkstatus consensus
[w3:gh:pro] tor: Aug 05 09:06:54.000 [notice] Bootstrapped 40% (loading_keys): Loading authority key certs
[w3:gh:pro] tor: Aug 05 09:06:55.000 [notice] Bootstrapped 45% (requesting_descriptors): Asking for relay descriptors
Aug 05 09:06:55.000 [notice] I learned some more directory 
[w3:gh:pro] tor: Aug 05 09:06:55.000 [notice] Bootstrapped 50% (loading_descriptors): Loading relay descriptors
[w3:gh:pro] heartbeat words=26631 queue=407 rotation=2 idle=13s
[w3:gh:pro] tor: Aug 05 09:07:12.000 [notice] Bootstrapped 55% (loading_descriptors): Loading relay descriptors
[w3:gh:pro] tor: Aug 05 09:07:16.000 [notice] Bootstrapped 61% (loading_descriptors): Loading relay descriptors
[w3:gh:pro] tor: Aug 05 09:07:17.000 [notice] Bootstrapped 67% (loading_descriptors): Loading relay descriptors
[w3:gh:pro] tor: Aug 05 09:07:17.000 [notice] Bootstrapped 75% (enough_dirinfo): Loaded enough directory info to build circuits
[w3:gh:pro] tor: Aug 05 09:07:18.000 [notice] Bootstrapped 90% (ap_handshake_done): Handshake finished with a relay to build circuits
Aug 05 09:07:18.000 [notice] Bootstrapped 9
[w3:gh:pro] tor: Aug 05 09:07:19.000 [notice] Bootstrapped 100% (done): Done
[w3:gh:pro] Tor ready on 19053 exit=45.84.107.47
[w3:gh:pro] Rotating IP (#2, try 1) after No Turnstile token for direct search → tor#3 socks5://127.0.0.1:19053
[w3:gh:pro] Launching persistent Chrome profile /tmp/lll-pw-w3-r2
[w3:gh:pro] Proxy tor#3 socks5://127.0.0.1:19053
[w3:gh:pro] Opening https://lastletterlibrary.com
[w3:gh:pro] Library mode=pro
[w3:gh:pro] Site Turnstile remint timed out (22985ms)
[w3:gh:pro] Search mode=direct (skip UI Wait Ns… gate)
[w3:gh:pro] Cleaned 1 old rotated profile(s)
[w3:gh:pro] Browser exit IP=192.42.116.12 (unique)
[w3:gh:pro] Searching "hemi" | queue=406 | words=26631
[w3:gh:pro] heartbeat words=26631 queue=406 rotation=2 idle=9s
[w3:gh:pro] Turnstile mint hard timeout after 28000ms
[w3:gh:pro] Turnstile token present (len=816)
[w3:gh:pro] Site Turnstile token (28377ms)
[w3:gh:pro] Site Turnstile remint timed out (26252ms)
[w3:gh:pro] heartbeat words=26631 queue=406 rotation=2 idle=19s
[w3:gh:pro] Turnstile token present (len=816)
[w3:gh:pro] Site Turnstile token (23000ms)
[w3:gh:pro] [api] 200 mode=pro startsWith=hemi
[w3:gh:pro] [api] 200 mode=pro startsWith=hemi (826ms direct)
[w3:gh:pro] "hemi" → 100 records, 100 words
[w3:gh:pro] Pacing 14s before "hemi" (gap=15500ms)
[w3:gh:pro] Turnstile token present (len=816)
[w3:gh:pro] Site Turnstile token (24261ms)
[w3:gh:pro] [api] 200 mode=pro startsWith=hemi
[w3:gh:pro] [api] 200 mode=pro startsWith=hemi sort=alphabetical:desc (495ms direct)
[w3:gh:pro] "hemi" full page ends at "hemidysesthesia" (next='d'); skip 14 covered groups → 14 children reverse Z→A ends at "hemiparesis" (lo='p' hi='z'); skip 9 middle + 100 new words
[w3:gh:pro] Saved 26,831 worker words
[w3:gh:pro] Searching "hemj" | queue=419 | words=26831
[w3:gh:pro] Pacing 15s before "hemj" (gap=15500ms)
[w3:gh:pro] Site Turnstile remint timed out (26052ms)
[w3:gh:pro] heartbeat words=26831 queue=419 rotation=2 idle=3s
[w3:gh:pro] Site Turnstile remint timed out (25981ms)
[w3:gh:pro] Turnstile mint hard timeout after 28000ms
[w3:gh:pro] Site Turnstile remint timed out (31500ms)
[w3:gh:pro] heartbeat words=26831 queue=419 rotation=2 idle=5s
[w3:gh:pro] Turnstile token present (len=816)
[w3:gh:pro] Site Turnstile token (20459ms)
[w3:gh:pro] [api] 200 mode=pro startsWith=hemj
[w3:gh:pro] [api] 200 mode=pro startsWith=hemj (1537ms direct)
[w3:gh:pro] "hemj" → 0 records, 0 words
[w3:gh:pro] "hemj" branch complete
[w3:gh:pro] Saved 26,831 worker words
[w3:gh:pro] Searching "hemk" | queue=418 | words=26831
[w3:gh:pro] Pacing 14s before "hemk" (gap=15500ms)
[w3:gh:pro] Managed Turnstile token (len=816, 13654ms, remount)
[w3:gh:pro] [api] 429 mode=pro startsWith=hemk
[w3:gh:pro] [api] 429 mode=pro startsWith=hemk (506ms direct)
[w3:gh:pro] Learned server gap ≈ 15500ms (wait hint 2000ms)
[w3:gh:pro] Rate limited — inline wait 2000ms then retry "hemk"
[w3:gh:pro] Managed Turnstile token (len=816, 12771ms, reset)
[w3:gh:pro] [api] 200 mode=pro startsWith=hemk
[w3:gh:pro] [api] 200 mode=pro startsWith=hemk (1584ms direct)
[w3:gh:pro] "hemk" → 0 records, 0 words
[w3:gh:pro] "hemk" branch complete
[w3:gh:pro] Saved 26,831 worker words
[w3:gh:pro] Searching "heml" | queue=417 | words=26831
[w3:gh:pro] Pacing 13s before "heml" (gap=15500ms)
[w3:gh:pro] heartbeat words=26831 queue=417 rotation=2 idle=16s
[w3:gh:pro] Turnstile mint hard timeout after 28000ms
[w3:gh:pro] Site Turnstile remint timed out (29390ms)
[w3:gh:pro] Turnstile mint hard timeout after 28000ms
[w3:gh:pro] Site Turnstile remint timed out (31526ms)
[w3:gh:pro] heartbeat words=26831 queue=417 rotation=2 idle=16s
[w3:gh:pro] Turnstile token present (len=816)
[w3:gh:pro] Site Turnstile token (26408ms)
[w3:gh:pro] [api] 200 mode=pro startsWith=heml
[w3:gh:pro] [api] 200 mode=pro startsWith=heml (2341ms direct)
[w3:gh:pro] "heml" → 5 records, 5 words (incl. exact "heml")
[w3:gh:pro] "heml" branch complete
[w3:gh:pro] Saved 26,836 worker words
[w3:gh:pro] Searching "hemm" | queue=416 | words=26836
[w3:gh:pro] Pacing 12s before "hemm" (gap=15500ms)
[w3:gh:pro] Turnstile token present (len=816)
[w3:gh:pro] Site Turnstile token (24831ms)
[w3:gh:pro] [api] 200 mode=pro startsWith=hemm
[w3:gh:pro] [api] 200 mode=pro startsWith=hemm (507ms direct)
[w3:gh:pro] "hemm" → 5 records, 5 words
[w3:gh:pro] "hemm" branch complete
[w3:gh:pro] Saved 26,841 worker words; shared last.txt now 281,127
[w3:gh:pro] Searching "hemn" | queue=415 | words=26841
[w3:gh:pro] heartbeat words=26841 queue=415 rotation=2 idle=7s
[w3:gh:pro] Site Turnstile remint timed out (25688ms)
[w3:gh:pro] Turnstile token present (len=816)
[w3:gh:pro] Site Turnstile token (24475ms)
[w3:gh:pro] [api] 200 mode=pro startsWith=hemn
[w3:gh:pro] [api] 200 mode=pro startsWith=hemn (554ms direct)
[w3:gh:pro] "hemn" → 0 records, 0 words
[w3:gh:pro] "hemn" branch complete
[w3:gh:pro] Saved 26,841 worker words
[w3:gh:pro] Searching "hemo" | queue=414 | words=26841
[w3:gh:pro] Pacing 10s before "hemo" (gap=15500ms)
[w3:gh:pro] Turnstile mint hard timeout after 28000ms
[w3:gh:pro] heartbeat words=26841 queue=414 rotation=2 idle=3s
[w3:gh:pro] Site Turnstile remint timed out (31246ms)
[w3:gh:pro] Turnstile mint hard timeout after 28000ms
[w3:gh:pro] Site Turnstile remint timed out (28746ms)
[w3:gh:pro] Site Turnstile remint timed out (25694ms)
[w3:gh:pro] heartbeat words=26841 queue=414 rotation=2 idle=9s
[w3:gh:pro] Turnstile mint hard timeout after 28000ms
[w3:gh:pro] Site Turnstile remint timed out (28469ms)
[w3:gh:pro] Failed "hemo" attempt 1: No Turnstile token for direct search
[w3:gh:pro] Saved 26,841 worker words
[w3:gh:pro] Turnstile miss — soft reload before rotate
[w3:gh:pro] Turnstile mint hard timeout after 15000ms
[w3:gh:pro] Soft reload mint failed — rotating immediately
[w3:gh:pro] Site Turnstile remint timed out (22117ms)
[w3:gh:pro] heartbeat words=26841 queue=415 rotation=3 idle=4s
[w3:gh:pro] Tor exited code=0
[w3:gh:pro] Starting Tor gen=4 socks=127.0.0.1:19053 (try 1)
[w3:gh:pro] tor: Aug 05 09:17:11.906 [notice] Opening Socks listener on 127.0.0.1:19053
Aug 05 09:17:11.906 [notice] Opened Socks listener connection (ready) on 127.0.0.1:19053

[w3:gh:pro] tor: Aug 05 09:17:15.000 [notice] Bootstrapped 0% (starting): Starting
Aug 05 09:17:15.000 [notice] Starting with guard context "default"
[w3:gh:pro] tor: Aug 05 09:17:16.000 [notice] Bootstrapped 5% (conn): Connecting to a relay
Aug 05 09:17:16.000 [notice] Bootstrapped 10% (conn_done): Connected to a relay
[w3:gh:pro] tor: Aug 05 09:17:17.000 [notice] Bootstrapped 14% (handshake): Handshaking with a relay
[w3:gh:pro] tor: Aug 05 09:17:18.000 [notice] Bootstrapped 15% (handshake_done): Handshake with a relay done
Aug 05 09:17:18.000 [notice] Bootstrapped 20% (onehop_create): Estab
[w3:gh:pro] tor: Aug 05 09:17:18.000 [notice] Bootstrapped 25% (requesting_status): Asking for networkstatus consensus
[w3:gh:pro] tor: Aug 05 09:17:18.000 [notice] Bootstrapped 30% (loading_status): Loading networkstatus consensus
[w3:gh:pro] tor: Aug 05 09:17:20.000 [notice] Bootstrapped 40% (loading_keys): Loading authority key certs
[w3:gh:pro] tor: Aug 05 09:17:20.000 [notice] Bootstrapped 45% (requesting_descriptors): Asking for relay descriptors
Aug 05 09:17:20.000 [notice] I learned some more directory 
[w3:gh:pro] tor: Aug 05 09:17:21.000 [notice] Bootstrapped 50% (loading_descriptors): Loading relay descriptors
[w3:gh:pro] tor: Aug 05 09:17:26.000 [notice] Bootstrapped 55% (loading_descriptors): Loading relay descriptors
[w3:gh:pro] tor: Aug 05 09:17:27.000 [notice] Bootstrapped 61% (loading_descriptors): Loading relay descriptors
[w3:gh:pro] tor: Aug 05 09:17:28.000 [notice] Bootstrapped 67% (loading_descriptors): Loading relay descriptors
[w3:gh:pro] tor: Aug 05 09:17:28.000 [notice] Bootstrapped 75% (enough_dirinfo): Loaded enough directory info to build circuits
[w3:gh:pro] tor: Aug 05 09:17:28.000 [notice] Bootstrapped 90% (ap_handshake_done): Handshake finished with a relay to build circuits
Aug 05 09:17:28.000 [notice] Bootstrapped 9
[w3:gh:pro] tor: Aug 05 09:17:29.000 [notice] Bootstrapped 100% (done): Done
[w3:gh:pro] Tor ready on 19053 exit=109.70.100.1
[w3:gh:pro] Rotating IP (#3, try 1) after No Turnstile token for direct search → tor#4 socks5://127.0.0.1:19053
[w3:gh:pro] Launching persistent Chrome profile /tmp/lll-pw-w3-r3
[w3:gh:pro] Proxy tor#4 socks5://127.0.0.1:19053
[w3:gh:pro] Opening https://lastletterlibrary.com
[w3:gh:pro] Library mode=pro
[w3:gh:pro] Site Turnstile remint timed out (24345ms)
[w3:gh:pro] Search mode=direct (skip UI Wait Ns… gate)
[w3:gh:pro] Cleaned 1 old rotated profile(s)
[w3:gh:pro] heartbeat words=26841 queue=415 rotation=3 idle=1s
[w3:gh:pro] Browser exit IP=109.70.100.1 (unique)
[w3:gh:pro] Searching "hemo" | queue=414 | words=26841
[w3:gh:pro] Turnstile mint hard timeout after 28000ms
[w3:gh:pro] Site Turnstile remint timed out (29485ms)
[w3:gh:pro] Managed Turnstile token (len=816, 17139ms, remount)
[w3:gh:pro] [api] 200 mode=pro startsWith=hemo
[w3:gh:pro] [api] 200 mode=pro startsWith=hemo (737ms direct)
[w3:gh:pro] "hemo" → 100 records, 100 words
[w3:gh:pro] Pacing 13s before "hemo" (gap=15500ms)
[w3:gh:pro] Managed Turnstile token (len=816, 12307ms, reset)
[w3:gh:pro] [api] 200 mode=pro startsWith=hemo
[w3:gh:pro] [api] 200 mode=pro startsWith=hemo sort=alphabetical:desc (599ms direct)
[w3:gh:pro] "hemo" full page ends at "hemolysin" (next='l'); skip 26 covered groups → 2 children reverse Z→A ends at "hemolyzed" (lo='l' hi='z'); skip 13 middle + 26 new words
[w3:gh:pro] Saved 26,967 worker words
[w3:gh:pro] Searching "hemu" | queue=415 | words=26967
[w3:gh:pro] heartbeat words=26967 queue=415 rotation=3 idle=0s
[w3:gh:pro] Pacing 12s before "hemu" (gap=15500ms)
[w3:gh:pro] Managed Turnstile token (len=816, 15899ms, reset)
[w3:gh:pro] [api] 200 mode=pro startsWith=hemu
[w3:gh:pro] [api] 200 mode=pro startsWith=hemu (844ms direct)
[w3:gh:pro] "hemu" → 1 records, 1 words
[w3:gh:pro] "hemu" branch complete
[w3:gh:pro] Saved 26,967 worker words
[w3:gh:pro] Searching "hemv" | queue=414 | words=26967
[w3:gh:pro] Pacing 13s before "hemv" (gap=15500ms)
[w3:gh:pro] Managed Turnstile token (len=816, 13626ms, reset)
[w3:gh:pro] [api] 200 mode=pro startsWith=hemv
[w3:gh:pro] [api] 200 mode=pro startsWith=hemv (548ms direct)
[w3:gh:pro] "hemv" → 0 records, 0 words
[w3:gh:pro] "hemv" branch complete
[w3:gh:pro] Saved 26,967 worker words
[w3:gh:pro] Searching "hemw" | queue=413 | words=26967
[w3:gh:pro] Pacing 13s before "hemw" (gap=15500ms)
[w3:gh:pro] Managed Turnstile token (len=816, 18396ms, reset)
[w3:gh:pro] [api] 200 mode=pro startsWith=hemw
[w3:gh:pro] [api] 200 mode=pro startsWith=hemw (491ms direct)
[w3:gh:pro] "hemw" → 0 records, 0 words
[w3:gh:pro] "hemw" branch complete
[w3:gh:pro] Saved 26,967 worker words
[w3:gh:pro] Searching "hemx" | queue=412 | words=26967
[w3:gh:pro] Pacing 15s before "hemx" (gap=15500ms)
[w3:gh:pro] Managed Turnstile token (len=816, 6873ms, reset)
[w3:gh:pro] heartbeat words=26967 queue=412 rotation=3 idle=2s
[w3:gh:pro] [api] 200 mode=pro startsWith=hemx
[w3:gh:pro] [api] 200 mode=pro startsWith=hemx (615ms direct)
[w3:gh:pro] "hemx" → 0 records, 0 words
[w3:gh:pro] "hemx" branch complete
[w3:gh:pro] Saved 26,967 worker words
[w3:gh:pro] Searching "hemy" | queue=411 | words=26967
[w3:gh:pro] Pacing 14s before "hemy" (gap=15500ms)
[w3:gh:pro] Managed Turnstile token (len=816, 7565ms, reset)
[w3:gh:pro] [api] 200 mode=pro startsWith=hemy
[w3:gh:pro] [api] 200 mode=pro startsWith=hemy (637ms direct)
[w3:gh:pro] "hemy" → 0 records, 0 words
[w3:gh:pro] "hemy" branch complete
[w3:gh:pro] Saved 26,967 worker words; shared last.txt now 281,877
[w3:gh:pro] Searching "hemz" | queue=410 | words=26967
[w3:gh:pro] Pacing 7s before "hemz" (gap=15500ms)
[w3:gh:pro] Managed Turnstile token (len=816, 14229ms, reset)
[w3:gh:pro] [api] 200 mode=pro startsWith=hemz
[w3:gh:pro] [api] 200 mode=pro startsWith=hemz (587ms direct)
[w3:gh:pro] "hemz" → 0 records, 0 words
[w3:gh:pro] "hemz" branch complete
[w3:gh:pro] Saved 26,967 worker words
[w3:gh:pro] Searching "heny" | queue=409 | words=26967
[w3:gh:pro] Pacing 12s before "heny" (gap=15500ms)
[w3:gh:pro] Managed Turnstile token (len=816, 17842ms, remount)
[w3:gh:pro] [api] 200 mode=pro startsWith=heny
[w3:gh:pro] [api] 200 mode=pro startsWith=heny (537ms direct)
[w3:gh:pro] "heny" → 1 records, 1 words
[w3:gh:pro] "heny" branch complete
[w3:gh:pro] Saved 26,967 worker words
[w3:gh:pro] Searching "henz" | queue=408 | words=26967
[w3:gh:pro] Pacing 15s before "henz" (gap=15500ms)
[w3:gh:pro] heartbeat words=26967 queue=408 rotation=3 idle=1s
[w3:gh:pro] Site Turnstile remint timed out (23371ms)
[w3:gh:pro] Site Turnstile remint timed out (24666ms)
[w3:gh:pro] heartbeat words=26967 queue=408 rotation=3 idle=14s
[w3:gh:pro] Site Turnstile remint timed out (25500ms)
[w3:gh:pro] Site Turnstile remint timed out (25838ms)
[w3:gh:pro] heartbeat words=26967 queue=408 rotation=3 idle=23s
[w3:gh:pro] Site Turnstile remint timed out (24250ms)
[w3:gh:pro] Failed "henz" attempt 1: No Turnstile token for direct search
[w3:gh:pro] Saved 26,967 worker words
[w3:gh:pro] Turnstile miss — soft reload before rotate
[w3:gh:pro] Turnstile token present (len=816)
[w3:gh:pro] Site Turnstile token (8874ms)
[w3:gh:pro] Searching "henz" | queue=408 | words=26967
[w3:gh:pro] [api] 200 mode=pro startsWith=henz
[w3:gh:pro] [api] 200 mode=pro startsWith=henz (586ms direct)
[w3:gh:pro] "henz" → 0 records, 0 words
[w3:gh:pro] "henz" branch complete
[w3:gh:pro] Saved 26,967 worker words
[w3:gh:pro] Searching "hepa" | queue=407 | words=26967
[w3:gh:pro] Pacing 14s before "hepa" (gap=15500ms)
[w3:gh:pro] Managed Turnstile token (len=816, 12283ms, remount)
[w3:gh:pro] [api] 200 mode=pro startsWith=hepa
[w3:gh:pro] [api] 200 mode=pro startsWith=hepa (641ms direct)
[w3:gh:pro] "hepa" → 100 records, 100 words
[w3:gh:pro] Pacing 13s before "hepa" (gap=15500ms)
[w3:gh:pro] Managed Turnstile token (len=816, 11904ms, reset)
[w3:gh:pro] [api] 200 mode=pro startsWith=hepa
[w3:gh:pro] [api] 200 mode=pro startsWith=hepa sort=alphabetical:desc (2428ms direct)
[w3:gh:pro] "hepa" full page ends at "hepatomata" (next='t'); skip 21 covered groups → 7 children reverse Z→A ends at "hepatics" (lo='t' hi='t'); skip 0 middle + 40 new words
[w3:gh:pro] Saved 27,008 worker words
[w3:gh:pro] Searching "hepb" | queue=413 | words=27008
[w3:gh:pro] Pacing 8s before "hepb" (gap=15500ms)
[w3:gh:pro] heartbeat words=27008 queue=413 rotation=3 idle=4s
[w3:gh:pro] Managed Turnstile token (len=816, 11863ms, reset)
[w3:gh:pro] [api] 200 mode=pro startsWith=hepb
[w3:gh:pro] [api] 200 mode=pro startsWith=hepb (518ms direct)
[w3:gh:pro] "hepb" → 1 records, 1 words
[w3:gh:pro] "hepb" branch complete
[w3:gh:pro] Saved 27,009 worker words
[w3:gh:pro] Searching "hepc" | queue=412 | words=27009
[w3:gh:pro] Pacing 15s before "hepc" (gap=15500ms)
[w3:gh:pro] Managed Turnstile token (len=816, 13527ms, reset)
[w3:gh:pro] [api] 200 mode=pro startsWith=hepc
[w3:gh:pro] [api] 200 mode=pro startsWith=hepc (1802ms direct)
[w3:gh:pro] "hepc" → 2 records, 2 words
[w3:gh:pro] "hepc" branch complete
[w3:gh:pro] Saved 27,011 worker words
[w3:gh:pro] Searching "hepd" | queue=411 | words=27011
[w3:gh:pro] Pacing 13s before "hepd" (gap=15500ms)
[w3:gh:pro] Managed Turnstile token (len=816, 15372ms, reset)
[w3:gh:pro] [api] 200 mode=pro startsWith=hepd
[w3:gh:pro] [api] 200 mode=pro startsWith=hepd (578ms direct)
[w3:gh:pro] "hepd" → 0 records, 0 words
[w3:gh:pro] "hepd" branch complete
[w3:gh:pro] heartbeat words=27011 queue=411 rotation=3 idle=24s
[w3:gh:pro] Saved 27,011 worker words; shared last.txt now 282,369
[w3:gh:pro] Searching "hepe" | queue=410 | words=27011
[w3:gh:pro] Turnstile mint hard timeout after 28000ms
[w3:gh:pro] Site Turnstile remint timed out (33479ms)
[w3:gh:pro] Turnstile mint hard timeout after 28000ms
[w3:gh:pro] Site Turnstile remint timed out (28235ms)
[w3:gh:pro] heartbeat words=27011 queue=410 rotation=3 idle=27s
[w3:gh:pro] Turnstile mint hard timeout after 28000ms
[w3:gh:pro] Turnstile mint hard timeout after 28000ms
[w3:gh:pro] Site Turnstile remint timed out (36452ms)
[w3:gh:pro] Turnstile mint hard timeout after 28000ms
[w3:gh:pro] Failed "hepe" attempt 1: No Turnstile token for direct search
[w3:gh:pro] heartbeat words=27011 queue=411 rotation=3 idle=2s
[w3:gh:pro] Saved 27,011 worker words
[w3:gh:pro] Turnstile miss — soft reload before rotate
[w3:gh:pro] Site Turnstile remint timed out (35677ms)
[w3:gh:pro] Site Turnstile remint timed out (98938ms)
[w3:gh:pro] Site Turnstile remint timed out (15002ms)
[w3:gh:pro] Soft reload mint failed — rotating immediately
[w3:gh:pro] Tor exited code=0
[w3:gh:pro] Starting Tor gen=5 socks=127.0.0.1:19053 (try 1)
[w3:gh:pro] tor: Aug 05 09:27:39.382 [notice] Opened Socks listener connection (ready) on 127.0.0.1:19053
Aug 05 09:27:39.382 [warn] Fixing permissions on directory /tmp/lll-tor
[w3:gh:pro] tor: Aug 05 09:27:39.000 [notice] Bootstrapped 0% (starting): Starting
[w3:gh:pro] tor: Aug 05 09:27:40.000 [notice] Bootstrapped 5% (conn): Connecting to a relay
[w3:gh:pro] tor: Aug 05 09:27:40.000 [notice] Bootstrapped 10% (conn_done): Connected to a relay
[w3:gh:pro] tor: Aug 05 09:27:41.000 [notice] Bootstrapped 14% (handshake): Handshaking with a relay
[w3:gh:pro] tor: Aug 05 09:27:41.000 [notice] Bootstrapped 15% (handshake_done): Handshake with a relay done
Aug 05 09:27:41.000 [notice] Bootstrapped 20% (onehop_create): Estab
[w3:gh:pro] tor: Aug 05 09:27:41.000 [notice] Bootstrapped 25% (requesting_status): Asking for networkstatus consensus
[w3:gh:pro] tor: Aug 05 09:27:41.000 [notice] Bootstrapped 30% (loading_status): Loading networkstatus consensus
[w3:gh:pro] tor: Aug 05 09:27:43.000 [notice] Bootstrapped 40% (loading_keys): Loading authority key certs
[w3:gh:pro] tor: Aug 05 09:27:44.000 [notice] Bootstrapped 45% (requesting_descriptors): Asking for relay descriptors
Aug 05 09:27:44.000 [notice] I learned some more directory 
[w3:gh:pro] tor: Aug 05 09:27:45.000 [notice] Bootstrapped 50% (loading_descriptors): Loading relay descriptors
[w3:gh:pro] tor: Aug 05 09:27:53.000 [notice] Bootstrapped 55% (loading_descriptors): Loading relay descriptors
[w3:gh:pro] tor: Aug 05 09:27:54.000 [notice] Bootstrapped 61% (loading_descriptors): Loading relay descriptors
[w3:gh:pro] tor: Aug 05 09:27:54.000 [notice] Bootstrapped 67% (loading_descriptors): Loading relay descriptors
[w3:gh:pro] tor: Aug 05 09:27:54.000 [notice] Bootstrapped 75% (enough_dirinfo): Loaded enough directory info to build circuits
[w3:gh:pro] tor: Aug 05 09:27:54.000 [notice] Bootstrapped 90% (ap_handshake_done): Handshake finished with a relay to build circuits
Aug 05 09:27:54.000 [notice] Bootstrapped 9
[w3:gh:pro] tor: Aug 05 09:27:55.000 [notice] Bootstrapped 100% (done): Done
[w3:gh:pro] Tor ready on 19053 exit=192.42.116.101
[w3:gh:pro] Rotating IP (#4, try 1) after No Turnstile token for direct search → tor#5 socks5://127.0.0.1:19053
[w3:gh:pro] Launching persistent Chrome profile /tmp/lll-pw-w3-r4
[w3:gh:pro] Proxy tor#5 socks5://127.0.0.1:19053
[w3:gh:pro] Opening https://lastletterlibrary.com
[w3:gh:pro] Library mode=pro
[w3:gh:pro] heartbeat words=27011 queue=411 rotation=4 idle=8s
[w3:gh:pro] Managed Turnstile token (len=816, 15113ms, remount)
[w3:gh:pro] Search mode=direct (skip UI Wait Ns… gate)
[w3:gh:pro] Cleaned 1 old rotated profile(s)
[w3:gh:pro] Browser exit IP=192.42.116.101 (unique)
[w3:gh:pro] Searching "hepe" | queue=410 | words=27011
[w3:gh:pro] [api] 200 mode=pro startsWith=hepe
[w3:gh:pro] [api] 200 mode=pro startsWith=hepe (572ms direct)
[w3:gh:pro] "hepe" → 0 records, 0 words
[w3:gh:pro] "hepe" branch complete
[w3:gh:pro] Saved 27,011 worker words
[w3:gh:pro] Searching "hepf" | queue=409 | words=27011
[w3:gh:pro] Pacing 15s before "hepf" (gap=15500ms)
[w3:gh:pro] Managed Turnstile token (len=816, 14697ms, reset)
[w3:gh:pro] [api] 200 mode=pro startsWith=hepf
[w3:gh:pro] [api] 200 mode=pro startsWith=hepf (1587ms direct)
[w3:gh:pro] "hepf" → 0 records, 0 words
[w3:gh:pro] "hepf" branch complete
[w3:gh:pro] Saved 27,011 worker words
[w3:gh:pro] Searching "hepg" | queue=408 | words=27011
[w3:gh:pro] Pacing 13s before "hepg" (gap=15500ms)
[w3:gh:pro] Managed Turnstile token (len=816, 10746ms, reset)
[w3:gh:pro] [api] 200 mode=pro startsWith=hepg
[w3:gh:pro] [api] 200 mode=pro startsWith=hepg (3054ms direct)
[w3:gh:pro] "hepg" → 0 records, 0 words
[w3:gh:pro] "hepg" branch complete
[w3:gh:pro] Saved 27,011 worker words
[w3:gh:pro] Searching "heph" | queue=407 | words=27011
[w3:gh:pro] Pacing 12s before "heph" (gap=15500ms)
[w3:gh:pro] heartbeat words=27011 queue=407 rotation=4 idle=13s
[w3:gh:pro] Site Turnstile remint timed out (24273ms)
[w3:gh:pro] Site Turnstile remint timed out (23868ms)
[w3:gh:pro] heartbeat words=27011 queue=407 rotation=4 idle=26s
[w3:gh:pro] Turnstile mint hard timeout after 28000ms
[w3:gh:pro] Site Turnstile remint timed out (31188ms)
[w3:gh:pro] Turnstile mint hard timeout after 28000ms
[w3:gh:pro] Failed "heph" attempt 1: No Turnstile token for direct search
[w3:gh:pro] Saved 27,011 worker words
[w3:gh:pro] Turnstile miss — soft reload before rotate
[w3:gh:pro] Site Turnstile remint timed out (31248ms)
[w3:gh:pro] Turnstile mint hard timeout after 15000ms
[w3:gh:pro] Soft reload mint failed — rotating immediately
[w3:gh:pro] Site Turnstile remint timed out (16624ms)
[w3:gh:pro] heartbeat words=27011 queue=408 rotation=5 idle=7s
[w3:gh:pro] Tor exited code=null
[w3:gh:pro] Starting Tor gen=6 socks=127.0.0.1:19053 (try 1)
[w3:gh:pro] tor: Aug 05 09:31:25.903 [notice] Opened Socks listener connection (ready) on 127.0.0.1:19053
Aug 05 09:31:25.903 [warn] Fixing permissions on directory /tmp/lll-tor
[w3:gh:pro] tor: Aug 05 09:31:31.000 [notice] Bootstrapped 0% (starting): Starting
[w3:gh:pro] tor: Aug 05 09:31:32.000 [notice] Bootstrapped 5% (conn): Connecting to a relay
[w3:gh:pro] tor: Aug 05 09:31:32.000 [notice] Bootstrapped 10% (conn_done): Connected to a relay
[w3:gh:pro] tor: Aug 05 09:31:34.000 [notice] Bootstrapped 14% (handshake): Handshaking with a relay
[w3:gh:pro] tor: Aug 05 09:31:35.000 [notice] Bootstrapped 15% (handshake_done): Handshake with a relay done
[w3:gh:pro] tor: Aug 05 09:31:35.000 [notice] Bootstrapped 20% (onehop_create): Establishing an encrypted directory connection
[w3:gh:pro] tor: Aug 05 09:31:35.000 [notice] Bootstrapped 25% (requesting_status): Asking for networkstatus consensus
[w3:gh:pro] tor: Aug 05 09:31:35.000 [notice] Bootstrapped 30% (loading_status): Loading networkstatus consensus
[w3:gh:pro] tor: Aug 05 09:31:39.000 [notice] Bootstrapped 40% (loading_keys): Loading authority key certs
[w3:gh:pro] tor: Aug 05 09:31:39.000 [notice] Bootstrapped 45% (requesting_descriptors): Asking for relay descriptors
Aug 05 09:31:39.000 [notice] I learned some more directory 
[w3:gh:pro] tor: Aug 05 09:31:40.000 [notice] Bootstrapped 50% (loading_descriptors): Loading relay descriptors
[w3:gh:pro] tor: Aug 05 09:31:46.000 [notice] Bootstrapped 55% (loading_descriptors): Loading relay descriptors
[w3:gh:pro] tor: Aug 05 09:31:47.000 [notice] Bootstrapped 61% (loading_descriptors): Loading relay descriptors
[w3:gh:pro] tor: Aug 05 09:31:48.000 [notice] Bootstrapped 67% (loading_descriptors): Loading relay descriptors
[w3:gh:pro] tor: Aug 05 09:31:48.000 [notice] Bootstrapped 75% (enough_dirinfo): Loaded enough directory info to build circuits
[w3:gh:pro] tor: Aug 05 09:31:48.000 [notice] Bootstrapped 90% (ap_handshake_done): Handshake finished with a relay to build circuits
Aug 05 09:31:48.000 [notice] Bootstrapped 9
[w3:gh:pro] tor: Aug 05 09:31:49.000 [notice] Bootstrapped 100% (done): Done
[w3:gh:pro] Tor ready on 19053 exit=45.66.35.24
[w3:gh:pro] Rotating IP (#5, try 1) after No Turnstile token for direct search → tor#6 socks5://127.0.0.1:19053
[w3:gh:pro] Launching persistent Chrome profile /tmp/lll-pw-w3-r5
[w3:gh:pro] Proxy tor#6 socks5://127.0.0.1:19053
[w3:gh:pro] Opening https://lastletterlibrary.com
[w3:gh:pro] Library mode=pro
[w3:gh:pro] heartbeat words=27011 queue=408 rotation=5 idle=18s
[w3:gh:pro] Site Turnstile remint timed out (22351ms)
[w3:gh:pro] Search mode=direct (skip UI Wait Ns… gate)
[w3:gh:pro] Cleaned 1 old rotated profile(s)
[w3:gh:pro] Browser exit IP=109.70.100.14 (unique)
[w3:gh:pro] Searching "heph" | queue=407 | words=27011
[w3:gh:pro] Managed Turnstile token (len=816, 4286ms, remount)
[w3:gh:pro] [api] 200 mode=pro startsWith=heph
[w3:gh:pro] [api] 200 mode=pro startsWith=heph (462ms direct)
[w3:gh:pro] "heph" → 7 records, 7 words
[w3:gh:pro] "heph" branch complete
[w3:gh:pro] Saved 27,018 worker words
[w3:gh:pro] Searching "hepi" | queue=406 | words=27018
[w3:gh:pro] Pacing 16s before "hepi" (gap=15500ms)
[w3:gh:pro] Managed Turnstile token (len=816, 4131ms, reset)
[w3:gh:pro] [api] 200 mode=pro startsWith=hepi
[w3:gh:pro] [api] 200 mode=pro startsWith=hepi (570ms direct)
[w3:gh:pro] "hepi" → 3 records, 3 words
[w3:gh:pro] "hepi" branch complete
[w3:gh:pro] Saved 27,021 worker words
[w3:gh:pro] Searching "hepj" | queue=405 | words=27021
[w3:gh:pro] Pacing 15s before "hepj" (gap=15500ms)
[w3:gh:pro] Managed Turnstile token (len=816, 6548ms, reset)
[w3:gh:pro] [api] 200 mode=pro startsWith=hepj
[w3:gh:pro] [api] 200 mode=pro startsWith=hepj (464ms direct)
[w3:gh:pro] "hepj" → 0 records, 0 words
[w3:gh:pro] "hepj" branch complete
[w3:gh:pro] Saved 27,021 worker words; shared last.txt now 283,098
[w3:gh:pro] Searching "hepk" | queue=404 | words=27021
[w3:gh:pro] Pacing 8s before "hepk" (gap=15500ms)
[w3:gh:pro] Managed Turnstile token (len=816, 10978ms, reset)
[w3:gh:pro] [api] 200 mode=pro startsWith=hepk
[w3:gh:pro] [api] 200 mode=pro startsWith=hepk (1185ms direct)
[w3:gh:pro] "hepk" → 0 records, 0 words
[w3:gh:pro] "hepk" branch complete
[w3:gh:pro] Saved 27,021 worker words
[w3:gh:pro] Searching "hepl" | queue=403 | words=27021
[w3:gh:pro] Pacing 15s before "hepl" (gap=15500ms)
[w3:gh:pro] heartbeat words=27021 queue=403 rotation=5 idle=3s
[w3:gh:pro] Managed Turnstile token (len=816, 7578ms, reset)
[w3:gh:pro] [api] 200 mode=pro startsWith=hepl
[w3:gh:pro] [api] 200 mode=pro startsWith=hepl (618ms direct)
[w3:gh:pro] "hepl" → 0 records, 0 words
[w3:gh:pro] "hepl" branch complete
[w3:gh:pro] Saved 27,021 worker words
[w3:gh:pro] Searching "hepm" | queue=402 | words=27021
[w3:gh:pro] Pacing 12s before "hepm" (gap=15500ms)
[w3:gh:pro] Site Turnstile remint timed out (26507ms)
[w3:gh:pro] heartbeat words=27021 queue=402 rotation=5 idle=18s
[w3:gh:pro] Turnstile token present (len=816)
[w3:gh:pro] Site Turnstile token (21259ms)
[w3:gh:pro] [api] 200 mode=pro startsWith=hepm
[w3:gh:pro] [api] 200 mode=pro startsWith=hepm (628ms direct)
[w3:gh:pro] "hepm" → 0 records, 0 words
[w3:gh:pro] "hepm" branch complete
[w3:gh:pro] Saved 27,021 worker words
[w3:gh:pro] Searching "hepn" | queue=401 | words=27021
[w3:gh:pro] Pacing 15s before "hepn" (gap=15500ms)
[w3:gh:pro] Site Turnstile remint timed out (27612ms)
[w3:gh:pro] Turnstile token present (len=816)
[w3:gh:pro] Site Turnstile token (23492ms)
[w3:gh:pro] [api] 200 mode=pro startsWith=hepn
[w3:gh:pro] [api] 200 mode=pro startsWith=hepn (3039ms direct)
[w3:gh:pro] "hepn" → 0 records, 0 words
[w3:gh:pro] "hepn" branch complete
[w3:gh:pro] heartbeat words=27021 queue=401 rotation=5 idle=1s
[w3:gh:pro] Saved 27,021 worker words
[w3:gh:pro] Searching "hepo" | queue=400 | words=27021
[w3:gh:pro] Pacing 10s before "hepo" (gap=15500ms)
[w3:gh:pro] Managed Turnstile token (len=816, 13256ms, remount)
[w3:gh:pro] [api] 200 mode=pro startsWith=hepo
[w3:gh:pro] [api] 200 mode=pro startsWith=hepo (427ms direct)
[w3:gh:pro] "hepo" → 0 records, 0 words
[w3:gh:pro] "hepo" branch complete
[w3:gh:pro] Saved 27,021 worker words
[w3:gh:pro] Searching "hepp" | queue=399 | words=27021
[w3:gh:pro] Pacing 15s before "hepp" (gap=15500ms)
[w3:gh:pro] Managed Turnstile token (len=816, 4114ms, reset)
[w3:gh:pro] [api] 200 mode=pro startsWith=hepp
[w3:gh:pro] [api] 200 mode=pro startsWith=hepp (405ms direct)
[w3:gh:pro] "hepp" → 4 records, 4 words
[w3:gh:pro] "hepp" branch complete
[w3:gh:pro] Saved 27,025 worker words
[w3:gh:pro] Searching "hepq" | queue=398 | words=27025
[w3:gh:pro] Pacing 15s before "hepq" (gap=15500ms)
[w3:gh:pro] Managed Turnstile token (len=816, 4628ms, reset)
[w3:gh:pro] [api] 200 mode=pro startsWith=hepq
[w3:gh:pro] [api] 200 mode=pro startsWith=hepq (1658ms direct)
[w3:gh:pro] "hepq" → 0 records, 0 words
[w3:gh:pro] "hepq" branch complete
[w3:gh:pro] Saved 27,025 worker words
[w3:gh:pro] Searching "hepr" | queue=397 | words=27025
[w3:gh:pro] Pacing 12s before "hepr" (gap=15500ms)
[w3:gh:pro] heartbeat words=27025 queue=397 rotation=5 idle=13s
[w3:gh:pro] Turnstile mint hard timeout after 28000ms
[w3:gh:pro] Site Turnstile remint timed out (30507ms)
[w3:gh:pro] Turnstile token present (len=816)
[w3:gh:pro] Site Turnstile token (21647ms)
[w3:gh:pro] [api] 200 mode=pro startsWith=hepr
[w3:gh:pro] [api] 200 mode=pro startsWith=hepr (1984ms direct)
[w3:gh:pro] "hepr" → 0 records, 0 words
[w3:gh:pro] "hepr" branch complete
[w3:gh:pro] heartbeat words=27025 queue=397 rotation=5 idle=19s
[w3:gh:pro] Saved 27,025 worker words; shared last.txt now 283,338
[w3:gh:pro] Searching "heps" | queue=396 | words=27025
[w3:gh:pro] Turnstile token present (len=816)
[w3:gh:pro] Site Turnstile token (24559ms)
[w3:gh:pro] [api] 200 mode=pro startsWith=heps
[w3:gh:pro] [api] 200 mode=pro startsWith=heps (529ms direct)
[w3:gh:pro] "heps" → 3 records, 3 words (incl. exact "heps")
[w3:gh:pro] "heps" branch complete
[w3:gh:pro] Saved 27,028 worker words
[w3:gh:pro] Searching "hept" | queue=395 | words=27028
[w3:gh:pro] Pacing 12s before "hept" (gap=15500ms)
[w3:gh:pro] Turnstile token present (len=816)
[w3:gh:pro] Site Turnstile token (26437ms)
[w3:gh:pro] [api] 200 mode=pro startsWith=hept
[w3:gh:pro] [api] 200 mode=pro startsWith=hept (786ms direct)
[w3:gh:pro] "hept" → 100 records, 100 words (incl. exact "hept")
[w3:gh:pro] Pacing 13s before "hept" (gap=15500ms)
[w3:gh:pro] Managed Turnstile token (len=816, 12096ms, remount)
[w3:gh:pro] [api] 429 mode=pro startsWith=hept
[w3:gh:pro] [api] 429 mode=pro startsWith=hept sort=alphabetical:desc (434ms direct)
[w3:gh:pro] Learned server gap ≈ 15500ms (wait hint 2000ms)
[w3:gh:pro] Rate limited — inline wait 2000ms then retry "hept"
[w3:gh:pro] Managed Turnstile token (len=816, 3791ms, reset)
[w3:gh:pro] [api] 200 mode=pro startsWith=hept
[w3:gh:pro] [api] 200 mode=pro startsWith=hept sort=alphabetical:desc (473ms direct)
[w3:gh:pro] "hept" full page ends at "heptine" (next='i'); skip 26 covered groups → 2 children reverse Z→A ends at "heptadecanol" (lo='a' hi='y'); skip 23 middle + 13 new words
[w3:gh:pro] Saved 27,141 worker words
[w3:gh:pro] Searching "hepu" | queue=396 | words=27141
[w3:gh:pro] Pacing 15s before "hepu" (gap=15500ms)
[w3:gh:pro] Managed Turnstile token (len=816, 5140ms, reset)
[w3:gh:pro] heartbeat words=27141 queue=396 rotation=5 idle=1s
[w3:gh:pro] [api] 200 mode=pro startsWith=hepu
[w3:gh:pro] [api] 200 mode=pro startsWith=hepu (454ms direct)
[w3:gh:pro] "hepu" → 0 records, 0 words
[w3:gh:pro] "hepu" branch complete
[w3:gh:pro] Saved 27,141 worker words
[w3:gh:pro] Searching "hepv" | queue=395 | words=27141
[w3:gh:pro] Pacing 15s before "hepv" (gap=15500ms)
[w3:gh:pro] Managed Turnstile token (len=816, 8860ms, reset)
[w3:gh:pro] [api] 200 mode=pro startsWith=hepv
[w3:gh:pro] [api] 200 mode=pro startsWith=hepv (861ms direct)
[w3:gh:pro] "hepv" → 0 records, 0 words
[w3:gh:pro] "hepv" branch complete
[w3:gh:pro] Saved 27,141 worker words
[w3:gh:pro] Searching "hepw" | queue=394 | words=27141
[w3:gh:pro] Pacing 12s before "hepw" (gap=15500ms)
[w3:gh:pro] Turnstile token present (len=816)
[w3:gh:pro] Site Turnstile token (21516ms)
[w3:gh:pro] [api] 200 mode=pro startsWith=hepw
[w3:gh:pro] [api] 200 mode=pro startsWith=hepw (564ms direct)
[w3:gh:pro] "hepw" → 0 records, 0 words
[w3:gh:pro] "hepw" branch complete
[w3:gh:pro] Saved 27,141 worker words
[w3:gh:pro] Searching "hepx" | queue=393 | words=27141
[w3:gh:pro] Pacing 14s before "hepx" (gap=15500ms)
[w3:gh:pro] heartbeat words=27141 queue=393 rotation=5 idle=10s
[w3:gh:pro] Managed Turnstile token (len=816, 18911ms, remount)
[w3:gh:pro] [api] 200 mode=pro startsWith=hepx
[w3:gh:pro] [api] 200 mode=pro startsWith=hepx (471ms direct)
[w3:gh:pro] "hepx" → 0 records, 0 words
[w3:gh:pro] "hepx" branch complete
[w3:gh:pro] Saved 27,141 worker words
[w3:gh:pro] Searching "hepy" | queue=392 | words=27141
[w3:gh:pro] Pacing 15s before "hepy" (gap=15500ms)
[w3:gh:pro] Turnstile mint hard timeout after 28000ms
[w3:gh:pro] Site Turnstile remint timed out (31317ms)
[w3:gh:pro] heartbeat words=27141 queue=392 rotation=5 idle=20s
[w3:gh:pro] Site Turnstile remint timed out (25867ms)
[w3:gh:pro] Managed Turnstile token (len=816, 18104ms, remount)
[w3:gh:pro] [api] 200 mode=pro startsWith=hepy
[w3:gh:pro] [api] 200 mode=pro startsWith=hepy (654ms direct)
[w3:gh:pro] "hepy" → 0 records, 0 words
[w3:gh:pro] "hepy" branch complete
[w3:gh:pro] Saved 27,141 worker words
[w3:gh:pro] Searching "hepz" | queue=391 | words=27141
[w3:gh:pro] Pacing 12s before "hepz" (gap=15500ms)
[w3:gh:pro] Turnstile token present (len=816)
[w3:gh:pro] Site Turnstile token (22195ms)
[w3:gh:pro] [api] 200 mode=pro startsWith=hepz
[w3:gh:pro] [api] 200 mode=pro startsWith=hepz (654ms direct)
[w3:gh:pro] "hepz" → 0 records, 0 words
[w3:gh:pro] "hepz" branch complete
[w3:gh:pro] Saved 27,141 worker words; shared last.txt now 283,876
[w3:gh:pro] Searching "herb" | queue=390 | words=27141
[w3:gh:pro] Pacing 10s before "herb" (gap=15500ms)
[w3:gh:pro] heartbeat words=27141 queue=390 rotation=5 idle=9s
[w3:gh:pro] Site Turnstile remint timed out (27094ms)
[w3:gh:pro] Managed Turnstile token (len=816, 17806ms, remount)
[w3:gh:pro] [api] 200 mode=pro startsWith=herb
[w3:gh:pro] [api] 200 mode=pro startsWith=herb (521ms direct)
[w3:gh:pro] "herb" → 100 records, 100 words (incl. exact "herb")
[w3:gh:pro] Pacing 15s before "herb" (gap=15500ms)
[w3:gh:pro] Managed Turnstile token (len=816, 15998ms, reset)
[w3:gh:pro] [api] 200 mode=pro startsWith=herb
[w3:gh:pro] [api] 200 mode=pro startsWith=herb sort=alphabetical:desc (1119ms direct)
[w3:gh:pro] "herb" full page ends at "herbwife" (next='w'); skip 26 covered groups → 2 children reverse Z→A ends at "herbaceous" (lo='a' hi='y'); skip 23 middle + 2 new words
[w3:gh:pro] Saved 27,181 worker words
[w3:gh:pro] Searching "herc" | queue=391 | words=27181
[w3:gh:pro] Pacing 14s before "herc" (gap=15500ms)
[w3:gh:pro] Managed Turnstile token (len=816, 9973ms, reset)
[w3:gh:pro] heartbeat words=27181 queue=391 rotation=5 idle=0s
[w3:gh:pro] [api] 200 mode=pro startsWith=herc
[w3:gh:pro] [api] 200 mode=pro startsWith=herc (422ms direct)
[w3:gh:pro] "herc" → 13 records, 13 words
[w3:gh:pro] "herc" branch complete
[w3:gh:pro] Saved 27,194 worker words
[w3:gh:pro] Searching "herd" | queue=390 | words=27194
[w3:gh:pro] Pacing 15s before "herd" (gap=15500ms)
[w3:gh:pro] Managed Turnstile token (len=816, 5293ms, reset)
[w3:gh:pro] [api] 200 mode=pro startsWith=herd
[w3:gh:pro] [api] 200 mode=pro startsWith=herd (434ms direct)
[w3:gh:pro] "herd" → 28 records, 28 words (incl. exact "herd")
[w3:gh:pro] "herd" branch complete
[w3:gh:pro] Saved 27,222 worker words
[w3:gh:pro] Searching "here" | queue=389 | words=27222
[w3:gh:pro] Pacing 15s before "here" (gap=15500ms)
[w3:gh:pro] Managed Turnstile token (len=816, 13302ms, reset)
[w3:gh:pro] [api] 200 mode=pro startsWith=here
[w3:gh:pro] [api] 200 mode=pro startsWith=here (546ms direct)
[w3:gh:pro] "here" → 100 records, 100 words (incl. exact "here")
[w3:gh:pro] Pacing 15s before "here" (gap=15500ms)
[w3:gh:pro] Site Turnstile remint timed out (23821ms)
[w3:gh:pro] heartbeat words=27322 queue=389 rotation=5 idle=1s
[w3:gh:pro] Turnstile token present (len=816)
[w3:gh:pro] Site Turnstile token (22407ms)
[w3:gh:pro] [api] 200 mode=pro startsWith=here
[w3:gh:pro] [api] 200 mode=pro startsWith=here sort=alphabetical:desc (633ms direct)
[w3:gh:pro] "here" full page ends at "heresyproof" (next='s'); skip 27 covered groups → 1 children reverse Z→A ends at "hereditarianist" (lo='d' hi='z'); skip 21 middle + 30 new words
[w3:gh:pro] Saved 27,352 worker words
[w3:gh:pro] Searching "herf" | queue=389 | words=27352
[w3:gh:pro] Pacing 14s before "herf" (gap=15500ms)
[w3:gh:pro] Turnstile token present (len=816)
[w3:gh:pro] Site Turnstile token (25278ms)
[w3:gh:pro] [api] 200 mode=pro startsWith=herf
[w3:gh:pro] [api] 200 mode=pro startsWith=herf (605ms direct)
[w3:gh:pro] "herf" → 0 records, 0 words
[w3:gh:pro] "herf" branch complete
[w3:gh:pro] Saved 27,352 worker words
[w3:gh:pro] Searching "herg" | queue=388 | words=27352
[w3:gh:pro] Pacing 12s before "herg" (gap=15500ms)
[w3:gh:pro] heartbeat words=27352 queue=388 rotation=5 idle=7s
[w3:gh:pro] Site Turnstile remint timed out (26922ms)
[w3:gh:pro] Turnstile mint hard timeout after 28000ms
[w3:gh:pro] Turnstile token present (len=816)
[w3:gh:pro] Site Turnstile token (34345ms)
[w3:gh:pro] heartbeat words=27352 queue=388 rotation=5 idle=9s
[w3:gh:pro] Site Turnstile remint timed out (23883ms)
[w3:gh:pro] Managed Turnstile token (len=816, 11164ms, remount)
[w3:gh:pro] [api] 200 mode=pro startsWith=herg
[w3:gh:pro] [api] 200 mode=pro startsWith=herg (531ms direct)
[w3:gh:pro] "herg" → 0 records, 0 words
[w3:gh:pro] "herg" branch complete
[w3:gh:pro] Saved 27,352 worker words
[w3:gh:pro] Searching "herh" | queue=387 | words=27352
[w3:gh:pro] Pacing 15s before "herh" (gap=15500ms)
[w3:gh:pro] Site Turnstile remint timed out (22565ms)
[w3:gh:pro] Managed Turnstile token (len=816, 4450ms, remount)
[w3:gh:pro] [api] 200 mode=pro startsWith=herh
[w3:gh:pro] [api] 200 mode=pro startsWith=herh (673ms direct)
[w3:gh:pro] "herh" → 0 records, 0 words
[w3:gh:pro] "herh" branch complete
[w3:gh:pro] Saved 27,352 worker words
[w3:gh:pro] Searching "heri" | queue=386 | words=27352
[w3:gh:pro] Pacing 15s before "heri" (gap=15500ms)
[w3:gh:pro] Managed Turnstile token (len=816, 4362ms, reset)
[w3:gh:pro] heartbeat words=27352 queue=386 rotation=5 idle=7s
[w3:gh:pro] [api] 200 mode=pro startsWith=heri
[w3:gh:pro] [api] 200 mode=pro startsWith=heri (632ms direct)
[w3:gh:pro] "heri" → 25 records, 25 words
[w3:gh:pro] "heri" branch complete
[w3:gh:pro] Saved 27,377 worker words; shared last.txt now 284,619
[w3:gh:pro] Searching "herj" | queue=385 | words=27377
[w3:gh:pro] Turnstile token present (len=816)
[w3:gh:pro] Site Turnstile token (26371ms)
[w3:gh:pro] [api] 200 mode=pro startsWith=herj
[w3:gh:pro] [api] 200 mode=pro startsWith=herj (669ms direct)
[w3:gh:pro] "herj" → 0 records, 0 words
[w3:gh:pro] "herj" branch complete
[w3:gh:pro] Saved 27,377 worker words
[w3:gh:pro] Searching "herk" | queue=384 | words=27377
[w3:gh:pro] Pacing 14s before "herk" (gap=15500ms)
[w3:gh:pro] heartbeat words=27377 queue=384 rotation=5 idle=27s
[w3:gh:pro] Turnstile mint hard timeout after 28000ms
[w3:gh:pro] Site Turnstile remint timed out (28970ms)
[w3:gh:pro] Site Turnstile remint timed out (23692ms)
[w3:gh:pro] Site Turnstile remint timed out (26235ms)
[w3:gh:pro] heartbeat words=27377 queue=384 rotation=5 idle=10s
[w3:gh:pro] Site Turnstile remint timed out (26177ms)
[w3:gh:pro] Turnstile mint hard timeout after 28000ms
[w3:gh:pro] Site Turnstile remint timed out (32563ms)
[w3:gh:pro] Failed "herk" attempt 1: No Turnstile token for direct search
[w3:gh:pro] Saved 27,377 worker words
[w3:gh:pro] Turnstile miss — soft reload before rotate
[w3:gh:pro] heartbeat words=27377 queue=385 rotation=5 idle=6s
[w3:gh:pro] Turnstile mint hard timeout after 15000ms
[w3:gh:pro] Soft reload mint failed — rotating immediately
[w3:gh:pro] Site Turnstile remint timed out (21964ms)
[w3:gh:pro] Tor exited code=0
[w3:gh:pro] Starting Tor gen=7 socks=127.0.0.1:19053 (try 1)
[w3:gh:pro] tor: Aug 05 09:49:48.575 [warn] Fixing permissions on directory /tmp/lll-tor-w3
[w3:gh:pro] tor: Aug 05 09:49:48.000 [notice] Bootstrapped 0% (starting): Starting
[w3:gh:pro] tor: Aug 05 09:49:49.000 [notice] Bootstrapped 5% (conn): Connecting to a relay
[w3:gh:pro] tor: Aug 05 09:49:49.000 [notice] Bootstrapped 10% (conn_done): Connected to a relay
[w3:gh:pro] tor: Aug 05 09:49:50.000 [notice] Bootstrapped 14% (handshake): Handshaking with a relay
[w3:gh:pro] tor: Aug 05 09:49:50.000 [notice] Bootstrapped 15% (handshake_done): Handshake with a relay done
Aug 05 09:49:50.000 [notice] Bootstrapped 20% (onehop_create): Estab
[w3:gh:pro] tor: Aug 05 09:49:51.000 [notice] Bootstrapped 25% (requesting_status): Asking for networkstatus consensus
[w3:gh:pro] tor: Aug 05 09:49:51.000 [notice] Bootstrapped 30% (loading_status): Loading networkstatus consensus
[w3:gh:pro] tor: Aug 05 09:49:53.000 [notice] Bootstrapped 40% (loading_keys): Loading authority key certs
[w3:gh:pro] tor: Aug 05 09:49:53.000 [notice] Bootstrapped 45% (requesting_descriptors): Asking for relay descriptors
Aug 05 09:49:53.000 [notice] I learned some more directory 
[w3:gh:pro] tor: Aug 05 09:49:53.000 [notice] Bootstrapped 50% (loading_descriptors): Loading relay descriptors
[w3:gh:pro] tor: Aug 05 09:50:02.000 [notice] Bootstrapped 55% (loading_descriptors): Loading relay descriptors
[w3:gh:pro] tor: Aug 05 09:50:03.000 [notice] Bootstrapped 61% (loading_descriptors): Loading relay descriptors
[w3:gh:pro] tor: Aug 05 09:50:03.000 [notice] Bootstrapped 67% (loading_descriptors): Loading relay descriptors
[w3:gh:pro] tor: Aug 05 09:50:03.000 [notice] Bootstrapped 75% (enough_dirinfo): Loaded enough directory info to build circuits
[w3:gh:pro] tor: Aug 05 09:50:03.000 [notice] Bootstrapped 90% (ap_handshake_done): Handshake finished with a relay to build circuits
Aug 05 09:50:03.000 [notice] Bootstrapped 9
[w3:gh:pro] tor: Aug 05 09:50:04.000 [notice] Bootstrapped 100% (done): Done
[w3:gh:pro] Tor ready on 19053 exit=45.66.35.42
[w3:gh:pro] Rotating IP (#6, try 1) after No Turnstile token for direct search → tor#7 socks5://127.0.0.1:19053
[w3:gh:pro] Launching persistent Chrome profile /tmp/lll-pw-w3-r6
[w3:gh:pro] Proxy tor#7 socks5://127.0.0.1:19053
[w3:gh:pro] Opening https://lastletterlibrary.com
[w3:gh:pro] Library mode=pro
[w3:gh:pro] heartbeat words=27377 queue=385 rotation=6 idle=6s
[w3:gh:pro] Managed Turnstile token (len=816, 17756ms, remount)
[w3:gh:pro] Search mode=direct (skip UI Wait Ns… gate)
[w3:gh:pro] Cleaned 1 old rotated profile(s)
[w3:gh:pro] Browser exit IP=45.13.225.78 (unique)
[w3:gh:pro] Searching "herk" | queue=384 | words=27377
[w3:gh:pro] [api] 200 mode=pro startsWith=herk
[w3:gh:pro] [api] 200 mode=pro startsWith=herk (555ms direct)
[w3:gh:pro] "herk" → 2 records, 2 words
[w3:gh:pro] "herk" branch complete
[w3:gh:pro] Saved 27,379 worker words
[w3:gh:pro] Searching "herl" | queue=383 | words=27379
[w3:gh:pro] Pacing 6s before "herl" (gap=15500ms)
[w3:gh:pro] Managed Turnstile token (len=816, 18475ms, reset)
[w3:gh:pro] [api] 200 mode=pro startsWith=herl
[w3:gh:pro] [api] 200 mode=pro startsWith=herl (542ms direct)
[w3:gh:pro] "herl" → 4 records, 4 words (incl. exact "herl")
[w3:gh:pro] "herl" branch complete
[w3:gh:pro] Saved 27,383 worker words
[w3:gh:pro] Searching "herm" | queue=382 | words=27383
[w3:gh:pro] Pacing 3s before "herm" (gap=15500ms)
[w3:gh:pro] heartbeat words=27383 queue=382 rotation=6 idle=10s
[w3:gh:pro] Turnstile token present (len=816)
[w3:gh:pro] Site Turnstile token (25322ms)
[w3:gh:pro] [api] 200 mode=pro startsWith=herm
[w3:gh:pro] [api] 200 mode=pro startsWith=herm (534ms direct)
[w3:gh:pro] "herm" → 80 records, 80 words (incl. exact "herm")
[w3:gh:pro] "herm" branch complete
[w3:gh:pro] Saved 27,463 worker words
[w3:gh:pro] Searching "hern" | queue=381 | words=27463
[w3:gh:pro] Pacing 9s before "hern" (gap=15500ms)
[w3:gh:pro] Turnstile mint hard timeout after 28000ms
[w3:gh:pro] heartbeat words=27463 queue=381 rotation=6 idle=26s
[w3:gh:pro] Turnstile mint hard timeout after 28000ms
[w3:gh:pro] Site Turnstile remint timed out (32259ms)
[w3:gh:pro] Managed Turnstile token (len=816, 21482ms, remount)
[w3:gh:pro] [api] 200 mode=pro startsWith=hern
[w3:gh:pro] [api] 200 mode=pro startsWith=hern (565ms direct)
[w3:gh:pro] "hern" → 37 records, 37 words (incl. exact "hern")
[w3:gh:pro] "hern" branch complete
[w3:gh:pro] Saved 27,500 worker words
[w3:gh:pro] Searching "hero" | queue=380 | words=27500
[w3:gh:pro] Pacing 15s before "hero" (gap=15500ms)
[w3:gh:pro] Managed Turnstile token (len=816, 6654ms, reset)
[w3:gh:pro] [api] 200 mode=pro startsWith=hero
[w3:gh:pro] [api] 200 mode=pro startsWith=hero (462ms direct)
[w3:gh:pro] "hero" → 83 records, 83 words (incl. exact "hero")
[w3:gh:pro] "hero" branch complete
[w3:gh:pro] Saved 27,583 worker words
[w3:gh:pro] Searching "herp" | queue=379 | words=27583
[w3:gh:pro] Pacing 15s before "herp" (gap=15500ms)
[w3:gh:pro] Managed Turnstile token (len=816, 4725ms, reset)
[w3:gh:pro] [api] 200 mode=pro startsWith=herp
[w3:gh:pro] [api] 200 mode=pro startsWith=herp (427ms direct)
[w3:gh:pro] "herp" → 40 records, 40 words (incl. exact "herp")
[w3:gh:pro] "herp" branch complete
[w3:gh:pro] Saved 27,623 worker words; shared last.txt now 285,857
[w3:gh:pro] Searching "herq" | queue=378 | words=27623
[w3:gh:pro] Pacing 15s before "herq" (gap=15500ms)
[w3:gh:pro] heartbeat words=27623 queue=378 rotation=6 idle=3s
[w3:gh:pro] Managed Turnstile token (len=816, 10383ms, reset)
[w3:gh:pro] [api] 200 mode=pro startsWith=herq
[w3:gh:pro] [api] 200 mode=pro startsWith=herq (1299ms direct)
[w3:gh:pro] "herq" → 1 records, 1 words
[w3:gh:pro] "herq" branch complete
[w3:gh:pro] Saved 27,624 worker words
[w3:gh:pro] Searching "herr" | queue=377 | words=27624
[w3:gh:pro] Pacing 9s before "herr" (gap=15500ms)
[w3:gh:pro] Turnstile mint hard timeout after 28000ms
[w3:gh:pro] Turnstile token present (len=816)
[w3:gh:pro] Site Turnstile token (38861ms)
[w3:gh:pro] heartbeat words=27624 queue=377 rotation=6 idle=5s
[w3:gh:pro] Turnstile mint hard timeout after 28000ms
[w3:gh:pro] Site Turnstile remint timed out (39053ms)
[w3:gh:pro] Turnstile mint hard timeout after 28000ms
[w3:gh:pro] Site Turnstile remint timed out (30771ms)
[w3:gh:pro] heartbeat words=27624 queue=377 rotation=6 idle=15s
[w3:gh:pro] Turnstile mint hard timeout after 28000ms
[w3:gh:pro] Failed "herr" attempt 1: No Turnstile token for direct search
[w3:gh:pro] Saved 27,624 worker words
[w3:gh:pro] Turnstile miss — soft reload before rotate
[w3:gh:pro] Site Turnstile remint timed out (40472ms)
[w3:gh:pro] Site Turnstile remint timed out (263902ms)
[w3:gh:pro] Turnstile mint hard timeout after 15000ms
[w3:gh:pro] Soft reload mint failed — rotating immediately
[w3:gh:pro] Site Turnstile remint timed out (16020ms)
[w3:gh:pro] Tor exited code=0
[w3:gh:pro] Starting Tor gen=8 socks=127.0.0.1:19053 (try 1)
[w3:gh:pro] tor: Aug 05 09:56:01.931 [warn] Fixing permissions on directory /tmp/lll-tor-w3
[w3:gh:pro] tor: Aug 05 09:56:02.000 [notice] Bootstrapped 0% (starting): Starting
[w3:gh:pro] tor: Aug 05 09:56:03.000 [notice] Bootstrapped 5% (conn): Connecting to a relay
[w3:gh:pro] tor: Aug 05 09:56:03.000 [notice] Bootstrapped 10% (conn_done): Connected to a relay
[w3:gh:pro] tor: Aug 05 09:56:04.000 [notice] Bootstrapped 14% (handshake): Handshaking with a relay
[w3:gh:pro] tor: Aug 05 09:56:04.000 [notice] Bootstrapped 15% (handshake_done): Handshake with a relay done
Aug 05 09:56:04.000 [notice] Bootstrapped 20% (onehop_create): Estab
[w3:gh:pro] tor: Aug 05 09:56:04.000 [notice] Bootstrapped 25% (requesting_status): Asking for networkstatus consensus
[w3:gh:pro] tor: Aug 05 09:56:04.000 [notice] Bootstrapped 30% (loading_status): Loading networkstatus consensus
[w3:gh:pro] tor: Aug 05 09:56:05.000 [notice] Bootstrapped 40% (loading_keys): Loading authority key certs
[w3:gh:pro] tor: Aug 05 09:56:05.000 [notice] Bootstrapped 45% (requesting_descriptors): Asking for relay descriptors
Aug 05 09:56:05.000 [notice] I learned some more directory 
[w3:gh:pro] tor: Aug 05 09:56:06.000 [notice] Bootstrapped 50% (loading_descriptors): Loading relay descriptors
[w3:gh:pro] tor: Aug 05 09:56:13.000 [notice] Bootstrapped 55% (loading_descriptors): Loading relay descriptors
[w3:gh:pro] tor: Aug 05 09:56:15.000 [notice] Bootstrapped 61% (loading_descriptors): Loading relay descriptors
[w3:gh:pro] tor: Aug 05 09:56:15.000 [notice] Bootstrapped 67% (loading_descriptors): Loading relay descriptors
[w3:gh:pro] tor: Aug 05 09:56:15.000 [notice] Bootstrapped 75% (enough_dirinfo): Loaded enough directory info to build circuits
[w3:gh:pro] tor: Aug 05 09:56:16.000 [notice] Bootstrapped 90% (ap_handshake_done): Handshake finished with a relay to build circuits
Aug 05 09:56:16.000 [notice] Bootstrapped 9
[w3:gh:pro] tor: Aug 05 09:56:16.000 [notice] Bootstrapped 100% (done): Done
[w3:gh:pro] Tor ready on 19053 exit=185.220.101.30
[w3:gh:pro] Rotating IP (#7, try 1) after No Turnstile token for direct search → tor#8 socks5://127.0.0.1:19053
[w3:gh:pro] Launching persistent Chrome profile /tmp/lll-pw-w3-r7
[w3:gh:pro] Proxy tor#8 socks5://127.0.0.1:19053
[w3:gh:pro] Opening https://lastletterlibrary.com
[w3:gh:pro] heartbeat words=27624 queue=378 rotation=7 idle=1s
[w3:gh:pro] Library mode=pro
[w3:gh:pro] Site Turnstile remint timed out (24742ms)
[w3:gh:pro] Search mode=direct (skip UI Wait Ns… gate)
[w3:gh:pro] Cleaned 1 old rotated profile(s)
[w3:gh:pro] Browser exit IP=147.90.235.20 (unique)
[w3:gh:pro] Searching "herr" | queue=377 | words=27624
[w3:gh:pro] Managed Turnstile token (len=816, 13203ms, remount)
[w3:gh:pro] [api] 200 mode=pro startsWith=herr
[w3:gh:pro] [api] 200 mode=pro startsWith=herr (621ms direct)
[w3:gh:pro] "herr" → 25 records, 25 words (incl. exact "herr")
[w3:gh:pro] "herr" branch complete
[w3:gh:pro] Saved 27,649 worker words
[w3:gh:pro] Searching "hers" | queue=376 | words=27649
[w3:gh:pro] Pacing 13s before "hers" (gap=15500ms)
[w3:gh:pro] heartbeat words=27649 queue=376 rotation=7 idle=9s
[w3:gh:pro] Managed Turnstile token (len=816, 17617ms, reset)
[w3:gh:pro] [api] 200 mode=pro startsWith=hers
[w3:gh:pro] [api] 200 mode=pro startsWith=hers (605ms direct)
[w3:gh:pro] "hers" → 16 records, 16 words (incl. exact "hers")
[w3:gh:pro] "hers" branch complete
[w3:gh:pro] Saved 27,665 worker words
[w3:gh:pro] Searching "hert" | queue=375 | words=27665
[w3:gh:pro] Pacing 13s before "hert" (gap=15500ms)
[w3:gh:pro] Site Turnstile remint timed out (25299ms)
[w3:gh:pro] heartbeat words=27665 queue=375 rotation=7 idle=26s
[w3:gh:pro] Site Turnstile remint timed out (27866ms)
[w3:gh:pro] Turnstile mint hard timeout after 28000ms
[w3:gh:pro] Site Turnstile remint timed out (31704ms)
[w3:gh:pro] Site Turnstile remint timed out (26296ms)
[w3:gh:pro] Failed "hert" attempt 1: No Turnstile token for direct search
[w3:gh:pro] Saved 27,665 worker words
[w3:gh:pro] Turnstile miss — soft reload before rotate
[w3:gh:pro] heartbeat words=27665 queue=376 rotation=7 idle=1s
[w3:gh:pro] Turnstile token present (len=816)
[w3:gh:pro] Site Turnstile token (10903ms)
[w3:gh:pro] Searching "hert" | queue=375 | words=27665
[w3:gh:pro] [api] 200 mode=pro startsWith=hert
[w3:gh:pro] [api] 200 mode=pro startsWith=hert (785ms direct)
[w3:gh:pro] "hert" → 7 records, 7 words (incl. exact "hert")
[w3:gh:pro] "hert" branch complete
[w3:gh:pro] Saved 27,672 worker words
[w3:gh:pro] Searching "heru" | queue=374 | words=27672
[w3:gh:pro] Pacing 15s before "heru" (gap=15500ms)
[w3:gh:pro] Managed Turnstile token (len=816, 5855ms, remount)
[w3:gh:pro] [api] 200 mode=pro startsWith=heru
[w3:gh:pro] [api] 200 mode=pro startsWith=heru (808ms direct)
[w3:gh:pro] "heru" → 2 records, 2 words
[w3:gh:pro] "heru" branch complete
[w3:gh:pro] Saved 27,674 worker words
[w3:gh:pro] Searching "herv" | queue=373 | words=27674
[w3:gh:pro] Pacing 15s before "herv" (gap=15500ms)
[w3:gh:pro] Managed Turnstile token (len=816, 5173ms, reset)
[w3:gh:pro] [api] 200 mode=pro startsWith=herv
[w3:gh:pro] [api] 200 mode=pro startsWith=herv (657ms direct)
[w3:gh:pro] "herv" → 2 records, 2 words
[w3:gh:pro] "herv" branch complete
[w3:gh:pro] Saved 27,676 worker words; shared last.txt now 286,621
[w3:gh:pro] Searching "herw" | queue=372 | words=27676
[w3:gh:pro] Pacing 9s before "herw" (gap=15500ms)
[w3:gh:pro] Managed Turnstile token (len=816, 8800ms, reset)
[w3:gh:pro] heartbeat words=27676 queue=372 rotation=7 idle=0s
[w3:gh:pro] [api] 429 mode=pro startsWith=herw
[w3:gh:pro] [api] 429 mode=pro startsWith=herw (560ms direct)
[w3:gh:pro] Learned server gap ≈ 15500ms (wait hint 2000ms)
[w3:gh:pro] Rate limited — inline wait 2000ms then retry "herw"
[w3:gh:pro] Managed Turnstile token (len=816, 9458ms, reset)
[w3:gh:pro] [api] 200 mode=pro startsWith=herw
[w3:gh:pro] [api] 200 mode=pro startsWith=herw (1378ms direct)
[w3:gh:pro] "herw" → 0 records, 0 words
[w3:gh:pro] "herw" branch complete
[w3:gh:pro] Saved 27,676 worker words
[w3:gh:pro] Searching "herx" | queue=371 | words=27676
[w3:gh:pro] Pacing 14s before "herx" (gap=15500ms)
[w3:gh:pro] Managed Turnstile token (len=816, 10344ms, reset)
[w3:gh:pro] [api] 200 mode=pro startsWith=herx
[w3:gh:pro] [api] 200 mode=pro startsWith=herx (996ms direct)
[w3:gh:pro] "herx" → 0 records, 0 words
[w3:gh:pro] "herx" branch complete
[w3:gh:pro] Saved 27,676 worker words
[w3:gh:pro] Searching "hery" | queue=370 | words=27676
[w3:gh:pro] Pacing 11s before "hery" (gap=15500ms)
[w3:gh:pro] Managed Turnstile token (len=816, 14491ms, reset)
[w3:gh:pro] [api] 200 mode=pro startsWith=hery
[w3:gh:pro] [api] 200 mode=pro startsWith=hery (702ms direct)
[w3:gh:pro] "hery" → 5 records, 5 words (incl. exact "hery")
[w3:gh:pro] "hery" branch complete
[w3:gh:pro] Saved 27,681 worker words
[w3:gh:pro] Searching "herz" | queue=369 | words=27681
[w3:gh:pro] Pacing 13s before "herz" (gap=15500ms)
[w3:gh:pro] heartbeat words=27681 queue=369 rotation=7 idle=8s
[w3:gh:pro] Managed Turnstile token (len=816, 15003ms, reset)
[w3:gh:pro] [api] 200 mode=pro startsWith=herz
[w3:gh:pro] [api] 200 mode=pro startsWith=herz (589ms direct)
[w3:gh:pro] "herz" → 4 records, 4 words
[w3:gh:pro] "herz" branch complete
[w3:gh:pro] Saved 27,685 worker words
[w3:gh:pro] Searching "hete" | queue=368 | words=27685
[w3:gh:pro] Pacing 15s before "hete" (gap=15500ms)
[w3:gh:pro] Managed Turnstile token (len=816, 12469ms, reset)
[w3:gh:pro] [api] 200 mode=pro startsWith=hete
[w3:gh:pro] [api] 200 mode=pro startsWith=hete (588ms direct)
[w3:gh:pro] "hete" → 100 records, 100 words (incl. exact "hete")
[w3:gh:pro] Pacing 15s before "hete" (gap=15500ms)
[w3:gh:pro] Managed Turnstile token (len=816, 14398ms, remount)
[w3:gh:pro] [api] 200 mode=pro startsWith=hete
[w3:gh:pro] [api] 200 mode=pro startsWith=hete sort=alphabetical:desc (625ms direct)
[w3:gh:pro] "hete" full page ends at "heteroconjugate" (next='r'); skip 19 covered groups → 9 children reverse Z→A ends at "heterosome" (lo='r' hi='s'); skip 0 middle + 100 new words
[w3:gh:pro] Saved 27,816 worker words
[w3:gh:pro] Searching "hetf" | queue=376 | words=27816
[w3:gh:pro] Pacing 14s before "hetf" (gap=15500ms)
[w3:gh:pro] heartbeat words=27816 queue=376 rotation=7 idle=22s
[w3:gh:pro] Turnstile token present (len=816)
[w3:gh:pro] Site Turnstile token (22937ms)
[w3:gh:pro] [api] 200 mode=pro startsWith=hetf
[w3:gh:pro] [api] 200 mode=pro startsWith=hetf (645ms direct)
[w3:gh:pro] "hetf" → 0 records, 0 words
[w3:gh:pro] "hetf" branch complete
[w3:gh:pro] Saved 27,816 worker words
[w3:gh:pro] Searching "hetg" | queue=375 | words=27816
[w3:gh:pro] Pacing 15s before "hetg" (gap=15500ms)
[w3:gh:pro] Managed Turnstile token (len=816, 17518ms, remount)
[w3:gh:pro] [api] 200 mode=pro startsWith=hetg
[w3:gh:pro] [api] 200 mode=pro startsWith=hetg (636ms direct)
[w3:gh:pro] "hetg" → 0 records, 0 words
[w3:gh:pro] "hetg" branch complete
[w3:gh:pro] Saved 27,816 worker words
[w3:gh:pro] Searching "heth" | queue=374 | words=27816
[w3:gh:pro] Pacing 15s before "heth" (gap=15500ms)
[w3:gh:pro] Turnstile token present (len=816)
[w3:gh:pro] Site Turnstile token (23808ms)
[w3:gh:pro] [api] 200 mode=pro startsWith=heth
[w3:gh:pro] [api] 200 mode=pro startsWith=heth (580ms direct)
[w3:gh:pro] "heth" → 6 records, 6 words (incl. exact "heth")
[w3:gh:pro] "heth" branch complete
[w3:gh:pro] Saved 27,822 worker words; shared last.txt now 287,515
[w3:gh:pro] Searching "heti" | queue=373 | words=27822
[w3:gh:pro] Pacing 13s before "heti" (gap=15500ms)
[w3:gh:pro] heartbeat words=27822 queue=373 rotation=7 idle=13s
[w3:gh:pro] Turnstile mint hard timeout after 28000ms
[w3:gh:pro] Turnstile token present (len=816)
[w3:gh:pro] Site Turnstile token (31423ms)
[w3:gh:pro] Turnstile mint hard timeout after 28000ms
[w3:gh:pro] Turnstile token present (len=816)
[w3:gh:pro] Site Turnstile token (30835ms)
[w3:gh:pro] heartbeat words=27822 queue=373 rotation=7 idle=16s
[w3:gh:pro] Turnstile token present (len=816)
[w3:gh:pro] Site Turnstile token (27369ms)
[w3:gh:pro] [api] 200 mode=pro startsWith=heti
[w3:gh:pro] [api] 200 mode=pro startsWith=heti (609ms direct)
[w3:gh:pro] "heti" → 1 records, 1 words
[w3:gh:pro] "heti" branch complete
[w3:gh:pro] Saved 27,823 worker words
[w3:gh:pro] Searching "hetj" | queue=372 | words=27823
[w3:gh:pro] Pacing 10s before "hetj" (gap=15500ms)
[w3:gh:pro] Turnstile mint hard timeout after 28000ms
[w3:gh:pro] Managed Turnstile token (len=816, 19948ms, remount)
[w3:gh:pro] heartbeat words=27823 queue=372 rotation=7 idle=1s
[w3:gh:pro] [api] 200 mode=pro startsWith=hetj
[w3:gh:pro] [api] 200 mode=pro startsWith=hetj (588ms direct)
[w3:gh:pro] "hetj" → 0 records, 0 words
[w3:gh:pro] "hetj" branch complete
[w3:gh:pro] Saved 27,823 worker words
[w3:gh:pro] Searching "hetk" | queue=371 | words=27823
[w3:gh:pro] Pacing 10s before "hetk" (gap=15500ms)
[w3:gh:pro] Managed Turnstile token (len=816, 20251ms, reset)
[w3:gh:pro] [api] 200 mode=pro startsWith=hetk
[w3:gh:pro] [api] 200 mode=pro startsWith=hetk (587ms direct)
[w3:gh:pro] "hetk" → 0 records, 0 words
[w3:gh:pro] "hetk" branch complete
[w3:gh:pro] Saved 27,823 worker words
[w3:gh:pro] Searching "hetl" | queue=370 | words=27823
[w3:gh:pro] Pacing 14s before "hetl" (gap=15500ms)
[w3:gh:pro] Managed Turnstile token (len=816, 11991ms, reset)
[w3:gh:pro] [api] 200 mode=pro startsWith=hetl
[w3:gh:pro] [api] 200 mode=pro startsWith=hetl (599ms direct)
[w3:gh:pro] "hetl" → 0 records, 0 words
[w3:gh:pro] "hetl" branch complete
[w3:gh:pro] Saved 27,823 worker words
[w3:gh:pro] Searching "hetm" | queue=369 | words=27823
[w3:gh:pro] Pacing 14s before "hetm" (gap=15500ms)
[w3:gh:pro] Managed Turnstile token (len=816, 14020ms, reset)
[w3:gh:pro] [api] 200 mode=pro startsWith=hetm
[w3:gh:pro] [api] 200 mode=pro startsWith=hetm (649ms direct)
[w3:gh:pro] "hetm" → 7 records, 7 words
[w3:gh:pro] "hetm" branch complete
[w3:gh:pro] Saved 27,830 worker words
[w3:gh:pro] Searching "hetn" | queue=368 | words=27830
[w3:gh:pro] Pacing 15s before "hetn" (gap=15500ms)
[w3:gh:pro] heartbeat words=27830 queue=368 rotation=7 idle=5s
[w3:gh:pro] Site Turnstile remint timed out (27555ms)
[w3:gh:pro] Site Turnstile remint timed out (27394ms)
[w3:gh:pro] heartbeat words=27830 queue=368 rotation=7 idle=11s
[w3:gh:pro] Turnstile mint hard timeout after 28000ms
[w3:gh:pro] Site Turnstile remint timed out (29488ms)
[w3:gh:pro] Turnstile token present (len=816)
[w3:gh:pro] Site Turnstile token (19901ms)
[w3:gh:pro] [api] 200 mode=pro startsWith=hetn
[w3:gh:pro] [api] 200 mode=pro startsWith=hetn (729ms direct)
[w3:gh:pro] "hetn" → 0 records, 0 words
[w3:gh:pro] "hetn" branch complete
[w3:gh:pro] Saved 27,830 worker words
[w3:gh:pro] Searching "heto" | queue=367 | words=27830
[w3:gh:pro] Pacing 11s before "heto" (gap=15500ms)
[w3:gh:pro] Managed Turnstile token (len=816, 14334ms, remount)
[w3:gh:pro] [api] 200 mode=pro startsWith=heto
[w3:gh:pro] [api] 200 mode=pro startsWith=heto (668ms direct)
[w3:gh:pro] "heto" → 0 records, 0 words
[w3:gh:pro] "heto" branch complete
[w3:gh:pro] Saved 27,830 worker words
[w3:gh:pro] Searching "hetp" | queue=366 | words=27830
[w3:gh:pro] Pacing 15s before "hetp" (gap=15500ms)
[w3:gh:pro] heartbeat words=27830 queue=366 rotation=7 idle=4s
[w3:gh:pro] Turnstile token present (len=837)
[w3:gh:pro] Site Turnstile token (20163ms)
[w3:gh:pro] [api] 200 mode=pro startsWith=hetp
[w3:gh:pro] [api] 200 mode=pro startsWith=hetp (597ms direct)
[w3:gh:pro] "hetp" → 0 records, 0 words
[w3:gh:pro] "hetp" branch complete
[w3:gh:pro] Saved 27,830 worker words; shared last.txt now 288,510
[w3:gh:pro] Searching "hetq" | queue=365 | words=27830
[w3:gh:pro] Pacing 15s before "hetq" (gap=15500ms)
[w3:gh:pro] Managed Turnstile token (len=816, 8537ms, remount)
[w3:gh:pro] [api] 200 mode=pro startsWith=hetq
[w3:gh:pro] [api] 200 mode=pro startsWith=hetq (602ms direct)
[w3:gh:pro] "hetq" → 0 records, 0 words
[w3:gh:pro] "hetq" branch complete
[w3:gh:pro] Saved 27,830 worker words
[w3:gh:pro] Searching "hetr" | queue=364 | words=27830
[w3:gh:pro] Pacing 10s before "hetr" (gap=15500ms)
[w3:gh:pro] heartbeat words=27830 queue=364 rotation=7 idle=22s
[w3:gh:pro] Turnstile mint hard timeout after 28000ms
[w3:gh:pro] Site Turnstile remint timed out (29019ms)
[w3:gh:pro] Site Turnstile remint timed out (26302ms)
[w3:gh:pro] Site Turnstile remint timed out (27666ms)
[w3:gh:pro] heartbeat words=27830 queue=364 rotation=7 idle=3s
[w3:gh:pro] Turnstile mint hard timeout after 28000ms
[w3:gh:pro] Failed "hetr" attempt 1: No Turnstile token for direct search
[w3:gh:pro] Saved 27,830 worker words
[w3:gh:pro] Turnstile miss — soft reload before rotate
[w3:gh:pro] Site Turnstile remint timed out (386358ms)
[w3:gh:pro] Site Turnstile remint timed out (40284ms)
[w3:gh:pro] Turnstile token present (len=816)
[w3:gh:pro] Site Turnstile token (8690ms)
[w3:gh:pro] Searching "hetr" | queue=364 | words=27830
[w3:gh:pro] [api] 200 mode=pro startsWith=hetr
[w3:gh:pro] [api] 200 mode=pro startsWith=hetr (682ms direct)
[w3:gh:pro] "hetr" → 0 records, 0 words
[w3:gh:pro] "hetr" branch complete
[w3:gh:pro] Saved 27,830 worker words
[w3:gh:pro] Searching "hets" | queue=363 | words=27830
[w3:gh:pro] Pacing 15s before "hets" (gap=15500ms)
[w3:gh:pro] heartbeat words=27830 queue=363 rotation=7 idle=16s
[w3:gh:pro] Turnstile token present (len=837)
[w3:gh:pro] Site Turnstile token (20531ms)
[w3:gh:pro] [api] 200 mode=pro startsWith=hets
[w3:gh:pro] [api] 200 mode=pro startsWith=hets (747ms direct)
[w3:gh:pro] "hets" → 1 records, 1 words (incl. exact "hets")
[w3:gh:pro] "hets" branch complete
[w3:gh:pro] Saved 27,831 worker words
[w3:gh:pro] Searching "hett" | queue=362 | words=27831
[w3:gh:pro] Pacing 15s before "hett" (gap=15500ms)
[w3:gh:pro] Managed Turnstile token (len=816, 5238ms, remount)
[w3:gh:pro] [api] 200 mode=pro startsWith=hett
[w3:gh:pro] [api] 200 mode=pro startsWith=hett (627ms direct)
[w3:gh:pro] "hett" → 5 records, 5 words
[w3:gh:pro] "hett" branch complete
[w3:gh:pro] Saved 27,836 worker words
[w3:gh:pro] Searching "hetu" | queue=361 | words=27836
[w3:gh:pro] Pacing 15s before "hetu" (gap=15500ms)
[w3:gh:pro] Managed Turnstile token (len=816, 12567ms, reset)
[w3:gh:pro] [api] 200 mode=pro startsWith=hetu
[w3:gh:pro] [api] 200 mode=pro startsWith=hetu (617ms direct)
[w3:gh:pro] "hetu" → 0 records, 0 words
[w3:gh:pro] "hetu" branch complete
[w3:gh:pro] Saved 27,836 worker words
[w3:gh:pro] Searching "hetv" | queue=360 | words=27836
[w3:gh:pro] Pacing 15s before "hetv" (gap=15500ms)
[w3:gh:pro] Managed Turnstile token (len=816, 17696ms, reset)
[w3:gh:pro] [api] 200 mode=pro startsWith=hetv
[w3:gh:pro] [api] 200 mode=pro startsWith=hetv (596ms direct)
[w3:gh:pro] "hetv" → 0 records, 0 words
[w3:gh:pro] "hetv" branch complete
[w3:gh:pro] Saved 27,836 worker words
[w3:gh:pro] Searching "hetw" | queue=359 | words=27836
[w3:gh:pro] Pacing 15s before "hetw" (gap=15500ms)
[w3:gh:pro] heartbeat words=27836 queue=359 rotation=7 idle=5s
[w3:gh:pro] Managed Turnstile token (len=816, 12982ms, reset)
[w3:gh:pro] [api] 200 mode=pro startsWith=hetw
[w3:gh:pro] [api] 200 mode=pro startsWith=hetw (585ms direct)
[w3:gh:pro] "hetw" → 0 records, 0 words
[w3:gh:pro] "hetw" branch complete
[w3:gh:pro] Saved 27,836 worker words; shared last.txt now 289,377
[w3:gh:pro] Searching "hetx" | queue=358 | words=27836
[w3:gh:pro] Pacing 5s before "hetx" (gap=15500ms)
[w3:gh:pro] Turnstile token present (len=816)
[w3:gh:pro] Site Turnstile token (23226ms)
[w3:gh:pro] [api] 200 mode=pro startsWith=hetx
[w3:gh:pro] [api] 200 mode=pro startsWith=hetx (670ms direct)
[w3:gh:pro] "hetx" → 0 records, 0 words
[w3:gh:pro] "hetx" branch complete
[w3:gh:pro] Saved 27,836 worker words
[w3:gh:pro] Searching "hety" | queue=357 | words=27836
[w3:gh:pro] Pacing 14s before "hety" (gap=15500ms)
[w3:gh:pro] heartbeat words=27836 queue=357 rotation=7 idle=24s
[w3:gh:pro] Site Turnstile remint timed out (24415ms)
[w3:gh:pro] Site Turnstile remint timed out (26840ms)
[w3:gh:pro] Turnstile token present (len=816)
[w3:gh:pro] Site Turnstile token (23510ms)
[w3:gh:pro] [api] 200 mode=pro startsWith=hety
[w3:gh:pro] [api] 200 mode=pro startsWith=hety (757ms direct)
[w3:gh:pro] "hety" → 0 records, 0 words
[w3:gh:pro] "hety" branch complete
[w3:gh:pro] Saved 27,836 worker words
[w3:gh:pro] Searching "hetz" | queue=356 | words=27836
[w3:gh:pro] Pacing 15s before "hetz" (gap=15500ms)
[w3:gh:pro] heartbeat words=27836 queue=356 rotation=7 idle=8s
[w3:gh:pro] Managed Turnstile token (len=816, 15622ms, remount)
[w3:gh:pro] [api] 200 mode=pro startsWith=hetz
[w3:gh:pro] [api] 200 mode=pro startsWith=hetz (867ms direct)
[w3:gh:pro] "hetz" → 0 records, 0 words
[w3:gh:pro] "hetz" branch complete
[w3:gh:pro] Saved 27,836 worker words
[w3:gh:pro] Searching "hexa" | queue=355 | words=27836
[w3:gh:pro] Pacing 12s before "hexa" (gap=15500ms)
[w3:gh:pro] Turnstile token present (len=816)
[w3:gh:pro] Site Turnstile token (25207ms)
[w3:gh:pro] [api] 200 mode=pro startsWith=hexa
[w3:gh:pro] [api] 200 mode=pro startsWith=hexa (807ms direct)
[w3:gh:pro] "hexa" → 100 records, 100 words (incl. exact "hexa")
[w3:gh:pro] Pacing 14s before "hexa" (gap=15500ms)
[w3:gh:pro] Turnstile token present (len=816)
[w3:gh:pro] Site Turnstile token (20910ms)
[w3:gh:pro] [api] 200 mode=pro startsWith=hexa
[w3:gh:pro] [api] 200 mode=pro startsWith=hexa sort=alphabetical:desc (659ms direct)
[w3:gh:pro] "hexa" full page ends at "hexafluoride" (next='f'); skip 17 covered groups → 11 children reverse Z→A ends at "hexaminolevulinates" (lo='m' hi='x'); skip 10 middle + 65 new words
[w3:gh:pro] Saved 27,902 worker words
[w3:gh:pro] Searching "hexy" | queue=365 | words=27902
[w3:gh:pro] Pacing 14s before "hexy" (gap=15500ms)
[w3:gh:pro] heartbeat words=27902 queue=365 rotation=7 idle=1s
[w3:gh:pro] Site Turnstile remint timed out (25534ms)
[w3:gh:pro] Turnstile mint hard timeout after 28000ms
[w3:gh:pro] Site Turnstile remint timed out (33739ms)
[w3:gh:pro] heartbeat words=27902 queue=365 rotation=7 idle=2s
[w3:gh:pro] Turnstile token present (len=816)
[w3:gh:pro] Site Turnstile token (25627ms)
[w3:gh:pro] [api] 200 mode=pro startsWith=hexy
[w3:gh:pro] [api] 200 mode=pro startsWith=hexy (947ms direct)
[w3:gh:pro] "hexy" → 10 records, 10 words
[w3:gh:pro] "hexy" branch complete
[w3:gh:pro] Saved 27,902 worker words
[w3:gh:pro] Searching "hexz" | queue=364 | words=27902
[w3:gh:pro] Pacing 13s before "hexz" (gap=15500ms)
[w3:gh:pro] Turnstile token present (len=816)
[w3:gh:pro] Site Turnstile token (25983ms)
[w3:gh:pro] [api] 200 mode=pro startsWith=hexz
[w3:gh:pro] [api] 200 mode=pro startsWith=hexz (806ms direct)
[w3:gh:pro] "hexz" → 0 records, 0 words
[w3:gh:pro] "hexz" branch complete
[w3:gh:pro] Saved 27,902 worker words
[w3:gh:pro] Searching "hier" | queue=363 | words=27902
[w3:gh:pro] Pacing 10s before "hier" (gap=15500ms)
[w3:gh:pro] heartbeat words=27902 queue=363 rotation=7 idle=8s
[w3:gh:pro] Managed Turnstile token (len=816, 13423ms, remount)
[w3:gh:pro] [api] 200 mode=pro startsWith=hier
[w3:gh:pro] [api] 200 mode=pro startsWith=hier (557ms direct)
[w3:gh:pro] "hier" → 100 records, 100 words
[w3:gh:pro] Pacing 15s before "hier" (gap=15500ms)
[w3:gh:pro] Site Turnstile remint timed out (22566ms)
[w3:gh:pro] Turnstile mint hard timeout after 28000ms
[w3:gh:pro] Site Turnstile remint timed out (32386ms)
[w3:gh:pro] heartbeat words=27902 queue=363 rotation=7 idle=1s
[w3:gh:pro] Turnstile mint hard timeout after 28000ms
[w3:gh:pro] Site Turnstile remint timed out (30761ms)
[w3:gh:pro] Turnstile mint hard timeout after 28000ms
[w3:gh:pro] Turnstile token present (len=816)
[w3:gh:pro] Site Turnstile token (30343ms)
[w3:gh:pro] "hier" reverse search failed (No Turnstile token for direct search); forward-only
[w3:gh:pro] "hier" full page ends at "hieromonk" (next='o'); skip 16 covered groups → 12 children from hiero..
[w3:gh:pro] Saved 27,902 worker words
[w3:gh:pro] Searching "hies" | queue=374 | words=27902
[w3:gh:pro] heartbeat words=27902 queue=374 rotation=7 idle=6s
[w3:gh:pro] Turnstile mint hard timeout after 28000ms
[w3:gh:pro] Turnstile token present (len=816)
[w3:gh:pro] Site Turnstile token (29387ms)
[w3:gh:pro] Turnstile mint hard timeout after 28000ms
[w3:gh:pro] heartbeat words=27902 queue=374 rotation=7 idle=9s
[w3:gh:pro] Turnstile mint hard timeout after 28000ms
[w3:gh:pro] Site Turnstile remint timed out (28862ms)
[w3:gh:pro] Managed Turnstile token (len=816, 16222ms, remount)
[w3:gh:pro] [api] 200 mode=pro startsWith=hies
[w3:gh:pro] [api] 200 mode=pro startsWith=hies (698ms direct)
[w3:gh:pro] "hies" → 1 records, 1 words (incl. exact "hies")
[w3:gh:pro] "hies" branch complete
[w3:gh:pro] Saved 27,902 worker words; shared last.txt now 291,442
[w3:gh:pro] Searching "hiet" | queue=373 | words=27902
[w3:gh:pro] Pacing 8s before "hiet" (gap=15500ms)
[w3:gh:pro] Managed Turnstile token (len=816, 14258ms, reset)
[w3:gh:pro] [api] 200 mode=pro startsWith=hiet
[w3:gh:pro] [api] 200 mode=pro startsWith=hiet (870ms direct)
[w3:gh:pro] "hiet" → 0 records, 0 words
[w3:gh:pro] "hiet" branch complete
[w3:gh:pro] Saved 27,902 worker words
[w3:gh:pro] Searching "hieu" | queue=372 | words=27902
[w3:gh:pro] Pacing 14s before "hieu" (gap=15500ms)
[w3:gh:pro] heartbeat words=27902 queue=372 rotation=7 idle=7s
[w3:gh:pro] Turnstile mint hard timeout after 28000ms
[w3:gh:pro] Turnstile token present (len=816)
[w3:gh:pro] Site Turnstile token (31788ms)
[w3:gh:pro] Turnstile mint hard timeout after 28000ms
[w3:gh:pro] heartbeat words=27902 queue=372 rotation=7 idle=10s
[w3:gh:pro] Turnstile mint hard timeout after 28000ms
[w3:gh:pro] Site Turnstile remint timed out (26098ms)
[w3:gh:pro] Failed "hieu" attempt 1: No Turnstile token for direct search
[w3:gh:pro] Saved 27,902 worker words
[w3:gh:pro] Turnstile miss — soft reload before rotate
[w3:gh:pro] Site Turnstile remint timed out (209956ms)
[w3:gh:pro] Site Turnstile remint timed out (63841ms)
[w3:gh:pro] Site Turnstile remint timed out (92562ms)
[w3:gh:pro] Turnstile token present (len=816)
[w3:gh:pro] Site Turnstile token (8653ms)
[w3:gh:pro] Searching "hieu" | queue=372 | words=27902
[w3:gh:pro] [api] 200 mode=pro startsWith=hieu
[w3:gh:pro] [api] 200 mode=pro startsWith=hieu (682ms direct)
[w3:gh:pro] "hieu" → 0 records, 0 words
[w3:gh:pro] "hieu" branch complete
[w3:gh:pro] Saved 27,902 worker words
[w3:gh:pro] Searching "hiev" | queue=371 | words=27902
[w3:gh:pro] Pacing 15s before "hiev" (gap=15500ms)
[w3:gh:pro] heartbeat words=27902 queue=371 rotation=7 idle=1s
[w3:gh:pro] Managed Turnstile token (len=816, 7694ms, remount)
[w3:gh:pro] [api] 200 mode=pro startsWith=hiev
[w3:gh:pro] [api] 200 mode=pro startsWith=hiev (576ms direct)
[w3:gh:pro] "hiev" → 0 records, 0 words
[w3:gh:pro] "hiev" branch complete
[w3:gh:pro] Saved 27,902 worker words
[w3:gh:pro] Searching "hiew" | queue=370 | words=27902
[w3:gh:pro] Pacing 15s before "hiew" (gap=15500ms)
[w3:gh:pro] Managed Turnstile token (len=816, 7222ms, reset)
[w3:gh:pro] [api] 200 mode=pro startsWith=hiew
[w3:gh:pro] [api] 200 mode=pro startsWith=hiew (762ms direct)
[w3:gh:pro] "hiew" → 0 records, 0 words
[w3:gh:pro] "hiew" branch complete
[w3:gh:pro] Saved 27,902 worker words
[w3:gh:pro] Searching "hiex" | queue=369 | words=27902
[w3:gh:pro] Pacing 14s before "hiex" (gap=15500ms)
[w3:gh:pro] Managed Turnstile token (len=816, 11779ms, reset)
[w3:gh:pro] [api] 200 mode=pro startsWith=hiex
[w3:gh:pro] [api] 200 mode=pro startsWith=hiex (694ms direct)
[w3:gh:pro] "hiex" → 0 records, 0 words
[w3:gh:pro] "hiex" branch complete
[w3:gh:pro] Saved 27,902 worker words
[w3:gh:pro] Searching "hiey" | queue=368 | words=27902
[w3:gh:pro] Pacing 15s before "hiey" (gap=15500ms)
[w3:gh:pro] Managed Turnstile token (len=816, 7049ms, reset)
[w3:gh:pro] heartbeat words=27902 queue=368 rotation=7 idle=8s
[w3:gh:pro] [api] 200 mode=pro startsWith=hiey
[w3:gh:pro] [api] 200 mode=pro startsWith=hiey (590ms direct)
[w3:gh:pro] "hiey" → 0 records, 0 words
[w3:gh:pro] "hiey" branch complete
[w3:gh:pro] Saved 27,902 worker words
[w3:gh:pro] Searching "hiez" | queue=367 | words=27902
[w3:gh:pro] Pacing 14s before "hiez" (gap=15500ms)
[w3:gh:pro] Managed Turnstile token (len=816, 11806ms, reset)
[w3:gh:pro] [api] 200 mode=pro startsWith=hiez
[w3:gh:pro] [api] 200 mode=pro startsWith=hiez (669ms direct)
[w3:gh:pro] "hiez" → 0 records, 0 words
[w3:gh:pro] "hiez" branch complete
[w3:gh:pro] Turnstile mint hard timeout after 28000ms
[w3:gh:pro] Saved 27,902 worker words; shared last.txt now 292,505
[w3:gh:pro] Searching "high" | queue=366 | words=27902
[w3:gh:pro] Site Turnstile remint timed out (40323ms)
[w3:gh:pro] heartbeat words=27902 queue=366 rotation=7 idle=2s
[w3:gh:pro] Turnstile mint hard timeout after 28000ms
[w3:gh:pro] Site Turnstile remint timed out (28286ms)
[w3:gh:pro] Turnstile mint hard timeout after 28000ms
[w3:gh:pro] Site Turnstile remint timed out (29944ms)
[w3:gh:pro] heartbeat words=27902 queue=366 rotation=7 idle=13s
[w3:gh:pro] Site Turnstile remint timed out (27485ms)
[w3:gh:pro] Site Turnstile remint timed out (26228ms)
[w3:gh:pro] Failed "high" attempt 1: No Turnstile token for direct search
[w3:gh:pro] Saved 27,902 worker words
[w3:gh:pro] Turnstile miss — soft reload before rotate
[w3:gh:pro] Site Turnstile remint timed out (11876ms)
[w3:gh:pro] Soft reload mint failed — rotating immediately
[w3:gh:pro] heartbeat words=27902 queue=367 rotation=8 idle=6s
[w3:gh:pro] Tor exited code=0
[w3:gh:pro] Starting Tor gen=9 socks=127.0.0.1:19053 (try 1)
[w3:gh:pro] tor: Aug 05 10:27:30.251 [notice] Opening Socks listener on 127.0.0.1:19053
Aug 05 10:27:30.251 [notice] Opened Socks listener connection (ready) on 127.0.0.1:19053

[w3:gh:pro] tor: Aug 05 10:27:34.000 [notice] Bootstrapped 0% (starting): Starting
[w3:gh:pro] tor: Aug 05 10:27:35.000 [notice] Bootstrapped 5% (conn): Connecting to a relay
Aug 05 10:27:35.000 [notice] Bootstrapped 10% (conn_done): Connected to a relay
[w3:gh:pro] tor: Aug 05 10:27:35.000 [notice] Bootstrapped 14% (handshake): Handshaking with a relay
[w3:gh:pro] tor: Aug 05 10:27:35.000 [notice] Bootstrapped 15% (handshake_done): Handshake with a relay done
Aug 05 10:27:35.000 [notice] Bootstrapped 20% (onehop_create): Estab
[w3:gh:pro] tor: Aug 05 10:27:36.000 [notice] Bootstrapped 25% (requesting_status): Asking for networkstatus consensus
[w3:gh:pro] tor: Aug 05 10:27:36.000 [notice] Bootstrapped 30% (loading_status): Loading networkstatus consensus
[w3:gh:pro] tor: Aug 05 10:27:37.000 [notice] Bootstrapped 40% (loading_keys): Loading authority key certs
[w3:gh:pro] tor: Aug 05 10:27:38.000 [notice] Bootstrapped 45% (requesting_descriptors): Asking for relay descriptors
Aug 05 10:27:38.000 [notice] I learned some more directory 
[w3:gh:pro] tor: Aug 05 10:27:40.000 [notice] Bootstrapped 50% (loading_descriptors): Loading relay descriptors
[w3:gh:pro] tor: Aug 05 10:27:47.000 [notice] Bootstrapped 55% (loading_descriptors): Loading relay descriptors
[w3:gh:pro] tor: Aug 05 10:27:48.000 [notice] Bootstrapped 61% (loading_descriptors): Loading relay descriptors
[w3:gh:pro] tor: Aug 05 10:27:48.000 [notice] Bootstrapped 67% (loading_descriptors): Loading relay descriptors
[w3:gh:pro] tor: Aug 05 10:27:48.000 [notice] Bootstrapped 75% (enough_dirinfo): Loaded enough directory info to build circuits
[w3:gh:pro] tor: Aug 05 10:27:48.000 [notice] Bootstrapped 90% (ap_handshake_done): Handshake finished with a relay to build circuits
Aug 05 10:27:48.000 [notice] Bootstrapped 9
[w3:gh:pro] tor: Aug 05 10:27:49.000 [notice] Bootstrapped 100% (done): Done
[w3:gh:pro] Tor ready on 19053 exit=185.220.101.15
[w3:gh:pro] Rotating IP (#8, try 1) after No Turnstile token for direct search → tor#9 socks5://127.0.0.1:19053
[w3:gh:pro] Launching persistent Chrome profile /tmp/lll-pw-w3-r8
[w3:gh:pro] Proxy tor#9 socks5://127.0.0.1:19053
[w3:gh:pro] Opening https://lastletterlibrary.com
[w3:gh:pro] Library mode=pro
[w3:gh:pro] heartbeat words=27902 queue=367 rotation=8 idle=24s
[w3:gh:pro] Site Turnstile remint timed out (27011ms)
[w3:gh:pro] Search mode=direct (skip UI Wait Ns… gate)
[w3:gh:pro] Cleaned 1 old rotated profile(s)
[w3:gh:pro] Browser exit IP=185.220.101.30 (unique)
[w3:gh:pro] Searching "high" | queue=366 | words=27902
[w3:gh:pro] Turnstile token present (len=816)
[w3:gh:pro] Site Turnstile token (24048ms)
[w3:gh:pro] [api] 200 mode=pro startsWith=high
[w3:gh:pro] [api] 200 mode=pro startsWith=high (847ms direct)
[w3:gh:pro] "high" → 100 records, 100 words (incl. exact "high")
[w3:gh:pro] Pacing 14s before "high" (gap=15500ms)
[w3:gh:pro] Site Turnstile remint timed out (23470ms)
[w3:gh:pro] heartbeat words=27919 queue=366 rotation=8 idle=8s
[w3:gh:pro] Site Turnstile remint timed out (26352ms)
[w3:gh:pro] Site Turnstile remint timed out (26604ms)
[w3:gh:pro] heartbeat words=27919 queue=366 rotation=8 idle=16s
[w3:gh:pro] Turnstile mint hard timeout after 28000ms
[w3:gh:pro] "high" reverse search failed (No Turnstile token for direct search); forward-only
[w3:gh:pro] "high" full page ends at "higher" (next='e'); skip 6 covered groups → 22 children from highe..
[w3:gh:pro] Saved 27,919 worker words
[w3:gh:pro] Searching "higi" | queue=387 | words=27919
[w3:gh:pro] Site Turnstile remint timed out (31644ms)
[w3:gh:pro] Site Turnstile remint timed out (24561ms)
[w3:gh:pro] heartbeat words=27919 queue=387 rotation=8 idle=22s
[w3:gh:pro] Site Turnstile remint timed out (22496ms)
[w3:gh:pro] Site Turnstile remint timed out (22892ms)
[w3:gh:pro] Site Turnstile remint timed out (23853ms)
[w3:gh:pro] Failed "higi" attempt 1: No Turnstile token for direct search
[w3:gh:pro] Saved 27,919 worker words
[w3:gh:pro] Turnstile miss — soft reload before rotate
[w3:gh:pro] heartbeat words=27919 queue=388 rotation=8 idle=12s
[w3:gh:pro] Turnstile mint hard timeout after 15000ms
[w3:gh:pro] Soft reload mint failed — rotating immediately
[w3:gh:pro] Site Turnstile remint timed out (17364ms)
[w3:gh:pro] Starting Tor gen=10 socks=127.0.0.1:19053 (try 1)
[w3:gh:pro] tor: Aug 05 10:32:39.646 [warn] Fixing permissions on directory /tmp/lll-tor-w3
[w3:gh:pro] Tor exited code=0
[w3:gh:pro] tor: Aug 05 10:32:42.000 [notice] Bootstrapped 0% (starting): Starting
Aug 05 10:32:42.000 [notice] Starting with guard context "default"
[w3:gh:pro] tor: Aug 05 10:32:43.000 [notice] Bootstrapped 5% (conn): Connecting to a relay
[w3:gh:pro] tor: Aug 05 10:32:43.000 [notice] Bootstrapped 10% (conn_done): Connected to a relay
[w3:gh:pro] tor: Aug 05 10:32:48.000 [notice] Bootstrapped 14% (handshake): Handshaking with a relay
[w3:gh:pro] tor: Aug 05 10:32:48.000 [notice] Bootstrapped 15% (handshake_done): Handshake with a relay done
Aug 05 10:32:48.000 [notice] Bootstrapped 20% (onehop_create): Estab
[w3:gh:pro] tor: Aug 05 10:32:48.000 [notice] Bootstrapped 25% (requesting_status): Asking for networkstatus consensus
[w3:gh:pro] tor: Aug 05 10:32:48.000 [notice] Bootstrapped 30% (loading_status): Loading networkstatus consensus
[w3:gh:pro] tor: Aug 05 10:32:51.000 [notice] Bootstrapped 40% (loading_keys): Loading authority key certs
[w3:gh:pro] tor: Aug 05 10:32:52.000 [notice] Bootstrapped 45% (requesting_descriptors): Asking for relay descriptors
Aug 05 10:32:52.000 [notice] I learned some more directory 
[w3:gh:pro] tor: Aug 05 10:32:54.000 [notice] Bootstrapped 50% (loading_descriptors): Loading relay descriptors
[w3:gh:pro] heartbeat words=27919 queue=388 rotation=9 idle=31s
[w3:gh:pro] tor: Aug 05 10:34:12.000 [notice] Bootstrapped 55% (loading_descriptors): Loading relay descriptors
[w3:gh:pro] heartbeat words=27919 queue=388 rotation=9 idle=13s
[w3:gh:pro] tor: Aug 05 10:34:25.000 [notice] Bootstrapped 61% (loading_descriptors): Loading relay descriptors
[w3:gh:pro] tor: Aug 05 10:34:28.000 [notice] Bootstrapped 67% (loading_descriptors): Loading relay descriptors
[w3:gh:pro] tor: Aug 05 10:34:30.000 [notice] Bootstrapped 75% (enough_dirinfo): Loaded enough directory info to build circuits
[w3:gh:pro] tor: Aug 05 10:34:31.000 [notice] Bootstrapped 90% (ap_handshake_done): Handshake finished with a relay to build circuits
Aug 05 10:34:31.000 [notice] Bootstrapped 9
[w3:gh:pro] tor: Aug 05 10:34:37.000 [notice] Bootstrapped 100% (done): Done
[w3:gh:pro] Tor ready on 19053 exit=192.42.116.103
[w3:gh:pro] Rotating IP (#9, try 1) after No Turnstile token for direct search → tor#10 socks5://127.0.0.1:19053
[w3:gh:pro] Launching persistent Chrome profile /tmp/lll-pw-w3-r9
[w3:gh:pro] Proxy tor#10 socks5://127.0.0.1:19053
[w3:gh:pro] Opening https://lastletterlibrary.com
[w3:gh:pro] Library mode=pro
[w3:gh:pro] Managed Turnstile token (len=816, 11193ms, remount)
[w3:gh:pro] Search mode=direct (skip UI Wait Ns… gate)
[w3:gh:pro] Cleaned 1 old rotated profile(s)
[w3:gh:pro] Browser exit IP=192.42.116.103 (unique)
[w3:gh:pro] Searching "higi" | queue=387 | words=27919
[w3:gh:pro] heartbeat words=27919 queue=387 rotation=9 idle=0s
[w3:gh:pro] [api] 200 mode=pro startsWith=higi
[w3:gh:pro] [api] 200 mode=pro startsWith=higi (646ms direct)
[w3:gh:pro] "higi" → 0 records, 0 words
[w3:gh:pro] "higi" branch complete
[w3:gh:pro] Saved 27,919 worker words
[w3:gh:pro] Searching "higj" | queue=386 | words=27919
[w3:gh:pro] Pacing 14s before "higj" (gap=15500ms)
[w3:gh:pro] Managed Turnstile token (len=816, 10955ms, reset)
[w3:gh:pro] [api] 200 mode=pro startsWith=higj
[w3:gh:pro] [api] 200 mode=pro startsWith=higj (1046ms direct)
[w3:gh:pro] "higj" → 0 records, 0 words
[w3:gh:pro] "higj" branch complete
[w3:gh:pro] Saved 27,919 worker words
[w3:gh:pro] Searching "higk" | queue=385 | words=27919
[w3:gh:pro] Pacing 14s before "higk" (gap=15500ms)
[w3:gh:pro] Managed Turnstile token (len=816, 5070ms, reset)
[w3:gh:pro] [api] 200 mode=pro startsWith=higk
[w3:gh:pro] [api] 200 mode=pro startsWith=higk (672ms direct)
[w3:gh:pro] "higk" → 0 records, 0 words
[w3:gh:pro] "higk" branch complete
[w3:gh:pro] Saved 27,919 worker words
[w3:gh:pro] Searching "higl" | queue=384 | words=27919
[w3:gh:pro] Pacing 15s before "higl" (gap=15500ms)
[w3:gh:pro] Managed Turnstile token (len=816, 4472ms, reset)
[w3:gh:pro] [api] 200 mode=pro startsWith=higl
[w3:gh:pro] [api] 200 mode=pro startsWith=higl (651ms direct)
[w3:gh:pro] "higl" → 0 records, 0 words
[w3:gh:pro] "higl" branch complete
[w3:gh:pro] Saved 27,919 worker words
[w3:gh:pro] Searching "higm" | queue=383 | words=27919
[w3:gh:pro] Pacing 14s before "higm" (gap=15500ms)
[w3:gh:pro] heartbeat words=27919 queue=383 rotation=9 idle=11s
[w3:gh:pro] Site Turnstile remint timed out (27600ms)
[w3:gh:pro] Turnstile token present (len=816)
[w3:gh:pro] Site Turnstile token (24241ms)
[w3:gh:pro] [api] 200 mode=pro startsWith=higm
[w3:gh:pro] [api] 200 mode=pro startsWith=higm (681ms direct)
[w3:gh:pro] "higm" → 0 records, 0 words
[w3:gh:pro] "higm" branch complete
[w3:gh:pro] heartbeat words=27919 queue=383 rotation=9 idle=23s
[w3:gh:pro] Saved 27,919 worker words; shared last.txt now 295,240
[w3:gh:pro] Searching "hign" | queue=382 | words=27919
[w3:gh:pro] Turnstile mint hard timeout after 28000ms
[w3:gh:pro] Site Turnstile remint timed out (46447ms)
[w3:gh:pro] Turnstile token present (len=816)
[w3:gh:pro] Site Turnstile token (22768ms)
[w3:gh:pro] [api] 200 mode=pro startsWith=hign
[w3:gh:pro] [api] 200 mode=pro startsWith=hign (724ms direct)
[w3:gh:pro] "hign" → 0 records, 0 words
[w3:gh:pro] "hign" branch complete
[w3:gh:pro] Saved 27,919 worker words
[w3:gh:pro] Searching "higo" | queue=381 | words=27919
[w3:gh:pro] Pacing 15s before "higo" (gap=15500ms)
[w3:gh:pro] Managed Turnstile token (len=816, 17402ms, remount)
[w3:gh:pro] [api] 200 mode=pro startsWith=higo
[w3:gh:pro] [api] 200 mode=pro startsWith=higo (757ms direct)
[w3:gh:pro] "higo" → 0 records, 0 words
[w3:gh:pro] "higo" branch complete
[w3:gh:pro] Saved 27,919 worker words
[w3:gh:pro] Searching "higp" | queue=380 | words=27919
[w3:gh:pro] Pacing 13s before "higp" (gap=15500ms)
[w3:gh:pro] heartbeat words=27919 queue=380 rotation=9 idle=11s
[w3:gh:pro] Managed Turnstile token (len=816, 17417ms, reset)
[w3:gh:pro] [api] 200 mode=pro startsWith=higp
[w3:gh:pro] [api] 200 mode=pro startsWith=higp (821ms direct)
[w3:gh:pro] "higp" → 0 records, 0 words
[w3:gh:pro] "higp" branch complete
[w3:gh:pro] Saved 27,919 worker words
[w3:gh:pro] Searching "higq" | queue=379 | words=27919
[w3:gh:pro] Pacing 14s before "higq" (gap=15500ms)
[w3:gh:pro] Turnstile token present (len=816)
[w3:gh:pro] Site Turnstile token (20297ms)
[w3:gh:pro] [api] 200 mode=pro startsWith=higq
[w3:gh:pro] [api] 200 mode=pro startsWith=higq (867ms direct)
[w3:gh:pro] "higq" → 0 records, 0 words
[w3:gh:pro] "higq" branch complete
[w3:gh:pro] Saved 27,919 worker words
[w3:gh:pro] Searching "higr" | queue=378 | words=27919
[w3:gh:pro] Pacing 14s before "higr" (gap=15500ms)
[w3:gh:pro] Site Turnstile remint timed out (27649ms)
[w3:gh:pro] heartbeat words=27919 queue=378 rotation=9 idle=3s
[w3:gh:pro] Turnstile token present (len=816)
[w3:gh:pro] Site Turnstile token (26142ms)
[w3:gh:pro] [api] 200 mode=pro startsWith=higr
[w3:gh:pro] [api] 200 mode=pro startsWith=higr (498ms direct)
[w3:gh:pro] "higr" → 1 records, 1 words
[w3:gh:pro] "higr" branch complete
[w3:gh:pro] Saved 27,920 worker words
[w3:gh:pro] Searching "higs" | queue=377 | words=27920
[w3:gh:pro] Pacing 15s before "higs" (gap=15500ms)
[w3:gh:pro] Site Turnstile remint timed out (24334ms)
[w3:gh:pro] heartbeat words=27920 queue=377 rotation=9 idle=12s
[w3:gh:pro] Managed Turnstile token (len=816, 11866ms, remount)
[w3:gh:pro] [api] 200 mode=pro startsWith=higs
[w3:gh:pro] [api] 200 mode=pro startsWith=higs (602ms direct)
[w3:gh:pro] "higs" → 0 records, 0 words
[w3:gh:pro] "higs" branch complete
[w3:gh:pro] Saved 27,920 worker words
[w3:gh:pro] Searching "higt" | queue=376 | words=27920
[w3:gh:pro] Pacing 14s before "higt" (gap=15500ms)
[w3:gh:pro] Managed Turnstile token (len=816, 15692ms, reset)
[w3:gh:pro] [api] 200 mode=pro startsWith=higt
[w3:gh:pro] [api] 200 mode=pro startsWith=higt (564ms direct)
[w3:gh:pro] "higt" → 0 records, 0 words
[w3:gh:pro] "higt" branch complete
[w3:gh:pro] Saved 27,920 worker words
[w3:gh:pro] Searching "higu" | queue=375 | words=27920
[w3:gh:pro] Pacing 15s before "higu" (gap=15500ms)
[w3:gh:pro] Managed Turnstile token (len=816, 8503ms, reset)
[w3:gh:pro] [api] 200 mode=pro startsWith=higu
[w3:gh:pro] [api] 200 mode=pro startsWith=higu (627ms direct)
[w3:gh:pro] "higu" → 1 records, 1 words
[w3:gh:pro] "higu" branch complete
[w3:gh:pro] Saved 27,921 worker words; shared last.txt now 295,793
[w3:gh:pro] Searching "higv" | queue=374 | words=27921
[w3:gh:pro] Pacing 15s before "higv" (gap=15500ms)
[w3:gh:pro] Managed Turnstile token (len=816, 4311ms, reset)
[w3:gh:pro] [api] 200 mode=pro startsWith=higv
[w3:gh:pro] [api] 200 mode=pro startsWith=higv (642ms direct)
[w3:gh:pro] "higv" → 0 records, 0 words
[w3:gh:pro] "higv" branch complete
[w3:gh:pro] Saved 27,921 worker words
[w3:gh:pro] Searching "higw" | queue=373 | words=27921
[w3:gh:pro] Pacing 14s before "higw" (gap=15500ms)
[w3:gh:pro] Managed Turnstile token (len=816, 7345ms, reset)
[w3:gh:pro] heartbeat words=27921 queue=373 rotation=9 idle=3s
[w3:gh:pro] [api] 200 mode=pro startsWith=higw
[w3:gh:pro] [api] 200 mode=pro startsWith=higw (987ms direct)
[w3:gh:pro] "higw" → 0 records, 0 words
[w3:gh:pro] "higw" branch complete
[w3:gh:pro] Saved 27,921 worker words
[w3:gh:pro] Searching "higx" | queue=372 | words=27921
[w3:gh:pro] Pacing 11s before "higx" (gap=15500ms)
[w3:gh:pro] Turnstile mint hard timeout after 28000ms
[w3:gh:pro] Turnstile token present (len=816)
[w3:gh:pro] Site Turnstile token (31439ms)
[w3:gh:pro] Managed Turnstile token (len=816, 20324ms, remount)
[w3:gh:pro] [api] 200 mode=pro startsWith=higx
[w3:gh:pro] [api] 200 mode=pro startsWith=higx (2153ms direct)
[w3:gh:pro] "higx" → 0 records, 0 words
[w3:gh:pro] "higx" branch complete
[w3:gh:pro] heartbeat words=27921 queue=372 rotation=9 idle=2s
[w3:gh:pro] Saved 27,921 worker words
[w3:gh:pro] Searching "higy" | queue=371 | words=27921
[w3:gh:pro] Pacing 10s before "higy" (gap=15500ms)
[w3:gh:pro] Turnstile token present (len=816)
[w3:gh:pro] Site Turnstile token (27653ms)
[w3:gh:pro] [api] 200 mode=pro startsWith=higy
[w3:gh:pro] [api] 200 mode=pro startsWith=higy (866ms direct)
[w3:gh:pro] "higy" → 0 records, 0 words
[w3:gh:pro] "higy" branch complete
[w3:gh:pro] Saved 27,921 worker words
[w3:gh:pro] Searching "higz" | queue=370 | words=27921
[w3:gh:pro] Pacing 14s before "higz" (gap=15500ms)
[w3:gh:pro] Turnstile token present (len=816)
[w3:gh:pro] Site Turnstile token (27176ms)
[w3:gh:pro] [api] 200 mode=pro startsWith=higz
[w3:gh:pro] [api] 200 mode=pro startsWith=higz (702ms direct)
[w3:gh:pro] "higz" → 0 records, 0 words
[w3:gh:pro] "higz" branch complete
[w3:gh:pro] Saved 27,921 worker words
[w3:gh:pro] Searching "hilu" | queue=369 | words=27921
[w3:gh:pro] Pacing 14s before "hilu" (gap=15500ms)
[w3:gh:pro] heartbeat words=27921 queue=369 rotation=9 idle=4s
[w3:gh:pro] Managed Turnstile token (len=816, 11098ms, remount)
[w3:gh:pro] [api] 200 mode=pro startsWith=hilu
[w3:gh:pro] [api] 200 mode=pro startsWith=hilu (616ms direct)
[w3:gh:pro] "hilu" → 2 records, 2 words
[w3:gh:pro] "hilu" branch complete
[w3:gh:pro] Saved 27,921 worker words
[w3:gh:pro] Searching "hilv" | queue=368 | words=27921
[w3:gh:pro] Pacing 14s before "hilv" (gap=15500ms)
[w3:gh:pro] Turnstile mint hard timeout after 28000ms
[w3:gh:pro] Site Turnstile remint timed out (29886ms)
[w3:gh:pro] heartbeat words=27921 queue=368 rotation=9 idle=19s
[w3:gh:pro] Managed Turnstile token (len=816, 24388ms, remount)
[w3:gh:pro] [api] 200 mode=pro startsWith=hilv
[w3:gh:pro] [api] 200 mode=pro startsWith=hilv (1684ms direct)
[w3:gh:pro] "hilv" → 0 records, 0 words
[w3:gh:pro] "hilv" branch complete
[w3:gh:pro] Saved 27,921 worker words
[w3:gh:pro] Searching "hilw" | queue=367 | words=27921
[w3:gh:pro] Pacing 12s before "hilw" (gap=15500ms)
[w3:gh:pro] Managed Turnstile token (len=816, 14311ms, reset)
[w3:gh:pro] [api] 200 mode=pro startsWith=hilw
[w3:gh:pro] [api] 200 mode=pro startsWith=hilw (483ms direct)
[w3:gh:pro] "hilw" → 0 records, 0 words
[w3:gh:pro] "hilw" branch complete
[w3:gh:pro] Saved 27,921 worker words; shared last.txt now 296,303
[w3:gh:pro] Searching "hilx" | queue=366 | words=27921
[w3:gh:pro] Pacing 4s before "hilx" (gap=15500ms)
[w3:gh:pro] Managed Turnstile token (len=816, 16104ms, reset)
[w3:gh:pro] [api] 200 mode=pro startsWith=hilx
[w3:gh:pro] [api] 200 mode=pro startsWith=hilx (728ms direct)
[w3:gh:pro] "hilx" → 0 records, 0 words
[w3:gh:pro] "hilx" branch complete
[w3:gh:pro] Saved 27,921 worker words
[w3:gh:pro] Searching "hily" | queue=365 | words=27921
[w3:gh:pro] Pacing 12s before "hily" (gap=15500ms)
[w3:gh:pro] heartbeat words=27921 queue=365 rotation=9 idle=17s
[w3:gh:pro] Turnstile mint hard timeout after 28000ms
[w3:gh:pro] Site Turnstile remint timed out (28243ms)
[w3:gh:pro] Managed Turnstile token (len=816, 6577ms, remount)
[w3:gh:pro] [api] 200 mode=pro startsWith=hily
[w3:gh:pro] [api] 200 mode=pro startsWith=hily (530ms direct)
[w3:gh:pro] "hily" → 0 records, 0 words
[w3:gh:pro] "hily" branch complete
[w3:gh:pro] Saved 27,921 worker words
[w3:gh:pro] Searching "hilz" | queue=364 | words=27921
[w3:gh:pro] Pacing 15s before "hilz" (gap=15500ms)
[w3:gh:pro] Managed Turnstile token (len=816, 6593ms, reset)
[w3:gh:pro] [api] 200 mode=pro startsWith=hilz
[w3:gh:pro] [api] 200 mode=pro startsWith=hilz (709ms direct)
[w3:gh:pro] "hilz" → 0 records, 0 words
[w3:gh:pro] "hilz" branch complete
[w3:gh:pro] Saved 27,921 worker words
[w3:gh:pro] Searching "hint" | queue=363 | words=27921
[w3:gh:pro] Pacing 15s before "hint" (gap=15500ms)
[w3:gh:pro] Managed Turnstile token (len=816, 11212ms, reset)
[w3:gh:pro] [api] 200 mode=pro startsWith=hint
[w3:gh:pro] [api] 200 mode=pro startsWith=hint (1363ms direct)
[w3:gh:pro] "hint" → 14 records, 14 words (incl. exact "hint")
[w3:gh:pro] "hint" branch complete
[w3:gh:pro] Saved 27,921 worker words
[w3:gh:pro] Searching "hinu" | queue=362 | words=27921
[w3:gh:pro] Pacing 13s before "hinu" (gap=15500ms)
[w3:gh:pro] heartbeat words=27921 queue=362 rotation=9 idle=11s
[w3:gh:pro] Turnstile token present (len=816)
[w3:gh:pro] Site Turnstile token (22257ms)
[w3:gh:pro] [api] 200 mode=pro startsWith=hinu
[w3:gh:pro] [api] 200 mode=pro startsWith=hinu (571ms direct)
[w3:gh:pro] "hinu" → 0 records, 0 words
[w3:gh:pro] "hinu" branch complete
[w3:gh:pro] Saved 27,921 worker words
[w3:gh:pro] Searching "hinv" | queue=361 | words=27921
[w3:gh:pro] Pacing 13s before "hinv" (gap=15500ms)
[w3:gh:pro] Turnstile mint hard timeout after 28000ms
[w3:gh:pro] Site Turnstile remint timed out (31551ms)
[w3:gh:pro] heartbeat words=27921 queue=361 rotation=9 idle=18s
[w3:gh:pro] Turnstile mint hard timeout after 28000ms
[w3:gh:pro] Site Turnstile remint timed out (29200ms)
[w3:gh:pro] Turnstile mint hard timeout after 28000ms
[w3:gh:pro] Site Turnstile remint timed out (46747ms)
[w3:gh:pro] Turnstile token present (len=816)
[w3:gh:pro] Site Turnstile token (22875ms)
[w3:gh:pro] [api] 200 mode=pro startsWith=hinv
[w3:gh:pro] heartbeat words=27921 queue=361 rotation=9 idle=0s
[w3:gh:pro] [api] 200 mode=pro startsWith=hinv (468ms direct)
[w3:gh:pro] "hinv" → 0 records, 0 words
[w3:gh:pro] "hinv" branch complete
[w3:gh:pro] Saved 27,921 worker words
[w3:gh:pro] Searching "hinw" | queue=360 | words=27921
[w3:gh:pro] Pacing 13s before "hinw" (gap=15500ms)
[w3:gh:pro] Managed Turnstile token (len=816, 9581ms, remount)
[w3:gh:pro] [api] 200 mode=pro startsWith=hinw
[w3:gh:pro] [api] 200 mode=pro startsWith=hinw (468ms direct)
[w3:gh:pro] "hinw" → 0 records, 0 words
[w3:gh:pro] "hinw" branch complete
[w3:gh:pro] Saved 27,921 worker words
[w3:gh:pro] Searching "hinx" | queue=359 | words=27921
[w3:gh:pro] Pacing 16s before "hinx" (gap=15500ms)
[w3:gh:pro] Managed Turnstile token (len=816, 7158ms, reset)
[w3:gh:pro] [api] 200 mode=pro startsWith=hinx
[w3:gh:pro] [api] 200 mode=pro startsWith=hinx (475ms direct)
[w3:gh:pro] "hinx" → 0 records, 0 words
[w3:gh:pro] "hinx" branch complete
[w3:gh:pro] Saved 27,921 worker words; shared last.txt now 297,107
[w3:gh:pro] Searching "hiny" | queue=358 | words=27921
[w3:gh:pro] Pacing 15s before "hiny" (gap=15500ms)
[w3:gh:pro] Managed Turnstile token (len=816, 4888ms, reset)
[w3:gh:pro] [api] 200 mode=pro startsWith=hiny
[w3:gh:pro] [api] 200 mode=pro startsWith=hiny (519ms direct)
[w3:gh:pro] "hiny" → 0 records, 0 words
[w3:gh:pro] "hiny" branch complete
[w3:gh:pro] Saved 27,921 worker words
[w3:gh:pro] Searching "hinz" | queue=357 | words=27921
[w3:gh:pro] Pacing 14s before "hinz" (gap=15500ms)
[w3:gh:pro] Managed Turnstile token (len=816, 8073ms, reset)
[w3:gh:pro] heartbeat words=27921 queue=357 rotation=9 idle=5s
[w3:gh:pro] [api] 429 mode=pro startsWith=hinz
[w3:gh:pro] [api] 429 mode=pro startsWith=hinz (497ms direct)
[w3:gh:pro] Learned server gap ≈ 15500ms (wait hint 2000ms)
[w3:gh:pro] Rate limited — inline wait 2000ms then retry "hinz"
[w3:gh:pro] Managed Turnstile token (len=816, 5436ms, reset)
[w3:gh:pro] [api] 200 mode=pro startsWith=hinz
[w3:gh:pro] [api] 200 mode=pro startsWith=hinz (435ms direct)
[w3:gh:pro] "hinz" → 0 records, 0 words
[w3:gh:pro] "hinz" branch complete
[w3:gh:pro] Saved 27,921 worker words
[w3:gh:pro] Searching "hipp" | queue=356 | words=27921
[w3:gh:pro] Pacing 16s before "hipp" (gap=15500ms)
[w3:gh:pro] Managed Turnstile token (len=816, 4516ms, reset)
[w3:gh:pro] [api] 200 mode=pro startsWith=hipp
[w3:gh:pro] [api] 200 mode=pro startsWith=hipp (492ms direct)
[w3:gh:pro] "hipp" → 100 records, 100 words
[w3:gh:pro] Pacing 15s before "hipp" (gap=15500ms)
[w3:gh:pro] Managed Turnstile token (len=816, 5938ms, reset)
[w3:gh:pro] [api] 200 mode=pro startsWith=hipp
[w3:gh:pro] [api] 200 mode=pro startsWith=hipp sort=alphabetical:desc (649ms direct)
[w3:gh:pro] "hipp" full page ends at "hippogryph" (next='o'); skip 25 covered groups → 3 children reverse Z→A ends at "hippodamist" (lo='o' hi='y'); skip 9 middle + 0 new words
[w3:gh:pro] Saved 27,948 worker words
[w3:gh:pro] Searching "hipw" | queue=358 | words=27948
[w3:gh:pro] Pacing 12s before "hipw" (gap=15500ms)
[w3:gh:pro] heartbeat words=27948 queue=358 rotation=9 idle=18s
[w3:gh:pro] Turnstile mint hard timeout after 28000ms
[w3:gh:pro] Turnstile mint hard timeout after 28000ms
[w3:gh:pro] Site Turnstile remint timed out (29009ms)
[w3:gh:pro] heartbeat words=27948 queue=358 rotation=9 idle=22s
[w3:gh:pro] Site Turnstile remint timed out (26557ms)
[w3:gh:pro] Turnstile mint hard timeout after 28000ms
[w3:gh:pro] Failed "hipw" attempt 1: No Turnstile token for direct search
[w3:gh:pro] Saved 27,948 worker words
[w3:gh:pro] Turnstile miss — soft reload before rotate
[w3:gh:pro] Site Turnstile remint timed out (128264ms)
[w3:gh:pro] Site Turnstile remint timed out (45330ms)
[w3:gh:pro] Turnstile mint hard timeout after 15000ms
[w3:gh:pro] Soft reload mint failed — rotating immediately
[w3:gh:pro] heartbeat words=27948 queue=359 rotation=10 idle=1s
[w3:gh:pro] Site Turnstile remint timed out (16418ms)
[w3:gh:pro] Tor exited code=0
[w3:gh:pro] Starting Tor gen=11 socks=127.0.0.1:19053 (try 1)
[w3:gh:pro] tor: Aug 05 10:52:36.369 [notice] Opened Socks listener connection (ready) on 127.0.0.1:19053
Aug 05 10:52:36.369 [warn] Fixing permissions on directory /tmp/lll-tor
[w3:gh:pro] tor: Aug 05 10:52:36.000 [notice] Bootstrapped 0% (starting): Starting
[w3:gh:pro] tor: Aug 05 10:52:37.000 [notice] Bootstrapped 5% (conn): Connecting to a relay
[w3:gh:pro] tor: Aug 05 10:52:37.000 [notice] Bootstrapped 10% (conn_done): Connected to a relay
[w3:gh:pro] tor: Aug 05 10:52:38.000 [notice] Bootstrapped 14% (handshake): Handshaking with a relay
[w3:gh:pro] tor: Aug 05 10:52:44.000 [notice] Bootstrapped 15% (handshake_done): Handshake with a relay done
Aug 05 10:52:44.000 [notice] Bootstrapped 20% (onehop_create): Estab
[w3:gh:pro] tor: Aug 05 10:52:44.000 [notice] Bootstrapped 25% (requesting_status): Asking for networkstatus consensus
[w3:gh:pro] tor: Aug 05 10:52:44.000 [notice] Bootstrapped 30% (loading_status): Loading networkstatus consensus
[w3:gh:pro] tor: Aug 05 10:52:46.000 [notice] Bootstrapped 40% (loading_keys): Loading authority key certs
[w3:gh:pro] tor: Aug 05 10:52:47.000 [notice] Bootstrapped 45% (requesting_descriptors): Asking for relay descriptors
Aug 05 10:52:47.000 [notice] I learned some more directory 
[w3:gh:pro] tor: Aug 05 10:52:47.000 [notice] Bootstrapped 50% (loading_descriptors): Loading relay descriptors
[w3:gh:pro] tor: Aug 05 10:52:56.000 [notice] Bootstrapped 55% (loading_descriptors): Loading relay descriptors
[w3:gh:pro] tor: Aug 05 10:52:57.000 [notice] Bootstrapped 61% (loading_descriptors): Loading relay descriptors
[w3:gh:pro] tor: Aug 05 10:52:57.000 [notice] Bootstrapped 67% (loading_descriptors): Loading relay descriptors
[w3:gh:pro] tor: Aug 05 10:52:57.000 [notice] Bootstrapped 75% (enough_dirinfo): Loaded enough directory info to build circuits
[w3:gh:pro] tor: Aug 05 10:52:57.000 [notice] Bootstrapped 90% (ap_handshake_done): Handshake finished with a relay to build circuits
Aug 05 10:52:57.000 [notice] Bootstrapped 9
[w3:gh:pro] tor: Aug 05 10:52:58.000 [notice] Bootstrapped 100% (done): Done
[w3:gh:pro] Tor ready on 19053 exit=192.42.116.100
[w3:gh:pro] Rotating IP (#10, try 1) after No Turnstile token for direct search → tor#11 socks5://127.0.0.1:19053
[w3:gh:pro] Launching persistent Chrome profile /tmp/lll-pw-w3-r10
[w3:gh:pro] Proxy tor#11 socks5://127.0.0.1:19053
[w3:gh:pro] Opening https://lastletterlibrary.com
[w3:gh:pro] Library mode=pro
[w3:gh:pro] Managed Turnstile token (len=816, 17170ms, remount)
[w3:gh:pro] Search mode=direct (skip UI Wait Ns… gate)
[w3:gh:pro] Cleaned 1 old rotated profile(s)
[w3:gh:pro] Browser exit IP=192.42.116.46 (unique)
[w3:gh:pro] Searching "hipw" | queue=358 | words=27948
[w3:gh:pro] [api] 200 mode=pro startsWith=hipw
[w3:gh:pro] [api] 200 mode=pro startsWith=hipw (631ms direct)
[w3:gh:pro] "hipw" → 1 records, 1 words
[w3:gh:pro] "hipw" branch complete
[w3:gh:pro] Saved 27,948 worker words
[w3:gh:pro] Searching "hipx" | queue=357 | words=27948
[w3:gh:pro] Pacing 15s before "hipx" (gap=15500ms)
[w3:gh:pro] heartbeat words=27948 queue=357 rotation=10 idle=6s
[w3:gh:pro] Managed Turnstile token (len=816, 13593ms, reset)
[w3:gh:pro] [api] 200 mode=pro startsWith=hipx
[w3:gh:pro] [api] 200 mode=pro startsWith=hipx (464ms direct)
[w3:gh:pro] "hipx" → 0 records, 0 words
[w3:gh:pro] "hipx" branch complete
[w3:gh:pro] Saved 27,948 worker words
[w3:gh:pro] Searching "hipy" | queue=356 | words=27948
[w3:gh:pro] Pacing 15s before "hipy" (gap=15500ms)
[w3:gh:pro] Managed Turnstile token (len=816, 11353ms, reset)
[w3:gh:pro] [api] 200 mode=pro startsWith=hipy
[w3:gh:pro] [api] 200 mode=pro startsWith=hipy (458ms direct)
[w3:gh:pro] "hipy" → 0 records, 0 words
[w3:gh:pro] "hipy" branch complete
[w3:gh:pro] Saved 27,948 worker words
[w3:gh:pro] Searching "hipz" | queue=355 | words=27948
[w3:gh:pro] Pacing 15s before "hipz" (gap=15500ms)
[w3:gh:pro] Managed Turnstile token (len=816, 13144ms, reset)
[w3:gh:pro] [api] 200 mode=pro startsWith=hipz
[w3:gh:pro] [api] 200 mode=pro startsWith=hipz (766ms direct)
[w3:gh:pro] "hipz" → 0 records, 0 words
[w3:gh:pro] "hipz" branch complete
[w3:gh:pro] heartbeat words=27948 queue=355 rotation=10 idle=17s
[w3:gh:pro] Turnstile mint hard timeout after 28000ms
[w3:gh:pro] Saved 27,948 worker words; shared last.txt now 297,856
[w3:gh:pro] Searching "hist" | queue=354 | words=27948
[w3:gh:pro] Site Turnstile remint timed out (40241ms)
[w3:gh:pro] Managed Turnstile token (len=816, 19058ms, remount)
[w3:gh:pro] [api] 200 mode=pro startsWith=hist
[w3:gh:pro] [api] 200 mode=pro startsWith=hist (516ms direct)
[w3:gh:pro] "hist" → 100 records, 100 words (incl. exact "hist")
[w3:gh:pro] Pacing 13s before "hist" (gap=15500ms)
[w3:gh:pro] heartbeat words=28015 queue=354 rotation=10 idle=20s
[w3:gh:pro] Turnstile mint hard timeout after 28000ms
[w3:gh:pro] Site Turnstile remint timed out (30058ms)
[w3:gh:pro] Site Turnstile remint timed out (25585ms)
[w3:gh:pro] Managed Turnstile token (len=816, 17011ms, remount)
[w3:gh:pro] [api] 200 mode=pro startsWith=hist
[w3:gh:pro] [api] 200 mode=pro startsWith=hist sort=alphabetical:desc (499ms direct)
[w3:gh:pro] "hist" full page ends at "histoplasmin" (next='o'); skip 19 covered groups → 9 children reverse Z→A ends at "histoplasmosis" (lo='o' hi='s'); skip 3 middle + 0 new words
[w3:gh:pro] Saved 28,015 worker words
[w3:gh:pro] Searching "hisu" | queue=362 | words=28015
[w3:gh:pro] Pacing 15s before "hisu" (gap=15500ms)
[w3:gh:pro] Managed Turnstile token (len=816, 4766ms, reset)
[w3:gh:pro] heartbeat words=28015 queue=362 rotation=10 idle=5s
[w3:gh:pro] [api] 200 mode=pro startsWith=hisu
[w3:gh:pro] [api] 200 mode=pro startsWith=hisu (474ms direct)
[w3:gh:pro] "hisu" → 0 records, 0 words
[w3:gh:pro] "hisu" branch complete
[w3:gh:pro] Saved 28,015 worker words
[w3:gh:pro] Searching "hisv" | queue=361 | words=28015
[w3:gh:pro] Pacing 15s before "hisv" (gap=15500ms)
[w3:gh:pro] Managed Turnstile token (len=816, 5892ms, reset)
[w3:gh:pro] [api] 200 mode=pro startsWith=hisv
[w3:gh:pro] [api] 200 mode=pro startsWith=hisv (605ms direct)
[w3:gh:pro] "hisv" → 0 records, 0 words
[w3:gh:pro] "hisv" branch complete
[w3:gh:pro] Saved 28,015 worker words
[w3:gh:pro] Searching "hisw" | queue=360 | words=28015
[w3:gh:pro] Pacing 12s before "hisw" (gap=15500ms)
[w3:gh:pro] Site Turnstile remint timed out (27103ms)
[w3:gh:pro] heartbeat words=28015 queue=360 rotation=10 idle=10s
[w3:gh:pro] Site Turnstile remint timed out (27545ms)
[w3:gh:pro] Turnstile mint hard timeout after 28000ms
[w3:gh:pro] Site Turnstile remint timed out (30814ms)
[w3:gh:pro] heartbeat words=28015 queue=360 rotation=10 idle=12s
[w3:gh:pro] Turnstile mint hard timeout after 28000ms
[w3:gh:pro] Site Turnstile remint timed out (30390ms)
[w3:gh:pro] Failed "hisw" attempt 1: No Turnstile token for direct search
[w3:gh:pro] Saved 28,015 worker words
[w3:gh:pro] Turnstile miss — soft reload before rotate
[w3:gh:pro] Turnstile mint hard timeout after 15000ms
[w3:gh:pro] Soft reload mint failed — rotating immediately
[w3:gh:pro] Site Turnstile remint timed out (20466ms)
[w3:gh:pro] Tor exited code=0
[w3:gh:pro] Starting Tor gen=12 socks=127.0.0.1:19053 (try 1)
[w3:gh:pro] tor: Aug 05 10:59:28.495 [warn] Fixing permissions on directory /tmp/lll-tor-w3
[w3:gh:pro] tor: Aug 05 10:59:28.000 [notice] Bootstrapped 0% (starting): Starting
[w3:gh:pro] tor: Aug 05 10:59:29.000 [notice] Bootstrapped 5% (conn): Connecting to a relay
[w3:gh:pro] tor: Aug 05 10:59:29.000 [notice] Bootstrapped 10% (conn_done): Connected to a relay
[w3:gh:pro] heartbeat words=28015 queue=361 rotation=11 idle=5s
[w3:gh:pro] heartbeat words=28015 queue=361 rotation=11 idle=65s
[w3:gh:pro] tor: Aug 05 11:00:38.000 [notice] Bootstrapped 14% (handshake): Handshaking with a relay
[w3:gh:pro] tor: Aug 05 11:00:39.000 [notice] Bootstrapped 15% (handshake_done): Handshake with a relay done
Aug 05 11:00:39.000 [notice] Bootstrapped 20% (onehop_create): Estab
[w3:gh:pro] tor: Aug 05 11:00:39.000 [notice] Bootstrapped 25% (requesting_status): Asking for networkstatus consensus
[w3:gh:pro] tor: Aug 05 11:00:39.000 [notice] Bootstrapped 30% (loading_status): Loading networkstatus consensus
[w3:gh:pro] tor: Aug 05 11:00:40.000 [notice] Bootstrapped 40% (loading_keys): Loading authority key certs
[w3:gh:pro] tor: Aug 05 11:00:41.000 [notice] Bootstrapped 45% (requesting_descriptors): Asking for relay descriptors
Aug 05 11:00:41.000 [notice] I learned some more directory 
[w3:gh:pro] tor: Aug 05 11:00:42.000 [notice] Bootstrapped 50% (loading_descriptors): Loading relay descriptors
[w3:gh:pro] tor: Aug 05 11:00:52.000 [notice] Bootstrapped 56% (loading_descriptors): Loading relay descriptors
[w3:gh:pro] heartbeat words=28015 queue=361 rotation=11 idle=43s
[w3:gh:pro] heartbeat words=28015 queue=361 rotation=11 idle=103s
[w3:gh:pro] tor: Aug 05 11:02:56.000 [notice] Bootstrapped 63% (loading_descriptors): Loading relay descriptors
[w3:gh:pro] tor: Aug 05 11:03:02.000 [notice] Bootstrapped 70% (loading_descriptors): Loading relay descriptors
[w3:gh:pro] tor: Aug 05 11:03:06.000 [notice] Bootstrapped 75% (enough_dirinfo): Loaded enough directory info to build circuits
[w3:gh:pro] tor: Aug 05 11:03:06.000 [notice] Bootstrapped 80% (ap_conn): Connecting to a relay to build circuits
[w3:gh:pro] tor: Aug 05 11:03:06.000 [notice] Bootstrapped 90% (ap_handshake_done): Handshake finished with a relay to build circuits
Aug 05 11:03:06.000 [notice] Bootstrapped 9
[w3:gh:pro] tor: Aug 05 11:03:07.000 [notice] Bootstrapped 100% (done): Done
[w3:gh:pro] Tor ready on 19053 exit=185.220.101.20
[w3:gh:pro] Rotating IP (#11, try 1) after No Turnstile token for direct search → tor#12 socks5://127.0.0.1:19053
[w3:gh:pro] Launching persistent Chrome profile /tmp/lll-pw-w3-r11
[w3:gh:pro] Proxy tor#12 socks5://127.0.0.1:19053
[w3:gh:pro] Opening https://lastletterlibrary.com
[w3:gh:pro] Library mode=pro
[w3:gh:pro] heartbeat words=28015 queue=361 rotation=11 idle=14s
[w3:gh:pro] Managed Turnstile token (len=794, 13183ms, remount)
[w3:gh:pro] Search mode=direct (skip UI Wait Ns… gate)
[w3:gh:pro] Cleaned 1 old rotated profile(s)
[w3:gh:pro] Browser exit IP=192.42.116.102 (unique)
[w3:gh:pro] Searching "hisw" | queue=360 | words=28015
[w3:gh:pro] [api] 200 mode=pro startsWith=hisw
[w3:gh:pro] [api] 200 mode=pro startsWith=hisw (466ms direct)
[w3:gh:pro] "hisw" → 0 records, 0 words
[w3:gh:pro] "hisw" branch complete
[w3:gh:pro] Saved 28,015 worker words
[w3:gh:pro] Searching "hisx" | queue=359 | words=28015
[w3:gh:pro] Pacing 15s before "hisx" (gap=15500ms)
[w3:gh:pro] Managed Turnstile token (len=816, 10019ms, reset)
[w3:gh:pro] [api] 200 mode=pro startsWith=hisx
[w3:gh:pro] [api] 200 mode=pro startsWith=hisx (615ms direct)
[w3:gh:pro] "hisx" → 0 records, 0 words
[w3:gh:pro] "hisx" branch complete
[w3:gh:pro] Saved 28,015 worker words
[w3:gh:pro] Searching "hisy" | queue=358 | words=28015
[w3:gh:pro] Pacing 15s before "hisy" (gap=15500ms)
[w3:gh:pro] Managed Turnstile token (len=816, 14638ms, reset)
[w3:gh:pro] [api] 200 mode=pro startsWith=hisy
[w3:gh:pro] [api] 200 mode=pro startsWith=hisy (1494ms direct)
[w3:gh:pro] "hisy" → 0 records, 0 words
[w3:gh:pro] "hisy" branch complete
[w3:gh:pro] Saved 28,015 worker words
[w3:gh:pro] Searching "hisz" | queue=357 | words=28015
[w3:gh:pro] Pacing 12s before "hisz" (gap=15500ms)
[w3:gh:pro] Managed Turnstile token (len=794, 14731ms, reset)
[w3:gh:pro] [api] 200 mode=pro startsWith=hisz
[w3:gh:pro] [api] 200 mode=pro startsWith=hisz (575ms direct)
[w3:gh:pro] "hisz" → 0 records, 0 words
[w3:gh:pro] "hisz" branch complete
[w3:gh:pro] heartbeat words=28015 queue=357 rotation=11 idle=8s
[w3:gh:pro] Saved 28,015 worker words; shared last.txt now 299,617
[w3:gh:pro] Searching "hobt" | queue=356 | words=28015
[w3:gh:pro] Pacing 4s before "hobt" (gap=15500ms)
[w3:gh:pro] Managed Turnstile token (len=794, 13653ms, reset)
[w3:gh:pro] [api] 200 mode=pro startsWith=hobt
[w3:gh:pro] [api] 200 mode=pro startsWith=hobt (579ms direct)
[w3:gh:pro] "hobt" → 1 records, 1 words
[w3:gh:pro] "hobt" branch complete
[w3:gh:pro] Saved 28,015 worker words
[w3:gh:pro] Searching "hobu" | queue=355 | words=28015
[w3:gh:pro] Pacing 14s before "hobu" (gap=15500ms)
[w3:gh:pro] Managed Turnstile token (len=816, 19255ms, reset)
[w3:gh:pro] [api] 200 mode=pro startsWith=hobu
[w3:gh:pro] [api] 200 mode=pro startsWith=hobu (536ms direct)
[w3:gh:pro] "hobu" → 0 records, 0 words
[w3:gh:pro] "hobu" branch complete
[w3:gh:pro] Saved 28,015 worker words
[w3:gh:pro] Searching "hobv" | queue=354 | words=28015
[w3:gh:pro] Pacing 14s before "hobv" (gap=15500ms)
[w3:gh:pro] Managed Turnstile token (len=816, 16576ms, reset)
[w3:gh:pro] [api] 200 mode=pro startsWith=hobv
[w3:gh:pro] [api] 200 mode=pro startsWith=hobv (543ms direct)
[w3:gh:pro] "hobv" → 0 records, 0 words
[w3:gh:pro] "hobv" branch complete
[w3:gh:pro] Saved 28,015 worker words
[w3:gh:pro] Searching "hobw" | queue=353 | words=28015
[w3:gh:pro] Pacing 10s before "hobw" (gap=15500ms)
[w3:gh:pro] heartbeat words=28015 queue=353 rotation=11 idle=11s
[w3:gh:pro] Managed Turnstile token (len=816, 17275ms, reset)
[w3:gh:pro] [api] 200 mode=pro startsWith=hobw
[w3:gh:pro] [api] 200 mode=pro startsWith=hobw (550ms direct)
[w3:gh:pro] "hobw" → 0 records, 0 words
[w3:gh:pro] "hobw" branch complete
[w3:gh:pro] Saved 28,015 worker words
[w3:gh:pro] Searching "hobx" | queue=352 | words=28015
[w3:gh:pro] Pacing 15s before "hobx" (gap=15500ms)
[w3:gh:pro] Site Turnstile remint timed out (22639ms)
[w3:gh:pro] Managed Turnstile token (len=816, 9250ms, remount)
[w3:gh:pro] [api] 200 mode=pro startsWith=hobx
[w3:gh:pro] [api] 200 mode=pro startsWith=hobx (636ms direct)
[w3:gh:pro] "hobx" → 0 records, 0 words
[w3:gh:pro] "hobx" branch complete
[w3:gh:pro] Saved 28,015 worker words
[w3:gh:pro] Searching "hoby" | queue=351 | words=28015
[w3:gh:pro] Pacing 15s before "hoby" (gap=15500ms)
[w3:gh:pro] Managed Turnstile token (len=794, 13646ms, reset)
[w3:gh:pro] [api] 200 mode=pro startsWith=hoby
[w3:gh:pro] [api] 200 mode=pro startsWith=hoby (2699ms direct)
[w3:gh:pro] "hoby" → 0 records, 0 words
[w3:gh:pro] "hoby" branch complete
[w3:gh:pro] Saved 28,015 worker words
[w3:gh:pro] Searching "hobz" | queue=350 | words=28015
[w3:gh:pro] Pacing 11s before "hobz" (gap=15500ms)
[w3:gh:pro] heartbeat words=28015 queue=350 rotation=11 idle=5s
[w3:gh:pro] Turnstile mint hard timeout after 28000ms
[w3:gh:pro] Turnstile token present (len=816)
[w3:gh:pro] Site Turnstile token (28043ms)
[w3:gh:pro] Turnstile token present (len=816)
[w3:gh:pro] Site Turnstile token (21821ms)
[w3:gh:pro] [api] 200 mode=pro startsWith=hobz
[w3:gh:pro] [api] 200 mode=pro startsWith=hobz (687ms direct)
[w3:gh:pro] "hobz" → 0 records, 0 words
[w3:gh:pro] "hobz" branch complete
[w3:gh:pro] Saved 28,015 worker words
[w3:gh:pro] Searching "holi" | queue=349 | words=28015
[w3:gh:pro] Pacing 14s before "holi" (gap=15500ms)
[w3:gh:pro] heartbeat words=28015 queue=349 rotation=11 idle=15s
[w3:gh:pro] Turnstile mint hard timeout after 28000ms
[w3:gh:pro] Turnstile token present (len=816)
[w3:gh:pro] Site Turnstile token (28823ms)
[w3:gh:pro] Turnstile mint hard timeout after 28000ms
[w3:gh:pro] Turnstile token present (len=794)
[w3:gh:pro] Site Turnstile token (31025ms)
[w3:gh:pro] heartbeat words=28015 queue=349 rotation=11 idle=17s
[w3:gh:pro] Turnstile mint hard timeout after 28000ms
[w3:gh:pro] Site Turnstile remint timed out (32548ms)
[w3:gh:pro] Turnstile mint hard timeout after 28000ms
[w3:gh:pro] Failed "holi" attempt 1: No Turnstile token for direct search
[w3:gh:pro] Site Turnstile remint timed out (28887ms)
[w3:gh:pro] Saved 28,015 worker words; shared last.txt now 300,254
[w3:gh:pro] Turnstile miss — soft reload before rotate
[w3:gh:pro] heartbeat words=28015 queue=350 rotation=11 idle=12s
[w3:gh:pro] Site Turnstile remint timed out (10486ms)
[w3:gh:pro] Soft reload mint failed — rotating immediately
[w3:gh:pro] Tor exited code=0
[w3:gh:pro] Starting Tor gen=13 socks=127.0.0.1:19053 (try 1)
[w3:gh:pro] tor: Aug 05 11:09:40.159 [notice] Opened Socks listener connection (ready) on 127.0.0.1:19053
Aug 05 11:09:40.159 [warn] Fixing permissions on directory /tmp/lll-tor
[w3:gh:pro] tor: Aug 05 11:09:40.000 [notice] Bootstrapped 0% (starting): Starting
[w3:gh:pro] tor: Aug 05 11:09:41.000 [notice] Bootstrapped 5% (conn): Connecting to a relay
[w3:gh:pro] tor: Aug 05 11:09:41.000 [notice] Bootstrapped 10% (conn_done): Connected to a relay
[w3:gh:pro] tor: Aug 05 11:09:42.000 [notice] Bootstrapped 14% (handshake): Handshaking with a relay
[w3:gh:pro] tor: Aug 05 11:09:42.000 [notice] Bootstrapped 15% (handshake_done): Handshake with a relay done
Aug 05 11:09:42.000 [notice] Bootstrapped 20% (onehop_create): Estab
[w3:gh:pro] tor: Aug 05 11:09:42.000 [notice] Bootstrapped 25% (requesting_status): Asking for networkstatus consensus
[w3:gh:pro] tor: Aug 05 11:09:42.000 [notice] Bootstrapped 30% (loading_status): Loading networkstatus consensus
[w3:gh:pro] tor: Aug 05 11:09:44.000 [notice] Bootstrapped 40% (loading_keys): Loading authority key certs
[w3:gh:pro] tor: Aug 05 11:09:44.000 [notice] Bootstrapped 45% (requesting_descriptors): Asking for relay descriptors
Aug 05 11:09:44.000 [notice] I learned some more directory 
[w3:gh:pro] tor: Aug 05 11:09:46.000 [notice] Bootstrapped 50% (loading_descriptors): Loading relay descriptors
[w3:gh:pro] tor: Aug 05 11:10:05.000 [notice] Bootstrapped 55% (loading_descriptors): Loading relay descriptors
[w3:gh:pro] tor: Aug 05 11:10:12.000 [notice] Bootstrapped 61% (loading_descriptors): Loading relay descriptors
[w3:gh:pro] tor: Aug 05 11:10:18.000 [notice] Bootstrapped 67% (loading_descriptors): Loading relay descriptors
[w3:gh:pro] tor: Aug 05 11:10:26.000 [notice] Bootstrapped 75% (enough_dirinfo): Loaded enough directory info to build circuits
[w3:gh:pro] tor: Aug 05 11:10:26.000 [notice] Bootstrapped 90% (ap_handshake_done): Handshake finished with a relay to build circuits
Aug 05 11:10:26.000 [notice] Bootstrapped 9
[w3:gh:pro] tor: Aug 05 11:10:35.000 [notice] Bootstrapped 100% (done): Done
[w3:gh:pro] heartbeat words=28015 queue=350 rotation=12 idle=0s
[w3:gh:pro] Tor ready on 19053 exit=193.189.100.197
[w3:gh:pro] Rotating IP (#12, try 1) after No Turnstile token for direct search → tor#13 socks5://127.0.0.1:19053
[w3:gh:pro] Launching persistent Chrome profile /tmp/lll-pw-w3-r12
[w3:gh:pro] Proxy tor#13 socks5://127.0.0.1:19053
[w3:gh:pro] Opening https://lastletterlibrary.com
[w3:gh:pro] Library mode=pro
[w3:gh:pro] Managed Turnstile token (len=816, 10298ms, remount)
[w3:gh:pro] Search mode=direct (skip UI Wait Ns… gate)
[w3:gh:pro] Cleaned 1 old rotated profile(s)
[w3:gh:pro] Browser exit IP=192.42.116.13 (unique)
[w3:gh:pro] Searching "holi" | queue=349 | words=28015
[w3:gh:pro] [api] 200 mode=pro startsWith=holi
[w3:gh:pro] [api] 200 mode=pro startsWith=holi (560ms direct)
[w3:gh:pro] "holi" → 33 records, 33 words (incl. exact "holi")
[w3:gh:pro] "holi" branch complete
[w3:gh:pro] Saved 28,016 worker words
[w3:gh:pro] Searching "holj" | queue=348 | words=28016
[w3:gh:pro] Pacing 14s before "holj" (gap=15500ms)
[w3:gh:pro] Managed Turnstile token (len=816, 11986ms, reset)
[w3:gh:pro] [api] 200 mode=pro startsWith=holj
[w3:gh:pro] [api] 200 mode=pro startsWith=holj (715ms direct)
[w3:gh:pro] "holj" → 0 records, 0 words
[w3:gh:pro] "holj" branch complete
[w3:gh:pro] Saved 28,016 worker words
[w3:gh:pro] Searching "holk" | queue=347 | words=28016
[w3:gh:pro] Pacing 15s before "holk" (gap=15500ms)
[w3:gh:pro] heartbeat words=28016 queue=347 rotation=12 idle=8s
[w3:gh:pro] Managed Turnstile token (len=816, 10369ms, reset)
[w3:gh:pro] [api] 200 mode=pro startsWith=holk
[w3:gh:pro] [api] 200 mode=pro startsWith=holk (636ms direct)
[w3:gh:pro] "holk" → 4 records, 4 words (incl. exact "holk")
[w3:gh:pro] "holk" branch complete
[w3:gh:pro] Saved 28,020 worker words
[w3:gh:pro] Searching "holl" | queue=346 | words=28020
[w3:gh:pro] Pacing 14s before "holl" (gap=15500ms)
[w3:gh:pro] Site Turnstile remint timed out (24682ms)
[w3:gh:pro] Managed Turnstile token (len=816, 13439ms, remount)
[w3:gh:pro] [api] 200 mode=pro startsWith=holl
[w3:gh:pro] [api] 200 mode=pro startsWith=holl (698ms direct)
[w3:gh:pro] "holl" → 71 records, 71 words (incl. exact "holl")
[w3:gh:pro] "holl" branch complete
[w3:gh:pro] Saved 28,091 worker words
[w3:gh:pro] Searching "holm" | queue=345 | words=28091
[w3:gh:pro] Pacing 14s before "holm" (gap=15500ms)
[w3:gh:pro] heartbeat words=28091 queue=345 rotation=12 idle=12s
[w3:gh:pro] Managed Turnstile token (len=816, 17519ms, reset)
[w3:gh:pro] [api] 200 mode=pro startsWith=holm
[w3:gh:pro] [api] 200 mode=pro startsWith=holm (712ms direct)
[w3:gh:pro] "holm" → 14 records, 14 words (incl. exact "holm")
[w3:gh:pro] "holm" branch complete
[w3:gh:pro] Saved 28,105 worker words
[w3:gh:pro] Searching "holn" | queue=344 | words=28105
[w3:gh:pro] Pacing 13s before "holn" (gap=15500ms)
[w3:gh:pro] Managed Turnstile token (len=816, 10578ms, reset)
[w3:gh:pro] [api] 200 mode=pro startsWith=holn
[w3:gh:pro] [api] 200 mode=pro startsWith=holn (607ms direct)
[w3:gh:pro] "holn" → 0 records, 0 words
[w3:gh:pro] "holn" branch complete
[w3:gh:pro] Saved 28,105 worker words
[w3:gh:pro] Searching "holo" | queue=343 | words=28105
[w3:gh:pro] Pacing 15s before "holo" (gap=15500ms)
[w3:gh:pro] Site Turnstile remint timed out (25883ms)
[w3:gh:pro] heartbeat words=28105 queue=343 rotation=12 idle=13s
[w3:gh:pro] Site Turnstile remint timed out (27806ms)
[w3:gh:pro] Turnstile mint hard timeout after 28000ms
[w3:gh:pro] Site Turnstile remint timed out (34141ms)
[w3:gh:pro] heartbeat words=28105 queue=343 rotation=12 idle=11s
[w3:gh:pro] Turnstile mint hard timeout after 28000ms
[w3:gh:pro] Failed "holo" attempt 1: No Turnstile token for direct search
[w3:gh:pro] Saved 28,105 worker words
[w3:gh:pro] Turnstile miss — soft reload before rotate
[w3:gh:pro] Site Turnstile remint timed out (32119ms)
[w3:gh:pro] Turnstile token present (len=816)
[w3:gh:pro] Site Turnstile token (8841ms)
[w3:gh:pro] Searching "holo" | queue=343 | words=28105
[w3:gh:pro] [api] 200 mode=pro startsWith=holo
[w3:gh:pro] [api] 200 mode=pro startsWith=holo (641ms direct)
[w3:gh:pro] "holo" → 100 records, 100 words (incl. exact "holo")
[w3:gh:pro] Pacing 15s before "holo" (gap=15500ms)
[w3:gh:pro] Managed Turnstile token (len=816, 4485ms, remount)
[w3:gh:pro] [api] 200 mode=pro startsWith=holo
[w3:gh:pro] [api] 200 mode=pro startsWith=holo sort=alphabetical:desc (573ms direct)
[w3:gh:pro] "holo" full page ends at "holon" (next='n'); skip 27 covered groups → 1 children reverse Z→A ends at "holometabolous" (lo='m' hi='z'); skip 12 middle + 16 new words
[w3:gh:pro] Saved 28,221 worker words; shared last.txt now 301,220
[w3:gh:pro] Searching "holy" | queue=343 | words=28221
[w3:gh:pro] Pacing 15s before "holy" (gap=15500ms)
[w3:gh:pro] Managed Turnstile token (len=816, 7962ms, reset)
[w3:gh:pro] [api] 200 mode=pro startsWith=holy
[w3:gh:pro] [api] 200 mode=pro startsWith=holy (646ms direct)
[w3:gh:pro] "holy" → 14 records, 14 words (incl. exact "holy")
[w3:gh:pro] "holy" branch complete
[w3:gh:pro] Saved 28,221 worker words
[w3:gh:pro] Searching "holz" | queue=342 | words=28221
[w3:gh:pro] Pacing 13s before "holz" (gap=15500ms)
[w3:gh:pro] heartbeat words=28221 queue=342 rotation=12 idle=3s
[w3:gh:pro] Managed Turnstile token (len=816, 11418ms, reset)
[w3:gh:pro] [api] 200 mode=pro startsWith=holz
[w3:gh:pro] [api] 200 mode=pro startsWith=holz (773ms direct)
[w3:gh:pro] "holz" → 0 records, 0 words
[w3:gh:pro] "holz" branch complete
[w3:gh:pro] Saved 28,221 worker words
[w3:gh:pro] Searching "home" | queue=341 | words=28221
[w3:gh:pro] Pacing 14s before "home" (gap=15500ms)
[w3:gh:pro] Managed Turnstile token (len=816, 6694ms, reset)
[w3:gh:pro] [api] 200 mode=pro startsWith=home
[w3:gh:pro] [api] 200 mode=pro startsWith=home (515ms direct)
[w3:gh:pro] "home" → 100 records, 100 words (incl. exact "home")
[w3:gh:pro] Pacing 15s before "home" (gap=15500ms)
[w3:gh:pro] Site Turnstile remint timed out (26976ms)
[w3:gh:pro] heartbeat words=28261 queue=341 rotation=12 idle=6s
[w3:gh:pro] Turnstile mint hard timeout after 28000ms
[w3:gh:pro] Site Turnstile remint timed out (31560ms)
[w3:gh:pro] Turnstile mint hard timeout after 28000ms
[w3:gh:pro] Site Turnstile remint timed out (31986ms)
[w3:gh:pro] heartbeat words=28261 queue=341 rotation=12 idle=6s
[w3:gh:pro] Turnstile mint hard timeout after 28000ms
[w3:gh:pro] "home" reverse search failed (No Turnstile token for direct search); forward-only
[w3:gh:pro] "home" full page ends at "homeomorph" (next='o'); skip 16 covered groups → 12 children from homeo..
[w3:gh:pro] Saved 28,261 worker words
[w3:gh:pro] Searching "homf" | queue=352 | words=28261
[w3:gh:pro] Turnstile mint hard timeout after 28000ms
[w3:gh:pro] heartbeat words=28261 queue=352 rotation=12 idle=12s
[w3:gh:pro] Site Turnstile remint timed out (25411ms)
[w3:gh:pro] Turnstile mint hard timeout after 28000ms
[w3:gh:pro] Site Turnstile remint timed out (28460ms)
[w3:gh:pro] heartbeat words=28261 queue=352 rotation=12 idle=18s
[w3:gh:pro] Turnstile token present (len=816)
[w3:gh:pro] Site Turnstile token (23228ms)
[w3:gh:pro] [api] 200 mode=pro startsWith=homf
[w3:gh:pro] [api] 200 mode=pro startsWith=homf (647ms direct)
[w3:gh:pro] "homf" → 0 records, 0 words
[w3:gh:pro] "homf" branch complete
[w3:gh:pro] Saved 28,261 worker words
[w3:gh:pro] Searching "homg" | queue=351 | words=28261
[w3:gh:pro] Pacing 15s before "homg" (gap=15500ms)
[w3:gh:pro] Turnstile mint hard timeout after 28000ms
[w3:gh:pro] Site Turnstile remint timed out (37135ms)
[w3:gh:pro] Turnstile token present (len=837)
[w3:gh:pro] Site Turnstile token (20977ms)
[w3:gh:pro] [api] 200 mode=pro startsWith=homg
[w3:gh:pro] [api] 200 mode=pro startsWith=homg (446ms direct)
[w3:gh:pro] "homg" → 0 records, 0 words
[w3:gh:pro] "homg" branch complete
[w3:gh:pro] Saved 28,261 worker words
[w3:gh:pro] Searching "homh" | queue=350 | words=28261
[w3:gh:pro] Pacing 15s before "homh" (gap=15500ms)
[w3:gh:pro] heartbeat words=28261 queue=350 rotation=12 idle=5s
[w3:gh:pro] Site Turnstile remint timed out (23257ms)
[w3:gh:pro] Turnstile token present (len=816)
[w3:gh:pro] Site Turnstile token (24072ms)
[w3:gh:pro] [api] 200 mode=pro startsWith=homh
[w3:gh:pro] [api] 200 mode=pro startsWith=homh (501ms direct)
[w3:gh:pro] "homh" → 0 records, 0 words
[w3:gh:pro] "homh" branch complete
[w3:gh:pro] Saved 28,261 worker words
[w3:gh:pro] Searching "homi" | queue=349 | words=28261
[w3:gh:pro] Pacing 14s before "homi" (gap=15500ms)
[w3:gh:pro] heartbeat words=28261 queue=349 rotation=12 idle=16s
[w3:gh:pro] Turnstile mint hard timeout after 28000ms
[w3:gh:pro] Site Turnstile remint timed out (29171ms)
[w3:gh:pro] Site Turnstile remint timed out (24940ms)
[w3:gh:pro] heartbeat words=28261 queue=349 rotation=12 idle=23s
[w3:gh:pro] Turnstile mint hard timeout after 28000ms
[w3:gh:pro] Site Turnstile remint timed out (31785ms)
[w3:gh:pro] Turnstile mint hard timeout after 28000ms
[w3:gh:pro] Failed "homi" attempt 1: No Turnstile token for direct search
[w3:gh:pro] Saved 28,261 worker words
[w3:gh:pro] Turnstile miss — soft reload before rotate
[w3:gh:pro] Site Turnstile remint timed out (354705ms)
[w3:gh:pro] Site Turnstile remint timed out (42669ms)
[w3:gh:pro] Site Turnstile remint timed out (329655ms)
[w3:gh:pro] Site Turnstile remint timed out (14631ms)
[w3:gh:pro] Soft reload mint failed — rotating immediately
[w3:gh:pro] heartbeat words=28261 queue=350 rotation=13 idle=3s
[w3:gh:pro] Starting Tor gen=14 socks=127.0.0.1:19053 (try 1)
[w3:gh:pro] tor: Aug 05 11:23:39.715 [notice] Opening Socks listener on 127.0.0.1:19053
Aug 05 11:23:39.715 [notice] Opened Socks listener connection (ready) on 127.0.0.1:19053

[w3:gh:pro] Tor exited code=0
[w3:gh:pro] tor: Aug 05 11:23:40.000 [notice] Bootstrapped 0% (starting): Starting
[w3:gh:pro] tor: Aug 05 11:23:41.000 [notice] Bootstrapped 5% (conn): Connecting to a relay
[w3:gh:pro] tor: Aug 05 11:23:41.000 [notice] Bootstrapped 10% (conn_done): Connected to a relay
[w3:gh:pro] heartbeat words=28261 queue=350 rotation=13 idle=57s
[w3:gh:pro] tor: Aug 05 11:24:49.000 [notice] Bootstrapped 14% (handshake): Handshaking with a relay
[w3:gh:pro] tor: Aug 05 11:24:50.000 [notice] Bootstrapped 15% (handshake_done): Handshake with a relay done
Aug 05 11:24:50.000 [notice] Bootstrapped 20% (onehop_create): Estab
[w3:gh:pro] tor: Aug 05 11:24:50.000 [notice] Bootstrapped 25% (requesting_status): Asking for networkstatus consensus
[w3:gh:pro] tor: Aug 05 11:24:50.000 [notice] Bootstrapped 30% (loading_status): Loading networkstatus consensus
[w3:gh:pro] tor: Aug 05 11:24:53.000 [notice] Bootstrapped 40% (loading_keys): Loading authority key certs
[w3:gh:pro] tor: Aug 05 11:24:55.000 [notice] The current consensus has no exit nodes. Tor can only build internal paths, such as paths to onion services.
Aug 05 11:24:55.000 [n
[w3:gh:pro] tor: Aug 05 11:24:56.000 [notice] Bootstrapped 50% (loading_descriptors): Loading relay descriptors
[w3:gh:pro] tor: Aug 05 11:25:11.000 [notice] Bootstrapped 55% (loading_descriptors): Loading relay descriptors
[w3:gh:pro] tor: Aug 05 11:25:20.000 [notice] Bootstrapped 61% (loading_descriptors): Loading relay descriptors
[w3:gh:pro] tor: Aug 05 11:25:26.000 [notice] Bootstrapped 67% (loading_descriptors): Loading relay descriptors
[w3:gh:pro] tor: Aug 05 11:25:30.000 [notice] Bootstrapped 75% (enough_dirinfo): Loaded enough directory info to build circuits
[w3:gh:pro] tor: Aug 05 11:25:30.000 [notice] Bootstrapped 90% (ap_handshake_done): Handshake finished with a relay to build circuits
Aug 05 11:25:30.000 [notice] Bootstrapped 9
[w3:gh:pro] tor: Aug 05 11:25:32.000 [notice] Bootstrapped 100% (done): Done
[w3:gh:pro] heartbeat words=28261 queue=350 rotation=13 idle=6s
[w3:gh:pro] Tor ready on 19053 exit=192.42.116.113
[w3:gh:pro] Rotating IP (#13, try 1) after No Turnstile token for direct search → tor#14 socks5://127.0.0.1:19053
[w3:gh:pro] Launching persistent Chrome profile /tmp/lll-pw-w3-r13
[w3:gh:pro] Proxy tor#14 socks5://127.0.0.1:19053
[w3:gh:pro] Opening https://lastletterlibrary.com
[w3:gh:pro] Library mode=pro
[w3:gh:pro] Site Turnstile remint timed out (23256ms)
[w3:gh:pro] Search mode=direct (skip UI Wait Ns… gate)
[w3:gh:pro] Cleaned 1 old rotated profile(s)
[w3:gh:pro] Browser exit IP=192.42.116.113 (unique)
[w3:gh:pro] Searching "homi" | queue=349 | words=28261
[w3:gh:pro] Managed Turnstile token (len=816, 11265ms, remount)
[w3:gh:pro] heartbeat words=28261 queue=349 rotation=13 idle=1s
[w3:gh:pro] [api] 200 mode=pro startsWith=homi
[w3:gh:pro] [api] 200 mode=pro startsWith=homi (661ms direct)
[w3:gh:pro] "homi" → 65 records, 65 words
[w3:gh:pro] "homi" branch complete
[w3:gh:pro] Saved 28,326 worker words; shared last.txt now 304,267
[w3:gh:pro] Searching "homj" | queue=348 | words=28326
[w3:gh:pro] Pacing 3s before "homj" (gap=15500ms)
[w3:gh:pro] Managed Turnstile token (len=816, 17267ms, reset)
[w3:gh:pro] [api] 200 mode=pro startsWith=homj
[w3:gh:pro] [api] 200 mode=pro startsWith=homj (559ms direct)
[w3:gh:pro] "homj" → 0 records, 0 words
[w3:gh:pro] "homj" branch complete
[w3:gh:pro] Saved 28,326 worker words
[w3:gh:pro] Searching "homk" | queue=347 | words=28326
[w3:gh:pro] Pacing 14s before "homk" (gap=15500ms)
[w3:gh:pro] Managed Turnstile token (len=816, 15460ms, reset)
[w3:gh:pro] [api] 200 mode=pro startsWith=homk
[w3:gh:pro] [api] 200 mode=pro startsWith=homk (478ms direct)
[w3:gh:pro] "homk" → 0 records, 0 words
[w3:gh:pro] "homk" branch complete
[w3:gh:pro] Saved 28,326 worker words
[w3:gh:pro] Searching "homl" | queue=346 | words=28326
[w3:gh:pro] Pacing 13s before "homl" (gap=15500ms)
[w3:gh:pro] Managed Turnstile token (len=816, 17713ms, reset)
[w3:gh:pro] [api] 200 mode=pro startsWith=homl
[w3:gh:pro] [api] 200 mode=pro startsWith=homl (526ms direct)
[w3:gh:pro] "homl" → 0 records, 0 words
[w3:gh:pro] "homl" branch complete
[w3:gh:pro] Saved 28,326 worker words
[w3:gh:pro] Searching "homm" | queue=345 | words=28326
[w3:gh:pro] Pacing 13s before "homm" (gap=15500ms)
[w3:gh:pro] heartbeat words=28326 queue=345 rotation=13 idle=2s
[w3:gh:pro] Turnstile token present (len=816)
[w3:gh:pro] Site Turnstile token (27434ms)
[w3:gh:pro] [api] 200 mode=pro startsWith=homm
[w3:gh:pro] [api] 200 mode=pro startsWith=homm (528ms direct)
[w3:gh:pro] "homm" → 8 records, 8 words
[w3:gh:pro] "homm" branch complete
[w3:gh:pro] Saved 28,334 worker words
[w3:gh:pro] Searching "homn" | queue=344 | words=28334
[w3:gh:pro] Pacing 12s before "homn" (gap=15500ms)
[w3:gh:pro] Managed Turnstile token (len=816, 15373ms, remount)
[w3:gh:pro] [api] 200 mode=pro startsWith=homn
[w3:gh:pro] [api] 200 mode=pro startsWith=homn (402ms direct)
[w3:gh:pro] "homn" → 0 records, 0 words
[w3:gh:pro] "homn" branch complete
[w3:gh:pro] Saved 28,334 worker words
[w3:gh:pro] Searching "homo" | queue=343 | words=28334
[w3:gh:pro] Pacing 15s before "homo" (gap=15500ms)
[w3:gh:pro] Managed Turnstile token (len=816, 11955ms, reset)
[w3:gh:pro] [api] 200 mode=pro startsWith=homo
[w3:gh:pro] [api] 200 mode=pro startsWith=homo (416ms direct)
[w3:gh:pro] "homo" → 100 records, 100 words (incl. exact "homo")
[w3:gh:pro] Pacing 15s before "homo" (gap=15500ms)
[w3:gh:pro] heartbeat words=28434 queue=343 rotation=13 idle=4s
[w3:gh:pro] Turnstile mint hard timeout after 28000ms
[w3:gh:pro] Turnstile token present (len=816)
[w3:gh:pro] Site Turnstile token (30918ms)
[w3:gh:pro] Turnstile token present (len=816)
[w3:gh:pro] Site Turnstile token (20717ms)
[w3:gh:pro] [api] 200 mode=pro startsWith=homo
[w3:gh:pro] [api] 200 mode=pro startsWith=homo sort=alphabetical:desc (432ms direct)
[w3:gh:pro] "homo" full page ends at "homoeogenous" (next='e'); skip 13 covered groups → 15 children reverse Z→A ends at "homorganic" (lo='r' hi='z'); skip 7 middle + 11 new words
[w3:gh:pro] Saved 28,445 worker words
[w3:gh:pro] Searching "homy" | queue=357 | words=28445
[w3:gh:pro] Pacing 15s before "homy" (gap=15500ms)
[w3:gh:pro] Managed Turnstile token (len=816, 6046ms, remount)
[w3:gh:pro] heartbeat words=28445 queue=357 rotation=13 idle=8s
[w3:gh:pro] [api] 200 mode=pro startsWith=homy
[w3:gh:pro] [api] 200 mode=pro startsWith=homy (425ms direct)
[w3:gh:pro] "homy" → 1 records, 1 words (incl. exact "homy")
[w3:gh:pro] "homy" branch complete
[w3:gh:pro] Saved 28,445 worker words
[w3:gh:pro] Searching "homz" | queue=356 | words=28445
[w3:gh:pro] Pacing 16s before "homz" (gap=15500ms)
[w3:gh:pro] Managed Turnstile token (len=816, 4058ms, reset)
[w3:gh:pro] [api] 200 mode=pro startsWith=homz
[w3:gh:pro] [api] 200 mode=pro startsWith=homz (476ms direct)
[w3:gh:pro] "homz" → 0 records, 0 words
[w3:gh:pro] "homz" branch complete
[w3:gh:pro] Saved 28,445 worker words; shared last.txt now 305,360
[w3:gh:pro] Searching "hone" | queue=355 | words=28445
[w3:gh:pro] Pacing 15s before "hone" (gap=15500ms)
[w3:gh:pro] Managed Turnstile token (len=816, 7318ms, reset)
[w3:gh:pro] [api] 200 mode=pro startsWith=hone
[w3:gh:pro] [api] 200 mode=pro startsWith=hone (391ms direct)
[w3:gh:pro] "hone" → 94 records, 94 words (incl. exact "hone")
[w3:gh:pro] "hone" branch complete
[w3:gh:pro] Saved 28,449 worker words
[w3:gh:pro] Searching "honz" | queue=354 | words=28449
[w3:gh:pro] Pacing 15s before "honz" (gap=15500ms)
[w3:gh:pro] Managed Turnstile token (len=816, 5956ms, reset)
[w3:gh:pro] [api] 200 mode=pro startsWith=honz
[w3:gh:pro] [api] 200 mode=pro startsWith=honz (420ms direct)
[w3:gh:pro] "honz" → 1 records, 1 words
[w3:gh:pro] "honz" branch complete
[w3:gh:pro] Saved 28,449 worker words
[w3:gh:pro] Searching "hook" | queue=353 | words=28449
[w3:gh:pro] Pacing 14s before "hook" (gap=15500ms)
[w3:gh:pro] heartbeat words=28449 queue=353 rotation=13 idle=10s
[w3:gh:pro] Managed Turnstile token (len=816, 16742ms, reset)
[w3:gh:pro] [api] 200 mode=pro startsWith=hook
[w3:gh:pro] [api] 200 mode=pro startsWith=hook (455ms direct)
[w3:gh:pro] "hook" → 54 records, 54 words (incl. exact "hook")
[w3:gh:pro] "hook" branch complete
[w3:gh:pro] Saved 28,485 worker words
[w3:gh:pro] Searching "hool" | queue=352 | words=28485
[w3:gh:pro] Pacing 15s before "hool" (gap=15500ms)
[w3:gh:pro] Site Turnstile remint timed out (23986ms)
[w3:gh:pro] Turnstile mint hard timeout after 28000ms
[w3:gh:pro] heartbeat words=28485 queue=352 rotation=13 idle=1s
[w3:gh:pro] Site Turnstile remint timed out (31141ms)
[w3:gh:pro] Site Turnstile remint timed out (25870ms)
[w3:gh:pro] Site Turnstile remint timed out (23323ms)
[w3:gh:pro] heartbeat words=28485 queue=352 rotation=13 idle=12s
[w3:gh:pro] Site Turnstile remint timed out (23304ms)
[w3:gh:pro] Failed "hool" attempt 1: No Turnstile token for direct search
[w3:gh:pro] Saved 28,485 worker words
[w3:gh:pro] Turnstile miss — soft reload before rotate
[w3:gh:pro] Turnstile mint hard timeout after 15000ms
[w3:gh:pro] Soft reload mint failed — rotating immediately
[w3:gh:pro] Site Turnstile remint timed out (16322ms)
[w3:gh:pro] Starting Tor gen=15 socks=127.0.0.1:19053 (try 1)
[w3:gh:pro] tor: Aug 05 11:33:19.810 [warn] Fixing permissions on directory /tmp/lll-tor-w3
[w3:gh:pro] Tor exited code=0
[w3:gh:pro] tor: Aug 05 11:33:20.000 [notice] Bootstrapped 0% (starting): Starting
Aug 05 11:33:20.000 [notice] Starting with guard context "default"
[w3:gh:pro] tor: Aug 05 11:33:21.000 [notice] Bootstrapped 5% (conn): Connecting to a relay
[w3:gh:pro] tor: Aug 05 11:33:21.000 [notice] Bootstrapped 10% (conn_done): Connected to a relay
[w3:gh:pro] tor: Aug 05 11:33:22.000 [notice] Bootstrapped 14% (handshake): Handshaking with a relay
[w3:gh:pro] tor: Aug 05 11:33:22.000 [notice] Bootstrapped 15% (handshake_done): Handshake with a relay done
[w3:gh:pro] tor: Aug 05 11:33:22.000 [notice] Bootstrapped 20% (onehop_create): Establishing an encrypted directory connection
[w3:gh:pro] tor: Aug 05 11:33:22.000 [notice] Bootstrapped 25% (requesting_status): Asking for networkstatus consensus
[w3:gh:pro] tor: Aug 05 11:33:23.000 [notice] Bootstrapped 30% (loading_status): Loading networkstatus consensus
[w3:gh:pro] tor: Aug 05 11:33:23.000 [notice] Bootstrapped 40% (loading_keys): Loading authority key certs
[w3:gh:pro] tor: Aug 05 11:33:23.000 [notice] Bootstrapped 45% (requesting_descriptors): Asking for relay descriptors
Aug 05 11:33:23.000 [notice] I learned some more directory 
[w3:gh:pro] tor: Aug 05 11:33:25.000 [notice] Bootstrapped 50% (loading_descriptors): Loading relay descriptors
[w3:gh:pro] tor: Aug 05 11:33:31.000 [notice] Bootstrapped 55% (loading_descriptors): Loading relay descriptors
[w3:gh:pro] tor: Aug 05 11:33:32.000 [notice] Bootstrapped 61% (loading_descriptors): Loading relay descriptors
[w3:gh:pro] tor: Aug 05 11:33:32.000 [notice] Bootstrapped 67% (loading_descriptors): Loading relay descriptors
[w3:gh:pro] tor: Aug 05 11:33:32.000 [notice] Bootstrapped 75% (enough_dirinfo): Loaded enough directory info to build circuits
[w3:gh:pro] tor: Aug 05 11:33:32.000 [notice] Bootstrapped 90% (ap_handshake_done): Handshake finished with a relay to build circuits
Aug 05 11:33:32.000 [notice] Bootstrapped 9
[w3:gh:pro] tor: Aug 05 11:33:33.000 [notice] Bootstrapped 100% (done): Done
[w3:gh:pro] Tor ready on 19053 exit=192.42.116.12
[w3:gh:pro] Rotating IP (#14, try 1) after No Turnstile token for direct search → tor#15 socks5://127.0.0.1:19053
[w3:gh:pro] Launching persistent Chrome profile /tmp/lll-pw-w3-r14
[w3:gh:pro] Proxy tor#15 socks5://127.0.0.1:19053
[w3:gh:pro] Opening https://lastletterlibrary.com
[w3:gh:pro] heartbeat words=28485 queue=353 rotation=14 idle=2s
[w3:gh:pro] Library mode=pro
[w3:gh:pro] Search mode=direct (skip UI Wait Ns… gate)
[w3:gh:pro] Cleaned 1 old rotated profile(s)
[w3:gh:pro] Browser exit IP=192.42.116.12 (unique)
[w3:gh:pro] Searching "hool" | queue=352 | words=28485
[w3:gh:pro] heartbeat words=28485 queue=352 rotation=14 idle=46s
[w3:gh:pro] heartbeat words=28485 queue=352 rotation=14 idle=106s
[w3:gh:pro] Failed "hool" attempt 1: No Turnstile token for direct search
[w3:gh:pro] Saved 28,485 worker words
[w3:gh:pro] Turnstile miss — soft reload before rotate
[w3:gh:pro] Turnstile token present (len=816)
[w3:gh:pro] Site Turnstile token (10728ms)
[w3:gh:pro] Searching "hool" | queue=352 | words=28485
[w3:gh:pro] [api] 200 mode=pro startsWith=hool
[w3:gh:pro] [api] 200 mode=pro startsWith=hool (865ms direct)
[w3:gh:pro] "hool" → 24 records, 24 words (incl. exact "hool")
[w3:gh:pro] "hool" branch complete
[w3:gh:pro] Saved 28,509 worker words
[w3:gh:pro] Searching "hoom" | queue=351 | words=28509
[w3:gh:pro] Pacing 14s before "hoom" (gap=15500ms)
[w3:gh:pro] Managed Turnstile token (len=816, 6951ms, remount)
[w3:gh:pro] [api] 200 mode=pro startsWith=hoom
[w3:gh:pro] [api] 200 mode=pro startsWith=hoom (486ms direct)
[w3:gh:pro] "hoom" → 1 records, 1 words (incl. exact "hoom")
[w3:gh:pro] "hoom" branch complete
[w3:gh:pro] Saved 28,510 worker words
[w3:gh:pro] Searching "hoon" | queue=350 | words=28510
[w3:gh:pro] Pacing 15s before "hoon" (gap=15500ms)
[w3:gh:pro] Managed Turnstile token (len=816, 8574ms, reset)
[w3:gh:pro] heartbeat words=28510 queue=350 rotation=14 idle=5s
[w3:gh:pro] [api] 200 mode=pro startsWith=hoon
[w3:gh:pro] [api] 200 mode=pro startsWith=hoon (410ms direct)
[w3:gh:pro] "hoon" → 7 records, 7 words (incl. exact "hoon")
[w3:gh:pro] "hoon" branch complete
[w3:gh:pro] Saved 28,517 worker words; shared last.txt now 306,566
[w3:gh:pro] Searching "hooo" | queue=349 | words=28517
[w3:gh:pro] Pacing 14s before "hooo" (gap=15500ms)
[w3:gh:pro] Managed Turnstile token (len=816, 6320ms, reset)
[w3:gh:pro] [api] 200 mode=pro startsWith=hooo
[w3:gh:pro] [api] 200 mode=pro startsWith=hooo (412ms direct)
[w3:gh:pro] "hooo" → 0 records, 0 words
[w3:gh:pro] "hooo" branch complete
[w3:gh:pro] Saved 28,517 worker words
[w3:gh:pro] Searching "hoop" | queue=348 | words=28517
[w3:gh:pro] Pacing 16s before "hoop" (gap=15500ms)
[w3:gh:pro] Managed Turnstile token (len=816, 5598ms, reset)
[w3:gh:pro] [api] 200 mode=pro startsWith=hoop
[w3:gh:pro] [api] 200 mode=pro startsWith=hoop (507ms direct)
[w3:gh:pro] "hoop" → 29 records, 29 words (incl. exact "hoop")
[w3:gh:pro] "hoop" branch complete
[w3:gh:pro] Saved 28,546 worker words
[w3:gh:pro] Searching "hooq" | queue=347 | words=28546
[w3:gh:pro] Pacing 15s before "hooq" (gap=15500ms)
[w3:gh:pro] Managed Turnstile token (len=816, 4050ms, reset)
[w3:gh:pro] [api] 200 mode=pro startsWith=hooq
[w3:gh:pro] [api] 200 mode=pro startsWith=hooq (416ms direct)
[w3:gh:pro] "hooq" → 0 records, 0 words
[w3:gh:pro] "hooq" branch complete
[w3:gh:pro] Saved 28,546 worker words
[w3:gh:pro] Searching "hoor" | queue=346 | words=28546
[w3:gh:pro] Pacing 15s before "hoor" (gap=15500ms)
[w3:gh:pro] Managed Turnstile token (len=816, 5618ms, reset)
[w3:gh:pro] heartbeat words=28546 queue=346 rotation=14 idle=6s
[w3:gh:pro] [api] 200 mode=pro startsWith=hoor
[w3:gh:pro] [api] 200 mode=pro startsWith=hoor (467ms direct)
[w3:gh:pro] "hoor" → 17 records, 17 words (incl. exact "hoor")
[w3:gh:pro] "hoor" branch complete
[w3:gh:pro] Saved 28,563 worker words
[w3:gh:pro] Searching "hoos" | queue=345 | words=28563
[w3:gh:pro] Pacing 15s before "hoos" (gap=15500ms)
[w3:gh:pro] Managed Turnstile token (len=816, 9780ms, reset)
[w3:gh:pro] [api] 200 mode=pro startsWith=hoos
[w3:gh:pro] [api] 200 mode=pro startsWith=hoos (897ms direct)
[w3:gh:pro] "hoos" → 14 records, 14 words
[w3:gh:pro] "hoos" branch complete
[w3:gh:pro] Saved 28,577 worker words
[w3:gh:pro] Searching "hoot" | queue=344 | words=28577
[w3:gh:pro] Pacing 12s before "hoot" (gap=15500ms)
[w3:gh:pro] Managed Turnstile token (len=816, 18112ms, reset)
[w3:gh:pro] [api] 200 mode=pro startsWith=hoot
[w3:gh:pro] [api] 200 mode=pro startsWith=hoot (451ms direct)
[w3:gh:pro] "hoot" → 23 records, 23 words (incl. exact "hoot")
[w3:gh:pro] "hoot" branch complete
[w3:gh:pro] Saved 28,600 worker words
[w3:gh:pro] Searching "hoou" | queue=343 | words=28600
[w3:gh:pro] Pacing 15s before "hoou" (gap=15500ms)
[w3:gh:pro] Turnstile token present (len=816)
[w3:gh:pro] Site Turnstile token (19182ms)
[w3:gh:pro] [api] 200 mode=pro startsWith=hoou
[w3:gh:pro] [api] 200 mode=pro startsWith=hoou (438ms direct)
[w3:gh:pro] "hoou" → 0 records, 0 words
[w3:gh:pro] "hoou" branch complete
[w3:gh:pro] Saved 28,600 worker words
[w3:gh:pro] Searching "hoov" | queue=342 | words=28600
[w3:gh:pro] Pacing 15s before "hoov" (gap=15500ms)
[w3:gh:pro] heartbeat words=28600 queue=342 rotation=14 idle=0s
[w3:gh:pro] Site Turnstile remint timed out (24119ms)
[w3:gh:pro] Turnstile token present (len=816)
[w3:gh:pro] Site Turnstile token (20643ms)
[w3:gh:pro] [api] 200 mode=pro startsWith=hoov
[w3:gh:pro] [api] 200 mode=pro startsWith=hoov (598ms direct)
[w3:gh:pro] "hoov" → 14 records, 14 words
[w3:gh:pro] "hoov" branch complete
[w3:gh:pro] heartbeat words=28614 queue=342 rotation=14 idle=19s
[w3:gh:pro] Saved 28,614 worker words; shared last.txt now 306,944
[w3:gh:pro] Searching "hoow" | queue=341 | words=28614
[w3:gh:pro] Turnstile mint hard timeout after 28000ms
[w3:gh:pro] Site Turnstile remint timed out (28967ms)
[w3:gh:pro] Managed Turnstile token (len=816, 6530ms, remount)
[w3:gh:pro] [api] 200 mode=pro startsWith=hoow
[w3:gh:pro] [api] 200 mode=pro startsWith=hoow (685ms direct)
[w3:gh:pro] "hoow" → 0 records, 0 words
[w3:gh:pro] "hoow" branch complete
[w3:gh:pro] Saved 28,614 worker words
[w3:gh:pro] Searching "hoox" | queue=340 | words=28614
[w3:gh:pro] Pacing 15s before "hoox" (gap=15500ms)
[w3:gh:pro] Managed Turnstile token (len=816, 4311ms, reset)
[w3:gh:pro] [api] 200 mode=pro startsWith=hoox
[w3:gh:pro] [api] 200 mode=pro startsWith=hoox (418ms direct)
[w3:gh:pro] "hoox" → 0 records, 0 words
[w3:gh:pro] "hoox" branch complete
[w3:gh:pro] Saved 28,614 worker words
[w3:gh:pro] Searching "hooy" | queue=339 | words=28614
[w3:gh:pro] Pacing 16s before "hooy" (gap=15500ms)
[w3:gh:pro] Managed Turnstile token (len=816, 5015ms, reset)
[w3:gh:pro] [api] 200 mode=pro startsWith=hooy
[w3:gh:pro] [api] 200 mode=pro startsWith=hooy (447ms direct)
[w3:gh:pro] "hooy" → 1 records, 1 words
[w3:gh:pro] "hooy" branch complete
[w3:gh:pro] Saved 28,615 worker words
[w3:gh:pro] Searching "hooz" | queue=338 | words=28615
[w3:gh:pro] Pacing 15s before "hooz" (gap=15500ms)
[w3:gh:pro] Managed Turnstile token (len=816, 5138ms, reset)
[w3:gh:pro] heartbeat words=28615 queue=338 rotation=14 idle=8s
[w3:gh:pro] [api] 200 mode=pro startsWith=hooz
[w3:gh:pro] [api] 200 mode=pro startsWith=hooz (427ms direct)
[w3:gh:pro] "hooz" → 0 records, 0 words
[w3:gh:pro] "hooz" branch complete
[w3:gh:pro] Saved 28,615 worker words
[w3:gh:pro] Searching "hopy" | queue=337 | words=28615
[w3:gh:pro] Pacing 16s before "hopy" (gap=15500ms)
[w3:gh:pro] Managed Turnstile token (len=816, 4756ms, reset)
[w3:gh:pro] [api] 200 mode=pro startsWith=hopy
[w3:gh:pro] [api] 200 mode=pro startsWith=hopy (614ms direct)
[w3:gh:pro] "hopy" → 1 records, 1 words
[w3:gh:pro] "hopy" branch complete
[w3:gh:pro] Saved 28,615 worker words
[w3:gh:pro] Searching "hopz" | queue=336 | words=28615
[w3:gh:pro] Pacing 15s before "hopz" (gap=15500ms)
[w3:gh:pro] Managed Turnstile token (len=816, 4346ms, reset)
[w3:gh:pro] [api] 200 mode=pro startsWith=hopz
[w3:gh:pro] [api] 200 mode=pro startsWith=hopz (472ms direct)
[w3:gh:pro] "hopz" → 0 records, 0 words
[w3:gh:pro] "hopz" branch complete
[w3:gh:pro] Saved 28,615 worker words
[w3:gh:pro] Searching "horm" | queue=335 | words=28615
[w3:gh:pro] Pacing 15s before "horm" (gap=15500ms)
[w3:gh:pro] Managed Turnstile token (len=816, 8109ms, reset)
[w3:gh:pro] [api] 200 mode=pro startsWith=horm
[w3:gh:pro] [api] 200 mode=pro startsWith=horm (425ms direct)
[w3:gh:pro] "horm" → 33 records, 33 words
[w3:gh:pro] "horm" branch complete
[w3:gh:pro] Saved 28,628 worker words
[w3:gh:pro] Searching "horn" | queue=334 | words=28628
[w3:gh:pro] Pacing 15s before "horn" (gap=15500ms)
[w3:gh:pro] heartbeat words=28628 queue=334 rotation=14 idle=11s
[w3:gh:pro] Managed Turnstile token (len=816, 12997ms, reset)
[w3:gh:pro] [api] 200 mode=pro startsWith=horn
[w3:gh:pro] [api] 200 mode=pro startsWith=horn (453ms direct)
[w3:gh:pro] "horn" → 100 records, 100 words (incl. exact "horn")
[w3:gh:pro] Pacing 15s before "horn" (gap=15500ms)
[w3:gh:pro] Site Turnstile remint timed out (22514ms)
[w3:gh:pro] Managed Turnstile token (len=816, 17568ms, remount)
[w3:gh:pro] [api] 200 mode=pro startsWith=horn
[w3:gh:pro] [api] 200 mode=pro startsWith=horn sort=alphabetical:desc (622ms direct)
[w3:gh:pro] "horn" full page ends at "hornyheads" (next='y'); skip 26 covered groups → 2 children reverse Z→A ends at "hornbag" (lo='b' hi='y'); skip 22 middle + 2 new words
[w3:gh:pro] Saved 28,730 worker words; shared last.txt now 307,988
[w3:gh:pro] Searching "horo" | queue=335 | words=28730
[w3:gh:pro] Pacing 6s before "horo" (gap=15500ms)
[w3:gh:pro] heartbeat words=28730 queue=335 rotation=14 idle=5s
[w3:gh:pro] Turnstile token present (len=816)
[w3:gh:pro] Site Turnstile token (21184ms)
[w3:gh:pro] [api] 200 mode=pro startsWith=horo
[w3:gh:pro] [api] 200 mode=pro startsWith=horo (442ms direct)
[w3:gh:pro] "horo" → 52 records, 52 words
[w3:gh:pro] "horo" branch complete
[w3:gh:pro] Saved 28,782 worker words
[w3:gh:pro] Searching "horp" | queue=334 | words=28782
[w3:gh:pro] Pacing 15s before "horp" (gap=15500ms)
[w3:gh:pro] Managed Turnstile token (len=816, 8460ms, remount)
[w3:gh:pro] [api] 200 mode=pro startsWith=horp
[w3:gh:pro] [api] 200 mode=pro startsWith=horp (575ms direct)
[w3:gh:pro] "horp" → 0 records, 0 words
[w3:gh:pro] "horp" branch complete
[w3:gh:pro] Saved 28,782 worker words
[w3:gh:pro] Searching "horq" | queue=333 | words=28782
[w3:gh:pro] Pacing 15s before "horq" (gap=15500ms)
[w3:gh:pro] Managed Turnstile token (len=816, 5995ms, reset)
[w3:gh:pro] [api] 200 mode=pro startsWith=horq
[w3:gh:pro] [api] 200 mode=pro startsWith=horq (399ms direct)
[w3:gh:pro] "horq" → 0 records, 0 words
[w3:gh:pro] "horq" branch complete
[w3:gh:pro] Saved 28,782 worker words
[w3:gh:pro] Searching "horr" | queue=332 | words=28782
[w3:gh:pro] Pacing 16s before "horr" (gap=15500ms)
[w3:gh:pro] Managed Turnstile token (len=816, 4977ms, reset)
[w3:gh:pro] [api] 200 mode=pro startsWith=horr
[w3:gh:pro] [api] 200 mode=pro startsWith=horr (632ms direct)
[w3:gh:pro] "horr" → 53 records, 53 words
[w3:gh:pro] "horr" branch complete
[w3:gh:pro] Saved 28,835 worker words
[w3:gh:pro] Searching "hors" | queue=331 | words=28835
[w3:gh:pro] Pacing 14s before "hors" (gap=15500ms)
[w3:gh:pro] heartbeat words=28835 queue=331 rotation=14 idle=6s
[w3:gh:pro] Managed Turnstile token (len=816, 15528ms, reset)
[w3:gh:pro] [api] 200 mode=pro startsWith=hors
[w3:gh:pro] [api] 200 mode=pro startsWith=hors (448ms direct)
[w3:gh:pro] "hors" → 100 records, 100 words (incl. exact "hors")
[w3:gh:pro] Pacing 15s before "hors" (gap=15500ms)
[w3:gh:pro] Site Turnstile remint timed out (24344ms)
[w3:gh:pro] Site Turnstile remint timed out (23235ms)
[w3:gh:pro] heartbeat words=28935 queue=331 rotation=14 idle=3s
[w3:gh:pro] Site Turnstile remint timed out (25185ms)
[w3:gh:pro] Turnstile mint hard timeout after 28000ms
[w3:gh:pro] Site Turnstile remint timed out (32310ms)
[w3:gh:pro] Managed Turnstile token (len=816, 4555ms, remount)
[w3:gh:pro] [api] 200 mode=pro startsWith=hors
[w3:gh:pro] [api] 200 mode=pro startsWith=hors sort=alphabetical:desc (572ms direct)
[w3:gh:pro] "hors" full page ends at "horseshoed" (next='e'); skip 25 covered groups → 3 children reverse Z→A ends at "horsehide" (lo='e' hi='y'); skip 19 middle + 45 new words
[w3:gh:pro] Saved 28,980 worker words
[w3:gh:pro] Searching "hort" | queue=333 | words=28980
[w3:gh:pro] Pacing 15s before "hort" (gap=15500ms)
[w3:gh:pro] heartbeat words=28980 queue=333 rotation=14 idle=4s
[w3:gh:pro] Managed Turnstile token (len=816, 4366ms, reset)
[w3:gh:pro] [api] 200 mode=pro startsWith=hort
[w3:gh:pro] [api] 200 mode=pro startsWith=hort (982ms direct)
[w3:gh:pro] "hort" → 29 records, 29 words (incl. exact "hort")
[w3:gh:pro] "hort" branch complete
[w3:gh:pro] Saved 29,009 worker words
[w3:gh:pro] Searching "horu" | queue=332 | words=29009
[w3:gh:pro] Pacing 15s before "horu" (gap=15500ms)
[w3:gh:pro] Managed Turnstile token (len=816, 5540ms, reset)
[w3:gh:pro] [api] 200 mode=pro startsWith=horu
[w3:gh:pro] [api] 200 mode=pro startsWith=horu (500ms direct)
[w3:gh:pro] "horu" → 0 records, 0 words
[w3:gh:pro] "horu" branch complete
[w3:gh:pro] Saved 29,009 worker words
[w3:gh:pro] Searching "horv" | queue=331 | words=29009
[w3:gh:pro] Pacing 14s before "horv" (gap=15500ms)
[w3:gh:pro] Managed Turnstile token (len=816, 8823ms, reset)
[w3:gh:pro] [api] 200 mode=pro startsWith=horv
[w3:gh:pro] [api] 200 mode=pro startsWith=horv (485ms direct)
[w3:gh:pro] "horv" → 1 records, 1 words
[w3:gh:pro] "horv" branch complete
[w3:gh:pro] Saved 29,010 worker words; shared last.txt now 309,029
[w3:gh:pro] Searching "horw" | queue=330 | words=29010
[w3:gh:pro] Pacing 15s before "horw" (gap=15500ms)
[w3:gh:pro] Managed Turnstile token (len=816, 10873ms, reset)
[w3:gh:pro] [api] 200 mode=pro startsWith=horw
[w3:gh:pro] [api] 200 mode=pro startsWith=horw (527ms direct)
[w3:gh:pro] "horw" → 0 records, 0 words
[w3:gh:pro] "horw" branch complete
[w3:gh:pro] Saved 29,010 worker words
[w3:gh:pro] Searching "horx" | queue=329 | words=29010
[w3:gh:pro] Pacing 15s before "horx" (gap=15500ms)
[w3:gh:pro] heartbeat words=29010 queue=329 rotation=14 idle=1s
[w3:gh:pro] Managed Turnstile token (len=816, 7583ms, reset)
[w3:gh:pro] [api] 200 mode=pro startsWith=horx
[w3:gh:pro] [api] 200 mode=pro startsWith=horx (529ms direct)
[w3:gh:pro] "horx" → 0 records, 0 words
[w3:gh:pro] "horx" branch complete
[w3:gh:pro] Saved 29,010 worker words
[w3:gh:pro] Searching "hory" | queue=328 | words=29010
[w3:gh:pro] Pacing 14s before "hory" (gap=15500ms)
[w3:gh:pro] Managed Turnstile token (len=816, 14940ms, reset)
[w3:gh:pro] [api] 200 mode=pro startsWith=hory
[w3:gh:pro] [api] 200 mode=pro startsWith=hory (469ms direct)
[w3:gh:pro] "hory" → 1 records, 1 words (incl. exact "hory")
[w3:gh:pro] "hory" branch complete
[w3:gh:pro] Saved 29,011 worker words
[w3:gh:pro] Searching "horz" | queue=327 | words=29011
[w3:gh:pro] Pacing 14s before "horz" (gap=15500ms)
[w3:gh:pro] heartbeat words=29011 queue=327 rotation=14 idle=27s
[w3:gh:pro] Turnstile mint hard timeout after 28000ms
[w3:gh:pro] Site Turnstile remint timed out (30368ms)
[w3:gh:pro] Site Turnstile remint timed out (25229ms)
[w3:gh:pro] Turnstile token present (len=816)
[w3:gh:pro] Site Turnstile token (19553ms)
[w3:gh:pro] [api] 200 mode=pro startsWith=horz
[w3:gh:pro] [api] 200 mode=pro startsWith=horz (505ms direct)
[w3:gh:pro] "horz" → 0 records, 0 words
[w3:gh:pro] "horz" branch complete
[w3:gh:pro] Saved 29,011 worker words
[w3:gh:pro] Searching "host" | queue=326 | words=29011
[w3:gh:pro] Pacing 14s before "host" (gap=15500ms)
[w3:gh:pro] heartbeat words=29011 queue=326 rotation=14 idle=12s
[w3:gh:pro] Turnstile mint hard timeout after 28000ms
[w3:gh:pro] Site Turnstile remint timed out (25695ms)
[w3:gh:pro] Managed Turnstile token (len=816, 5894ms, remount)
[w3:gh:pro] [api] 200 mode=pro startsWith=host
[w3:gh:pro] [api] 200 mode=pro startsWith=host (499ms direct)
[w3:gh:pro] "host" → 54 records, 54 words (incl. exact "host")
[w3:gh:pro] "host" branch complete
[w3:gh:pro] Saved 29,053 worker words
[w3:gh:pro] Searching "hosu" | queue=325 | words=29053
[w3:gh:pro] Pacing 15s before "hosu" (gap=15500ms)
[w3:gh:pro] Managed Turnstile token (len=816, 5173ms, reset)
[w3:gh:pro] heartbeat words=29053 queue=325 rotation=14 idle=6s
[w3:gh:pro] [api] 200 mode=pro startsWith=hosu
[w3:gh:pro] [api] 200 mode=pro startsWith=hosu (510ms direct)
[w3:gh:pro] "hosu" → 0 records, 0 words
[w3:gh:pro] "hosu" branch complete
[w3:gh:pro] Saved 29,053 worker words
[w3:gh:pro] Searching "hosv" | queue=324 | words=29053
[w3:gh:pro] Pacing 15s before "hosv" (gap=15500ms)
[w3:gh:pro] Managed Turnstile token (len=816, 16890ms, reset)
[w3:gh:pro] [api] 200 mode=pro startsWith=hosv
[w3:gh:pro] [api] 200 mode=pro startsWith=hosv (619ms direct)
[w3:gh:pro] "hosv" → 0 records, 0 words
[w3:gh:pro] "hosv" branch complete
[w3:gh:pro] Saved 29,053 worker words
[w3:gh:pro] Searching "hosw" | queue=323 | words=29053
[w3:gh:pro] Pacing 14s before "hosw" (gap=15500ms)
[w3:gh:pro] Turnstile token present (len=816)
[w3:gh:pro] Site Turnstile token (21543ms)
[w3:gh:pro] [api] 200 mode=pro startsWith=hosw
[w3:gh:pro] [api] 200 mode=pro startsWith=hosw (508ms direct)
[w3:gh:pro] "hosw" → 0 records, 0 words
[w3:gh:pro] "hosw" branch complete
[w3:gh:pro] Saved 29,053 worker words; shared last.txt now 309,429
[w3:gh:pro] Searching "hosx" | queue=322 | words=29053
[w3:gh:pro] Pacing 5s before "hosx" (gap=15500ms)
[w3:gh:pro] Managed Turnstile token (len=816, 12401ms, remount)
[w3:gh:pro] heartbeat words=29053 queue=322 rotation=14 idle=2s
[w3:gh:pro] [api] 200 mode=pro startsWith=hosx
[w3:gh:pro] [api] 200 mode=pro startsWith=hosx (468ms direct)
[w3:gh:pro] "hosx" → 0 records, 0 words
[w3:gh:pro] "hosx" branch complete
[w3:gh:pro] Saved 29,053 worker words
[w3:gh:pro] Searching "hosy" | queue=321 | words=29053
[w3:gh:pro] Pacing 15s before "hosy" (gap=15500ms)
[w3:gh:pro] Managed Turnstile token (len=816, 5088ms, reset)
[w3:gh:pro] [api] 200 mode=pro startsWith=hosy
[w3:gh:pro] [api] 200 mode=pro startsWith=hosy (474ms direct)
[w3:gh:pro] "hosy" → 0 records, 0 words
[w3:gh:pro] "hosy" branch complete
[w3:gh:pro] Saved 29,053 worker words
[w3:gh:pro] Searching "hosz" | queue=320 | words=29053
[w3:gh:pro] Pacing 16s before "hosz" (gap=15500ms)
[w3:gh:pro] Managed Turnstile token (len=816, 4710ms, reset)
[w3:gh:pro] [api] 200 mode=pro startsWith=hosz
[w3:gh:pro] [api] 200 mode=pro startsWith=hosz (566ms direct)
[w3:gh:pro] "hosz" → 0 records, 0 words
[w3:gh:pro] "hosz" branch complete
[w3:gh:pro] Saved 29,053 worker words
[w3:gh:pro] Searching "hotm" | queue=319 | words=29053
[w3:gh:pro] Pacing 15s before "hotm" (gap=15500ms)
[w3:gh:pro] Managed Turnstile token (len=816, 5039ms, reset)
[w3:gh:pro] [api] 200 mode=pro startsWith=hotm
[w3:gh:pro] [api] 200 mode=pro startsWith=hotm (484ms direct)
[w3:gh:pro] "hotm" → 2 records, 2 words
[w3:gh:pro] "hotm" branch complete
[w3:gh:pro] Saved 29,053 worker words
[w3:gh:pro] Searching "hotn" | queue=318 | words=29053
[w3:gh:pro] Pacing 15s before "hotn" (gap=15500ms)
[w3:gh:pro] Managed Turnstile token (len=816, 6151ms, reset)
[w3:gh:pro] heartbeat words=29053 queue=318 rotation=14 idle=6s
[w3:gh:pro] [api] 200 mode=pro startsWith=hotn
[w3:gh:pro] [api] 200 mode=pro startsWith=hotn (618ms direct)
[w3:gh:pro] "hotn" → 2 records, 2 words
[w3:gh:pro] "hotn" branch complete
[w3:gh:pro] Saved 29,055 worker words
[w3:gh:pro] Searching "hoto" | queue=317 | words=29055
[w3:gh:pro] Pacing 15s before "hoto" (gap=15500ms)
[w3:gh:pro] Managed Turnstile token (len=816, 16747ms, reset)
[w3:gh:pro] [api] 200 mode=pro startsWith=hoto
[w3:gh:pro] [api] 200 mode=pro startsWith=hoto (640ms direct)
[w3:gh:pro] "hoto" → 0 records, 0 words
[w3:gh:pro] "hoto" branch complete
[w3:gh:pro] Saved 29,055 worker words
[w3:gh:pro] Searching "hotp" | queue=316 | words=29055
[w3:gh:pro] Pacing 12s before "hotp" (gap=15500ms)
[w3:gh:pro] Site Turnstile remint timed out (27263ms)
[w3:gh:pro] heartbeat words=29055 queue=316 rotation=14 idle=12s
[w3:gh:pro] Turnstile token present (len=816)
[w3:gh:pro] Site Turnstile token (24942ms)
[w3:gh:pro] [api] 200 mode=pro startsWith=hotp
[w3:gh:pro] [api] 200 mode=pro startsWith=hotp (832ms direct)
[w3:gh:pro] "hotp" → 8 records, 8 words
[w3:gh:pro] "hotp" branch complete
[w3:gh:pro] Saved 29,063 worker words
[w3:gh:pro] Searching "hotq" | queue=315 | words=29063
[w3:gh:pro] Pacing 13s before "hotq" (gap=15500ms)
[w3:gh:pro] Turnstile mint hard timeout after 28000ms
[w3:gh:pro] Site Turnstile remint timed out (33351ms)
[w3:gh:pro] heartbeat words=29063 queue=315 rotation=14 idle=11s
[w3:gh:pro] Turnstile token present (len=816)
[w3:gh:pro] Site Turnstile token (27993ms)
[w3:gh:pro] [api] 200 mode=pro startsWith=hotq
[w3:gh:pro] [api] 200 mode=pro startsWith=hotq (605ms direct)
[w3:gh:pro] "hotq" → 0 records, 0 words
[w3:gh:pro] "hotq" branch complete
[w3:gh:pro] Saved 29,063 worker words; shared last.txt now 309,755
[w3:gh:pro] Searching "hotr" | queue=314 | words=29063
[w3:gh:pro] Pacing 7s before "hotr" (gap=15500ms)
[w3:gh:pro] Managed Turnstile token (len=816, 15820ms, remount)
[w3:gh:pro] [api] 200 mode=pro startsWith=hotr
[w3:gh:pro] [api] 200 mode=pro startsWith=hotr (538ms direct)
[w3:gh:pro] "hotr" → 2 records, 2 words
[w3:gh:pro] "hotr" branch complete
[w3:gh:pro] Saved 29,065 worker words
[w3:gh:pro] Searching "hots" | queue=313 | words=29065
[w3:gh:pro] Pacing 14s before "hots" (gap=15500ms)
[w3:gh:pro] Managed Turnstile token (len=816, 7525ms, reset)
[w3:gh:pro] [api] 200 mode=pro startsWith=hots
[w3:gh:pro] [api] 200 mode=pro startsWith=hots (671ms direct)
[w3:gh:pro] "hots" → 14 records, 14 words (incl. exact "hots")
[w3:gh:pro] "hots" branch complete
[w3:gh:pro] Saved 29,079 worker words
[w3:gh:pro] Searching "hott" | queue=312 | words=29079
[w3:gh:pro] Pacing 15s before "hott" (gap=15500ms)
[w3:gh:pro] Managed Turnstile token (len=816, 6401ms, reset)
[w3:gh:pro] heartbeat words=29079 queue=312 rotation=14 idle=7s
[w3:gh:pro] [api] 200 mode=pro startsWith=hott
[w3:gh:pro] [api] 200 mode=pro startsWith=hott (433ms direct)
[w3:gh:pro] "hott" → 24 records, 24 words
[w3:gh:pro] "hott" branch complete
[w3:gh:pro] Saved 29,103 worker words
[w3:gh:pro] Searching "hotu" | queue=311 | words=29103
[w3:gh:pro] Pacing 15s before "hotu" (gap=15500ms)
[w3:gh:pro] Managed Turnstile token (len=816, 10097ms, reset)
[w3:gh:pro] [api] 200 mode=pro startsWith=hotu
[w3:gh:pro] [api] 200 mode=pro startsWith=hotu (545ms direct)
[w3:gh:pro] "hotu" → 0 records, 0 words
[w3:gh:pro] "hotu" branch complete
[w3:gh:pro] Saved 29,103 worker words
[w3:gh:pro] Searching "hotv" | queue=310 | words=29103
[w3:gh:pro] Pacing 14s before "hotv" (gap=15500ms)
[w3:gh:pro] Managed Turnstile token (len=816, 14747ms, reset)
[w3:gh:pro] [api] 200 mode=pro startsWith=hotv
[w3:gh:pro] [api] 200 mode=pro startsWith=hotv (866ms direct)
[w3:gh:pro] "hotv" → 0 records, 0 words
[w3:gh:pro] "hotv" branch complete
[w3:gh:pro] Saved 29,103 worker words
[w3:gh:pro] Searching "hotw" | queue=309 | words=29103
[w3:gh:pro] Pacing 14s before "hotw" (gap=15500ms)
[w3:gh:pro] Turnstile token present (len=816)
[w3:gh:pro] Site Turnstile token (21076ms)
[w3:gh:pro] [api] 200 mode=pro startsWith=hotw
[w3:gh:pro] [api] 200 mode=pro startsWith=hotw (873ms direct)
[w3:gh:pro] "hotw" → 0 records, 0 words
[w3:gh:pro] "hotw" branch complete
[w3:gh:pro] Saved 29,103 worker words
[w3:gh:pro] Searching "hotx" | queue=308 | words=29103
[w3:gh:pro] Pacing 14s before "hotx" (gap=15500ms)
[w3:gh:pro] heartbeat words=29103 queue=308 rotation=14 idle=2s
[w3:gh:pro] Site Turnstile remint timed out (24837ms)
[w3:gh:pro] Turnstile mint hard timeout after 28000ms
[w3:gh:pro] Site Turnstile remint timed out (33306ms)
[w3:gh:pro] heartbeat words=29103 queue=308 rotation=14 idle=4s
[w3:gh:pro] Turnstile mint hard timeout after 28000ms
[w3:gh:pro] Site Turnstile remint timed out (31426ms)
[w3:gh:pro] Managed Turnstile token (len=816, 16583ms, remount)
[w3:gh:pro] [api] 200 mode=pro startsWith=hotx
[w3:gh:pro] [api] 200 mode=pro startsWith=hotx (415ms direct)
[w3:gh:pro] "hotx" → 0 records, 0 words
[w3:gh:pro] "hotx" branch complete
[w3:gh:pro] Saved 29,103 worker words
[w3:gh:pro] Searching "hoty" | queue=307 | words=29103
[w3:gh:pro] Pacing 16s before "hoty" (gap=15500ms)
[w3:gh:pro] Managed Turnstile token (len=816, 4731ms, reset)
[w3:gh:pro] [api] 200 mode=pro startsWith=hoty
[w3:gh:pro] [api] 200 mode=pro startsWith=hoty (672ms direct)
[w3:gh:pro] "hoty" → 0 records, 0 words
[w3:gh:pro] "hoty" branch complete
[w3:gh:pro] Saved 29,103 worker words; shared last.txt now 310,137
[w3:gh:pro] Searching "hotz" | queue=306 | words=29103
[w3:gh:pro] Pacing 15s before "hotz" (gap=15500ms)
[w3:gh:pro] heartbeat words=29103 queue=306 rotation=14 idle=7s
[w3:gh:pro] Managed Turnstile token (len=816, 8197ms, reset)
[w3:gh:pro] [api] 200 mode=pro startsWith=hotz
[w3:gh:pro] [api] 200 mode=pro startsWith=hotz (720ms direct)
[w3:gh:pro] "hotz" → 1 records, 1 words
[w3:gh:pro] "hotz" branch complete
[w3:gh:pro] Saved 29,104 worker words
[w3:gh:pro] Searching "hous" | queue=305 | words=29104
[w3:gh:pro] Pacing 12s before "hous" (gap=15500ms)
[w3:gh:pro] Site Turnstile remint timed out (25844ms)
[w3:gh:pro] heartbeat words=29104 queue=305 rotation=14 idle=25s
[w3:gh:pro] Site Turnstile remint timed out (26768ms)
[w3:gh:pro] Turnstile mint hard timeout after 28000ms
[w3:gh:pro] Site Turnstile remint timed out (30780ms)
[w3:gh:pro] Site Turnstile remint timed out (27168ms)
[w3:gh:pro] Failed "hous" attempt 1: No Turnstile token for direct search
[w3:gh:pro] heartbeat words=29104 queue=306 rotation=14 idle=4s
[w3:gh:pro] Saved 29,104 worker words
[w3:gh:pro] Turnstile miss — soft reload before rotate
[w3:gh:pro] Site Turnstile remint timed out (683912ms)
[w3:gh:pro] Site Turnstile remint timed out (14128ms)
[w3:gh:pro] Soft reload mint failed — rotating immediately
[w3:gh:pro] Tor exited code=0
[w3:gh:pro] Starting Tor gen=16 socks=127.0.0.1:19053 (try 1)
[w3:gh:pro] tor: Aug 05 12:00:09.438 [warn] Fixing permissions on directory /tmp/lll-tor-w3
[w3:gh:pro] tor: Aug 05 12:00:09.000 [notice] Bootstrapped 0% (starting): Starting
Aug 05 12:00:09.000 [notice] Starting with guard context "default"
[w3:gh:pro] tor: Aug 05 12:00:10.000 [notice] Bootstrapped 5% (conn): Connecting to a relay
[w3:gh:pro] tor: Aug 05 12:00:10.000 [notice] Bootstrapped 10% (conn_done): Connected to a relay
[w3:gh:pro] tor: Aug 05 12:00:11.000 [notice] Bootstrapped 14% (handshake): Handshaking with a relay
[w3:gh:pro] tor: Aug 05 12:00:11.000 [notice] Bootstrapped 15% (handshake_done): Handshake with a relay done
Aug 05 12:00:11.000 [notice] Bootstrapped 20% (onehop_create): Estab
[w3:gh:pro] tor: Aug 05 12:00:11.000 [notice] Bootstrapped 25% (requesting_status): Asking for networkstatus consensus
[w3:gh:pro] tor: Aug 05 12:00:12.000 [notice] Bootstrapped 30% (loading_status): Loading networkstatus consensus
[w3:gh:pro] tor: Aug 05 12:00:15.000 [notice] Bootstrapped 40% (loading_keys): Loading authority key certs
[w3:gh:pro] tor: Aug 05 12:00:16.000 [notice] Bootstrapped 45% (requesting_descriptors): Asking for relay descriptors
Aug 05 12:00:16.000 [notice] I learned some more directory 
[w3:gh:pro] tor: Aug 05 12:00:16.000 [notice] Bootstrapped 50% (loading_descriptors): Loading relay descriptors
[w3:gh:pro] tor: Aug 05 12:00:22.000 [notice] Bootstrapped 55% (loading_descriptors): Loading relay descriptors
[w3:gh:pro] tor: Aug 05 12:00:22.000 [notice] Bootstrapped 61% (loading_descriptors): Loading relay descriptors
[w3:gh:pro] tor: Aug 05 12:00:23.000 [notice] Bootstrapped 67% (loading_descriptors): Loading relay descriptors
[w3:gh:pro] tor: Aug 05 12:00:23.000 [notice] Bootstrapped 75% (enough_dirinfo): Loaded enough directory info to build circuits
[w3:gh:pro] tor: Aug 05 12:00:23.000 [notice] Bootstrapped 90% (ap_handshake_done): Handshake finished with a relay to build circuits
Aug 05 12:00:23.000 [notice] Bootstrapped 9
[w3:gh:pro] tor: Aug 05 12:00:24.000 [notice] Bootstrapped 100% (done): Done
[w3:gh:pro] Tor ready on 19053 exit=185.220.101.21
[w3:gh:pro] Rotating IP (#15, try 1) after No Turnstile token for direct search → tor#16 socks5://127.0.0.1:19053
[w3:gh:pro] Launching persistent Chrome profile /tmp/lll-pw-w3-r15
[w3:gh:pro] Proxy tor#16 socks5://127.0.0.1:19053
[w3:gh:pro] Opening https://lastletterlibrary.com
[w3:gh:pro] Library mode=pro
[w3:gh:pro] heartbeat words=29104 queue=306 rotation=15 idle=15s
[w3:gh:pro] Site Turnstile remint timed out (22257ms)
[w3:gh:pro] Search mode=direct (skip UI Wait Ns… gate)
[w3:gh:pro] Cleaned 1 old rotated profile(s)
[w3:gh:pro] Browser exit IP=185.246.188.74 (unique)
[w3:gh:pro] Searching "hous" | queue=305 | words=29104
[w3:gh:pro] Site Turnstile remint timed out (22989ms)
[w3:gh:pro] Site Turnstile remint timed out (22696ms)
[w3:gh:pro] heartbeat words=29104 queue=305 rotation=15 idle=7s
[w3:gh:pro] Site Turnstile remint timed out (24552ms)
[w3:gh:pro] Turnstile token present (len=816)
[w3:gh:pro] Site Turnstile token (21157ms)
[w3:gh:pro] [api] 200 mode=pro startsWith=hous
[w3:gh:pro] [api] 200 mode=pro startsWith=hous (582ms direct)
[w3:gh:pro] "hous" → 100 records, 100 words
[w3:gh:pro] Pacing 15s before "hous" (gap=15500ms)
[w3:gh:pro] heartbeat words=29176 queue=305 rotation=15 idle=20s
[w3:gh:pro] Turnstile mint hard timeout after 28000ms
[w3:gh:pro] Site Turnstile remint timed out (34850ms)
[w3:gh:pro] Site Turnstile remint timed out (28045ms)
[w3:gh:pro] heartbeat words=29176 queue=305 rotation=15 idle=24s
[w3:gh:pro] Site Turnstile remint timed out (24996ms)
[w3:gh:pro] Turnstile token present (len=816)
[w3:gh:pro] Site Turnstile token (20377ms)
[w3:gh:pro] [api] 200 mode=pro startsWith=hous
[w3:gh:pro] [api] 200 mode=pro startsWith=hous sort=alphabetical:desc (440ms direct)
[w3:gh:pro] "hous" full page ends at "housemastership" (next='e'); skip 25 covered groups → 3 children reverse Z→A ends at "houselet" (lo='e' hi='y'); skip 19 middle + 80 new words
[w3:gh:pro] Saved 29,256 worker words
[w3:gh:pro] Searching "hout" | queue=307 | words=29256
[w3:gh:pro] Pacing 15s before "hout" (gap=15500ms)
[w3:gh:pro] Turnstile token present (len=816)
[w3:gh:pro] Site Turnstile token (19829ms)
[w3:gh:pro] [api] 200 mode=pro startsWith=hout
[w3:gh:pro] [api] 200 mode=pro startsWith=hout (433ms direct)
[w3:gh:pro] "hout" → 7 records, 7 words (incl. exact "hout")
[w3:gh:pro] "hout" branch complete
[w3:gh:pro] Saved 29,263 worker words
[w3:gh:pro] Searching "houu" | queue=306 | words=29263
[w3:gh:pro] Pacing 15s before "houu" (gap=15500ms)
[w3:gh:pro] heartbeat words=29263 queue=306 rotation=15 idle=17s
[w3:gh:pro] Turnstile token present (len=816)
[w3:gh:pro] Site Turnstile token (23779ms)
[w3:gh:pro] [api] 200 mode=pro startsWith=houu
[w3:gh:pro] [api] 200 mode=pro startsWith=houu (532ms direct)
[w3:gh:pro] "houu" → 0 records, 0 words
[w3:gh:pro] "houu" branch complete
[w3:gh:pro] Saved 29,263 worker words
[w3:gh:pro] Searching "houv" | queue=305 | words=29263
[w3:gh:pro] Pacing 12s before "houv" (gap=15500ms)
[w3:gh:pro] Site Turnstile remint timed out (27104ms)
[w3:gh:pro] heartbeat words=29263 queue=305 rotation=15 idle=24s
[w3:gh:pro] Site Turnstile remint timed out (26193ms)
[w3:gh:pro] Site Turnstile remint timed out (22664ms)
[w3:gh:pro] Site Turnstile remint timed out (24528ms)
[w3:gh:pro] heartbeat words=29263 queue=305 rotation=15 idle=11s
[w3:gh:pro] Turnstile mint hard timeout after 28000ms
[w3:gh:pro] Failed "houv" attempt 1: No Turnstile token for direct search
[w3:gh:pro] Saved 29,263 worker words
[w3:gh:pro] Turnstile miss — soft reload before rotate
[w3:gh:pro] Site Turnstile remint timed out (32870ms)
[w3:gh:pro] Site Turnstile remint timed out (12480ms)
[w3:gh:pro] Soft reload mint failed — rotating immediately
[w3:gh:pro] Starting Tor gen=17 socks=127.0.0.1:19053 (try 1)
[w3:gh:pro] tor: Aug 05 12:07:26.609 [notice] Tor 0.4.8.12 running on Darwin with Libevent 2.1.12-stable, OpenSSL 3.6.3, Zlib 1.2.12, Liblzma N/A, Libzstd N/A and Unknown N/A as
[w3:gh:pro] Tor exited code=0
[w3:gh:pro] tor: Aug 05 12:07:27.000 [notice] Bootstrapped 0% (starting): Starting
[w3:gh:pro] tor: Aug 05 12:07:28.000 [notice] Bootstrapped 5% (conn): Connecting to a relay
[w3:gh:pro] tor: Aug 05 12:07:28.000 [notice] Bootstrapped 10% (conn_done): Connected to a relay
[w3:gh:pro] tor: Aug 05 12:07:29.000 [notice] Bootstrapped 14% (handshake): Handshaking with a relay
[w3:gh:pro] tor: Aug 05 12:07:29.000 [notice] Bootstrapped 15% (handshake_done): Handshake with a relay done
Aug 05 12:07:29.000 [notice] Bootstrapped 20% (onehop_create): Estab
[w3:gh:pro] tor: Aug 05 12:07:29.000 [notice] Bootstrapped 25% (requesting_status): Asking for networkstatus consensus
[w3:gh:pro] tor: Aug 05 12:07:30.000 [notice] Bootstrapped 30% (loading_status): Loading networkstatus consensus
[w3:gh:pro] tor: Aug 05 12:07:33.000 [notice] Bootstrapped 40% (loading_keys): Loading authority key certs
[w3:gh:pro] tor: Aug 05 12:07:35.000 [notice] Bootstrapped 45% (requesting_descriptors): Asking for relay descriptors
Aug 05 12:07:35.000 [notice] I learned some more directory 
[w3:gh:pro] tor: Aug 05 12:07:36.000 [notice] Bootstrapped 50% (loading_descriptors): Loading relay descriptors
[w3:gh:pro] heartbeat words=29263 queue=306 rotation=16 idle=11s
[w3:gh:pro] tor: Aug 05 12:07:51.000 [notice] Bootstrapped 55% (loading_descriptors): Loading relay descriptors
[w3:gh:pro] tor: Aug 05 12:07:58.000 [notice] Bootstrapped 61% (loading_descriptors): Loading relay descriptors
[w3:gh:pro] tor: Aug 05 12:08:01.000 [notice] Bootstrapped 67% (loading_descriptors): Loading relay descriptors
[w3:gh:pro] tor: Aug 05 12:08:10.000 [notice] Bootstrapped 75% (enough_dirinfo): Loaded enough directory info to build circuits
[w3:gh:pro] tor: Aug 05 12:08:11.000 [notice] Bootstrapped 90% (ap_handshake_done): Handshake finished with a relay to build circuits
Aug 05 12:08:11.000 [notice] Bootstrapped 9
[w3:gh:pro] tor: Aug 05 12:08:12.000 [notice] Bootstrapped 100% (done): Done
[w3:gh:pro] Tor ready on 19053 exit=185.220.101.30
[w3:gh:pro] Rotating IP (#16, try 1) after No Turnstile token for direct search → tor#17 socks5://127.0.0.1:19053
[w3:gh:pro] Launching persistent Chrome profile /tmp/lll-pw-w3-r16
[w3:gh:pro] Proxy tor#17 socks5://127.0.0.1:19053
[w3:gh:pro] Opening https://lastletterlibrary.com
[w3:gh:pro] Library mode=pro
[w3:gh:pro] Managed Turnstile token (len=816, 12932ms, remount)
[w3:gh:pro] Search mode=direct (skip UI Wait Ns… gate)
[w3:gh:pro] Cleaned 1 old rotated profile(s)
[w3:gh:pro] Browser exit IP=192.42.116.45 (unique)
[w3:gh:pro] Searching "houv" | queue=305 | words=29263
[w3:gh:pro] [api] 200 mode=pro startsWith=houv
[w3:gh:pro] [api] 200 mode=pro startsWith=houv (543ms direct)
[w3:gh:pro] "houv" → 2 records, 2 words
[w3:gh:pro] "houv" branch complete
[w3:gh:pro] Saved 29,265 worker words
[w3:gh:pro] Searching "houw" | queue=304 | words=29265
[w3:gh:pro] Pacing 15s before "houw" (gap=15500ms)
[w3:gh:pro] heartbeat words=29265 queue=304 rotation=16 idle=3s
[w3:gh:pro] Site Turnstile remint timed out (25840ms)
[w3:gh:pro] Site Turnstile remint timed out (23295ms)
[w3:gh:pro] heartbeat words=29265 queue=304 rotation=16 idle=14s
[w3:gh:pro] Turnstile token present (len=837)
[w3:gh:pro] Site Turnstile token (23239ms)
[w3:gh:pro] [api] 200 mode=pro startsWith=houw
[w3:gh:pro] [api] 200 mode=pro startsWith=houw (655ms direct)
[w3:gh:pro] "houw" → 0 records, 0 words
[w3:gh:pro] "houw" branch complete
[w3:gh:pro] Saved 29,265 worker words; shared last.txt now 312,848
[w3:gh:pro] Searching "houx" | queue=303 | words=29265
[w3:gh:pro] Turnstile mint hard timeout after 28000ms
[w3:gh:pro] Site Turnstile remint timed out (31865ms)
[w3:gh:pro] heartbeat words=29265 queue=303 rotation=16 idle=17s
[w3:gh:pro] Turnstile mint hard timeout after 28000ms
[w3:gh:pro] Site Turnstile remint timed out (28713ms)
[w3:gh:pro] Turnstile mint hard timeout after 28000ms
[w3:gh:pro] Site Turnstile remint timed out (31271ms)
[w3:gh:pro] Site Turnstile remint timed out (23840ms)
[w3:gh:pro] Failed "houx" attempt 1: No Turnstile token for direct search
[w3:gh:pro] heartbeat words=29265 queue=304 rotation=16 idle=1s
[w3:gh:pro] Saved 29,265 worker words
[w3:gh:pro] Turnstile miss — soft reload before rotate
[w3:gh:pro] Turnstile mint hard timeout after 15000ms
[w3:gh:pro] Soft reload mint failed — rotating immediately
[w3:gh:pro] Site Turnstile remint timed out (15206ms)
[w3:gh:pro] Tor exited code=0
[w3:gh:pro] Starting Tor gen=18 socks=127.0.0.1:19053 (try 1)
[w3:gh:pro] tor: Aug 05 12:12:08.927 [warn] Fixing permissions on directory /tmp/lll-tor-w3
[w3:gh:pro] tor: Aug 05 12:12:09.000 [notice] Bootstrapped 0% (starting): Starting
Aug 05 12:12:09.000 [notice] Starting with guard context "default"
[w3:gh:pro] tor: Aug 05 12:12:10.000 [notice] Bootstrapped 5% (conn): Connecting to a relay
[w3:gh:pro] tor: Aug 05 12:12:10.000 [notice] Bootstrapped 10% (conn_done): Connected to a relay
[w3:gh:pro] tor: Aug 05 12:12:11.000 [notice] Bootstrapped 14% (handshake): Handshaking with a relay
[w3:gh:pro] tor: Aug 05 12:12:12.000 [notice] Bootstrapped 15% (handshake_done): Handshake with a relay done
Aug 05 12:12:12.000 [notice] Bootstrapped 20% (onehop_create): Estab
[w3:gh:pro] tor: Aug 05 12:12:12.000 [notice] Bootstrapped 25% (requesting_status): Asking for networkstatus consensus
[w3:gh:pro] tor: Aug 05 12:12:12.000 [notice] Bootstrapped 30% (loading_status): Loading networkstatus consensus
[w3:gh:pro] tor: Aug 05 12:12:14.000 [notice] Bootstrapped 40% (loading_keys): Loading authority key certs
[w3:gh:pro] tor: Aug 05 12:12:15.000 [notice] Bootstrapped 45% (requesting_descriptors): Asking for relay descriptors
Aug 05 12:12:15.000 [notice] I learned some more directory 
[w3:gh:pro] tor: Aug 05 12:12:16.000 [notice] Bootstrapped 50% (loading_descriptors): Loading relay descriptors
[w3:gh:pro] tor: Aug 05 12:12:23.000 [notice] Bootstrapped 55% (loading_descriptors): Loading relay descriptors
[w3:gh:pro] tor: Aug 05 12:12:24.000 [notice] Bootstrapped 61% (loading_descriptors): Loading relay descriptors
[w3:gh:pro] tor: Aug 05 12:12:24.000 [notice] Bootstrapped 67% (loading_descriptors): Loading relay descriptors
[w3:gh:pro] tor: Aug 05 12:12:25.000 [notice] Bootstrapped 75% (enough_dirinfo): Loaded enough directory info to build circuits
[w3:gh:pro] tor: Aug 05 12:12:25.000 [notice] Bootstrapped 90% (ap_handshake_done): Handshake finished with a relay to build circuits
Aug 05 12:12:25.000 [notice] Bootstrapped 9
[w3:gh:pro] tor: Aug 05 12:12:25.000 [notice] Bootstrapped 100% (done): Done
[w3:gh:pro] Tor ready on 19053 exit=45.84.107.97
[w3:gh:pro] Rotating IP (#17, try 1) after No Turnstile token for direct search → tor#18 socks5://127.0.0.1:19053
[w3:gh:pro] Launching persistent Chrome profile /tmp/lll-pw-w3-r17
[w3:gh:pro] Proxy tor#18 socks5://127.0.0.1:19053
[w3:gh:pro] Opening https://lastletterlibrary.com
[w3:gh:pro] Library mode=pro
[w3:gh:pro] Managed Turnstile token (len=816, 6230ms, remount)
[w3:gh:pro] Search mode=direct (skip UI Wait Ns… gate)
[w3:gh:pro] Cleaned 1 old rotated profile(s)
[w3:gh:pro] Browser exit IP=45.84.107.97 (unique)
[w3:gh:pro] Searching "houx" | queue=303 | words=29265
[w3:gh:pro] [api] 200 mode=pro startsWith=houx
[w3:gh:pro] [api] 200 mode=pro startsWith=houx (555ms direct)
[w3:gh:pro] "houx" → 0 records, 0 words
[w3:gh:pro] "houx" branch complete
[w3:gh:pro] Saved 29,265 worker words
[w3:gh:pro] Searching "houy" | queue=302 | words=29265
[w3:gh:pro] Pacing 15s before "houy" (gap=15500ms)
[w3:gh:pro] heartbeat words=29265 queue=302 rotation=17 idle=3s
[w3:gh:pro] Managed Turnstile token (len=816, 4102ms, reset)
[w3:gh:pro] [api] 200 mode=pro startsWith=houy
[w3:gh:pro] [api] 200 mode=pro startsWith=houy (496ms direct)
[w3:gh:pro] "houy" → 1 records, 1 words
[w3:gh:pro] "houy" branch complete
[w3:gh:pro] Saved 29,266 worker words
[w3:gh:pro] Searching "houz" | queue=301 | words=29266
[w3:gh:pro] Pacing 15s before "houz" (gap=15500ms)
[w3:gh:pro] Managed Turnstile token (len=816, 10630ms, reset)
[w3:gh:pro] [api] 200 mode=pro startsWith=houz
[w3:gh:pro] [api] 200 mode=pro startsWith=houz (1426ms direct)
[w3:gh:pro] "houz" → 0 records, 0 words
[w3:gh:pro] "houz" branch complete
[w3:gh:pro] Saved 29,266 worker words
[w3:gh:pro] Searching "humb" | queue=300 | words=29266
[w3:gh:pro] Pacing 14s before "humb" (gap=15500ms)
[w3:gh:pro] Managed Turnstile token (len=816, 11048ms, reset)
[w3:gh:pro] [api] 429 mode=pro startsWith=humb
[w3:gh:pro] [api] 429 mode=pro startsWith=humb (1521ms direct)
[w3:gh:pro] Learned server gap ≈ 15500ms (wait hint 2000ms)
[w3:gh:pro] Rate limited — inline wait 2000ms then retry "humb"
[w3:gh:pro] Managed Turnstile token (len=816, 9509ms, reset)
[w3:gh:pro] [api] 200 mode=pro startsWith=humb
[w3:gh:pro] [api] 200 mode=pro startsWith=humb (504ms direct)
[w3:gh:pro] "humb" → 48 records, 48 words
[w3:gh:pro] "humb" branch complete
[w3:gh:pro] Saved 29,279 worker words
[w3:gh:pro] Searching "humc" | queue=299 | words=29279
[w3:gh:pro] Pacing 15s before "humc" (gap=15500ms)
[w3:gh:pro] heartbeat words=29279 queue=299 rotation=17 idle=5s
[w3:gh:pro] Site Turnstile remint timed out (20998ms)
[w3:gh:pro] Site Turnstile remint timed out (22723ms)
[w3:gh:pro] heartbeat words=29279 queue=299 rotation=17 idle=22s
[w3:gh:pro] Site Turnstile remint timed out (26125ms)
[w3:gh:pro] Managed Turnstile token (len=816, 15095ms, remount)
[w3:gh:pro] [api] 200 mode=pro startsWith=humc
[w3:gh:pro] [api] 200 mode=pro startsWith=humc (537ms direct)
[w3:gh:pro] "humc" → 0 records, 0 words
[w3:gh:pro] "humc" branch complete
[w3:gh:pro] Saved 29,279 worker words
[w3:gh:pro] Searching "humd" | queue=298 | words=29279
[w3:gh:pro] Pacing 15s before "humd" (gap=15500ms)
[w3:gh:pro] Turnstile token present (len=816)
[w3:gh:pro] Site Turnstile token (23781ms)
[w3:gh:pro] [api] 200 mode=pro startsWith=humd
[w3:gh:pro] [api] 200 mode=pro startsWith=humd (688ms direct)
[w3:gh:pro] "humd" → 13 records, 13 words
[w3:gh:pro] "humd" branch complete
[w3:gh:pro] Saved 29,292 worker words
[w3:gh:pro] Searching "hume" | queue=297 | words=29292
[w3:gh:pro] Pacing 12s before "hume" (gap=15500ms)
[w3:gh:pro] Managed Turnstile token (len=816, 7314ms, remount)
[w3:gh:pro] heartbeat words=29292 queue=297 rotation=17 idle=7s
[w3:gh:pro] [api] 200 mode=pro startsWith=hume
[w3:gh:pro] [api] 200 mode=pro startsWith=hume (1200ms direct)
[w3:gh:pro] "hume" → 36 records, 36 words (incl. exact "hume")
[w3:gh:pro] "hume" branch complete
[w3:gh:pro] Saved 29,328 worker words; shared last.txt now 314,523
[w3:gh:pro] Searching "humf" | queue=296 | words=29328
[w3:gh:pro] Pacing 12s before "humf" (gap=15500ms)
[w3:gh:pro] Managed Turnstile token (len=816, 4590ms, reset)
[w3:gh:pro] [api] 429 mode=pro startsWith=humf
[w3:gh:pro] [api] 429 mode=pro startsWith=humf (655ms direct)
[w3:gh:pro] Learned server gap ≈ 15500ms (wait hint 2000ms)
[w3:gh:pro] Rate limited — inline wait 2000ms then retry "humf"
[w3:gh:pro] Managed Turnstile token (len=816, 11414ms, reset)
[w3:gh:pro] [api] 200 mode=pro startsWith=humf
[w3:gh:pro] [api] 200 mode=pro startsWith=humf (493ms direct)
[w3:gh:pro] "humf" → 4 records, 4 words (incl. exact "humf")
[w3:gh:pro] "humf" branch complete
[w3:gh:pro] Saved 29,332 worker words
[w3:gh:pro] Searching "humg" | queue=295 | words=29332
[w3:gh:pro] Pacing 15s before "humg" (gap=15500ms)
[w3:gh:pro] Managed Turnstile token (len=816, 17187ms, reset)
[w3:gh:pro] [api] 200 mode=pro startsWith=humg
[w3:gh:pro] [api] 200 mode=pro startsWith=humg (1996ms direct)
[w3:gh:pro] "humg" → 4 records, 4 words
[w3:gh:pro] "humg" branch complete
[w3:gh:pro] Saved 29,336 worker words
[w3:gh:pro] Searching "humh" | queue=294 | words=29336
[w3:gh:pro] Pacing 10s before "humh" (gap=15500ms)
[w3:gh:pro] heartbeat words=29336 queue=294 rotation=17 idle=8s
[w3:gh:pro] Turnstile token present (len=816)
[w3:gh:pro] Site Turnstile token (26253ms)
[w3:gh:pro] [api] 200 mode=pro startsWith=humh
[w3:gh:pro] [api] 200 mode=pro startsWith=humh (590ms direct)
[w3:gh:pro] "humh" → 2 records, 2 words
[w3:gh:pro] "humh" branch complete
[w3:gh:pro] Saved 29,338 worker words
[w3:gh:pro] Searching "humi" | queue=293 | words=29338
[w3:gh:pro] Pacing 13s before "humi" (gap=15500ms)
[w3:gh:pro] Managed Turnstile token (len=816, 15810ms, remount)
[w3:gh:pro] [api] 200 mode=pro startsWith=humi
[w3:gh:pro] [api] 200 mode=pro startsWith=humi (729ms direct)
[w3:gh:pro] "humi" → 71 records, 71 words
[w3:gh:pro] "humi" branch complete
[w3:gh:pro] Saved 29,409 worker words
[w3:gh:pro] Searching "humj" | queue=292 | words=29409
[w3:gh:pro] Pacing 15s before "humj" (gap=15500ms)
[w3:gh:pro] heartbeat words=29409 queue=292 rotation=17 idle=25s
[w3:gh:pro] Turnstile mint hard timeout after 28000ms
[w3:gh:pro] Turnstile token present (len=816)
[w3:gh:pro] Site Turnstile token (28629ms)
[w3:gh:pro] Turnstile mint hard timeout after 28000ms
[w3:gh:pro] Site Turnstile remint timed out (37521ms)
[w3:gh:pro] heartbeat words=29409 queue=292 rotation=17 idle=20s
[w3:gh:pro] Turnstile mint hard timeout after 28000ms
[w3:gh:pro] Site Turnstile remint timed out (32836ms)
[w3:gh:pro] Site Turnstile remint timed out (24107ms)
[w3:gh:pro] Failed "humj" attempt 1: No Turnstile token for direct search
[w3:gh:pro] Saved 29,409 worker words
[w3:gh:pro] Turnstile miss — soft reload before rotate
[w3:gh:pro] Turnstile mint hard timeout after 15000ms
[w3:gh:pro] Soft reload mint failed — rotating immediately
[w3:gh:pro] Site Turnstile remint timed out (17411ms)
[w3:gh:pro] Starting Tor gen=19 socks=127.0.0.1:19053 (try 1)
[w3:gh:pro] tor: Aug 05 12:19:43.608 [warn] Fixing permissions on directory /tmp/lll-tor-w3
[w3:gh:pro] Tor exited code=0
[w3:gh:pro] tor: Aug 05 12:19:44.000 [notice] Bootstrapped 0% (starting): Starting
Aug 05 12:19:44.000 [notice] Starting with guard context "default"
[w3:gh:pro] tor: Aug 05 12:19:45.000 [notice] Bootstrapped 5% (conn): Connecting to a relay
[w3:gh:pro] tor: Aug 05 12:19:45.000 [notice] Bootstrapped 10% (conn_done): Connected to a relay
[w3:gh:pro] tor: Aug 05 12:19:48.000 [notice] Bootstrapped 14% (handshake): Handshaking with a relay
[w3:gh:pro] heartbeat words=29409 queue=293 rotation=18 idle=0s
[w3:gh:pro] tor: Aug 05 12:19:51.000 [notice] Bootstrapped 15% (handshake_done): Handshake with a relay done
Aug 05 12:19:51.000 [notice] Bootstrapped 20% (onehop_create): Estab
[w3:gh:pro] tor: Aug 05 12:19:51.000 [notice] Bootstrapped 25% (requesting_status): Asking for networkstatus consensus
[w3:gh:pro] tor: Aug 05 12:19:52.000 [notice] Bootstrapped 30% (loading_status): Loading networkstatus consensus
[w3:gh:pro] tor: Aug 05 12:19:53.000 [notice] Bootstrapped 40% (loading_keys): Loading authority key certs
[w3:gh:pro] tor: Aug 05 12:19:53.000 [notice] Bootstrapped 45% (requesting_descriptors): Asking for relay descriptors
Aug 05 12:19:53.000 [notice] I learned some more directory 
[w3:gh:pro] tor: Aug 05 12:19:54.000 [notice] Bootstrapped 50% (loading_descriptors): Loading relay descriptors
[w3:gh:pro] tor: Aug 05 12:20:13.000 [notice] Bootstrapped 55% (loading_descriptors): Loading relay descriptors
[w3:gh:pro] tor: Aug 05 12:20:25.000 [notice] Bootstrapped 61% (loading_descriptors): Loading relay descriptors
[w3:gh:pro] tor: Aug 05 12:20:31.000 [notice] Bootstrapped 67% (loading_descriptors): Loading relay descriptors
[w3:gh:pro] tor: Aug 05 12:20:37.000 [notice] Bootstrapped 75% (enough_dirinfo): Loaded enough directory info to build circuits
[w3:gh:pro] tor: Aug 05 12:20:37.000 [notice] Bootstrapped 90% (ap_handshake_done): Handshake finished with a relay to build circuits
Aug 05 12:20:37.000 [notice] Bootstrapped 9
[w3:gh:pro] tor: Aug 05 12:20:38.000 [notice] Bootstrapped 100% (done): Done
[w3:gh:pro] Tor ready on 19053 exit=104.244.73.190
[w3:gh:pro] Rotating IP (#18, try 1) after No Turnstile token for direct search → tor#19 socks5://127.0.0.1:19053
[w3:gh:pro] Launching persistent Chrome profile /tmp/lll-pw-w3-r18
[w3:gh:pro] Proxy tor#19 socks5://127.0.0.1:19053
[w3:gh:pro] Opening https://lastletterlibrary.com
[w3:gh:pro] heartbeat words=29409 queue=293 rotation=18 idle=6s
[w3:gh:pro] Library mode=pro
[w3:gh:pro] Managed Turnstile token (len=816, 8908ms, remount)
[w3:gh:pro] Search mode=direct (skip UI Wait Ns… gate)
[w3:gh:pro] Cleaned 1 old rotated profile(s)
[w3:gh:pro] Browser exit IP=192.42.116.66 (unique)
[w3:gh:pro] Searching "humj" | queue=292 | words=29409
[w3:gh:pro] [api] 200 mode=pro startsWith=humj
[w3:gh:pro] [api] 200 mode=pro startsWith=humj (543ms direct)
[w3:gh:pro] "humj" → 0 records, 0 words
[w3:gh:pro] "humj" branch complete
[w3:gh:pro] Saved 29,409 worker words
[w3:gh:pro] Searching "humk" | queue=291 | words=29409
[w3:gh:pro] Pacing 14s before "humk" (gap=15500ms)
[w3:gh:pro] Managed Turnstile token (len=816, 9688ms, reset)
[w3:gh:pro] [api] 200 mode=pro startsWith=humk
[w3:gh:pro] [api] 200 mode=pro startsWith=humk (477ms direct)
[w3:gh:pro] "humk" → 0 records, 0 words
[w3:gh:pro] "humk" branch complete
[w3:gh:pro] Saved 29,409 worker words
[w3:gh:pro] Searching "huml" | queue=290 | words=29409
[w3:gh:pro] Pacing 14s before "huml" (gap=15500ms)
[w3:gh:pro] Managed Turnstile token (len=816, 11813ms, reset)
[w3:gh:pro] [api] 200 mode=pro startsWith=huml
[w3:gh:pro] [api] 200 mode=pro startsWith=huml (529ms direct)
[w3:gh:pro] "huml" → 2 records, 2 words
[w3:gh:pro] "huml" branch complete
[w3:gh:pro] heartbeat words=29411 queue=290 rotation=18 idle=9s
[w3:gh:pro] Saved 29,411 worker words; shared last.txt now 316,159
[w3:gh:pro] Searching "humm" | queue=289 | words=29411
[w3:gh:pro] Pacing 6s before "humm" (gap=15500ms)
[w3:gh:pro] Managed Turnstile token (len=816, 15651ms, reset)
[w3:gh:pro] [api] 200 mode=pro startsWith=humm
[w3:gh:pro] [api] 200 mode=pro startsWith=humm (893ms direct)
[w3:gh:pro] "humm" → 36 records, 36 words
[w3:gh:pro] "humm" branch complete
[w3:gh:pro] Saved 29,447 worker words
[w3:gh:pro] Searching "humn" | queue=288 | words=29447
[w3:gh:pro] Pacing 13s before "humn" (gap=15500ms)
[w3:gh:pro] Managed Turnstile token (len=816, 14653ms, reset)
[w3:gh:pro] [api] 200 mode=pro startsWith=humn
[w3:gh:pro] [api] 200 mode=pro startsWith=humn (483ms direct)
[w3:gh:pro] "humn" → 0 records, 0 words
[w3:gh:pro] "humn" branch complete
[w3:gh:pro] Saved 29,447 worker words
[w3:gh:pro] Searching "humo" | queue=287 | words=29447
[w3:gh:pro] Pacing 14s before "humo" (gap=15500ms)
[w3:gh:pro] Managed Turnstile token (len=816, 13442ms, reset)
[w3:gh:pro] [api] 200 mode=pro startsWith=humo
[w3:gh:pro] [api] 200 mode=pro startsWith=humo (519ms direct)
[w3:gh:pro] "humo" → 59 records, 59 words
[w3:gh:pro] "humo" branch complete
[w3:gh:pro] Saved 29,506 worker words
[w3:gh:pro] Searching "hump" | queue=286 | words=29506
[w3:gh:pro] Pacing 14s before "hump" (gap=15500ms)
[w3:gh:pro] Managed Turnstile token (len=816, 4240ms, reset)
[w3:gh:pro] [api] 200 mode=pro startsWith=hump
[w3:gh:pro] [api] 200 mode=pro startsWith=hump (447ms direct)
[w3:gh:pro] "hump" → 26 records, 26 words (incl. exact "hump")
[w3:gh:pro] "hump" branch complete
[w3:gh:pro] Saved 29,532 worker words
[w3:gh:pro] Searching "humq" | queue=285 | words=29532
[w3:gh:pro] Pacing 15s before "humq" (gap=15500ms)
[w3:gh:pro] Managed Turnstile token (len=816, 4365ms, reset)
[w3:gh:pro] heartbeat words=29532 queue=285 rotation=18 idle=1s
[w3:gh:pro] [api] 200 mode=pro startsWith=humq
[w3:gh:pro] [api] 200 mode=pro startsWith=humq (423ms direct)
[w3:gh:pro] "humq" → 0 records, 0 words
[w3:gh:pro] "humq" branch complete
[w3:gh:pro] Saved 29,532 worker words
[w3:gh:pro] Searching "humr" | queue=284 | words=29532
[w3:gh:pro] Pacing 16s before "humr" (gap=15500ms)
[w3:gh:pro] Managed Turnstile token (len=816, 5034ms, remount)
[w3:gh:pro] [api] 200 mode=pro startsWith=humr
[w3:gh:pro] [api] 200 mode=pro startsWith=humr (451ms direct)
[w3:gh:pro] "humr" → 0 records, 0 words
[w3:gh:pro] "humr" branch complete
[w3:gh:pro] Saved 29,532 worker words
[w3:gh:pro] Searching "hums" | queue=283 | words=29532
[w3:gh:pro] Pacing 16s before "hums" (gap=15500ms)
[w3:gh:pro] Managed Turnstile token (len=816, 4439ms, reset)
[w3:gh:pro] [api] 200 mode=pro startsWith=hums
[w3:gh:pro] [api] 200 mode=pro startsWith=hums (386ms direct)
[w3:gh:pro] "hums" → 3 records, 3 words (incl. exact "hums")
[w3:gh:pro] "hums" branch complete
[w3:gh:pro] Saved 29,535 worker words
[w3:gh:pro] Searching "humt" | queue=282 | words=29535
[w3:gh:pro] Pacing 15s before "humt" (gap=15500ms)
[w3:gh:pro] Managed Turnstile token (len=816, 11021ms, reset)
[w3:gh:pro] [api] 200 mode=pro startsWith=humt
[w3:gh:pro] [api] 200 mode=pro startsWith=humt (608ms direct)
[w3:gh:pro] "humt" → 0 records, 0 words
[w3:gh:pro] "humt" branch complete
[w3:gh:pro] heartbeat words=29535 queue=282 rotation=18 idle=2s
[w3:gh:pro] Saved 29,535 worker words; shared last.txt now 316,924
[w3:gh:pro] Searching "humu" | queue=281 | words=29535
[w3:gh:pro] Pacing 3s before "humu" (gap=15500ms)
[w3:gh:pro] Turnstile mint hard timeout after 28000ms
[w3:gh:pro] Site Turnstile remint timed out (28807ms)
[w3:gh:pro] Site Turnstile remint timed out (24140ms)
[w3:gh:pro] heartbeat words=29535 queue=281 rotation=18 idle=10s
[w3:gh:pro] Turnstile mint hard timeout after 28000ms
[w3:gh:pro] Site Turnstile remint timed out (31284ms)
[w3:gh:pro] Turnstile mint hard timeout after 28000ms
[w3:gh:pro] Failed "humu" attempt 1: No Turnstile token for direct search
[w3:gh:pro] Saved 29,535 worker words
[w3:gh:pro] Turnstile miss — soft reload before rotate
[w3:gh:pro] Site Turnstile remint timed out (36163ms)
[w3:gh:pro] heartbeat words=29535 queue=282 rotation=18 idle=5s
[w3:gh:pro] Site Turnstile remint timed out (10264ms)
[w3:gh:pro] Soft reload mint failed — rotating immediately
[w3:gh:pro] Tor exited code=0
[w3:gh:pro] Starting Tor gen=20 socks=127.0.0.1:19053 (try 1)
[w3:gh:pro] tor: Aug 05 12:25:52.610 [warn] Fixing permissions on directory /tmp/lll-tor-w3
[w3:gh:pro] tor: Aug 05 12:25:52.000 [notice] Bootstrapped 0% (starting): Starting
Aug 05 12:25:52.000 [notice] Starting with guard context "default"
[w3:gh:pro] tor: Aug 05 12:25:53.000 [notice] Bootstrapped 5% (conn): Connecting to a relay
[w3:gh:pro] tor: Aug 05 12:25:53.000 [notice] Bootstrapped 10% (conn_done): Connected to a relay
[w3:gh:pro] tor: Aug 05 12:25:54.000 [notice] Bootstrapped 14% (handshake): Handshaking with a relay
[w3:gh:pro] tor: Aug 05 12:25:59.000 [notice] Bootstrapped 15% (handshake_done): Handshake with a relay done
Aug 05 12:25:59.000 [notice] Bootstrapped 20% (onehop_create): Estab
[w3:gh:pro] tor: Aug 05 12:25:59.000 [notice] Bootstrapped 25% (requesting_status): Asking for networkstatus consensus
[w3:gh:pro] tor: Aug 05 12:25:59.000 [notice] Bootstrapped 30% (loading_status): Loading networkstatus consensus
[w3:gh:pro] tor: Aug 05 12:26:00.000 [notice] Bootstrapped 40% (loading_keys): Loading authority key certs
[w3:gh:pro] tor: Aug 05 12:26:00.000 [notice] Bootstrapped 45% (requesting_descriptors): Asking for relay descriptors
Aug 05 12:26:00.000 [notice] I learned some more directory 
[w3:gh:pro] tor: Aug 05 12:26:01.000 [notice] Bootstrapped 50% (loading_descriptors): Loading relay descriptors
[w3:gh:pro] tor: Aug 05 12:26:11.000 [notice] Bootstrapped 55% (loading_descriptors): Loading relay descriptors
[w3:gh:pro] tor: Aug 05 12:26:11.000 [notice] Bootstrapped 61% (loading_descriptors): Loading relay descriptors
[w3:gh:pro] tor: Aug 05 12:26:12.000 [notice] Bootstrapped 67% (loading_descriptors): Loading relay descriptors
[w3:gh:pro] tor: Aug 05 12:26:12.000 [notice] Bootstrapped 75% (enough_dirinfo): Loaded enough directory info to build circuits
[w3:gh:pro] tor: Aug 05 12:26:13.000 [notice] Bootstrapped 90% (ap_handshake_done): Handshake finished with a relay to build circuits
Aug 05 12:26:13.000 [notice] Bootstrapped 9
[w3:gh:pro] tor: Aug 05 12:26:13.000 [notice] Bootstrapped 100% (done): Done
[w3:gh:pro] Tor ready on 19053 exit=89.58.41.156
[w3:gh:pro] Rotating IP (#19, try 1) after No Turnstile token for direct search → tor#20 socks5://127.0.0.1:19053
[w3:gh:pro] Launching persistent Chrome profile /tmp/lll-pw-w3-r19
[w3:gh:pro] Proxy tor#20 socks5://127.0.0.1:19053
[w3:gh:pro] Opening https://lastletterlibrary.com
[w3:gh:pro] Library mode=pro
[w3:gh:pro] Site Turnstile remint timed out (22279ms)
[w3:gh:pro] Search mode=direct (skip UI Wait Ns… gate)
[w3:gh:pro] Cleaned 1 old rotated profile(s)
[w3:gh:pro] Browser exit IP=89.58.41.156 (unique)
[w3:gh:pro] Searching "humu" | queue=281 | words=29535
[w3:gh:pro] heartbeat words=29535 queue=281 rotation=19 idle=0s
[w3:gh:pro] Turnstile token present (len=837)
[w3:gh:pro] Site Turnstile token (19556ms)
[w3:gh:pro] [api] 200 mode=pro startsWith=humu
[w3:gh:pro] [api] 200 mode=pro startsWith=humu (745ms direct)
[w3:gh:pro] "humu" → 14 records, 14 words
[w3:gh:pro] "humu" branch complete
[w3:gh:pro] Saved 29,549 worker words
[w3:gh:pro] Searching "humv" | queue=280 | words=29549
[w3:gh:pro] Pacing 15s before "humv" (gap=15500ms)
[w3:gh:pro] Turnstile token present (len=837)
[w3:gh:pro] Site Turnstile token (19982ms)
[w3:gh:pro] [api] 200 mode=pro startsWith=humv
[w3:gh:pro] [api] 200 mode=pro startsWith=humv (456ms direct)
[w3:gh:pro] "humv" → 2 records, 2 words
[w3:gh:pro] "humv" branch complete
[w3:gh:pro] Saved 29,551 worker words
[w3:gh:pro] Searching "humw" | queue=279 | words=29551
[w3:gh:pro] Pacing 15s before "humw" (gap=15500ms)
[w3:gh:pro] heartbeat words=29551 queue=279 rotation=19 idle=20s
[w3:gh:pro] Turnstile token present (len=837)
[w3:gh:pro] Site Turnstile token (20828ms)
[w3:gh:pro] [api] 200 mode=pro startsWith=humw
[w3:gh:pro] [api] 200 mode=pro startsWith=humw (485ms direct)
[w3:gh:pro] "humw" → 0 records, 0 words
[w3:gh:pro] "humw" branch complete
[w3:gh:pro] Saved 29,551 worker words
[w3:gh:pro] Searching "humx" | queue=278 | words=29551
[w3:gh:pro] Pacing 15s before "humx" (gap=15500ms)
[w3:gh:pro] Turnstile token present (len=837)
[w3:gh:pro] Site Turnstile token (20454ms)
[w3:gh:pro] [api] 200 mode=pro startsWith=humx
[w3:gh:pro] [api] 200 mode=pro startsWith=humx (492ms direct)
[w3:gh:pro] "humx" → 0 records, 0 words
[w3:gh:pro] "humx" branch complete
[w3:gh:pro] Saved 29,551 worker words
[w3:gh:pro] Searching "humy" | queue=277 | words=29551
[w3:gh:pro] Pacing 15s before "humy" (gap=15500ms)
[w3:gh:pro] Turnstile token present (len=837)
[w3:gh:pro] Site Turnstile token (20401ms)
[w3:gh:pro] [api] 200 mode=pro startsWith=humy
[w3:gh:pro] [api] 200 mode=pro startsWith=humy (764ms direct)
[w3:gh:pro] "humy" → 0 records, 0 words
[w3:gh:pro] "humy" branch complete
[w3:gh:pro] Saved 29,551 worker words
[w3:gh:pro] Searching "humz" | queue=276 | words=29551
[w3:gh:pro] Pacing 15s before "humz" (gap=15500ms)
[w3:gh:pro] heartbeat words=29551 queue=276 rotation=19 idle=16s
[w3:gh:pro] Site Turnstile remint timed out (26629ms)
[w3:gh:pro] Site Turnstile remint timed out (23817ms)
[w3:gh:pro] Site Turnstile remint timed out (24755ms)
[w3:gh:pro] heartbeat words=29551 queue=276 rotation=19 idle=1s
[w3:gh:pro] Turnstile token present (len=837)
[w3:gh:pro] Site Turnstile token (19778ms)
[w3:gh:pro] [api] 200 mode=pro startsWith=humz
[w3:gh:pro] [api] 200 mode=pro startsWith=humz (450ms direct)
[w3:gh:pro] "humz" → 0 records, 0 words
[w3:gh:pro] "humz" branch complete
[w3:gh:pro] Saved 29,551 worker words
[w3:gh:pro] Searching "huny" | queue=275 | words=29551
[w3:gh:pro] Pacing 15s before "huny" (gap=15500ms)
[w3:gh:pro] Site Turnstile remint timed out (22359ms)
[w3:gh:pro] heartbeat words=29551 queue=275 rotation=19 idle=18s
[w3:gh:pro] Site Turnstile remint timed out (22751ms)
[w3:gh:pro] Site Turnstile remint timed out (22317ms)
[w3:gh:pro] Site Turnstile remint timed out (22611ms)
[w3:gh:pro] heartbeat words=29551 queue=275 rotation=19 idle=11s
[w3:gh:pro] Site Turnstile remint timed out (23713ms)
[w3:gh:pro] Failed "huny" attempt 1: No Turnstile token for direct search
[w3:gh:pro] Saved 29,551 worker words; shared last.txt now 318,414
[w3:gh:pro] Turnstile miss — soft reload before rotate
[w3:gh:pro] Site Turnstile remint timed out (10546ms)
[w3:gh:pro] Soft reload mint failed — rotating immediately
[w3:gh:pro] Starting Tor gen=21 socks=127.0.0.1:19053 (try 1)
[w3:gh:pro] tor: Aug 05 12:32:22.857 [notice] Opening Socks listener on 127.0.0.1:19053
Aug 05 12:32:22.857 [notice] Opened Socks listener connection (ready) on 127.0.0.1:19053

[w3:gh:pro] Tor exited code=0
[w3:gh:pro] tor: Aug 05 12:32:25.000 [notice] Bootstrapped 0% (starting): Starting
Aug 05 12:32:25.000 [notice] Starting with guard context "default"
[w3:gh:pro] tor: Aug 05 12:32:26.000 [notice] Bootstrapped 5% (conn): Connecting to a relay
Aug 05 12:32:26.000 [notice] Bootstrapped 10% (conn_done): Connected to a relay
[w3:gh:pro] tor: Aug 05 12:32:27.000 [notice] Bootstrapped 14% (handshake): Handshaking with a relay
[w3:gh:pro] tor: Aug 05 12:32:28.000 [notice] Bootstrapped 15% (handshake_done): Handshake with a relay done
Aug 05 12:32:28.000 [notice] Bootstrapped 20% (onehop_create): Estab
[w3:gh:pro] tor: Aug 05 12:32:28.000 [notice] Bootstrapped 25% (requesting_status): Asking for networkstatus consensus
[w3:gh:pro] tor: Aug 05 12:32:33.000 [notice] Bootstrapped 30% (loading_status): Loading networkstatus consensus
[w3:gh:pro] tor: Aug 05 12:32:37.000 [notice] Bootstrapped 40% (loading_keys): Loading authority key certs
[w3:gh:pro] tor: Aug 05 12:32:40.000 [notice] Bootstrapped 45% (requesting_descriptors): Asking for relay descriptors
Aug 05 12:32:40.000 [notice] I learned some more directory 
[w3:gh:pro] tor: Aug 05 12:32:41.000 [notice] Bootstrapped 50% (loading_descriptors): Loading relay descriptors
[w3:gh:pro] heartbeat words=29551 queue=276 rotation=20 idle=8s
[w3:gh:pro] tor: Aug 05 12:32:56.000 [notice] Bootstrapped 55% (loading_descriptors): Loading relay descriptors
[w3:gh:pro] tor: Aug 05 12:32:58.000 [notice] Bootstrapped 60% (loading_descriptors): Loading relay descriptors
[w3:gh:pro] tor: Aug 05 12:33:01.000 [notice] Bootstrapped 67% (loading_descriptors): Loading relay descriptors
[w3:gh:pro] tor: Aug 05 12:33:01.000 [notice] Bootstrapped 75% (enough_dirinfo): Loaded enough directory info to build circuits
[w3:gh:pro] tor: Aug 05 12:33:02.000 [notice] Bootstrapped 90% (ap_handshake_done): Handshake finished with a relay to build circuits
Aug 05 12:33:02.000 [notice] Bootstrapped 9
[w3:gh:pro] tor: Aug 05 12:33:03.000 [notice] Bootstrapped 100% (done): Done
[w3:gh:pro] Tor ready on 19053 exit=109.70.100.1
[w3:gh:pro] Rotating IP (#20, try 1) after No Turnstile token for direct search → tor#21 socks5://127.0.0.1:19053
[w3:gh:pro] Launching persistent Chrome profile /tmp/lll-pw-w3-r20
[w3:gh:pro] Proxy tor#21 socks5://127.0.0.1:19053
[w3:gh:pro] Opening https://lastletterlibrary.com
[w3:gh:pro] Library mode=pro
[w3:gh:pro] Turnstile token present (len=816)
[w3:gh:pro] Site Turnstile token (22080ms)
[w3:gh:pro] Search mode=direct (skip UI Wait Ns… gate)
[w3:gh:pro] Cleaned 1 old rotated profile(s)
[w3:gh:pro] Browser exit IP=192.42.116.55 (unique)
[w3:gh:pro] Searching "huny" | queue=275 | words=29551
[w3:gh:pro] [api] 200 mode=pro startsWith=huny
[w3:gh:pro] [api] 200 mode=pro startsWith=huny (506ms direct)
[w3:gh:pro] "huny" → 1 records, 1 words
[w3:gh:pro] "huny" branch complete
[w3:gh:pro] Saved 29,551 worker words
[w3:gh:pro] Searching "hunz" | queue=274 | words=29551
[w3:gh:pro] Pacing 15s before "hunz" (gap=15500ms)
[w3:gh:pro] heartbeat words=29551 queue=274 rotation=20 idle=7s
[w3:gh:pro] Site Turnstile remint timed out (23311ms)
[w3:gh:pro] Site Turnstile remint timed out (25333ms)
[w3:gh:pro] heartbeat words=29551 queue=274 rotation=20 idle=19s
[w3:gh:pro] Turnstile mint hard timeout after 28000ms
[w3:gh:pro] Site Turnstile remint timed out (32209ms)
[w3:gh:pro] Turnstile token present (len=816)
[w3:gh:pro] Site Turnstile token (19983ms)
[w3:gh:pro] [api] 200 mode=pro startsWith=hunz
[w3:gh:pro] [api] 200 mode=pro startsWith=hunz (458ms direct)
[w3:gh:pro] "hunz" → 0 records, 0 words
[w3:gh:pro] "hunz" branch complete
[w3:gh:pro] Saved 29,551 worker words
[w3:gh:pro] Searching "huru" | queue=273 | words=29551
[w3:gh:pro] Pacing 15s before "huru" (gap=15500ms)
[w3:gh:pro] Site Turnstile remint timed out (22482ms)
[w3:gh:pro] heartbeat words=29551 queue=273 rotation=20 idle=8s
[w3:gh:pro] Site Turnstile remint timed out (22512ms)
[w3:gh:pro] Site Turnstile remint timed out (23783ms)
[w3:gh:pro] Turnstile token present (len=816)
[w3:gh:pro] Site Turnstile token (20886ms)
[w3:gh:pro] heartbeat words=29551 queue=273 rotation=20 idle=0s
[w3:gh:pro] [api] 200 mode=pro startsWith=huru
[w3:gh:pro] [api] 200 mode=pro startsWith=huru (486ms direct)
[w3:gh:pro] "huru" → 2 records, 2 words
[w3:gh:pro] "huru" branch complete
[w3:gh:pro] Saved 29,551 worker words
[w3:gh:pro] Searching "hurv" | queue=272 | words=29551
[w3:gh:pro] Pacing 15s before "hurv" (gap=15500ms)
[w3:gh:pro] Turnstile mint hard timeout after 28000ms
[w3:gh:pro] Site Turnstile remint timed out (31884ms)
[w3:gh:pro] Turnstile mint hard timeout after 28000ms
[w3:gh:pro] heartbeat words=29551 queue=272 rotation=20 idle=4s
[w3:gh:pro] Site Turnstile remint timed out (33271ms)
[w3:gh:pro] Turnstile mint hard timeout after 28000ms
[w3:gh:pro] Turnstile mint hard timeout after 28000ms
[w3:gh:pro] Failed "hurv" attempt 1: No Turnstile token for direct search
[w3:gh:pro] Site Turnstile remint timed out (30926ms)
[w3:gh:pro] Saved 29,551 worker words
[w3:gh:pro] Turnstile miss — soft reload before rotate
[w3:gh:pro] heartbeat words=29551 queue=273 rotation=20 idle=4s
[w3:gh:pro] Site Turnstile remint timed out (64373ms)
[w3:gh:pro] Turnstile mint hard timeout after 15000ms
[w3:gh:pro] Soft reload mint failed — rotating immediately
[w3:gh:pro] Site Turnstile remint timed out (16784ms)
[w3:gh:pro] Tor exited code=0
[w3:gh:pro] Starting Tor gen=22 socks=127.0.0.1:19053 (try 1)
[w3:gh:pro] tor: Aug 05 12:39:07.536 [notice] Opened Socks listener connection (ready) on 127.0.0.1:19053
Aug 05 12:39:07.536 [warn] Fixing permissions on directory /tmp/lll-tor
[w3:gh:pro] tor: Aug 05 12:39:08.000 [notice] Bootstrapped 0% (starting): Starting
Aug 05 12:39:08.000 [notice] Starting with guard context "default"
[w3:gh:pro] tor: Aug 05 12:39:09.000 [notice] Bootstrapped 5% (conn): Connecting to a relay
[w3:gh:pro] tor: Aug 05 12:39:09.000 [notice] Bootstrapped 10% (conn_done): Connected to a relay
[w3:gh:pro] tor: Aug 05 12:39:11.000 [notice] Bootstrapped 14% (handshake): Handshaking with a relay
[w3:gh:pro] tor: Aug 05 12:39:11.000 [notice] Bootstrapped 15% (handshake_done): Handshake with a relay done
Aug 05 12:39:11.000 [notice] Bootstrapped 20% (onehop_create): Estab
[w3:gh:pro] tor: Aug 05 12:39:11.000 [notice] Bootstrapped 25% (requesting_status): Asking for networkstatus consensus
[w3:gh:pro] tor: Aug 05 12:39:11.000 [notice] Bootstrapped 30% (loading_status): Loading networkstatus consensus
[w3:gh:pro] tor: Aug 05 12:39:14.000 [notice] Bootstrapped 40% (loading_keys): Loading authority key certs
[w3:gh:pro] tor: Aug 05 12:39:15.000 [notice] Bootstrapped 45% (requesting_descriptors): Asking for relay descriptors
[w3:gh:pro] tor: Aug 05 12:39:17.000 [notice] Bootstrapped 50% (loading_descriptors): Loading relay descriptors
[w3:gh:pro] tor: Aug 05 12:39:29.000 [notice] Bootstrapped 55% (loading_descriptors): Loading relay descriptors
[w3:gh:pro] tor: Aug 05 12:39:30.000 [notice] Bootstrapped 61% (loading_descriptors): Loading relay descriptors
[w3:gh:pro] tor: Aug 05 12:39:31.000 [notice] Bootstrapped 67% (loading_descriptors): Loading relay descriptors
[w3:gh:pro] tor: Aug 05 12:39:31.000 [notice] Bootstrapped 75% (enough_dirinfo): Loaded enough directory info to build circuits
[w3:gh:pro] tor: Aug 05 12:39:32.000 [notice] Bootstrapped 90% (ap_handshake_done): Handshake finished with a relay to build circuits
Aug 05 12:39:32.000 [notice] Bootstrapped 9
[w3:gh:pro] tor: Aug 05 12:39:35.000 [notice] Bootstrapped 100% (done): Done
[w3:gh:pro] Tor ready on 19053 exit=5.255.101.10
[w3:gh:pro] Rotating IP (#21, try 1) after No Turnstile token for direct search → tor#22 socks5://127.0.0.1:19053
[w3:gh:pro] Launching persistent Chrome profile /tmp/lll-pw-w3-r21
[w3:gh:pro] Proxy tor#22 socks5://127.0.0.1:19053
[w3:gh:pro] Opening https://lastletterlibrary.com
[w3:gh:pro] heartbeat words=29551 queue=273 rotation=21 idle=6s
[w3:gh:pro] Library mode=pro
[w3:gh:pro] Site Turnstile remint timed out (23860ms)
[w3:gh:pro] Search mode=direct (skip UI Wait Ns… gate)
[w3:gh:pro] Cleaned 1 old rotated profile(s)
[w3:gh:pro] Browser exit IP=5.255.101.10 (unique)
[w3:gh:pro] Searching "hurv" | queue=272 | words=29551
[w3:gh:pro] Site Turnstile remint timed out (24659ms)
[w3:gh:pro] heartbeat words=29551 queue=272 rotation=21 idle=8s
[w3:gh:pro] Turnstile token present (len=837)
[w3:gh:pro] Site Turnstile token (21508ms)
[w3:gh:pro] [api] 200 mode=pro startsWith=hurv
[w3:gh:pro] [api] 200 mode=pro startsWith=hurv (614ms direct)
[w3:gh:pro] "hurv" → 0 records, 0 words
[w3:gh:pro] "hurv" branch complete
[w3:gh:pro] Saved 29,551 worker words
[w3:gh:pro] Searching "hurw" | queue=271 | words=29551
[w3:gh:pro] Pacing 15s before "hurw" (gap=15500ms)
[w3:gh:pro] Site Turnstile remint timed out (22659ms)
[w3:gh:pro] heartbeat words=29551 queue=271 rotation=21 idle=23s
[w3:gh:pro] Site Turnstile remint timed out (23041ms)
[w3:gh:pro] Turnstile token present (len=837)
[w3:gh:pro] Site Turnstile token (20808ms)
[w3:gh:pro] [api] 200 mode=pro startsWith=hurw
[w3:gh:pro] [api] 200 mode=pro startsWith=hurw (467ms direct)
[w3:gh:pro] "hurw" → 0 records, 0 words
[w3:gh:pro] "hurw" branch complete
[w3:gh:pro] Saved 29,551 worker words
[w3:gh:pro] Searching "hurx" | queue=270 | words=29551
[w3:gh:pro] Pacing 15s before "hurx" (gap=15500ms)
[w3:gh:pro] Site Turnstile remint timed out (23411ms)
[w3:gh:pro] heartbeat words=29551 queue=270 rotation=21 idle=15s
[w3:gh:pro] Site Turnstile remint timed out (22913ms)
[w3:gh:pro] Site Turnstile remint timed out (23285ms)
[w3:gh:pro] Turnstile mint hard timeout after 28000ms
[w3:gh:pro] heartbeat words=29551 queue=270 rotation=21 idle=0s
[w3:gh:pro] Site Turnstile remint timed out (31171ms)
[w3:gh:pro] Turnstile mint hard timeout after 28000ms
[w3:gh:pro] Failed "hurx" attempt 1: No Turnstile token for direct search
[w3:gh:pro] Saved 29,551 worker words
[w3:gh:pro] Turnstile miss — soft reload before rotate
[w3:gh:pro] Site Turnstile remint timed out (31431ms)
[w3:gh:pro] Site Turnstile remint timed out (11206ms)
[w3:gh:pro] Soft reload mint failed — rotating immediately
[w3:gh:pro] Starting Tor gen=23 socks=127.0.0.1:19053 (try 1)
[w3:gh:pro] tor: Aug 05 12:44:35.741 [notice] Opened Socks listener connection (ready) on 127.0.0.1:19053
Aug 05 12:44:35.741 [warn] Fixing permissions on directory /tmp/lll-tor
[w3:gh:pro] Tor exited code=0
[w3:gh:pro] tor: Aug 05 12:44:38.000 [notice] Bootstrapped 0% (starting): Starting
Aug 05 12:44:38.000 [notice] Starting with guard context "default"
[w3:gh:pro] tor: Aug 05 12:44:39.000 [notice] Bootstrapped 5% (conn): Connecting to a relay
[w3:gh:pro] tor: Aug 05 12:44:39.000 [notice] Bootstrapped 10% (conn_done): Connected to a relay
[w3:gh:pro] tor: Aug 05 12:44:40.000 [notice] Bootstrapped 14% (handshake): Handshaking with a relay
[w3:gh:pro] tor: Aug 05 12:44:40.000 [notice] Bootstrapped 15% (handshake_done): Handshake with a relay done
Aug 05 12:44:40.000 [notice] Bootstrapped 20% (onehop_create): Estab
[w3:gh:pro] tor: Aug 05 12:44:40.000 [notice] Bootstrapped 25% (requesting_status): Asking for networkstatus consensus
[w3:gh:pro] tor: Aug 05 12:44:40.000 [notice] Bootstrapped 30% (loading_status): Loading networkstatus consensus
[w3:gh:pro] tor: Aug 05 12:44:42.000 [notice] Bootstrapped 40% (loading_keys): Loading authority key certs
[w3:gh:pro] tor: Aug 05 12:44:43.000 [notice] Bootstrapped 45% (requesting_descriptors): Asking for relay descriptors
Aug 05 12:44:43.000 [notice] I learned some more directory 
[w3:gh:pro] tor: Aug 05 12:44:44.000 [notice] Bootstrapped 50% (loading_descriptors): Loading relay descriptors
[w3:gh:pro] heartbeat words=29551 queue=271 rotation=22 idle=6s
[w3:gh:pro] tor: Aug 05 12:45:32.000 [notice] Bootstrapped 55% (loading_descriptors): Loading relay descriptors
[w3:gh:pro] tor: Aug 05 12:45:33.000 [notice] Bootstrapped 61% (loading_descriptors): Loading relay descriptors
[w3:gh:pro] tor: Aug 05 12:45:33.000 [notice] Bootstrapped 67% (loading_descriptors): Loading relay descriptors
[w3:gh:pro] tor: Aug 05 12:45:34.000 [notice] Bootstrapped 75% (enough_dirinfo): Loaded enough directory info to build circuits
[w3:gh:pro] tor: Aug 05 12:45:34.000 [notice] Bootstrapped 90% (ap_handshake_done): Handshake finished with a relay to build circuits
Aug 05 12:45:34.000 [notice] Bootstrapped 9
[w3:gh:pro] tor: Aug 05 12:45:35.000 [notice] Bootstrapped 100% (done): Done
[w3:gh:pro] Tor ready on 19053 exit=23.129.64.213
[w3:gh:pro] Rotating IP (#22, try 1) after No Turnstile token for direct search → tor#23 socks5://127.0.0.1:19053
[w3:gh:pro] Launching persistent Chrome profile /tmp/lll-pw-w3-r22
[w3:gh:pro] Proxy tor#23 socks5://127.0.0.1:19053
[w3:gh:pro] Opening https://lastletterlibrary.com
[w3:gh:pro] Library mode=pro
[w3:gh:pro] Search mode=direct (skip UI Wait Ns… gate)
[w3:gh:pro] heartbeat words=29551 queue=271 rotation=22 idle=0s
[w3:gh:pro] Cleaned 1 old rotated profile(s)
[w3:gh:pro] Browser exit IP=45.84.107.198 (unique)
[w3:gh:pro] Searching "hurx" | queue=270 | words=29551
[w3:gh:pro] heartbeat words=29551 queue=270 rotation=22 idle=58s
[w3:gh:pro] heartbeat words=29551 queue=270 rotation=22 idle=118s
[w3:gh:pro] Failed "hurx" attempt 1: No Turnstile token for direct search
[w3:gh:pro] Saved 29,551 worker words; shared last.txt now 320,746
[w3:gh:pro] Turnstile miss — soft reload before rotate
[w3:gh:pro] Turnstile token present (len=816)
[w3:gh:pro] Site Turnstile token (11971ms)
[w3:gh:pro] Searching "hurx" | queue=270 | words=29551
[w3:gh:pro] [api] 200 mode=pro startsWith=hurx
[w3:gh:pro] [api] 200 mode=pro startsWith=hurx (562ms direct)
[w3:gh:pro] "hurx" → 0 records, 0 words
[w3:gh:pro] "hurx" branch complete
[w3:gh:pro] Saved 29,551 worker words
[w3:gh:pro] Searching "hury" | queue=269 | words=29551
[w3:gh:pro] Pacing 15s before "hury" (gap=15500ms)
[w3:gh:pro] Managed Turnstile token (len=816, 6835ms, remount)
[w3:gh:pro] [api] 200 mode=pro startsWith=hury
[w3:gh:pro] [api] 200 mode=pro startsWith=hury (576ms direct)
[w3:gh:pro] "hury" → 0 records, 0 words
[w3:gh:pro] "hury" branch complete
[w3:gh:pro] Saved 29,551 worker words
[w3:gh:pro] Searching "hurz" | queue=268 | words=29551
[w3:gh:pro] Pacing 15s before "hurz" (gap=15500ms)
[w3:gh:pro] Managed Turnstile token (len=816, 6935ms, reset)
[w3:gh:pro] [api] 200 mode=pro startsWith=hurz
[w3:gh:pro] [api] 200 mode=pro startsWith=hurz (499ms direct)
[w3:gh:pro] "hurz" → 0 records, 0 words
[w3:gh:pro] "hurz" branch complete
[w3:gh:pro] Saved 29,551 worker words
[w3:gh:pro] Searching "husw" | queue=267 | words=29551
[w3:gh:pro] Pacing 14s before "husw" (gap=15500ms)
[w3:gh:pro] heartbeat words=29551 queue=267 rotation=22 idle=6s
[w3:gh:pro] Managed Turnstile token (len=816, 9558ms, reset)
[w3:gh:pro] [api] 429 mode=pro startsWith=husw
[w3:gh:pro] [api] 429 mode=pro startsWith=husw (509ms direct)
[w3:gh:pro] Learned server gap ≈ 15500ms (wait hint 2000ms)
[w3:gh:pro] Rate limited — inline wait 2000ms then retry "husw"
[w3:gh:pro] Managed Turnstile token (len=816, 10049ms, reset)
[w3:gh:pro] [api] 200 mode=pro startsWith=husw
[w3:gh:pro] [api] 200 mode=pro startsWith=husw (429ms direct)
[w3:gh:pro] "husw" → 3 records, 3 words
[w3:gh:pro] "husw" branch complete
[w3:gh:pro] Saved 29,551 worker words
[w3:gh:pro] Searching "husx" | queue=266 | words=29551
[w3:gh:pro] Pacing 15s before "husx" (gap=15500ms)
[w3:gh:pro] Managed Turnstile token (len=816, 5168ms, reset)
[w3:gh:pro] [api] 200 mode=pro startsWith=husx
[w3:gh:pro] [api] 200 mode=pro startsWith=husx (437ms direct)
[w3:gh:pro] "husx" → 0 records, 0 words
[w3:gh:pro] "husx" branch complete
[w3:gh:pro] Saved 29,551 worker words
[w3:gh:pro] Searching "husy" | queue=265 | words=29551
[w3:gh:pro] Pacing 16s before "husy" (gap=15500ms)
[w3:gh:pro] Managed Turnstile token (len=816, 4100ms, reset)
[w3:gh:pro] [api] 200 mode=pro startsWith=husy
[w3:gh:pro] [api] 200 mode=pro startsWith=husy (518ms direct)
[w3:gh:pro] "husy" → 0 records, 0 words
[w3:gh:pro] "husy" branch complete
[w3:gh:pro] Saved 29,551 worker words
[w3:gh:pro] Searching "husz" | queue=264 | words=29551
[w3:gh:pro] Pacing 15s before "husz" (gap=15500ms)
[w3:gh:pro] Managed Turnstile token (len=816, 9328ms, reset)
[w3:gh:pro] heartbeat words=29551 queue=264 rotation=22 idle=1s
[w3:gh:pro] [api] 200 mode=pro startsWith=husz
[w3:gh:pro] [api] 200 mode=pro startsWith=husz (601ms direct)
[w3:gh:pro] "husz" → 0 records, 0 words
[w3:gh:pro] "husz" branch complete
[w3:gh:pro] Saved 29,551 worker words
[w3:gh:pro] Searching "hydr" | queue=263 | words=29551
[w3:gh:pro] Pacing 13s before "hydr" (gap=15500ms)
[w3:gh:pro] Turnstile token present (len=816)
[w3:gh:pro] Site Turnstile token (20108ms)
[w3:gh:pro] [api] 200 mode=pro startsWith=hydr
[w3:gh:pro] [api] 200 mode=pro startsWith=hydr (499ms direct)
[w3:gh:pro] "hydr" → 100 records, 100 words
[w3:gh:pro] Pacing 14s before "hydr" (gap=15500ms)
[w3:gh:pro] Turnstile token present (len=816)
[w3:gh:pro] Site Turnstile token (22203ms)
[w3:gh:pro] [api] 200 mode=pro startsWith=hydr
[w3:gh:pro] [api] 200 mode=pro startsWith=hydr sort=alphabetical:desc (533ms direct)
[w3:gh:pro] "hydr" full page ends at "hydrazo" (next='a'); skip 7 covered groups → 21 children reverse Z→A ends at "hydroxybenzoates" (lo='o' hi='u'); skip 5 middle + 100 new words
[w3:gh:pro] heartbeat words=29691 queue=284 rotation=22 idle=9s
[w3:gh:pro] Saved 29,691 worker words; shared last.txt now 321,045
[w3:gh:pro] Searching "hyds" | queue=283 | words=29691
[w3:gh:pro] Turnstile mint hard timeout after 28000ms
[w3:gh:pro] Site Turnstile remint timed out (29110ms)
[w3:gh:pro] Turnstile mint hard timeout after 28000ms
[w3:gh:pro] Site Turnstile remint timed out (31919ms)
[w3:gh:pro] heartbeat words=29691 queue=283 rotation=22 idle=9s
[w3:gh:pro] Turnstile token present (len=816)
[w3:gh:pro] Site Turnstile token (24049ms)
[w3:gh:pro] [api] 200 mode=pro startsWith=hyds
[w3:gh:pro] [api] 200 mode=pro startsWith=hyds (577ms direct)
[w3:gh:pro] "hyds" → 0 records, 0 words
[w3:gh:pro] "hyds" branch complete
[w3:gh:pro] Saved 29,691 worker words
[w3:gh:pro] Searching "hydt" | queue=282 | words=29691
[w3:gh:pro] Pacing 15s before "hydt" (gap=15500ms)
[w3:gh:pro] Managed Turnstile token (len=816, 10762ms, remount)
[w3:gh:pro] [api] 200 mode=pro startsWith=hydt
[w3:gh:pro] [api] 200 mode=pro startsWith=hydt (438ms direct)
[w3:gh:pro] "hydt" → 0 records, 0 words
[w3:gh:pro] "hydt" branch complete
[w3:gh:pro] Saved 29,691 worker words
[w3:gh:pro] Searching "hydu" | queue=281 | words=29691
[w3:gh:pro] Pacing 16s before "hydu" (gap=15500ms)
[w3:gh:pro] Managed Turnstile token (len=816, 4733ms, reset)
[w3:gh:pro] [api] 200 mode=pro startsWith=hydu
[w3:gh:pro] [api] 200 mode=pro startsWith=hydu (448ms direct)
[w3:gh:pro] "hydu" → 2 records, 2 words
[w3:gh:pro] "hydu" branch complete
[w3:gh:pro] Saved 29,693 worker words
[w3:gh:pro] Searching "hydv" | queue=280 | words=29693
[w3:gh:pro] Pacing 15s before "hydv" (gap=15500ms)
[w3:gh:pro] Managed Turnstile token (len=816, 7228ms, reset)
[w3:gh:pro] [api] 200 mode=pro startsWith=hydv
[w3:gh:pro] [api] 200 mode=pro startsWith=hydv (592ms direct)
[w3:gh:pro] "hydv" → 0 records, 0 words
[w3:gh:pro] "hydv" branch complete
[w3:gh:pro] Saved 29,693 worker words
[w3:gh:pro] Searching "hydw" | queue=279 | words=29693
[w3:gh:pro] Pacing 14s before "hydw" (gap=15500ms)
[w3:gh:pro] heartbeat words=29693 queue=279 rotation=22 idle=1s
[w3:gh:pro] Managed Turnstile token (len=816, 8325ms, reset)
[w3:gh:pro] [api] 200 mode=pro startsWith=hydw
[w3:gh:pro] [api] 200 mode=pro startsWith=hydw (1445ms direct)
[w3:gh:pro] "hydw" → 0 records, 0 words
[w3:gh:pro] "hydw" branch complete
[w3:gh:pro] Saved 29,693 worker words
[w3:gh:pro] Searching "hydx" | queue=278 | words=29693
[w3:gh:pro] Pacing 14s before "hydx" (gap=15500ms)
[w3:gh:pro] Managed Turnstile token (len=816, 11931ms, reset)
[w3:gh:pro] [api] 200 mode=pro startsWith=hydx
[w3:gh:pro] [api] 200 mode=pro startsWith=hydx (474ms direct)
[w3:gh:pro] "hydx" → 0 records, 0 words
[w3:gh:pro] "hydx" branch complete
[w3:gh:pro] Saved 29,693 worker words
[w3:gh:pro] Searching "hydy" | queue=277 | words=29693
[w3:gh:pro] Pacing 15s before "hydy" (gap=15500ms)
[w3:gh:pro] Turnstile token present (len=816)
[w3:gh:pro] Site Turnstile token (19168ms)
[w3:gh:pro] [api] 200 mode=pro startsWith=hydy
[w3:gh:pro] [api] 200 mode=pro startsWith=hydy (985ms direct)
[w3:gh:pro] "hydy" → 2 records, 2 words
[w3:gh:pro] "hydy" branch complete
[w3:gh:pro] Saved 29,695 worker words
[w3:gh:pro] Searching "hydz" | queue=276 | words=29695
[w3:gh:pro] Pacing 14s before "hydz" (gap=15500ms)
[w3:gh:pro] heartbeat words=29695 queue=276 rotation=22 idle=10s
[w3:gh:pro] Site Turnstile remint timed out (23676ms)
[w3:gh:pro] Site Turnstile remint timed out (23184ms)
[w3:gh:pro] Site Turnstile remint timed out (23414ms)
[w3:gh:pro] heartbeat words=29695 queue=276 rotation=22 idle=0s
[w3:gh:pro] Site Turnstile remint timed out (24216ms)
[w3:gh:pro] Site Turnstile remint timed out (23174ms)
[w3:gh:pro] Failed "hydz" attempt 1: No Turnstile token for direct search
[w3:gh:pro] Saved 29,695 worker words; shared last.txt now 321,601
[w3:gh:pro] Turnstile miss — soft reload before rotate
[w3:gh:pro] heartbeat words=29695 queue=277 rotation=22 idle=7s
[w3:gh:pro] Turnstile token present (len=816)
[w3:gh:pro] Site Turnstile token (8201ms)
[w3:gh:pro] Searching "hydz" | queue=276 | words=29695
[w3:gh:pro] [api] 200 mode=pro startsWith=hydz
[w3:gh:pro] [api] 200 mode=pro startsWith=hydz (445ms direct)
[w3:gh:pro] "hydz" → 0 records, 0 words
[w3:gh:pro] "hydz" branch complete
[w3:gh:pro] Saved 29,695 worker words
[w3:gh:pro] Searching "hype" | queue=275 | words=29695
[w3:gh:pro] Pacing 15s before "hype" (gap=15500ms)
[w3:gh:pro] Managed Turnstile token (len=816, 7815ms, remount)
[w3:gh:pro] [api] 200 mode=pro startsWith=hype
[w3:gh:pro] [api] 200 mode=pro startsWith=hype (447ms direct)
[w3:gh:pro] "hype" → 100 records, 100 words (incl. exact "hype")
[w3:gh:pro] Pacing 16s before "hype" (gap=15500ms)
[w3:gh:pro] Managed Turnstile token (len=816, 5468ms, reset)
[w3:gh:pro] [api] 200 mode=pro startsWith=hype
[w3:gh:pro] [api] 200 mode=pro startsWith=hype sort=alphabetical:desc (606ms direct)
[w3:gh:pro] "hype" full page ends at "hyperapobetalipoproteinaemia" (next='r'); skip 20 covered groups → 8 children reverse Z→A ends at "hyperthermesthesia" (lo='r' hi='t'); skip 1 middle + 100 new words
[w3:gh:pro] Saved 29,833 worker words
[w3:gh:pro] Searching "hypf" | queue=282 | words=29833
[w3:gh:pro] Pacing 14s before "hypf" (gap=15500ms)
[w3:gh:pro] Managed Turnstile token (len=816, 14015ms, reset)
[w3:gh:pro] [api] 429 mode=pro startsWith=hypf
[w3:gh:pro] [api] 429 mode=pro startsWith=hypf (564ms direct)
[w3:gh:pro] Learned server gap ≈ 15500ms (wait hint 2000ms)
[w3:gh:pro] Rate limited — inline wait 2000ms then retry "hypf"
[w3:gh:pro] heartbeat words=29833 queue=282 rotation=22 idle=6s
[w3:gh:pro] Managed Turnstile token (len=816, 9576ms, reset)
[w3:gh:pro] [api] 200 mode=pro startsWith=hypf
[w3:gh:pro] [api] 200 mode=pro startsWith=hypf (463ms direct)
[w3:gh:pro] "hypf" → 0 records, 0 words
[w3:gh:pro] "hypf" branch complete
[w3:gh:pro] Saved 29,833 worker words
[w3:gh:pro] Searching "hypg" | queue=281 | words=29833
[w3:gh:pro] Pacing 15s before "hypg" (gap=15500ms)
[w3:gh:pro] Managed Turnstile token (len=816, 8859ms, reset)
[w3:gh:pro] [api] 200 mode=pro startsWith=hypg
[w3:gh:pro] [api] 200 mode=pro startsWith=hypg (495ms direct)
[w3:gh:pro] "hypg" → 0 records, 0 words
[w3:gh:pro] "hypg" branch complete
[w3:gh:pro] Saved 29,833 worker words
[w3:gh:pro] Searching "hyph" | queue=280 | words=29833
[w3:gh:pro] Pacing 15s before "hyph" (gap=15500ms)
[w3:gh:pro] Managed Turnstile token (len=816, 14392ms, reset)
[w3:gh:pro] [api] 200 mode=pro startsWith=hyph
[w3:gh:pro] [api] 200 mode=pro startsWith=hyph (456ms direct)
[w3:gh:pro] "hyph" → 51 records, 51 words
[w3:gh:pro] "hyph" branch complete
[w3:gh:pro] Saved 29,884 worker words
[w3:gh:pro] Searching "hypi" | queue=279 | words=29884
[w3:gh:pro] Pacing 15s before "hypi" (gap=15500ms)
[w3:gh:pro] Managed Turnstile token (len=816, 15891ms, reset)
[w3:gh:pro] [api] 200 mode=pro startsWith=hypi
[w3:gh:pro] [api] 200 mode=pro startsWith=hypi (447ms direct)
[w3:gh:pro] "hypi" → 7 records, 7 words
[w3:gh:pro] "hypi" branch complete
[w3:gh:pro] Saved 29,891 worker words
[w3:gh:pro] Searching "hypj" | queue=278 | words=29891
[w3:gh:pro] Pacing 15s before "hypj" (gap=15500ms)
[w3:gh:pro] heartbeat words=29891 queue=278 rotation=22 idle=8s
[w3:gh:pro] Site Turnstile remint timed out (23427ms)
[w3:gh:pro] Site Turnstile remint timed out (23949ms)
[w3:gh:pro] Managed Turnstile token (len=816, 8978ms, remount)
[w3:gh:pro] [api] 200 mode=pro startsWith=hypj
[w3:gh:pro] [api] 200 mode=pro startsWith=hypj (436ms direct)
[w3:gh:pro] "hypj" → 0 records, 0 words
[w3:gh:pro] "hypj" branch complete
[w3:gh:pro] Saved 29,891 worker words
[w3:gh:pro] Searching "hypk" | queue=277 | words=29891
[w3:gh:pro] Pacing 16s before "hypk" (gap=15500ms)
[w3:gh:pro] Managed Turnstile token (len=816, 5227ms, reset)
[w3:gh:pro] heartbeat words=29891 queue=277 rotation=22 idle=6s
[w3:gh:pro] [api] 200 mode=pro startsWith=hypk
[w3:gh:pro] [api] 200 mode=pro startsWith=hypk (436ms direct)
[w3:gh:pro] "hypk" → 0 records, 0 words
[w3:gh:pro] "hypk" branch complete
[w3:gh:pro] Saved 29,891 worker words; shared last.txt now 322,281
[w3:gh:pro] Searching "hypl" | queue=276 | words=29891
[w3:gh:pro] Pacing 9s before "hypl" (gap=15500ms)
[w3:gh:pro] Managed Turnstile token (len=816, 12656ms, reset)
[w3:gh:pro] [api] 200 mode=pro startsWith=hypl
[w3:gh:pro] [api] 200 mode=pro startsWith=hypl (585ms direct)
[w3:gh:pro] "hypl" → 0 records, 0 words
[w3:gh:pro] "hypl" branch complete
[w3:gh:pro] Saved 29,891 worker words
[w3:gh:pro] Searching "hypm" | queue=275 | words=29891
[w3:gh:pro] Pacing 15s before "hypm" (gap=15500ms)
[w3:gh:pro] Turnstile token present (len=816)
[w3:gh:pro] Site Turnstile token (19094ms)
[w3:gh:pro] [api] 200 mode=pro startsWith=hypm
[w3:gh:pro] [api] 200 mode=pro startsWith=hypm (553ms direct)
[w3:gh:pro] "hypm" → 0 records, 0 words
[w3:gh:pro] "hypm" branch complete
[w3:gh:pro] Saved 29,891 worker words
[w3:gh:pro] Searching "hypn" | queue=274 | words=29891
[w3:gh:pro] Pacing 15s before "hypn" (gap=15500ms)
[w3:gh:pro] heartbeat words=29891 queue=274 rotation=22 idle=20s
[w3:gh:pro] Site Turnstile remint timed out (22885ms)
[w3:gh:pro] Site Turnstile remint timed out (22710ms)
[w3:gh:pro] Site Turnstile remint timed out (24976ms)
[w3:gh:pro] heartbeat words=29891 queue=274 rotation=22 idle=10s
[w3:gh:pro] Site Turnstile remint timed out (22779ms)
[w3:gh:pro] Site Turnstile remint timed out (23454ms)
[w3:gh:pro] Failed "hypn" attempt 1: No Turnstile token for direct search
[w3:gh:pro] Saved 29,891 worker words
[w3:gh:pro] Turnstile miss — soft reload before rotate
[w3:gh:pro] Site Turnstile remint timed out (12795ms)
[w3:gh:pro] Soft reload mint failed — rotating immediately
[w3:gh:pro] Tor exited code=0
[w3:gh:pro] Starting Tor gen=24 socks=127.0.0.1:19053 (try 1)
[w3:gh:pro] tor: Aug 05 13:01:48.595 [notice] Opened Socks listener connection (ready) on 127.0.0.1:19053
Aug 05 13:01:48.596 [warn] Fixing permissions on directory /tmp/lll-tor
[w3:gh:pro] tor: Aug 05 13:01:48.000 [notice] Bootstrapped 0% (starting): Starting
[w3:gh:pro] tor: Aug 05 13:01:49.000 [notice] Bootstrapped 5% (conn): Connecting to a relay
[w3:gh:pro] tor: Aug 05 13:01:49.000 [notice] Bootstrapped 10% (conn_done): Connected to a relay
[w3:gh:pro] tor: Aug 05 13:01:50.000 [notice] Bootstrapped 14% (handshake): Handshaking with a relay
[w3:gh:pro] tor: Aug 05 13:01:50.000 [notice] Bootstrapped 15% (handshake_done): Handshake with a relay done
Aug 05 13:01:50.000 [notice] Bootstrapped 20% (onehop_create): Estab
[w3:gh:pro] tor: Aug 05 13:01:50.000 [notice] Bootstrapped 25% (requesting_status): Asking for networkstatus consensus
[w3:gh:pro] tor: Aug 05 13:01:51.000 [notice] Bootstrapped 30% (loading_status): Loading networkstatus consensus
[w3:gh:pro] tor: Aug 05 13:01:52.000 [notice] Bootstrapped 40% (loading_keys): Loading authority key certs
[w3:gh:pro] tor: Aug 05 13:01:53.000 [notice] Bootstrapped 45% (requesting_descriptors): Asking for relay descriptors
Aug 05 13:01:53.000 [notice] I learned some more directory 
[w3:gh:pro] heartbeat words=29891 queue=275 rotation=23 idle=0s
[w3:gh:pro] tor: Aug 05 13:01:53.000 [notice] Bootstrapped 50% (loading_descriptors): Loading relay descriptors
[w3:gh:pro] tor: Aug 05 13:01:59.000 [notice] Bootstrapped 56% (loading_descriptors): Loading relay descriptors
[w3:gh:pro] tor: Aug 05 13:02:00.000 [notice] Bootstrapped 61% (loading_descriptors): Loading relay descriptors
[w3:gh:pro] tor: Aug 05 13:02:00.000 [notice] Bootstrapped 67% (loading_descriptors): Loading relay descriptors
[w3:gh:pro] tor: Aug 05 13:02:00.000 [notice] Bootstrapped 75% (enough_dirinfo): Loaded enough directory info to build circuits
[w3:gh:pro] tor: Aug 05 13:02:00.000 [notice] Bootstrapped 90% (ap_handshake_done): Handshake finished with a relay to build circuits
Aug 05 13:02:00.000 [notice] Bootstrapped 9
[w3:gh:pro] tor: Aug 05 13:02:01.000 [notice] Bootstrapped 100% (done): Done
[w3:gh:pro] Tor ready on 19053 exit=192.42.116.15
[w3:gh:pro] Rotating IP (#23, try 1) after No Turnstile token for direct search → tor#24 socks5://127.0.0.1:19053
[w3:gh:pro] Launching persistent Chrome profile /tmp/lll-pw-w3-r23
[w3:gh:pro] Proxy tor#24 socks5://127.0.0.1:19053
[w3:gh:pro] Opening https://lastletterlibrary.com
[w3:gh:pro] Library mode=pro
[w3:gh:pro] Managed Turnstile token (len=816, 6250ms, remount)
[w3:gh:pro] Search mode=direct (skip UI Wait Ns… gate)
[w3:gh:pro] Cleaned 1 old rotated profile(s)
[w3:gh:pro] Browser exit IP=109.70.100.5 (unique)
[w3:gh:pro] Searching "hypn" | queue=274 | words=29891
[w3:gh:pro] [api] 200 mode=pro startsWith=hypn
[w3:gh:pro] [api] 200 mode=pro startsWith=hypn (848ms direct)
[w3:gh:pro] "hypn" → 100 records, 100 words
[w3:gh:pro] Pacing 15s before "hypn" (gap=15500ms)
[w3:gh:pro] Managed Turnstile token (len=816, 6085ms, reset)
[w3:gh:pro] [api] 200 mode=pro startsWith=hypn
[w3:gh:pro] [api] 200 mode=pro startsWith=hypn sort=alphabetical:desc (449ms direct)
[w3:gh:pro] "hypn" full page ends at "hypnum" (next='u'); skip 22 covered groups → 6 children reverse Z→A ends at "hypnaceous" (lo='a' hi='u'); skip 19 middle + 1 new words
[w3:gh:pro] Saved 29,992 worker words
[w3:gh:pro] Searching "hypo" | queue=279 | words=29992
[w3:gh:pro] Pacing 15s before "hypo" (gap=15500ms)
[w3:gh:pro] Managed Turnstile token (len=816, 7997ms, reset)
[w3:gh:pro] [api] 200 mode=pro startsWith=hypo
[w3:gh:pro] [api] 200 mode=pro startsWith=hypo (572ms direct)
[w3:gh:pro] "hypo" → 100 records, 100 words (incl. exact "hypo")
[w3:gh:pro] Pacing 15s before "hypo" (gap=15500ms)
[w3:gh:pro] heartbeat words=30092 queue=279 rotation=23 idle=3s
[w3:gh:pro] Managed Turnstile token (len=816, 6939ms, reset)
[w3:gh:pro] [api] 200 mode=pro startsWith=hypo
[w3:gh:pro] [api] 200 mode=pro startsWith=hypo sort=alphabetical:desc (532ms direct)
[w3:gh:pro] "hypo" full page ends at "hypochondriacisms" (next='c'); skip 9 covered groups → 19 children reverse Z→A ends at "hypothesised" (lo='t' hi='z'); skip 5 middle + 73 new words
[w3:gh:pro] Saved 30,165 worker words
[w3:gh:pro] Searching "hypu" | queue=297 | words=30165
[w3:gh:pro] Pacing 15s before "hypu" (gap=15500ms)
[w3:gh:pro] Managed Turnstile token (len=816, 5739ms, reset)
[w3:gh:pro] [api] 200 mode=pro startsWith=hypu
[w3:gh:pro] [api] 200 mode=pro startsWith=hypu (455ms direct)
[w3:gh:pro] "hypu" → 3 records, 3 words
[w3:gh:pro] "hypu" branch complete
[w3:gh:pro] Saved 30,165 worker words
[w3:gh:pro] Searching "hypv" | queue=296 | words=30165
[w3:gh:pro] Pacing 15s before "hypv" (gap=15500ms)
[w3:gh:pro] Managed Turnstile token (len=816, 9789ms, reset)
[w3:gh:pro] [api] 200 mode=pro startsWith=hypv
[w3:gh:pro] [api] 200 mode=pro startsWith=hypv (701ms direct)
[w3:gh:pro] "hypv" → 0 records, 0 words
[w3:gh:pro] "hypv" branch complete
[w3:gh:pro] Saved 30,165 worker words
[w3:gh:pro] Searching "hypw" | queue=295 | words=30165
[w3:gh:pro] Pacing 14s before "hypw" (gap=15500ms)
[w3:gh:pro] heartbeat words=30165 queue=295 rotation=23 idle=16s
[w3:gh:pro] Managed Turnstile token (len=816, 17608ms, reset)
[w3:gh:pro] [api] 200 mode=pro startsWith=hypw
[w3:gh:pro] [api] 200 mode=pro startsWith=hypw (570ms direct)
[w3:gh:pro] "hypw" → 0 records, 0 words
[w3:gh:pro] "hypw" branch complete
[w3:gh:pro] Saved 30,165 worker words; shared last.txt now 322,863
[w3:gh:pro] Searching "hypx" | queue=294 | words=30165
[w3:gh:pro] Pacing 4s before "hypx" (gap=15500ms)
[w3:gh:pro] Turnstile token present (len=816)
[w3:gh:pro] Site Turnstile token (21287ms)
[w3:gh:pro] [api] 200 mode=pro startsWith=hypx
[w3:gh:pro] [api] 200 mode=pro startsWith=hypx (501ms direct)
[w3:gh:pro] "hypx" → 0 records, 0 words
[w3:gh:pro] "hypx" branch complete
[w3:gh:pro] Saved 30,165 worker words
[w3:gh:pro] Searching "hypy" | queue=293 | words=30165
[w3:gh:pro] Pacing 14s before "hypy" (gap=15500ms)
[w3:gh:pro] Managed Turnstile token (len=816, 16034ms, remount)
[w3:gh:pro] [api] 200 mode=pro startsWith=hypy
[w3:gh:pro] [api] 200 mode=pro startsWith=hypy (552ms direct)
[w3:gh:pro] "hypy" → 0 records, 0 words
[w3:gh:pro] "hypy" branch complete
[w3:gh:pro] Saved 30,165 worker words
[w3:gh:pro] Searching "hypz" | queue=292 | words=30165
[w3:gh:pro] Pacing 15s before "hypz" (gap=15500ms)
[w3:gh:pro] Managed Turnstile token (len=816, 3885ms, reset)
[w3:gh:pro] [api] 200 mode=pro startsWith=hypz
[w3:gh:pro] [api] 200 mode=pro startsWith=hypz (469ms direct)
[w3:gh:pro] "hypz" → 0 records, 0 words
[w3:gh:pro] "hypz" branch complete
[w3:gh:pro] Saved 30,165 worker words
[w3:gh:pro] Searching "hyst" | queue=291 | words=30165
[w3:gh:pro] Pacing 15s before "hyst" (gap=15500ms)
[w3:gh:pro] heartbeat words=30165 queue=291 rotation=23 idle=3s
[w3:gh:pro] Managed Turnstile token (len=816, 5559ms, reset)
[w3:gh:pro] [api] 200 mode=pro startsWith=hyst
[w3:gh:pro] [api] 200 mode=pro startsWith=hyst (1014ms direct)
[w3:gh:pro] "hyst" → 100 records, 100 words
[w3:gh:pro] Pacing 13s before "hyst" (gap=15500ms)
[w3:gh:pro] Managed Turnstile token (len=816, 11803ms, reset)
[w3:gh:pro] [api] 200 mode=pro startsWith=hyst
[w3:gh:pro] [api] 200 mode=pro startsWith=hyst sort=alphabetical:desc (804ms direct)
[w3:gh:pro] "hyst" full page ends at "hysterotraumatism" (next='e'); skip 18 covered groups → 10 children reverse Z→A ends at "hysteresis" (lo='e' hi='r'); skip 12 middle + 0 new words
[w3:gh:pro] Saved 30,165 worker words
[w3:gh:pro] Searching "hysu" | queue=300 | words=30165
[w3:gh:pro] Pacing 15s before "hysu" (gap=15500ms)
[w3:gh:pro] Managed Turnstile token (len=816, 4936ms, reset)
[w3:gh:pro] [api] 200 mode=pro startsWith=hysu
[w3:gh:pro] [api] 200 mode=pro startsWith=hysu (649ms direct)
[w3:gh:pro] "hysu" → 0 records, 0 words
[w3:gh:pro] "hysu" branch complete
[w3:gh:pro] Saved 30,165 worker words
[w3:gh:pro] Searching "hysv" | queue=299 | words=30165
[w3:gh:pro] Pacing 15s before "hysv" (gap=15500ms)
[w3:gh:pro] heartbeat words=30165 queue=299 rotation=23 idle=15s
[w3:gh:pro] Turnstile token present (len=816)
[w3:gh:pro] Site Turnstile token (25297ms)
[w3:gh:pro] [api] 200 mode=pro startsWith=hysv
[w3:gh:pro] [api] 200 mode=pro startsWith=hysv (1372ms direct)
[w3:gh:pro] "hysv" → 0 records, 0 words
[w3:gh:pro] "hysv" branch complete
[w3:gh:pro] Saved 30,165 worker words
[w3:gh:pro] Searching "hysw" | queue=298 | words=30165
[w3:gh:pro] Pacing 8s before "hysw" (gap=15500ms)
[w3:gh:pro] Site Turnstile remint timed out (25900ms)
[w3:gh:pro] heartbeat words=30165 queue=298 rotation=23 idle=19s
[w3:gh:pro] Turnstile token present (len=816)
[w3:gh:pro] Site Turnstile token (22259ms)
[w3:gh:pro] [api] 200 mode=pro startsWith=hysw
[w3:gh:pro] [api] 200 mode=pro startsWith=hysw (547ms direct)
[w3:gh:pro] "hysw" → 0 records, 0 words
[w3:gh:pro] "hysw" branch complete
[w3:gh:pro] Saved 30,165 worker words
[w3:gh:pro] Searching "hysx" | queue=297 | words=30165
[w3:gh:pro] Pacing 14s before "hysx" (gap=15500ms)
[w3:gh:pro] Site Turnstile remint timed out (22623ms)
[w3:gh:pro] Site Turnstile remint timed out (23543ms)
[w3:gh:pro] heartbeat words=30165 queue=297 rotation=23 idle=9s
[w3:gh:pro] Site Turnstile remint timed out (23423ms)
[w3:gh:pro] Managed Turnstile token (len=816, 7241ms, remount)
[w3:gh:pro] [api] 200 mode=pro startsWith=hysx
[w3:gh:pro] [api] 200 mode=pro startsWith=hysx (489ms direct)
[w3:gh:pro] "hysx" → 0 records, 0 words
[w3:gh:pro] "hysx" branch complete
[w3:gh:pro] Saved 30,165 worker words; shared last.txt now 323,216
[w3:gh:pro] Searching "hysy" | queue=296 | words=30165
[w3:gh:pro] Pacing 15s before "hysy" (gap=15500ms)
[w3:gh:pro] Managed Turnstile token (len=816, 4357ms, reset)
[w3:gh:pro] [api] 200 mode=pro startsWith=hysy
[w3:gh:pro] [api] 200 mode=pro startsWith=hysy (512ms direct)
[w3:gh:pro] "hysy" → 0 records, 0 words
[w3:gh:pro] "hysy" branch complete
[w3:gh:pro] Saved 30,165 worker words
[w3:gh:pro] Searching "hysz" | queue=295 | words=30165
[w3:gh:pro] Pacing 15s before "hysz" (gap=15500ms)
[w3:gh:pro] Site Turnstile remint timed out (22411ms)
[w3:gh:pro] heartbeat words=30165 queue=295 rotation=23 idle=0s
[w3:gh:pro] Managed Turnstile token (len=816, 3840ms, remount)
[w3:gh:pro] [api] 200 mode=pro startsWith=hysz
[w3:gh:pro] [api] 200 mode=pro startsWith=hysz (406ms direct)
[w3:gh:pro] "hysz" → 0 records, 0 words
[w3:gh:pro] "hysz" branch complete
[w3:gh:pro] Saved 30,165 worker words
[w3:gh:pro] Searching "haema" | queue=294 | words=30165
[w3:gh:pro] Pacing 16s before "haema" (gap=15500ms)
[w3:gh:pro] Managed Turnstile token (len=816, 4257ms, reset)
[w3:gh:pro] [api] 200 mode=pro startsWith=haema
[w3:gh:pro] [api] 200 mode=pro startsWith=haema (508ms direct)
[w3:gh:pro] "haema" → 100 records, 100 words
[w3:gh:pro] Pacing 15s before "haema" (gap=15500ms)
[w3:gh:pro] Managed Turnstile token (len=816, 4992ms, reset)
[w3:gh:pro] [api] 200 mode=pro startsWith=haema
[w3:gh:pro] [api] 200 mode=pro startsWith=haema sort=alphabetical:desc (587ms direct)
[w3:gh:pro] "haema" full page ends at "haematosin" (next='t'); skip 21 covered groups → 7 children reverse Z→A ends at "haemangioendothelioma" (lo='n' hi='t'); skip 5 middle + 16 new words
[w3:gh:pro] Saved 30,182 worker words
[w3:gh:pro] Searching "haemb" | queue=300 | words=30182
[w3:gh:pro] Pacing 15s before "haemb" (gap=15500ms)
[w3:gh:pro] Managed Turnstile token (len=816, 15609ms, reset)
[w3:gh:pro] [api] 200 mode=pro startsWith=haemb
[w3:gh:pro] [api] 200 mode=pro startsWith=haemb (469ms direct)
[w3:gh:pro] "haemb" → 0 records, 0 words
[w3:gh:pro] "haemb" branch complete
[w3:gh:pro] Saved 30,182 worker words
[w3:gh:pro] Searching "haemc" | queue=299 | words=30182
[w3:gh:pro] Pacing 15s before "haemc" (gap=15500ms)
[w3:gh:pro] heartbeat words=30182 queue=299 rotation=23 idle=8s
[w3:gh:pro] Turnstile mint hard timeout after 28000ms
[w3:gh:pro] Site Turnstile remint timed out (28127ms)
[w3:gh:pro] Turnstile token present (len=816)
[w3:gh:pro] Site Turnstile token (23972ms)
[w3:gh:pro] [api] 200 mode=pro startsWith=haemc
[w3:gh:pro] [api] 200 mode=pro startsWith=haemc (635ms direct)
[w3:gh:pro] "haemc" → 0 records, 0 words
[w3:gh:pro] "haemc" branch complete
[w3:gh:pro] Saved 30,182 worker words
[w3:gh:pro] Searching "haemd" | queue=298 | words=30182
[w3:gh:pro] Pacing 15s before "haemd" (gap=15500ms)
[w3:gh:pro] heartbeat words=30182 queue=298 rotation=23 idle=15s
[w3:gh:pro] Site Turnstile remint timed out (23115ms)
[w3:gh:pro] Turnstile mint hard timeout after 28000ms
[w3:gh:pro] heartbeat words=30182 queue=298 rotation=23 idle=21s
[w3:gh:pro] Site Turnstile remint timed out (53327ms)
[w3:gh:pro] Turnstile mint hard timeout after 28000ms
[w3:gh:pro] Site Turnstile remint timed out (37259ms)
[w3:gh:pro] Managed Turnstile token (len=816, 13970ms, remount)
[w3:gh:pro] [api] 200 mode=pro startsWith=haemd
[w3:gh:pro] [api] 200 mode=pro startsWith=haemd (839ms direct)
[w3:gh:pro] "haemd" → 0 records, 0 words
[w3:gh:pro] "haemd" branch complete
[w3:gh:pro] Saved 30,182 worker words
[w3:gh:pro] Searching "haeme" | queue=297 | words=30182
[w3:gh:pro] Pacing 15s before "haeme" (gap=15500ms)
[w3:gh:pro] Managed Turnstile token (len=816, 7699ms, reset)
[w3:gh:pro] [api] 200 mode=pro startsWith=haeme
[w3:gh:pro] [api] 200 mode=pro startsWith=haeme (534ms direct)
[w3:gh:pro] "haeme" → 0 records, 0 words
[w3:gh:pro] "haeme" branch complete
[w3:gh:pro] Saved 30,182 worker words
[w3:gh:pro] Searching "haemf" | queue=296 | words=30182
[w3:gh:pro] Pacing 14s before "haemf" (gap=15500ms)
[w3:gh:pro] Managed Turnstile token (len=816, 11527ms, reset)
[w3:gh:pro] [api] 429 mode=pro startsWith=haemf
[w3:gh:pro] [api] 429 mode=pro startsWith=haemf (462ms direct)
[w3:gh:pro] Learned server gap ≈ 15500ms (wait hint 2000ms)
[w3:gh:pro] Rate limited — inline wait 2000ms then retry "haemf"
[w3:gh:pro] heartbeat words=30182 queue=296 rotation=23 idle=5s
[w3:gh:pro] Managed Turnstile token (len=816, 5846ms, reset)
[w3:gh:pro] [api] 200 mode=pro startsWith=haemf
[w3:gh:pro] [api] 200 mode=pro startsWith=haemf (576ms direct)
[w3:gh:pro] "haemf" → 0 records, 0 words
[w3:gh:pro] "haemf" branch complete
[w3:gh:pro] Saved 30,182 worker words; shared last.txt now 324,164
[w3:gh:pro] Searching "haemg" | queue=295 | words=30182
[w3:gh:pro] Pacing 12s before "haemg" (gap=15500ms)
[w3:gh:pro] Managed Turnstile token (len=816, 6440ms, reset)
[w3:gh:pro] [api] 200 mode=pro startsWith=haemg
[w3:gh:pro] [api] 200 mode=pro startsWith=haemg (450ms direct)
[w3:gh:pro] "haemg" → 0 records, 0 words
[w3:gh:pro] "haemg" branch complete
[w3:gh:pro] Saved 30,182 worker words
[w3:gh:pro] Searching "haemh" | queue=294 | words=30182
[w3:gh:pro] Pacing 15s before "haemh" (gap=15500ms)
[w3:gh:pro] Managed Turnstile token (len=816, 6439ms, reset)
[w3:gh:pro] [api] 200 mode=pro startsWith=haemh
[w3:gh:pro] [api] 200 mode=pro startsWith=haemh (602ms direct)
[w3:gh:pro] "haemh" → 0 records, 0 words
[w3:gh:pro] "haemh" branch complete
[w3:gh:pro] Saved 30,182 worker words
[w3:gh:pro] Searching "haemi" | queue=293 | words=30182
[w3:gh:pro] Pacing 15s before "haemi" (gap=15500ms)
[w3:gh:pro] Managed Turnstile token (len=816, 5858ms, reset)
[w3:gh:pro] [api] 200 mode=pro startsWith=haemi
[w3:gh:pro] [api] 200 mode=pro startsWith=haemi (636ms direct)
[w3:gh:pro] "haemi" → 3 records, 3 words
[w3:gh:pro] "haemi" branch complete
[w3:gh:pro] Saved 30,185 worker words
[w3:gh:pro] Searching "haemj" | queue=292 | words=30185
[w3:gh:pro] Pacing 14s before "haemj" (gap=15500ms)
[w3:gh:pro] heartbeat words=30185 queue=292 rotation=23 idle=11s
[w3:gh:pro] Managed Turnstile token (len=816, 11762ms, reset)
[w3:gh:pro] [api] 200 mode=pro startsWith=haemj
[w3:gh:pro] [api] 200 mode=pro startsWith=haemj (633ms direct)
[w3:gh:pro] "haemj" → 0 records, 0 words
[w3:gh:pro] "haemj" branch complete
[w3:gh:pro] Saved 30,185 worker words
[w3:gh:pro] Searching "haemk" | queue=291 | words=30185
[w3:gh:pro] Pacing 14s before "haemk" (gap=15500ms)
[w3:gh:pro] Site Turnstile remint timed out (23840ms)
[w3:gh:pro] Managed Turnstile token (len=816, 13830ms, remount)
[w3:gh:pro] [api] 200 mode=pro startsWith=haemk
[w3:gh:pro] [api] 200 mode=pro startsWith=haemk (468ms direct)
[w3:gh:pro] "haemk" → 0 records, 0 words
[w3:gh:pro] "haemk" branch complete
[w3:gh:pro] Saved 30,185 worker words
[w3:gh:pro] Searching "haeml" | queue=290 | words=30185
[w3:gh:pro] Pacing 15s before "haeml" (gap=15500ms)
[w3:gh:pro] Managed Turnstile token (len=816, 6953ms, reset)
[w3:gh:pro] [api] 200 mode=pro startsWith=haeml
[w3:gh:pro] [api] 200 mode=pro startsWith=haeml (553ms direct)
[w3:gh:pro] "haeml" → 0 records, 0 words
[w3:gh:pro] "haeml" branch complete
[w3:gh:pro] Saved 30,185 worker words
[w3:gh:pro] Searching "haemm" | queue=289 | words=30185
[w3:gh:pro] Pacing 15s before "haemm" (gap=15500ms)
[w3:gh:pro] heartbeat words=30185 queue=289 rotation=23 idle=2s
[w3:gh:pro] Site Turnstile remint timed out (22400ms)
[w3:gh:pro] Site Turnstile remint timed out (22584ms)
[w3:gh:pro] heartbeat words=30185 queue=289 rotation=23 idle=17s
[w3:gh:pro] Turnstile token present (len=816)
[w3:gh:pro] Site Turnstile token (22497ms)
[w3:gh:pro] [api] 200 mode=pro startsWith=haemm
[w3:gh:pro] [api] 200 mode=pro startsWith=haemm (507ms direct)
[w3:gh:pro] "haemm" → 0 records, 0 words
[w3:gh:pro] "haemm" branch complete
[w3:gh:pro] Saved 30,185 worker words
[w3:gh:pro] Searching "haemn" | queue=288 | words=30185
[w3:gh:pro] Pacing 15s before "haemn" (gap=15500ms)
[w3:gh:pro] Managed Turnstile token (len=816, 7878ms, remount)
[w3:gh:pro] [api] 200 mode=pro startsWith=haemn
[w3:gh:pro] [api] 200 mode=pro startsWith=haemn (591ms direct)
[w3:gh:pro] "haemn" → 0 records, 0 words
[w3:gh:pro] "haemn" branch complete
[w3:gh:pro] Saved 30,185 worker words; shared last.txt now 324,562
[w3:gh:pro] Searching "haemo" | queue=287 | words=30185
[w3:gh:pro] Pacing 15s before "haemo" (gap=15500ms)
[w3:gh:pro] Managed Turnstile token (len=816, 5937ms, reset)
[w3:gh:pro] [api] 200 mode=pro startsWith=haemo
[w3:gh:pro] [api] 200 mode=pro startsWith=haemo (431ms direct)
[w3:gh:pro] "haemo" → 100 records, 100 words
[w3:gh:pro] Pacing 16s before "haemo" (gap=15500ms)
[w3:gh:pro] Managed Turnstile token (len=816, 5713ms, reset)
[w3:gh:pro] [api] 200 mode=pro startsWith=haemo
[w3:gh:pro] [api] 200 mode=pro startsWith=haemo sort=alphabetical:desc (406ms direct)
[w3:gh:pro] "haemo" full page ends at "haemosporid" (next='s'); skip 21 covered groups → 7 children reverse Z→A ends at "haemocytometers" (lo='c' hi='t'); skip 16 middle + 0 new words
[w3:gh:pro] Saved 30,203 worker words
[w3:gh:pro] Searching "haemu" | queue=293 | words=30203
[w3:gh:pro] Pacing 15s before "haemu" (gap=15500ms)
[w3:gh:pro] Managed Turnstile token (len=816, 5140ms, reset)
[w3:gh:pro] heartbeat words=30203 queue=293 rotation=23 idle=2s
[w3:gh:pro] [api] 200 mode=pro startsWith=haemu
[w3:gh:pro] [api] 200 mode=pro startsWith=haemu (665ms direct)
[w3:gh:pro] "haemu" → 2 records, 2 words
[w3:gh:pro] "haemu" branch complete
[w3:gh:pro] Saved 30,203 worker words
[w3:gh:pro] Searching "haemv" | queue=292 | words=30203
[w3:gh:pro] Pacing 15s before "haemv" (gap=15500ms)
[w3:gh:pro] Managed Turnstile token (len=816, 7402ms, reset)
[w3:gh:pro] [api] 200 mode=pro startsWith=haemv
[w3:gh:pro] [api] 200 mode=pro startsWith=haemv (508ms direct)
[w3:gh:pro] "haemv" → 0 records, 0 words
[w3:gh:pro] "haemv" branch complete
[w3:gh:pro] Saved 30,203 worker words
[w3:gh:pro] Searching "haemw" | queue=291 | words=30203
[w3:gh:pro] Pacing 15s before "haemw" (gap=15500ms)
[w3:gh:pro] Managed Turnstile token (len=816, 5625ms, reset)
[w3:gh:pro] [api] 200 mode=pro startsWith=haemw
[w3:gh:pro] [api] 200 mode=pro startsWith=haemw (549ms direct)
[w3:gh:pro] "haemw" → 0 records, 0 words
[w3:gh:pro] "haemw" branch complete
[w3:gh:pro] Saved 30,203 worker words
[w3:gh:pro] Searching "haemx" | queue=290 | words=30203
[w3:gh:pro] Pacing 15s before "haemx" (gap=15500ms)
[w3:gh:pro] heartbeat words=30203 queue=290 rotation=23 idle=20s
[w3:gh:pro] Turnstile token present (len=816)
[w3:gh:pro] Site Turnstile token (26268ms)
[w3:gh:pro] [api] 200 mode=pro startsWith=haemx
[w3:gh:pro] [api] 200 mode=pro startsWith=haemx (726ms direct)
[w3:gh:pro] "haemx" → 0 records, 0 words
[w3:gh:pro] "haemx" branch complete
[w3:gh:pro] Saved 30,203 worker words
[w3:gh:pro] Searching "haemy" | queue=289 | words=30203
[w3:gh:pro] Pacing 15s before "haemy" (gap=15500ms)
[w3:gh:pro] Site Turnstile remint timed out (24283ms)
[w3:gh:pro] Site Turnstile remint timed out (26803ms)
[w3:gh:pro] heartbeat words=30203 queue=289 rotation=23 idle=2s
[w3:gh:pro] Site Turnstile remint timed out (26158ms)
[w3:gh:pro] Turnstile token present (len=816)
[w3:gh:pro] Site Turnstile token (25183ms)
[w3:gh:pro] [api] 200 mode=pro startsWith=haemy
[w3:gh:pro] [api] 200 mode=pro startsWith=haemy (629ms direct)
[w3:gh:pro] "haemy" → 0 records, 0 words
[w3:gh:pro] "haemy" branch complete
[w3:gh:pro] Saved 30,203 worker words
[w3:gh:pro] Searching "haemz" | queue=288 | words=30203
[w3:gh:pro] Pacing 15s before "haemz" (gap=15500ms)
[w3:gh:pro] heartbeat words=30203 queue=288 rotation=23 idle=9s
[w3:gh:pro] Turnstile token present (len=816)
[w3:gh:pro] Site Turnstile token (22030ms)
[w3:gh:pro] [api] 200 mode=pro startsWith=haemz
[w3:gh:pro] [api] 200 mode=pro startsWith=haemz (447ms direct)
[w3:gh:pro] "haemz" → 0 records, 0 words
[w3:gh:pro] "haemz" branch complete
[w3:gh:pro] Saved 30,203 worker words
[w3:gh:pro] Searching "hairy" | queue=287 | words=30203
[w3:gh:pro] Pacing 15s before "hairy" (gap=15500ms)
[w3:gh:pro] Managed Turnstile token (len=816, 6371ms, remount)
[w3:gh:pro] [api] 200 mode=pro startsWith=hairy
[w3:gh:pro] [api] 200 mode=pro startsWith=hairy (520ms direct)
[w3:gh:pro] "hairy" → 2 records, 2 words (incl. exact "hairy")
[w3:gh:pro] "hairy" branch complete
[w3:gh:pro] Saved 30,203 worker words; shared last.txt now 324,867
[w3:gh:pro] Searching "hairz" | queue=286 | words=30203
[w3:gh:pro] Pacing 15s before "hairz" (gap=15500ms)
[w3:gh:pro] Managed Turnstile token (len=816, 6040ms, reset)
[w3:gh:pro] [api] 200 mode=pro startsWith=hairz
[w3:gh:pro] [api] 200 mode=pro startsWith=hairz (433ms direct)
[w3:gh:pro] "hairz" → 0 records, 0 words
[w3:gh:pro] "hairz" branch complete
[w3:gh:pro] Saved 30,203 worker words
[w3:gh:pro] Searching "halfh" | queue=285 | words=30203
[w3:gh:pro] Pacing 16s before "halfh" (gap=15500ms)
[w3:gh:pro] Managed Turnstile token (len=816, 4045ms, reset)
[w3:gh:pro] [api] 200 mode=pro startsWith=halfh
[w3:gh:pro] [api] 200 mode=pro startsWith=halfh (704ms direct)
[w3:gh:pro] "halfh" → 6 records, 6 words
[w3:gh:pro] "halfh" branch complete
[w3:gh:pro] Saved 30,203 worker words
[w3:gh:pro] Searching "halfi" | queue=284 | words=30203
[w3:gh:pro] Pacing 15s before "halfi" (gap=15500ms)
[w3:gh:pro] heartbeat words=30203 queue=284 rotation=23 idle=1s
[w3:gh:pro] Managed Turnstile token (len=816, 3989ms, reset)
[w3:gh:pro] [api] 200 mode=pro startsWith=halfi
[w3:gh:pro] [api] 200 mode=pro startsWith=halfi (430ms direct)
[w3:gh:pro] "halfi" → 0 records, 0 words
[w3:gh:pro] "halfi" branch complete
[w3:gh:pro] Saved 30,203 worker words
[w3:gh:pro] Searching "halfj" | queue=283 | words=30203
[w3:gh:pro] Pacing 16s before "halfj" (gap=15500ms)
[w3:gh:pro] Managed Turnstile token (len=816, 4812ms, reset)
[w3:gh:pro] [api] 200 mode=pro startsWith=halfj
[w3:gh:pro] [api] 200 mode=pro startsWith=halfj (426ms direct)
[w3:gh:pro] "halfj" → 0 records, 0 words
[w3:gh:pro] "halfj" branch complete
[w3:gh:pro] Saved 30,203 worker words
[w3:gh:pro] Searching "halfk" | queue=282 | words=30203
[w3:gh:pro] Pacing 16s before "halfk" (gap=15500ms)
[w3:gh:pro] Managed Turnstile token (len=816, 6896ms, reset)
[w3:gh:pro] [api] 200 mode=pro startsWith=halfk
[w3:gh:pro] [api] 200 mode=pro startsWith=halfk (430ms direct)
[w3:gh:pro] "halfk" → 0 records, 0 words
[w3:gh:pro] "halfk" branch complete
[w3:gh:pro] Saved 30,203 worker words
[w3:gh:pro] Searching "halfl" | queue=281 | words=30203
[w3:gh:pro] Pacing 16s before "halfl" (gap=15500ms)
[w3:gh:pro] Managed Turnstile token (len=816, 5443ms, reset)
[w3:gh:pro] heartbeat words=30203 queue=281 rotation=23 idle=9s
[w3:gh:pro] [api] 200 mode=pro startsWith=halfl
[w3:gh:pro] [api] 200 mode=pro startsWith=halfl (458ms direct)
[w3:gh:pro] "halfl" → 9 records, 9 words
[w3:gh:pro] "halfl" branch complete
[w3:gh:pro] Saved 30,203 worker words
[w3:gh:pro] Searching "halfm" | queue=280 | words=30203
[w3:gh:pro] Pacing 16s before "halfm" (gap=15500ms)
[w3:gh:pro] Turnstile mint hard timeout after 28000ms
[w3:gh:pro] Site Turnstile remint timed out (28089ms)
[w3:gh:pro] Turnstile mint hard timeout after 28000ms
[w3:gh:pro] heartbeat words=30203 queue=280 rotation=23 idle=3s
[w3:gh:pro] Site Turnstile remint timed out (31458ms)
[w3:gh:pro] Site Turnstile remint timed out (22904ms)
[w3:gh:pro] Site Turnstile remint timed out (22922ms)
[w3:gh:pro] heartbeat words=30203 queue=280 rotation=23 idle=17s
[w3:gh:pro] Site Turnstile remint timed out (25557ms)
[w3:gh:pro] Failed "halfm" attempt 1: No Turnstile token for direct search
[w3:gh:pro] Saved 30,203 worker words
[w3:gh:pro] Turnstile miss — soft reload before rotate
[w3:gh:pro] Turnstile token present (len=816)
[w3:gh:pro] Site Turnstile token (7556ms)
[w3:gh:pro] Searching "halfm" | queue=280 | words=30203
[w3:gh:pro] [api] 200 mode=pro startsWith=halfm
[w3:gh:pro] [api] 200 mode=pro startsWith=halfm (507ms direct)
[w3:gh:pro] "halfm" → 2 records, 2 words
[w3:gh:pro] "halfm" branch complete
[w3:gh:pro] Saved 30,203 worker words; shared last.txt now 325,188
[w3:gh:pro] Searching "halfn" | queue=279 | words=30203
[w3:gh:pro] Pacing 12s before "halfn" (gap=15500ms)
[w3:gh:pro] Managed Turnstile token (len=816, 8863ms, remount)
[w3:gh:pro] [api] 200 mode=pro startsWith=halfn
[w3:gh:pro] [api] 200 mode=pro startsWith=halfn (605ms direct)
[w3:gh:pro] "halfn" → 2 records, 2 words
[w3:gh:pro] "halfn" branch complete
[w3:gh:pro] Saved 30,203 worker words
[w3:gh:pro] Searching "halfo" | queue=278 | words=30203
[w3:gh:pro] Pacing 15s before "halfo" (gap=15500ms)
[w3:gh:pro] Managed Turnstile token (len=816, 7504ms, reset)
[w3:gh:pro] [api] 200 mode=pro startsWith=halfo
[w3:gh:pro] [api] 200 mode=pro startsWith=halfo (709ms direct)
[w3:gh:pro] "halfo" → 0 records, 0 words
[w3:gh:pro] "halfo" branch complete
[w3:gh:pro] Saved 30,203 worker words
[w3:gh:pro] Searching "halfp" | queue=277 | words=30203
[w3:gh:pro] Pacing 15s before "halfp" (gap=15500ms)
[w3:gh:pro] Managed Turnstile token (len=816, 4886ms, reset)
[w3:gh:pro] heartbeat words=30203 queue=277 rotation=23 idle=5s
[w3:gh:pro] [api] 200 mode=pro startsWith=halfp
[w3:gh:pro] [api] 200 mode=pro startsWith=halfp (440ms direct)
[w3:gh:pro] "halfp" → 10 records, 10 words
[w3:gh:pro] "halfp" branch complete
[w3:gh:pro] Saved 30,203 worker words
[w3:gh:pro] Searching "halfq" | queue=276 | words=30203
[w3:gh:pro] Pacing 15s before "halfq" (gap=15500ms)
[w3:gh:pro] Managed Turnstile token (len=816, 7640ms, reset)
[w3:gh:pro] [api] 200 mode=pro startsWith=halfq
[w3:gh:pro] [api] 200 mode=pro startsWith=halfq (564ms direct)
[w3:gh:pro] "halfq" → 0 records, 0 words
[w3:gh:pro] "halfq" branch complete
[w3:gh:pro] Saved 30,203 worker words
[w3:gh:pro] Searching "halfr" | queue=275 | words=30203
[w3:gh:pro] Pacing 14s before "halfr" (gap=15500ms)
[w3:gh:pro] Managed Turnstile token (len=816, 9649ms, reset)
[w3:gh:pro] [api] 200 mode=pro startsWith=halfr
[w3:gh:pro] [api] 200 mode=pro startsWith=halfr (502ms direct)
[w3:gh:pro] "halfr" → 0 records, 0 words
[w3:gh:pro] "halfr" branch complete
[w3:gh:pro] Saved 30,203 worker words
[w3:gh:pro] Searching "halfs" | queue=274 | words=30203
[w3:gh:pro] Pacing 15s before "halfs" (gap=15500ms)
[w3:gh:pro] Managed Turnstile token (len=816, 7849ms, reset)
[w3:gh:pro] [api] 200 mode=pro startsWith=halfs
[w3:gh:pro] [api] 200 mode=pro startsWith=halfs (584ms direct)
[w3:gh:pro] "halfs" → 2 records, 2 words (incl. exact "halfs")
[w3:gh:pro] "halfs" branch complete
[w3:gh:pro] Saved 30,203 worker words
[w3:gh:pro] Searching "halft" | queue=273 | words=30203
[w3:gh:pro] Pacing 15s before "halft" (gap=15500ms)
[w3:gh:pro] heartbeat words=30203 queue=273 rotation=23 idle=8s
[w3:gh:pro] Managed Turnstile token (len=816, 12603ms, reset)
[w3:gh:pro] [api] 200 mode=pro startsWith=halft
[w3:gh:pro] [api] 200 mode=pro startsWith=halft (458ms direct)
[w3:gh:pro] "halft" → 6 records, 6 words
[w3:gh:pro] "halft" branch complete
[w3:gh:pro] Saved 30,203 worker words
[w3:gh:pro] Searching "halfu" | queue=272 | words=30203
[w3:gh:pro] Pacing 15s before "halfu" (gap=15500ms)
[w3:gh:pro] Managed Turnstile token (len=816, 4967ms, reset)
[w3:gh:pro] [api] 200 mode=pro startsWith=halfu
[w3:gh:pro] [api] 200 mode=pro startsWith=halfu (545ms direct)
[w3:gh:pro] "halfu" → 1 records, 1 words
[w3:gh:pro] "halfu" branch complete
[w3:gh:pro] Saved 30,203 worker words; shared last.txt now 325,307
[w3:gh:pro] Searching "halfv" | queue=271 | words=30203
[w3:gh:pro] Pacing 15s before "halfv" (gap=15500ms)
[w3:gh:pro] Managed Turnstile token (len=816, 5573ms, remount)
[w3:gh:pro] [api] 200 mode=pro startsWith=halfv
[w3:gh:pro] [api] 200 mode=pro startsWith=halfv (808ms direct)
[w3:gh:pro] "halfv" → 0 records, 0 words
[w3:gh:pro] "halfv" branch complete
[w3:gh:pro] Saved 30,203 worker words
[w3:gh:pro] Searching "halfw" | queue=270 | words=30203
[w3:gh:pro] Pacing 15s before "halfw" (gap=15500ms)
[w3:gh:pro] Managed Turnstile token (len=816, 17513ms, reset)
[w3:gh:pro] [api] 200 mode=pro startsWith=halfw
[w3:gh:pro] [api] 200 mode=pro startsWith=halfw (548ms direct)
[w3:gh:pro] "halfw" → 9 records, 9 words
[w3:gh:pro] "halfw" branch complete
[w3:gh:pro] Saved 30,203 worker words
[w3:gh:pro] Searching "halfx" | queue=269 | words=30203
[w3:gh:pro] Pacing 13s before "halfx" (gap=15500ms)
[w3:gh:pro] heartbeat words=30203 queue=269 rotation=23 idle=0s
[w3:gh:pro] Managed Turnstile token (len=816, 7415ms, reset)
[w3:gh:pro] [api] 200 mode=pro startsWith=halfx
[w3:gh:pro] [api] 200 mode=pro startsWith=halfx (511ms direct)
[w3:gh:pro] "halfx" → 0 records, 0 words
[w3:gh:pro] "halfx" branch complete
[w3:gh:pro] Saved 30,203 worker words
[w3:gh:pro] Searching "halfy" | queue=268 | words=30203
[w3:gh:pro] Pacing 15s before "halfy" (gap=15500ms)
[w3:gh:pro] Managed Turnstile token (len=816, 4908ms, reset)
[w3:gh:pro] [api] 200 mode=pro startsWith=halfy
[w3:gh:pro] [api] 200 mode=pro startsWith=halfy (521ms direct)
[w3:gh:pro] "halfy" → 1 records, 1 words (incl. exact "halfy")
[w3:gh:pro] "halfy" branch complete
[w3:gh:pro] Saved 30,203 worker words
[w3:gh:pro] Searching "hally" | queue=267 | words=30203
[w3:gh:pro] Pacing 15s before "hally" (gap=15500ms)
[w3:gh:pro] Managed Turnstile token (len=816, 5712ms, reset)
[w3:gh:pro] [api] 200 mode=pro startsWith=hally
[w3:gh:pro] [api] 200 mode=pro startsWith=hally (468ms direct)
[w3:gh:pro] "hally" → 4 records, 4 words
[w3:gh:pro] "hally" branch complete
[w3:gh:pro] Saved 30,203 worker words
[w3:gh:pro] Searching "hallz" | queue=266 | words=30203
[w3:gh:pro] Pacing 15s before "hallz" (gap=15500ms)
[w3:gh:pro] Managed Turnstile token (len=816, 5370ms, reset)
[w3:gh:pro] [api] 200 mode=pro startsWith=hallz
[w3:gh:pro] [api] 200 mode=pro startsWith=hallz (562ms direct)
[w3:gh:pro] "hallz" → 0 records, 0 words
[w3:gh:pro] "hallz" branch complete
[w3:gh:pro] Saved 30,203 worker words
[w3:gh:pro] Searching "handg" | queue=265 | words=30203
[w3:gh:pro] Pacing 15s before "handg" (gap=15500ms)
[w3:gh:pro] heartbeat words=30203 queue=265 rotation=23 idle=1s
[w3:gh:pro] Managed Turnstile token (len=816, 5586ms, reset)
[w3:gh:pro] [api] 200 mode=pro startsWith=handg
[w3:gh:pro] [api] 200 mode=pro startsWith=handg (601ms direct)
[w3:gh:pro] "handg" → 10 records, 10 words
[w3:gh:pro] "handg" branch complete
[w3:gh:pro] Saved 30,211 worker words
[w3:gh:pro] Searching "handh" | queue=264 | words=30211
[w3:gh:pro] Pacing 15s before "handh" (gap=15500ms)
[w3:gh:pro] Managed Turnstile token (len=816, 5427ms, reset)
[w3:gh:pro] [api] 200 mode=pro startsWith=handh
[w3:gh:pro] [api] 200 mode=pro startsWith=handh (428ms direct)
[w3:gh:pro] "handh" → 8 records, 8 words
[w3:gh:pro] "handh" branch complete
[w3:gh:pro] Saved 30,219 worker words; shared last.txt now 325,515
[w3:gh:pro] Searching "handi" | queue=263 | words=30219
[w3:gh:pro] Pacing 15s before "handi" (gap=15500ms)
[w3:gh:pro] Managed Turnstile token (len=816, 10567ms, remount)
[w3:gh:pro] [api] 200 mode=pro startsWith=handi
[w3:gh:pro] [api] 200 mode=pro startsWith=handi (481ms direct)
[w3:gh:pro] "handi" → 29 records, 29 words
[w3:gh:pro] "handi" branch complete
[w3:gh:pro] Saved 30,248 worker words
[w3:gh:pro] Searching "handj" | queue=262 | words=30248
[w3:gh:pro] Pacing 15s before "handj" (gap=15500ms)
[w3:gh:pro] Managed Turnstile token (len=816, 12916ms, reset)
[w3:gh:pro] heartbeat words=30248 queue=262 rotation=23 idle=1s
[w3:gh:pro] [api] 200 mode=pro startsWith=handj
[w3:gh:pro] [api] 200 mode=pro startsWith=handj (809ms direct)
[w3:gh:pro] "handj" → 4 records, 4 words
[w3:gh:pro] "handj" branch complete
[w3:gh:pro] Saved 30,252 worker words
[w3:gh:pro] Searching "handk" | queue=261 | words=30252
[w3:gh:pro] Pacing 14s before "handk" (gap=15500ms)
[w3:gh:pro] Site Turnstile remint timed out (22906ms)
[w3:gh:pro] Managed Turnstile token (len=816, 9054ms, remount)
[w3:gh:pro] [api] 200 mode=pro startsWith=handk
[w3:gh:pro] [api] 200 mode=pro startsWith=handk (604ms direct)
[w3:gh:pro] "handk" → 8 records, 8 words
[w3:gh:pro] "handk" branch complete
[w3:gh:pro] Saved 30,260 worker words
[w3:gh:pro] Searching "handl" | queue=260 | words=30260
[w3:gh:pro] Pacing 15s before "handl" (gap=15500ms)
[w3:gh:pro] heartbeat words=30260 queue=260 rotation=23 idle=25s
[w3:gh:pro] Turnstile mint hard timeout after 28000ms
[w3:gh:pro] Site Turnstile remint timed out (30138ms)
[w3:gh:pro] Site Turnstile remint timed out (25718ms)
[w3:gh:pro] Site Turnstile remint timed out (22726ms)
[w3:gh:pro] heartbeat words=30260 queue=260 rotation=23 idle=9s
[w3:gh:pro] Turnstile token present (len=816)
[w3:gh:pro] Site Turnstile token (23285ms)
[w3:gh:pro] [api] 200 mode=pro startsWith=handl
[w3:gh:pro] [api] 200 mode=pro startsWith=handl (561ms direct)
[w3:gh:pro] "handl" → 29 records, 29 words
[w3:gh:pro] "handl" branch complete
[w3:gh:pro] Saved 30,289 worker words
[w3:gh:pro] Searching "handm" | queue=259 | words=30289
[w3:gh:pro] Pacing 15s before "handm" (gap=15500ms)
[w3:gh:pro] Managed Turnstile token (len=816, 12753ms, remount)
[w3:gh:pro] [api] 200 mode=pro startsWith=handm
[w3:gh:pro] [api] 200 mode=pro startsWith=handm (465ms direct)
[w3:gh:pro] "handm" → 6 records, 6 words
[w3:gh:pro] "handm" branch complete
[w3:gh:pro] Saved 30,295 worker words
[w3:gh:pro] Searching "handn" | queue=258 | words=30295
[w3:gh:pro] Pacing 15s before "handn" (gap=15500ms)
[w3:gh:pro] Managed Turnstile token (len=816, 5919ms, reset)
[w3:gh:pro] [api] 200 mode=pro startsWith=handn
[w3:gh:pro] [api] 200 mode=pro startsWith=handn (438ms direct)
[w3:gh:pro] "handn" → 0 records, 0 words
[w3:gh:pro] "handn" branch complete
[w3:gh:pro] Saved 30,295 worker words
[w3:gh:pro] Searching "hando" | queue=257 | words=30295
[w3:gh:pro] Pacing 16s before "hando" (gap=15500ms)
[w3:gh:pro] heartbeat words=30295 queue=257 rotation=23 idle=14s
[w3:gh:pro] Site Turnstile remint timed out (23788ms)
[w3:gh:pro] Managed Turnstile token (len=816, 12884ms, remount)
[w3:gh:pro] [api] 200 mode=pro startsWith=hando
[w3:gh:pro] [api] 200 mode=pro startsWith=hando (562ms direct)
[w3:gh:pro] "hando" → 6 records, 6 words
[w3:gh:pro] "hando" branch complete
[w3:gh:pro] Saved 30,301 worker words
[w3:gh:pro] Searching "handp" | queue=256 | words=30301
[w3:gh:pro] Pacing 15s before "handp" (gap=15500ms)
[w3:gh:pro] Managed Turnstile token (len=816, 7702ms, reset)
[w3:gh:pro] [api] 200 mode=pro startsWith=handp
[w3:gh:pro] [api] 200 mode=pro startsWith=handp (571ms direct)
[w3:gh:pro] "handp" → 18 records, 18 words
[w3:gh:pro] "handp" branch complete
[w3:gh:pro] Saved 30,319 worker words; shared last.txt now 325,914
[w3:gh:pro] Searching "handq" | queue=255 | words=30319
[w3:gh:pro] Pacing 11s before "handq" (gap=15500ms)
[w3:gh:pro] Managed Turnstile token (len=816, 13520ms, reset)
[w3:gh:pro] [api] 200 mode=pro startsWith=handq
[w3:gh:pro] [api] 200 mode=pro startsWith=handq (530ms direct)
[w3:gh:pro] "handq" → 0 records, 0 words
[w3:gh:pro] "handq" branch complete
[w3:gh:pro] Saved 30,319 worker words
[w3:gh:pro] Searching "handr" | queue=254 | words=30319
[w3:gh:pro] Pacing 15s before "handr" (gap=15500ms)
[w3:gh:pro] heartbeat words=30319 queue=254 rotation=23 idle=5s
[w3:gh:pro] Managed Turnstile token (len=816, 8785ms, reset)
[w3:gh:pro] [api] 200 mode=pro startsWith=handr
[w3:gh:pro] [api] 200 mode=pro startsWith=handr (527ms direct)
[w3:gh:pro] "handr" → 9 records, 9 words
[w3:gh:pro] "handr" branch complete
[w3:gh:pro] Saved 30,328 worker words
[w3:gh:pro] Searching "hands" | queue=253 | words=30328
[w3:gh:pro] Pacing 15s before "hands" (gap=15500ms)
[w3:gh:pro] Managed Turnstile token (len=816, 7214ms, reset)
[w3:gh:pro] [api] 200 mode=pro startsWith=hands
[w3:gh:pro] [api] 200 mode=pro startsWith=hands (427ms direct)
[w3:gh:pro] "hands" → 66 records, 66 words (incl. exact "hands")
[w3:gh:pro] "hands" branch complete
[w3:gh:pro] Saved 30,341 worker words
[w3:gh:pro] Searching "handy" | queue=252 | words=30341
[w3:gh:pro] Pacing 15s before "handy" (gap=15500ms)
[w3:gh:pro] Managed Turnstile token (len=816, 5276ms, reset)
[w3:gh:pro] [api] 200 mode=pro startsWith=handy
[w3:gh:pro] [api] 200 mode=pro startsWith=handy (699ms direct)
[w3:gh:pro] "handy" → 16 records, 16 words (incl. exact "handy")
[w3:gh:pro] "handy" branch complete
[w3:gh:pro] Saved 30,341 worker words
[w3:gh:pro] Searching "handz" | queue=251 | words=30341
[w3:gh:pro] Pacing 15s before "handz" (gap=15500ms)
[w3:gh:pro] Managed Turnstile token (len=816, 5022ms, reset)
[w3:gh:pro] [api] 200 mode=pro startsWith=handz
[w3:gh:pro] [api] 200 mode=pro startsWith=handz (510ms direct)
[w3:gh:pro] "handz" → 0 records, 0 words
[w3:gh:pro] "handz" branch complete
[w3:gh:pro] Saved 30,341 worker words
[w3:gh:pro] Searching "hardy" | queue=250 | words=30341
[w3:gh:pro] Pacing 15s before "hardy" (gap=15500ms)
[w3:gh:pro] heartbeat words=30341 queue=250 rotation=23 idle=3s
[w3:gh:pro] Site Turnstile remint timed out (22727ms)
[w3:gh:pro] Managed Turnstile token (len=816, 7966ms, remount)
[w3:gh:pro] [api] 200 mode=pro startsWith=hardy
[w3:gh:pro] [api] 200 mode=pro startsWith=hardy (507ms direct)
[w3:gh:pro] "hardy" → 4 records, 4 words (incl. exact "hardy")
[w3:gh:pro] "hardy" branch complete
[w3:gh:pro] Saved 30,341 worker words
[w3:gh:pro] Searching "hardz" | queue=249 | words=30341
[w3:gh:pro] Pacing 15s before "hardz" (gap=15500ms)
[w3:gh:pro] Managed Turnstile token (len=816, 5236ms, reset)
[w3:gh:pro] [api] 200 mode=pro startsWith=hardz
[w3:gh:pro] [api] 200 mode=pro startsWith=hardz (530ms direct)
[w3:gh:pro] "hardz" → 0 records, 0 words
[w3:gh:pro] "hardz" branch complete
[w3:gh:pro] Saved 30,341 worker words
[w3:gh:pro] Searching "harms" | queue=248 | words=30341
[w3:gh:pro] Pacing 15s before "harms" (gap=15500ms)
[w3:gh:pro] heartbeat words=30341 queue=248 rotation=23 idle=17s
[w3:gh:pro] Turnstile token present (len=837)
[w3:gh:pro] Site Turnstile token (21609ms)
[w3:gh:pro] [api] 200 mode=pro startsWith=harms
[w3:gh:pro] [api] 200 mode=pro startsWith=harms (529ms direct)
[w3:gh:pro] "harms" → 1 records, 1 words (incl. exact "harms")
[w3:gh:pro] "harms" branch complete
[w3:gh:pro] Saved 30,341 worker words; shared last.txt now 326,556
[w3:gh:pro] Searching "harmt" | queue=247 | words=30341
[w3:gh:pro] Pacing 12s before "harmt" (gap=15500ms)
[w3:gh:pro] Managed Turnstile token (len=816, 11617ms, remount)
[w3:gh:pro] [api] 200 mode=pro startsWith=harmt
[w3:gh:pro] [api] 200 mode=pro startsWith=harmt (462ms direct)
[w3:gh:pro] "harmt" → 0 records, 0 words
[w3:gh:pro] "harmt" branch complete
[w3:gh:pro] Saved 30,341 worker words
[w3:gh:pro] Searching "harmu" | queue=246 | words=30341
[w3:gh:pro] Pacing 15s before "harmu" (gap=15500ms)
[w3:gh:pro] Managed Turnstile token (len=816, 8083ms, reset)
[w3:gh:pro] [api] 200 mode=pro startsWith=harmu
[w3:gh:pro] [api] 200 mode=pro startsWith=harmu (429ms direct)
[w3:gh:pro] "harmu" → 0 records, 0 words
[w3:gh:pro] "harmu" branch complete
[w3:gh:pro] Saved 30,341 worker words
[w3:gh:pro] Searching "harmv" | queue=245 | words=30341
[w3:gh:pro] Pacing 15s before "harmv" (gap=15500ms)
[w3:gh:pro] Managed Turnstile token (len=816, 9073ms, reset)
[w3:gh:pro] [api] 200 mode=pro startsWith=harmv
[w3:gh:pro] [api] 200 mode=pro startsWith=harmv (568ms direct)
[w3:gh:pro] "harmv" → 0 records, 0 words
[w3:gh:pro] "harmv" branch complete
[w3:gh:pro] Saved 30,341 worker words
[w3:gh:pro] Searching "harmw" | queue=244 | words=30341
[w3:gh:pro] Pacing 15s before "harmw" (gap=15500ms)
[w3:gh:pro] Managed Turnstile token (len=816, 6931ms, reset)
[w3:gh:pro] heartbeat words=30341 queue=244 rotation=23 idle=1s
[w3:gh:pro] [api] 200 mode=pro startsWith=harmw
[w3:gh:pro] [api] 200 mode=pro startsWith=harmw (520ms direct)
[w3:gh:pro] "harmw" → 0 records, 0 words
[w3:gh:pro] "harmw" branch complete
[w3:gh:pro] Saved 30,341 worker words
[w3:gh:pro] Searching "harmx" | queue=243 | words=30341
[w3:gh:pro] Pacing 15s before "harmx" (gap=15500ms)
[w3:gh:pro] Managed Turnstile token (len=816, 11324ms, reset)
[w3:gh:pro] [api] 200 mode=pro startsWith=harmx
[w3:gh:pro] [api] 200 mode=pro startsWith=harmx (642ms direct)
[w3:gh:pro] "harmx" → 0 records, 0 words
[w3:gh:pro] "harmx" branch complete
[w3:gh:pro] Saved 30,341 worker words
[w3:gh:pro] Searching "harmy" | queue=242 | words=30341
[w3:gh:pro] Pacing 15s before "harmy" (gap=15500ms)
[w3:gh:pro] Turnstile token present (len=816)
[w3:gh:pro] Site Turnstile token (18979ms)
[w3:gh:pro] [api] 200 mode=pro startsWith=harmy
[w3:gh:pro] [api] 200 mode=pro startsWith=harmy (634ms direct)
[w3:gh:pro] "harmy" → 0 records, 0 words
[w3:gh:pro] "harmy" branch complete
[w3:gh:pro] Saved 30,341 worker words
[w3:gh:pro] Searching "harmz" | queue=241 | words=30341
[w3:gh:pro] Pacing 15s before "harmz" (gap=15500ms)
[w3:gh:pro] Managed Turnstile token (len=816, 13764ms, remount)
[w3:gh:pro] [api] 200 mode=pro startsWith=harmz
[w3:gh:pro] [api] 200 mode=pro startsWith=harmz (539ms direct)
[w3:gh:pro] "harmz" → 0 records, 0 words
[w3:gh:pro] "harmz" branch complete
[w3:gh:pro] Saved 30,341 worker words
[w3:gh:pro] Searching "headl" | queue=240 | words=30341
[w3:gh:pro] Pacing 15s before "headl" (gap=15500ms)
[w3:gh:pro] heartbeat words=30341 queue=240 rotation=23 idle=0s
[w3:gh:pro] Managed Turnstile token (len=816, 13462ms, reset)
[w3:gh:pro] [api] 200 mode=pro startsWith=headl
[w3:gh:pro] [api] 200 mode=pro startsWith=headl (565ms direct)
[w3:gh:pro] "headl" → 32 records, 32 words
[w3:gh:pro] "headl" branch complete
[w3:gh:pro] Saved 30,369 worker words; shared last.txt now 327,378
[w3:gh:pro] Searching "headm" | queue=239 | words=30369
[w3:gh:pro] Pacing 14s before "headm" (gap=15500ms)
[w3:gh:pro] Managed Turnstile token (len=816, 8642ms, reset)
[w3:gh:pro] [api] 200 mode=pro startsWith=headm
[w3:gh:pro] [api] 200 mode=pro startsWith=headm (532ms direct)
[w3:gh:pro] "headm" → 18 records, 18 words
[w3:gh:pro] "headm" branch complete
[w3:gh:pro] Saved 30,387 worker words
[w3:gh:pro] Searching "headn" | queue=238 | words=30387
[w3:gh:pro] Pacing 15s before "headn" (gap=15500ms)
[w3:gh:pro] Managed Turnstile token (len=816, 7943ms, reset)
[w3:gh:pro] [api] 200 mode=pro startsWith=headn
[w3:gh:pro] [api] 200 mode=pro startsWith=headn (618ms direct)
[w3:gh:pro] "headn" → 2 records, 2 words
[w3:gh:pro] "headn" branch complete
[w3:gh:pro] Saved 30,389 worker words
[w3:gh:pro] Searching "heado" | queue=237 | words=30389
[w3:gh:pro] Pacing 15s before "heado" (gap=15500ms)
[w3:gh:pro] heartbeat words=30389 queue=237 rotation=23 idle=14s
[w3:gh:pro] Turnstile token present (len=837)
[w3:gh:pro] Site Turnstile token (20274ms)
[w3:gh:pro] [api] 200 mode=pro startsWith=heado
[w3:gh:pro] [api] 200 mode=pro startsWith=heado (676ms direct)
[w3:gh:pro] "heado" → 0 records, 0 words
[w3:gh:pro] "heado" branch complete
[w3:gh:pro] Saved 30,389 worker words
[w3:gh:pro] Searching "headp" | queue=236 | words=30389
[w3:gh:pro] Pacing 15s before "headp" (gap=15500ms)
[w3:gh:pro] Managed Turnstile token (len=816, 10109ms, remount)
[w3:gh:pro] [api] 200 mode=pro startsWith=headp
[w3:gh:pro] [api] 200 mode=pro startsWith=headp (562ms direct)
[w3:gh:pro] "headp" → 15 records, 15 words
[w3:gh:pro] "headp" branch complete
[w3:gh:pro] Saved 30,404 worker words
[w3:gh:pro] Searching "headq" | queue=235 | words=30404
[w3:gh:pro] Pacing 15s before "headq" (gap=15500ms)
[w3:gh:pro] Turnstile token present (len=837)
[w3:gh:pro] Site Turnstile token (21110ms)
[w3:gh:pro] [api] 200 mode=pro startsWith=headq
[w3:gh:pro] [api] 200 mode=pro startsWith=headq (507ms direct)
[w3:gh:pro] "headq" → 4 records, 4 words
[w3:gh:pro] "headq" branch complete
[w3:gh:pro] Saved 30,408 worker words
[w3:gh:pro] Searching "headr" | queue=234 | words=30408
[w3:gh:pro] Pacing 15s before "headr" (gap=15500ms)
[w3:gh:pro] Managed Turnstile token (len=816, 13142ms, remount)
[w3:gh:pro] [api] 200 mode=pro startsWith=headr
[w3:gh:pro] [api] 200 mode=pro startsWith=headr (540ms direct)
[w3:gh:pro] "headr" → 20 records, 20 words
[w3:gh:pro] "headr" branch complete
[w3:gh:pro] Saved 30,428 worker words
[w3:gh:pro] Searching "heads" | queue=233 | words=30428
[w3:gh:pro] Pacing 15s before "heads" (gap=15500ms)
[w3:gh:pro] heartbeat words=30428 queue=233 rotation=23 idle=0s
[w3:gh:pro] Managed Turnstile token (len=816, 13819ms, reset)
[w3:gh:pro] [api] 200 mode=pro startsWith=heads
[w3:gh:pro] [api] 200 mode=pro startsWith=heads (539ms direct)
[w3:gh:pro] "heads" → 48 records, 48 words (incl. exact "heads")
[w3:gh:pro] "heads" branch complete
[w3:gh:pro] Saved 30,476 worker words
[w3:gh:pro] Searching "headt" | queue=232 | words=30476
[w3:gh:pro] Pacing 15s before "headt" (gap=15500ms)
[w3:gh:pro] Managed Turnstile token (len=816, 15809ms, reset)
[w3:gh:pro] [api] 200 mode=pro startsWith=headt
[w3:gh:pro] [api] 200 mode=pro startsWith=headt (433ms direct)
[w3:gh:pro] "headt" → 3 records, 3 words
[w3:gh:pro] "headt" branch complete
[w3:gh:pro] Saved 30,479 worker words; shared last.txt now 328,440
[w3:gh:pro] Searching "headu" | queue=231 | words=30479
[w3:gh:pro] Pacing 15s before "headu" (gap=15500ms)
[w3:gh:pro] Managed Turnstile token (len=816, 9501ms, reset)
[w3:gh:pro] [api] 200 mode=pro startsWith=headu
[w3:gh:pro] [api] 200 mode=pro startsWith=headu (518ms direct)
[w3:gh:pro] "headu" → 0 records, 0 words
[w3:gh:pro] "headu" branch complete
[w3:gh:pro] Saved 30,479 worker words
[w3:gh:pro] Searching "headv" | queue=230 | words=30479
[w3:gh:pro] Pacing 15s before "headv" (gap=15500ms)
[w3:gh:pro] Managed Turnstile token (len=816, 5515ms, reset)
[w3:gh:pro] heartbeat words=30479 queue=230 rotation=23 idle=8s
[w3:gh:pro] [api] 200 mode=pro startsWith=headv
[w3:gh:pro] [api] 200 mode=pro startsWith=headv (453ms direct)
[w3:gh:pro] "headv" → 0 records, 0 words
[w3:gh:pro] "headv" branch complete
[w3:gh:pro] Saved 30,479 worker words
[w3:gh:pro] Searching "headw" | queue=229 | words=30479
[w3:gh:pro] Pacing 15s before "headw" (gap=15500ms)
[w3:gh:pro] Managed Turnstile token (len=816, 10063ms, reset)
[w3:gh:pro] [api] 200 mode=pro startsWith=headw
[w3:gh:pro] [api] 200 mode=pro startsWith=headw (489ms direct)
[w3:gh:pro] "headw" → 21 records, 21 words
[w3:gh:pro] "headw" branch complete
[w3:gh:pro] Saved 30,500 worker words
[w3:gh:pro] Searching "headx" | queue=228 | words=30500
[w3:gh:pro] Pacing 15s before "headx" (gap=15500ms)
[w3:gh:pro] Managed Turnstile token (len=816, 6322ms, reset)
[w3:gh:pro] [api] 200 mode=pro startsWith=headx
[w3:gh:pro] [api] 200 mode=pro startsWith=headx (573ms direct)
[w3:gh:pro] "headx" → 0 records, 0 words
[w3:gh:pro] "headx" branch complete
[w3:gh:pro] Saved 30,500 worker words
[w3:gh:pro] Searching "heady" | queue=227 | words=30500
[w3:gh:pro] Pacing 15s before "heady" (gap=15500ms)
[w3:gh:pro] Turnstile token present (len=837)
[w3:gh:pro] Site Turnstile token (19783ms)
[w3:gh:pro] [api] 200 mode=pro startsWith=heady
[w3:gh:pro] [api] 200 mode=pro startsWith=heady (572ms direct)
[w3:gh:pro] "heady" → 1 records, 1 words (incl. exact "heady")
[w3:gh:pro] "heady" branch complete
[w3:gh:pro] Saved 30,501 worker words
[w3:gh:pro] Searching "headz" | queue=226 | words=30501
[w3:gh:pro] Pacing 15s before "headz" (gap=15500ms)
[w3:gh:pro] Managed Turnstile token (len=816, 5085ms, remount)
[w3:gh:pro] heartbeat words=30501 queue=226 rotation=23 idle=1s
[w3:gh:pro] [api] 200 mode=pro startsWith=headz
[w3:gh:pro] [api] 200 mode=pro startsWith=headz (1006ms direct)
[w3:gh:pro] "headz" → 0 records, 0 words
[w3:gh:pro] "headz" branch complete
[w3:gh:pro] Saved 30,501 worker words
[w3:gh:pro] Searching "heart" | queue=225 | words=30501
[w3:gh:pro] Pacing 15s before "heart" (gap=15500ms)
[w3:gh:pro] Managed Turnstile token (len=816, 5794ms, reset)
[w3:gh:pro] [api] 200 mode=pro startsWith=heart
[w3:gh:pro] [api] 200 mode=pro startsWith=heart (620ms direct)
[w3:gh:pro] "heart" → 100 records, 100 words (incl. exact "heart")
[w3:gh:pro] Pacing 15s before "heart" (gap=15500ms)
[w3:gh:pro] Managed Turnstile token (len=816, 12492ms, reset)
[w3:gh:pro] [api] 200 mode=pro startsWith=heart
[w3:gh:pro] [api] 200 mode=pro startsWith=heart sort=alphabetical:desc (608ms direct)
[w3:gh:pro] "heart" full page ends at "heartsette" (next='s'); skip 26 covered groups → 2 children reverse Z→A ends at "hearted" (lo='e' hi='y'); skip 19 middle + 0 new words
[w3:gh:pro] Saved 30,501 worker words
[w3:gh:pro] Searching "hearu" | queue=226 | words=30501
[w3:gh:pro] Pacing 15s before "hearu" (gap=15500ms)
[w3:gh:pro] heartbeat words=30501 queue=226 rotation=23 idle=19s
[w3:gh:pro] Turnstile token present (len=816)
[w3:gh:pro] Site Turnstile token (23100ms)
[w3:gh:pro] [api] 200 mode=pro startsWith=hearu
[w3:gh:pro] [api] 200 mode=pro startsWith=hearu (575ms direct)
[w3:gh:pro] "hearu" → 0 records, 0 words
[w3:gh:pro] "hearu" branch complete
[w3:gh:pro] Saved 30,501 worker words; shared last.txt now 329,536
[w3:gh:pro] Searching "hearv" | queue=225 | words=30501
[w3:gh:pro] Pacing 12s before "hearv" (gap=15500ms)
[w3:gh:pro] Turnstile token present (len=816)
[w3:gh:pro] Site Turnstile token (20895ms)
[w3:gh:pro] [api] 200 mode=pro startsWith=hearv
[w3:gh:pro] [api] 200 mode=pro startsWith=hearv (575ms direct)
[w3:gh:pro] "hearv" → 0 records, 0 words
[w3:gh:pro] "hearv" branch complete
[w3:gh:pro] Saved 30,501 worker words
[w3:gh:pro] Searching "hearw" | queue=224 | words=30501
[w3:gh:pro] Pacing 15s before "hearw" (gap=15500ms)
[w3:gh:pro] Turnstile token present (len=816)
[w3:gh:pro] Site Turnstile token (19529ms)
[w3:gh:pro] [api] 200 mode=pro startsWith=hearw
[w3:gh:pro] [api] 200 mode=pro startsWith=hearw (551ms direct)
[w3:gh:pro] "hearw" → 0 records, 0 words
[w3:gh:pro] "hearw" branch complete
[w3:gh:pro] Saved 30,501 worker words
[w3:gh:pro] Searching "hearx" | queue=223 | words=30501
[w3:gh:pro] Pacing 15s before "hearx" (gap=15500ms)
[w3:gh:pro] heartbeat words=30501 queue=223 rotation=23 idle=13s
[w3:gh:pro] Managed Turnstile token (len=816, 18454ms, remount)
[w3:gh:pro] [api] 200 mode=pro startsWith=hearx
[w3:gh:pro] [api] 200 mode=pro startsWith=hearx (571ms direct)
[w3:gh:pro] "hearx" → 0 records, 0 words
[w3:gh:pro] "hearx" branch complete
[w3:gh:pro] Saved 30,501 worker words
[w3:gh:pro] Searching "heary" | queue=222 | words=30501
[w3:gh:pro] Pacing 15s before "heary" (gap=15500ms)
[w3:gh:pro] Managed Turnstile token (len=816, 14934ms, reset)
[w3:gh:pro] [api] 200 mode=pro startsWith=heary
[w3:gh:pro] [api] 200 mode=pro startsWith=heary (589ms direct)
[w3:gh:pro] "heary" → 0 records, 0 words
[w3:gh:pro] "heary" branch complete
[w3:gh:pro] Saved 30,501 worker words
[w3:gh:pro] Searching "hearz" | queue=221 | words=30501
[w3:gh:pro] Pacing 15s before "hearz" (gap=15500ms)
[w3:gh:pro] Managed Turnstile token (len=816, 5789ms, reset)
[w3:gh:pro] [api] 200 mode=pro startsWith=hearz
[w3:gh:pro] [api] 200 mode=pro startsWith=hearz (971ms direct)
[w3:gh:pro] "hearz" → 0 records, 0 words
[w3:gh:pro] "hearz" branch complete
[w3:gh:pro] Saved 30,501 worker words
[w3:gh:pro] Searching "helio" | queue=220 | words=30501
[w3:gh:pro] Pacing 15s before "helio" (gap=15500ms)
[w3:gh:pro] Managed Turnstile token (len=816, 6253ms, reset)
[w3:gh:pro] [api] 200 mode=pro startsWith=helio
[w3:gh:pro] [api] 200 mode=pro startsWith=helio (859ms direct)
[w3:gh:pro] "helio" → 100 records, 100 words (incl. exact "helio")
[w3:gh:pro] Pacing 15s before "helio" (gap=15500ms)
[w3:gh:pro] heartbeat words=30559 queue=220 rotation=23 idle=7s
[w3:gh:pro] Managed Turnstile token (len=816, 13258ms, reset)
[w3:gh:pro] [api] 200 mode=pro startsWith=helio
[w3:gh:pro] [api] 200 mode=pro startsWith=helio sort=alphabetical:desc (490ms direct)
[w3:gh:pro] "helio" full page ends at "heliostats" (next='s'); skip 27 covered groups → 1 children reverse Z→A ends at "heliogravure" (lo='g' hi='z'); skip 18 middle + 0 new words
[w3:gh:pro] Saved 30,559 worker words
[w3:gh:pro] Searching "heliz" | queue=220 | words=30559
[w3:gh:pro] Pacing 15s before "heliz" (gap=15500ms)
[w3:gh:pro] Managed Turnstile token (len=816, 14925ms, reset)
[w3:gh:pro] [api] 200 mode=pro startsWith=heliz
[w3:gh:pro] [api] 200 mode=pro startsWith=heliz (663ms direct)
[w3:gh:pro] "heliz" → 1 records, 1 words
[w3:gh:pro] "heliz" branch complete
[w3:gh:pro] Saved 30,559 worker words
[w3:gh:pro] Searching "helly" | queue=219 | words=30559
[w3:gh:pro] Pacing 15s before "helly" (gap=15500ms)
[w3:gh:pro] Managed Turnstile token (len=816, 17074ms, reset)
[w3:gh:pro] [api] 200 mode=pro startsWith=helly
[w3:gh:pro] [api] 200 mode=pro startsWith=helly (604ms direct)
[w3:gh:pro] "helly" → 1 records, 1 words (incl. exact "helly")
[w3:gh:pro] "helly" branch complete
[w3:gh:pro] Saved 30,559 worker words; shared last.txt now 330,040
[w3:gh:pro] Searching "hellz" | queue=218 | words=30559
[w3:gh:pro] Pacing 12s before "hellz" (gap=15500ms)
[w3:gh:pro] Managed Turnstile token (len=816, 13957ms, reset)
[w3:gh:pro] [api] 200 mode=pro startsWith=hellz
[w3:gh:pro] [api] 200 mode=pro startsWith=hellz (536ms direct)
[w3:gh:pro] "hellz" → 0 records, 0 words
[w3:gh:pro] "hellz" branch complete
[w3:gh:pro] Saved 30,559 worker words
[w3:gh:pro] Searching "hemat" | queue=217 | words=30559
[w3:gh:pro] Pacing 15s before "hemat" (gap=15500ms)
[w3:gh:pro] heartbeat words=30559 queue=217 rotation=23 idle=2s
[w3:gh:pro] Managed Turnstile token (len=816, 15538ms, remount)
[w3:gh:pro] [api] 200 mode=pro startsWith=hemat
[w3:gh:pro] [api] 200 mode=pro startsWith=hemat (614ms direct)
[w3:gh:pro] "hemat" → 100 records, 100 words
[w3:gh:pro] Pacing 15s before "hemat" (gap=15500ms)
[w3:gh:pro] Managed Turnstile token (len=816, 6245ms, reset)
[w3:gh:pro] [api] 200 mode=pro startsWith=hemat
[w3:gh:pro] [api] 200 mode=pro startsWith=hemat sort=alphabetical:desc (531ms direct)
[w3:gh:pro] "hemat" full page ends at "hematomyelitis" (next='o'); skip 21 covered groups → 7 children reverse Z→A ends at "hematocystis" (lo='o' hi='u'); skip 5 middle + 0 new words
[w3:gh:pro] Saved 30,580 worker words
[w3:gh:pro] Searching "hemau" | queue=223 | words=30580
[w3:gh:pro] Pacing 15s before "hemau" (gap=15500ms)
[w3:gh:pro] Managed Turnstile token (len=816, 5308ms, reset)
[w3:gh:pro] [api] 200 mode=pro startsWith=hemau
[w3:gh:pro] [api] 200 mode=pro startsWith=hemau (566ms direct)
[w3:gh:pro] "hemau" → 4 records, 4 words
[w3:gh:pro] "hemau" branch complete
[w3:gh:pro] Saved 30,580 worker words
[w3:gh:pro] Searching "hemav" | queue=222 | words=30580
[w3:gh:pro] Pacing 15s before "hemav" (gap=15500ms)
[w3:gh:pro] Managed Turnstile token (len=816, 7146ms, reset)
[w3:gh:pro] heartbeat words=30580 queue=222 rotation=23 idle=8s
[w3:gh:pro] [api] 200 mode=pro startsWith=hemav
[w3:gh:pro] [api] 200 mode=pro startsWith=hemav (582ms direct)
[w3:gh:pro] "hemav" → 0 records, 0 words
[w3:gh:pro] "hemav" branch complete
[w3:gh:pro] Saved 30,580 worker words
[w3:gh:pro] Searching "hemaw" | queue=221 | words=30580
[w3:gh:pro] Pacing 15s before "hemaw" (gap=15500ms)
[w3:gh:pro] Managed Turnstile token (len=816, 5899ms, reset)
[w3:gh:pro] [api] 200 mode=pro startsWith=hemaw
[w3:gh:pro] [api] 200 mode=pro startsWith=hemaw (640ms direct)
[w3:gh:pro] "hemaw" → 0 records, 0 words
[w3:gh:pro] "hemaw" branch complete
[w3:gh:pro] Saved 30,580 worker words
[w3:gh:pro] Searching "hemax" | queue=220 | words=30580
[w3:gh:pro] Pacing 15s before "hemax" (gap=15500ms)
[w3:gh:pro] Managed Turnstile token (len=816, 5298ms, reset)
[w3:gh:pro] [api] 200 mode=pro startsWith=hemax
[w3:gh:pro] [api] 200 mode=pro startsWith=hemax (663ms direct)
[w3:gh:pro] "hemax" → 0 records, 0 words
[w3:gh:pro] "hemax" branch complete
[w3:gh:pro] Saved 30,580 worker words
[w3:gh:pro] Searching "hemay" | queue=219 | words=30580
[w3:gh:pro] Pacing 15s before "hemay" (gap=15500ms)
[w3:gh:pro] Managed Turnstile token (len=816, 7291ms, reset)
[w3:gh:pro] [api] 200 mode=pro startsWith=hemay
[w3:gh:pro] [api] 200 mode=pro startsWith=hemay (638ms direct)
[w3:gh:pro] "hemay" → 0 records, 0 words
[w3:gh:pro] "hemay" branch complete
[w3:gh:pro] Saved 30,580 worker words
[w3:gh:pro] Searching "hemaz" | queue=218 | words=30580
[w3:gh:pro] Pacing 15s before "hemaz" (gap=15500ms)
[w3:gh:pro] Managed Turnstile token (len=816, 5891ms, reset)
[w3:gh:pro] heartbeat words=30580 queue=218 rotation=23 idle=7s
[w3:gh:pro] [api] 200 mode=pro startsWith=hemaz
[w3:gh:pro] [api] 200 mode=pro startsWith=hemaz (458ms direct)
[w3:gh:pro] "hemaz" → 0 records, 0 words
[w3:gh:pro] "hemaz" branch complete
[w3:gh:pro] Saved 30,580 worker words; shared last.txt now 330,354
[w3:gh:pro] Searching "hemid" | queue=217 | words=30580
[w3:gh:pro] Pacing 15s before "hemid" (gap=15500ms)
[w3:gh:pro] Managed Turnstile token (len=816, 5239ms, remount)
[w3:gh:pro] [api] 200 mode=pro startsWith=hemid
[w3:gh:pro] [api] 200 mode=pro startsWith=hemid (479ms direct)
[w3:gh:pro] "hemid" → 14 records, 14 words
[w3:gh:pro] "hemid" branch complete
[w3:gh:pro] Saved 30,581 worker words
[w3:gh:pro] Searching "hemie" | queue=216 | words=30581
[w3:gh:pro] Pacing 15s before "hemie" (gap=15500ms)
[w3:gh:pro] Turnstile token present (len=816)
[w3:gh:pro] Site Turnstile token (20328ms)
[w3:gh:pro] [api] 200 mode=pro startsWith=hemie
[w3:gh:pro] [api] 200 mode=pro startsWith=hemie (779ms direct)
[w3:gh:pro] "hemie" → 7 records, 7 words
[w3:gh:pro] "hemie" branch complete
[w3:gh:pro] Saved 30,588 worker words
[w3:gh:pro] Searching "hemif" | queue=215 | words=30588
[w3:gh:pro] Pacing 15s before "hemif" (gap=15500ms)
[w3:gh:pro] Managed Turnstile token (len=816, 16739ms, remount)
[w3:gh:pro] [api] 200 mode=pro startsWith=hemif
[w3:gh:pro] [api] 200 mode=pro startsWith=hemif (593ms direct)
[w3:gh:pro] "hemif" → 2 records, 2 words
[w3:gh:pro] "hemif" branch complete
[w3:gh:pro] Saved 30,590 worker words
[w3:gh:pro] Searching "hemig" | queue=214 | words=30590
[w3:gh:pro] Pacing 15s before "hemig" (gap=15500ms)
[w3:gh:pro] heartbeat words=30590 queue=214 rotation=23 idle=3s
[w3:gh:pro] Site Turnstile remint timed out (24709ms)
[w3:gh:pro] Turnstile token present (len=816)
[w3:gh:pro] Site Turnstile token (19608ms)
[w3:gh:pro] [api] 200 mode=pro startsWith=hemig
[w3:gh:pro] [api] 200 mode=pro startsWith=hemig (625ms direct)
[w3:gh:pro] "hemig" → 10 records, 10 words
[w3:gh:pro] "hemig" branch complete
[w3:gh:pro] Saved 30,600 worker words
[w3:gh:pro] Searching "hemih" | queue=213 | words=30600
[w3:gh:pro] Pacing 15s before "hemih" (gap=15500ms)
[w3:gh:pro] Managed Turnstile token (len=816, 16001ms, remount)
[w3:gh:pro] [api] 200 mode=pro startsWith=hemih
[w3:gh:pro] [api] 200 mode=pro startsWith=hemih (674ms direct)
[w3:gh:pro] "hemih" → 24 records, 24 words
[w3:gh:pro] "hemih" branch complete
[w3:gh:pro] Saved 30,624 worker words
[w3:gh:pro] Searching "hemii" | queue=212 | words=30624
[w3:gh:pro] Pacing 14s before "hemii" (gap=15500ms)
[w3:gh:pro] heartbeat words=30624 queue=212 rotation=23 idle=0s
[w3:gh:pro] Managed Turnstile token (len=816, 18428ms, reset)
[w3:gh:pro] [api] 200 mode=pro startsWith=hemii
[w3:gh:pro] [api] 200 mode=pro startsWith=hemii (726ms direct)
[w3:gh:pro] "hemii" → 0 records, 0 words
[w3:gh:pro] "hemii" branch complete
[w3:gh:pro] Saved 30,624 worker words
[w3:gh:pro] Searching "hemij" | queue=211 | words=30624
[w3:gh:pro] Pacing 14s before "hemij" (gap=15500ms)
[w3:gh:pro] Turnstile token present (len=816)
[w3:gh:pro] Site Turnstile token (22087ms)
[w3:gh:pro] [api] 200 mode=pro startsWith=hemij
[w3:gh:pro] [api] 200 mode=pro startsWith=hemij (680ms direct)
[w3:gh:pro] "hemij" → 0 records, 0 words
[w3:gh:pro] "hemij" branch complete
[w3:gh:pro] Saved 30,624 worker words
[w3:gh:pro] Searching "hemik" | queue=210 | words=30624
[w3:gh:pro] Pacing 14s before "hemik" (gap=15500ms)
[w3:gh:pro] Managed Turnstile token (len=816, 12814ms, remount)
[w3:gh:pro] [api] 200 mode=pro startsWith=hemik
[w3:gh:pro] [api] 200 mode=pro startsWith=hemik (772ms direct)
[w3:gh:pro] "hemik" → 4 records, 4 words
[w3:gh:pro] "hemik" branch complete
[w3:gh:pro] Saved 30,628 worker words; shared last.txt now 330,822
[w3:gh:pro] Searching "hemil" | queue=209 | words=30628
[w3:gh:pro] Pacing 15s before "hemil" (gap=15500ms)
[w3:gh:pro] heartbeat words=30628 queue=209 rotation=23 idle=2s
[w3:gh:pro] Managed Turnstile token (len=816, 6525ms, reset)
[w3:gh:pro] [api] 200 mode=pro startsWith=hemil
[w3:gh:pro] [api] 200 mode=pro startsWith=hemil (629ms direct)
[w3:gh:pro] "hemil" → 6 records, 6 words
[w3:gh:pro] "hemil" branch complete
[w3:gh:pro] Saved 30,634 worker words
[w3:gh:pro] Searching "hemim" | queue=208 | words=30634
[w3:gh:pro] Pacing 15s before "hemim" (gap=15500ms)
[w3:gh:pro] Managed Turnstile token (len=816, 5030ms, reset)
[w3:gh:pro] [api] 200 mode=pro startsWith=hemim
[w3:gh:pro] [api] 200 mode=pro startsWith=hemim (575ms direct)
[w3:gh:pro] "hemim" → 26 records, 26 words
[w3:gh:pro] "hemim" branch complete
[w3:gh:pro] Saved 30,660 worker words
[w3:gh:pro] Searching "hemin" | queue=207 | words=30660
[w3:gh:pro] Pacing 15s before "hemin" (gap=15500ms)
[w3:gh:pro] Managed Turnstile token (len=816, 6334ms, reset)
[w3:gh:pro] [api] 200 mode=pro startsWith=hemin
[w3:gh:pro] [api] 200 mode=pro startsWith=hemin (730ms direct)
[w3:gh:pro] "hemin" → 8 records, 8 words (incl. exact "hemin")
[w3:gh:pro] "hemin" branch complete
[w3:gh:pro] Saved 30,668 worker words
[w3:gh:pro] Searching "hemio" | queue=206 | words=30668
[w3:gh:pro] Pacing 15s before "hemio" (gap=15500ms)
[w3:gh:pro] Managed Turnstile token (len=816, 6281ms, reset)
[w3:gh:pro] [api] 200 mode=pro startsWith=hemio
[w3:gh:pro] [api] 200 mode=pro startsWith=hemio (693ms direct)
[w3:gh:pro] "hemio" → 17 records, 17 words
[w3:gh:pro] "hemio" branch complete
[w3:gh:pro] Saved 30,685 worker words
[w3:gh:pro] Searching "hemip" | queue=205 | words=30685
[w3:gh:pro] Pacing 15s before "hemip" (gap=15500ms)
[w3:gh:pro] heartbeat words=30685 queue=205 rotation=23 idle=0s
[w3:gh:pro] Managed Turnstile token (len=816, 6640ms, reset)
[w3:gh:pro] [api] 200 mode=pro startsWith=hemip
[w3:gh:pro] [api] 200 mode=pro startsWith=hemip (671ms direct)
[w3:gh:pro] "hemip" → 48 records, 48 words
[w3:gh:pro] "hemip" branch complete
[w3:gh:pro] Saved 30,693 worker words
[w3:gh:pro] Searching "hemiz" | queue=204 | words=30693
[w3:gh:pro] Pacing 15s before "hemiz" (gap=15500ms)
[w3:gh:pro] Managed Turnstile token (len=816, 5719ms, reset)
[w3:gh:pro] [api] 200 mode=pro startsWith=hemiz
[w3:gh:pro] [api] 200 mode=pro startsWith=hemiz (856ms direct)
[w3:gh:pro] "hemiz" → 2 records, 2 words
[w3:gh:pro] "hemiz" branch complete
[w3:gh:pro] Saved 30,693 worker words
[w3:gh:pro] Searching "hemol" | queue=203 | words=30693
[w3:gh:pro] Pacing 15s before "hemol" (gap=15500ms)
[w3:gh:pro] Managed Turnstile token (len=816, 12839ms, reset)
[w3:gh:pro] [api] 200 mode=pro startsWith=hemol
[w3:gh:pro] [api] 200 mode=pro startsWith=hemol (853ms direct)
[w3:gh:pro] "hemol" → 21 records, 21 words (incl. exact "hemol")
[w3:gh:pro] "hemol" branch complete
[w3:gh:pro] Saved 30,698 worker words
[w3:gh:pro] Searching "hemoz" | queue=202 | words=30698
[w3:gh:pro] Pacing 15s before "hemoz" (gap=15500ms)
[w3:gh:pro] heartbeat words=30698 queue=202 rotation=23 idle=13s
[w3:gh:pro] Site Turnstile remint timed out (22884ms)
[w3:gh:pro] Site Turnstile remint timed out (26623ms)
[w3:gh:pro] heartbeat words=30698 queue=202 rotation=23 idle=24s
[w3:gh:pro] Turnstile mint hard timeout after 28000ms
[w3:gh:pro] Site Turnstile remint timed out (31962ms)
[w3:gh:pro] Site Turnstile remint timed out (25285ms)
[w3:gh:pro] Managed Turnstile token (len=816, 9875ms, remount)
[w3:gh:pro] [api] 200 mode=pro startsWith=hemoz
[w3:gh:pro] [api] 200 mode=pro startsWith=hemoz (830ms direct)
[w3:gh:pro] "hemoz" → 1 records, 1 words
[w3:gh:pro] "hemoz" branch complete
[w3:gh:pro] Saved 30,698 worker words; shared last.txt now 331,808
[w3:gh:pro] Searching "hepat" | queue=201 | words=30698
[w3:gh:pro] Pacing 13s before "hepat" (gap=15500ms)
[w3:gh:pro] Managed Turnstile token (len=816, 13312ms, reset)
[w3:gh:pro] [api] 200 mode=pro startsWith=hepat
[w3:gh:pro] [api] 200 mode=pro startsWith=hepat (776ms direct)
[w3:gh:pro] "hepat" → 100 records, 100 words
[w3:gh:pro] Pacing 15s before "hepat" (gap=15500ms)
[w3:gh:pro] heartbeat words=30698 queue=201 rotation=23 idle=4s
[w3:gh:pro] Managed Turnstile token (len=816, 6552ms, reset)
[w3:gh:pro] [api] 200 mode=pro startsWith=hepat
[w3:gh:pro] [api] 200 mode=pro startsWith=hepat sort=alphabetical:desc (542ms direct)
[w3:gh:pro] "hepat" full page ends at "hepatopexia" (next='o'); skip 16 covered groups → 12 children reverse Z→A ends at "hepatics" (lo='i' hi='o'); skip 5 middle + 0 new words
[w3:gh:pro] Saved 30,698 worker words
[w3:gh:pro] Searching "hepau" | queue=212 | words=30698
[w3:gh:pro] Pacing 15s before "hepau" (gap=15500ms)
[w3:gh:pro] Managed Turnstile token (len=816, 4685ms, reset)
[w3:gh:pro] [api] 200 mode=pro startsWith=hepau
[w3:gh:pro] [api] 200 mode=pro startsWith=hepau (418ms direct)
[w3:gh:pro] "hepau" → 0 records, 0 words
[w3:gh:pro] "hepau" branch complete
[w3:gh:pro] Saved 30,698 worker words
[w3:gh:pro] Searching "hepav" | queue=211 | words=30698
[w3:gh:pro] Pacing 16s before "hepav" (gap=15500ms)
[w3:gh:pro] Managed Turnstile token (len=816, 4411ms, reset)
[w3:gh:pro] [api] 200 mode=pro startsWith=hepav
[w3:gh:pro] [api] 200 mode=pro startsWith=hepav (513ms direct)
[w3:gh:pro] "hepav" → 0 records, 0 words
[w3:gh:pro] "hepav" branch complete
[w3:gh:pro] Saved 30,698 worker words
[w3:gh:pro] Searching "hepaw" | queue=210 | words=30698
[w3:gh:pro] Pacing 15s before "hepaw" (gap=15500ms)
[w3:gh:pro] Managed Turnstile token (len=816, 5082ms, reset)
[w3:gh:pro] [api] 200 mode=pro startsWith=hepaw
[w3:gh:pro] [api] 200 mode=pro startsWith=hepaw (473ms direct)
[w3:gh:pro] "hepaw" → 0 records, 0 words
[w3:gh:pro] "hepaw" branch complete
[w3:gh:pro] Saved 30,698 worker words
[w3:gh:pro] Searching "hepax" | queue=209 | words=30698
[w3:gh:pro] Pacing 15s before "hepax" (gap=15500ms)
[w3:gh:pro] heartbeat words=30698 queue=209 rotation=23 idle=3s
[w3:gh:pro] Managed Turnstile token (len=816, 5074ms, reset)
[w3:gh:pro] [api] 200 mode=pro startsWith=hepax
[w3:gh:pro] [api] 200 mode=pro startsWith=hepax (582ms direct)
[w3:gh:pro] "hepax" → 0 records, 0 words
[w3:gh:pro] "hepax" branch complete
[w3:gh:pro] Saved 30,698 worker words
[w3:gh:pro] Searching "hepay" | queue=208 | words=30698
[w3:gh:pro] Pacing 15s before "hepay" (gap=15500ms)
[w3:gh:pro] Managed Turnstile token (len=816, 10001ms, reset)
[w3:gh:pro] [api] 200 mode=pro startsWith=hepay
[w3:gh:pro] [api] 200 mode=pro startsWith=hepay (495ms direct)
[w3:gh:pro] "hepay" → 0 records, 0 words
[w3:gh:pro] "hepay" branch complete
[w3:gh:pro] Saved 30,698 worker words
[w3:gh:pro] Searching "hepaz" | queue=207 | words=30698
[w3:gh:pro] Pacing 14s before "hepaz" (gap=15500ms)
[w3:gh:pro] Turnstile mint hard timeout after 28000ms
[w3:gh:pro] Site Turnstile remint timed out (28709ms)
[w3:gh:pro] heartbeat words=30698 queue=207 rotation=23 idle=2s
[w3:gh:pro] Site Turnstile remint timed out (27105ms)
[w3:gh:pro] Site Turnstile remint timed out (25482ms)
[w3:gh:pro] heartbeat words=30698 queue=207 rotation=23 idle=11s
[w3:gh:pro] Site Turnstile remint timed out (24069ms)
[w3:gh:pro] Failed "hepaz" attempt 1: No Turnstile token for direct search
[w3:gh:pro] Saved 30,698 worker words
[w3:gh:pro] Turnstile miss — soft reload before rotate
[w3:gh:pro] Turnstile token present (len=816)
[w3:gh:pro] Site Turnstile token (7557ms)
[w3:gh:pro] Searching "hepaz" | queue=207 | words=30698
[w3:gh:pro] [api] 200 mode=pro startsWith=hepaz
[w3:gh:pro] [api] 200 mode=pro startsWith=hepaz (483ms direct)
[w3:gh:pro] "hepaz" → 0 records, 0 words
[w3:gh:pro] "hepaz" branch complete
[w3:gh:pro] Saved 30,698 worker words; shared last.txt now 333,449
[w3:gh:pro] Searching "hepty" | queue=206 | words=30698
[w3:gh:pro] Pacing 15s before "hepty" (gap=15500ms)
[w3:gh:pro] Managed Turnstile token (len=816, 5113ms, remount)
[w3:gh:pro] [api] 200 mode=pro startsWith=hepty
[w3:gh:pro] [api] 200 mode=pro startsWith=hepty (511ms direct)
[w3:gh:pro] "hepty" → 4 records, 4 words
[w3:gh:pro] "hepty" branch complete
[w3:gh:pro] Saved 30,698 worker words
[w3:gh:pro] Searching "heptz" | queue=205 | words=30698
[w3:gh:pro] Pacing 15s before "heptz" (gap=15500ms)
[w3:gh:pro] Managed Turnstile token (len=816, 5161ms, reset)
[w3:gh:pro] [api] 200 mode=pro startsWith=heptz
[w3:gh:pro] [api] 200 mode=pro startsWith=heptz (500ms direct)
[w3:gh:pro] "heptz" → 0 records, 0 words
[w3:gh:pro] "heptz" branch complete
[w3:gh:pro] Saved 30,698 worker words
[w3:gh:pro] Searching "herby" | queue=204 | words=30698
[w3:gh:pro] Pacing 15s before "herby" (gap=15500ms)
[w3:gh:pro] heartbeat words=30698 queue=204 rotation=23 idle=5s
[w3:gh:pro] Managed Turnstile token (len=816, 7034ms, reset)
[w3:gh:pro] [api] 200 mode=pro startsWith=herby
[w3:gh:pro] [api] 200 mode=pro startsWith=herby (647ms direct)
[w3:gh:pro] "herby" → 1 records, 1 words (incl. exact "herby")
[w3:gh:pro] "herby" branch complete
[w3:gh:pro] Saved 30,698 worker words
[w3:gh:pro] Searching "herbz" | queue=203 | words=30698
[w3:gh:pro] Pacing 15s before "herbz" (gap=15500ms)
[w3:gh:pro] Managed Turnstile token (len=816, 4585ms, reset)
[w3:gh:pro] [api] 200 mode=pro startsWith=herbz
[w3:gh:pro] [api] 200 mode=pro startsWith=herbz (493ms direct)
[w3:gh:pro] "herbz" → 0 records, 0 words
[w3:gh:pro] "herbz" branch complete
[w3:gh:pro] Saved 30,698 worker words
[w3:gh:pro] Searching "herez" | queue=202 | words=30698
[w3:gh:pro] Pacing 15s before "herez" (gap=15500ms)
[w3:gh:pro] Managed Turnstile token (len=816, 6780ms, reset)
[w3:gh:pro] [api] 200 mode=pro startsWith=herez
[w3:gh:pro] [api] 200 mode=pro startsWith=herez (618ms direct)
[w3:gh:pro] "herez" → 1 records, 1 words
[w3:gh:pro] "herez" branch complete
[w3:gh:pro] Saved 30,698 worker words
[w3:gh:pro] Searching "heter" | queue=201 | words=30698
[w3:gh:pro] Pacing 15s before "heter" (gap=15500ms)
[w3:gh:pro] Managed Turnstile token (len=816, 9664ms, reset)
[w3:gh:pro] [api] 200 mode=pro startsWith=heter
[w3:gh:pro] [api] 200 mode=pro startsWith=heter (551ms direct)
[w3:gh:pro] "heter" → 100 records, 100 words
[w3:gh:pro] Pacing 15s before "heter" (gap=15500ms)
[w3:gh:pro] heartbeat words=30699 queue=201 rotation=23 idle=3s
[w3:gh:pro] Managed Turnstile token (len=816, 14561ms, reset)
[w3:gh:pro] [api] 200 mode=pro startsWith=heter
[w3:gh:pro] [api] 200 mode=pro startsWith=heter sort=alphabetical:desc (503ms direct)
[w3:gh:pro] "heter" full page ends at "heteroconjugates" (next='o'); skip 16 covered groups → 12 children reverse Z→A ends at "heterosomatous" (lo='o' hi='o'); skip 0 middle + 1 new words
[w3:gh:pro] Saved 30,700 worker words
[w3:gh:pro] Searching "hetes" | queue=212 | words=30700
[w3:gh:pro] Pacing 15s before "hetes" (gap=15500ms)
[w3:gh:pro] Managed Turnstile token (len=816, 14195ms, reset)
[w3:gh:pro] [api] 200 mode=pro startsWith=hetes
[w3:gh:pro] [api] 200 mode=pro startsWith=hetes (518ms direct)
[w3:gh:pro] "hetes" → 1 records, 1 words (incl. exact "hetes")
[w3:gh:pro] "hetes" branch complete
[w3:gh:pro] Saved 30,700 worker words
[w3:gh:pro] Searching "hetet" | queue=211 | words=30700
[w3:gh:pro] Pacing 14s before "hetet" (gap=15500ms)
[w3:gh:pro] Site Turnstile remint timed out (22616ms)
[w3:gh:pro] Managed Turnstile token (len=816, 7407ms, remount)
[w3:gh:pro] heartbeat words=30700 queue=211 rotation=23 idle=1s
[w3:gh:pro] [api] 200 mode=pro startsWith=hetet
[w3:gh:pro] [api] 200 mode=pro startsWith=hetet (955ms direct)
[w3:gh:pro] "hetet" → 0 records, 0 words
[w3:gh:pro] "hetet" branch complete
[w3:gh:pro] Saved 30,700 worker words; shared last.txt now 334,309
[w3:gh:pro] Searching "heteu" | queue=210 | words=30700
[w3:gh:pro] Pacing 13s before "heteu" (gap=15500ms)
[w3:gh:pro] Managed Turnstile token (len=816, 15649ms, reset)
[w3:gh:pro] [api] 200 mode=pro startsWith=heteu
[w3:gh:pro] [api] 200 mode=pro startsWith=heteu (503ms direct)
[w3:gh:pro] "heteu" → 0 records, 0 words
[w3:gh:pro] "heteu" branch complete
[w3:gh:pro] Saved 30,700 worker words
[w3:gh:pro] Searching "hetev" | queue=209 | words=30700
[w3:gh:pro] Pacing 15s before "hetev" (gap=15500ms)
[w3:gh:pro] Managed Turnstile token (len=816, 13911ms, reset)
[w3:gh:pro] [api] 200 mode=pro startsWith=hetev
[w3:gh:pro] [api] 200 mode=pro startsWith=hetev (630ms direct)
[w3:gh:pro] "hetev" → 0 records, 0 words
[w3:gh:pro] "hetev" branch complete
[w3:gh:pro] Saved 30,700 worker words
[w3:gh:pro] Searching "hetew" | queue=208 | words=30700
[w3:gh:pro] Pacing 15s before "hetew" (gap=15500ms)
[w3:gh:pro] Site Turnstile remint timed out (25777ms)
[w3:gh:pro] heartbeat words=30700 queue=208 rotation=23 idle=2s
[w3:gh:pro] Managed Turnstile token (len=816, 16392ms, remount)
[w3:gh:pro] [api] 200 mode=pro startsWith=hetew
[w3:gh:pro] [api] 200 mode=pro startsWith=hetew (419ms direct)
[w3:gh:pro] "hetew" → 0 records, 0 words
[w3:gh:pro] "hetew" branch complete
[w3:gh:pro] Saved 30,700 worker words
[w3:gh:pro] Searching "hetex" | queue=207 | words=30700
[w3:gh:pro] Pacing 15s before "hetex" (gap=15500ms)
[w3:gh:pro] Managed Turnstile token (len=816, 4115ms, reset)
[w3:gh:pro] [api] 200 mode=pro startsWith=hetex
[w3:gh:pro] [api] 200 mode=pro startsWith=hetex (570ms direct)
[w3:gh:pro] "hetex" → 0 records, 0 words
[w3:gh:pro] "hetex" branch complete
[w3:gh:pro] Saved 30,700 worker words
[w3:gh:pro] Searching "hetey" | queue=206 | words=30700
[w3:gh:pro] Pacing 15s before "hetey" (gap=15500ms)
[w3:gh:pro] Managed Turnstile token (len=816, 5760ms, reset)
[w3:gh:pro] [api] 200 mode=pro startsWith=hetey
[w3:gh:pro] [api] 200 mode=pro startsWith=hetey (579ms direct)
[w3:gh:pro] "hetey" → 0 records, 0 words
[w3:gh:pro] "hetey" branch complete
[w3:gh:pro] Saved 30,700 worker words
[w3:gh:pro] Searching "hetez" | queue=205 | words=30700
[w3:gh:pro] Pacing 15s before "hetez" (gap=15500ms)
[w3:gh:pro] Managed Turnstile token (len=816, 13592ms, reset)
[w3:gh:pro] heartbeat words=30700 queue=205 rotation=23 idle=1s
[w3:gh:pro] [api] 200 mode=pro startsWith=hetez
[w3:gh:pro] [api] 200 mode=pro startsWith=hetez (784ms direct)
[w3:gh:pro] "hetez" → 0 records, 0 words
[w3:gh:pro] "hetez" branch complete
[w3:gh:pro] Saved 30,700 worker words
[w3:gh:pro] Searching "hexaf" | queue=204 | words=30700
[w3:gh:pro] Pacing 15s before "hexaf" (gap=15500ms)
[w3:gh:pro] Managed Turnstile token (len=816, 9247ms, reset)
[w3:gh:pro] [api] 200 mode=pro startsWith=hexaf
[w3:gh:pro] [api] 200 mode=pro startsWith=hexaf (738ms direct)
[w3:gh:pro] "hexaf" → 8 records, 8 words
[w3:gh:pro] "hexaf" branch complete
[w3:gh:pro] Saved 30,707 worker words
[w3:gh:pro] Searching "hexag" | queue=203 | words=30707
[w3:gh:pro] Pacing 15s before "hexag" (gap=15500ms)
[w3:gh:pro] Site Turnstile remint timed out (23043ms)
[w3:gh:pro] heartbeat words=30707 queue=203 rotation=23 idle=20s
[w3:gh:pro] Site Turnstile remint timed out (22666ms)
[w3:gh:pro] Turnstile mint hard timeout after 28000ms
[w3:gh:pro] Site Turnstile remint timed out (33063ms)
[w3:gh:pro] Turnstile token present (len=816)
[w3:gh:pro] Site Turnstile token (20097ms)
[w3:gh:pro] [api] 200 mode=pro startsWith=hexag
[w3:gh:pro] [api] 200 mode=pro startsWith=hexag (710ms direct)
[w3:gh:pro] "hexag" → 19 records, 19 words
[w3:gh:pro] "hexag" branch complete
[w3:gh:pro] Saved 30,726 worker words; shared last.txt now 335,252
[w3:gh:pro] Searching "hexah" | queue=202 | words=30726
[w3:gh:pro] Pacing 13s before "hexah" (gap=15500ms)
[w3:gh:pro] heartbeat words=30726 queue=202 rotation=23 idle=6s
[w3:gh:pro] Managed Turnstile token (len=816, 11988ms, remount)
[w3:gh:pro] [api] 200 mode=pro startsWith=hexah
[w3:gh:pro] [api] 200 mode=pro startsWith=hexah (740ms direct)
[w3:gh:pro] "hexah" → 24 records, 24 words
[w3:gh:pro] "hexah" branch complete
[w3:gh:pro] Saved 30,750 worker words
[w3:gh:pro] Searching "hexai" | queue=201 | words=30750
[w3:gh:pro] Pacing 15s before "hexai" (gap=15500ms)
[w3:gh:pro] Managed Turnstile token (len=816, 14605ms, reset)
[w3:gh:pro] [api] 200 mode=pro startsWith=hexai
[w3:gh:pro] [api] 200 mode=pro startsWith=hexai (864ms direct)
[w3:gh:pro] "hexai" → 0 records, 0 words
[w3:gh:pro] "hexai" branch complete
[w3:gh:pro] Saved 30,750 worker words
[w3:gh:pro] Searching "hexaj" | queue=200 | words=30750
[w3:gh:pro] Pacing 15s before "hexaj" (gap=15500ms)
[w3:gh:pro] Managed Turnstile token (len=816, 12394ms, reset)
[w3:gh:pro] [api] 200 mode=pro startsWith=hexaj
[w3:gh:pro] [api] 200 mode=pro startsWith=hexaj (631ms direct)
[w3:gh:pro] "hexaj" → 0 records, 0 words
[w3:gh:pro] "hexaj" branch complete
[w3:gh:pro] Saved 30,750 worker words
[w3:gh:pro] Searching "hexak" | queue=199 | words=30750
[w3:gh:pro] Pacing 15s before "hexak" (gap=15500ms)
[w3:gh:pro] Managed Turnstile token (len=816, 10239ms, reset)
[w3:gh:pro] [api] 200 mode=pro startsWith=hexak
[w3:gh:pro] [api] 200 mode=pro startsWith=hexak (1015ms direct)
[w3:gh:pro] "hexak" → 7 records, 7 words
[w3:gh:pro] "hexak" branch complete
[w3:gh:pro] Saved 30,757 worker words
[w3:gh:pro] Searching "hexal" | queue=198 | words=30757
[w3:gh:pro] Pacing 15s before "hexal" (gap=15500ms)
[w3:gh:pro] Managed Turnstile token (len=816, 5729ms, reset)
[w3:gh:pro] heartbeat words=30757 queue=198 rotation=23 idle=0s
[w3:gh:pro] [api] 200 mode=pro startsWith=hexal
[w3:gh:pro] [api] 200 mode=pro startsWith=hexal (601ms direct)
[w3:gh:pro] "hexal" → 0 records, 0 words
[w3:gh:pro] "hexal" branch complete
[w3:gh:pro] Saved 30,757 worker words
[w3:gh:pro] Searching "hexam" | queue=197 | words=30757
[w3:gh:pro] Pacing 15s before "hexam" (gap=15500ms)
[w3:gh:pro] Managed Turnstile token (len=816, 7293ms, reset)
[w3:gh:pro] [api] 200 mode=pro startsWith=hexam
[w3:gh:pro] [api] 200 mode=pro startsWith=hexam (679ms direct)
[w3:gh:pro] "hexam" → 48 records, 48 words
[w3:gh:pro] "hexam" branch complete
[w3:gh:pro] Saved 30,797 worker words
[w3:gh:pro] Searching "hexax" | queue=196 | words=30797
[w3:gh:pro] Pacing 15s before "hexax" (gap=15500ms)
[w3:gh:pro] Managed Turnstile token (len=816, 6707ms, reset)
[w3:gh:pro] [api] 200 mode=pro startsWith=hexax
[w3:gh:pro] [api] 200 mode=pro startsWith=hexax (696ms direct)
[w3:gh:pro] "hexax" → 2 records, 2 words
[w3:gh:pro] "hexax" branch complete
[w3:gh:pro] Saved 30,797 worker words
[w3:gh:pro] Searching "hexay" | queue=195 | words=30797
[w3:gh:pro] Pacing 15s before "hexay" (gap=15500ms)
[w3:gh:pro] Managed Turnstile token (len=816, 6765ms, reset)
[w3:gh:pro] [api] 200 mode=pro startsWith=hexay
[w3:gh:pro] [api] 200 mode=pro startsWith=hexay (612ms direct)
[w3:gh:pro] "hexay" → 0 records, 0 words
[w3:gh:pro] "hexay" branch complete
[w3:gh:pro] Saved 30,797 worker words; shared last.txt now 336,408
[w3:gh:pro] Searching "hexaz" | queue=194 | words=30797
[w3:gh:pro] Pacing 15s before "hexaz" (gap=15500ms)
[w3:gh:pro] heartbeat words=30797 queue=194 rotation=23 idle=4s
[w3:gh:pro] Managed Turnstile token (len=816, 5903ms, remount)
[w3:gh:pro] [api] 200 mode=pro startsWith=hexaz
[w3:gh:pro] [api] 200 mode=pro startsWith=hexaz (689ms direct)
[w3:gh:pro] "hexaz" → 0 records, 0 words
[w3:gh:pro] "hexaz" branch complete
[w3:gh:pro] Saved 30,797 worker words
[w3:gh:pro] Searching "hiero" | queue=193 | words=30797
[w3:gh:pro] Pacing 15s before "hiero" (gap=15500ms)
[w3:gh:pro] Managed Turnstile token (len=816, 13101ms, reset)
[w3:gh:pro] [api] 200 mode=pro startsWith=hiero
[w3:gh:pro] [api] 200 mode=pro startsWith=hiero (748ms direct)
[w3:gh:pro] "hiero" → 82 records, 82 words
[w3:gh:pro] "hiero" branch complete
[w3:gh:pro] Saved 30,797 worker words
[w3:gh:pro] Searching "hierp" | queue=192 | words=30797
[w3:gh:pro] Pacing 14s before "hierp" (gap=15500ms)
[w3:gh:pro] Managed Turnstile token (len=816, 14894ms, reset)
[w3:gh:pro] [api] 200 mode=pro startsWith=hierp
[w3:gh:pro] [api] 200 mode=pro startsWith=hierp (677ms direct)
[w3:gh:pro] "hierp" → 0 records, 0 words
[w3:gh:pro] "hierp" branch complete
[w3:gh:pro] Saved 30,797 worker words
[w3:gh:pro] Searching "hierq" | queue=191 | words=30797
[w3:gh:pro] Pacing 15s before "hierq" (gap=15500ms)
[w3:gh:pro] heartbeat words=30797 queue=191 rotation=23 idle=16s
[w3:gh:pro] Managed Turnstile token (len=816, 17545ms, reset)
[w3:gh:pro] [api] 200 mode=pro startsWith=hierq
[w3:gh:pro] [api] 200 mode=pro startsWith=hierq (667ms direct)
[w3:gh:pro] "hierq" → 0 records, 0 words
[w3:gh:pro] "hierq" branch complete
[w3:gh:pro] Saved 30,797 worker words
[w3:gh:pro] Searching "hierr" | queue=190 | words=30797
[w3:gh:pro] Pacing 15s before "hierr" (gap=15500ms)
[w3:gh:pro] Managed Turnstile token (len=816, 14240ms, reset)
[w3:gh:pro] [api] 200 mode=pro startsWith=hierr
[w3:gh:pro] [api] 200 mode=pro startsWith=hierr (520ms direct)
[w3:gh:pro] "hierr" → 0 records, 0 words
[w3:gh:pro] "hierr" branch complete
[w3:gh:pro] Saved 30,797 worker words
[w3:gh:pro] Searching "hiers" | queue=189 | words=30797
[w3:gh:pro] Pacing 15s before "hiers" (gap=15500ms)
[w3:gh:pro] Turnstile mint hard timeout after 28000ms
[w3:gh:pro] Site Turnstile remint timed out (28489ms)
[w3:gh:pro] heartbeat words=30797 queue=189 rotation=23 idle=15s
[w3:gh:pro] Turnstile mint hard timeout after 28000ms
[w3:gh:pro] Site Turnstile remint timed out (29131ms)
[w3:gh:pro] Turnstile mint hard timeout after 28000ms
[w3:gh:pro] Site Turnstile remint timed out (28917ms)
[w3:gh:pro] heartbeat words=30797 queue=189 rotation=23 idle=18s
[w3:gh:pro] Turnstile token present (len=816)
[w3:gh:pro] Site Turnstile token (22391ms)
[w3:gh:pro] [api] 200 mode=pro startsWith=hiers
[w3:gh:pro] [api] 200 mode=pro startsWith=hiers (650ms direct)
[w3:gh:pro] "hiers" → 0 records, 0 words
[w3:gh:pro] "hiers" branch complete
[w3:gh:pro] Saved 30,797 worker words
[w3:gh:pro] Searching "hiert" | queue=188 | words=30797
[w3:gh:pro] Pacing 15s before "hiert" (gap=15500ms)
[w3:gh:pro] Managed Turnstile token (len=816, 7803ms, remount)
[w3:gh:pro] [api] 200 mode=pro startsWith=hiert
[w3:gh:pro] [api] 200 mode=pro startsWith=hiert (566ms direct)
[w3:gh:pro] "hiert" → 0 records, 0 words
[w3:gh:pro] "hiert" branch complete
[w3:gh:pro] Saved 30,797 worker words
[w3:gh:pro] Searching "hieru" | queue=187 | words=30797
[w3:gh:pro] Pacing 15s before "hieru" (gap=15500ms)
[w3:gh:pro] Managed Turnstile token (len=816, 7251ms, reset)
[w3:gh:pro] [api] 200 mode=pro startsWith=hieru
[w3:gh:pro] [api] 200 mode=pro startsWith=hieru (825ms direct)
[w3:gh:pro] "hieru" → 3 records, 3 words
[w3:gh:pro] "hieru" branch complete
[w3:gh:pro] Saved 30,797 worker words; shared last.txt now 337,129
[w3:gh:pro] Searching "hierv" | queue=186 | words=30797
[w3:gh:pro] Pacing 12s before "hierv" (gap=15500ms)
[w3:gh:pro] Managed Turnstile token (len=816, 9416ms, reset)
[w3:gh:pro] [api] 200 mode=pro startsWith=hierv
[w3:gh:pro] [api] 200 mode=pro startsWith=hierv (762ms direct)
[w3:gh:pro] "hierv" → 0 records, 0 words
[w3:gh:pro] "hierv" branch complete
[w3:gh:pro] Saved 30,797 worker words
[w3:gh:pro] Searching "hierw" | queue=185 | words=30797
[w3:gh:pro] Pacing 15s before "hierw" (gap=15500ms)
[w3:gh:pro] Managed Turnstile token (len=816, 6952ms, reset)
[w3:gh:pro] heartbeat words=30797 queue=185 rotation=23 idle=2s
[w3:gh:pro] [api] 200 mode=pro startsWith=hierw
[w3:gh:pro] [api] 200 mode=pro startsWith=hierw (595ms direct)
[w3:gh:pro] "hierw" → 0 records, 0 words
[w3:gh:pro] "hierw" branch complete
[w3:gh:pro] Saved 30,797 worker words
[w3:gh:pro] Searching "hierx" | queue=184 | words=30797
[w3:gh:pro] Pacing 15s before "hierx" (gap=15500ms)
[w3:gh:pro] Managed Turnstile token (len=816, 5272ms, reset)
[w3:gh:pro] [api] 200 mode=pro startsWith=hierx
[w3:gh:pro] [api] 200 mode=pro startsWith=hierx (756ms direct)
[w3:gh:pro] "hierx" → 0 records, 0 words
[w3:gh:pro] "hierx" branch complete
[w3:gh:pro] Saved 30,797 worker words
[w3:gh:pro] Searching "hiery" | queue=183 | words=30797
[w3:gh:pro] Pacing 15s before "hiery" (gap=15500ms)
[w3:gh:pro] Turnstile token present (len=837)
[w3:gh:pro] Site Turnstile token (21449ms)
[w3:gh:pro] [api] 200 mode=pro startsWith=hiery
[w3:gh:pro] [api] 200 mode=pro startsWith=hiery (630ms direct)
[w3:gh:pro] "hiery" → 0 records, 0 words
[w3:gh:pro] "hiery" branch complete
[w3:gh:pro] Saved 30,797 worker words
[w3:gh:pro] Searching "hierz" | queue=182 | words=30797
[w3:gh:pro] Pacing 15s before "hierz" (gap=15500ms)
[w3:gh:pro] Managed Turnstile token (len=816, 5928ms, remount)
[w3:gh:pro] [api] 200 mode=pro startsWith=hierz
[w3:gh:pro] [api] 200 mode=pro startsWith=hierz (525ms direct)
[w3:gh:pro] "hierz" → 0 records, 0 words
[w3:gh:pro] "hierz" branch complete
[w3:gh:pro] Saved 30,797 worker words
[w3:gh:pro] Searching "highe" | queue=181 | words=30797
[w3:gh:pro] Pacing 15s before "highe" (gap=15500ms)
[w3:gh:pro] heartbeat words=30797 queue=181 rotation=23 idle=0s
[w3:gh:pro] Turnstile mint hard timeout after 28000ms
[w3:gh:pro] Site Turnstile remint timed out (30021ms)
[w3:gh:pro] Turnstile mint hard timeout after 28000ms
[w3:gh:pro] Site Turnstile remint timed out (31293ms)
[w3:gh:pro] heartbeat words=30797 queue=181 rotation=23 idle=1s
[w3:gh:pro] Site Turnstile remint timed out (26105ms)
[w3:gh:pro] Site Turnstile remint timed out (24191ms)
[w3:gh:pro] Failed "highe" attempt 1: No Turnstile token for direct search
[w3:gh:pro] Saved 30,797 worker words
[w3:gh:pro] Turnstile miss — soft reload before rotate
[w3:gh:pro] heartbeat words=30797 queue=182 rotation=23 idle=11s
[w3:gh:pro] Site Turnstile remint timed out (9913ms)
[w3:gh:pro] Soft reload mint failed — rotating immediately
[w3:gh:pro] Tor exited code=0
[w3:gh:pro] Starting Tor gen=25 socks=127.0.0.1:19053 (try 1)
[w3:gh:pro] tor: Aug 05 14:12:57.313 [warn] Fixing permissions on directory /tmp/lll-tor-w3
[w3:gh:pro] tor: Aug 05 14:12:57.000 [notice] Bootstrapped 0% (starting): Starting
[w3:gh:pro] tor: Aug 05 14:12:58.000 [notice] Bootstrapped 5% (conn): Connecting to a relay
[w3:gh:pro] tor: Aug 05 14:12:58.000 [notice] Bootstrapped 10% (conn_done): Connected to a relay
[w3:gh:pro] tor: Aug 05 14:13:04.000 [notice] Bootstrapped 14% (handshake): Handshaking with a relay
[w3:gh:pro] tor: Aug 05 14:13:04.000 [notice] Bootstrapped 15% (handshake_done): Handshake with a relay done
Aug 05 14:13:04.000 [notice] Bootstrapped 20% (onehop_create): Estab
[w3:gh:pro] tor: Aug 05 14:13:04.000 [notice] Bootstrapped 25% (requesting_status): Asking for networkstatus consensus
[w3:gh:pro] tor: Aug 05 14:13:05.000 [notice] Bootstrapped 30% (loading_status): Loading networkstatus consensus
[w3:gh:pro] tor: Aug 05 14:13:06.000 [notice] Bootstrapped 40% (loading_keys): Loading authority key certs
[w3:gh:pro] tor: Aug 05 14:13:07.000 [notice] Bootstrapped 45% (requesting_descriptors): Asking for relay descriptors
Aug 05 14:13:07.000 [notice] I learned some more directory 
[w3:gh:pro] tor: Aug 05 14:13:08.000 [notice] Bootstrapped 50% (loading_descriptors): Loading relay descriptors
[w3:gh:pro] tor: Aug 05 14:13:16.000 [notice] Bootstrapped 55% (loading_descriptors): Loading relay descriptors
[w3:gh:pro] tor: Aug 05 14:13:17.000 [notice] Bootstrapped 61% (loading_descriptors): Loading relay descriptors
[w3:gh:pro] tor: Aug 05 14:13:17.000 [notice] Bootstrapped 67% (loading_descriptors): Loading relay descriptors
[w3:gh:pro] tor: Aug 05 14:13:18.000 [notice] Bootstrapped 75% (enough_dirinfo): Loaded enough directory info to build circuits
[w3:gh:pro] tor: Aug 05 14:13:18.000 [notice] Bootstrapped 90% (ap_handshake_done): Handshake finished with a relay to build circuits
Aug 05 14:13:18.000 [notice] Bootstrapped 9
[w3:gh:pro] tor: Aug 05 14:13:19.000 [notice] Bootstrapped 100% (done): Done
[w3:gh:pro] Tor ready on 19053 exit=185.220.101.133
[w3:gh:pro] Rotating IP (#24, try 1) after No Turnstile token for direct search → tor#25 socks5://127.0.0.1:19053
[w3:gh:pro] Launching persistent Chrome profile /tmp/lll-pw-w3-r24
[w3:gh:pro] Proxy tor#25 socks5://127.0.0.1:19053
[w3:gh:pro] Opening https://lastletterlibrary.com
[w3:gh:pro] Library mode=pro
[w3:gh:pro] Site Turnstile remint timed out (22391ms)
[w3:gh:pro] Search mode=direct (skip UI Wait Ns… gate)
[w3:gh:pro] Cleaned 1 old rotated profile(s)
[w3:gh:pro] heartbeat words=30797 queue=182 rotation=24 idle=2s
[w3:gh:pro] Browser exit IP=185.220.101.133 (unique)
[w3:gh:pro] Searching "highe" | queue=181 | words=30797
[w3:gh:pro] Site Turnstile remint timed out (22345ms)
[w3:gh:pro] Turnstile token present (len=816)
[w3:gh:pro] Site Turnstile token (20285ms)
[w3:gh:pro] [api] 200 mode=pro startsWith=highe
[w3:gh:pro] [api] 200 mode=pro startsWith=highe (572ms direct)
[w3:gh:pro] "highe" → 19 records, 19 words
[w3:gh:pro] "highe" branch complete
[w3:gh:pro] Saved 30,814 worker words
[w3:gh:pro] Searching "highf" | queue=180 | words=30814
[w3:gh:pro] Pacing 15s before "highf" (gap=15500ms)
[w3:gh:pro] heartbeat words=30814 queue=180 rotation=24 idle=19s
[w3:gh:pro] Site Turnstile remint timed out (22538ms)
[w3:gh:pro] Site Turnstile remint timed out (22653ms)
[w3:gh:pro] Site Turnstile remint timed out (22736ms)
[w3:gh:pro] heartbeat words=30814 queue=180 rotation=24 idle=11s
[w3:gh:pro] Site Turnstile remint timed out (22569ms)
[w3:gh:pro] Turnstile token present (len=816)
[w3:gh:pro] Site Turnstile token (21350ms)
[w3:gh:pro] [api] 200 mode=pro startsWith=highf
[w3:gh:pro] [api] 200 mode=pro startsWith=highf (538ms direct)
[w3:gh:pro] "highf" → 11 records, 11 words
[w3:gh:pro] "highf" branch complete
[w3:gh:pro] Saved 30,825 worker words; shared last.txt now 338,808
[w3:gh:pro] Searching "highg" | queue=179 | words=30825
[w3:gh:pro] Pacing 15s before "highg" (gap=15500ms)
[w3:gh:pro] Site Turnstile remint timed out (24406ms)
[w3:gh:pro] heartbeat words=30825 queue=179 rotation=24 idle=2s
[w3:gh:pro] Site Turnstile remint timed out (22634ms)
[w3:gh:pro] Site Turnstile remint timed out (23674ms)
[w3:gh:pro] heartbeat words=30825 queue=179 rotation=24 idle=16s
[w3:gh:pro] Turnstile token present (len=816)
[w3:gh:pro] Site Turnstile token (20363ms)
[w3:gh:pro] [api] 200 mode=pro startsWith=highg
[w3:gh:pro] [api] 200 mode=pro startsWith=highg (982ms direct)
[w3:gh:pro] "highg" → 0 records, 0 words
[w3:gh:pro] "highg" branch complete
[w3:gh:pro] Saved 30,825 worker words
[w3:gh:pro] Searching "highh" | queue=178 | words=30825
[w3:gh:pro] Pacing 15s before "highh" (gap=15500ms)
[w3:gh:pro] Turnstile token present (len=816)
[w3:gh:pro] Site Turnstile token (20630ms)
[w3:gh:pro] [api] 200 mode=pro startsWith=highh
[w3:gh:pro] [api] 200 mode=pro startsWith=highh (560ms direct)
[w3:gh:pro] "highh" → 11 records, 11 words
[w3:gh:pro] "highh" branch complete
[w3:gh:pro] Saved 30,836 worker words
[w3:gh:pro] Searching "highi" | queue=177 | words=30836
[w3:gh:pro] Pacing 15s before "highi" (gap=15500ms)
[w3:gh:pro] Turnstile token present (len=816)
[w3:gh:pro] Site Turnstile token (19670ms)
[w3:gh:pro] [api] 200 mode=pro startsWith=highi
[w3:gh:pro] [api] 200 mode=pro startsWith=highi (445ms direct)
[w3:gh:pro] "highi" → 2 records, 2 words
[w3:gh:pro] "highi" branch complete
[w3:gh:pro] Saved 30,838 worker words
[w3:gh:pro] Searching "highj" | queue=176 | words=30838
[w3:gh:pro] Pacing 15s before "highj" (gap=15500ms)
[w3:gh:pro] heartbeat words=30838 queue=176 rotation=24 idle=12s
[w3:gh:pro] Turnstile token present (len=816)
[w3:gh:pro] Site Turnstile token (20237ms)
[w3:gh:pro] [api] 200 mode=pro startsWith=highj
[w3:gh:pro] [api] 200 mode=pro startsWith=highj (512ms direct)
[w3:gh:pro] "highj" → 8 records, 8 words
[w3:gh:pro] "highj" branch complete
[w3:gh:pro] Saved 30,846 worker words
[w3:gh:pro] Searching "highk" | queue=175 | words=30846
[w3:gh:pro] Pacing 15s before "highk" (gap=15500ms)
[w3:gh:pro] Site Turnstile remint timed out (22466ms)
[w3:gh:pro] Site Turnstile remint timed out (22689ms)
[w3:gh:pro] heartbeat words=30846 queue=175 rotation=24 idle=6s
[w3:gh:pro] Turnstile token present (len=816)
[w3:gh:pro] Site Turnstile token (21627ms)
[w3:gh:pro] [api] 200 mode=pro startsWith=highk
[w3:gh:pro] [api] 200 mode=pro startsWith=highk (703ms direct)
[w3:gh:pro] "highk" → 1 records, 1 words
[w3:gh:pro] "highk" branch complete
[w3:gh:pro] Saved 30,847 worker words
[w3:gh:pro] Searching "highl" | queue=174 | words=30847
[w3:gh:pro] Pacing 15s before "highl" (gap=15500ms)
[w3:gh:pro] Site Turnstile remint timed out (22813ms)
[w3:gh:pro] heartbeat words=30847 queue=174 rotation=24 idle=21s
[w3:gh:pro] Turnstile token present (len=837)
[w3:gh:pro] Site Turnstile token (22375ms)
[w3:gh:pro] [api] 200 mode=pro startsWith=highl
[w3:gh:pro] [api] 200 mode=pro startsWith=highl (582ms direct)
[w3:gh:pro] "highl" → 23 records, 23 words
[w3:gh:pro] "highl" branch complete
[w3:gh:pro] Saved 30,870 worker words
[w3:gh:pro] Searching "highm" | queue=173 | words=30870
[w3:gh:pro] Pacing 15s before "highm" (gap=15500ms)
[w3:gh:pro] Site Turnstile remint timed out (27079ms)
[w3:gh:pro] Site Turnstile remint timed out (24531ms)
[w3:gh:pro] heartbeat words=30870 queue=173 rotation=24 idle=6s
[w3:gh:pro] Site Turnstile remint timed out (22701ms)
[w3:gh:pro] Site Turnstile remint timed out (23293ms)
[w3:gh:pro] heartbeat words=30870 queue=173 rotation=24 idle=20s
[w3:gh:pro] Site Turnstile remint timed out (22810ms)
[w3:gh:pro] Failed "highm" attempt 1: No Turnstile token for direct search
[w3:gh:pro] Saved 30,870 worker words
[w3:gh:pro] Turnstile miss — soft reload before rotate
[w3:gh:pro] Site Turnstile remint timed out (9459ms)
[w3:gh:pro] Soft reload mint failed — rotating immediately
[w3:gh:pro] Tor exited code=0
[w3:gh:pro] Starting Tor gen=26 socks=127.0.0.1:19053 (try 1)
[w3:gh:pro] tor: Aug 05 14:23:09.787 [warn] Fixing permissions on directory /tmp/lll-tor-w3
[w3:gh:pro] tor: Aug 05 14:23:09.000 [notice] Bootstrapped 0% (starting): Starting
[w3:gh:pro] tor: Aug 05 14:23:10.000 [notice] Bootstrapped 5% (conn): Connecting to a relay
[w3:gh:pro] tor: Aug 05 14:23:10.000 [notice] Bootstrapped 10% (conn_done): Connected to a relay
[w3:gh:pro] tor: Aug 05 14:23:11.000 [notice] Bootstrapped 14% (handshake): Handshaking with a relay
[w3:gh:pro] tor: Aug 05 14:23:11.000 [notice] Bootstrapped 15% (handshake_done): Handshake with a relay done
Aug 05 14:23:11.000 [notice] Bootstrapped 20% (onehop_create): Estab
[w3:gh:pro] tor: Aug 05 14:23:12.000 [notice] Bootstrapped 25% (requesting_status): Asking for networkstatus consensus
[w3:gh:pro] tor: Aug 05 14:23:12.000 [notice] Bootstrapped 30% (loading_status): Loading networkstatus consensus
[w3:gh:pro] tor: Aug 05 14:23:25.000 [notice] Bootstrapped 40% (loading_keys): Loading authority key certs
[w3:gh:pro] tor: Aug 05 14:23:26.000 [notice] Bootstrapped 45% (requesting_descriptors): Asking for relay descriptors
Aug 05 14:23:26.000 [notice] I learned some more directory 
[w3:gh:pro] tor: Aug 05 14:23:27.000 [notice] Bootstrapped 50% (loading_descriptors): Loading relay descriptors
[w3:gh:pro] tor: Aug 05 14:23:34.000 [notice] Bootstrapped 55% (loading_descriptors): Loading relay descriptors
[w3:gh:pro] tor: Aug 05 14:23:34.000 [notice] Bootstrapped 61% (loading_descriptors): Loading relay descriptors
[w3:gh:pro] tor: Aug 05 14:23:34.000 [notice] Bootstrapped 67% (loading_descriptors): Loading relay descriptors
[w3:gh:pro] tor: Aug 05 14:23:34.000 [notice] Bootstrapped 75% (enough_dirinfo): Loaded enough directory info to build circuits
[w3:gh:pro] tor: Aug 05 14:23:35.000 [notice] Bootstrapped 90% (ap_handshake_done): Handshake finished with a relay to build circuits
Aug 05 14:23:35.000 [notice] Bootstrapped 9
[w3:gh:pro] tor: Aug 05 14:23:35.000 [notice] Bootstrapped 100% (done): Done
[w3:gh:pro] Tor ready on 19053 exit=45.84.107.198
[w3:gh:pro] Rotating IP (#25, try 1) after No Turnstile token for direct search → tor#26 socks5://127.0.0.1:19053
[w3:gh:pro] Launching persistent Chrome profile /tmp/lll-pw-w3-r25
[w3:gh:pro] Proxy tor#26 socks5://127.0.0.1:19053
[w3:gh:pro] Opening https://lastletterlibrary.com
[w3:gh:pro] Library mode=pro
[w3:gh:pro] heartbeat words=30870 queue=174 rotation=25 idle=9s
[w3:gh:pro] Site Turnstile remint timed out (22440ms)
[w3:gh:pro] Search mode=direct (skip UI Wait Ns… gate)
[w3:gh:pro] Cleaned 1 old rotated profile(s)
[w3:gh:pro] Browser exit IP=171.25.193.81 (unique)
[w3:gh:pro] Searching "highm" | queue=173 | words=30870
[w3:gh:pro] Turnstile token present (len=837)
[w3:gh:pro] Site Turnstile token (20660ms)
[w3:gh:pro] [api] 200 mode=pro startsWith=highm
[w3:gh:pro] [api] 200 mode=pro startsWith=highm (881ms direct)
[w3:gh:pro] "highm" → 4 records, 4 words
[w3:gh:pro] "highm" branch complete
[w3:gh:pro] Saved 30,874 worker words; shared last.txt now 341,899
[w3:gh:pro] Searching "highn" | queue=172 | words=30874
[w3:gh:pro] Pacing 15s before "highn" (gap=15500ms)
[w3:gh:pro] Site Turnstile remint timed out (22330ms)
[w3:gh:pro] heartbeat words=30874 queue=172 rotation=25 idle=2s
[w3:gh:pro] Site Turnstile remint timed out (22828ms)
[w3:gh:pro] Turnstile token present (len=837)
[w3:gh:pro] Site Turnstile token (22096ms)
[w3:gh:pro] [api] 200 mode=pro startsWith=highn
[w3:gh:pro] [api] 200 mode=pro startsWith=highn (713ms direct)
[w3:gh:pro] "highn" → 2 records, 2 words
[w3:gh:pro] "highn" branch complete
[w3:gh:pro] Saved 30,876 worker words
[w3:gh:pro] Searching "higho" | queue=171 | words=30876
[w3:gh:pro] Pacing 14s before "higho" (gap=15500ms)
[w3:gh:pro] heartbeat words=30876 queue=171 rotation=25 idle=15s
[w3:gh:pro] Site Turnstile remint timed out (23223ms)
[w3:gh:pro] Turnstile token present (len=837)
[w3:gh:pro] Site Turnstile token (21931ms)
[w3:gh:pro] [api] 200 mode=pro startsWith=higho
[w3:gh:pro] [api] 200 mode=pro startsWith=higho (616ms direct)
[w3:gh:pro] "higho" → 0 records, 0 words
[w3:gh:pro] "higho" branch complete
[w3:gh:pro] Saved 30,876 worker words
[w3:gh:pro] Searching "highp" | queue=170 | words=30876
[w3:gh:pro] Pacing 15s before "highp" (gap=15500ms)
[w3:gh:pro] Site Turnstile remint timed out (22919ms)
[w3:gh:pro] heartbeat words=30876 queue=170 rotation=25 idle=7s
[w3:gh:pro] Site Turnstile remint timed out (22398ms)
[w3:gh:pro] Turnstile token present (len=837)
[w3:gh:pro] Site Turnstile token (19845ms)
[w3:gh:pro] [api] 200 mode=pro startsWith=highp
[w3:gh:pro] [api] 200 mode=pro startsWith=highp (812ms direct)
[w3:gh:pro] "highp" → 1 records, 1 words
[w3:gh:pro] "highp" branch complete
[w3:gh:pro] Saved 30,877 worker words
[w3:gh:pro] Searching "highq" | queue=169 | words=30877
[w3:gh:pro] Pacing 15s before "highq" (gap=15500ms)
[w3:gh:pro] Site Turnstile remint timed out (22328ms)
[w3:gh:pro] heartbeat words=30877 queue=169 rotation=25 idle=1s
[w3:gh:pro] Site Turnstile remint timed out (22282ms)
[w3:gh:pro] Turnstile token present (len=837)
[w3:gh:pro] Site Turnstile token (20379ms)
[w3:gh:pro] [api] 200 mode=pro startsWith=highq
[w3:gh:pro] [api] 200 mode=pro startsWith=highq (800ms direct)
[w3:gh:pro] "highq" → 0 records, 0 words
[w3:gh:pro] "highq" branch complete
[w3:gh:pro] Saved 30,877 worker words
[w3:gh:pro] Searching "highr" | queue=168 | words=30877
[w3:gh:pro] Pacing 15s before "highr" (gap=15500ms)
[w3:gh:pro] heartbeat words=30877 queue=168 rotation=25 idle=18s
[w3:gh:pro] Site Turnstile remint timed out (22363ms)
[w3:gh:pro] Turnstile token present (len=837)
[w3:gh:pro] Site Turnstile token (21083ms)
[w3:gh:pro] [api] 200 mode=pro startsWith=highr
[w3:gh:pro] [api] 200 mode=pro startsWith=highr (777ms direct)
[w3:gh:pro] "highr" → 4 records, 4 words
[w3:gh:pro] "highr" branch complete
[w3:gh:pro] Saved 30,881 worker words
[w3:gh:pro] Searching "highs" | queue=167 | words=30881
[w3:gh:pro] Pacing 15s before "highs" (gap=15500ms)
[w3:gh:pro] Turnstile token present (len=837)
[w3:gh:pro] Site Turnstile token (20573ms)
[w3:gh:pro] [api] 200 mode=pro startsWith=highs
[w3:gh:pro] [api] 200 mode=pro startsWith=highs (722ms direct)
[w3:gh:pro] "highs" → 7 records, 7 words (incl. exact "highs")
[w3:gh:pro] "highs" branch complete
[w3:gh:pro] Saved 30,888 worker words
[w3:gh:pro] Searching "hight" | queue=166 | words=30888
[w3:gh:pro] Pacing 15s before "hight" (gap=15500ms)
[w3:gh:pro] heartbeat words=30888 queue=166 rotation=25 idle=12s
[w3:gh:pro] Turnstile token present (len=837)
[w3:gh:pro] Site Turnstile token (22059ms)
[w3:gh:pro] [api] 200 mode=pro startsWith=hight
[w3:gh:pro] [api] 200 mode=pro startsWith=hight (781ms direct)
[w3:gh:pro] "hight" → 14 records, 14 words (incl. exact "hight")
[w3:gh:pro] "hight" branch complete
[w3:gh:pro] Saved 30,902 worker words
[w3:gh:pro] Searching "highu" | queue=165 | words=30902
[w3:gh:pro] Pacing 15s before "highu" (gap=15500ms)
[w3:gh:pro] Turnstile mint hard timeout after 28000ms
[w3:gh:pro] Site Turnstile remint timed out (36100ms)
[w3:gh:pro] heartbeat words=30902 queue=165 rotation=25 idle=13s
[w3:gh:pro] Turnstile mint hard timeout after 28000ms
[w3:gh:pro] Site Turnstile remint timed out (31694ms)
[w3:gh:pro] Turnstile mint hard timeout after 28000ms
[w3:gh:pro] Site Turnstile remint timed out (30160ms)
[w3:gh:pro] heartbeat words=30902 queue=165 rotation=25 idle=17s
[w3:gh:pro] Turnstile token present (len=837)
[w3:gh:pro] Site Turnstile token (20389ms)
[w3:gh:pro] [api] 200 mode=pro startsWith=highu
[w3:gh:pro] [api] 200 mode=pro startsWith=highu (620ms direct)
[w3:gh:pro] "highu" → 0 records, 0 words
[w3:gh:pro] "highu" branch complete
[w3:gh:pro] Saved 30,902 worker words; shared last.txt now 344,730
[w3:gh:pro] Searching "highv" | queue=164 | words=30902
[w3:gh:pro] Pacing 14s before "highv" (gap=15500ms)
[w3:gh:pro] Site Turnstile remint timed out (26882ms)
[w3:gh:pro] Site Turnstile remint timed out (23048ms)
[w3:gh:pro] heartbeat words=30902 queue=164 rotation=25 idle=8s
[w3:gh:pro] Site Turnstile remint timed out (22348ms)
[w3:gh:pro] Site Turnstile remint timed out (22398ms)
[w3:gh:pro] Site Turnstile remint timed out (22364ms)
[w3:gh:pro] Failed "highv" attempt 1: No Turnstile token for direct search
[w3:gh:pro] Saved 30,902 worker words
[w3:gh:pro] Turnstile miss — soft reload before rotate
[w3:gh:pro] heartbeat words=30902 queue=165 rotation=25 idle=1s
[w3:gh:pro] Turnstile token present (len=837)
[w3:gh:pro] Site Turnstile token (7837ms)
[w3:gh:pro] Searching "highv" | queue=164 | words=30902
[w3:gh:pro] [api] 200 mode=pro startsWith=highv
[w3:gh:pro] [api] 200 mode=pro startsWith=highv (675ms direct)
[w3:gh:pro] "highv" → 2 records, 2 words
[w3:gh:pro] "highv" branch complete
[w3:gh:pro] Saved 30,904 worker words
[w3:gh:pro] Searching "highw" | queue=163 | words=30904
[w3:gh:pro] Pacing 15s before "highw" (gap=15500ms)
[w3:gh:pro] Turnstile token present (len=837)
[w3:gh:pro] Site Turnstile token (20149ms)
[w3:gh:pro] [api] 200 mode=pro startsWith=highw
[w3:gh:pro] [api] 200 mode=pro startsWith=highw (596ms direct)
[w3:gh:pro] "highw" → 5 records, 5 words
[w3:gh:pro] "highw" branch complete
[w3:gh:pro] Saved 30,909 worker words
[w3:gh:pro] Searching "highx" | queue=162 | words=30909
[w3:gh:pro] Pacing 15s before "highx" (gap=15500ms)
[w3:gh:pro] Turnstile token present (len=837)
[w3:gh:pro] Site Turnstile token (21022ms)
[w3:gh:pro] [api] 200 mode=pro startsWith=highx
[w3:gh:pro] [api] 200 mode=pro startsWith=highx (707ms direct)
[w3:gh:pro] "highx" → 0 records, 0 words
[w3:gh:pro] "highx" branch complete
[w3:gh:pro] Saved 30,909 worker words
[w3:gh:pro] Searching "highy" | queue=161 | words=30909
[w3:gh:pro] Pacing 15s before "highy" (gap=15500ms)
[w3:gh:pro] heartbeat words=30909 queue=161 rotation=25 idle=8s
[w3:gh:pro] Site Turnstile remint timed out (22638ms)
[w3:gh:pro] Turnstile token present (len=837)
[w3:gh:pro] Site Turnstile token (20704ms)
[w3:gh:pro] [api] 200 mode=pro startsWith=highy
[w3:gh:pro] [api] 200 mode=pro startsWith=highy (586ms direct)
[w3:gh:pro] "highy" → 0 records, 0 words
[w3:gh:pro] "highy" branch complete
[w3:gh:pro] Saved 30,909 worker words
[w3:gh:pro] Searching "highz" | queue=160 | words=30909
[w3:gh:pro] Pacing 15s before "highz" (gap=15500ms)
[w3:gh:pro] Site Turnstile remint timed out (22752ms)
[w3:gh:pro] heartbeat words=30909 queue=160 rotation=25 idle=1s
[w3:gh:pro] Site Turnstile remint timed out (22431ms)
[w3:gh:pro] Site Turnstile remint timed out (23059ms)
[w3:gh:pro] heartbeat words=30909 queue=160 rotation=25 idle=16s
[w3:gh:pro] Site Turnstile remint timed out (22556ms)
[w3:gh:pro] Site Turnstile remint timed out (22704ms)
[w3:gh:pro] Failed "highz" attempt 1: No Turnstile token for direct search
[w3:gh:pro] Saved 30,909 worker words
[w3:gh:pro] Turnstile miss — soft reload before rotate
[w3:gh:pro] Site Turnstile remint timed out (10383ms)
[w3:gh:pro] Soft reload mint failed — rotating immediately
[w3:gh:pro] Tor exited code=0
[w3:gh:pro] Starting Tor gen=27 socks=127.0.0.1:19053 (try 1)
[w3:gh:pro] tor: Aug 05 14:37:36.824 [warn] Fixing permissions on directory /tmp/lll-tor-w3
[w3:gh:pro] tor: Aug 05 14:37:37.000 [notice] Bootstrapped 0% (starting): Starting
[w3:gh:pro] tor: Aug 05 14:37:38.000 [notice] Bootstrapped 5% (conn): Connecting to a relay
[w3:gh:pro] tor: Aug 05 14:37:38.000 [notice] Bootstrapped 10% (conn_done): Connected to a relay
[w3:gh:pro] tor: Aug 05 14:37:41.000 [notice] Bootstrapped 14% (handshake): Handshaking with a relay
[w3:gh:pro] tor: Aug 05 14:37:41.000 [notice] Bootstrapped 15% (handshake_done): Handshake with a relay done
Aug 05 14:37:41.000 [notice] Bootstrapped 20% (onehop_create): Estab
[w3:gh:pro] tor: Aug 05 14:37:42.000 [notice] Bootstrapped 25% (requesting_status): Asking for networkstatus consensus
[w3:gh:pro] tor: Aug 05 14:37:42.000 [notice] Bootstrapped 30% (loading_status): Loading networkstatus consensus
[w3:gh:pro] tor: Aug 05 14:37:44.000 [notice] Bootstrapped 40% (loading_keys): Loading authority key certs
[w3:gh:pro] tor: Aug 05 14:37:44.000 [notice] Bootstrapped 45% (requesting_descriptors): Asking for relay descriptors
Aug 05 14:37:44.000 [notice] I learned some more directory 
[w3:gh:pro] tor: Aug 05 14:37:45.000 [notice] Bootstrapped 50% (loading_descriptors): Loading relay descriptors
[w3:gh:pro] tor: Aug 05 14:37:50.000 [notice] Bootstrapped 55% (loading_descriptors): Loading relay descriptors
[w3:gh:pro] tor: Aug 05 14:37:50.000 [notice] Bootstrapped 61% (loading_descriptors): Loading relay descriptors
[w3:gh:pro] tor: Aug 05 14:37:50.000 [notice] Bootstrapped 67% (loading_descriptors): Loading relay descriptors
[w3:gh:pro] tor: Aug 05 14:37:50.000 [notice] Bootstrapped 75% (enough_dirinfo): Loaded enough directory info to build circuits
[w3:gh:pro] tor: Aug 05 14:37:51.000 [notice] Bootstrapped 90% (ap_handshake_done): Handshake finished with a relay to build circuits
Aug 05 14:37:51.000 [notice] Bootstrapped 9
[w3:gh:pro] tor: Aug 05 14:37:51.000 [notice] Bootstrapped 100% (done): Done
[w3:gh:pro] Tor ready on 19053 exit=185.220.101.29
[w3:gh:pro] Rotating IP (#26, try 1) after No Turnstile token for direct search → tor#27 socks5://127.0.0.1:19053
[w3:gh:pro] Launching persistent Chrome profile /tmp/lll-pw-w3-r26
[w3:gh:pro] Proxy tor#27 socks5://127.0.0.1:19053
[w3:gh:pro] heartbeat words=30909 queue=161 rotation=26 idle=0s
[w3:gh:pro] Opening https://lastletterlibrary.com
[w3:gh:pro] Library mode=pro
[w3:gh:pro] Site Turnstile remint timed out (22563ms)
[w3:gh:pro] Search mode=direct (skip UI Wait Ns… gate)
[w3:gh:pro] Cleaned 1 old rotated profile(s)
[w3:gh:pro] Browser exit IP=185.220.101.29 (unique)
[w3:gh:pro] Searching "highz" | queue=160 | words=30909
[w3:gh:pro] Turnstile token present (len=816)
[w3:gh:pro] Site Turnstile token (19929ms)
[w3:gh:pro] [api] 200 mode=pro startsWith=highz
[w3:gh:pro] [api] 200 mode=pro startsWith=highz (471ms direct)
[w3:gh:pro] "highz" → 0 records, 0 words
[w3:gh:pro] "highz" branch complete
[w3:gh:pro] Saved 30,909 worker words
[w3:gh:pro] Searching "hippo" | queue=159 | words=30909
[w3:gh:pro] Pacing 15s before "hippo" (gap=15500ms)
[w3:gh:pro] heartbeat words=30909 queue=159 rotation=26 idle=9s
[w3:gh:pro] Site Turnstile remint timed out (22347ms)
[w3:gh:pro] Site Turnstile remint timed out (22543ms)
[w3:gh:pro] Site Turnstile remint timed out (22842ms)
[w3:gh:pro] heartbeat words=30909 queue=159 rotation=26 idle=1s
[w3:gh:pro] Site Turnstile remint timed out (22594ms)
[w3:gh:pro] Site Turnstile remint timed out (22756ms)
[w3:gh:pro] Failed "hippo" attempt 1: No Turnstile token for direct search
[w3:gh:pro] Saved 30,909 worker words; shared last.txt now 346,051
[w3:gh:pro] Turnstile miss — soft reload before rotate
[w3:gh:pro] Site Turnstile remint timed out (9818ms)
[w3:gh:pro] Soft reload mint failed — rotating immediately
[w3:gh:pro] Starting Tor gen=28 socks=127.0.0.1:19053 (try 1)
[w3:gh:pro] tor: Aug 05 14:40:53.435 [warn] Fixing permissions on directory /tmp/lll-tor-w3
[w3:gh:pro] Tor exited code=0
[w3:gh:pro] tor: Aug 05 14:40:54.000 [notice] Bootstrapped 0% (starting): Starting
Aug 05 14:40:54.000 [notice] Starting with guard context "default"
[w3:gh:pro] heartbeat words=30909 queue=160 rotation=27 idle=0s
[w3:gh:pro] tor: Aug 05 14:40:55.000 [notice] Bootstrapped 5% (conn): Connecting to a relay
[w3:gh:pro] tor: Aug 05 14:40:55.000 [notice] Bootstrapped 10% (conn_done): Connected to a relay
[w3:gh:pro] tor: Aug 05 14:40:56.000 [notice] Bootstrapped 14% (handshake): Handshaking with a relay
[w3:gh:pro] tor: Aug 05 14:40:56.000 [notice] Bootstrapped 15% (handshake_done): Handshake with a relay done
[w3:gh:pro] tor: Aug 05 14:40:56.000 [notice] Bootstrapped 20% (onehop_create): Establishing an encrypted directory connection
[w3:gh:pro] tor: Aug 05 14:40:57.000 [notice] Bootstrapped 25% (requesting_status): Asking for networkstatus consensus
[w3:gh:pro] tor: Aug 05 14:40:57.000 [notice] Bootstrapped 30% (loading_status): Loading networkstatus consensus
[w3:gh:pro] tor: Aug 05 14:40:59.000 [notice] Bootstrapped 40% (loading_keys): Loading authority key certs
[w3:gh:pro] tor: Aug 05 14:40:59.000 [notice] Bootstrapped 45% (requesting_descriptors): Asking for relay descriptors
Aug 05 14:40:59.000 [notice] I learned some more directory 
[w3:gh:pro] tor: Aug 05 14:41:01.000 [notice] Bootstrapped 50% (loading_descriptors): Loading relay descriptors
[w3:gh:pro] tor: Aug 05 14:41:10.000 [notice] Bootstrapped 55% (loading_descriptors): Loading relay descriptors
[w3:gh:pro] tor: Aug 05 14:41:11.000 [notice] Bootstrapped 61% (loading_descriptors): Loading relay descriptors
[w3:gh:pro] tor: Aug 05 14:41:11.000 [notice] Bootstrapped 67% (loading_descriptors): Loading relay descriptors
[w3:gh:pro] tor: Aug 05 14:41:12.000 [notice] Bootstrapped 75% (enough_dirinfo): Loaded enough directory info to build circuits
[w3:gh:pro] tor: Aug 05 14:41:12.000 [notice] Bootstrapped 90% (ap_handshake_done): Handshake finished with a relay to build circuits
Aug 05 14:41:12.000 [notice] Bootstrapped 9
[w3:gh:pro] tor: Aug 05 14:41:13.000 [notice] Bootstrapped 100% (done): Done
[w3:gh:pro] Tor ready on 19053 exit=45.84.107.172
[w3:gh:pro] Rotating IP (#27, try 1) after No Turnstile token for direct search → tor#28 socks5://127.0.0.1:19053
[w3:gh:pro] Launching persistent Chrome profile /tmp/lll-pw-w3-r27
[w3:gh:pro] Proxy tor#28 socks5://127.0.0.1:19053
[w3:gh:pro] Opening https://lastletterlibrary.com
[w3:gh:pro] Library mode=pro
[w3:gh:pro] Managed Turnstile token (len=816, 9854ms, remount)
[w3:gh:pro] Search mode=direct (skip UI Wait Ns… gate)
[w3:gh:pro] Cleaned 1 old rotated profile(s)
[w3:gh:pro] Browser exit IP=192.42.116.53 (unique)
[w3:gh:pro] Searching "hippo" | queue=159 | words=30909
[w3:gh:pro] [api] 200 mode=pro startsWith=hippo
[w3:gh:pro] [api] 200 mode=pro startsWith=hippo (2259ms direct)
[w3:gh:pro] "hippo" → 100 records, 100 words (incl. exact "hippo")
[w3:gh:pro] Pacing 14s before "hippo" (gap=15500ms)
[w3:gh:pro] heartbeat words=30909 queue=159 rotation=27 idle=10s
[w3:gh:pro] Site Turnstile remint timed out (22300ms)
[w3:gh:pro] Site Turnstile remint timed out (22309ms)
[w3:gh:pro] Site Turnstile remint timed out (22284ms)
[w3:gh:pro] heartbeat words=30909 queue=159 rotation=27 idle=3s
[w3:gh:pro] Site Turnstile remint timed out (22319ms)
[w3:gh:pro] Turnstile token present (len=837)
[w3:gh:pro] Site Turnstile token (20299ms)
[w3:gh:pro] [api] 200 mode=pro startsWith=hippo
[w3:gh:pro] [api] 200 mode=pro startsWith=hippo sort=alphabetical:desc (469ms direct)
[w3:gh:pro] "hippo" full page ends at "hippopotamoid" (next='p'); skip 21 covered groups → 7 children reverse Z→A ends at "hippocrases" (lo='c' hi='t'); skip 16 middle + 0 new words
[w3:gh:pro] Saved 30,909 worker words
[w3:gh:pro] Searching "hippy" | queue=165 | words=30909
[w3:gh:pro] Pacing 16s before "hippy" (gap=15500ms)
[w3:gh:pro] heartbeat words=30909 queue=165 rotation=27 idle=20s
[w3:gh:pro] Turnstile token present (len=837)
[w3:gh:pro] Site Turnstile token (20657ms)
[w3:gh:pro] [api] 200 mode=pro startsWith=hippy
[w3:gh:pro] [api] 200 mode=pro startsWith=hippy (611ms direct)
[w3:gh:pro] "hippy" → 4 records, 4 words (incl. exact "hippy")
[w3:gh:pro] "hippy" branch complete
[w3:gh:pro] Saved 30,909 worker words
[w3:gh:pro] Searching "hippz" | queue=164 | words=30909
[w3:gh:pro] Pacing 15s before "hippz" (gap=15500ms)
[w3:gh:pro] Site Turnstile remint timed out (22507ms)
[w3:gh:pro] Site Turnstile remint timed out (22790ms)
[w3:gh:pro] heartbeat words=30909 queue=164 rotation=27 idle=14s
[w3:gh:pro] Site Turnstile remint timed out (22677ms)
[w3:gh:pro] Site Turnstile remint timed out (22490ms)
[w3:gh:pro] Turnstile token present (len=837)
[w3:gh:pro] Site Turnstile token (20529ms)
[w3:gh:pro] [api] 200 mode=pro startsWith=hippz
[w3:gh:pro] [api] 200 mode=pro startsWith=hippz (723ms direct)
[w3:gh:pro] "hippz" → 0 records, 0 words
[w3:gh:pro] "hippz" branch complete
[w3:gh:pro] Saved 30,909 worker words
[w3:gh:pro] Searching "histo" | queue=163 | words=30909
[w3:gh:pro] Pacing 15s before "histo" (gap=15500ms)
[w3:gh:pro] heartbeat words=30909 queue=163 rotation=27 idle=7s
[w3:gh:pro] Site Turnstile remint timed out (22660ms)
[w3:gh:pro] Site Turnstile remint timed out (22420ms)
[w3:gh:pro] heartbeat words=30909 queue=163 rotation=27 idle=22s
[w3:gh:pro] Site Turnstile remint timed out (22384ms)
[w3:gh:pro] Turnstile token present (len=837)
[w3:gh:pro] Site Turnstile token (21590ms)
[w3:gh:pro] [api] 200 mode=pro startsWith=histo
[w3:gh:pro] [api] 200 mode=pro startsWith=histo (494ms direct)
[w3:gh:pro] "histo" → 100 records, 100 words
[w3:gh:pro] Pacing 15s before "histo" (gap=15500ms)
[w3:gh:pro] Site Turnstile remint timed out (23362ms)
[w3:gh:pro] heartbeat words=30910 queue=163 rotation=27 idle=14s
[w3:gh:pro] Site Turnstile remint timed out (23346ms)
[w3:gh:pro] Site Turnstile remint timed out (23926ms)
[w3:gh:pro] Site Turnstile remint timed out (24320ms)
[w3:gh:pro] heartbeat words=30910 queue=163 rotation=27 idle=2s
[w3:gh:pro] Site Turnstile remint timed out (23212ms)
[w3:gh:pro] "histo" reverse search failed (No Turnstile token for direct search); forward-only
[w3:gh:pro] "histo" full page ends at "historicized" (next='r'); skip 19 covered groups → 9 children from histor..
[w3:gh:pro] Saved 30,910 worker words
[w3:gh:pro] Searching "hists" | queue=171 | words=30910
[w3:gh:pro] Turnstile mint hard timeout after 28000ms
[w3:gh:pro] Site Turnstile remint timed out (30626ms)
[w3:gh:pro] heartbeat words=30910 queue=171 rotation=27 idle=8s
[w3:gh:pro] Site Turnstile remint timed out (27939ms)
[w3:gh:pro] Site Turnstile remint timed out (22613ms)
[w3:gh:pro] heartbeat words=30910 queue=171 rotation=27 idle=20s
[w3:gh:pro] Turnstile token present (len=837)
[w3:gh:pro] Site Turnstile token (21048ms)
[w3:gh:pro] [api] 200 mode=pro startsWith=hists
[w3:gh:pro] [api] 200 mode=pro startsWith=hists (546ms direct)
[w3:gh:pro] "hists" → 1 records, 1 words (incl. exact "hists")
[w3:gh:pro] "hists" branch complete
[w3:gh:pro] Saved 30,910 worker words
[w3:gh:pro] Searching "histt" | queue=170 | words=30910
[w3:gh:pro] Pacing 15s before "histt" (gap=15500ms)
[w3:gh:pro] Site Turnstile remint timed out (25764ms)
[w3:gh:pro] Site Turnstile remint timed out (23988ms)
[w3:gh:pro] heartbeat words=30910 queue=170 rotation=27 idle=8s
[w3:gh:pro] Turnstile token present (len=837)
[w3:gh:pro] Site Turnstile token (20541ms)
[w3:gh:pro] [api] 200 mode=pro startsWith=histt
[w3:gh:pro] [api] 200 mode=pro startsWith=histt (492ms direct)
[w3:gh:pro] "histt" → 0 records, 0 words
[w3:gh:pro] "histt" branch complete
[w3:gh:pro] Saved 30,910 worker words
[w3:gh:pro] Searching "histu" | queue=169 | words=30910
[w3:gh:pro] Pacing 15s before "histu" (gap=15500ms)
[w3:gh:pro] Site Turnstile remint timed out (22621ms)
[w3:gh:pro] Site Turnstile remint timed out (22693ms)
[w3:gh:pro] heartbeat words=30910 queue=169 rotation=27 idle=2s
[w3:gh:pro] Site Turnstile remint timed out (22593ms)
[w3:gh:pro] Site Turnstile remint timed out (22700ms)
[w3:gh:pro] heartbeat words=30910 queue=169 rotation=27 idle=17s
[w3:gh:pro] Site Turnstile remint timed out (22540ms)
[w3:gh:pro] Failed "histu" attempt 1: No Turnstile token for direct search
[w3:gh:pro] Saved 30,910 worker words
[w3:gh:pro] Turnstile miss — soft reload before rotate
[w3:gh:pro] Turnstile token present (len=837)
[w3:gh:pro] Site Turnstile token (7494ms)
[w3:gh:pro] Searching "histu" | queue=169 | words=30910
[w3:gh:pro] [api] 200 mode=pro startsWith=histu
[w3:gh:pro] [api] 200 mode=pro startsWith=histu (434ms direct)
[w3:gh:pro] "histu" → 0 records, 0 words
[w3:gh:pro] "histu" branch complete
[w3:gh:pro] Saved 30,910 worker words; shared last.txt now 347,267
[w3:gh:pro] Searching "histv" | queue=168 | words=30910
[w3:gh:pro] Pacing 15s before "histv" (gap=15500ms)
[w3:gh:pro] Site Turnstile remint timed out (22345ms)
[w3:gh:pro] heartbeat words=30910 queue=168 rotation=27 idle=22s
[w3:gh:pro] Site Turnstile remint timed out (22264ms)
[w3:gh:pro] Site Turnstile remint timed out (22814ms)
[w3:gh:pro] Turnstile token present (len=837)
[w3:gh:pro] Site Turnstile token (20623ms)
[w3:gh:pro] [api] 200 mode=pro startsWith=histv
[w3:gh:pro] [api] 200 mode=pro startsWith=histv (492ms direct)
[w3:gh:pro] "histv" → 0 records, 0 words
[w3:gh:pro] "histv" branch complete
[w3:gh:pro] Saved 30,910 worker words
[w3:gh:pro] Searching "histw" | queue=167 | words=30910
[w3:gh:pro] Pacing 15s before "histw" (gap=15500ms)
[w3:gh:pro] heartbeat words=30910 queue=167 rotation=27 idle=16s
[w3:gh:pro] Site Turnstile remint timed out (22690ms)
[w3:gh:pro] Site Turnstile remint timed out (22396ms)
[w3:gh:pro] Turnstile token present (len=837)
[w3:gh:pro] Site Turnstile token (20942ms)
[w3:gh:pro] [api] 200 mode=pro startsWith=histw
[w3:gh:pro] [api] 200 mode=pro startsWith=histw (502ms direct)
[w3:gh:pro] "histw" → 0 records, 0 words
[w3:gh:pro] "histw" branch complete
[w3:gh:pro] Saved 30,910 worker words
[w3:gh:pro] Searching "histx" | queue=166 | words=30910
[w3:gh:pro] Pacing 15s before "histx" (gap=15500ms)
[w3:gh:pro] heartbeat words=30910 queue=166 rotation=27 idle=9s
[w3:gh:pro] Site Turnstile remint timed out (22821ms)
[w3:gh:pro] Site Turnstile remint timed out (26753ms)
[w3:gh:pro] heartbeat words=30910 queue=166 rotation=27 idle=20s
[w3:gh:pro] Site Turnstile remint timed out (22313ms)
[w3:gh:pro] Site Turnstile remint timed out (22340ms)
[w3:gh:pro] Site Turnstile remint timed out (22388ms)
[w3:gh:pro] Failed "histx" attempt 1: No Turnstile token for direct search
[w3:gh:pro] Saved 30,910 worker words
[w3:gh:pro] Turnstile miss — soft reload before rotate
[w3:gh:pro] Turnstile token present (len=837)
[w3:gh:pro] Site Turnstile token (6903ms)
[w3:gh:pro] Searching "histx" | queue=166 | words=30910
[w3:gh:pro] [api] 200 mode=pro startsWith=histx
[w3:gh:pro] [api] 200 mode=pro startsWith=histx (416ms direct)
[w3:gh:pro] "histx" → 0 records, 0 words
[w3:gh:pro] "histx" branch complete
[w3:gh:pro] Saved 30,910 worker words
[w3:gh:pro] Searching "histy" | queue=165 | words=30910
[w3:gh:pro] Pacing 16s before "histy" (gap=15500ms)
[w3:gh:pro] heartbeat words=30910 queue=165 rotation=27 idle=4s
[w3:gh:pro] Turnstile token present (len=837)
[w3:gh:pro] Site Turnstile token (20580ms)
[w3:gh:pro] [api] 200 mode=pro startsWith=histy
[w3:gh:pro] [api] 200 mode=pro startsWith=histy (487ms direct)
[w3:gh:pro] "histy" → 0 records, 0 words
[w3:gh:pro] "histy" branch complete
[w3:gh:pro] Saved 30,910 worker words
[w3:gh:pro] Searching "histz" | queue=164 | words=30910
[w3:gh:pro] Pacing 15s before "histz" (gap=15500ms)
[w3:gh:pro] Site Turnstile remint timed out (23422ms)
[w3:gh:pro] heartbeat words=30910 queue=164 rotation=27 idle=20s
[w3:gh:pro] Site Turnstile remint timed out (22826ms)
[w3:gh:pro] Turnstile token present (len=837)
[w3:gh:pro] Site Turnstile token (21805ms)
[w3:gh:pro] [api] 200 mode=pro startsWith=histz
[w3:gh:pro] [api] 200 mode=pro startsWith=histz (534ms direct)
[w3:gh:pro] "histz" → 0 records, 0 words
[w3:gh:pro] "histz" branch complete
[w3:gh:pro] Saved 30,910 worker words
[w3:gh:pro] Searching "holoz" | queue=163 | words=30910
[w3:gh:pro] Pacing 15s before "holoz" (gap=15500ms)
[w3:gh:pro] Site Turnstile remint timed out (23182ms)
[w3:gh:pro] heartbeat words=30910 queue=163 rotation=27 idle=10s
[w3:gh:pro] Site Turnstile remint timed out (23027ms)
[w3:gh:pro] Turnstile token present (len=837)
[w3:gh:pro] Site Turnstile token (21057ms)
[w3:gh:pro] [api] 200 mode=pro startsWith=holoz
[w3:gh:pro] [api] 200 mode=pro startsWith=holoz (461ms direct)
[w3:gh:pro] "holoz" → 1 records, 1 words
[w3:gh:pro] "holoz" branch complete
[w3:gh:pro] Saved 30,910 worker words
[w3:gh:pro] Searching "homeo" | queue=162 | words=30910
[w3:gh:pro] Pacing 16s before "homeo" (gap=15500ms)
[w3:gh:pro] Site Turnstile remint timed out (23102ms)
[w3:gh:pro] heartbeat words=30910 queue=162 rotation=27 idle=3s
[w3:gh:pro] Site Turnstile remint timed out (22826ms)
[w3:gh:pro] Site Turnstile remint timed out (22628ms)
[w3:gh:pro] heartbeat words=30910 queue=162 rotation=27 idle=17s
[w3:gh:pro] Turnstile token present (len=837)
[w3:gh:pro] Site Turnstile token (20937ms)
[w3:gh:pro] [api] 200 mode=pro startsWith=homeo
[w3:gh:pro] [api] 200 mode=pro startsWith=homeo (987ms direct)
[w3:gh:pro] "homeo" → 80 records, 80 words
[w3:gh:pro] "homeo" branch complete
[w3:gh:pro] Saved 30,967 worker words; shared last.txt now 348,426
[w3:gh:pro] Searching "homep" | queue=161 | words=30967
[w3:gh:pro] Pacing 14s before "homep" (gap=15500ms)
[w3:gh:pro] Site Turnstile remint timed out (22669ms)
[w3:gh:pro] Site Turnstile remint timed out (22470ms)
[w3:gh:pro] heartbeat words=30967 queue=161 rotation=27 idle=10s
[w3:gh:pro] Site Turnstile remint timed out (23322ms)
[w3:gh:pro] Turnstile token present (len=837)
[w3:gh:pro] Site Turnstile token (21750ms)
[w3:gh:pro] [api] 200 mode=pro startsWith=homep
[w3:gh:pro] [api] 200 mode=pro startsWith=homep (500ms direct)
[w3:gh:pro] "homep" → 8 records, 8 words
[w3:gh:pro] "homep" branch complete
[w3:gh:pro] Saved 30,975 worker words
[w3:gh:pro] Searching "homeq" | queue=160 | words=30975
[w3:gh:pro] Pacing 15s before "homeq" (gap=15500ms)
[w3:gh:pro] Site Turnstile remint timed out (22813ms)
[w3:gh:pro] heartbeat words=30975 queue=160 rotation=27 idle=2s
[w3:gh:pro] Site Turnstile remint timed out (22961ms)
[w3:gh:pro] Turnstile mint hard timeout after 28000ms
[w3:gh:pro] Site Turnstile remint timed out (28752ms)
[w3:gh:pro] heartbeat words=30975 queue=160 rotation=27 idle=10s
[w3:gh:pro] Site Turnstile remint timed out (23869ms)
[w3:gh:pro] Turnstile token present (len=837)
[w3:gh:pro] Site Turnstile token (20091ms)
[w3:gh:pro] [api] 200 mode=pro startsWith=homeq
[w3:gh:pro] [api] 200 mode=pro startsWith=homeq (487ms direct)
[w3:gh:pro] "homeq" → 0 records, 0 words
[w3:gh:pro] "homeq" branch complete
[w3:gh:pro] Saved 30,975 worker words
[w3:gh:pro] Searching "homer" | queue=159 | words=30975
[w3:gh:pro] Pacing 15s before "homer" (gap=15500ms)
[w3:gh:pro] Site Turnstile remint timed out (22324ms)
[w3:gh:pro] heartbeat words=30975 queue=159 rotation=27 idle=4s
[w3:gh:pro] Turnstile token present (len=837)
[w3:gh:pro] Site Turnstile token (22135ms)
[w3:gh:pro] [api] 200 mode=pro startsWith=homer
[w3:gh:pro] [api] 200 mode=pro startsWith=homer (494ms direct)
[w3:gh:pro] "homer" → 18 records, 18 words (incl. exact "homer")
[w3:gh:pro] "homer" branch complete
[w3:gh:pro] Saved 30,993 worker words
[w3:gh:pro] Searching "homes" | queue=158 | words=30993
[w3:gh:pro] Pacing 14s before "homes" (gap=15500ms)
[w3:gh:pro] Site Turnstile remint timed out (24334ms)
[w3:gh:pro] heartbeat words=30993 queue=158 rotation=27 idle=16s
[w3:gh:pro] Site Turnstile remint timed out (22607ms)
[w3:gh:pro] Site Turnstile remint timed out (23155ms)
[w3:gh:pro] Site Turnstile remint timed out (27631ms)
[w3:gh:pro] heartbeat words=30993 queue=158 rotation=27 idle=2s
[w3:gh:pro] Turnstile mint hard timeout after 28000ms
[w3:gh:pro] Failed "homes" attempt 1: No Turnstile token for direct search
[w3:gh:pro] Saved 30,993 worker words
[w3:gh:pro] Turnstile miss — soft reload before rotate
[w3:gh:pro] Site Turnstile remint timed out (30910ms)
[w3:gh:pro] Site Turnstile remint timed out (11394ms)
[w3:gh:pro] Soft reload mint failed — rotating immediately
[w3:gh:pro] Tor exited code=0
[w3:gh:pro] Starting Tor gen=29 socks=127.0.0.1:19053 (try 1)
[w3:gh:pro] tor: Aug 05 15:09:34.833 [warn] Fixing permissions on directory /tmp/lll-tor-w3
[w3:gh:pro] tor: Aug 05 15:09:35.000 [notice] Bootstrapped 0% (starting): Starting
Aug 05 15:09:35.000 [notice] Starting with guard context "default"
[w3:gh:pro] tor: Aug 05 15:09:36.000 [notice] Bootstrapped 5% (conn): Connecting to a relay
[w3:gh:pro] tor: Aug 05 15:09:36.000 [notice] Bootstrapped 10% (conn_done): Connected to a relay
[w3:gh:pro] tor: Aug 05 15:09:36.000 [notice] Bootstrapped 14% (handshake): Handshaking with a relay
[w3:gh:pro] tor: Aug 05 15:09:37.000 [notice] Bootstrapped 15% (handshake_done): Handshake with a relay done
Aug 05 15:09:37.000 [notice] Bootstrapped 20% (onehop_create): Estab
[w3:gh:pro] tor: Aug 05 15:09:37.000 [notice] Bootstrapped 25% (requesting_status): Asking for networkstatus consensus
[w3:gh:pro] tor: Aug 05 15:09:43.000 [notice] Bootstrapped 30% (loading_status): Loading networkstatus consensus
[w3:gh:pro] tor: Aug 05 15:09:45.000 [notice] Bootstrapped 40% (loading_keys): Loading authority key certs
[w3:gh:pro] tor: Aug 05 15:09:45.000 [notice] Bootstrapped 45% (requesting_descriptors): Asking for relay descriptors
Aug 05 15:09:45.000 [notice] I learned some more directory 
[w3:gh:pro] tor: Aug 05 15:09:46.000 [notice] Bootstrapped 50% (loading_descriptors): Loading relay descriptors
[w3:gh:pro] heartbeat words=30993 queue=159 rotation=28 idle=8s
[w3:gh:pro] tor: Aug 05 15:09:55.000 [notice] Bootstrapped 55% (loading_descriptors): Loading relay descriptors
[w3:gh:pro] tor: Aug 05 15:09:55.000 [notice] Bootstrapped 61% (loading_descriptors): Loading relay descriptors
[w3:gh:pro] tor: Aug 05 15:09:55.000 [notice] Bootstrapped 67% (loading_descriptors): Loading relay descriptors
[w3:gh:pro] tor: Aug 05 15:09:56.000 [notice] Bootstrapped 75% (enough_dirinfo): Loaded enough directory info to build circuits
[w3:gh:pro] tor: Aug 05 15:09:56.000 [notice] Bootstrapped 90% (ap_handshake_done): Handshake finished with a relay to build circuits
Aug 05 15:09:56.000 [notice] Bootstrapped 9
[w3:gh:pro] tor: Aug 05 15:09:57.000 [notice] Bootstrapped 100% (done): Done
[w3:gh:pro] Tor ready on 19053 exit=192.108.48.150
[w3:gh:pro] Rotating IP (#28, try 1) after No Turnstile token for direct search → tor#29 socks5://127.0.0.1:19053
[w3:gh:pro] Launching persistent Chrome profile /tmp/lll-pw-w3-r28
[w3:gh:pro] Proxy tor#29 socks5://127.0.0.1:19053
[w3:gh:pro] Opening https://lastletterlibrary.com
[w3:gh:pro] Library mode=pro
[w3:gh:pro] Managed Turnstile token (len=816, 6923ms, remount)
[w3:gh:pro] Search mode=direct (skip UI Wait Ns… gate)
[w3:gh:pro] Cleaned 1 old rotated profile(s)
[w3:gh:pro] Browser exit IP=45.84.107.74 (unique)
[w3:gh:pro] Searching "homes" | queue=158 | words=30993
[w3:gh:pro] [api] 200 mode=pro startsWith=homes
[w3:gh:pro] [api] 200 mode=pro startsWith=homes (776ms direct)
[w3:gh:pro] "homes" → 40 records, 40 words (incl. exact "homes")
[w3:gh:pro] "homes" branch complete
[w3:gh:pro] Saved 31,033 worker words
[w3:gh:pro] Searching "homet" | queue=157 | words=31033
[w3:gh:pro] Pacing 15s before "homet" (gap=15500ms)
[w3:gh:pro] Managed Turnstile token (len=816, 5434ms, reset)
[w3:gh:pro] [api] 200 mode=pro startsWith=homet
[w3:gh:pro] [api] 200 mode=pro startsWith=homet (635ms direct)
[w3:gh:pro] "homet" → 2 records, 2 words
[w3:gh:pro] "homet" branch complete
[w3:gh:pro] Saved 31,035 worker words
[w3:gh:pro] Searching "homeu" | queue=156 | words=31035
[w3:gh:pro] Pacing 15s before "homeu" (gap=15500ms)
[w3:gh:pro] Managed Turnstile token (len=816, 4872ms, reset)
[w3:gh:pro] [api] 200 mode=pro startsWith=homeu
[w3:gh:pro] [api] 200 mode=pro startsWith=homeu (653ms direct)
[w3:gh:pro] "homeu" → 0 records, 0 words
[w3:gh:pro] "homeu" branch complete
[w3:gh:pro] Saved 31,035 worker words
[w3:gh:pro] Searching "homev" | queue=155 | words=31035
[w3:gh:pro] Pacing 15s before "homev" (gap=15500ms)
[w3:gh:pro] Managed Turnstile token (len=816, 5521ms, reset)
[w3:gh:pro] heartbeat words=31035 queue=155 rotation=28 idle=0s
[w3:gh:pro] [api] 200 mode=pro startsWith=homev
[w3:gh:pro] [api] 200 mode=pro startsWith=homev (714ms direct)
[w3:gh:pro] "homev" → 0 records, 0 words
[w3:gh:pro] "homev" branch complete
[w3:gh:pro] Saved 31,035 worker words; shared last.txt now 349,514
[w3:gh:pro] Searching "homew" | queue=154 | words=31035
[w3:gh:pro] Pacing 14s before "homew" (gap=15500ms)
[w3:gh:pro] Site Turnstile remint timed out (22633ms)
[w3:gh:pro] Managed Turnstile token (len=816, 8201ms, remount)
[w3:gh:pro] [api] 200 mode=pro startsWith=homew
[w3:gh:pro] [api] 200 mode=pro startsWith=homew (690ms direct)
[w3:gh:pro] "homew" → 14 records, 14 words
[w3:gh:pro] "homew" branch complete
[w3:gh:pro] Saved 31,049 worker words
[w3:gh:pro] Searching "homex" | queue=153 | words=31049
[w3:gh:pro] Pacing 15s before "homex" (gap=15500ms)
[w3:gh:pro] Managed Turnstile token (len=816, 10066ms, reset)
[w3:gh:pro] [api] 200 mode=pro startsWith=homex
[w3:gh:pro] [api] 200 mode=pro startsWith=homex (651ms direct)
[w3:gh:pro] "homex" → 0 records, 0 words
[w3:gh:pro] "homex" branch complete
[w3:gh:pro] Saved 31,049 worker words
[w3:gh:pro] Searching "homey" | queue=152 | words=31049
[w3:gh:pro] Pacing 15s before "homey" (gap=15500ms)
[w3:gh:pro] heartbeat words=31049 queue=152 rotation=28 idle=3s
[w3:gh:pro] Managed Turnstile token (len=816, 14711ms, reset)
[w3:gh:pro] [api] 200 mode=pro startsWith=homey
[w3:gh:pro] [api] 200 mode=pro startsWith=homey (810ms direct)
[w3:gh:pro] "homey" → 4 records, 4 words (incl. exact "homey")
[w3:gh:pro] "homey" branch complete
[w3:gh:pro] Saved 31,053 worker words
[w3:gh:pro] Searching "homez" | queue=151 | words=31053
[w3:gh:pro] Pacing 14s before "homez" (gap=15500ms)
[w3:gh:pro] Managed Turnstile token (len=816, 15408ms, reset)
[w3:gh:pro] [api] 200 mode=pro startsWith=homez
[w3:gh:pro] [api] 200 mode=pro startsWith=homez (644ms direct)
[w3:gh:pro] "homez" → 0 records, 0 words
[w3:gh:pro] "homez" branch complete
[w3:gh:pro] Saved 31,053 worker words
[w3:gh:pro] Searching "homoe" | queue=150 | words=31053
[w3:gh:pro] Pacing 15s before "homoe" (gap=15500ms)
[w3:gh:pro] Managed Turnstile token (len=816, 13338ms, reset)
[w3:gh:pro] [api] 200 mode=pro startsWith=homoe
[w3:gh:pro] [api] 200 mode=pro startsWith=homoe (722ms direct)
[w3:gh:pro] "homoe" → 80 records, 80 words
[w3:gh:pro] "homoe" branch complete
[w3:gh:pro] Saved 31,117 worker words
[w3:gh:pro] Searching "homof" | queue=149 | words=31117
[w3:gh:pro] Pacing 15s before "homof" (gap=15500ms)
[w3:gh:pro] heartbeat words=31117 queue=149 rotation=28 idle=15s
[w3:gh:pro] Managed Turnstile token (len=816, 16440ms, reset)
[w3:gh:pro] [api] 200 mode=pro startsWith=homof
[w3:gh:pro] [api] 200 mode=pro startsWith=homof (645ms direct)
[w3:gh:pro] "homof" → 1 records, 1 words
[w3:gh:pro] "homof" branch complete
[w3:gh:pro] Saved 31,118 worker words
[w3:gh:pro] Searching "homog" | queue=148 | words=31118
[w3:gh:pro] Pacing 15s before "homog" (gap=15500ms)
[w3:gh:pro] Managed Turnstile token (len=816, 18136ms, reset)
[w3:gh:pro] [api] 200 mode=pro startsWith=homog
[w3:gh:pro] [api] 200 mode=pro startsWith=homog (1062ms direct)
[w3:gh:pro] "homog" → 62 records, 62 words
[w3:gh:pro] "homog" branch complete
[w3:gh:pro] Saved 31,180 worker words
[w3:gh:pro] Searching "homoh" | queue=147 | words=31180
[w3:gh:pro] Pacing 14s before "homoh" (gap=15500ms)
[w3:gh:pro] Managed Turnstile token (len=816, 16316ms, reset)
[w3:gh:pro] [api] 200 mode=pro startsWith=homoh
[w3:gh:pro] [api] 200 mode=pro startsWith=homoh (469ms direct)
[w3:gh:pro] "homoh" → 1 records, 1 words
[w3:gh:pro] "homoh" branch complete
[w3:gh:pro] Saved 31,181 worker words; shared last.txt now 349,737
[w3:gh:pro] Searching "homoi" | queue=146 | words=31181
[w3:gh:pro] Pacing 12s before "homoi" (gap=15500ms)
[w3:gh:pro] Managed Turnstile token (len=816, 14881ms, remount)
[w3:gh:pro] [api] 200 mode=pro startsWith=homoi
[w3:gh:pro] [api] 200 mode=pro startsWith=homoi (426ms direct)
[w3:gh:pro] "homoi" → 18 records, 18 words
[w3:gh:pro] "homoi" branch complete
[w3:gh:pro] Saved 31,199 worker words
[w3:gh:pro] Searching "homoj" | queue=145 | words=31199
[w3:gh:pro] Pacing 15s before "homoj" (gap=15500ms)
[w3:gh:pro] heartbeat words=31199 queue=145 rotation=28 idle=5s
[w3:gh:pro] Managed Turnstile token (len=816, 13517ms, reset)
[w3:gh:pro] [api] 200 mode=pro startsWith=homoj
[w3:gh:pro] [api] 200 mode=pro startsWith=homoj (437ms direct)
[w3:gh:pro] "homoj" → 0 records, 0 words
[w3:gh:pro] "homoj" branch complete
[w3:gh:pro] Saved 31,199 worker words
[w3:gh:pro] Searching "homok" | queue=144 | words=31199
[w3:gh:pro] Pacing 15s before "homok" (gap=15500ms)
[w3:gh:pro] Turnstile token present (len=816)
[w3:gh:pro] Site Turnstile token (19140ms)
[w3:gh:pro] [api] 200 mode=pro startsWith=homok
[w3:gh:pro] [api] 200 mode=pro startsWith=homok (429ms direct)
[w3:gh:pro] "homok" → 0 records, 0 words
[w3:gh:pro] "homok" branch complete
[w3:gh:pro] Saved 31,199 worker words
[w3:gh:pro] Searching "homol" | queue=143 | words=31199
[w3:gh:pro] Pacing 15s before "homol" (gap=15500ms)
[w3:gh:pro] Managed Turnstile token (len=816, 4273ms, remount)
[w3:gh:pro] [api] 200 mode=pro startsWith=homol
[w3:gh:pro] [api] 200 mode=pro startsWith=homol (544ms direct)
[w3:gh:pro] "homol" → 43 records, 43 words
[w3:gh:pro] "homol" branch complete
[w3:gh:pro] Saved 31,242 worker words
[w3:gh:pro] Searching "homom" | queue=142 | words=31242
[w3:gh:pro] Pacing 15s before "homom" (gap=15500ms)
[w3:gh:pro] Managed Turnstile token (len=816, 3236ms, reset)
[w3:gh:pro] heartbeat words=31242 queue=142 rotation=28 idle=12s
[w3:gh:pro] [api] 200 mode=pro startsWith=homom
[w3:gh:pro] [api] 200 mode=pro startsWith=homom (392ms direct)
[w3:gh:pro] "homom" → 16 records, 16 words
[w3:gh:pro] "homom" branch complete
[w3:gh:pro] Saved 31,258 worker words
[w3:gh:pro] Searching "homon" | queue=141 | words=31258
[w3:gh:pro] Pacing 16s before "homon" (gap=15500ms)
[w3:gh:pro] Managed Turnstile token (len=816, 3438ms, reset)
[w3:gh:pro] [api] 200 mode=pro startsWith=homon
[w3:gh:pro] [api] 200 mode=pro startsWith=homon (404ms direct)
[w3:gh:pro] "homon" → 14 records, 14 words
[w3:gh:pro] "homon" branch complete
[w3:gh:pro] Saved 31,272 worker words
[w3:gh:pro] Searching "homoo" | queue=140 | words=31272
[w3:gh:pro] Pacing 16s before "homoo" (gap=15500ms)
[w3:gh:pro] Turnstile token present (len=837)
[w3:gh:pro] Site Turnstile token (19525ms)
[w3:gh:pro] [api] 200 mode=pro startsWith=homoo
[w3:gh:pro] [api] 200 mode=pro startsWith=homoo (406ms direct)
[w3:gh:pro] "homoo" → 9 records, 9 words
[w3:gh:pro] "homoo" branch complete
[w3:gh:pro] Saved 31,281 worker words
[w3:gh:pro] Searching "homop" | queue=139 | words=31281
[w3:gh:pro] Pacing 16s before "homop" (gap=15500ms)
[w3:gh:pro] Managed Turnstile token (len=816, 3888ms, remount)
[w3:gh:pro] [api] 200 mode=pro startsWith=homop
[w3:gh:pro] [api] 200 mode=pro startsWith=homop (438ms direct)
[w3:gh:pro] "homop" → 59 records, 59 words
[w3:gh:pro] "homop" branch complete
[w3:gh:pro] Saved 31,340 worker words; shared last.txt now 350,357
[w3:gh:pro] Searching "homoq" | queue=138 | words=31340
[w3:gh:pro] Pacing 15s before "homoq" (gap=15500ms)
[w3:gh:pro] Managed Turnstile token (len=816, 4262ms, reset)
[w3:gh:pro] heartbeat words=31340 queue=138 rotation=28 idle=4s
[w3:gh:pro] [api] 200 mode=pro startsWith=homoq
[w3:gh:pro] [api] 200 mode=pro startsWith=homoq (490ms direct)
[w3:gh:pro] "homoq" → 0 records, 0 words
[w3:gh:pro] "homoq" branch complete
[w3:gh:pro] Saved 31,340 worker words
[w3:gh:pro] Searching "homor" | queue=137 | words=31340
[w3:gh:pro] Pacing 15s before "homor" (gap=15500ms)
[w3:gh:pro] Managed Turnstile token (len=816, 3686ms, reset)
[w3:gh:pro] [api] 200 mode=pro startsWith=homor
[w3:gh:pro] [api] 200 mode=pro startsWith=homor (1207ms direct)
[w3:gh:pro] "homor" → 2 records, 2 words
[w3:gh:pro] "homor" branch complete
[w3:gh:pro] Saved 31,341 worker words
[w3:gh:pro] Searching "homoz" | queue=136 | words=31341
[w3:gh:pro] Pacing 15s before "homoz" (gap=15500ms)
[w3:gh:pro] Managed Turnstile token (len=816, 4611ms, reset)
[w3:gh:pro] [api] 429 mode=pro startsWith=homoz
[w3:gh:pro] [api] 429 mode=pro startsWith=homoz (419ms direct)
[w3:gh:pro] Learned server gap ≈ 15500ms (wait hint 2000ms)
[w3:gh:pro] Rate limited — inline wait 2000ms then retry "homoz"
[w3:gh:pro] Managed Turnstile token (len=816, 4253ms, reset)
[w3:gh:pro] [api] 200 mode=pro startsWith=homoz
[w3:gh:pro] [api] 200 mode=pro startsWith=homoz (429ms direct)
[w3:gh:pro] "homoz" → 10 records, 10 words
[w3:gh:pro] "homoz" branch complete
[w3:gh:pro] Saved 31,341 worker words
[w3:gh:pro] Searching "horny" | queue=135 | words=31341
[w3:gh:pro] Pacing 16s before "horny" (gap=15500ms)
[w3:gh:pro] Managed Turnstile token (len=816, 3586ms, reset)
[w3:gh:pro] [api] 200 mode=pro startsWith=horny
[w3:gh:pro] [api] 200 mode=pro startsWith=horny (489ms direct)
[w3:gh:pro] "horny" → 6 records, 6 words (incl. exact "horny")
[w3:gh:pro] "horny" branch complete
[w3:gh:pro] Saved 31,341 worker words
[w3:gh:pro] Searching "hornz" | queue=134 | words=31341
[w3:gh:pro] Pacing 15s before "hornz" (gap=15500ms)
[w3:gh:pro] heartbeat words=31341 queue=134 rotation=28 idle=2s
[w3:gh:pro] Site Turnstile remint timed out (22356ms)
[w3:gh:pro] Managed Turnstile token (len=816, 4852ms, remount)
[w3:gh:pro] [api] 200 mode=pro startsWith=hornz
[w3:gh:pro] [api] 200 mode=pro startsWith=hornz (536ms direct)
[w3:gh:pro] "hornz" → 0 records, 0 words
[w3:gh:pro] "hornz" branch complete
[w3:gh:pro] Saved 31,341 worker words
[w3:gh:pro] Searching "horse" | queue=133 | words=31341
[w3:gh:pro] Pacing 15s before "horse" (gap=15500ms)
[w3:gh:pro] Managed Turnstile token (len=816, 5899ms, reset)
[w3:gh:pro] [api] 200 mode=pro startsWith=horse
[w3:gh:pro] [api] 200 mode=pro startsWith=horse (453ms direct)
[w3:gh:pro] "horse" → 100 records, 100 words (incl. exact "horse")
[w3:gh:pro] Pacing 16s before "horse" (gap=15500ms)
[w3:gh:pro] Managed Turnstile token (len=816, 5483ms, reset)
[w3:gh:pro] [api] 200 mode=pro startsWith=horse
[w3:gh:pro] [api] 200 mode=pro startsWith=horse sort=alphabetical:desc (482ms direct)
[w3:gh:pro] "horse" full page ends at "horseshoeing" (next='s'); skip 26 covered groups → 2 children reverse Z→A ends at "horsefettler" (lo='f' hi='y'); skip 18 middle + 0 new words
[w3:gh:pro] Saved 31,341 worker words
[w3:gh:pro] Searching "horsy" | queue=134 | words=31341
[w3:gh:pro] Pacing 15s before "horsy" (gap=15500ms)
[w3:gh:pro] heartbeat words=31341 queue=134 rotation=28 idle=3s
[w3:gh:pro] Managed Turnstile token (len=816, 4898ms, reset)
[w3:gh:pro] [api] 200 mode=pro startsWith=horsy
[w3:gh:pro] [api] 200 mode=pro startsWith=horsy (517ms direct)
[w3:gh:pro] "horsy" → 2 records, 2 words (incl. exact "horsy")
[w3:gh:pro] "horsy" branch complete
[w3:gh:pro] Saved 31,341 worker words
[w3:gh:pro] Searching "horsz" | queue=133 | words=31341
[w3:gh:pro] Pacing 15s before "horsz" (gap=15500ms)
[w3:gh:pro] Managed Turnstile token (len=816, 11083ms, reset)
[w3:gh:pro] [api] 200 mode=pro startsWith=horsz
[w3:gh:pro] [api] 200 mode=pro startsWith=horsz (433ms direct)
[w3:gh:pro] "horsz" → 0 records, 0 words
[w3:gh:pro] "horsz" branch complete
[w3:gh:pro] Saved 31,341 worker words; shared last.txt now 350,555
[w3:gh:pro] Searching "house" | queue=132 | words=31341
[w3:gh:pro] Pacing 15s before "house" (gap=15500ms)
[w3:gh:pro] Managed Turnstile token (len=816, 6470ms, reset)
[w3:gh:pro] [api] 200 mode=pro startsWith=house
[w3:gh:pro] [api] 200 mode=pro startsWith=house (447ms direct)
[w3:gh:pro] "house" → 100 records, 100 words (incl. exact "house")
[w3:gh:pro] Pacing 15s before "house" (gap=15500ms)
[w3:gh:pro] Managed Turnstile token (len=816, 11566ms, reset)
[w3:gh:pro] [api] 200 mode=pro startsWith=house
[w3:gh:pro] [api] 200 mode=pro startsWith=house sort=alphabetical:desc (485ms direct)
[w3:gh:pro] "house" full page ends at "housemating" (next='m'); skip 26 covered groups → 2 children reverse Z→A ends at "housekeeping" (lo='k' hi='y'); skip 13 middle + 0 new words
[w3:gh:pro] Saved 31,341 worker words
[w3:gh:pro] Searching "housy" | queue=133 | words=31341
[w3:gh:pro] Pacing 15s before "housy" (gap=15500ms)
[w3:gh:pro] heartbeat words=31341 queue=133 rotation=28 idle=1s
[w3:gh:pro] Managed Turnstile token (len=816, 4263ms, reset)
[w3:gh:pro] [api] 200 mode=pro startsWith=housy
[w3:gh:pro] [api] 200 mode=pro startsWith=housy (707ms direct)
[w3:gh:pro] "housy" → 1 records, 1 words (incl. exact "housy")
[w3:gh:pro] "housy" branch complete
[w3:gh:pro] Saved 31,341 worker words
[w3:gh:pro] Searching "housz" | queue=132 | words=31341
[w3:gh:pro] Pacing 15s before "housz" (gap=15500ms)
[w3:gh:pro] Managed Turnstile token (len=816, 3638ms, remount)
[w3:gh:pro] [api] 200 mode=pro startsWith=housz
[w3:gh:pro] [api] 200 mode=pro startsWith=housz (481ms direct)
[w3:gh:pro] "housz" → 0 records, 0 words
[w3:gh:pro] "housz" branch complete
[w3:gh:pro] Saved 31,341 worker words
[w3:gh:pro] Searching "hydra" | queue=131 | words=31341
[w3:gh:pro] Pacing 15s before "hydra" (gap=15500ms)
[w3:gh:pro] Managed Turnstile token (len=816, 7418ms, reset)
[w3:gh:pro] [api] 200 mode=pro startsWith=hydra
[w3:gh:pro] [api] 200 mode=pro startsWith=hydra (494ms direct)
[w3:gh:pro] "hydra" → 100 records, 100 words (incl. exact "hydra")
[w3:gh:pro] Pacing 15s before "hydra" (gap=15500ms)
[w3:gh:pro] Managed Turnstile token (len=816, 4563ms, reset)
[w3:gh:pro] heartbeat words=31341 queue=131 rotation=28 idle=10s
[w3:gh:pro] [api] 200 mode=pro startsWith=hydra
[w3:gh:pro] [api] 200 mode=pro startsWith=hydra sort=alphabetical:desc (572ms direct)
[w3:gh:pro] "hydra" full page ends at "hydrazo" (next='z'); skip 27 covered groups → 1 children reverse Z→A ends at "hydrachnidae" (lo='c' hi='z'); skip 22 middle + 5 new words
[w3:gh:pro] Saved 31,346 worker words
[w3:gh:pro] Searching "hydrb" | queue=131 | words=31346
[w3:gh:pro] Pacing 15s before "hydrb" (gap=15500ms)
[w3:gh:pro] Managed Turnstile token (len=816, 4572ms, reset)
[w3:gh:pro] [api] 200 mode=pro startsWith=hydrb
[w3:gh:pro] [api] 200 mode=pro startsWith=hydrb (421ms direct)
[w3:gh:pro] "hydrb" → 0 records, 0 words
[w3:gh:pro] "hydrb" branch complete
[w3:gh:pro] Saved 31,346 worker words
[w3:gh:pro] Searching "hydrc" | queue=130 | words=31346
[w3:gh:pro] Pacing 16s before "hydrc" (gap=15500ms)
[w3:gh:pro] Managed Turnstile token (len=816, 4927ms, reset)
[w3:gh:pro] [api] 200 mode=pro startsWith=hydrc
[w3:gh:pro] [api] 200 mode=pro startsWith=hydrc (433ms direct)
[w3:gh:pro] "hydrc" → 0 records, 0 words
[w3:gh:pro] "hydrc" branch complete
[w3:gh:pro] Saved 31,346 worker words
[w3:gh:pro] Searching "hydrd" | queue=129 | words=31346
[w3:gh:pro] Pacing 15s before "hydrd" (gap=15500ms)
[w3:gh:pro] Managed Turnstile token (len=816, 4151ms, reset)
[w3:gh:pro] [api] 200 mode=pro startsWith=hydrd
[w3:gh:pro] [api] 200 mode=pro startsWith=hydrd (617ms direct)
[w3:gh:pro] "hydrd" → 0 records, 0 words
[w3:gh:pro] "hydrd" branch complete
[w3:gh:pro] Saved 31,346 worker words
[w3:gh:pro] Searching "hydre" | queue=128 | words=31346
[w3:gh:pro] Pacing 15s before "hydre" (gap=15500ms)
[w3:gh:pro] Managed Turnstile token (len=816, 5137ms, reset)
[w3:gh:pro] heartbeat words=31346 queue=128 rotation=28 idle=7s
[w3:gh:pro] [api] 200 mode=pro startsWith=hydre
[w3:gh:pro] [api] 200 mode=pro startsWith=hydre (575ms direct)
[w3:gh:pro] "hydre" → 6 records, 6 words
[w3:gh:pro] "hydre" branch complete
[w3:gh:pro] Saved 31,352 worker words; shared last.txt now 350,762
[w3:gh:pro] Searching "hydrf" | queue=127 | words=31352
[w3:gh:pro] Pacing 15s before "hydrf" (gap=15500ms)
[w3:gh:pro] Managed Turnstile token (len=816, 4309ms, reset)
[w3:gh:pro] [api] 200 mode=pro startsWith=hydrf
[w3:gh:pro] [api] 200 mode=pro startsWith=hydrf (662ms direct)
[w3:gh:pro] "hydrf" → 0 records, 0 words
[w3:gh:pro] "hydrf" branch complete
[w3:gh:pro] Saved 31,352 worker words
[w3:gh:pro] Searching "hydrg" | queue=126 | words=31352
[w3:gh:pro] Pacing 15s before "hydrg" (gap=15500ms)
[w3:gh:pro] Managed Turnstile token (len=816, 3939ms, remount)
[w3:gh:pro] [api] 200 mode=pro startsWith=hydrg
[w3:gh:pro] [api] 200 mode=pro startsWith=hydrg (516ms direct)
[w3:gh:pro] "hydrg" → 0 records, 0 words
[w3:gh:pro] "hydrg" branch complete
[w3:gh:pro] Saved 31,352 worker words
[w3:gh:pro] Searching "hydrh" | queue=125 | words=31352
[w3:gh:pro] Pacing 15s before "hydrh" (gap=15500ms)
[w3:gh:pro] Managed Turnstile token (len=816, 9528ms, reset)
[w3:gh:pro] [api] 200 mode=pro startsWith=hydrh
[w3:gh:pro] [api] 200 mode=pro startsWith=hydrh (470ms direct)
[w3:gh:pro] "hydrh" → 0 records, 0 words
[w3:gh:pro] "hydrh" branch complete
[w3:gh:pro] Saved 31,352 worker words
[w3:gh:pro] Searching "hydri" | queue=124 | words=31352
[w3:gh:pro] Pacing 16s before "hydri" (gap=15500ms)
[w3:gh:pro] Managed Turnstile token (len=816, 4191ms, reset)
[w3:gh:pro] heartbeat words=31352 queue=124 rotation=28 idle=6s
[w3:gh:pro] [api] 200 mode=pro startsWith=hydri
[w3:gh:pro] [api] 200 mode=pro startsWith=hydri (488ms direct)
[w3:gh:pro] "hydri" → 22 records, 22 words
[w3:gh:pro] "hydri" branch complete
[w3:gh:pro] Saved 31,374 worker words
[w3:gh:pro] Searching "hydrj" | queue=123 | words=31374
[w3:gh:pro] Pacing 15s before "hydrj" (gap=15500ms)
[w3:gh:pro] Managed Turnstile token (len=816, 12273ms, reset)
[w3:gh:pro] [api] 200 mode=pro startsWith=hydrj
[w3:gh:pro] [api] 200 mode=pro startsWith=hydrj (467ms direct)
[w3:gh:pro] "hydrj" → 0 records, 0 words
[w3:gh:pro] "hydrj" branch complete
[w3:gh:pro] Saved 31,374 worker words
[w3:gh:pro] Searching "hydrk" | queue=122 | words=31374
[w3:gh:pro] Pacing 15s before "hydrk" (gap=15500ms)
[w3:gh:pro] Managed Turnstile token (len=816, 5272ms, reset)
[w3:gh:pro] [api] 200 mode=pro startsWith=hydrk
[w3:gh:pro] [api] 200 mode=pro startsWith=hydrk (486ms direct)
[w3:gh:pro] "hydrk" → 0 records, 0 words
[w3:gh:pro] "hydrk" branch complete
[w3:gh:pro] Saved 31,374 worker words
[w3:gh:pro] Searching "hydrl" | queue=121 | words=31374
[w3:gh:pro] Pacing 15s before "hydrl" (gap=15500ms)
[w3:gh:pro] Turnstile token present (len=837)
[w3:gh:pro] Site Turnstile token (20692ms)
[w3:gh:pro] [api] 200 mode=pro startsWith=hydrl
[w3:gh:pro] [api] 200 mode=pro startsWith=hydrl (543ms direct)
[w3:gh:pro] "hydrl" → 0 records, 0 words
[w3:gh:pro] "hydrl" branch complete
[w3:gh:pro] Saved 31,374 worker words
[w3:gh:pro] Searching "hydrm" | queue=120 | words=31374
[w3:gh:pro] Pacing 15s before "hydrm" (gap=15500ms)
[w3:gh:pro] heartbeat words=31374 queue=120 rotation=28 idle=2s
[w3:gh:pro] Managed Turnstile token (len=816, 5334ms, remount)
[w3:gh:pro] [api] 200 mode=pro startsWith=hydrm
[w3:gh:pro] [api] 200 mode=pro startsWith=hydrm (503ms direct)
[w3:gh:pro] "hydrm" → 0 records, 0 words
[w3:gh:pro] "hydrm" branch complete
[w3:gh:pro] Saved 31,374 worker words; shared last.txt now 350,856
[w3:gh:pro] Searching "hydrn" | queue=119 | words=31374
[w3:gh:pro] Pacing 15s before "hydrn" (gap=15500ms)
[w3:gh:pro] Managed Turnstile token (len=816, 4246ms, reset)
[w3:gh:pro] [api] 200 mode=pro startsWith=hydrn
[w3:gh:pro] [api] 200 mode=pro startsWith=hydrn (441ms direct)
[w3:gh:pro] "hydrn" → 0 records, 0 words
[w3:gh:pro] "hydrn" branch complete
[w3:gh:pro] Saved 31,374 worker words
[w3:gh:pro] Searching "hydro" | queue=118 | words=31374
[w3:gh:pro] Pacing 16s before "hydro" (gap=15500ms)
[w3:gh:pro] Managed Turnstile token (len=816, 4239ms, reset)
[w3:gh:pro] [api] 200 mode=pro startsWith=hydro
[w3:gh:pro] [api] 200 mode=pro startsWith=hydro (543ms direct)
[w3:gh:pro] "hydro" → 100 records, 100 words (incl. exact "hydro")
[w3:gh:pro] Pacing 15s before "hydro" (gap=15500ms)
[w3:gh:pro] Managed Turnstile token (len=816, 5401ms, reset)
[w3:gh:pro] [api] 200 mode=pro startsWith=hydro
[w3:gh:pro] [api] 200 mode=pro startsWith=hydro sort=alphabetical:desc (472ms direct)
[w3:gh:pro] "hydro" full page ends at "hydrochoerus" (next='c'); skip 5 covered groups → 23 children reverse Z→A ends at "hydroxyapophyllite" (lo='x' hi='z'); skip 1 middle + 5 new words
[w3:gh:pro] Saved 31,479 worker words
[w3:gh:pro] Searching "hydru" | queue=140 | words=31479
[w3:gh:pro] Pacing 15s before "hydru" (gap=15500ms)
[w3:gh:pro] heartbeat words=31479 queue=140 rotation=28 idle=0s
[w3:gh:pro] Managed Turnstile token (len=816, 10816ms, reset)
[w3:gh:pro] [api] 200 mode=pro startsWith=hydru
[w3:gh:pro] [api] 200 mode=pro startsWith=hydru (461ms direct)
[w3:gh:pro] "hydru" → 5 records, 5 words
[w3:gh:pro] "hydru" branch complete
[w3:gh:pro] Saved 31,479 worker words
[w3:gh:pro] Searching "hydrv" | queue=139 | words=31479
[w3:gh:pro] Pacing 15s before "hydrv" (gap=15500ms)
[w3:gh:pro] Managed Turnstile token (len=816, 12710ms, reset)
[w3:gh:pro] [api] 200 mode=pro startsWith=hydrv
[w3:gh:pro] [api] 200 mode=pro startsWith=hydrv (490ms direct)
[w3:gh:pro] "hydrv" → 0 records, 0 words
[w3:gh:pro] "hydrv" branch complete
[w3:gh:pro] Saved 31,479 worker words
[w3:gh:pro] Searching "hydrw" | queue=138 | words=31479
[w3:gh:pro] Pacing 15s before "hydrw" (gap=15500ms)
[w3:gh:pro] Managed Turnstile token (len=816, 13270ms, reset)
[w3:gh:pro] [api] 200 mode=pro startsWith=hydrw
[w3:gh:pro] [api] 200 mode=pro startsWith=hydrw (632ms direct)
[w3:gh:pro] "hydrw" → 0 records, 0 words
[w3:gh:pro] "hydrw" branch complete
[w3:gh:pro] Saved 31,479 worker words
[w3:gh:pro] Searching "hydrx" | queue=137 | words=31479
[w3:gh:pro] Pacing 15s before "hydrx" (gap=15500ms)
[w3:gh:pro] heartbeat words=31479 queue=137 rotation=28 idle=13s
[w3:gh:pro] Site Turnstile remint timed out (26065ms)
[w3:gh:pro] Turnstile token present (len=816)
[w3:gh:pro] Site Turnstile token (20029ms)
[w3:gh:pro] [api] 200 mode=pro startsWith=hydrx
[w3:gh:pro] [api] 200 mode=pro startsWith=hydrx (460ms direct)
[w3:gh:pro] "hydrx" → 0 records, 0 words
[w3:gh:pro] "hydrx" branch complete
[w3:gh:pro] Saved 31,479 worker words
[w3:gh:pro] Searching "hydry" | queue=136 | words=31479
[w3:gh:pro] Pacing 15s before "hydry" (gap=15500ms)
[w3:gh:pro] Site Turnstile remint timed out (22386ms)
[w3:gh:pro] heartbeat words=31479 queue=136 rotation=28 idle=5s
[w3:gh:pro] Managed Turnstile token (len=816, 4763ms, remount)
[w3:gh:pro] [api] 200 mode=pro startsWith=hydry
[w3:gh:pro] [api] 200 mode=pro startsWith=hydry (448ms direct)
[w3:gh:pro] "hydry" → 0 records, 0 words
[w3:gh:pro] "hydry" branch complete
[w3:gh:pro] Saved 31,479 worker words
[w3:gh:pro] Searching "hydrz" | queue=135 | words=31479
[w3:gh:pro] Pacing 15s before "hydrz" (gap=15500ms)
[w3:gh:pro] Managed Turnstile token (len=816, 5670ms, reset)
[w3:gh:pro] [api] 200 mode=pro startsWith=hydrz
[w3:gh:pro] [api] 200 mode=pro startsWith=hydrz (444ms direct)
[w3:gh:pro] "hydrz" → 0 records, 0 words
[w3:gh:pro] "hydrz" branch complete
[w3:gh:pro] Saved 31,479 worker words; shared last.txt now 351,758
[w3:gh:pro] Searching "hyper" | queue=134 | words=31479
[w3:gh:pro] Pacing 15s before "hyper" (gap=15500ms)
[w3:gh:pro] Managed Turnstile token (len=816, 4833ms, reset)
[w3:gh:pro] [api] 200 mode=pro startsWith=hyper
[w3:gh:pro] [api] 200 mode=pro startsWith=hyper (586ms direct)
[w3:gh:pro] "hyper" → 100 records, 100 words (incl. exact "hyper")
[w3:gh:pro] Pacing 15s before "hyper" (gap=15500ms)
[w3:gh:pro] Managed Turnstile token (len=816, 4997ms, reset)
[w3:gh:pro] [api] 200 mode=pro startsWith=hyper
[w3:gh:pro] [api] 200 mode=pro startsWith=hyper sort=alphabetical:desc (436ms direct)
[w3:gh:pro] "hyper" full page ends at "hyperapophyseal" (next='a'); skip 4 covered groups → 24 children reverse Z→A ends at "hyperterrestrial" (lo='t' hi='w'); skip 2 middle + 7 new words
[w3:gh:pro] Saved 31,490 worker words
[w3:gh:pro] Searching "hypet" | queue=157 | words=31490
[w3:gh:pro] Pacing 15s before "hypet" (gap=15500ms)
[w3:gh:pro] Managed Turnstile token (len=816, 4634ms, reset)
[w3:gh:pro] heartbeat words=31490 queue=157 rotation=28 idle=8s
[w3:gh:pro] [api] 200 mode=pro startsWith=hypet
[w3:gh:pro] [api] 200 mode=pro startsWith=hypet (452ms direct)
[w3:gh:pro] "hypet" → 1 records, 1 words
[w3:gh:pro] "hypet" branch complete
[w3:gh:pro] Saved 31,490 worker words
[w3:gh:pro] Searching "hypeu" | queue=156 | words=31490
[w3:gh:pro] Pacing 15s before "hypeu" (gap=15500ms)
[w3:gh:pro] Managed Turnstile token (len=816, 5183ms, reset)
[w3:gh:pro] [api] 200 mode=pro startsWith=hypeu
[w3:gh:pro] [api] 200 mode=pro startsWith=hypeu (459ms direct)
[w3:gh:pro] "hypeu" → 0 records, 0 words
[w3:gh:pro] "hypeu" branch complete
[w3:gh:pro] Saved 31,490 worker words
[w3:gh:pro] Searching "hypev" | queue=155 | words=31490
[w3:gh:pro] Pacing 15s before "hypev" (gap=15500ms)
[w3:gh:pro] Managed Turnstile token (len=816, 5394ms, reset)
[w3:gh:pro] [api] 200 mode=pro startsWith=hypev
[w3:gh:pro] [api] 200 mode=pro startsWith=hypev (535ms direct)
[w3:gh:pro] "hypev" → 0 records, 0 words
[w3:gh:pro] "hypev" branch complete
[w3:gh:pro] Saved 31,490 worker words
[w3:gh:pro] Searching "hypew" | queue=154 | words=31490
[w3:gh:pro] Pacing 15s before "hypew" (gap=15500ms)
[w3:gh:pro] Managed Turnstile token (len=816, 6591ms, reset)
[w3:gh:pro] [api] 200 mode=pro startsWith=hypew
[w3:gh:pro] [api] 200 mode=pro startsWith=hypew (476ms direct)
[w3:gh:pro] "hypew" → 0 records, 0 words
[w3:gh:pro] "hypew" branch complete
[w3:gh:pro] Saved 31,490 worker words
[w3:gh:pro] Searching "hypex" | queue=153 | words=31490
[w3:gh:pro] Pacing 15s before "hypex" (gap=15500ms)
[w3:gh:pro] Managed Turnstile token (len=816, 7413ms, remount)
[w3:gh:pro] heartbeat words=31490 queue=153 rotation=28 idle=3s
[w3:gh:pro] [api] 200 mode=pro startsWith=hypex
[w3:gh:pro] [api] 200 mode=pro startsWith=hypex (452ms direct)
[w3:gh:pro] "hypex" → 0 records, 0 words
[w3:gh:pro] "hypex" branch complete
[w3:gh:pro] Saved 31,490 worker words
[w3:gh:pro] Searching "hypey" | queue=152 | words=31490
[w3:gh:pro] Pacing 15s before "hypey" (gap=15500ms)
[w3:gh:pro] Managed Turnstile token (len=816, 5864ms, reset)
[w3:gh:pro] [api] 200 mode=pro startsWith=hypey
[w3:gh:pro] [api] 200 mode=pro startsWith=hypey (610ms direct)
[w3:gh:pro] "hypey" → 0 records, 0 words
[w3:gh:pro] "hypey" branch complete
[w3:gh:pro] Saved 31,490 worker words
[w3:gh:pro] Searching "hypez" | queue=151 | words=31490
[w3:gh:pro] Pacing 15s before "hypez" (gap=15500ms)
[w3:gh:pro] Site Turnstile remint timed out (24435ms)
[w3:gh:pro] heartbeat words=31490 queue=151 rotation=28 idle=15s
[w3:gh:pro] Site Turnstile remint timed out (24001ms)
[w3:gh:pro] Site Turnstile remint timed out (22455ms)
[w3:gh:pro] Managed Turnstile token (len=816, 15722ms, remount)
[w3:gh:pro] [api] 200 mode=pro startsWith=hypez
[w3:gh:pro] [api] 200 mode=pro startsWith=hypez (499ms direct)
[w3:gh:pro] "hypez" → 0 records, 0 words
[w3:gh:pro] "hypez" branch complete
[w3:gh:pro] Saved 31,490 worker words; shared last.txt now 352,096
[w3:gh:pro] Searching "hypnu" | queue=150 | words=31490
[w3:gh:pro] Pacing 15s before "hypnu" (gap=15500ms)
[w3:gh:pro] Managed Turnstile token (len=816, 3534ms, reset)
[w3:gh:pro] heartbeat words=31490 queue=150 rotation=28 idle=9s
[w3:gh:pro] [api] 200 mode=pro startsWith=hypnu
[w3:gh:pro] [api] 200 mode=pro startsWith=hypnu (437ms direct)
[w3:gh:pro] "hypnu" → 2 records, 2 words
[w3:gh:pro] "hypnu" branch complete
[w3:gh:pro] Saved 31,490 worker words
[w3:gh:pro] Searching "hypnv" | queue=149 | words=31490
[w3:gh:pro] Pacing 16s before "hypnv" (gap=15500ms)
[w3:gh:pro] Managed Turnstile token (len=816, 4518ms, reset)
[w3:gh:pro] [api] 200 mode=pro startsWith=hypnv
[w3:gh:pro] [api] 200 mode=pro startsWith=hypnv (477ms direct)
[w3:gh:pro] "hypnv" → 0 records, 0 words
[w3:gh:pro] "hypnv" branch complete
[w3:gh:pro] Saved 31,490 worker words
[w3:gh:pro] Searching "hypnw" | queue=148 | words=31490
[w3:gh:pro] Pacing 15s before "hypnw" (gap=15500ms)
[w3:gh:pro] Managed Turnstile token (len=816, 4595ms, reset)
[w3:gh:pro] [api] 200 mode=pro startsWith=hypnw
[w3:gh:pro] [api] 200 mode=pro startsWith=hypnw (424ms direct)
[w3:gh:pro] "hypnw" → 0 records, 0 words
[w3:gh:pro] "hypnw" branch complete
[w3:gh:pro] Saved 31,490 worker words
[w3:gh:pro] Searching "hypnx" | queue=147 | words=31490
[w3:gh:pro] Pacing 16s before "hypnx" (gap=15500ms)
[w3:gh:pro] Managed Turnstile token (len=816, 4115ms, reset)
[w3:gh:pro] [api] 200 mode=pro startsWith=hypnx
[w3:gh:pro] [api] 200 mode=pro startsWith=hypnx (475ms direct)
[w3:gh:pro] "hypnx" → 0 records, 0 words
[w3:gh:pro] "hypnx" branch complete
[w3:gh:pro] Saved 31,490 worker words
[w3:gh:pro] Searching "hypny" | queue=146 | words=31490
[w3:gh:pro] Pacing 15s before "hypny" (gap=15500ms)
[w3:gh:pro] Managed Turnstile token (len=816, 3492ms, reset)
[w3:gh:pro] heartbeat words=31490 queue=146 rotation=28 idle=7s
[w3:gh:pro] [api] 200 mode=pro startsWith=hypny
[w3:gh:pro] [api] 200 mode=pro startsWith=hypny (421ms direct)
[w3:gh:pro] "hypny" → 0 records, 0 words
[w3:gh:pro] "hypny" branch complete
[w3:gh:pro] Saved 31,490 worker words
[w3:gh:pro] Searching "hypnz" | queue=145 | words=31490
[w3:gh:pro] Pacing 16s before "hypnz" (gap=15500ms)
[w3:gh:pro] Managed Turnstile token (len=816, 3485ms, reset)
[w3:gh:pro] [api] 200 mode=pro startsWith=hypnz
[w3:gh:pro] [api] 200 mode=pro startsWith=hypnz (467ms direct)
[w3:gh:pro] "hypnz" → 0 records, 0 words
[w3:gh:pro] "hypnz" branch complete
[w3:gh:pro] Saved 31,490 worker words
[w3:gh:pro] Searching "hypoc" | queue=144 | words=31490
[w3:gh:pro] Pacing 15s before "hypoc" (gap=15500ms)
[w3:gh:pro] Managed Turnstile token (len=816, 4466ms, reset)
[w3:gh:pro] [api] 200 mode=pro startsWith=hypoc
[w3:gh:pro] [api] 200 mode=pro startsWith=hypoc (442ms direct)
[w3:gh:pro] "hypoc" → 100 records, 100 words
[w3:gh:pro] Pacing 16s before "hypoc" (gap=15500ms)
[w3:gh:pro] Managed Turnstile token (len=816, 5554ms, remount)
[w3:gh:pro] [api] 200 mode=pro startsWith=hypoc
[w3:gh:pro] [api] 200 mode=pro startsWith=hypoc sort=alphabetical:desc (483ms direct)
[w3:gh:pro] "hypoc" full page ends at "hypocraterimorphous" (next='r'); skip 26 covered groups → 2 children reverse Z→A ends at "hypochchilia" (lo='h' hi='y'); skip 16 middle + 22 new words
[w3:gh:pro] Saved 31,561 worker words
[w3:gh:pro] Searching "hypod" | queue=145 | words=31561
[w3:gh:pro] Pacing 15s before "hypod" (gap=15500ms)
[w3:gh:pro] Managed Turnstile token (len=816, 4059ms, reset)
[w3:gh:pro] heartbeat words=31561 queue=145 rotation=28 idle=4s
[w3:gh:pro] [api] 200 mode=pro startsWith=hypod
[w3:gh:pro] [api] 200 mode=pro startsWith=hypod (494ms direct)
[w3:gh:pro] "hypod" → 33 records, 33 words
[w3:gh:pro] "hypod" branch complete
[w3:gh:pro] Saved 31,594 worker words; shared last.txt now 352,605
[w3:gh:pro] Searching "hypoe" | queue=144 | words=31594
[w3:gh:pro] Pacing 15s before "hypoe" (gap=15500ms)
[w3:gh:pro] Managed Turnstile token (len=816, 5165ms, reset)
[w3:gh:pro] [api] 200 mode=pro startsWith=hypoe
[w3:gh:pro] [api] 200 mode=pro startsWith=hypoe (446ms direct)
[w3:gh:pro] "hypoe" → 9 records, 9 words
[w3:gh:pro] "hypoe" branch complete
[w3:gh:pro] Saved 31,603 worker words
[w3:gh:pro] Searching "hypof" | queue=143 | words=31603
[w3:gh:pro] Pacing 15s before "hypof" (gap=15500ms)
[w3:gh:pro] Managed Turnstile token (len=816, 5693ms, reset)
[w3:gh:pro] [api] 200 mode=pro startsWith=hypof
[w3:gh:pro] [api] 200 mode=pro startsWith=hypof (604ms direct)
[w3:gh:pro] "hypof" → 1 records, 1 words
[w3:gh:pro] "hypof" branch complete
[w3:gh:pro] Saved 31,604 worker words
[w3:gh:pro] Searching "hypog" | queue=142 | words=31604
[w3:gh:pro] Pacing 15s before "hypog" (gap=15500ms)
[w3:gh:pro] heartbeat words=31604 queue=142 rotation=28 idle=21s
[w3:gh:pro] Turnstile token present (len=816)
[w3:gh:pro] Site Turnstile token (25490ms)
[w3:gh:pro] [api] 200 mode=pro startsWith=hypog
[w3:gh:pro] [api] 200 mode=pro startsWith=hypog (481ms direct)
[w3:gh:pro] "hypog" → 61 records, 61 words
[w3:gh:pro] "hypog" branch complete
[w3:gh:pro] Saved 31,665 worker words
[w3:gh:pro] Searching "hypoh" | queue=141 | words=31665
[w3:gh:pro] Pacing 15s before "hypoh" (gap=15500ms)
[w3:gh:pro] Turnstile token present (len=816)
[w3:gh:pro] Site Turnstile token (19173ms)
[w3:gh:pro] [api] 200 mode=pro startsWith=hypoh
[w3:gh:pro] [api] 200 mode=pro startsWith=hypoh (455ms direct)
[w3:gh:pro] "hypoh" → 9 records, 9 words
[w3:gh:pro] "hypoh" branch complete
[w3:gh:pro] Saved 31,674 worker words
[w3:gh:pro] Searching "hypoi" | queue=140 | words=31674
[w3:gh:pro] Pacing 15s before "hypoi" (gap=15500ms)
[w3:gh:pro] Managed Turnstile token (len=816, 10027ms, remount)
[w3:gh:pro] [api] 200 mode=pro startsWith=hypoi
[w3:gh:pro] [api] 200 mode=pro startsWith=hypoi (501ms direct)
[w3:gh:pro] "hypoi" → 10 records, 10 words
[w3:gh:pro] "hypoi" branch complete
[w3:gh:pro] Saved 31,684 worker words
[w3:gh:pro] Searching "hypoj" | queue=139 | words=31684
[w3:gh:pro] Pacing 15s before "hypoj" (gap=15500ms)
[w3:gh:pro] Managed Turnstile token (len=816, 16127ms, reset)
[w3:gh:pro] [api] 200 mode=pro startsWith=hypoj
[w3:gh:pro] [api] 200 mode=pro startsWith=hypoj (646ms direct)
[w3:gh:pro] "hypoj" → 0 records, 0 words
[w3:gh:pro] "hypoj" branch complete
[w3:gh:pro] Saved 31,684 worker words
[w3:gh:pro] Searching "hypok" | queue=138 | words=31684
[w3:gh:pro] Pacing 12s before "hypok" (gap=15500ms)
[w3:gh:pro] heartbeat words=31684 queue=138 rotation=28 idle=0s
[w3:gh:pro] Turnstile token present (len=816)
[w3:gh:pro] Site Turnstile token (20527ms)
[w3:gh:pro] [api] 200 mode=pro startsWith=hypok
[w3:gh:pro] [api] 200 mode=pro startsWith=hypok (468ms direct)
[w3:gh:pro] "hypok" → 13 records, 13 words
[w3:gh:pro] "hypok" branch complete
[w3:gh:pro] Saved 31,697 worker words
[w3:gh:pro] Searching "hypol" | queue=137 | words=31697
[w3:gh:pro] Pacing 15s before "hypol" (gap=15500ms)
[w3:gh:pro] Managed Turnstile token (len=816, 12250ms, remount)
[w3:gh:pro] [api] 200 mode=pro startsWith=hypol
[w3:gh:pro] [api] 200 mode=pro startsWith=hypol (620ms direct)
[w3:gh:pro] "hypol" → 12 records, 12 words
[w3:gh:pro] "hypol" branch complete
[w3:gh:pro] Saved 31,709 worker words; shared last.txt now 352,824
[w3:gh:pro] Searching "hypom" | queue=136 | words=31709
[w3:gh:pro] Pacing 15s before "hypom" (gap=15500ms)
[w3:gh:pro] Managed Turnstile token (len=816, 4962ms, reset)
[w3:gh:pro] [api] 200 mode=pro startsWith=hypom
[w3:gh:pro] [api] 200 mode=pro startsWith=hypom (667ms direct)
[w3:gh:pro] "hypom" → 26 records, 26 words
[w3:gh:pro] "hypom" branch complete
[w3:gh:pro] Saved 31,735 worker words
[w3:gh:pro] Searching "hypon" | queue=135 | words=31735
[w3:gh:pro] Pacing 15s before "hypon" (gap=15500ms)
[w3:gh:pro] Managed Turnstile token (len=816, 4590ms, reset)
[w3:gh:pro] heartbeat words=31735 queue=135 rotation=28 idle=5s
[w3:gh:pro] [api] 200 mode=pro startsWith=hypon
[w3:gh:pro] [api] 200 mode=pro startsWith=hypon (455ms direct)
[w3:gh:pro] "hypon" → 28 records, 28 words
[w3:gh:pro] "hypon" branch complete
[w3:gh:pro] Saved 31,763 worker words
[w3:gh:pro] Searching "hypoo" | queue=134 | words=31763
[w3:gh:pro] Pacing 15s before "hypoo" (gap=15500ms)
[w3:gh:pro] Managed Turnstile token (len=816, 4912ms, reset)
[w3:gh:pro] [api] 200 mode=pro startsWith=hypoo
[w3:gh:pro] [api] 200 mode=pro startsWith=hypoo (559ms direct)
[w3:gh:pro] "hypoo" → 0 records, 0 words
[w3:gh:pro] "hypoo" branch complete
[w3:gh:pro] Saved 31,763 worker words
[w3:gh:pro] Searching "hypop" | queue=133 | words=31763
[w3:gh:pro] Pacing 15s before "hypop" (gap=15500ms)
[w3:gh:pro] Managed Turnstile token (len=816, 4663ms, reset)
[w3:gh:pro] [api] 200 mode=pro startsWith=hypop
[w3:gh:pro] [api] 200 mode=pro startsWith=hypop (458ms direct)
[w3:gh:pro] "hypop" → 100 records, 100 words
[w3:gh:pro] Pacing 16s before "hypop" (gap=15500ms)
[w3:gh:pro] Managed Turnstile token (len=816, 4861ms, reset)
[w3:gh:pro] [api] 200 mode=pro startsWith=hypop
[w3:gh:pro] [api] 200 mode=pro startsWith=hypop sort=alphabetical:desc (470ms direct)
[w3:gh:pro] "hypop" full page ends at "hypopnea" (next='n'); skip 26 covered groups → 2 children reverse Z→A ends at "hypophoras" (lo='h' hi='y'); skip 16 middle + 28 new words
[w3:gh:pro] Saved 31,891 worker words
[w3:gh:pro] Searching "hypoq" | queue=134 | words=31891
[w3:gh:pro] Pacing 15s before "hypoq" (gap=15500ms)
[w3:gh:pro] Managed Turnstile token (len=816, 4599ms, reset)
[w3:gh:pro] heartbeat words=31891 queue=134 rotation=28 idle=3s
[w3:gh:pro] [api] 200 mode=pro startsWith=hypoq
[w3:gh:pro] [api] 200 mode=pro startsWith=hypoq (477ms direct)
[w3:gh:pro] "hypoq" → 0 records, 0 words
[w3:gh:pro] "hypoq" branch complete
[w3:gh:pro] Saved 31,891 worker words
[w3:gh:pro] Searching "hypor" | queue=133 | words=31891
[w3:gh:pro] Pacing 15s before "hypor" (gap=15500ms)
[w3:gh:pro] Managed Turnstile token (len=816, 5147ms, reset)
[w3:gh:pro] [api] 200 mode=pro startsWith=hypor
[w3:gh:pro] [api] 200 mode=pro startsWith=hypor (461ms direct)
[w3:gh:pro] "hypor" → 14 records, 14 words
[w3:gh:pro] "hypor" branch complete
[w3:gh:pro] Saved 31,905 worker words
[w3:gh:pro] Searching "hypos" | queue=132 | words=31905
[w3:gh:pro] Pacing 15s before "hypos" (gap=15500ms)
[w3:gh:pro] Site Turnstile remint timed out (22694ms)
[w3:gh:pro] heartbeat words=31905 queue=132 rotation=28 idle=14s
[w3:gh:pro] Managed Turnstile token (len=816, 14683ms, remount)
[w3:gh:pro] [api] 200 mode=pro startsWith=hypos
[w3:gh:pro] [api] 200 mode=pro startsWith=hypos (478ms direct)
[w3:gh:pro] "hypos" → 95 records, 95 words (incl. exact "hypos")
[w3:gh:pro] "hypos" branch complete
[w3:gh:pro] Saved 32,000 worker words
[w3:gh:pro] Searching "hypot" | queue=131 | words=32000
[w3:gh:pro] Pacing 15s before "hypot" (gap=15500ms)
[w3:gh:pro] Managed Turnstile token (len=816, 12065ms, reset)
[w3:gh:pro] [api] 200 mode=pro startsWith=hypot
[w3:gh:pro] [api] 200 mode=pro startsWith=hypot (460ms direct)
[w3:gh:pro] "hypot" → 100 records, 100 words
[w3:gh:pro] Pacing 15s before "hypot" (gap=15500ms)
[w3:gh:pro] Managed Turnstile token (len=816, 14401ms, reset)
[w3:gh:pro] [api] 200 mode=pro startsWith=hypot
[w3:gh:pro] [api] 200 mode=pro startsWith=hypot sort=alphabetical:desc (466ms direct)
[w3:gh:pro] "hypot" full page ends at "hypothymias" (next='h'); skip 25 covered groups → 3 children reverse Z→A ends at "hypothecates" (lo='h' hi='y'); skip 16 middle + 0 new words
[w3:gh:pro] Saved 32,066 worker words; shared last.txt now 353,674
[w3:gh:pro] Searching "hypoz" | queue=133 | words=32066
[w3:gh:pro] Pacing 11s before "hypoz" (gap=15500ms)
[w3:gh:pro] heartbeat words=32066 queue=133 rotation=28 idle=30s
[w3:gh:pro] Turnstile mint hard timeout after 28000ms
[w3:gh:pro] Site Turnstile remint timed out (60769ms)
[w3:gh:pro] Turnstile mint hard timeout after 28000ms
[w3:gh:pro] Managed Turnstile token (len=816, 12344ms, remount)
[w3:gh:pro] Turnstile token present (len=816)
[w3:gh:pro] Site Turnstile token (41534ms)
[w3:gh:pro] [api] 200 mode=pro startsWith=hypoz
[w3:gh:pro] [api] 200 mode=pro startsWith=hypoz (482ms direct)
[w3:gh:pro] "hypoz" → 5 records, 5 words
[w3:gh:pro] "hypoz" branch complete
[w3:gh:pro] Saved 32,066 worker words
[w3:gh:pro] Searching "hyste" | queue=132 | words=32066
[w3:gh:pro] Pacing 14s before "hyste" (gap=15500ms)
[w3:gh:pro] Managed Turnstile token (len=816, 8397ms, reset)
[w3:gh:pro] heartbeat words=32066 queue=132 rotation=28 idle=6s
[w3:gh:pro] [api] 200 mode=pro startsWith=hyste
[w3:gh:pro] [api] 200 mode=pro startsWith=hyste (485ms direct)
[w3:gh:pro] "hyste" → 100 records, 100 words
[w3:gh:pro] Pacing 16s before "hyste" (gap=15500ms)
[w3:gh:pro] Managed Turnstile token (len=816, 3784ms, reset)
[w3:gh:pro] [api] 200 mode=pro startsWith=hyste
[w3:gh:pro] [api] 200 mode=pro startsWith=hyste sort=alphabetical:desc (490ms direct)
[w3:gh:pro] "hyste" full page ends at "hysterotraumatisms" (next='r'); skip 19 covered groups → 9 children reverse Z→A ends at "hysteralgia" (lo='r' hi='r'); skip 0 middle + 0 new words
[w3:gh:pro] Saved 32,066 worker words
[w3:gh:pro] Searching "hystr" | queue=140 | words=32066
[w3:gh:pro] Pacing 15s before "hystr" (gap=15500ms)
[w3:gh:pro] Managed Turnstile token (len=816, 4225ms, reset)
[w3:gh:pro] [api] 200 mode=pro startsWith=hystr
[w3:gh:pro] [api] 200 mode=pro startsWith=hystr (461ms direct)
[w3:gh:pro] "hystr" → 15 records, 15 words
[w3:gh:pro] "hystr" branch complete
[w3:gh:pro] Saved 32,066 worker words
[w3:gh:pro] Searching "hysts" | queue=139 | words=32066
[w3:gh:pro] Pacing 16s before "hysts" (gap=15500ms)
[w3:gh:pro] Managed Turnstile token (len=816, 7424ms, reset)
[w3:gh:pro] [api] 200 mode=pro startsWith=hysts
[w3:gh:pro] [api] 200 mode=pro startsWith=hysts (557ms direct)
[w3:gh:pro] "hysts" → 0 records, 0 words
[w3:gh:pro] "hysts" branch complete
[w3:gh:pro] Saved 32,066 worker words
[w3:gh:pro] Searching "hystt" | queue=138 | words=32066
[w3:gh:pro] Pacing 15s before "hystt" (gap=15500ms)
[w3:gh:pro] Managed Turnstile token (len=816, 10874ms, reset)
[w3:gh:pro] heartbeat words=32066 queue=138 rotation=28 idle=1s
[w3:gh:pro] [api] 200 mode=pro startsWith=hystt
[w3:gh:pro] [api] 200 mode=pro startsWith=hystt (659ms direct)
[w3:gh:pro] "hystt" → 0 records, 0 words
[w3:gh:pro] "hystt" branch complete
[w3:gh:pro] Saved 32,066 worker words
[w3:gh:pro] Searching "hystu" | queue=137 | words=32066
[w3:gh:pro] Pacing 6s before "hystu" (gap=15500ms)
[w3:gh:pro] Turnstile mint hard timeout after 28000ms
[w3:gh:pro] Site Turnstile remint timed out (39349ms)
[w3:gh:pro] heartbeat words=32066 queue=137 rotation=28 idle=13s
[w3:gh:pro] Turnstile mint hard timeout after 28000ms
[w3:gh:pro] Site Turnstile remint timed out (29239ms)
[w3:gh:pro] Turnstile mint hard timeout after 28000ms
[w3:gh:pro] Site Turnstile remint timed out (30859ms)
[w3:gh:pro] Site Turnstile remint timed out (26062ms)
[w3:gh:pro] Failed "hystu" attempt 1: No Turnstile token for direct search
[w3:gh:pro] heartbeat words=32066 queue=138 rotation=28 idle=1s
[w3:gh:pro] Saved 32,066 worker words
[w3:gh:pro] Turnstile miss — soft reload before rotate
[w3:gh:pro] Site Turnstile remint timed out (12187ms)
[w3:gh:pro] Soft reload mint failed — rotating immediately
[w3:gh:pro] Tor exited code=0
[w3:gh:pro] Starting Tor gen=30 socks=127.0.0.1:19053 (try 1)
[w3:gh:pro] tor: Aug 05 15:42:21.558 [warn] Fixing permissions on directory /tmp/lll-tor-w3
[w3:gh:pro] tor: Aug 05 15:42:21.000 [notice] Bootstrapped 0% (starting): Starting
[w3:gh:pro] tor: Aug 05 15:42:22.000 [notice] Bootstrapped 5% (conn): Connecting to a relay
[w3:gh:pro] tor: Aug 05 15:42:22.000 [notice] Bootstrapped 10% (conn_done): Connected to a relay
[w3:gh:pro] tor: Aug 05 15:42:24.000 [notice] Bootstrapped 14% (handshake): Handshaking with a relay
[w3:gh:pro] tor: Aug 05 15:42:24.000 [notice] Bootstrapped 15% (handshake_done): Handshake with a relay done
[w3:gh:pro] tor: Aug 05 15:42:24.000 [notice] Bootstrapped 20% (onehop_create): Establishing an encrypted directory connection
[w3:gh:pro] tor: Aug 05 15:42:24.000 [notice] Bootstrapped 25% (requesting_status): Asking for networkstatus consensus
[w3:gh:pro] tor: Aug 05 15:42:25.000 [notice] Bootstrapped 30% (loading_status): Loading networkstatus consensus
[w3:gh:pro] tor: Aug 05 15:42:26.000 [notice] Bootstrapped 40% (loading_keys): Loading authority key certs
[w3:gh:pro] tor: Aug 05 15:42:26.000 [notice] Bootstrapped 45% (requesting_descriptors): Asking for relay descriptors
Aug 05 15:42:26.000 [notice] I learned some more directory 
[w3:gh:pro] tor: Aug 05 15:42:27.000 [notice] Bootstrapped 50% (loading_descriptors): Loading relay descriptors
[w3:gh:pro] tor: Aug 05 15:42:36.000 [notice] Bootstrapped 55% (loading_descriptors): Loading relay descriptors
[w3:gh:pro] tor: Aug 05 15:42:36.000 [notice] Bootstrapped 61% (loading_descriptors): Loading relay descriptors
[w3:gh:pro] tor: Aug 05 15:42:36.000 [notice] Bootstrapped 67% (loading_descriptors): Loading relay descriptors
[w3:gh:pro] tor: Aug 05 15:42:36.000 [notice] Bootstrapped 75% (enough_dirinfo): Loaded enough directory info to build circuits
[w3:gh:pro] tor: Aug 05 15:42:37.000 [notice] Bootstrapped 90% (ap_handshake_done): Handshake finished with a relay to build circuits
Aug 05 15:42:37.000 [notice] Bootstrapped 9
[w3:gh:pro] tor: Aug 05 15:42:37.000 [notice] Bootstrapped 100% (done): Done
[w3:gh:pro] Tor ready on 19053 exit=185.220.101.7
[w3:gh:pro] Rotating IP (#29, try 1) after No Turnstile token for direct search → tor#30 socks5://127.0.0.1:19053
[w3:gh:pro] Launching persistent Chrome profile /tmp/lll-pw-w3-r29
[w3:gh:pro] Proxy tor#30 socks5://127.0.0.1:19053
[w3:gh:pro] Opening https://lastletterlibrary.com
[w3:gh:pro] Library mode=pro
[w3:gh:pro] Managed Turnstile token (len=816, 7436ms, remount)
[w3:gh:pro] Search mode=direct (skip UI Wait Ns… gate)
[w3:gh:pro] Cleaned 1 old rotated profile(s)
[w3:gh:pro] Browser exit IP=192.42.116.115 (unique)
[w3:gh:pro] Searching "hystu" | queue=137 | words=32066
[w3:gh:pro] [api] 200 mode=pro startsWith=hystu
[w3:gh:pro] [api] 200 mode=pro startsWith=hystu (839ms direct)
[w3:gh:pro] "hystu" → 0 records, 0 words
[w3:gh:pro] "hystu" branch complete
[w3:gh:pro] Saved 32,066 worker words
[w3:gh:pro] Searching "hystv" | queue=136 | words=32066
[w3:gh:pro] Pacing 15s before "hystv" (gap=15500ms)
[w3:gh:pro] heartbeat words=32066 queue=136 rotation=29 idle=3s
[w3:gh:pro] Managed Turnstile token (len=816, 4747ms, reset)
[w3:gh:pro] [api] 200 mode=pro startsWith=hystv
[w3:gh:pro] [api] 200 mode=pro startsWith=hystv (407ms direct)
[w3:gh:pro] "hystv" → 0 records, 0 words
[w3:gh:pro] "hystv" branch complete
[w3:gh:pro] Saved 32,066 worker words; shared last.txt now 353,890
[w3:gh:pro] Searching "hystw" | queue=135 | words=32066
[w3:gh:pro] Pacing 15s before "hystw" (gap=15500ms)
[w3:gh:pro] Managed Turnstile token (len=816, 4354ms, reset)
[w3:gh:pro] [api] 200 mode=pro startsWith=hystw
[w3:gh:pro] [api] 200 mode=pro startsWith=hystw (408ms direct)
[w3:gh:pro] "hystw" → 0 records, 0 words
[w3:gh:pro] "hystw" branch complete
[w3:gh:pro] Saved 32,066 worker words
[w3:gh:pro] Searching "hystx" | queue=134 | words=32066
[w3:gh:pro] Pacing 16s before "hystx" (gap=15500ms)
[w3:gh:pro] Managed Turnstile token (len=816, 4511ms, reset)
[w3:gh:pro] [api] 200 mode=pro startsWith=hystx
[w3:gh:pro] [api] 200 mode=pro startsWith=hystx (495ms direct)
[w3:gh:pro] "hystx" → 0 records, 0 words
[w3:gh:pro] "hystx" branch complete
[w3:gh:pro] Saved 32,066 worker words
[w3:gh:pro] Searching "hysty" | queue=133 | words=32066
[w3:gh:pro] Pacing 15s before "hysty" (gap=15500ms)
[w3:gh:pro] Managed Turnstile token (len=816, 7034ms, reset)
[w3:gh:pro] [api] 200 mode=pro startsWith=hysty
[w3:gh:pro] [api] 200 mode=pro startsWith=hysty (499ms direct)
[w3:gh:pro] "hysty" → 0 records, 0 words
[w3:gh:pro] "hysty" branch complete
[w3:gh:pro] Saved 32,066 worker words
[w3:gh:pro] Searching "hystz" | queue=132 | words=32066
[w3:gh:pro] Pacing 15s before "hystz" (gap=15500ms)
[w3:gh:pro] heartbeat words=32066 queue=132 rotation=29 idle=1s
[w3:gh:pro] Managed Turnstile token (len=816, 12641ms, reset)
[w3:gh:pro] [api] 200 mode=pro startsWith=hystz
[w3:gh:pro] [api] 200 mode=pro startsWith=hystz (697ms direct)
[w3:gh:pro] "hystz" → 0 records, 0 words
[w3:gh:pro] "hystz" branch complete
[w3:gh:pro] Saved 32,066 worker words
[w3:gh:pro] Searching "haemat" | queue=131 | words=32066
[w3:gh:pro] Pacing 15s before "haemat" (gap=15500ms)
[w3:gh:pro] Managed Turnstile token (len=816, 16193ms, reset)
[w3:gh:pro] [api] 200 mode=pro startsWith=haemat
[w3:gh:pro] [api] 200 mode=pro startsWith=haemat (487ms direct)
[w3:gh:pro] "haemat" → 85 records, 85 words
[w3:gh:pro] "haemat" branch complete
[w3:gh:pro] Saved 32,066 worker words
[w3:gh:pro] Searching "haemau" | queue=130 | words=32066
[w3:gh:pro] Pacing 15s before "haemau" (gap=15500ms)
[w3:gh:pro] Site Turnstile remint timed out (23500ms)
[w3:gh:pro] heartbeat words=32066 queue=130 rotation=29 idle=5s
[w3:gh:pro] Site Turnstile remint timed out (27180ms)
[w3:gh:pro] Turnstile token present (len=816)
[w3:gh:pro] Site Turnstile token (20460ms)
[w3:gh:pro] [api] 200 mode=pro startsWith=haemau
[w3:gh:pro] [api] 200 mode=pro startsWith=haemau (672ms direct)
[w3:gh:pro] "haemau" → 0 records, 0 words
[w3:gh:pro] "haemau" branch complete
[w3:gh:pro] Saved 32,066 worker words
[w3:gh:pro] Searching "haemav" | queue=129 | words=32066
[w3:gh:pro] Pacing 15s before "haemav" (gap=15500ms)
[w3:gh:pro] Managed Turnstile token (len=816, 11846ms, remount)
[w3:gh:pro] [api] 200 mode=pro startsWith=haemav
[w3:gh:pro] [api] 200 mode=pro startsWith=haemav (634ms direct)
[w3:gh:pro] "haemav" → 0 records, 0 words
[w3:gh:pro] "haemav" branch complete
[w3:gh:pro] Saved 32,066 worker words
[w3:gh:pro] Searching "haemaw" | queue=128 | words=32066
[w3:gh:pro] Pacing 15s before "haemaw" (gap=15500ms)
[w3:gh:pro] heartbeat words=32066 queue=128 rotation=29 idle=0s
[w3:gh:pro] Managed Turnstile token (len=816, 7628ms, reset)
[w3:gh:pro] [api] 200 mode=pro startsWith=haemaw
[w3:gh:pro] [api] 200 mode=pro startsWith=haemaw (645ms direct)
[w3:gh:pro] "haemaw" → 0 records, 0 words
[w3:gh:pro] "haemaw" branch complete
[w3:gh:pro] Saved 32,066 worker words; shared last.txt now 354,152
[w3:gh:pro] Searching "haemax" | queue=127 | words=32066
[w3:gh:pro] Pacing 15s before "haemax" (gap=15500ms)
[w3:gh:pro] Managed Turnstile token (len=816, 6290ms, reset)
[w3:gh:pro] [api] 200 mode=pro startsWith=haemax
[w3:gh:pro] [api] 200 mode=pro startsWith=haemax (810ms direct)
[w3:gh:pro] "haemax" → 0 records, 0 words
[w3:gh:pro] "haemax" branch complete
[w3:gh:pro] Saved 32,066 worker words
[w3:gh:pro] Searching "haemay" | queue=126 | words=32066
[w3:gh:pro] Pacing 15s before "haemay" (gap=15500ms)
[w3:gh:pro] Managed Turnstile token (len=816, 11637ms, reset)
[w3:gh:pro] [api] 200 mode=pro startsWith=haemay
[w3:gh:pro] [api] 200 mode=pro startsWith=haemay (642ms direct)
[w3:gh:pro] "haemay" → 0 records, 0 words
[w3:gh:pro] "haemay" branch complete
[w3:gh:pro] Saved 32,066 worker words
[w3:gh:pro] Searching "haemaz" | queue=125 | words=32066
[w3:gh:pro] Pacing 15s before "haemaz" (gap=15500ms)
[w3:gh:pro] heartbeat words=32066 queue=125 rotation=29 idle=14s
[w3:gh:pro] Turnstile token present (len=837)
[w3:gh:pro] Site Turnstile token (21904ms)
[w3:gh:pro] [api] 200 mode=pro startsWith=haemaz
[w3:gh:pro] [api] 200 mode=pro startsWith=haemaz (822ms direct)
[w3:gh:pro] "haemaz" → 0 records, 0 words
[w3:gh:pro] "haemaz" branch complete
[w3:gh:pro] Saved 32,066 worker words
[w3:gh:pro] Searching "haemot" | queue=124 | words=32066
[w3:gh:pro] Pacing 14s before "haemot" (gap=15500ms)
[w3:gh:pro] Managed Turnstile token (len=816, 16230ms, remount)
[w3:gh:pro] [api] 200 mode=pro startsWith=haemot
[w3:gh:pro] [api] 200 mode=pro startsWith=haemot (675ms direct)
[w3:gh:pro] "haemot" → 4 records, 4 words
[w3:gh:pro] "haemot" branch complete
[w3:gh:pro] Saved 32,066 worker words
[w3:gh:pro] Searching "haemou" | queue=123 | words=32066
[w3:gh:pro] Pacing 15s before "haemou" (gap=15500ms)
[w3:gh:pro] Managed Turnstile token (len=816, 11452ms, reset)
[w3:gh:pro] [api] 200 mode=pro startsWith=haemou
[w3:gh:pro] [api] 200 mode=pro startsWith=haemou (739ms direct)
[w3:gh:pro] "haemou" → 0 records, 0 words
[w3:gh:pro] "haemou" branch complete
[w3:gh:pro] Saved 32,066 worker words
[w3:gh:pro] Searching "haemov" | queue=122 | words=32066
[w3:gh:pro] Pacing 15s before "haemov" (gap=15500ms)
[w3:gh:pro] Managed Turnstile token (len=816, 6703ms, reset)
[w3:gh:pro] [api] 200 mode=pro startsWith=haemov
[w3:gh:pro] [api] 200 mode=pro startsWith=haemov (749ms direct)
[w3:gh:pro] "haemov" → 0 records, 0 words
[w3:gh:pro] "haemov" branch complete
[w3:gh:pro] Saved 32,066 worker words
[w3:gh:pro] Searching "haemow" | queue=121 | words=32066
[w3:gh:pro] Pacing 14s before "haemow" (gap=15500ms)
[w3:gh:pro] heartbeat words=32066 queue=121 rotation=29 idle=2s
[w3:gh:pro] Managed Turnstile token (len=816, 13198ms, reset)
[w3:gh:pro] [api] 200 mode=pro startsWith=haemow
[w3:gh:pro] [api] 200 mode=pro startsWith=haemow (698ms direct)
[w3:gh:pro] "haemow" → 0 records, 0 words
[w3:gh:pro] "haemow" branch complete
[w3:gh:pro] Saved 32,066 worker words
[w3:gh:pro] Searching "haemox" | queue=120 | words=32066
[w3:gh:pro] Pacing 15s before "haemox" (gap=15500ms)
[w3:gh:pro] Managed Turnstile token (len=816, 15614ms, reset)
[w3:gh:pro] [api] 200 mode=pro startsWith=haemox
[w3:gh:pro] [api] 200 mode=pro startsWith=haemox (766ms direct)
[w3:gh:pro] "haemox" → 0 records, 0 words
[w3:gh:pro] "haemox" branch complete
[w3:gh:pro] Saved 32,066 worker words; shared last.txt now 354,558
[w3:gh:pro] Searching "haemoy" | queue=119 | words=32066
[w3:gh:pro] Pacing 13s before "haemoy" (gap=15500ms)
[w3:gh:pro] Managed Turnstile token (len=816, 14745ms, reset)
[w3:gh:pro] [api] 200 mode=pro startsWith=haemoy
[w3:gh:pro] [api] 200 mode=pro startsWith=haemoy (762ms direct)
[w3:gh:pro] "haemoy" → 0 records, 0 words
[w3:gh:pro] "haemoy" branch complete
[w3:gh:pro] Saved 32,066 worker words
[w3:gh:pro] Searching "haemoz" | queue=118 | words=32066
[w3:gh:pro] Pacing 14s before "haemoz" (gap=15500ms)
[w3:gh:pro] Managed Turnstile token (len=816, 10324ms, reset)
[w3:gh:pro] heartbeat words=32066 queue=118 rotation=29 idle=5s
[w3:gh:pro] [api] 200 mode=pro startsWith=haemoz
[w3:gh:pro] [api] 200 mode=pro startsWith=haemoz (798ms direct)
[w3:gh:pro] "haemoz" → 0 records, 0 words
[w3:gh:pro] "haemoz" branch complete
[w3:gh:pro] Saved 32,066 worker words
[w3:gh:pro] Searching "hearty" | queue=117 | words=32066
[w3:gh:pro] Pacing 15s before "hearty" (gap=15500ms)
[w3:gh:pro] Managed Turnstile token (len=816, 7829ms, reset)
[w3:gh:pro] [api] 200 mode=pro startsWith=hearty
[w3:gh:pro] [api] 200 mode=pro startsWith=hearty (884ms direct)
[w3:gh:pro] "hearty" → 1 records, 1 words (incl. exact "hearty")
[w3:gh:pro] "hearty" branch complete
[w3:gh:pro] Saved 32,066 worker words
[w3:gh:pro] Searching "heartz" | queue=116 | words=32066
[w3:gh:pro] Pacing 12s before "heartz" (gap=15500ms)
[w3:gh:pro] Turnstile token present (len=816)
[w3:gh:pro] Site Turnstile token (21592ms)
[w3:gh:pro] [api] 200 mode=pro startsWith=heartz
[w3:gh:pro] [api] 200 mode=pro startsWith=heartz (778ms direct)
[w3:gh:pro] "heartz" → 0 records, 0 words
[w3:gh:pro] "heartz" branch complete
[w3:gh:pro] Saved 32,066 worker words
[w3:gh:pro] Searching "helioz" | queue=115 | words=32066
[w3:gh:pro] Pacing 15s before "helioz" (gap=15500ms)
[w3:gh:pro] Managed Turnstile token (len=816, 12653ms, remount)
[w3:gh:pro] [api] 200 mode=pro startsWith=helioz
[w3:gh:pro] [api] 200 mode=pro startsWith=helioz (852ms direct)
[w3:gh:pro] "helioz" → 4 records, 4 words
[w3:gh:pro] "helioz" branch complete
[w3:gh:pro] Saved 32,066 worker words
[w3:gh:pro] Searching "hemato" | queue=114 | words=32066
[w3:gh:pro] Pacing 15s before "hemato" (gap=15500ms)
[w3:gh:pro] heartbeat words=32066 queue=114 rotation=29 idle=4s
[w3:gh:pro] Managed Turnstile token (len=816, 13800ms, reset)
[w3:gh:pro] [api] 200 mode=pro startsWith=hemato
[w3:gh:pro] [api] 200 mode=pro startsWith=hemato (775ms direct)
[w3:gh:pro] "hemato" → 100 records, 100 words
[w3:gh:pro] Pacing 15s before "hemato" (gap=15500ms)
[w3:gh:pro] Managed Turnstile token (len=816, 17142ms, reset)
[w3:gh:pro] [api] 200 mode=pro startsWith=hemato
[w3:gh:pro] [api] 200 mode=pro startsWith=hemato sort=alphabetical:desc (709ms direct)
[w3:gh:pro] "hemato" full page ends at "hematospectrophotometer" (next='s'); skip 27 covered groups → 1 children reverse Z→A ends at "hematocryal" (lo='c' hi='z'); skip 22 middle + 0 new words
[w3:gh:pro] Saved 32,066 worker words
[w3:gh:pro] Searching "hematu" | queue=114 | words=32066
[w3:gh:pro] Pacing 15s before "hematu" (gap=15500ms)
[w3:gh:pro] Managed Turnstile token (len=816, 14213ms, reset)
[w3:gh:pro] [api] 200 mode=pro startsWith=hematu
[w3:gh:pro] [api] 200 mode=pro startsWith=hematu (678ms direct)
[w3:gh:pro] "hematu" → 4 records, 4 words
[w3:gh:pro] "hematu" branch complete
[w3:gh:pro] Saved 32,066 worker words
[w3:gh:pro] Searching "hematv" | queue=113 | words=32066
[w3:gh:pro] Pacing 15s before "hematv" (gap=15500ms)
[w3:gh:pro] Managed Turnstile token (len=816, 13042ms, reset)
[w3:gh:pro] heartbeat words=32066 queue=113 rotation=29 idle=2s
[w3:gh:pro] [api] 200 mode=pro startsWith=hematv
[w3:gh:pro] [api] 200 mode=pro startsWith=hematv (769ms direct)
[w3:gh:pro] "hematv" → 0 records, 0 words
[w3:gh:pro] "hematv" branch complete
[w3:gh:pro] Saved 32,066 worker words; shared last.txt now 354,702
[w3:gh:pro] Searching "hematw" | queue=112 | words=32066
[w3:gh:pro] Pacing 12s before "hematw" (gap=15500ms)
[w3:gh:pro] Managed Turnstile token (len=816, 6773ms, reset)
[w3:gh:pro] [api] 200 mode=pro startsWith=hematw
[w3:gh:pro] [api] 200 mode=pro startsWith=hematw (711ms direct)
[w3:gh:pro] "hematw" → 0 records, 0 words
[w3:gh:pro] "hematw" branch complete
[w3:gh:pro] Saved 32,066 worker words
[w3:gh:pro] Searching "hematx" | queue=111 | words=32066
[w3:gh:pro] Pacing 15s before "hematx" (gap=15500ms)
[w3:gh:pro] Site Turnstile remint timed out (22374ms)
[w3:gh:pro] heartbeat words=32066 queue=111 rotation=29 idle=22s
[w3:gh:pro] Site Turnstile remint timed out (22381ms)
[w3:gh:pro] Managed Turnstile token (len=816, 13268ms, remount)
[w3:gh:pro] [api] 200 mode=pro startsWith=hematx
[w3:gh:pro] [api] 200 mode=pro startsWith=hematx (814ms direct)
[w3:gh:pro] "hematx" → 0 records, 0 words
[w3:gh:pro] "hematx" branch complete
[w3:gh:pro] Saved 32,066 worker words
[w3:gh:pro] Searching "hematy" | queue=110 | words=32066
[w3:gh:pro] Pacing 14s before "hematy" (gap=15500ms)
[w3:gh:pro] Site Turnstile remint timed out (23244ms)
[w3:gh:pro] Turnstile token present (len=816)
[w3:gh:pro] Site Turnstile token (20605ms)
[w3:gh:pro] [api] 200 mode=pro startsWith=hematy
[w3:gh:pro] [api] 200 mode=pro startsWith=hematy (645ms direct)
[w3:gh:pro] "hematy" → 0 records, 0 words
[w3:gh:pro] "hematy" branch complete
[w3:gh:pro] Saved 32,066 worker words
[w3:gh:pro] Searching "hematz" | queue=109 | words=32066
[w3:gh:pro] Pacing 15s before "hematz" (gap=15500ms)
[w3:gh:pro] heartbeat words=32066 queue=109 rotation=29 idle=0s
[w3:gh:pro] Site Turnstile remint timed out (23156ms)
[w3:gh:pro] Site Turnstile remint timed out (23233ms)
[w3:gh:pro] heartbeat words=32066 queue=109 rotation=29 idle=14s
[w3:gh:pro] Turnstile token present (len=816)
[w3:gh:pro] Site Turnstile token (23642ms)
[w3:gh:pro] [api] 200 mode=pro startsWith=hematz
[w3:gh:pro] [api] 200 mode=pro startsWith=hematz (1207ms direct)
[w3:gh:pro] "hematz" → 0 records, 0 words
[w3:gh:pro] "hematz" branch complete
[w3:gh:pro] Saved 32,066 worker words
[w3:gh:pro] Searching "hepato" | queue=108 | words=32066
[w3:gh:pro] Pacing 13s before "hepato" (gap=15500ms)
[w3:gh:pro] Turnstile token present (len=816)
[w3:gh:pro] Site Turnstile token (21107ms)
[w3:gh:pro] [api] 200 mode=pro startsWith=hepato
[w3:gh:pro] [api] 200 mode=pro startsWith=hepato (905ms direct)
[w3:gh:pro] "hepato" → 82 records, 82 words
[w3:gh:pro] "hepato" branch complete
[w3:gh:pro] Saved 32,066 worker words
[w3:gh:pro] Searching "hepatp" | queue=107 | words=32066
[w3:gh:pro] Pacing 15s before "hepatp" (gap=15500ms)
[w3:gh:pro] Managed Turnstile token (len=816, 12048ms, remount)
[w3:gh:pro] [api] 200 mode=pro startsWith=hepatp
[w3:gh:pro] [api] 200 mode=pro startsWith=hepatp (567ms direct)
[w3:gh:pro] "hepatp" → 0 records, 0 words
[w3:gh:pro] "hepatp" branch complete
[w3:gh:pro] Saved 32,066 worker words
[w3:gh:pro] Searching "hepatq" | queue=106 | words=32066
[w3:gh:pro] Pacing 15s before "hepatq" (gap=15500ms)
[w3:gh:pro] heartbeat words=32066 queue=106 rotation=29 idle=11s
[w3:gh:pro] Managed Turnstile token (len=816, 14508ms, reset)
[w3:gh:pro] [api] 200 mode=pro startsWith=hepatq
[w3:gh:pro] [api] 200 mode=pro startsWith=hepatq (633ms direct)
[w3:gh:pro] "hepatq" → 0 records, 0 words
[w3:gh:pro] "hepatq" branch complete
[w3:gh:pro] Saved 32,066 worker words
[w3:gh:pro] Searching "hepatr" | queue=105 | words=32066
[w3:gh:pro] Pacing 15s before "hepatr" (gap=15500ms)
[w3:gh:pro] Managed Turnstile token (len=816, 11049ms, reset)
[w3:gh:pro] [api] 200 mode=pro startsWith=hepatr
[w3:gh:pro] [api] 200 mode=pro startsWith=hepatr (697ms direct)
[w3:gh:pro] "hepatr" → 0 records, 0 words
[w3:gh:pro] "hepatr" branch complete
[w3:gh:pro] Saved 32,066 worker words; shared last.txt now 354,973
[w3:gh:pro] Searching "hepats" | queue=104 | words=32066
[w3:gh:pro] Pacing 14s before "hepats" (gap=15500ms)
[w3:gh:pro] Managed Turnstile token (len=816, 17299ms, reset)
[w3:gh:pro] [api] 200 mode=pro startsWith=hepats
[w3:gh:pro] [api] 200 mode=pro startsWith=hepats (631ms direct)
[w3:gh:pro] "hepats" → 0 records, 0 words
[w3:gh:pro] "hepats" branch complete
[w3:gh:pro] Saved 32,066 worker words
[w3:gh:pro] Searching "hepatt" | queue=103 | words=32066
[w3:gh:pro] Pacing 15s before "hepatt" (gap=15500ms)
[w3:gh:pro] heartbeat words=32066 queue=103 rotation=29 idle=22s
[w3:gh:pro] Turnstile token present (len=816)
[w3:gh:pro] Site Turnstile token (26136ms)
[w3:gh:pro] [api] 200 mode=pro startsWith=hepatt
[w3:gh:pro] [api] 200 mode=pro startsWith=hepatt (597ms direct)
[w3:gh:pro] "hepatt" → 0 records, 0 words
[w3:gh:pro] "hepatt" branch complete
[w3:gh:pro] Saved 32,066 worker words
[w3:gh:pro] Searching "hepatu" | queue=102 | words=32066
[w3:gh:pro] Pacing 14s before "hepatu" (gap=15500ms)
[w3:gh:pro] Turnstile token present (len=816)
[w3:gh:pro] Site Turnstile token (23295ms)
[w3:gh:pro] [api] 200 mode=pro startsWith=hepatu
[w3:gh:pro] [api] 200 mode=pro startsWith=hepatu (623ms direct)
[w3:gh:pro] "hepatu" → 0 records, 0 words
[w3:gh:pro] "hepatu" branch complete
[w3:gh:pro] Saved 32,066 worker words
[w3:gh:pro] Searching "hepatv" | queue=101 | words=32066
[w3:gh:pro] Pacing 15s before "hepatv" (gap=15500ms)
[w3:gh:pro] Site Turnstile remint timed out (24605ms)
[w3:gh:pro] heartbeat words=32066 queue=101 rotation=29 idle=6s
[w3:gh:pro] Site Turnstile remint timed out (23623ms)
[w3:gh:pro] Site Turnstile remint timed out (23508ms)
[w3:gh:pro] heartbeat words=32066 queue=101 rotation=29 idle=18s
[w3:gh:pro] Site Turnstile remint timed out (24570ms)
[w3:gh:pro] Turnstile token present (len=816)
[w3:gh:pro] Site Turnstile token (19719ms)
[w3:gh:pro] [api] 200 mode=pro startsWith=hepatv
[w3:gh:pro] [api] 200 mode=pro startsWith=hepatv (1026ms direct)
[w3:gh:pro] "hepatv" → 0 records, 0 words
[w3:gh:pro] "hepatv" branch complete
[w3:gh:pro] Saved 32,066 worker words
[w3:gh:pro] Searching "hepatw" | queue=100 | words=32066
[w3:gh:pro] Pacing 15s before "hepatw" (gap=15500ms)
[w3:gh:pro] Site Turnstile remint timed out (22854ms)
[w3:gh:pro] heartbeat words=32066 queue=100 rotation=29 idle=8s
[w3:gh:pro] Turnstile token present (len=816)
[w3:gh:pro] Site Turnstile token (19508ms)
[w3:gh:pro] [api] 200 mode=pro startsWith=hepatw
[w3:gh:pro] [api] 200 mode=pro startsWith=hepatw (669ms direct)
[w3:gh:pro] "hepatw" → 0 records, 0 words
[w3:gh:pro] "hepatw" branch complete
[w3:gh:pro] Saved 32,066 worker words
[w3:gh:pro] Searching "hepatx" | queue=99 | words=32066
[w3:gh:pro] Pacing 15s before "hepatx" (gap=15500ms)
[w3:gh:pro] Turnstile token present (len=816)
[w3:gh:pro] Site Turnstile token (18650ms)
[w3:gh:pro] [api] 200 mode=pro startsWith=hepatx
[w3:gh:pro] [api] 200 mode=pro startsWith=hepatx (901ms direct)
[w3:gh:pro] "hepatx" → 0 records, 0 words
[w3:gh:pro] "hepatx" branch complete
[w3:gh:pro] Saved 32,066 worker words
[w3:gh:pro] Searching "hepaty" | queue=98 | words=32066
[w3:gh:pro] Pacing 15s before "hepaty" (gap=15500ms)
[w3:gh:pro] Site Turnstile remint timed out (23565ms)
[w3:gh:pro] heartbeat words=32066 queue=98 rotation=29 idle=5s
[w3:gh:pro] Turnstile token present (len=816)
[w3:gh:pro] Site Turnstile token (19404ms)
[w3:gh:pro] [api] 200 mode=pro startsWith=hepaty
[w3:gh:pro] [api] 200 mode=pro startsWith=hepaty (1080ms direct)
[w3:gh:pro] "hepaty" → 0 records, 0 words
[w3:gh:pro] "hepaty" branch complete
[w3:gh:pro] Saved 32,066 worker words
[w3:gh:pro] Searching "hepatz" | queue=97 | words=32066
[w3:gh:pro] Pacing 14s before "hepatz" (gap=15500ms)
[w3:gh:pro] Site Turnstile remint timed out (22928ms)
[w3:gh:pro] heartbeat words=32066 queue=97 rotation=29 idle=21s
[w3:gh:pro] Site Turnstile remint timed out (22429ms)
[w3:gh:pro] Managed Turnstile token (len=816, 11104ms, remount)
[w3:gh:pro] [api] 200 mode=pro startsWith=hepatz
[w3:gh:pro] [api] 200 mode=pro startsWith=hepatz (685ms direct)
[w3:gh:pro] "hepatz" → 0 records, 0 words
[w3:gh:pro] "hepatz" branch complete
[w3:gh:pro] Saved 32,066 worker words; shared last.txt now 356,187
[w3:gh:pro] Searching "hetero" | queue=96 | words=32066
[w3:gh:pro] Pacing 14s before "hetero" (gap=15500ms)
[w3:gh:pro] Site Turnstile remint timed out (27600ms)
[w3:gh:pro] heartbeat words=32066 queue=96 rotation=29 idle=19s
[w3:gh:pro] Site Turnstile remint timed out (22959ms)
[w3:gh:pro] Site Turnstile remint timed out (23607ms)
[w3:gh:pro] Managed Turnstile token (len=816, 11489ms, remount)
[w3:gh:pro] [api] 200 mode=pro startsWith=hetero
[w3:gh:pro] [api] 200 mode=pro startsWith=hetero (629ms direct)
[w3:gh:pro] "hetero" → 100 records, 100 words (incl. exact "hetero")
[w3:gh:pro] Pacing 15s before "hetero" (gap=15500ms)
[w3:gh:pro] heartbeat words=32088 queue=96 rotation=29 idle=20s
[w3:gh:pro] Site Turnstile remint timed out (24544ms)
[w3:gh:pro] Site Turnstile remint timed out (22744ms)
[w3:gh:pro] Managed Turnstile token (len=816, 10551ms, remount)
[w3:gh:pro] [api] 200 mode=pro startsWith=hetero
[w3:gh:pro] [api] 200 mode=pro startsWith=hetero sort=alphabetical:desc (709ms direct)
[w3:gh:pro] "hetero" full page ends at "heterodimerise" (next='d'); skip 11 covered groups → 17 children reverse Z→A ends at "heterosomatous" (lo='s' hi='z'); skip 6 middle + 0 new words
[w3:gh:pro] Saved 32,088 worker words
[w3:gh:pro] Searching "heterp" | queue=112 | words=32088
[w3:gh:pro] Pacing 15s before "heterp" (gap=15500ms)
[w3:gh:pro] heartbeat words=32088 queue=112 rotation=29 idle=21s
[w3:gh:pro] Site Turnstile remint timed out (22557ms)
[w3:gh:pro] Managed Turnstile token (len=816, 8819ms, remount)
[w3:gh:pro] [api] 200 mode=pro startsWith=heterp
[w3:gh:pro] [api] 200 mode=pro startsWith=heterp (558ms direct)
[w3:gh:pro] "heterp" → 0 records, 0 words
[w3:gh:pro] "heterp" branch complete
[w3:gh:pro] Saved 32,088 worker words
[w3:gh:pro] Searching "heterq" | queue=111 | words=32088
[w3:gh:pro] Pacing 15s before "heterq" (gap=15500ms)
[w3:gh:pro] Managed Turnstile token (len=816, 10556ms, reset)
[w3:gh:pro] [api] 200 mode=pro startsWith=heterq
[w3:gh:pro] [api] 200 mode=pro startsWith=heterq (782ms direct)
[w3:gh:pro] "heterq" → 0 records, 0 words
[w3:gh:pro] "heterq" branch complete
[w3:gh:pro] Saved 32,088 worker words
[w3:gh:pro] Searching "heterr" | queue=110 | words=32088
[w3:gh:pro] Pacing 14s before "heterr" (gap=15500ms)
[w3:gh:pro] Site Turnstile remint timed out (27109ms)
[w3:gh:pro] heartbeat words=32088 queue=110 rotation=29 idle=5s
[w3:gh:pro] Turnstile mint hard timeout after 28000ms
[w3:gh:pro] Site Turnstile remint timed out (38414ms)
[w3:gh:pro] Turnstile mint hard timeout after 28000ms
[w3:gh:pro] heartbeat words=32088 queue=110 rotation=29 idle=7s
[w3:gh:pro] Site Turnstile remint timed out (36154ms)
[w3:gh:pro] Turnstile mint hard timeout after 28000ms
[w3:gh:pro] Failed "heterr" attempt 1: No Turnstile token for direct search
[w3:gh:pro] Saved 32,088 worker words
[w3:gh:pro] Turnstile miss — soft reload before rotate
[w3:gh:pro] Site Turnstile remint timed out (34957ms)
[w3:gh:pro] Site Turnstile remint timed out (14940ms)
[w3:gh:pro] Soft reload mint failed — rotating immediately
[w3:gh:pro] Starting Tor gen=31 socks=127.0.0.1:19053 (try 1)
[w3:gh:pro] tor: Aug 05 16:06:47.606 [notice] Opened Socks listener connection (ready) on 127.0.0.1:19053
Aug 05 16:06:47.606 [warn] Fixing permissions on directory /tmp/lll-tor
[w3:gh:pro] Tor exited code=0
[w3:gh:pro] tor: Aug 05 16:06:50.000 [notice] Bootstrapped 0% (starting): Starting
[w3:gh:pro] tor: Aug 05 16:06:51.000 [notice] Bootstrapped 5% (conn): Connecting to a relay
[w3:gh:pro] tor: Aug 05 16:06:51.000 [notice] Bootstrapped 10% (conn_done): Connected to a relay
[w3:gh:pro] tor: Aug 05 16:06:57.000 [notice] Bootstrapped 14% (handshake): Handshaking with a relay
[w3:gh:pro] tor: Aug 05 16:06:58.000 [notice] Bootstrapped 15% (handshake_done): Handshake with a relay done
Aug 05 16:06:58.000 [notice] Bootstrapped 20% (onehop_create): Estab
[w3:gh:pro] tor: Aug 05 16:06:58.000 [notice] Bootstrapped 25% (requesting_status): Asking for networkstatus consensus
[w3:gh:pro] tor: Aug 05 16:06:58.000 [notice] Bootstrapped 30% (loading_status): Loading networkstatus consensus
[w3:gh:pro] tor: Aug 05 16:07:00.000 [notice] Bootstrapped 40% (loading_keys): Loading authority key certs
[w3:gh:pro] tor: Aug 05 16:07:00.000 [notice] Bootstrapped 45% (requesting_descriptors): Asking for relay descriptors
Aug 05 16:07:00.000 [notice] I learned some more directory 
[w3:gh:pro] tor: Aug 05 16:07:01.000 [notice] Bootstrapped 50% (loading_descriptors): Loading relay descriptors
[w3:gh:pro] heartbeat words=32088 queue=111 rotation=30 idle=1s
[w3:gh:pro] tor: Aug 05 16:07:10.000 [notice] Bootstrapped 55% (loading_descriptors): Loading relay descriptors
[w3:gh:pro] tor: Aug 05 16:07:11.000 [notice] Bootstrapped 61% (loading_descriptors): Loading relay descriptors
[w3:gh:pro] tor: Aug 05 16:07:12.000 [notice] Bootstrapped 67% (loading_descriptors): Loading relay descriptors
[w3:gh:pro] tor: Aug 05 16:07:12.000 [notice] Bootstrapped 75% (enough_dirinfo): Loaded enough directory info to build circuits
[w3:gh:pro] tor: Aug 05 16:07:12.000 [notice] Bootstrapped 90% (ap_handshake_done): Handshake finished with a relay to build circuits
Aug 05 16:07:12.000 [notice] Bootstrapped 9
[w3:gh:pro] tor: Aug 05 16:07:13.000 [notice] Bootstrapped 100% (done): Done
[w3:gh:pro] Tor ready on 19053 exit=192.42.116.108
[w3:gh:pro] Rotating IP (#30, try 1) after No Turnstile token for direct search → tor#31 socks5://127.0.0.1:19053
[w3:gh:pro] Launching persistent Chrome profile /tmp/lll-pw-w3-r30
[w3:gh:pro] Proxy tor#31 socks5://127.0.0.1:19053
[w3:gh:pro] Opening https://lastletterlibrary.com
[w3:gh:pro] Library mode=pro
[w3:gh:pro] Site Turnstile remint timed out (22403ms)
[w3:gh:pro] Search mode=direct (skip UI Wait Ns… gate)
[w3:gh:pro] Cleaned 1 old rotated profile(s)
[w3:gh:pro] Browser exit IP=185.220.101.27 (unique)
[w3:gh:pro] Searching "heterr" | queue=110 | words=32088
[w3:gh:pro] heartbeat words=32088 queue=110 rotation=30 idle=11s
[w3:gh:pro] Site Turnstile remint timed out (24144ms)
[w3:gh:pro] Managed Turnstile token (len=816, 15951ms, remount)
[w3:gh:pro] [api] 200 mode=pro startsWith=heterr
[w3:gh:pro] [api] 200 mode=pro startsWith=heterr (1979ms direct)
[w3:gh:pro] "heterr" → 0 records, 0 words
[w3:gh:pro] "heterr" branch complete
[w3:gh:pro] Saved 32,088 worker words
[w3:gh:pro] Searching "heters" | queue=109 | words=32088
[w3:gh:pro] Pacing 13s before "heters" (gap=15500ms)
[w3:gh:pro] Managed Turnstile token (len=816, 11177ms, reset)
[w3:gh:pro] [api] 429 mode=pro startsWith=heters
[w3:gh:pro] [api] 429 mode=pro startsWith=heters (781ms direct)
[w3:gh:pro] Learned server gap ≈ 15500ms (wait hint 2000ms)
[w3:gh:pro] Rate limited — inline wait 2000ms then retry "heters"
[w3:gh:pro] heartbeat words=32088 queue=109 rotation=30 idle=17s
[w3:gh:pro] Site Turnstile remint timed out (24912ms)
[w3:gh:pro] Managed Turnstile token (len=816, 16749ms, remount)
[w3:gh:pro] [api] 200 mode=pro startsWith=heters
[w3:gh:pro] [api] 200 mode=pro startsWith=heters (588ms direct)
[w3:gh:pro] "heters" → 0 records, 0 words
[w3:gh:pro] "heters" branch complete
[w3:gh:pro] Saved 32,088 worker words
[w3:gh:pro] Searching "hetert" | queue=108 | words=32088
[w3:gh:pro] Pacing 15s before "hetert" (gap=15500ms)
[w3:gh:pro] Managed Turnstile token (len=816, 8231ms, reset)
[w3:gh:pro] [api] 200 mode=pro startsWith=hetert
[w3:gh:pro] [api] 200 mode=pro startsWith=hetert (755ms direct)
[w3:gh:pro] "hetert" → 0 records, 0 words
[w3:gh:pro] "hetert" branch complete
[w3:gh:pro] Saved 32,088 worker words
[w3:gh:pro] Searching "heteru" | queue=107 | words=32088
[w3:gh:pro] Pacing 15s before "heteru" (gap=15500ms)
[w3:gh:pro] Managed Turnstile token (len=816, 7343ms, reset)
[w3:gh:pro] [api] 200 mode=pro startsWith=heteru
[w3:gh:pro] [api] 200 mode=pro startsWith=heteru (634ms direct)
[w3:gh:pro] "heteru" → 0 records, 0 words
[w3:gh:pro] "heteru" branch complete
[w3:gh:pro] Saved 32,088 worker words; shared last.txt now 357,939
[w3:gh:pro] Searching "heterv" | queue=106 | words=32088
[w3:gh:pro] Pacing 13s before "heterv" (gap=15500ms)
[w3:gh:pro] heartbeat words=32088 queue=106 rotation=30 idle=1s
[w3:gh:pro] Site Turnstile remint timed out (23169ms)
[w3:gh:pro] Managed Turnstile token (len=816, 12165ms, remount)
[w3:gh:pro] [api] 200 mode=pro startsWith=heterv
[w3:gh:pro] [api] 200 mode=pro startsWith=heterv (696ms direct)
[w3:gh:pro] "heterv" → 0 records, 0 words
[w3:gh:pro] "heterv" branch complete
[w3:gh:pro] Saved 32,088 worker words
[w3:gh:pro] Searching "heterw" | queue=105 | words=32088
[w3:gh:pro] Pacing 15s before "heterw" (gap=15500ms)
[w3:gh:pro] Managed Turnstile token (len=816, 15647ms, reset)
[w3:gh:pro] [api] 200 mode=pro startsWith=heterw
[w3:gh:pro] [api] 200 mode=pro startsWith=heterw (571ms direct)
[w3:gh:pro] "heterw" → 0 records, 0 words
[w3:gh:pro] "heterw" branch complete
[w3:gh:pro] Saved 32,088 worker words
[w3:gh:pro] Searching "heterx" | queue=104 | words=32088
[w3:gh:pro] Pacing 15s before "heterx" (gap=15500ms)
[w3:gh:pro] heartbeat words=32088 queue=104 rotation=30 idle=11s
[w3:gh:pro] Site Turnstile remint timed out (24992ms)
[w3:gh:pro] Site Turnstile remint timed out (23502ms)
[w3:gh:pro] heartbeat words=32088 queue=104 rotation=30 idle=23s
[w3:gh:pro] Turnstile token present (len=816)
[w3:gh:pro] Site Turnstile token (23987ms)
[w3:gh:pro] [api] 200 mode=pro startsWith=heterx
[w3:gh:pro] [api] 200 mode=pro startsWith=heterx (547ms direct)
[w3:gh:pro] "heterx" → 0 records, 0 words
[w3:gh:pro] "heterx" branch complete
[w3:gh:pro] Saved 32,088 worker words
[w3:gh:pro] Searching "hetery" | queue=103 | words=32088
[w3:gh:pro] Pacing 15s before "hetery" (gap=15500ms)
[w3:gh:pro] Managed Turnstile token (len=816, 7163ms, remount)
[w3:gh:pro] [api] 200 mode=pro startsWith=hetery
[w3:gh:pro] [api] 200 mode=pro startsWith=hetery (636ms direct)
[w3:gh:pro] "hetery" → 0 records, 0 words
[w3:gh:pro] "hetery" branch complete
[w3:gh:pro] Saved 32,088 worker words
[w3:gh:pro] Searching "heterz" | queue=102 | words=32088
[w3:gh:pro] Pacing 15s before "heterz" (gap=15500ms)
[w3:gh:pro] Managed Turnstile token (len=816, 9802ms, reset)
[w3:gh:pro] [api] 200 mode=pro startsWith=heterz
[w3:gh:pro] [api] 200 mode=pro startsWith=heterz (686ms direct)
[w3:gh:pro] "heterz" → 0 records, 0 words
[w3:gh:pro] "heterz" branch complete
[w3:gh:pro] Saved 32,088 worker words
[w3:gh:pro] Searching "hippot" | queue=101 | words=32088
[w3:gh:pro] Pacing 14s before "hippot" (gap=15500ms)
[w3:gh:pro] Managed Turnstile token (len=816, 13259ms, reset)
[w3:gh:pro] [api] 200 mode=pro startsWith=hippot
[w3:gh:pro] [api] 200 mode=pro startsWith=hippot (599ms direct)
[w3:gh:pro] "hippot" → 7 records, 7 words
[w3:gh:pro] "hippot" branch complete
[w3:gh:pro] Saved 32,088 worker words
[w3:gh:pro] Searching "hippou" | queue=100 | words=32088
[w3:gh:pro] Pacing 15s before "hippou" (gap=15500ms)
[w3:gh:pro] heartbeat words=32088 queue=100 rotation=30 idle=11s
[w3:gh:pro] Managed Turnstile token (len=816, 12589ms, reset)
[w3:gh:pro] [api] 429 mode=pro startsWith=hippou
[w3:gh:pro] [api] 429 mode=pro startsWith=hippou (660ms direct)
[w3:gh:pro] Learned server gap ≈ 15500ms (wait hint 2000ms)
[w3:gh:pro] Rate limited — inline wait 2000ms then retry "hippou"
[w3:gh:pro] Managed Turnstile token (len=816, 8642ms, reset)
[w3:gh:pro] [api] 200 mode=pro startsWith=hippou
[w3:gh:pro] [api] 200 mode=pro startsWith=hippou (572ms direct)
[w3:gh:pro] "hippou" → 0 records, 0 words
[w3:gh:pro] "hippou" branch complete
[w3:gh:pro] Saved 32,088 worker words
[w3:gh:pro] Searching "hippov" | queue=99 | words=32088
[w3:gh:pro] Pacing 15s before "hippov" (gap=15500ms)
[w3:gh:pro] Turnstile token present (len=816)
[w3:gh:pro] Site Turnstile token (23045ms)
[w3:gh:pro] [api] 200 mode=pro startsWith=hippov
[w3:gh:pro] [api] 200 mode=pro startsWith=hippov (683ms direct)
[w3:gh:pro] "hippov" → 0 records, 0 words
[w3:gh:pro] "hippov" branch complete
[w3:gh:pro] Saved 32,088 worker words; shared last.txt now 358,901
[w3:gh:pro] Searching "hippow" | queue=98 | words=32088
[w3:gh:pro] Pacing 11s before "hippow" (gap=15500ms)
[w3:gh:pro] heartbeat words=32088 queue=98 rotation=30 idle=19s
[w3:gh:pro] Site Turnstile remint timed out (27220ms)
[w3:gh:pro] Turnstile mint hard timeout after 28000ms
[w3:gh:pro] Site Turnstile remint timed out (28480ms)
[w3:gh:pro] heartbeat words=32088 queue=98 rotation=30 idle=26s
[w3:gh:pro] Turnstile mint hard timeout after 28000ms
[w3:gh:pro] Site Turnstile remint timed out (34231ms)
[w3:gh:pro] Turnstile mint hard timeout after 28000ms
[w3:gh:pro] Failed "hippow" attempt 1: No Turnstile token for direct search
[w3:gh:pro] Saved 32,088 worker words
[w3:gh:pro] Turnstile miss — soft reload before rotate
[w3:gh:pro] Site Turnstile remint timed out (31367ms)
[w3:gh:pro] Site Turnstile remint timed out (12149ms)
[w3:gh:pro] Soft reload mint failed — rotating immediately
[w3:gh:pro] Tor exited code=0
[w3:gh:pro] Starting Tor gen=32 socks=127.0.0.1:19053 (try 1)
[w3:gh:pro] tor: Aug 05 16:15:50.004 [warn] Fixing permissions on directory /tmp/lll-tor-w3
[w3:gh:pro] tor: Aug 05 16:15:50.000 [notice] Bootstrapped 0% (starting): Starting
[w3:gh:pro] tor: Aug 05 16:15:51.000 [notice] Bootstrapped 5% (conn): Connecting to a relay
[w3:gh:pro] tor: Aug 05 16:15:51.000 [notice] Bootstrapped 10% (conn_done): Connected to a relay
[w3:gh:pro] tor: Aug 05 16:15:57.000 [notice] Bootstrapped 14% (handshake): Handshaking with a relay
[w3:gh:pro] tor: Aug 05 16:15:57.000 [notice] Bootstrapped 15% (handshake_done): Handshake with a relay done
Aug 05 16:15:57.000 [notice] Bootstrapped 20% (onehop_create): Estab
[w3:gh:pro] tor: Aug 05 16:15:57.000 [notice] Bootstrapped 25% (requesting_status): Asking for networkstatus consensus
[w3:gh:pro] tor: Aug 05 16:15:57.000 [notice] Bootstrapped 30% (loading_status): Loading networkstatus consensus
[w3:gh:pro] tor: Aug 05 16:15:58.000 [notice] Bootstrapped 40% (loading_keys): Loading authority key certs
[w3:gh:pro] tor: Aug 05 16:15:58.000 [notice] Bootstrapped 45% (requesting_descriptors): Asking for relay descriptors
Aug 05 16:15:58.000 [notice] I learned some more directory 
[w3:gh:pro] tor: Aug 05 16:15:59.000 [notice] Bootstrapped 50% (loading_descriptors): Loading relay descriptors
[w3:gh:pro] heartbeat words=32088 queue=99 rotation=31 idle=3s
[w3:gh:pro] tor: Aug 05 16:16:07.000 [notice] Bootstrapped 55% (loading_descriptors): Loading relay descriptors
[w3:gh:pro] tor: Aug 05 16:16:07.000 [notice] Bootstrapped 61% (loading_descriptors): Loading relay descriptors
[w3:gh:pro] tor: Aug 05 16:16:07.000 [notice] Bootstrapped 67% (loading_descriptors): Loading relay descriptors
[w3:gh:pro] tor: Aug 05 16:16:07.000 [notice] Bootstrapped 75% (enough_dirinfo): Loaded enough directory info to build circuits
[w3:gh:pro] tor: Aug 05 16:16:08.000 [notice] Bootstrapped 90% (ap_handshake_done): Handshake finished with a relay to build circuits
Aug 05 16:16:08.000 [notice] Bootstrapped 9
[w3:gh:pro] tor: Aug 05 16:16:09.000 [notice] Bootstrapped 100% (done): Done
[w3:gh:pro] Tor ready on 19053 exit=192.42.116.53
[w3:gh:pro] Rotating IP (#31, try 1) after No Turnstile token for direct search → tor#32 socks5://127.0.0.1:19053
[w3:gh:pro] Launching persistent Chrome profile /tmp/lll-pw-w3-r31
[w3:gh:pro] Proxy tor#32 socks5://127.0.0.1:19053
[w3:gh:pro] Opening https://lastletterlibrary.com
[w3:gh:pro] Library mode=pro
[w3:gh:pro] Managed Turnstile token (len=816, 4553ms, remount)
[w3:gh:pro] Search mode=direct (skip UI Wait Ns… gate)
[w3:gh:pro] Cleaned 1 old rotated profile(s)
[w3:gh:pro] Browser exit IP=192.42.116.53 (unique)
[w3:gh:pro] Searching "hippow" | queue=98 | words=32088
[w3:gh:pro] [api] 200 mode=pro startsWith=hippow
[w3:gh:pro] [api] 200 mode=pro startsWith=hippow (672ms direct)
[w3:gh:pro] "hippow" → 0 records, 0 words
[w3:gh:pro] "hippow" branch complete
[w3:gh:pro] Saved 32,088 worker words
[w3:gh:pro] Searching "hippox" | queue=97 | words=32088
[w3:gh:pro] Pacing 15s before "hippox" (gap=15500ms)
[w3:gh:pro] Managed Turnstile token (len=816, 3795ms, reset)
[w3:gh:pro] [api] 200 mode=pro startsWith=hippox
[w3:gh:pro] [api] 200 mode=pro startsWith=hippox (468ms direct)
[w3:gh:pro] "hippox" → 0 records, 0 words
[w3:gh:pro] "hippox" branch complete
[w3:gh:pro] Saved 32,088 worker words
[w3:gh:pro] Searching "hippoy" | queue=96 | words=32088
[w3:gh:pro] Pacing 15s before "hippoy" (gap=15500ms)
[w3:gh:pro] Managed Turnstile token (len=816, 4511ms, reset)
[w3:gh:pro] [api] 200 mode=pro startsWith=hippoy
[w3:gh:pro] [api] 200 mode=pro startsWith=hippoy (992ms direct)
[w3:gh:pro] "hippoy" → 0 records, 0 words
[w3:gh:pro] "hippoy" branch complete
[w3:gh:pro] Saved 32,088 worker words
[w3:gh:pro] Searching "hippoz" | queue=95 | words=32088
[w3:gh:pro] Pacing 15s before "hippoz" (gap=15500ms)
[w3:gh:pro] Managed Turnstile token (len=816, 4093ms, reset)
[w3:gh:pro] heartbeat words=32088 queue=95 rotation=31 idle=3s
[w3:gh:pro] [api] 200 mode=pro startsWith=hippoz
[w3:gh:pro] [api] 200 mode=pro startsWith=hippoz (1972ms direct)
[w3:gh:pro] "hippoz" → 0 records, 0 words
[w3:gh:pro] "hippoz" branch complete
[w3:gh:pro] Saved 32,088 worker words
[w3:gh:pro] Searching "histor" | queue=94 | words=32088
[w3:gh:pro] Pacing 14s before "histor" (gap=15500ms)
[w3:gh:pro] Managed Turnstile token (len=816, 4352ms, reset)
[w3:gh:pro] [api] 200 mode=pro startsWith=histor
[w3:gh:pro] [api] 200 mode=pro startsWith=histor (447ms direct)
[w3:gh:pro] "histor" → 70 records, 70 words
[w3:gh:pro] "histor" branch complete
[w3:gh:pro] Saved 32,088 worker words
[w3:gh:pro] Searching "histos" | queue=93 | words=32088
[w3:gh:pro] Pacing 15s before "histos" (gap=15500ms)
[w3:gh:pro] Managed Turnstile token (len=816, 5221ms, reset)
[w3:gh:pro] [api] 200 mode=pro startsWith=histos
[w3:gh:pro] [api] 200 mode=pro startsWith=histos (472ms direct)
[w3:gh:pro] "histos" → 0 records, 0 words
[w3:gh:pro] "histos" branch complete
[w3:gh:pro] Saved 32,088 worker words
[w3:gh:pro] Searching "histot" | queue=92 | words=32088
[w3:gh:pro] Pacing 15s before "histot" (gap=15500ms)
[w3:gh:pro] Managed Turnstile token (len=816, 8424ms, reset)
[w3:gh:pro] [api] 200 mode=pro startsWith=histot
[w3:gh:pro] [api] 200 mode=pro startsWith=histot (569ms direct)
[w3:gh:pro] "histot" → 9 records, 9 words
[w3:gh:pro] "histot" branch complete
[w3:gh:pro] Saved 32,088 worker words; shared last.txt now 360,013
[w3:gh:pro] Searching "histou" | queue=91 | words=32088
[w3:gh:pro] Pacing 13s before "histou" (gap=15500ms)
[w3:gh:pro] heartbeat words=32088 queue=91 rotation=31 idle=3s
[w3:gh:pro] Managed Turnstile token (len=816, 6836ms, reset)
[w3:gh:pro] [api] 200 mode=pro startsWith=histou
[w3:gh:pro] [api] 200 mode=pro startsWith=histou (1095ms direct)
[w3:gh:pro] "histou" → 0 records, 0 words
[w3:gh:pro] "histou" branch complete
[w3:gh:pro] Saved 32,088 worker words
[w3:gh:pro] Searching "histov" | queue=90 | words=32088
[w3:gh:pro] Pacing 15s before "histov" (gap=15500ms)
[w3:gh:pro] Managed Turnstile token (len=816, 6894ms, remount)
[w3:gh:pro] [api] 200 mode=pro startsWith=histov
[w3:gh:pro] [api] 200 mode=pro startsWith=histov (448ms direct)
[w3:gh:pro] "histov" → 0 records, 0 words
[w3:gh:pro] "histov" branch complete
[w3:gh:pro] Saved 32,088 worker words
[w3:gh:pro] Searching "histow" | queue=89 | words=32088
[w3:gh:pro] Pacing 15s before "histow" (gap=15500ms)
[w3:gh:pro] Managed Turnstile token (len=816, 7558ms, reset)
[w3:gh:pro] [api] 200 mode=pro startsWith=histow
[w3:gh:pro] [api] 200 mode=pro startsWith=histow (645ms direct)
[w3:gh:pro] "histow" → 0 records, 0 words
[w3:gh:pro] "histow" branch complete
[w3:gh:pro] Saved 32,088 worker words
[w3:gh:pro] Searching "histox" | queue=88 | words=32088
[w3:gh:pro] Pacing 15s before "histox" (gap=15500ms)
[w3:gh:pro] Managed Turnstile token (len=816, 10115ms, reset)
[w3:gh:pro] [api] 200 mode=pro startsWith=histox
[w3:gh:pro] [api] 200 mode=pro startsWith=histox (450ms direct)
[w3:gh:pro] "histox" → 0 records, 0 words
[w3:gh:pro] "histox" branch complete
[w3:gh:pro] Saved 32,088 worker words
[w3:gh:pro] Searching "histoy" | queue=87 | words=32088
[w3:gh:pro] Pacing 15s before "histoy" (gap=15500ms)
[w3:gh:pro] heartbeat words=32088 queue=87 rotation=31 idle=4s
[w3:gh:pro] Turnstile mint hard timeout after 28000ms
[w3:gh:pro] Site Turnstile remint timed out (38232ms)
[w3:gh:pro] Turnstile token present (len=816)
[w3:gh:pro] Site Turnstile token (26579ms)
[w3:gh:pro] [api] 200 mode=pro startsWith=histoy
[w3:gh:pro] [api] 200 mode=pro startsWith=histoy (502ms direct)
[w3:gh:pro] "histoy" → 0 records, 0 words
[w3:gh:pro] "histoy" branch complete
[w3:gh:pro] Saved 32,088 worker words
[w3:gh:pro] Searching "histoz" | queue=86 | words=32088
[w3:gh:pro] Pacing 10s before "histoz" (gap=15500ms)
[w3:gh:pro] heartbeat words=32088 queue=86 rotation=31 idle=3s
[w3:gh:pro] Turnstile mint hard timeout after 28000ms
[w3:gh:pro] Turnstile mint hard timeout after 28000ms
[w3:gh:pro] Turnstile token present (len=816)
[w3:gh:pro] Site Turnstile token (30632ms)
[w3:gh:pro] heartbeat words=32088 queue=86 rotation=31 idle=8s
[w3:gh:pro] Managed Turnstile token (len=816, 12667ms, remount)
[w3:gh:pro] [api] 200 mode=pro startsWith=histoz
[w3:gh:pro] [api] 200 mode=pro startsWith=histoz (727ms direct)
[w3:gh:pro] "histoz" → 2 records, 2 words
[w3:gh:pro] "histoz" branch complete
[w3:gh:pro] Saved 32,088 worker words
[w3:gh:pro] Searching "horsey" | queue=85 | words=32088
[w3:gh:pro] Pacing 15s before "horsey" (gap=15500ms)
[w3:gh:pro] Managed Turnstile token (len=816, 5076ms, reset)
[w3:gh:pro] [api] 200 mode=pro startsWith=horsey
[w3:gh:pro] [api] 200 mode=pro startsWith=horsey (668ms direct)
[w3:gh:pro] "horsey" → 1 records, 1 words (incl. exact "horsey")
[w3:gh:pro] "horsey" branch complete
[w3:gh:pro] Saved 32,088 worker words
[w3:gh:pro] Searching "horsez" | queue=84 | words=32088
[w3:gh:pro] Pacing 15s before "horsez" (gap=15500ms)
[w3:gh:pro] Managed Turnstile token (len=816, 4087ms, reset)
[w3:gh:pro] [api] 200 mode=pro startsWith=horsez
[w3:gh:pro] [api] 200 mode=pro startsWith=horsez (463ms direct)
[w3:gh:pro] "horsez" → 0 records, 0 words
[w3:gh:pro] "horsez" branch complete
[w3:gh:pro] Saved 32,088 worker words; shared last.txt now 360,181
[w3:gh:pro] Searching "housey" | queue=83 | words=32088
[w3:gh:pro] Pacing 15s before "housey" (gap=15500ms)
[w3:gh:pro] Managed Turnstile token (len=816, 6594ms, reset)
[w3:gh:pro] [api] 200 mode=pro startsWith=housey
[w3:gh:pro] [api] 200 mode=pro startsWith=housey (531ms direct)
[w3:gh:pro] "housey" → 1 records, 1 words (incl. exact "housey")
[w3:gh:pro] "housey" branch complete
[w3:gh:pro] Saved 32,088 worker words
[w3:gh:pro] Searching "housez" | queue=82 | words=32088
[w3:gh:pro] Pacing 15s before "housez" (gap=15500ms)
[w3:gh:pro] heartbeat words=32088 queue=82 rotation=31 idle=10s
[w3:gh:pro] Site Turnstile remint timed out (22382ms)
[w3:gh:pro] Managed Turnstile token (len=816, 6838ms, remount)
[w3:gh:pro] [api] 200 mode=pro startsWith=housez
[w3:gh:pro] [api] 200 mode=pro startsWith=housez (570ms direct)
[w3:gh:pro] "housez" → 0 records, 0 words
[w3:gh:pro] "housez" branch complete
[w3:gh:pro] Saved 32,088 worker words
[w3:gh:pro] Searching "hydraz" | queue=81 | words=32088
[w3:gh:pro] Pacing 15s before "hydraz" (gap=15500ms)
[w3:gh:pro] Managed Turnstile token (len=816, 3583ms, reset)
[w3:gh:pro] [api] 200 mode=pro startsWith=hydraz
[w3:gh:pro] [api] 200 mode=pro startsWith=hydraz (470ms direct)
[w3:gh:pro] "hydraz" → 16 records, 16 words
[w3:gh:pro] "hydraz" branch complete
[w3:gh:pro] Saved 32,088 worker words
[w3:gh:pro] Searching "hydroc" | queue=80 | words=32088
[w3:gh:pro] Pacing 16s before "hydroc" (gap=15500ms)
[w3:gh:pro] Managed Turnstile token (len=816, 4810ms, reset)
[w3:gh:pro] [api] 200 mode=pro startsWith=hydroc
[w3:gh:pro] [api] 200 mode=pro startsWith=hydroc (482ms direct)
[w3:gh:pro] "hydroc" → 100 records, 100 words
[w3:gh:pro] Pacing 15s before "hydroc" (gap=15500ms)
[w3:gh:pro] Managed Turnstile token (len=816, 4916ms, reset)
[w3:gh:pro] heartbeat words=32130 queue=80 rotation=31 idle=5s
[w3:gh:pro] [api] 200 mode=pro startsWith=hydroc
[w3:gh:pro] [api] 200 mode=pro startsWith=hydroc sort=alphabetical:desc (475ms direct)
[w3:gh:pro] "hydroc" full page ends at "hydrocracker" (next='r'); skip 26 covered groups → 2 children reverse Z→A ends at "hydrocaryaceous" (lo='a' hi='y'); skip 23 middle + 14 new words
[w3:gh:pro] Saved 32,144 worker words
[w3:gh:pro] Searching "hydrod" | queue=81 | words=32144
[w3:gh:pro] Pacing 15s before "hydrod" (gap=15500ms)
[w3:gh:pro] Managed Turnstile token (len=816, 5032ms, reset)
[w3:gh:pro] [api] 200 mode=pro startsWith=hydrod
[w3:gh:pro] [api] 200 mode=pro startsWith=hydrod (468ms direct)
[w3:gh:pro] "hydrod" → 39 records, 39 words
[w3:gh:pro] "hydrod" branch complete
[w3:gh:pro] Saved 32,183 worker words
[w3:gh:pro] Searching "hydroe" | queue=80 | words=32183
[w3:gh:pro] Pacing 15s before "hydroe" (gap=15500ms)
[w3:gh:pro] Managed Turnstile token (len=816, 5553ms, reset)
[w3:gh:pro] [api] 200 mode=pro startsWith=hydroe
[w3:gh:pro] [api] 200 mode=pro startsWith=hydroe (493ms direct)
[w3:gh:pro] "hydroe" → 13 records, 13 words
[w3:gh:pro] "hydroe" branch complete
[w3:gh:pro] Saved 32,196 worker words
[w3:gh:pro] Searching "hydrof" | queue=79 | words=32196
[w3:gh:pro] Pacing 15s before "hydrof" (gap=15500ms)
[w3:gh:pro] Managed Turnstile token (len=816, 6407ms, reset)
[w3:gh:pro] [api] 200 mode=pro startsWith=hydrof
[w3:gh:pro] [api] 200 mode=pro startsWith=hydrof (685ms direct)
[w3:gh:pro] "hydrof" → 25 records, 25 words
[w3:gh:pro] "hydrof" branch complete
[w3:gh:pro] Saved 32,221 worker words
[w3:gh:pro] Searching "hydrog" | queue=78 | words=32221
[w3:gh:pro] Pacing 15s before "hydrog" (gap=15500ms)
[w3:gh:pro] heartbeat words=32221 queue=78 rotation=31 idle=7s
[w3:gh:pro] Turnstile token present (len=816)
[w3:gh:pro] Site Turnstile token (26749ms)
[w3:gh:pro] [api] 200 mode=pro startsWith=hydrog
[w3:gh:pro] [api] 200 mode=pro startsWith=hydrog (540ms direct)
[w3:gh:pro] "hydrog" → 59 records, 59 words
[w3:gh:pro] "hydrog" branch complete
[w3:gh:pro] Saved 32,280 worker words; shared last.txt now 360,638
[w3:gh:pro] Searching "hydroh" | queue=77 | words=32280
[w3:gh:pro] Site Turnstile remint timed out (25133ms)
[w3:gh:pro] heartbeat words=32280 queue=77 rotation=31 idle=13s
[w3:gh:pro] Turnstile token present (len=816)
[w3:gh:pro] Site Turnstile token (19733ms)
[w3:gh:pro] [api] 200 mode=pro startsWith=hydroh
[w3:gh:pro] [api] 200 mode=pro startsWith=hydroh (513ms direct)
[w3:gh:pro] "hydroh" → 9 records, 9 words
[w3:gh:pro] "hydroh" branch complete
[w3:gh:pro] Saved 32,289 worker words
[w3:gh:pro] Searching "hydroi" | queue=76 | words=32289
[w3:gh:pro] Pacing 15s before "hydroi" (gap=15500ms)
[w3:gh:pro] Turnstile token present (len=816)
[w3:gh:pro] Site Turnstile token (21734ms)
[w3:gh:pro] [api] 200 mode=pro startsWith=hydroi
[w3:gh:pro] [api] 200 mode=pro startsWith=hydroi (521ms direct)
[w3:gh:pro] "hydroi" → 6 records, 6 words
[w3:gh:pro] "hydroi" branch complete
[w3:gh:pro] Saved 32,295 worker words
[w3:gh:pro] Searching "hydroj" | queue=75 | words=32295
[w3:gh:pro] Pacing 15s before "hydroj" (gap=15500ms)
[w3:gh:pro] Site Turnstile remint timed out (22797ms)
[w3:gh:pro] heartbeat words=32295 queue=75 rotation=31 idle=8s
[w3:gh:pro] Managed Turnstile token (len=816, 9610ms, remount)
[w3:gh:pro] [api] 200 mode=pro startsWith=hydroj
[w3:gh:pro] [api] 200 mode=pro startsWith=hydroj (535ms direct)
[w3:gh:pro] "hydroj" → 0 records, 0 words
[w3:gh:pro] "hydroj" branch complete
[w3:gh:pro] Saved 32,295 worker words
[w3:gh:pro] Searching "hydrok" | queue=74 | words=32295
[w3:gh:pro] Pacing 15s before "hydrok" (gap=15500ms)
[w3:gh:pro] Turnstile mint hard timeout after 28000ms
[w3:gh:pro] Site Turnstile remint timed out (30306ms)
[w3:gh:pro] Managed Turnstile token (len=816, 14630ms, remount)
[w3:gh:pro] [api] 200 mode=pro startsWith=hydrok
[w3:gh:pro] [api] 200 mode=pro startsWith=hydrok (527ms direct)
[w3:gh:pro] "hydrok" → 4 records, 4 words
[w3:gh:pro] "hydrok" branch complete
[w3:gh:pro] Saved 32,299 worker words
[w3:gh:pro] Searching "hydrol" | queue=73 | words=32299
[w3:gh:pro] Pacing 14s before "hydrol" (gap=15500ms)
[w3:gh:pro] heartbeat words=32299 queue=73 rotation=31 idle=14s
[w3:gh:pro] Turnstile token present (len=816)
[w3:gh:pro] Site Turnstile token (19678ms)
[w3:gh:pro] [api] 200 mode=pro startsWith=hydrol
[w3:gh:pro] [api] 200 mode=pro startsWith=hydrol (514ms direct)
[w3:gh:pro] "hydrol" → 45 records, 45 words (incl. exact "hydrol")
[w3:gh:pro] "hydrol" branch complete
[w3:gh:pro] Saved 32,344 worker words
[w3:gh:pro] Searching "hydrom" | queue=72 | words=32344
[w3:gh:pro] Pacing 15s before "hydrom" (gap=15500ms)
[w3:gh:pro] Managed Turnstile token (len=816, 14424ms, remount)
[w3:gh:pro] [api] 200 mode=pro startsWith=hydrom
[w3:gh:pro] [api] 200 mode=pro startsWith=hydrom (654ms direct)
[w3:gh:pro] "hydrom" → 72 records, 72 words
[w3:gh:pro] "hydrom" branch complete
[w3:gh:pro] Saved 32,416 worker words
[w3:gh:pro] Searching "hydron" | queue=71 | words=32416
[w3:gh:pro] Pacing 15s before "hydron" (gap=15500ms)
[w3:gh:pro] Managed Turnstile token (len=816, 7087ms, reset)
[w3:gh:pro] [api] 200 mode=pro startsWith=hydron
[w3:gh:pro] [api] 200 mode=pro startsWith=hydron (576ms direct)
[w3:gh:pro] "hydron" → 16 records, 16 words
[w3:gh:pro] "hydron" branch complete
[w3:gh:pro] Saved 32,432 worker words
[w3:gh:pro] Searching "hydroo" | queue=70 | words=32432
[w3:gh:pro] Pacing 14s before "hydroo" (gap=15500ms)
[w3:gh:pro] heartbeat words=32432 queue=70 rotation=31 idle=21s
[w3:gh:pro] Turnstile token present (len=816)
[w3:gh:pro] Site Turnstile token (23632ms)
[w3:gh:pro] [api] 200 mode=pro startsWith=hydroo
[w3:gh:pro] [api] 200 mode=pro startsWith=hydroo (589ms direct)
[w3:gh:pro] "hydroo" → 0 records, 0 words
[w3:gh:pro] "hydroo" branch complete
[w3:gh:pro] Saved 32,432 worker words; shared last.txt now 361,189
[w3:gh:pro] Searching "hydrop" | queue=69 | words=32432
[w3:gh:pro] Turnstile mint hard timeout after 28000ms
[w3:gh:pro] Site Turnstile remint timed out (24512ms)
[w3:gh:pro] heartbeat words=32432 queue=69 rotation=31 idle=4s
[w3:gh:pro] Site Turnstile remint timed out (23478ms)
[w3:gh:pro] Site Turnstile remint timed out (24644ms)
[w3:gh:pro] Managed Turnstile token (len=816, 9862ms, remount)
[w3:gh:pro] [api] 200 mode=pro startsWith=hydrop
[w3:gh:pro] [api] 200 mode=pro startsWith=hydrop (505ms direct)
[w3:gh:pro] "hydrop" → 100 records, 100 words
[w3:gh:pro] Pacing 15s before "hydrop" (gap=15500ms)
[w3:gh:pro] Managed Turnstile token (len=816, 5006ms, reset)
[w3:gh:pro] heartbeat words=32532 queue=69 rotation=31 idle=0s
[w3:gh:pro] [api] 200 mode=pro startsWith=hydrop
[w3:gh:pro] [api] 200 mode=pro startsWith=hydrop sort=alphabetical:desc (473ms direct)
[w3:gh:pro] "hydrop" full page ends at "hydropneumothorax" (next='n'); skip 22 covered groups → 6 children reverse Z→A ends at "hydrophanes" (lo='h' hi='u'); skip 12 middle + 22 new words
[w3:gh:pro] Saved 32,554 worker words
[w3:gh:pro] Searching "hydroq" | queue=74 | words=32554
[w3:gh:pro] Pacing 15s before "hydroq" (gap=15500ms)
[w3:gh:pro] Managed Turnstile token (len=816, 12557ms, reset)
[w3:gh:pro] [api] 200 mode=pro startsWith=hydroq
[w3:gh:pro] [api] 200 mode=pro startsWith=hydroq (813ms direct)
[w3:gh:pro] "hydroq" → 6 records, 6 words
[w3:gh:pro] "hydroq" branch complete
[w3:gh:pro] Saved 32,560 worker words
[w3:gh:pro] Searching "hydror" | queue=73 | words=32560
[w3:gh:pro] Pacing 14s before "hydror" (gap=15500ms)
[w3:gh:pro] Turnstile mint hard timeout after 28000ms
[w3:gh:pro] Site Turnstile remint timed out (28575ms)
[w3:gh:pro] heartbeat words=32560 queue=73 rotation=31 idle=5s
[w3:gh:pro] Managed Turnstile token (len=816, 6849ms, remount)
[w3:gh:pro] [api] 200 mode=pro startsWith=hydror
[w3:gh:pro] [api] 200 mode=pro startsWith=hydror (590ms direct)
[w3:gh:pro] "hydror" → 11 records, 11 words
[w3:gh:pro] "hydror" branch complete
[w3:gh:pro] Saved 32,571 worker words
[w3:gh:pro] Searching "hydros" | queue=72 | words=32571
[w3:gh:pro] Pacing 15s before "hydros" (gap=15500ms)
[w3:gh:pro] Managed Turnstile token (len=816, 4194ms, reset)
[w3:gh:pro] [api] 200 mode=pro startsWith=hydros
[w3:gh:pro] [api] 200 mode=pro startsWith=hydros (454ms direct)
[w3:gh:pro] "hydros" → 70 records, 70 words (incl. exact "hydros")
[w3:gh:pro] "hydros" branch complete
[w3:gh:pro] Saved 32,641 worker words
[w3:gh:pro] Searching "hydrot" | queue=71 | words=32641
[w3:gh:pro] Pacing 15s before "hydrot" (gap=15500ms)
[w3:gh:pro] Managed Turnstile token (len=816, 4648ms, reset)
[w3:gh:pro] [api] 200 mode=pro startsWith=hydrot
[w3:gh:pro] [api] 200 mode=pro startsWith=hydrot (523ms direct)
[w3:gh:pro] "hydrot" → 44 records, 44 words
[w3:gh:pro] "hydrot" branch complete
[w3:gh:pro] Saved 32,685 worker words
[w3:gh:pro] Searching "hydrou" | queue=70 | words=32685
[w3:gh:pro] Pacing 15s before "hydrou" (gap=15500ms)
[w3:gh:pro] Managed Turnstile token (len=816, 3790ms, reset)
[w3:gh:pro] [api] 200 mode=pro startsWith=hydrou
[w3:gh:pro] [api] 200 mode=pro startsWith=hydrou (479ms direct)
[w3:gh:pro] "hydrou" → 3 records, 3 words
[w3:gh:pro] "hydrou" branch complete
[w3:gh:pro] Saved 32,688 worker words
[w3:gh:pro] Searching "hydrov" | queue=69 | words=32688
[w3:gh:pro] Pacing 15s before "hydrov" (gap=15500ms)
[w3:gh:pro] Managed Turnstile token (len=816, 4415ms, reset)
[w3:gh:pro] heartbeat words=32688 queue=69 rotation=31 idle=7s
[w3:gh:pro] [api] 200 mode=pro startsWith=hydrov
[w3:gh:pro] [api] 200 mode=pro startsWith=hydrov (457ms direct)
[w3:gh:pro] "hydrov" → 2 records, 2 words
[w3:gh:pro] "hydrov" branch complete
[w3:gh:pro] Saved 32,690 worker words
[w3:gh:pro] Searching "hydrow" | queue=68 | words=32690
[w3:gh:pro] Pacing 15s before "hydrow" (gap=15500ms)
[w3:gh:pro] Turnstile token present (len=816)
[w3:gh:pro] Site Turnstile token (22672ms)
[w3:gh:pro] [api] 200 mode=pro startsWith=hydrow
[w3:gh:pro] [api] 200 mode=pro startsWith=hydrow (573ms direct)
[w3:gh:pro] "hydrow" → 0 records, 0 words
[w3:gh:pro] "hydrow" branch complete
[w3:gh:pro] Saved 32,690 worker words; shared last.txt now 361,764
[w3:gh:pro] Searching "hydrox" | queue=67 | words=32690
[w3:gh:pro] Pacing 11s before "hydrox" (gap=15500ms)
[w3:gh:pro] Site Turnstile remint timed out (22934ms)
[w3:gh:pro] heartbeat words=32690 queue=67 rotation=31 idle=10s
[w3:gh:pro] Turnstile mint hard timeout after 28000ms
[w3:gh:pro] Site Turnstile remint timed out (29347ms)
[w3:gh:pro] Site Turnstile remint timed out (27751ms)
[w3:gh:pro] heartbeat words=32690 queue=67 rotation=31 idle=14s
[w3:gh:pro] Site Turnstile remint timed out (25760ms)
[w3:gh:pro] Managed Turnstile token (len=816, 10982ms, remount)
[w3:gh:pro] [api] 200 mode=pro startsWith=hydrox
[w3:gh:pro] [api] 200 mode=pro startsWith=hydrox (484ms direct)
[w3:gh:pro] "hydrox" → 100 records, 100 words
[w3:gh:pro] Pacing 15s before "hydrox" (gap=15500ms)
[w3:gh:pro] Managed Turnstile token (len=816, 5382ms, reset)
[w3:gh:pro] [api] 200 mode=pro startsWith=hydrox
[w3:gh:pro] [api] 200 mode=pro startsWith=hydrox sort=alphabetical:desc (646ms direct)
[w3:gh:pro] "hydrox" full page ends at "hydroxytryptamines" (next='y'); skip 26 covered groups → 2 children reverse Z→A ends at "hydroxonium" (lo='o' hi='y'); skip 9 middle + 0 new words
[w3:gh:pro] Saved 32,706 worker words
[w3:gh:pro] Searching "hydroz" | queue=68 | words=32706
[w3:gh:pro] Pacing 15s before "hydroz" (gap=15500ms)
[w3:gh:pro] Managed Turnstile token (len=816, 6282ms, reset)
[w3:gh:pro] [api] 200 mode=pro startsWith=hydroz
[w3:gh:pro] [api] 200 mode=pro startsWith=hydroz (670ms direct)
[w3:gh:pro] "hydroz" → 8 records, 8 words
[w3:gh:pro] "hydroz" branch complete
[w3:gh:pro] Saved 32,706 worker words
[w3:gh:pro] Searching "hypera" | queue=67 | words=32706
[w3:gh:pro] Pacing 11s before "hypera" (gap=15500ms)
[w3:gh:pro] heartbeat words=32706 queue=67 rotation=31 idle=2s
[w3:gh:pro] Managed Turnstile token (len=816, 11873ms, reset)
[w3:gh:pro] [api] 200 mode=pro startsWith=hypera
[w3:gh:pro] [api] 200 mode=pro startsWith=hypera (475ms direct)
[w3:gh:pro] "hypera" → 100 records, 100 words
[w3:gh:pro] Pacing 15s before "hypera" (gap=15500ms)
[w3:gh:pro] Managed Turnstile token (len=816, 5823ms, reset)
[w3:gh:pro] [api] 200 mode=pro startsWith=hypera
[w3:gh:pro] [api] 200 mode=pro startsWith=hypera sort=alphabetical:desc (658ms direct)
[w3:gh:pro] "hypera" full page ends at "hyperaware" (next='w'); skip 27 covered groups → 1 children reverse Z→A ends at "hyperaccurately" (lo='c' hi='z'); skip 22 middle + 4 new words
[w3:gh:pro] Saved 32,722 worker words
[w3:gh:pro] Searching "hyperb" | queue=67 | words=32722
[w3:gh:pro] Pacing 15s before "hyperb" (gap=15500ms)
[w3:gh:pro] Site Turnstile remint timed out (26071ms)
[w3:gh:pro] heartbeat words=32722 queue=67 rotation=31 idle=9s
[w3:gh:pro] Site Turnstile remint timed out (25252ms)
[w3:gh:pro] Turnstile mint hard timeout after 28000ms
[w3:gh:pro] Site Turnstile remint timed out (28852ms)
[w3:gh:pro] heartbeat words=32722 queue=67 rotation=31 idle=14s
[w3:gh:pro] Turnstile token present (len=816)
[w3:gh:pro] Site Turnstile token (22404ms)
[w3:gh:pro] [api] 200 mode=pro startsWith=hyperb
[w3:gh:pro] [api] 200 mode=pro startsWith=hyperb (541ms direct)
[w3:gh:pro] "hyperb" → 57 records, 57 words
[w3:gh:pro] "hyperb" branch complete
[w3:gh:pro] Saved 32,779 worker words
[w3:gh:pro] Searching "hyperc" | queue=66 | words=32779
[w3:gh:pro] Pacing 12s before "hyperc" (gap=15500ms)
[w3:gh:pro] Turnstile token present (len=816)
[w3:gh:pro] Site Turnstile token (22379ms)
[w3:gh:pro] [api] 200 mode=pro startsWith=hyperc
[w3:gh:pro] [api] 200 mode=pro startsWith=hyperc (678ms direct)
[w3:gh:pro] "hyperc" → 100 records, 100 words
[w3:gh:pro] Pacing 15s before "hyperc" (gap=15500ms)
[w3:gh:pro] Managed Turnstile token (len=816, 9736ms, remount)
[w3:gh:pro] [api] 200 mode=pro startsWith=hyperc
[w3:gh:pro] [api] 200 mode=pro startsWith=hyperc sort=alphabetical:desc (679ms direct)
[w3:gh:pro] "hyperc" full page ends at "hyperconvergences" (next='o'); skip 26 covered groups → 2 children reverse Z→A ends at "hypercholesterolemia" (lo='h' hi='y'); skip 16 middle + 47 new words
[w3:gh:pro] Saved 32,926 worker words
[w3:gh:pro] Searching "hyperd" | queue=67 | words=32926
[w3:gh:pro] Pacing 15s before "hyperd" (gap=15500ms)
[w3:gh:pro] Managed Turnstile token (len=816, 9285ms, reset)
[w3:gh:pro] heartbeat words=32926 queue=67 rotation=31 idle=2s
[w3:gh:pro] [api] 200 mode=pro startsWith=hyperd
[w3:gh:pro] [api] 200 mode=pro startsWith=hyperd (648ms direct)
[w3:gh:pro] "hyperd" → 54 records, 54 words
[w3:gh:pro] "hyperd" branch complete
[w3:gh:pro] Saved 32,980 worker words
[w3:gh:pro] Searching "hypere" | queue=66 | words=32980
[w3:gh:pro] Pacing 15s before "hypere" (gap=15500ms)
[w3:gh:pro] Managed Turnstile token (len=816, 8595ms, reset)
[w3:gh:pro] [api] 200 mode=pro startsWith=hypere
[w3:gh:pro] [api] 200 mode=pro startsWith=hypere (622ms direct)
[w3:gh:pro] "hypere" → 73 records, 73 words
[w3:gh:pro] "hypere" branch complete
[w3:gh:pro] Saved 33,053 worker words
[w3:gh:pro] Searching "hyperf" | queue=65 | words=33053
[w3:gh:pro] Pacing 15s before "hyperf" (gap=15500ms)
[w3:gh:pro] Managed Turnstile token (len=816, 10568ms, reset)
[w3:gh:pro] [api] 200 mode=pro startsWith=hyperf
[w3:gh:pro] [api] 200 mode=pro startsWith=hyperf (530ms direct)
[w3:gh:pro] "hyperf" → 23 records, 23 words
[w3:gh:pro] "hyperf" branch complete
[w3:gh:pro] Saved 33,076 worker words; shared last.txt now 363,597
[w3:gh:pro] Searching "hyperg" | queue=64 | words=33076
[w3:gh:pro] Pacing 7s before "hyperg" (gap=15500ms)
[w3:gh:pro] heartbeat words=33076 queue=64 rotation=31 idle=16s
[w3:gh:pro] Turnstile mint hard timeout after 28000ms
[w3:gh:pro] Site Turnstile remint timed out (30263ms)
[w3:gh:pro] Turnstile token present (len=816)
[w3:gh:pro] Site Turnstile token (28030ms)
[w3:gh:pro] [api] 200 mode=pro startsWith=hyperg
[w3:gh:pro] [api] 200 mode=pro startsWith=hyperg (540ms direct)
[w3:gh:pro] "hyperg" → 47 records, 47 words
[w3:gh:pro] "hyperg" branch complete
[w3:gh:pro] Saved 33,123 worker words
[w3:gh:pro] Searching "hyperh" | queue=63 | words=33123
[w3:gh:pro] Pacing 15s before "hyperh" (gap=15500ms)
[w3:gh:pro] heartbeat words=33123 queue=63 rotation=31 idle=28s
[w3:gh:pro] Turnstile mint hard timeout after 28000ms
[w3:gh:pro] Site Turnstile remint timed out (31233ms)
[w3:gh:pro] Managed Turnstile token (len=816, 17537ms, remount)
[w3:gh:pro] [api] 200 mode=pro startsWith=hyperh
[w3:gh:pro] [api] 200 mode=pro startsWith=hyperh (491ms direct)
[w3:gh:pro] "hyperh" → 14 records, 14 words
[w3:gh:pro] "hyperh" branch complete
[w3:gh:pro] Saved 33,137 worker words
[w3:gh:pro] Searching "hyperi" | queue=62 | words=33137
[w3:gh:pro] Pacing 14s before "hyperi" (gap=15500ms)
[w3:gh:pro] Managed Turnstile token (len=816, 13319ms, reset)
[w3:gh:pro] [api] 200 mode=pro startsWith=hyperi
[w3:gh:pro] [api] 200 mode=pro startsWith=hyperi (579ms direct)
[w3:gh:pro] "hyperi" → 60 records, 60 words
[w3:gh:pro] "hyperi" branch complete
[w3:gh:pro] Saved 33,197 worker words
[w3:gh:pro] Searching "hyperj" | queue=61 | words=33197
[w3:gh:pro] Pacing 15s before "hyperj" (gap=15500ms)
[w3:gh:pro] Managed Turnstile token (len=816, 5389ms, reset)
[w3:gh:pro] [api] 200 mode=pro startsWith=hyperj
[w3:gh:pro] [api] 200 mode=pro startsWith=hyperj (571ms direct)
[w3:gh:pro] "hyperj" → 0 records, 0 words
[w3:gh:pro] "hyperj" branch complete
[w3:gh:pro] Saved 33,197 worker words
[w3:gh:pro] Searching "hyperk" | queue=60 | words=33197
[w3:gh:pro] Pacing 15s before "hyperk" (gap=15500ms)
[w3:gh:pro] Managed Turnstile token (len=816, 6550ms, reset)
[w3:gh:pro] heartbeat words=33197 queue=60 rotation=31 idle=3s
[w3:gh:pro] [api] 200 mode=pro startsWith=hyperk
[w3:gh:pro] [api] 200 mode=pro startsWith=hyperk (512ms direct)
[w3:gh:pro] "hyperk" → 19 records, 19 words
[w3:gh:pro] "hyperk" branch complete
[w3:gh:pro] Saved 33,216 worker words
[w3:gh:pro] Searching "hyperl" | queue=59 | words=33216
[w3:gh:pro] Pacing 14s before "hyperl" (gap=15500ms)
[w3:gh:pro] Managed Turnstile token (len=816, 5297ms, reset)
[w3:gh:pro] [api] 200 mode=pro startsWith=hyperl
[w3:gh:pro] [api] 200 mode=pro startsWith=hyperl (524ms direct)
[w3:gh:pro] "hyperl" → 40 records, 40 words
[w3:gh:pro] "hyperl" branch complete
[w3:gh:pro] Saved 33,256 worker words
[w3:gh:pro] Searching "hyperm" | queue=58 | words=33256
[w3:gh:pro] Pacing 15s before "hyperm" (gap=15500ms)
[w3:gh:pro] Managed Turnstile token (len=816, 9993ms, reset)
[w3:gh:pro] [api] 200 mode=pro startsWith=hyperm
[w3:gh:pro] [api] 200 mode=pro startsWith=hyperm (486ms direct)
[w3:gh:pro] "hyperm" → 85 records, 85 words
[w3:gh:pro] "hyperm" branch complete
[w3:gh:pro] Saved 33,341 worker words
[w3:gh:pro] Searching "hypern" | queue=57 | words=33341
[w3:gh:pro] Pacing 15s before "hypern" (gap=15500ms)
[w3:gh:pro] heartbeat words=33341 queue=57 rotation=31 idle=24s
[w3:gh:pro] Site Turnstile remint timed out (25598ms)
[w3:gh:pro] Turnstile token present (len=816)
[w3:gh:pro] Site Turnstile token (27473ms)
[w3:gh:pro] [api] 200 mode=pro startsWith=hypern
[w3:gh:pro] [api] 200 mode=pro startsWith=hypern (512ms direct)
[w3:gh:pro] "hypern" → 33 records, 33 words
[w3:gh:pro] "hypern" branch complete
[w3:gh:pro] Saved 33,374 worker words; shared last.txt now 364,806
[w3:gh:pro] Searching "hypero" | queue=56 | words=33374
[w3:gh:pro] Pacing 7s before "hypero" (gap=15500ms)
[w3:gh:pro] Site Turnstile remint timed out (27625ms)
[w3:gh:pro] heartbeat words=33374 queue=56 rotation=31 idle=2s
[w3:gh:pro] Site Turnstile remint timed out (23987ms)
[w3:gh:pro] Site Turnstile remint timed out (25147ms)
[w3:gh:pro] heartbeat words=33374 queue=56 rotation=31 idle=13s
[w3:gh:pro] Turnstile mint hard timeout after 28000ms
[w3:gh:pro] Failed "hypero" attempt 1: No Turnstile token for direct search
[w3:gh:pro] Saved 33,374 worker words
[w3:gh:pro] Turnstile miss — soft reload before rotate
[w3:gh:pro] Site Turnstile remint timed out (34637ms)
[w3:gh:pro] Site Turnstile remint timed out (1478415ms)
[w3:gh:pro] Site Turnstile remint timed out (988587ms)
[w3:gh:pro] Turnstile token present (len=816)
[w3:gh:pro] Site Turnstile token (9321ms)
[w3:gh:pro] Searching "hypero" | queue=56 | words=33374
[w3:gh:pro] [api] 200 mode=pro startsWith=hypero
[w3:gh:pro] [api] 200 mode=pro startsWith=hypero (550ms direct)
[w3:gh:pro] "hypero" → 53 records, 53 words
[w3:gh:pro] "hypero" branch complete
[w3:gh:pro] Saved 33,427 worker words
[w3:gh:pro] Searching "hyperp" | queue=55 | words=33427
[w3:gh:pro] Pacing 13s before "hyperp" (gap=15500ms)
[w3:gh:pro] Managed Turnstile token (len=816, 6171ms, remount)
[w3:gh:pro] [api] 200 mode=pro startsWith=hyperp
[w3:gh:pro] [api] 200 mode=pro startsWith=hyperp (500ms direct)
[w3:gh:pro] "hyperp" → 100 records, 100 words
[w3:gh:pro] Pacing 15s before "hyperp" (gap=15500ms)
[w3:gh:pro] Managed Turnstile token (len=816, 5287ms, reset)
[w3:gh:pro] heartbeat words=33527 queue=55 rotation=31 idle=3s
[w3:gh:pro] [api] 200 mode=pro startsWith=hyperp
[w3:gh:pro] [api] 200 mode=pro startsWith=hyperp sort=alphabetical:desc (601ms direct)
[w3:gh:pro] "hyperp" full page ends at "hyperpolarising" (next='o'); skip 26 covered groups → 2 children reverse Z→A ends at "hyperphantasias" (lo='h' hi='y'); skip 16 middle + 40 new words
[w3:gh:pro] Saved 33,567 worker words
[w3:gh:pro] Searching "hyperq" | queue=56 | words=33567
[w3:gh:pro] Pacing 13s before "hyperq" (gap=15500ms)
[w3:gh:pro] Managed Turnstile token (len=816, 11191ms, reset)
[w3:gh:pro] [api] 200 mode=pro startsWith=hyperq
[w3:gh:pro] [api] 200 mode=pro startsWith=hyperq (473ms direct)
[w3:gh:pro] "hyperq" → 1 records, 1 words
[w3:gh:pro] "hyperq" branch complete
[w3:gh:pro] Saved 33,568 worker words
[w3:gh:pro] Searching "hyperr" | queue=55 | words=33568
[w3:gh:pro] Pacing 15s before "hyperr" (gap=15500ms)
[w3:gh:pro] Managed Turnstile token (len=816, 10270ms, reset)
[w3:gh:pro] [api] 200 mode=pro startsWith=hyperr
[w3:gh:pro] [api] 200 mode=pro startsWith=hyperr (553ms direct)
[w3:gh:pro] "hyperr" → 35 records, 35 words
[w3:gh:pro] "hyperr" branch complete
[w3:gh:pro] Saved 33,603 worker words
[w3:gh:pro] Searching "hypers" | queue=54 | words=33603
[w3:gh:pro] Pacing 14s before "hypers" (gap=15500ms)
[w3:gh:pro] Managed Turnstile token (len=816, 16552ms, reset)
[w3:gh:pro] [api] 200 mode=pro startsWith=hypers
[w3:gh:pro] [api] 200 mode=pro startsWith=hypers (498ms direct)
[w3:gh:pro] "hypers" → 100 records, 100 words (incl. exact "hypers")
[w3:gh:pro] Pacing 15s before "hypers" (gap=15500ms)
[w3:gh:pro] heartbeat words=33703 queue=54 rotation=31 idle=4s
[w3:gh:pro] Managed Turnstile token (len=816, 11527ms, reset)
[w3:gh:pro] [api] 200 mode=pro startsWith=hypers
[w3:gh:pro] [api] 200 mode=pro startsWith=hypers sort=alphabetical:desc (539ms direct)
[w3:gh:pro] "hypers" full page ends at "hypersuperlative" (next='u'); skip 26 covered groups → 2 children reverse Z→A ends at "hypersalivations" (lo='a' hi='y'); skip 23 middle + 7 new words
[w3:gh:pro] Saved 33,710 worker words
[w3:gh:pro] Searching "hypert" | queue=55 | words=33710
[w3:gh:pro] Pacing 15s before "hypert" (gap=15500ms)
[w3:gh:pro] Managed Turnstile token (len=816, 9499ms, reset)
[w3:gh:pro] [api] 200 mode=pro startsWith=hypert
[w3:gh:pro] [api] 200 mode=pro startsWith=hypert (629ms direct)
[w3:gh:pro] "hypert" → 77 records, 77 words
[w3:gh:pro] "hypert" branch complete
[w3:gh:pro] Saved 33,725 worker words
[w3:gh:pro] Searching "hyperw" | queue=54 | words=33725
[w3:gh:pro] Pacing 15s before "hyperw" (gap=15500ms)
[w3:gh:pro] Managed Turnstile token (len=816, 16730ms, reset)
[w3:gh:pro] [api] 200 mode=pro startsWith=hyperw
[w3:gh:pro] [api] 200 mode=pro startsWith=hyperw (717ms direct)
[w3:gh:pro] "hyperw" → 1 records, 1 words
[w3:gh:pro] "hyperw" branch complete
[w3:gh:pro] Saved 33,725 worker words; shared last.txt now 365,909
[w3:gh:pro] Searching "hyperx" | queue=53 | words=33725
[w3:gh:pro] Pacing 7s before "hyperx" (gap=15500ms)
[w3:gh:pro] heartbeat words=33725 queue=53 rotation=31 idle=7s
[w3:gh:pro] Site Turnstile remint timed out (23694ms)
[w3:gh:pro] Managed Turnstile token (len=816, 15364ms, remount)
[w3:gh:pro] [api] 200 mode=pro startsWith=hyperx
[w3:gh:pro] [api] 200 mode=pro startsWith=hyperx (482ms direct)
[w3:gh:pro] "hyperx" → 0 records, 0 words
[w3:gh:pro] "hyperx" branch complete
[w3:gh:pro] Saved 33,725 worker words
[w3:gh:pro] Searching "hypery" | queue=52 | words=33725
[w3:gh:pro] Pacing 15s before "hypery" (gap=15500ms)
[w3:gh:pro] Turnstile token present (len=816)
[w3:gh:pro] Site Turnstile token (21044ms)
[w3:gh:pro] [api] 200 mode=pro startsWith=hypery
[w3:gh:pro] [api] 200 mode=pro startsWith=hypery (596ms direct)
[w3:gh:pro] "hypery" → 0 records, 0 words
[w3:gh:pro] "hypery" branch complete
[w3:gh:pro] Saved 33,725 worker words
[w3:gh:pro] Searching "hyperz" | queue=51 | words=33725
[w3:gh:pro] Pacing 14s before "hyperz" (gap=15500ms)
[w3:gh:pro] heartbeat words=33725 queue=51 rotation=31 idle=12s
[w3:gh:pro] Site Turnstile remint timed out (27918ms)
[w3:gh:pro] Managed Turnstile token (len=816, 16870ms, remount)
[w3:gh:pro] [api] 200 mode=pro startsWith=hyperz
[w3:gh:pro] [api] 200 mode=pro startsWith=hyperz (565ms direct)
[w3:gh:pro] "hyperz" → 0 records, 0 words
[w3:gh:pro] "hyperz" branch complete
[w3:gh:pro] Saved 33,725 worker words
[w3:gh:pro] Searching "hypocy" | queue=50 | words=33725
[w3:gh:pro] heartbeat words=33725 queue=50 rotation=31 idle=13s
[w3:gh:pro] Turnstile mint hard timeout after 28000ms
[w3:gh:pro] Site Turnstile remint timed out (44293ms)
[w3:gh:pro] Managed Turnstile token (len=816, 20743ms, remount)
[w3:gh:pro] [api] 200 mode=pro startsWith=hypocy
[w3:gh:pro] [api] 200 mode=pro startsWith=hypocy (632ms direct)
[w3:gh:pro] "hypocy" → 5 records, 5 words
[w3:gh:pro] "hypocy" branch complete
[w3:gh:pro] Saved 33,725 worker words
[w3:gh:pro] Searching "hypocz" | queue=49 | words=33725
[w3:gh:pro] Pacing 10s before "hypocz" (gap=15500ms)
[w3:gh:pro] Managed Turnstile token (len=816, 21458ms, reset)
[w3:gh:pro] [api] 200 mode=pro startsWith=hypocz
[w3:gh:pro] [api] 200 mode=pro startsWith=hypocz (601ms direct)
[w3:gh:pro] "hypocz" → 0 records, 0 words
[w3:gh:pro] "hypocz" branch complete
[w3:gh:pro] Saved 33,725 worker words
[w3:gh:pro] Searching "hypopy" | queue=48 | words=33725
[w3:gh:pro] Pacing 15s before "hypopy" (gap=15500ms)
[w3:gh:pro] Managed Turnstile token (len=816, 6496ms, reset)
[w3:gh:pro] heartbeat words=33725 queue=48 rotation=31 idle=1s
[w3:gh:pro] [api] 200 mode=pro startsWith=hypopy
[w3:gh:pro] [api] 200 mode=pro startsWith=hypopy (501ms direct)
[w3:gh:pro] "hypopy" → 5 records, 5 words
[w3:gh:pro] "hypopy" branch complete
[w3:gh:pro] Saved 33,725 worker words
[w3:gh:pro] Searching "hypopz" | queue=47 | words=33725
[w3:gh:pro] Pacing 15s before "hypopz" (gap=15500ms)
[w3:gh:pro] Managed Turnstile token (len=816, 3891ms, reset)
[w3:gh:pro] [api] 200 mode=pro startsWith=hypopz
[w3:gh:pro] [api] 200 mode=pro startsWith=hypopz (502ms direct)
[w3:gh:pro] "hypopz" → 0 records, 0 words
[w3:gh:pro] "hypopz" branch complete
[w3:gh:pro] Saved 33,725 worker words
[w3:gh:pro] Searching "hypoth" | queue=46 | words=33725
[w3:gh:pro] Pacing 15s before "hypoth" (gap=15500ms)
[w3:gh:pro] Managed Turnstile token (len=816, 4200ms, reset)
[w3:gh:pro] [api] 200 mode=pro startsWith=hypoth
[w3:gh:pro] [api] 200 mode=pro startsWith=hypoth (595ms direct)
[w3:gh:pro] "hypoth" → 90 records, 90 words (incl. exact "hypoth")
[w3:gh:pro] "hypoth" branch complete
[w3:gh:pro] Saved 33,725 worker words; shared last.txt now 366,020
[w3:gh:pro] Searching "hypoty" | queue=45 | words=33725
[w3:gh:pro] Pacing 13s before "hypoty" (gap=15500ms)
[w3:gh:pro] Managed Turnstile token (len=816, 15558ms, reset)
[w3:gh:pro] [api] 200 mode=pro startsWith=hypoty
[w3:gh:pro] [api] 200 mode=pro startsWith=hypoty (615ms direct)
[w3:gh:pro] "hypoty" → 6 records, 6 words
[w3:gh:pro] "hypoty" branch complete
[w3:gh:pro] Saved 33,725 worker words
[w3:gh:pro] Searching "hypotz" | queue=44 | words=33725
[w3:gh:pro] Pacing 14s before "hypotz" (gap=15500ms)
[w3:gh:pro] heartbeat words=33725 queue=44 rotation=31 idle=3s
[w3:gh:pro] Managed Turnstile token (len=816, 14522ms, reset)
[w3:gh:pro] [api] 200 mode=pro startsWith=hypotz
[w3:gh:pro] [api] 200 mode=pro startsWith=hypotz (640ms direct)
[w3:gh:pro] "hypotz" → 0 records, 0 words
[w3:gh:pro] "hypotz" branch complete
[w3:gh:pro] Saved 33,725 worker words
[w3:gh:pro] Searching "hyster" | queue=43 | words=33725
[w3:gh:pro] Pacing 15s before "hyster" (gap=15500ms)
[w3:gh:pro] Managed Turnstile token (len=816, 17723ms, reset)
[w3:gh:pro] [api] 200 mode=pro startsWith=hyster
[w3:gh:pro] [api] 200 mode=pro startsWith=hyster (605ms direct)
[w3:gh:pro] "hyster" → 100 records, 100 words
[w3:gh:pro] Pacing 15s before "hyster" (gap=15500ms)
[w3:gh:pro] Turnstile token present (len=816)
[w3:gh:pro] Site Turnstile token (21900ms)
[w3:gh:pro] [api] 200 mode=pro startsWith=hyster
[w3:gh:pro] [api] 200 mode=pro startsWith=hyster sort=alphabetical:desc (558ms direct)
[w3:gh:pro] "hyster" full page ends at "hysterotraumatisms" (next='o'); skip 16 covered groups → 12 children reverse Z→A ends at "hysteralgia" (lo='a' hi='o'); skip 13 middle + 0 new words
[w3:gh:pro] Saved 33,725 worker words
[w3:gh:pro] Searching "hystes" | queue=54 | words=33725
[w3:gh:pro] Pacing 14s before "hystes" (gap=15500ms)
[w3:gh:pro] heartbeat words=33725 queue=54 rotation=31 idle=5s
[w3:gh:pro] Turnstile token present (len=816)
[w3:gh:pro] Site Turnstile token (21290ms)
[w3:gh:pro] [api] 200 mode=pro startsWith=hystes
[w3:gh:pro] [api] 200 mode=pro startsWith=hystes (604ms direct)
[w3:gh:pro] "hystes" → 0 records, 0 words
[w3:gh:pro] "hystes" branch complete
[w3:gh:pro] Saved 33,725 worker words
[w3:gh:pro] Searching "hystet" | queue=53 | words=33725
[w3:gh:pro] Pacing 15s before "hystet" (gap=15500ms)
[w3:gh:pro] Managed Turnstile token (len=816, 14350ms, remount)
[w3:gh:pro] [api] 200 mode=pro startsWith=hystet
[w3:gh:pro] [api] 200 mode=pro startsWith=hystet (643ms direct)
[w3:gh:pro] "hystet" → 0 records, 0 words
[w3:gh:pro] "hystet" branch complete
[w3:gh:pro] Saved 33,725 worker words
[w3:gh:pro] Searching "hysteu" | queue=52 | words=33725
[w3:gh:pro] Pacing 13s before "hysteu" (gap=15500ms)
[w3:gh:pro] Site Turnstile remint timed out (25580ms)
[w3:gh:pro] heartbeat words=33725 queue=52 rotation=31 idle=2s
[w3:gh:pro] Managed Turnstile token (len=816, 16660ms, remount)
[w3:gh:pro] [api] 200 mode=pro startsWith=hysteu
[w3:gh:pro] [api] 200 mode=pro startsWith=hysteu (695ms direct)
[w3:gh:pro] "hysteu" → 0 records, 0 words
[w3:gh:pro] "hysteu" branch complete
[w3:gh:pro] Saved 33,725 worker words
[w3:gh:pro] Searching "hystev" | queue=51 | words=33725
[w3:gh:pro] Pacing 14s before "hystev" (gap=15500ms)
[w3:gh:pro] Turnstile token present (len=816)
[w3:gh:pro] Site Turnstile token (23872ms)
[w3:gh:pro] [api] 200 mode=pro startsWith=hystev
[w3:gh:pro] [api] 200 mode=pro startsWith=hystev (529ms direct)
[w3:gh:pro] "hystev" → 0 records, 0 words
[w3:gh:pro] "hystev" branch complete
[w3:gh:pro] Saved 33,725 worker words
[w3:gh:pro] Searching "hystew" | queue=50 | words=33725
[w3:gh:pro] Pacing 12s before "hystew" (gap=15500ms)
[w3:gh:pro] Managed Turnstile token (len=816, 17468ms, remount)
[w3:gh:pro] [api] 200 mode=pro startsWith=hystew
[w3:gh:pro] [api] 200 mode=pro startsWith=hystew (508ms direct)
[w3:gh:pro] "hystew" → 0 records, 0 words
[w3:gh:pro] "hystew" branch complete
[w3:gh:pro] heartbeat words=33725 queue=50 rotation=31 idle=1s
[w3:gh:pro] Saved 33,725 worker words; shared last.txt now 366,369
[w3:gh:pro] Searching "hystex" | queue=49 | words=33725
[w3:gh:pro] Pacing 13s before "hystex" (gap=15500ms)
[w3:gh:pro] Managed Turnstile token (len=816, 16416ms, reset)
[w3:gh:pro] [api] 200 mode=pro startsWith=hystex
[w3:gh:pro] [api] 200 mode=pro startsWith=hystex (635ms direct)
[w3:gh:pro] "hystex" → 0 records, 0 words
[w3:gh:pro] "hystex" branch complete
[w3:gh:pro] Saved 33,725 worker words
[w3:gh:pro] Searching "hystey" | queue=48 | words=33725
[w3:gh:pro] Pacing 14s before "hystey" (gap=15500ms)
[w3:gh:pro] Turnstile token present (len=816)
[w3:gh:pro] Site Turnstile token (25106ms)
[w3:gh:pro] [api] 200 mode=pro startsWith=hystey
[w3:gh:pro] [api] 200 mode=pro startsWith=hystey (481ms direct)
[w3:gh:pro] "hystey" → 0 records, 0 words
[w3:gh:pro] "hystey" branch complete
[w3:gh:pro] Saved 33,725 worker words
[w3:gh:pro] Searching "hystez" | queue=47 | words=33725
[w3:gh:pro] Pacing 14s before "hystez" (gap=15500ms)
[w3:gh:pro] heartbeat words=33725 queue=47 rotation=31 idle=16s
[w3:gh:pro] Turnstile mint hard timeout after 28000ms
[w3:gh:pro] Turnstile token present (len=816)
[w3:gh:pro] Site Turnstile token (30987ms)
[w3:gh:pro] Turnstile token present (len=816)
[w3:gh:pro] Site Turnstile token (25082ms)
[w3:gh:pro] [api] 200 mode=pro startsWith=hystez
[w3:gh:pro] [api] 200 mode=pro startsWith=hystez (568ms direct)
[w3:gh:pro] "hystez" → 0 records, 0 words
[w3:gh:pro] "hystez" branch complete
[w3:gh:pro] Saved 33,725 worker words
[w3:gh:pro] Searching "hematoz" | queue=46 | words=33725
[w3:gh:pro] Pacing 14s before "hematoz" (gap=15500ms)
[w3:gh:pro] heartbeat words=33725 queue=46 rotation=31 idle=23s
[w3:gh:pro] Turnstile token present (len=816)
[w3:gh:pro] Site Turnstile token (24002ms)
[w3:gh:pro] [api] 200 mode=pro startsWith=hematoz
[w3:gh:pro] [api] 200 mode=pro startsWith=hematoz (614ms direct)
[w3:gh:pro] "hematoz" → 8 records, 8 words
[w3:gh:pro] "hematoz" branch complete
[w3:gh:pro] Saved 33,725 worker words
[w3:gh:pro] Searching "heterod" | queue=45 | words=33725
[w3:gh:pro] Pacing 14s before "heterod" (gap=15500ms)
[w3:gh:pro] Turnstile mint hard timeout after 28000ms
[w3:gh:pro] Site Turnstile remint timed out (31742ms)
[w3:gh:pro] Turnstile token present (len=816)
[w3:gh:pro] Site Turnstile token (19611ms)
[w3:gh:pro] [api] 200 mode=pro startsWith=heterod
[w3:gh:pro] [api] 200 mode=pro startsWith=heterod (537ms direct)
[w3:gh:pro] "heterod" → 43 records, 43 words
[w3:gh:pro] "heterod" branch complete
[w3:gh:pro] Saved 33,759 worker words
[w3:gh:pro] Searching "heteroe" | queue=44 | words=33759
[w3:gh:pro] Pacing 14s before "heteroe" (gap=15500ms)
[w3:gh:pro] heartbeat words=33759 queue=44 rotation=31 idle=9s
[w3:gh:pro] Managed Turnstile token (len=816, 10262ms, remount)
[w3:gh:pro] [api] 200 mode=pro startsWith=heteroe
[w3:gh:pro] [api] 200 mode=pro startsWith=heteroe (771ms direct)
[w3:gh:pro] "heteroe" → 12 records, 12 words
[w3:gh:pro] "heteroe" branch complete
[w3:gh:pro] Saved 33,771 worker words
[w3:gh:pro] Searching "heterof" | queue=43 | words=33771
[w3:gh:pro] Pacing 6s before "heterof" (gap=15500ms)
[w3:gh:pro] Managed Turnstile token (len=816, 13405ms, reset)
[w3:gh:pro] [api] 200 mode=pro startsWith=heterof
[w3:gh:pro] [api] 200 mode=pro startsWith=heterof (478ms direct)
[w3:gh:pro] "heterof" → 4 records, 4 words
[w3:gh:pro] "heterof" branch complete
[w3:gh:pro] Saved 33,775 worker words
[w3:gh:pro] Searching "heterog" | queue=42 | words=33775
[w3:gh:pro] Pacing 15s before "heterog" (gap=15500ms)
[w3:gh:pro] Managed Turnstile token (len=816, 5659ms, reset)
[w3:gh:pro] [api] 200 mode=pro startsWith=heterog
[w3:gh:pro] [api] 200 mode=pro startsWith=heterog (593ms direct)
[w3:gh:pro] "heterog" → 56 records, 56 words
[w3:gh:pro] "heterog" branch complete
[w3:gh:pro] Saved 33,831 worker words; shared last.txt now 366,608
[w3:gh:pro] Searching "heteroh" | queue=41 | words=33831
[w3:gh:pro] Pacing 15s before "heteroh" (gap=15500ms)
[w3:gh:pro] Managed Turnstile token (len=816, 4650ms, reset)
[w3:gh:pro] [api] 200 mode=pro startsWith=heteroh
[w3:gh:pro] [api] 200 mode=pro startsWith=heteroh (489ms direct)
[w3:gh:pro] "heteroh" → 0 records, 0 words
[w3:gh:pro] "heteroh" branch complete
[w3:gh:pro] Saved 33,831 worker words
[w3:gh:pro] Searching "heteroi" | queue=40 | words=33831
[w3:gh:pro] Pacing 14s before "heteroi" (gap=15500ms)
[w3:gh:pro] Managed Turnstile token (len=816, 5865ms, reset)
[w3:gh:pro] heartbeat words=33831 queue=40 rotation=31 idle=0s
[w3:gh:pro] [api] 200 mode=pro startsWith=heteroi
[w3:gh:pro] [api] 200 mode=pro startsWith=heteroi (748ms direct)
[w3:gh:pro] "heteroi" → 6 records, 6 words
[w3:gh:pro] "heteroi" branch complete
[w3:gh:pro] Saved 33,837 worker words
[w3:gh:pro] Searching "heteroj" | queue=39 | words=33837
[w3:gh:pro] Pacing 15s before "heteroj" (gap=15500ms)
[w3:gh:pro] Managed Turnstile token (len=816, 5156ms, reset)
[w3:gh:pro] [api] 200 mode=pro startsWith=heteroj
[w3:gh:pro] [api] 200 mode=pro startsWith=heteroj (653ms direct)
[w3:gh:pro] "heteroj" → 2 records, 2 words
[w3:gh:pro] "heteroj" branch complete
[w3:gh:pro] Saved 33,839 worker words
[w3:gh:pro] Searching "heterok" | queue=38 | words=33839
[w3:gh:pro] Pacing 15s before "heterok" (gap=15500ms)
[w3:gh:pro] Managed Turnstile token (len=816, 15695ms, reset)
[w3:gh:pro] [api] 200 mode=pro startsWith=heterok
[w3:gh:pro] [api] 200 mode=pro startsWith=heterok (665ms direct)
[w3:gh:pro] "heterok" → 13 records, 13 words
[w3:gh:pro] "heterok" branch complete
[w3:gh:pro] Saved 33,852 worker words
[w3:gh:pro] Searching "heterol" | queue=37 | words=33852
[w3:gh:pro] Pacing 14s before "heterol" (gap=15500ms)
[w3:gh:pro] Managed Turnstile token (len=816, 15427ms, reset)
[w3:gh:pro] [api] 200 mode=pro startsWith=heterol
[w3:gh:pro] [api] 200 mode=pro startsWith=heterol (558ms direct)
[w3:gh:pro] "heterol" → 16 records, 16 words
[w3:gh:pro] "heterol" branch complete
[w3:gh:pro] Saved 33,868 worker words
[w3:gh:pro] Searching "heterom" | queue=36 | words=33868
[w3:gh:pro] Pacing 15s before "heterom" (gap=15500ms)
[w3:gh:pro] heartbeat words=33868 queue=36 rotation=31 idle=1s
[w3:gh:pro] Turnstile token present (len=816)
[w3:gh:pro] Site Turnstile token (22655ms)
[w3:gh:pro] [api] 200 mode=pro startsWith=heterom
[w3:gh:pro] [api] 200 mode=pro startsWith=heterom (653ms direct)
[w3:gh:pro] "heterom" → 38 records, 38 words
[w3:gh:pro] "heterom" branch complete
[w3:gh:pro] Saved 33,906 worker words
[w3:gh:pro] Searching "heteron" | queue=35 | words=33906
[w3:gh:pro] Pacing 14s before "heteron" (gap=15500ms)
[w3:gh:pro] Managed Turnstile token (len=816, 18416ms, remount)
[w3:gh:pro] [api] 200 mode=pro startsWith=heteron
[w3:gh:pro] [api] 200 mode=pro startsWith=heteron (640ms direct)
[w3:gh:pro] "heteron" → 16 records, 16 words
[w3:gh:pro] "heteron" branch complete
[w3:gh:pro] Saved 33,922 worker words
[w3:gh:pro] Searching "heteroo" | queue=34 | words=33922
[w3:gh:pro] Pacing 14s before "heteroo" (gap=15500ms)
[w3:gh:pro] heartbeat words=33922 queue=34 rotation=31 idle=18s
[w3:gh:pro] Site Turnstile remint timed out (25632ms)
[w3:gh:pro] Turnstile mint hard timeout after 28000ms
[w3:gh:pro] Site Turnstile remint timed out (35423ms)
[w3:gh:pro] Managed Turnstile token (len=816, 10538ms, remount)
[w3:gh:pro] [api] 200 mode=pro startsWith=heteroo
[w3:gh:pro] [api] 200 mode=pro startsWith=heteroo (547ms direct)
[w3:gh:pro] "heteroo" → 5 records, 5 words
[w3:gh:pro] "heteroo" branch complete
[w3:gh:pro] Saved 33,927 worker words; shared last.txt now 366,842
[w3:gh:pro] Searching "heterop" | queue=33 | words=33927
[w3:gh:pro] Pacing 15s before "heterop" (gap=15500ms)
[w3:gh:pro] Managed Turnstile token (len=816, 7105ms, reset)
[w3:gh:pro] heartbeat words=33927 queue=33 rotation=31 idle=6s
[w3:gh:pro] [api] 200 mode=pro startsWith=heterop
[w3:gh:pro] [api] 200 mode=pro startsWith=heterop (646ms direct)
[w3:gh:pro] "heterop" → 79 records, 79 words
[w3:gh:pro] "heterop" branch complete
[w3:gh:pro] Saved 34,006 worker words
[w3:gh:pro] Searching "heteroq" | queue=32 | words=34006
[w3:gh:pro] Pacing 15s before "heteroq" (gap=15500ms)
[w3:gh:pro] Managed Turnstile token (len=816, 16842ms, reset)
[w3:gh:pro] [api] 200 mode=pro startsWith=heteroq
[w3:gh:pro] [api] 200 mode=pro startsWith=heteroq (662ms direct)
[w3:gh:pro] "heteroq" → 0 records, 0 words
[w3:gh:pro] "heteroq" branch complete
[w3:gh:pro] Saved 34,006 worker words
[w3:gh:pro] Searching "heteror" | queue=31 | words=34006
[w3:gh:pro] Pacing 14s before "heteror" (gap=15500ms)
[w3:gh:pro] Managed Turnstile token (len=816, 16899ms, reset)
[w3:gh:pro] [api] 200 mode=pro startsWith=heteror
[w3:gh:pro] [api] 200 mode=pro startsWith=heteror (493ms direct)
[w3:gh:pro] "heteror" → 1 records, 1 words
[w3:gh:pro] "heteror" branch complete
[w3:gh:pro] Saved 34,007 worker words
[w3:gh:pro] Searching "heteros" | queue=30 | words=34007
[w3:gh:pro] Pacing 15s before "heteros" (gap=15500ms)
[w3:gh:pro] Managed Turnstile token (len=816, 6284ms, reset)
[w3:gh:pro] [api] 200 mode=pro startsWith=heteros
[w3:gh:pro] [api] 200 mode=pro startsWith=heteros (687ms direct)
[w3:gh:pro] "heteros" → 64 records, 64 words (incl. exact "heteros")
[w3:gh:pro] "heteros" branch complete
[w3:gh:pro] Saved 34,039 worker words
[w3:gh:pro] Searching "heteroz" | queue=29 | words=34039
[w3:gh:pro] Pacing 11s before "heteroz" (gap=15500ms)
[w3:gh:pro] heartbeat words=34039 queue=29 rotation=31 idle=2s
[w3:gh:pro] Turnstile token present (len=816)
[w3:gh:pro] Site Turnstile token (25030ms)
[w3:gh:pro] [api] 200 mode=pro startsWith=heteroz
[w3:gh:pro] [api] 200 mode=pro startsWith=heteroz (523ms direct)
[w3:gh:pro] "heteroz" → 10 records, 10 words
[w3:gh:pro] "heteroz" branch complete
[w3:gh:pro] Saved 34,039 worker words
[w3:gh:pro] Searching "hydrocy" | queue=28 | words=34039
[w3:gh:pro] Pacing 15s before "hydrocy" (gap=15500ms)
[w3:gh:pro] Turnstile mint hard timeout after 28000ms
[w3:gh:pro] Site Turnstile remint timed out (28411ms)
[w3:gh:pro] heartbeat words=34039 queue=28 rotation=31 idle=11s
[w3:gh:pro] Turnstile mint hard timeout after 28000ms
[w3:gh:pro] Site Turnstile remint timed out (31614ms)
[w3:gh:pro] Turnstile mint hard timeout after 28000ms
[w3:gh:pro] heartbeat words=34039 queue=28 rotation=31 idle=15s
[w3:gh:pro] Turnstile mint hard timeout after 28000ms
[w3:gh:pro] Failed "hydrocy" attempt 1: No Turnstile token for direct search
[w3:gh:pro] Saved 34,039 worker words
[w3:gh:pro] Turnstile miss — soft reload before rotate
[w3:gh:pro] Site Turnstile remint timed out (37784ms)
[w3:gh:pro] Site Turnstile remint timed out (66558ms)
[w3:gh:pro] Turnstile mint hard timeout after 15000ms
[w3:gh:pro] Soft reload mint failed — rotating immediately
[w3:gh:pro] Tor exited code=null
[w3:gh:pro] Starting Tor gen=33 socks=127.0.0.1:19053 (try 1)
[w3:gh:pro] tor: Aug 05 17:04:47.024 [warn] Fixing permissions on directory /tmp/lll-tor-w3
Aug 05 17:04:47.000 [notice] Parsing GEOIP IPv4 file /opt/homebrew/Cellar/tor/0.4.8.1
[w3:gh:pro] Site Turnstile remint timed out (25531ms)
[w3:gh:pro] tor: Aug 05 17:04:51.000 [notice] Bootstrapped 0% (starting): Starting
Aug 05 17:04:51.000 [notice] Starting with guard context "default"
[w3:gh:pro] tor: Aug 05 17:04:52.000 [notice] Bootstrapped 5% (conn): Connecting to a relay
[w3:gh:pro] tor: Aug 05 17:04:52.000 [notice] Bootstrapped 10% (conn_done): Connected to a relay
[w3:gh:pro] tor: Aug 05 17:04:56.000 [notice] Bootstrapped 14% (handshake): Handshaking with a relay
[w3:gh:pro] tor: Aug 05 17:04:56.000 [notice] Bootstrapped 15% (handshake_done): Handshake with a relay done
Aug 05 17:04:56.000 [notice] Bootstrapped 20% (onehop_create): Estab
[w3:gh:pro] tor: Aug 05 17:04:57.000 [notice] Bootstrapped 25% (requesting_status): Asking for networkstatus consensus
[w3:gh:pro] tor: Aug 05 17:04:57.000 [notice] Bootstrapped 30% (loading_status): Loading networkstatus consensus
[w3:gh:pro] tor: Aug 05 17:05:00.000 [notice] Bootstrapped 40% (loading_keys): Loading authority key certs
[w3:gh:pro] tor: Aug 05 17:05:01.000 [notice] Bootstrapped 45% (requesting_descriptors): Asking for relay descriptors
Aug 05 17:05:01.000 [notice] I learned some more directory 
[w3:gh:pro] tor: Aug 05 17:05:02.000 [notice] Bootstrapped 50% (loading_descriptors): Loading relay descriptors
[w3:gh:pro] heartbeat words=34039 queue=29 rotation=32 idle=4s
[w3:gh:pro] tor: Aug 05 17:05:10.000 [notice] Bootstrapped 55% (loading_descriptors): Loading relay descriptors
[w3:gh:pro] tor: Aug 05 17:05:11.000 [notice] Bootstrapped 61% (loading_descriptors): Loading relay descriptors
[w3:gh:pro] tor: Aug 05 17:05:11.000 [notice] Bootstrapped 67% (loading_descriptors): Loading relay descriptors
[w3:gh:pro] tor: Aug 05 17:05:11.000 [notice] Bootstrapped 75% (enough_dirinfo): Loaded enough directory info to build circuits
[w3:gh:pro] tor: Aug 05 17:05:11.000 [notice] Bootstrapped 90% (ap_handshake_done): Handshake finished with a relay to build circuits
Aug 05 17:05:11.000 [notice] Bootstrapped 9
[w3:gh:pro] tor: Aug 05 17:05:12.000 [notice] Bootstrapped 100% (done): Done
[w3:gh:pro] Tor ready on 19053 exit=192.42.116.18
[w3:gh:pro] Rotating IP (#32, try 1) after No Turnstile token for direct search → tor#33 socks5://127.0.0.1:19053
[w3:gh:pro] Launching persistent Chrome profile /tmp/lll-pw-w3-r32
[w3:gh:pro] Proxy tor#33 socks5://127.0.0.1:19053
[w3:gh:pro] Opening https://lastletterlibrary.com
[w3:gh:pro] Library mode=pro
[w3:gh:pro] Managed Turnstile token (len=816, 9925ms, remount)
[w3:gh:pro] Search mode=direct (skip UI Wait Ns… gate)
[w3:gh:pro] Cleaned 1 old rotated profile(s)
[w3:gh:pro] Browser exit IP=109.70.100.5 (unique)
[w3:gh:pro] Searching "hydrocy" | queue=28 | words=34039
[w3:gh:pro] [api] 200 mode=pro startsWith=hydrocy
[w3:gh:pro] [api] 200 mode=pro startsWith=hydrocy (616ms direct)
[w3:gh:pro] "hydrocy" → 9 records, 9 words
[w3:gh:pro] "hydrocy" branch complete
[w3:gh:pro] Saved 34,039 worker words
[w3:gh:pro] Searching "hydrocz" | queue=27 | words=34039
[w3:gh:pro] Pacing 15s before "hydrocz" (gap=15500ms)
[w3:gh:pro] Managed Turnstile token (len=816, 11259ms, reset)
[w3:gh:pro] [api] 200 mode=pro startsWith=hydrocz
[w3:gh:pro] [api] 200 mode=pro startsWith=hydrocz (782ms direct)
[w3:gh:pro] "hydrocz" → 0 records, 0 words
[w3:gh:pro] "hydrocz" branch complete
[w3:gh:pro] Saved 34,039 worker words; shared last.txt now 367,789
[w3:gh:pro] Searching "hydropu" | queue=26 | words=34039
[w3:gh:pro] Pacing 5s before "hydropu" (gap=15500ms)
[w3:gh:pro] heartbeat words=34039 queue=26 rotation=32 idle=3s
[w3:gh:pro] Site Turnstile remint timed out (24755ms)
[w3:gh:pro] Site Turnstile remint timed out (22368ms)
[w3:gh:pro] Site Turnstile remint timed out (23595ms)
[w3:gh:pro] heartbeat words=34039 queue=26 rotation=32 idle=1s
[w3:gh:pro] Managed Turnstile token (len=816, 7775ms, remount)
[w3:gh:pro] [api] 200 mode=pro startsWith=hydropu
[w3:gh:pro] [api] 200 mode=pro startsWith=hydropu (768ms direct)
[w3:gh:pro] "hydropu" → 3 records, 3 words
[w3:gh:pro] "hydropu" branch complete
[w3:gh:pro] Saved 34,039 worker words
[w3:gh:pro] Searching "hydropv" | queue=25 | words=34039
[w3:gh:pro] Pacing 15s before "hydropv" (gap=15500ms)
[w3:gh:pro] Managed Turnstile token (len=816, 12932ms, reset)
[w3:gh:pro] [api] 200 mode=pro startsWith=hydropv
[w3:gh:pro] [api] 200 mode=pro startsWith=hydropv (601ms direct)
[w3:gh:pro] "hydropv" → 0 records, 0 words
[w3:gh:pro] "hydropv" branch complete
[w3:gh:pro] Saved 34,039 worker words
[w3:gh:pro] Searching "hydropw" | queue=24 | words=34039
[w3:gh:pro] Pacing 14s before "hydropw" (gap=15500ms)
[w3:gh:pro] Managed Turnstile token (len=816, 10313ms, reset)
[w3:gh:pro] [api] 429 mode=pro startsWith=hydropw
[w3:gh:pro] [api] 429 mode=pro startsWith=hydropw (621ms direct)
[w3:gh:pro] Learned server gap ≈ 15500ms (wait hint 2000ms)
[w3:gh:pro] Rate limited — inline wait 2000ms then retry "hydropw"
[w3:gh:pro] Managed Turnstile token (len=816, 16055ms, reset)
[w3:gh:pro] [api] 200 mode=pro startsWith=hydropw
[w3:gh:pro] [api] 200 mode=pro startsWith=hydropw (744ms direct)
[w3:gh:pro] "hydropw" → 0 records, 0 words
[w3:gh:pro] "hydropw" branch complete
[w3:gh:pro] Saved 34,039 worker words
[w3:gh:pro] Searching "hydropx" | queue=23 | words=34039
[w3:gh:pro] Pacing 14s before "hydropx" (gap=15500ms)
[w3:gh:pro] heartbeat words=34039 queue=23 rotation=32 idle=3s
[w3:gh:pro] Managed Turnstile token (len=816, 12902ms, reset)
[w3:gh:pro] [api] 200 mode=pro startsWith=hydropx
[w3:gh:pro] [api] 200 mode=pro startsWith=hydropx (811ms direct)
[w3:gh:pro] "hydropx" → 0 records, 0 words
[w3:gh:pro] "hydropx" branch complete
[w3:gh:pro] Saved 34,039 worker words
[w3:gh:pro] Searching "hydropy" | queue=22 | words=34039
[w3:gh:pro] Pacing 15s before "hydropy" (gap=15500ms)
[w3:gh:pro] Managed Turnstile token (len=816, 15914ms, reset)
[w3:gh:pro] [api] 200 mode=pro startsWith=hydropy
[w3:gh:pro] [api] 200 mode=pro startsWith=hydropy (1148ms direct)
[w3:gh:pro] "hydropy" → 0 records, 0 words
[w3:gh:pro] "hydropy" branch complete
[w3:gh:pro] Saved 34,039 worker words
[w3:gh:pro] Searching "hydropz" | queue=21 | words=34039
[w3:gh:pro] Pacing 14s before "hydropz" (gap=15500ms)
[w3:gh:pro] Managed Turnstile token (len=816, 15526ms, reset)
[w3:gh:pro] [api] 200 mode=pro startsWith=hydropz
[w3:gh:pro] [api] 200 mode=pro startsWith=hydropz (495ms direct)
[w3:gh:pro] "hydropz" → 0 records, 0 words
[w3:gh:pro] "hydropz" branch complete
[w3:gh:pro] Saved 34,039 worker words
[w3:gh:pro] Searching "hydroxy" | queue=20 | words=34039
[w3:gh:pro] Pacing 15s before "hydroxy" (gap=15500ms)
[w3:gh:pro] heartbeat words=34039 queue=20 rotation=32 idle=14s
[w3:gh:pro] Turnstile token present (len=816)
[w3:gh:pro] Site Turnstile token (20852ms)
[w3:gh:pro] [api] 200 mode=pro startsWith=hydroxy
[w3:gh:pro] [api] 200 mode=pro startsWith=hydroxy (582ms direct)
[w3:gh:pro] "hydroxy" → 98 records, 98 words (incl. exact "hydroxy")
[w3:gh:pro] "hydroxy" branch complete
[w3:gh:pro] Saved 34,039 worker words
[w3:gh:pro] Searching "hydroxz" | queue=19 | words=34039
[w3:gh:pro] Pacing 14s before "hydroxz" (gap=15500ms)
[w3:gh:pro] Managed Turnstile token (len=816, 18027ms, remount)
[w3:gh:pro] [api] 200 mode=pro startsWith=hydroxz
[w3:gh:pro] [api] 200 mode=pro startsWith=hydroxz (783ms direct)
[w3:gh:pro] "hydroxz" → 0 records, 0 words
[w3:gh:pro] "hydroxz" branch complete
[w3:gh:pro] Saved 34,039 worker words; shared last.txt now 368,441
[w3:gh:pro] Searching "hyperaz" | queue=18 | words=34039
[w3:gh:pro] Pacing 6s before "hyperaz" (gap=15500ms)
[w3:gh:pro] Site Turnstile remint timed out (23686ms)
[w3:gh:pro] heartbeat words=34039 queue=18 rotation=32 idle=8s
[w3:gh:pro] Turnstile mint hard timeout after 28000ms
[w3:gh:pro] Site Turnstile remint timed out (29500ms)
[w3:gh:pro] Managed Turnstile token (len=816, 9471ms, remount)
[w3:gh:pro] [api] 200 mode=pro startsWith=hyperaz
[w3:gh:pro] [api] 200 mode=pro startsWith=hyperaz (745ms direct)
[w3:gh:pro] "hyperaz" → 2 records, 2 words
[w3:gh:pro] "hyperaz" branch complete
[w3:gh:pro] Saved 34,039 worker words
[w3:gh:pro] Searching "hypercy" | queue=17 | words=34039
[w3:gh:pro] Pacing 15s before "hypercy" (gap=15500ms)
[w3:gh:pro] Managed Turnstile token (len=816, 7320ms, reset)
[w3:gh:pro] [api] 200 mode=pro startsWith=hypercy
[w3:gh:pro] [api] 200 mode=pro startsWith=hypercy (557ms direct)
[w3:gh:pro] "hypercy" → 6 records, 6 words
[w3:gh:pro] "hypercy" branch complete
[w3:gh:pro] Saved 34,039 worker words
[w3:gh:pro] Searching "hypercz" | queue=16 | words=34039
[w3:gh:pro] Pacing 15s before "hypercz" (gap=15500ms)
[w3:gh:pro] heartbeat words=34039 queue=16 rotation=32 idle=15s
[w3:gh:pro] Turnstile token present (len=816)
[w3:gh:pro] Site Turnstile token (21818ms)
[w3:gh:pro] [api] 200 mode=pro startsWith=hypercz
[w3:gh:pro] [api] 200 mode=pro startsWith=hypercz (839ms direct)
[w3:gh:pro] "hypercz" → 0 records, 0 words
[w3:gh:pro] "hypercz" branch complete
[w3:gh:pro] Saved 34,039 worker words
[w3:gh:pro] Searching "hyperpy" | queue=15 | words=34039
[w3:gh:pro] Pacing 14s before "hyperpy" (gap=15500ms)
[w3:gh:pro] Managed Turnstile token (len=816, 16090ms, remount)
[w3:gh:pro] [api] 200 mode=pro startsWith=hyperpy
[w3:gh:pro] [api] 200 mode=pro startsWith=hyperpy (794ms direct)
[w3:gh:pro] "hyperpy" → 5 records, 5 words
[w3:gh:pro] "hyperpy" branch complete
[w3:gh:pro] Saved 34,039 worker words
[w3:gh:pro] Searching "hyperpz" | queue=14 | words=34039
[w3:gh:pro] Pacing 15s before "hyperpz" (gap=15500ms)
[w3:gh:pro] Managed Turnstile token (len=816, 14472ms, reset)
[w3:gh:pro] [api] 200 mode=pro startsWith=hyperpz
[w3:gh:pro] [api] 200 mode=pro startsWith=hyperpz (769ms direct)
[w3:gh:pro] "hyperpz" → 0 records, 0 words
[w3:gh:pro] "hyperpz" branch complete
[w3:gh:pro] Saved 34,039 worker words
[w3:gh:pro] Searching "hypersy" | queue=13 | words=34039
[w3:gh:pro] Pacing 14s before "hypersy" (gap=15500ms)
[w3:gh:pro] Managed Turnstile token (len=816, 9597ms, reset)
[w3:gh:pro] [api] 200 mode=pro startsWith=hypersy
[w3:gh:pro] [api] 200 mode=pro startsWith=hypersy (2467ms direct)
[w3:gh:pro] "hypersy" → 2 records, 2 words
[w3:gh:pro] "hypersy" branch complete
[w3:gh:pro] Saved 34,039 worker words
[w3:gh:pro] Searching "hypersz" | queue=12 | words=34039
[w3:gh:pro] Pacing 13s before "hypersz" (gap=15500ms)
[w3:gh:pro] heartbeat words=34039 queue=12 rotation=32 idle=2s
[w3:gh:pro] Managed Turnstile token (len=816, 10080ms, reset)
[w3:gh:pro] [api] 200 mode=pro startsWith=hypersz
[w3:gh:pro] [api] 200 mode=pro startsWith=hypersz (824ms direct)
[w3:gh:pro] "hypersz" → 0 records, 0 words
[w3:gh:pro] "hypersz" branch complete
[w3:gh:pro] Saved 34,039 worker words
[w3:gh:pro] Searching "hystero" | queue=11 | words=34039
[w3:gh:pro] Pacing 14s before "hystero" (gap=15500ms)
[w3:gh:pro] Turnstile token present (len=816)
[w3:gh:pro] Site Turnstile token (20074ms)
[w3:gh:pro] [api] 200 mode=pro startsWith=hystero
[w3:gh:pro] [api] 200 mode=pro startsWith=hystero (1069ms direct)
[w3:gh:pro] "hystero" → 68 records, 68 words
[w3:gh:pro] "hystero" branch complete
[w3:gh:pro] Saved 34,039 worker words; shared last.txt now 369,301
[w3:gh:pro] Searching "hysterp" | queue=10 | words=34039
[w3:gh:pro] heartbeat words=34039 queue=10 rotation=32 idle=13s
[w3:gh:pro] Site Turnstile remint timed out (25771ms)
[w3:gh:pro] Site Turnstile remint timed out (24057ms)
[w3:gh:pro] Site Turnstile remint timed out (26441ms)
[w3:gh:pro] heartbeat words=34039 queue=10 rotation=32 idle=9s
[w3:gh:pro] Managed Turnstile token (len=816, 17820ms, remount)
[w3:gh:pro] [api] 200 mode=pro startsWith=hysterp
[w3:gh:pro] [api] 200 mode=pro startsWith=hysterp (585ms direct)
[w3:gh:pro] "hysterp" → 0 records, 0 words
[w3:gh:pro] "hysterp" branch complete
[w3:gh:pro] Saved 34,039 worker words
[w3:gh:pro] Searching "hysterq" | queue=9 | words=34039
[w3:gh:pro] Pacing 14s before "hysterq" (gap=15500ms)
[w3:gh:pro] Managed Turnstile token (len=816, 11089ms, reset)
[w3:gh:pro] [api] 200 mode=pro startsWith=hysterq
[w3:gh:pro] [api] 200 mode=pro startsWith=hysterq (670ms direct)
[w3:gh:pro] "hysterq" → 0 records, 0 words
[w3:gh:pro] "hysterq" branch complete
[w3:gh:pro] Saved 34,039 worker words
[w3:gh:pro] Searching "hysterr" | queue=8 | words=34039
[w3:gh:pro] Pacing 15s before "hysterr" (gap=15500ms)
[w3:gh:pro] Managed Turnstile token (len=816, 6666ms, reset)
[w3:gh:pro] [api] 200 mode=pro startsWith=hysterr
[w3:gh:pro] [api] 200 mode=pro startsWith=hysterr (696ms direct)
[w3:gh:pro] "hysterr" → 0 records, 0 words
[w3:gh:pro] "hysterr" branch complete
[w3:gh:pro] Saved 34,039 worker words
[w3:gh:pro] Searching "hysters" | queue=7 | words=34039
[w3:gh:pro] Pacing 15s before "hysters" (gap=15500ms)
[w3:gh:pro] Managed Turnstile token (len=816, 11230ms, reset)
[w3:gh:pro] [api] 200 mode=pro startsWith=hysters
[w3:gh:pro] [api] 200 mode=pro startsWith=hysters (708ms direct)
[w3:gh:pro] "hysters" → 0 records, 0 words
[w3:gh:pro] "hysters" branch complete
[w3:gh:pro] Saved 34,039 worker words
[w3:gh:pro] Searching "hystert" | queue=6 | words=34039
[w3:gh:pro] Pacing 15s before "hystert" (gap=15500ms)
[w3:gh:pro] heartbeat words=34039 queue=6 rotation=32 idle=3s
[w3:gh:pro] Managed Turnstile token (len=816, 6633ms, reset)
[w3:gh:pro] [api] 200 mode=pro startsWith=hystert
[w3:gh:pro] [api] 200 mode=pro startsWith=hystert (749ms direct)
[w3:gh:pro] "hystert" → 0 records, 0 words
[w3:gh:pro] "hystert" branch complete
[w3:gh:pro] Saved 34,039 worker words
[w3:gh:pro] Searching "hysteru" | queue=5 | words=34039
[w3:gh:pro] Pacing 15s before "hysteru" (gap=15500ms)
[w3:gh:pro] Managed Turnstile token (len=816, 15672ms, reset)
[w3:gh:pro] [api] 200 mode=pro startsWith=hysteru
[w3:gh:pro] [api] 200 mode=pro startsWith=hysteru (792ms direct)
[w3:gh:pro] "hysteru" → 0 records, 0 words
[w3:gh:pro] "hysteru" branch complete
[w3:gh:pro] Saved 34,039 worker words
[w3:gh:pro] Searching "hysterv" | queue=4 | words=34039
[w3:gh:pro] Pacing 15s before "hysterv" (gap=15500ms)
[w3:gh:pro] Managed Turnstile token (len=816, 10521ms, reset)
[w3:gh:pro] [api] 200 mode=pro startsWith=hysterv
[w3:gh:pro] [api] 200 mode=pro startsWith=hysterv (694ms direct)
[w3:gh:pro] "hysterv" → 0 records, 0 words
[w3:gh:pro] "hysterv" branch complete
[w3:gh:pro] Saved 34,039 worker words
[w3:gh:pro] Searching "hysterw" | queue=3 | words=34039
[w3:gh:pro] Pacing 15s before "hysterw" (gap=15500ms)
[w3:gh:pro] Managed Turnstile token (len=816, 6592ms, reset)
[w3:gh:pro] [api] 200 mode=pro startsWith=hysterw
[w3:gh:pro] [api] 200 mode=pro startsWith=hysterw (724ms direct)
[w3:gh:pro] "hysterw" → 0 records, 0 words
[w3:gh:pro] "hysterw" branch complete
[w3:gh:pro] Saved 34,039 worker words; shared last.txt now 369,567
[w3:gh:pro] Searching "hysterx" | queue=2 | words=34039
[w3:gh:pro] Pacing 15s before "hysterx" (gap=15500ms)
[w3:gh:pro] heartbeat words=34039 queue=2 rotation=32 idle=1s
[w3:gh:pro] Managed Turnstile token (len=816, 6295ms, remount)
[w3:gh:pro] [api] 200 mode=pro startsWith=hysterx
[w3:gh:pro] [api] 200 mode=pro startsWith=hysterx (844ms direct)
[w3:gh:pro] "hysterx" → 0 records, 0 words
[w3:gh:pro] "hysterx" branch complete
[w3:gh:pro] Saved 34,039 worker words
[w3:gh:pro] Searching "hystery" | queue=1 | words=34039
[w3:gh:pro] Pacing 15s before "hystery" (gap=15500ms)
[w3:gh:pro] Managed Turnstile token (len=816, 10417ms, reset)
[w3:gh:pro] [api] 200 mode=pro startsWith=hystery
[w3:gh:pro] [api] 200 mode=pro startsWith=hystery (550ms direct)
[w3:gh:pro] "hystery" → 0 records, 0 words
[w3:gh:pro] "hystery" branch complete
[w3:gh:pro] Saved 34,039 worker words
[w3:gh:pro] Searching "hysterz" | queue=0 | words=34039
[w3:gh:pro] Pacing 15s before "hysterz" (gap=15500ms)
[w3:gh:pro] Managed Turnstile token (len=816, 10571ms, reset)
[w3:gh:pro] [api] 200 mode=pro startsWith=hysterz
[w3:gh:pro] [api] 200 mode=pro startsWith=hysterz (683ms direct)
[w3:gh:pro] "hysterz" → 0 records, 0 words
[w3:gh:pro] "hysterz" branch complete
[w3:gh:pro] Saved 34,039 worker words
[w3:gh:pro] Saved 34,039 worker words
[w3:gh:pro] Worker done. prefixes=5100 words=34039
[w3:gh:pro] Tor exited code=0
[w3:gh:pro] Site Turnstile remint timed out (4562ms)
[w3:gh:pro] IP mode=tor
[w3:gh:pro] Cleaned 1 old rotated profile(s)
[w3:gh:pro] Starting persistent Tor socks=127.0.0.1:19053 control=127.0.0.1:29053
[w3:gh:pro] tor: Aug 05 17:58:01.000 [notice] Bootstrapped 0% (starting): Starting
[w3:gh:pro] tor: Aug 05 17:58:03.000 [notice] Bootstrapped 5% (conn): Connecting to a relay
[w3:gh:pro] tor: Aug 05 17:58:03.000 [notice] Bootstrapped 10% (conn_done): Connected to a relay
[w3:gh:pro] tor: Aug 05 17:58:03.000 [notice] Bootstrapped 14% (handshake): Handshaking with a relay
[w3:gh:pro] tor: Aug 05 17:58:04.000 [notice] Bootstrapped 15% (handshake_done): Handshake with a relay done
Aug 05 17:58:04.000 [notice] Bootstrapped 75% (enough_dirinfo): Load
[w3:gh:pro] tor: Aug 05 17:58:04.000 [notice] Bootstrapped 95% (circuit_create): Establishing a Tor circuit
[w3:gh:pro] tor: Aug 05 17:58:04.000 [notice] Bootstrapped 100% (done): Done
[w3:gh:pro] Tor ready on 19053 exit=185.220.100.243
[w3:gh:pro] Launching persistent Chrome profile /tmp/lll-pw-w3-r0
[w3:gh:pro] Proxy tor#1 socks5://127.0.0.1:19053
[w3:gh:pro] Opening https://lastletterlibrary.com
[w3:gh:pro] Library mode=pro
[w3:gh:pro] Site Turnstile remint timed out (22356ms)
[w3:gh:pro] Search mode=direct (skip UI Wait Ns… gate)
[w3:gh:pro] Loaded 5100 prefixes, 34039 words; queue=0
[w3:gh:pro] Saved 34,039 worker words
[w3:gh:pro] Worker done. prefixes=5100 words=34039
[w3:gh:pro] Tor exited code=0
[w3:gh:pro] Site Turnstile remint timed out (4200ms)
[w3:gh:pro] IP mode=tor
[w3:gh:pro] Cleaned 1 old rotated profile(s)
[w3:gh:pro] Starting persistent Tor socks=127.0.0.1:19053 control=127.0.0.1:29053
[w3:gh:pro] tor: Aug 05 18:05:12.000 [notice] Bootstrapped 0% (starting): Starting
[w3:gh:pro] tor: Aug 05 18:05:13.000 [notice] Bootstrapped 5% (conn): Connecting to a relay
[w3:gh:pro] tor: Aug 05 18:05:13.000 [notice] Bootstrapped 10% (conn_done): Connected to a relay
[w3:gh:pro] tor: Aug 05 18:05:14.000 [notice] Bootstrapped 14% (handshake): Handshaking with a relay
[w3:gh:pro] tor: Aug 05 18:05:14.000 [notice] Bootstrapped 15% (handshake_done): Handshake with a relay done
Aug 05 18:05:14.000 [notice] Bootstrapped 75% (enough_dirinfo): Load
[w3:gh:pro] tor: Aug 05 18:05:14.000 [notice] Bootstrapped 95% (circuit_create): Establishing a Tor circuit
[w3:gh:pro] tor: Aug 05 18:05:15.000 [notice] Bootstrapped 100% (done): Done
[w3:gh:pro] Tor ready on 19053 exit=185.231.33.38
[w3:gh:pro] Launching persistent Chrome profile /tmp/lll-pw-w3-r0
[w3:gh:pro] Proxy tor#1 socks5://127.0.0.1:19053
[w3:gh:pro] Opening https://lastletterlibrary.com
[w3:gh:pro] Library mode=pro
[w3:gh:pro] Site Turnstile remint timed out (22329ms)
[w3:gh:pro] Search mode=direct (skip UI Wait Ns… gate)
[w3:gh:pro] Loaded 5100 prefixes, 34039 words; queue=0
[w3:gh:pro] Saved 34,039 worker words
[w3:gh:pro] Worker done. prefixes=5100 words=34039
[w3:gh:pro] Tor exited code=0
[w3:gh:pro] Site Turnstile remint timed out (4276ms)
[w3:gh:pro] IP mode=tor
[w3:gh:pro] Cleaned 1 old rotated profile(s)
[w3:gh:pro] Starting persistent Tor socks=127.0.0.1:19053 control=127.0.0.1:29053
[w3:gh:pro] tor: Aug 05 18:09:42.000 [notice] Bootstrapped 0% (starting): Starting
[w3:gh:pro] tor: Aug 05 18:09:44.000 [notice] Bootstrapped 5% (conn): Connecting to a relay
[w3:gh:pro] tor: Aug 05 18:09:44.000 [notice] Bootstrapped 10% (conn_done): Connected to a relay
[w3:gh:pro] tor: Aug 05 18:09:45.000 [notice] Bootstrapped 14% (handshake): Handshaking with a relay
[w3:gh:pro] tor: Aug 05 18:09:45.000 [notice] Bootstrapped 15% (handshake_done): Handshake with a relay done
Aug 05 18:09:45.000 [notice] Bootstrapped 75% (enough_dirinfo): Load
[w3:gh:pro] tor: Aug 05 18:09:46.000 [notice] Bootstrapped 100% (done): Done
[w3:gh:pro] Tor ready on 19053 exit=109.70.100.7
[w3:gh:pro] Launching persistent Chrome profile /tmp/lll-pw-w3-r0
[w3:gh:pro] Proxy tor#1 socks5://127.0.0.1:19053
[w3:gh:pro] Opening https://lastletterlibrary.com
[w3:gh:pro] Library mode=pro
[w3:gh:pro] Site Turnstile remint timed out (22456ms)
[w3:gh:pro] Search mode=direct (skip UI Wait Ns… gate)
[w3:gh:pro] Loaded 5100 prefixes, 34039 words; queue=0
[w3:gh:pro] Saved 34,039 worker words
[w3:gh:pro] Worker done. prefixes=5100 words=34039
[w3:gh:pro] Tor exited code=0
[w3:gh:pro] Site Turnstile remint timed out (4247ms)
[w3:gh:pro] IP mode=tor
[w3:gh:pro] Cleaned 1 old rotated profile(s)
[w3:gh:pro] Starting persistent Tor socks=127.0.0.1:19053 control=127.0.0.1:29053
[w3:gh:pro] tor: Aug 05 18:12:30.000 [notice] Bootstrapped 0% (starting): Starting
[w3:gh:pro] tor: Aug 05 18:12:31.000 [notice] Bootstrapped 5% (conn): Connecting to a relay
[w3:gh:pro] tor: Aug 05 18:12:31.000 [notice] Bootstrapped 10% (conn_done): Connected to a relay
[w3:gh:pro] tor: Aug 05 18:12:32.000 [notice] Bootstrapped 14% (handshake): Handshaking with a relay
[w3:gh:pro] tor: Aug 05 18:12:32.000 [notice] Bootstrapped 15% (handshake_done): Handshake with a relay done
Aug 05 18:12:32.000 [notice] Bootstrapped 75% (enough_dirinfo): Load
[w3:gh:pro] tor: Aug 05 18:12:33.000 [notice] Bootstrapped 100% (done): Done
[w3:gh:pro] Tor ready on 19053 exit=45.84.107.172
[w3:gh:pro] Launching persistent Chrome profile /tmp/lll-pw-w3-r0
[w3:gh:pro] Proxy tor#1 socks5://127.0.0.1:19053
[w3:gh:pro] Opening https://lastletterlibrary.com
[w3:gh:pro] Library mode=pro
[w3:gh:pro] Managed Turnstile token (len=816, 4604ms, remount)
[w3:gh:pro] Search mode=direct (skip UI Wait Ns… gate)
[w3:gh:pro] Loaded 5100 prefixes, 34039 words; queue=0
[w3:gh:pro] Saved 34,039 worker words
[w3:gh:pro] Worker done. prefixes=5100 words=34039
[w3:gh:pro] Tor exited code=0
