[w4:ij:pro] IP mode=tor
[w4:ij:pro] Cleaned 1 old rotated profile(s)
[w4:ij:pro] Starting Tor gen=1 socks=127.0.0.1:19054 (try 1)
[w4:ij:pro] tor: Aug 05 08:51:48.939 [notice] Opened Socks listener connection (ready) on 127.0.0.1:19054
Aug 05 08:51:48.939 [warn] Fixing permissions on directory /tmp/lll-tor
[w4:ij:pro] tor: Aug 05 08:51:49.000 [notice] Bootstrapped 0% (starting): Starting
[w4:ij:pro] tor: Aug 05 08:51:50.000 [notice] Bootstrapped 5% (conn): Connecting to a relay
[w4:ij:pro] tor: Aug 05 08:51:50.000 [notice] Bootstrapped 10% (conn_done): Connected to a relay
[w4:ij:pro] tor: Aug 05 08:51:52.000 [notice] Bootstrapped 14% (handshake): Handshaking with a relay
[w4:ij:pro] tor: Aug 05 08:51:54.000 [notice] Bootstrapped 15% (handshake_done): Handshake with a relay done
Aug 05 08:51:54.000 [notice] Bootstrapped 20% (onehop_create): Estab
[w4:ij:pro] tor: Aug 05 08:51:55.000 [notice] Bootstrapped 25% (requesting_status): Asking for networkstatus consensus
[w4:ij:pro] tor: Aug 05 08:51:55.000 [notice] Bootstrapped 30% (loading_status): Loading networkstatus consensus
[w4:ij:pro] tor: Aug 05 08:51:59.000 [notice] Bootstrapped 40% (loading_keys): Loading authority key certs
[w4:ij:pro] tor: Aug 05 08:51:59.000 [notice] Bootstrapped 45% (requesting_descriptors): Asking for relay descriptors
Aug 05 08:51:59.000 [notice] I learned some more directory 
[w4:ij:pro] tor: Aug 05 08:52:00.000 [notice] Bootstrapped 50% (loading_descriptors): Loading relay descriptors
[w4:ij:pro] tor: Aug 05 08:52:09.000 [notice] Bootstrapped 55% (loading_descriptors): Loading relay descriptors
[w4:ij:pro] tor: Aug 05 08:52:15.000 [notice] Bootstrapped 61% (loading_descriptors): Loading relay descriptors
[w4:ij:pro] tor: Aug 05 08:52:16.000 [notice] Bootstrapped 67% (loading_descriptors): Loading relay descriptors
[w4:ij:pro] tor: Aug 05 08:52:17.000 [notice] Bootstrapped 75% (enough_dirinfo): Loaded enough directory info to build circuits
[w4:ij:pro] tor: Aug 05 08:52:18.000 [notice] Bootstrapped 90% (ap_handshake_done): Handshake finished with a relay to build circuits
Aug 05 08:52:18.000 [notice] Bootstrapped 9
[w4:ij:pro] tor: Aug 05 08:52:19.000 [notice] Bootstrapped 100% (done): Done
[w4:ij:pro] Tor ready on 19054 exit=192.42.116.56
[w4:ij:pro] Launching persistent Chrome profile /tmp/lll-pw-w4-r0
[w4:ij:pro] Proxy tor#1 socks5://127.0.0.1:19054
[w4:ij:pro] Opening https://lastletterlibrary.com
[w4:ij:pro] Library mode=pro
[w4:ij:pro] Turnstile token present (len=816)
[w4:ij:pro] Site Turnstile token (20756ms)
[w4:ij:pro] Search mode=direct (skip UI Wait Ns… gate)
[w4:ij:pro] Browser exit IP=192.42.116.46 (unique)
[w4:ij:pro] Loaded 2660 prefixes, 18583 words; queue=89
[w4:ij:pro] Searching "jau" | queue=88 | words=18583
[w4:ij:pro] [api] 200 mode=pro startsWith=jau
[w4:ij:pro] [api] 200 mode=pro startsWith=jau (819ms direct)
[w4:ij:pro] "jau" → 40 records, 40 words
[w4:ij:pro] "jau" branch complete
[w4:ij:pro] Saved 18,623 worker words
[w4:ij:pro] Searching "jav" | queue=87 | words=18623
[w4:ij:pro] Pacing 15s before "jav" (gap=15500ms)
[w4:ij:pro] Turnstile token present (len=837)
[w4:ij:pro] Site Turnstile token (20428ms)
[w4:ij:pro] [api] 200 mode=pro startsWith=jav
[w4:ij:pro] [api] 200 mode=pro startsWith=jav (1018ms direct)
[w4:ij:pro] "jav" → 22 records, 22 words
[w4:ij:pro] "jav" branch complete
[w4:ij:pro] Saved 18,645 worker words
[w4:ij:pro] Searching "jaw" | queue=86 | words=18645
[w4:ij:pro] Pacing 15s before "jaw" (gap=15500ms)
[w4:ij:pro] Turnstile token present (len=816)
[w4:ij:pro] Site Turnstile token (20309ms)
[w4:ij:pro] [api] 200 mode=pro startsWith=jaw
[w4:ij:pro] [api] 200 mode=pro startsWith=jaw (795ms direct)
[w4:ij:pro] "jaw" → 54 records, 54 words (incl. exact "jaw")
[w4:ij:pro] "jaw" branch complete
[w4:ij:pro] Saved 18,657 worker words
[w4:ij:pro] Searching "jaz" | queue=85 | words=18657
[w4:ij:pro] Pacing 15s before "jaz" (gap=15500ms)
[w4:ij:pro] heartbeat words=18657 queue=85 rotation=0 idle=16s
[w4:ij:pro] Site Turnstile remint timed out (24136ms)
[w4:ij:pro] Turnstile mint hard timeout after 28000ms
[w4:ij:pro] Site Turnstile remint timed out (37321ms)
[w4:ij:pro] Managed Turnstile miss (18979ms)
[w4:ij:pro] Turnstile direct mint miss (1/2)
[w4:ij:pro] heartbeat words=18657 queue=85 rotation=0 idle=3s
[w4:ij:pro] Site Turnstile remint timed out (23531ms)
[w4:ij:pro] Turnstile direct mint miss (2/2)
[w4:ij:pro] Failed "jaz" attempt 1: No Turnstile token for direct search
[w4:ij:pro] Saved 18,657 worker words
[w4:ij:pro] Turnstile miss — soft reload before rotate
[w4:ij:pro] Site Turnstile remint timed out (9619ms)
[w4:ij:pro] Soft reload mint failed — rotating immediately
[w4:ij:pro] Tor exited code=0
[w4:ij:pro] Starting Tor gen=2 socks=127.0.0.1:19054 (try 1)
[w4:ij:pro] tor: Aug 05 08:55:27.299 [notice] Opened Socks listener connection (ready) on 127.0.0.1:19054
Aug 05 08:55:27.299 [warn] Fixing permissions on directory /tmp/lll-tor
[w4:ij:pro] tor: Aug 05 08:55:28.000 [notice] Bootstrapped 0% (starting): Starting
[w4:ij:pro] tor: Aug 05 08:55:29.000 [notice] Bootstrapped 5% (conn): Connecting to a relay
[w4:ij:pro] tor: Aug 05 08:55:29.000 [notice] Bootstrapped 10% (conn_done): Connected to a relay
[w4:ij:pro] tor: Aug 05 08:55:30.000 [notice] Bootstrapped 14% (handshake): Handshaking with a relay
[w4:ij:pro] tor: Aug 05 08:55:30.000 [notice] Bootstrapped 15% (handshake_done): Handshake with a relay done
Aug 05 08:55:30.000 [notice] Bootstrapped 20% (onehop_create): Estab
[w4:ij:pro] tor: Aug 05 08:55:31.000 [notice] Bootstrapped 25% (requesting_status): Asking for networkstatus consensus
[w4:ij:pro] tor: Aug 05 08:55:31.000 [notice] Bootstrapped 30% (loading_status): Loading networkstatus consensus
[w4:ij:pro] tor: Aug 05 08:55:33.000 [notice] Bootstrapped 40% (loading_keys): Loading authority key certs
[w4:ij:pro] tor: Aug 05 08:55:34.000 [notice] Bootstrapped 45% (requesting_descriptors): Asking for relay descriptors
Aug 05 08:55:34.000 [notice] I learned some more directory 
[w4:ij:pro] tor: Aug 05 08:55:35.000 [notice] Bootstrapped 50% (loading_descriptors): Loading relay descriptors
[w4:ij:pro] heartbeat words=18657 queue=86 rotation=1 idle=18s
[w4:ij:pro] tor: Aug 05 08:56:04.000 [notice] Bootstrapped 55% (loading_descriptors): Loading relay descriptors
[w4:ij:pro] tor: Aug 05 08:56:05.000 [notice] Bootstrapped 61% (loading_descriptors): Loading relay descriptors
[w4:ij:pro] tor: Aug 05 08:56:05.000 [notice] Bootstrapped 67% (loading_descriptors): Loading relay descriptors
[w4:ij:pro] tor: Aug 05 08:56:06.000 [notice] Bootstrapped 75% (enough_dirinfo): Loaded enough directory info to build circuits
[w4:ij:pro] tor: Aug 05 08:56:06.000 [notice] Bootstrapped 90% (ap_handshake_done): Handshake finished with a relay to build circuits
Aug 05 08:56:06.000 [notice] Bootstrapped 9
[w4:ij:pro] tor: Aug 05 08:56:07.000 [notice] Bootstrapped 100% (done): Done
[w4:ij:pro] Tor ready on 19054 exit=45.84.107.33
[w4:ij:pro] Rotating IP (#1, try 1) after No Turnstile token for direct search → tor#2 socks5://127.0.0.1:19054
[w4:ij:pro] Launching persistent Chrome profile /tmp/lll-pw-w4-r1
[w4:ij:pro] Proxy tor#2 socks5://127.0.0.1:19054
[w4:ij:pro] Opening https://lastletterlibrary.com
[w4:ij:pro] Library mode=pro
[w4:ij:pro] Site Turnstile remint timed out (24485ms)
[w4:ij:pro] Search mode=direct (skip UI Wait Ns… gate)
[w4:ij:pro] Cleaned 1 old rotated profile(s)
[w4:ij:pro] Browser exit IP=185.220.101.21 (unique)
[w4:ij:pro] Searching "jaz" | queue=85 | words=18657
[w4:ij:pro] heartbeat words=18657 queue=85 rotation=1 idle=2s
[w4:ij:pro] Site Turnstile remint timed out (26419ms)
[w4:ij:pro] Site Turnstile remint timed out (27665ms)
[w4:ij:pro] Managed Turnstile miss (19780ms)
[w4:ij:pro] Turnstile direct mint miss (1/2)
[w4:ij:pro] heartbeat words=18657 queue=85 rotation=1 idle=9s
[w4:ij:pro] Turnstile token present (len=816)
[w4:ij:pro] Site Turnstile token (19105ms)
[w4:ij:pro] [api] 200 mode=pro startsWith=jaz
[w4:ij:pro] [api] 200 mode=pro startsWith=jaz (417ms direct)
[w4:ij:pro] "jaz" → 30 records, 30 words
[w4:ij:pro] "jaz" branch complete
[w4:ij:pro] Saved 18,657 worker words
[w4:ij:pro] Searching "jef" | queue=84 | words=18657
[w4:ij:pro] Pacing 16s before "jef" (gap=15500ms)
[w4:ij:pro] Turnstile token present (len=816)
[w4:ij:pro] Site Turnstile token (20781ms)
[w4:ij:pro] [api] 200 mode=pro startsWith=jef
[w4:ij:pro] [api] 200 mode=pro startsWith=jef (597ms direct)
[w4:ij:pro] "jef" → 18 records, 18 words (incl. exact "jef")
[w4:ij:pro] "jef" branch complete
[w4:ij:pro] Saved 18,665 worker words
[w4:ij:pro] Searching "jeg" | queue=83 | words=18665
[w4:ij:pro] Pacing 15s before "jeg" (gap=15500ms)
[w4:ij:pro] Turnstile mint hard timeout after 28000ms
[w4:ij:pro] heartbeat words=18665 queue=83 rotation=1 idle=0s
[w4:ij:pro] Turnstile direct mint miss (1/2)
[w4:ij:pro] Turnstile direct mint miss (2/2)
[w4:ij:pro] Failed "jeg" attempt 1: No Turnstile token for direct search
[w4:ij:pro] Saved 18,665 worker words
[w4:ij:pro] Turnstile miss — soft reload before rotate
[w4:ij:pro] Soft reload failed: page.goto: Target page, context or browser has been closed
[w4:ij:pro] Tor exited code=0
[w4:ij:pro] Searching "jeg" | queue=83 | words=18665
[w4:ij:pro] Failed "jeg" attempt 2: locator.count: Target page, context or browser has been closed
[w4:ij:pro] Saved 18,665 worker words; shared last.txt now 279,379
[w4:ij:pro] Site Turnstile remint timed out (24650ms)
[w4:ij:pro] Site Turnstile remint timed out (54468ms)
[w4:ij:pro] Starting Tor gen=3 socks=127.0.0.1:19054 (try 1)
[w4:ij:pro] tor: Aug 05 08:59:23.052 [warn] Fixing permissions on directory /tmp/lll-tor-w4
[w4:ij:pro] tor: Aug 05 08:59:23.000 [notice] Bootstrapped 0% (starting): Starting
[w4:ij:pro] tor: Aug 05 08:59:24.000 [notice] Bootstrapped 5% (conn): Connecting to a relay
[w4:ij:pro] tor: Aug 05 08:59:24.000 [notice] Bootstrapped 10% (conn_done): Connected to a relay
[w4:ij:pro] tor: Aug 05 08:59:24.000 [notice] Bootstrapped 14% (handshake): Handshaking with a relay
[w4:ij:pro] tor: Aug 05 08:59:25.000 [notice] Bootstrapped 15% (handshake_done): Handshake with a relay done
Aug 05 08:59:25.000 [notice] Bootstrapped 20% (onehop_create): Estab
[w4:ij:pro] tor: Aug 05 08:59:25.000 [notice] Bootstrapped 25% (requesting_status): Asking for networkstatus consensus
[w4:ij:pro] tor: Aug 05 08:59:25.000 [notice] Bootstrapped 30% (loading_status): Loading networkstatus consensus
[w4:ij:pro] tor: Aug 05 08:59:27.000 [notice] Bootstrapped 40% (loading_keys): Loading authority key certs
[w4:ij:pro] tor: Aug 05 08:59:28.000 [notice] Bootstrapped 45% (requesting_descriptors): Asking for relay descriptors
Aug 05 08:59:28.000 [notice] I learned some more directory 
[w4:ij:pro] tor: Aug 05 08:59:29.000 [notice] Bootstrapped 50% (loading_descriptors): Loading relay descriptors
[w4:ij:pro] tor: Aug 05 08:59:36.000 [notice] Bootstrapped 55% (loading_descriptors): Loading relay descriptors
[w4:ij:pro] tor: Aug 05 08:59:37.000 [notice] Bootstrapped 61% (loading_descriptors): Loading relay descriptors
[w4:ij:pro] tor: Aug 05 08:59:38.000 [notice] Bootstrapped 67% (loading_descriptors): Loading relay descriptors
[w4:ij:pro] tor: Aug 05 08:59:38.000 [notice] Bootstrapped 75% (enough_dirinfo): Loaded enough directory info to build circuits
[w4:ij:pro] tor: Aug 05 08:59:38.000 [notice] Bootstrapped 90% (ap_handshake_done): Handshake finished with a relay to build circuits
Aug 05 08:59:38.000 [notice] Bootstrapped 9
[w4:ij:pro] tor: Aug 05 08:59:38.000 [notice] Bootstrapped 100% (done): Done
[w4:ij:pro] IP mode=tor
[w4:ij:pro] Cleaned 1 old rotated profile(s)
[w4:ij:pro] Starting Tor gen=1 socks=127.0.0.1:19054 (try 1)
[w4:ij:pro] tor: Aug 05 09:00:17.545 [warn] Fixing permissions on directory /tmp/lll-tor-w4
[w4:ij:pro] tor: Aug 05 09:00:17.000 [notice] Bootstrapped 0% (starting): Starting
[w4:ij:pro] tor: Aug 05 09:00:18.000 [notice] Bootstrapped 5% (conn): Connecting to a relay
[w4:ij:pro] tor: Aug 05 09:00:18.000 [notice] Bootstrapped 10% (conn_done): Connected to a relay
[w4:ij:pro] tor: Aug 05 09:00:21.000 [notice] Bootstrapped 14% (handshake): Handshaking with a relay
[w4:ij:pro] tor: Aug 05 09:00:21.000 [notice] Bootstrapped 15% (handshake_done): Handshake with a relay done
Aug 05 09:00:21.000 [notice] Bootstrapped 20% (onehop_create): Estab
[w4:ij:pro] tor: Aug 05 09:00:21.000 [notice] Bootstrapped 25% (requesting_status): Asking for networkstatus consensus
[w4:ij:pro] tor: Aug 05 09:00:21.000 [notice] Bootstrapped 30% (loading_status): Loading networkstatus consensus
[w4:ij:pro] tor: Aug 05 09:00:23.000 [notice] Bootstrapped 40% (loading_keys): Loading authority key certs
[w4:ij:pro] tor: Aug 05 09:00:24.000 [notice] Bootstrapped 45% (requesting_descriptors): Asking for relay descriptors
Aug 05 09:00:24.000 [notice] I learned some more directory 
[w4:ij:pro] tor: Aug 05 09:00:25.000 [notice] Bootstrapped 50% (loading_descriptors): Loading relay descriptors
[w4:ij:pro] tor: Aug 05 09:00:31.000 [notice] Bootstrapped 56% (loading_descriptors): Loading relay descriptors
[w4:ij:pro] tor: Aug 05 09:01:33.000 [notice] Bootstrapped 61% (loading_descriptors): Loading relay descriptors
[w4:ij:pro] tor: Aug 05 09:01:36.000 [notice] Bootstrapped 67% (loading_descriptors): Loading relay descriptors
[w4:ij:pro] tor: Aug 05 09:01:36.000 [notice] Bootstrapped 75% (enough_dirinfo): Loaded enough directory info to build circuits
[w4:ij:pro] tor: Aug 05 09:01:37.000 [notice] Bootstrapped 90% (ap_handshake_done): Handshake finished with a relay to build circuits
Aug 05 09:01:37.000 [notice] Bootstrapped 9
[w4:ij:pro] tor: Aug 05 09:01:38.000 [notice] Bootstrapped 100% (done): Done
[w4:ij:pro] Tor ready on 19054 exit=45.141.119.26
[w4:ij:pro] Launching persistent Chrome profile /tmp/lll-pw-w4-r0
[w4:ij:pro] Proxy tor#1 socks5://127.0.0.1:19054
[w4:ij:pro] Opening https://lastletterlibrary.com
[w4:ij:pro] Library mode=pro
[w4:ij:pro] Turnstile token present (len=816)
[w4:ij:pro] Site Turnstile token (21742ms)
[w4:ij:pro] Search mode=direct (skip UI Wait Ns… gate)
[w4:ij:pro] Browser exit IP=185.220.101.189 (unique)
[w4:ij:pro] Loaded 2665 prefixes, 18665 words; queue=84
[w4:ij:pro] Searching "jeg" | queue=83 | words=18665
[w4:ij:pro] [api] 200 mode=pro startsWith=jeg
[w4:ij:pro] [api] 200 mode=pro startsWith=jeg (1722ms direct)
[w4:ij:pro] "jeg" → 3 records, 3 words (incl. exact "jeg")
[w4:ij:pro] "jeg" branch complete
[w4:ij:pro] Saved 18,668 worker words
[w4:ij:pro] Searching "jeh" | queue=82 | words=18668
[w4:ij:pro] Pacing 13s before "jeh" (gap=15500ms)
[w4:ij:pro] Site Turnstile remint timed out (26076ms)
[w4:ij:pro] Turnstile token present (len=816)
[w4:ij:pro] Site Turnstile token (22670ms)
[w4:ij:pro] [api] 200 mode=pro startsWith=jeh
[w4:ij:pro] [api] 200 mode=pro startsWith=jeh (858ms direct)
[w4:ij:pro] "jeh" → 20 records, 20 words
[w4:ij:pro] "jeh" branch complete
[w4:ij:pro] Saved 18,688 worker words
[w4:ij:pro] Searching "jei" | queue=81 | words=18688
[w4:ij:pro] Pacing 12s before "jei" (gap=15500ms)
[w4:ij:pro] heartbeat words=18688 queue=81 rotation=0 idle=6s
[w4:ij:pro] Turnstile token present (len=816)
[w4:ij:pro] Site Turnstile token (26503ms)
[w4:ij:pro] [api] 200 mode=pro startsWith=jei
[w4:ij:pro] [api] 200 mode=pro startsWith=jei (746ms direct)
[w4:ij:pro] "jei" → 4 records, 4 words
[w4:ij:pro] "jei" branch complete
[w4:ij:pro] Saved 18,692 worker words
[w4:ij:pro] Searching "jej" | queue=80 | words=18692
[w4:ij:pro] Pacing 12s before "jej" (gap=15500ms)
[w4:ij:pro] Turnstile token present (len=816)
[w4:ij:pro] Site Turnstile token (21073ms)
[w4:ij:pro] [api] 200 mode=pro startsWith=jej
[w4:ij:pro] [api] 200 mode=pro startsWith=jej (519ms direct)
[w4:ij:pro] "jej" → 22 records, 22 words
[w4:ij:pro] "jej" branch complete
[w4:ij:pro] Saved 18,714 worker words
[w4:ij:pro] Searching "jek" | queue=79 | words=18714
[w4:ij:pro] Pacing 15s before "jek" (gap=15500ms)
[w4:ij:pro] heartbeat words=18714 queue=79 rotation=0 idle=16s
[w4:ij:pro] Site Turnstile remint timed out (22370ms)
[w4:ij:pro] Site Turnstile remint timed out (23570ms)
[w4:ij:pro] Site Turnstile remint timed out (23878ms)
[w4:ij:pro] heartbeat words=18714 queue=79 rotation=0 idle=6s
[w4:ij:pro] Site Turnstile remint timed out (23257ms)
[w4:ij:pro] Site Turnstile remint timed out (24450ms)
[w4:ij:pro] Failed "jek" attempt 1: No Turnstile token for direct search
[w4:ij:pro] Saved 18,714 worker words
[w4:ij:pro] Turnstile miss — soft reload before rotate
[w4:ij:pro] Site Turnstile remint timed out (12830ms)
[w4:ij:pro] Soft reload mint failed — rotating immediately
[w4:ij:pro] heartbeat words=18714 queue=80 rotation=1 idle=0s
[w4:ij:pro] Tor exited code=null
[w4:ij:pro] Starting Tor gen=2 socks=127.0.0.1:19054 (try 1)
[w4:ij:pro] tor: Aug 05 09:06:23.380 [notice] Opening Socks listener on 127.0.0.1:19054
Aug 05 09:06:23.380 [notice] Opened Socks listener connection (ready) on 127.0.0.1:19054

[w4:ij:pro] tor: Aug 05 09:06:26.000 [notice] Bootstrapped 0% (starting): Starting
Aug 05 09:06:26.000 [notice] Starting with guard context "default"
[w4:ij:pro] tor: Aug 05 09:06:27.000 [notice] Bootstrapped 5% (conn): Connecting to a relay
[w4:ij:pro] tor: Aug 05 09:06:27.000 [notice] Bootstrapped 10% (conn_done): Connected to a relay
[w4:ij:pro] tor: Aug 05 09:06:28.000 [notice] Bootstrapped 14% (handshake): Handshaking with a relay
[w4:ij:pro] tor: Aug 05 09:06:29.000 [notice] Bootstrapped 15% (handshake_done): Handshake with a relay done
Aug 05 09:06:29.000 [notice] Bootstrapped 20% (onehop_create): Estab
[w4:ij:pro] tor: Aug 05 09:06:29.000 [notice] Bootstrapped 25% (requesting_status): Asking for networkstatus consensus
[w4:ij:pro] tor: Aug 05 09:06:29.000 [notice] Bootstrapped 30% (loading_status): Loading networkstatus consensus
[w4:ij:pro] tor: Aug 05 09:06:32.000 [notice] Bootstrapped 40% (loading_keys): Loading authority key certs
[w4:ij:pro] tor: Aug 05 09:06:33.000 [notice] Bootstrapped 45% (requesting_descriptors): Asking for relay descriptors
Aug 05 09:06:33.000 [notice] I learned some more directory 
[w4:ij:pro] tor: Aug 05 09:06:33.000 [notice] Bootstrapped 50% (loading_descriptors): Loading relay descriptors
[w4:ij:pro] tor: Aug 05 09:06:40.000 [notice] Bootstrapped 55% (loading_descriptors): Loading relay descriptors
[w4:ij:pro] tor: Aug 05 09:06:43.000 [notice] Bootstrapped 61% (loading_descriptors): Loading relay descriptors
[w4:ij:pro] tor: Aug 05 09:06:45.000 [notice] Bootstrapped 67% (loading_descriptors): Loading relay descriptors
[w4:ij:pro] tor: Aug 05 09:06:46.000 [notice] Bootstrapped 75% (enough_dirinfo): Loaded enough directory info to build circuits
[w4:ij:pro] tor: Aug 05 09:06:46.000 [notice] Bootstrapped 90% (ap_handshake_done): Handshake finished with a relay to build circuits
Aug 05 09:06:46.000 [notice] Bootstrapped 9
[w4:ij:pro] tor: Aug 05 09:06:47.000 [notice] Bootstrapped 100% (done): Done
[w4:ij:pro] Tor ready on 19054 exit=195.176.3.24
[w4:ij:pro] Rotating IP (#1, try 1) after No Turnstile token for direct search → tor#2 socks5://127.0.0.1:19054
[w4:ij:pro] Launching persistent Chrome profile /tmp/lll-pw-w4-r1
[w4:ij:pro] Proxy tor#2 socks5://127.0.0.1:19054
[w4:ij:pro] Opening https://lastletterlibrary.com
[w4:ij:pro] Library mode=pro
[w4:ij:pro] Managed Turnstile token (len=816, 5375ms, remount)
[w4:ij:pro] Search mode=direct (skip UI Wait Ns… gate)
[w4:ij:pro] Cleaned 1 old rotated profile(s)
[w4:ij:pro] Browser exit IP=195.176.3.24 (unique)
[w4:ij:pro] Searching "jek" | queue=79 | words=18714
[w4:ij:pro] [api] 200 mode=pro startsWith=jek
[w4:ij:pro] [api] 200 mode=pro startsWith=jek (488ms direct)
[w4:ij:pro] "jek" → 1 records, 1 words
[w4:ij:pro] "jek" branch complete
[w4:ij:pro] Saved 18,715 worker words
[w4:ij:pro] Searching "jel" | queue=78 | words=18715
[w4:ij:pro] Pacing 15s before "jel" (gap=15500ms)
[w4:ij:pro] Managed Turnstile token (len=816, 3323ms, reset)
[w4:ij:pro] heartbeat words=18715 queue=78 rotation=1 idle=8s
[w4:ij:pro] [api] 200 mode=pro startsWith=jel
[w4:ij:pro] [api] 200 mode=pro startsWith=jel (458ms direct)
[w4:ij:pro] "jel" → 51 records, 51 words
[w4:ij:pro] "jel" branch complete
[w4:ij:pro] Saved 18,766 worker words
[w4:ij:pro] Searching "jem" | queue=77 | words=18766
[w4:ij:pro] Pacing 15s before "jem" (gap=15500ms)
[w4:ij:pro] Managed Turnstile token (len=816, 5284ms, reset)
[w4:ij:pro] [api] 200 mode=pro startsWith=jem
[w4:ij:pro] [api] 200 mode=pro startsWith=jem (475ms direct)
[w4:ij:pro] "jem" → 20 records, 20 words (incl. exact "jem")
[w4:ij:pro] "jem" branch complete
[w4:ij:pro] Saved 18,786 worker words; shared last.txt now 280,010
[w4:ij:pro] Searching "jen" | queue=76 | words=18786
[w4:ij:pro] Pacing 13s before "jen" (gap=15500ms)
[w4:ij:pro] Managed Turnstile token (len=816, 6894ms, reset)
[w4:ij:pro] [api] 200 mode=pro startsWith=jen
[w4:ij:pro] [api] 200 mode=pro startsWith=jen (601ms direct)
[w4:ij:pro] "jen" → 18 records, 18 words
[w4:ij:pro] "jen" branch complete
[w4:ij:pro] Saved 18,804 worker words
[w4:ij:pro] Searching "jeo" | queue=75 | words=18804
[w4:ij:pro] Pacing 15s before "jeo" (gap=15500ms)
[w4:ij:pro] Managed Turnstile token (len=816, 10132ms, reset)
[w4:ij:pro] [api] 200 mode=pro startsWith=jeo
[w4:ij:pro] [api] 200 mode=pro startsWith=jeo (491ms direct)
[w4:ij:pro] "jeo" → 26 records, 26 words
[w4:ij:pro] "jeo" branch complete
[w4:ij:pro] Saved 18,830 worker words
[w4:ij:pro] Searching "jep" | queue=74 | words=18830
[w4:ij:pro] Pacing 13s before "jep" (gap=15500ms)
[w4:ij:pro] heartbeat words=18830 queue=74 rotation=1 idle=5s
[w4:ij:pro] Managed Turnstile token (len=816, 14062ms, reset)
[w4:ij:pro] [api] 200 mode=pro startsWith=jep
[w4:ij:pro] [api] 200 mode=pro startsWith=jep (802ms direct)
[w4:ij:pro] "jep" → 2 records, 2 words
[w4:ij:pro] "jep" branch complete
[w4:ij:pro] Saved 18,832 worker words
[w4:ij:pro] Searching "jeq" | queue=73 | words=18832
[w4:ij:pro] Pacing 13s before "jeq" (gap=15500ms)
[w4:ij:pro] Managed Turnstile token (len=816, 16145ms, reset)
[w4:ij:pro] [api] 200 mode=pro startsWith=jeq
[w4:ij:pro] [api] 200 mode=pro startsWith=jeq (507ms direct)
[w4:ij:pro] "jeq" → 4 records, 4 words
[w4:ij:pro] "jeq" branch complete
[w4:ij:pro] Saved 18,836 worker words
[w4:ij:pro] Searching "jer" | queue=72 | words=18836
[w4:ij:pro] Pacing 15s before "jer" (gap=15500ms)
[w4:ij:pro] Turnstile token present (len=816)
[w4:ij:pro] Site Turnstile token (19166ms)
[w4:ij:pro] [api] 200 mode=pro startsWith=jer
[w4:ij:pro] [api] 200 mode=pro startsWith=jer (532ms direct)
[w4:ij:pro] "jer" → 100 records, 100 words (incl. exact "jer")
[w4:ij:pro] Pacing 14s before "jer" (gap=15500ms)
[w4:ij:pro] heartbeat words=18936 queue=72 rotation=1 idle=11s
[w4:ij:pro] Managed Turnstile token (len=816, 15522ms, remount)
[w4:ij:pro] [api] 200 mode=pro startsWith=jer
[w4:ij:pro] [api] 200 mode=pro startsWith=jer sort=alphabetical:desc (573ms direct)
[w4:ij:pro] "jer" full page ends at "jerseys" (next='s'); skip 23 covered groups → 5 children reverse Z→A ends at "jereeds" (lo='e' hi='v'); skip 16 middle + 10 new words
[w4:ij:pro] Saved 18,946 worker words
[w4:ij:pro] Searching "jes" | queue=76 | words=18946
[w4:ij:pro] Pacing 14s before "jes" (gap=15500ms)
[w4:ij:pro] Turnstile token present (len=816)
[w4:ij:pro] Site Turnstile token (22028ms)
[w4:ij:pro] [api] 200 mode=pro startsWith=jes
[w4:ij:pro] [api] 200 mode=pro startsWith=jes (860ms direct)
[w4:ij:pro] "jes" → 63 records, 63 words
[w4:ij:pro] "jes" branch complete
[w4:ij:pro] Saved 19,009 worker words
[w4:ij:pro] Searching "jet" | queue=75 | words=19009
[w4:ij:pro] Pacing 14s before "jet" (gap=15500ms)
[w4:ij:pro] Turnstile mint hard timeout after 28000ms
[w4:ij:pro] Turnstile token present (len=816)
[w4:ij:pro] Site Turnstile token (28656ms)
[w4:ij:pro] heartbeat words=19009 queue=75 rotation=1 idle=3s
[w4:ij:pro] Turnstile token present (len=816)
[w4:ij:pro] Site Turnstile token (23914ms)
[w4:ij:pro] [api] 200 mode=pro startsWith=jet
[w4:ij:pro] [api] 200 mode=pro startsWith=jet (503ms direct)
[w4:ij:pro] "jet" → 63 records, 63 words (incl. exact "jet")
[w4:ij:pro] "jet" branch complete
[w4:ij:pro] Saved 19,034 worker words
[w4:ij:pro] Searching "jez" | queue=74 | words=19034
[w4:ij:pro] Pacing 12s before "jez" (gap=15500ms)
[w4:ij:pro] Site Turnstile remint timed out (25047ms)
[w4:ij:pro] heartbeat words=19034 queue=74 rotation=1 idle=12s
[w4:ij:pro] Site Turnstile remint timed out (23093ms)
[w4:ij:pro] Managed Turnstile token (len=816, 10182ms, remount)
[w4:ij:pro] [api] 200 mode=pro startsWith=jez
[w4:ij:pro] [api] 200 mode=pro startsWith=jez (550ms direct)
[w4:ij:pro] "jez" → 9 records, 9 words
[w4:ij:pro] "jez" branch complete
[w4:ij:pro] Saved 19,034 worker words; shared last.txt now 280,874
[w4:ij:pro] Searching "jig" | queue=73 | words=19034
[w4:ij:pro] Pacing 14s before "jig" (gap=15500ms)
[w4:ij:pro] Managed Turnstile token (len=816, 4922ms, reset)
[w4:ij:pro] [api] 200 mode=pro startsWith=jig
[w4:ij:pro] [api] 200 mode=pro startsWith=jig (441ms direct)
[w4:ij:pro] "jig" → 57 records, 57 words (incl. exact "jig")
[w4:ij:pro] "jig" branch complete
[w4:ij:pro] Saved 19,055 worker words
[w4:ij:pro] Searching "jih" | queue=72 | words=19055
[w4:ij:pro] Pacing 14s before "jih" (gap=15500ms)
[w4:ij:pro] heartbeat words=19055 queue=72 rotation=1 idle=21s
[w4:ij:pro] Turnstile mint hard timeout after 28000ms
[w4:ij:pro] Site Turnstile remint timed out (28576ms)
[w4:ij:pro] Site Turnstile remint timed out (23359ms)
[w4:ij:pro] Turnstile mint hard timeout after 28000ms
[w4:ij:pro] Site Turnstile remint timed out (28950ms)
[w4:ij:pro] heartbeat words=19055 queue=72 rotation=1 idle=1s
[w4:ij:pro] Managed Turnstile token (len=816, 17311ms, remount)
[w4:ij:pro] [api] 200 mode=pro startsWith=jih
[w4:ij:pro] [api] 200 mode=pro startsWith=jih (487ms direct)
[w4:ij:pro] "jih" → 9 records, 9 words
[w4:ij:pro] "jih" branch complete
[w4:ij:pro] Saved 19,064 worker words
[w4:ij:pro] Searching "jii" | queue=71 | words=19064
[w4:ij:pro] Pacing 14s before "jii" (gap=15500ms)
[w4:ij:pro] Turnstile token present (len=816)
[w4:ij:pro] Site Turnstile token (23787ms)
[w4:ij:pro] [api] 200 mode=pro startsWith=jii
[w4:ij:pro] [api] 200 mode=pro startsWith=jii (508ms direct)
[w4:ij:pro] "jii" → 0 records, 0 words
[w4:ij:pro] "jii" branch complete
[w4:ij:pro] Saved 19,064 worker words
[w4:ij:pro] Searching "jij" | queue=70 | words=19064
[w4:ij:pro] Pacing 14s before "jij" (gap=15500ms)
[w4:ij:pro] Managed Turnstile token (len=816, 15184ms, remount)
[w4:ij:pro] [api] 200 mode=pro startsWith=jij
[w4:ij:pro] [api] 200 mode=pro startsWith=jij (541ms direct)
[w4:ij:pro] "jij" → 0 records, 0 words
[w4:ij:pro] "jij" branch complete
[w4:ij:pro] heartbeat words=19064 queue=70 rotation=1 idle=1s
[w4:ij:pro] Saved 19,064 worker words
[w4:ij:pro] Searching "jik" | queue=69 | words=19064
[w4:ij:pro] Pacing 13s before "jik" (gap=15500ms)
[w4:ij:pro] Managed Turnstile token (len=816, 9915ms, reset)
[w4:ij:pro] [api] 200 mode=pro startsWith=jik
[w4:ij:pro] [api] 200 mode=pro startsWith=jik (452ms direct)
[w4:ij:pro] "jik" → 1 records, 1 words
[w4:ij:pro] "jik" branch complete
[w4:ij:pro] Saved 19,065 worker words
[w4:ij:pro] Searching "jil" | queue=68 | words=19065
[w4:ij:pro] Pacing 14s before "jil" (gap=15500ms)
[w4:ij:pro] Site Turnstile remint timed out (24029ms)
[w4:ij:pro] Managed Turnstile token (len=816, 17638ms, remount)
[w4:ij:pro] [api] 200 mode=pro startsWith=jil
[w4:ij:pro] [api] 200 mode=pro startsWith=jil (524ms direct)
[w4:ij:pro] "jil" → 26 records, 26 words
[w4:ij:pro] "jil" branch complete
[w4:ij:pro] Saved 19,091 worker words
[w4:ij:pro] Searching "jim" | queue=67 | words=19091
[w4:ij:pro] Pacing 15s before "jim" (gap=15500ms)
[w4:ij:pro] heartbeat words=19091 queue=67 rotation=1 idle=3s
[w4:ij:pro] Turnstile mint hard timeout after 28000ms
[w4:ij:pro] Site Turnstile remint timed out (31724ms)
[w4:ij:pro] Turnstile mint hard timeout after 28000ms
[w4:ij:pro] Site Turnstile remint timed out (29121ms)
[w4:ij:pro] heartbeat words=19091 queue=67 rotation=1 idle=6s
[w4:ij:pro] Site Turnstile remint timed out (23825ms)
[w4:ij:pro] Site Turnstile remint timed out (25751ms)
[w4:ij:pro] Failed "jim" attempt 1: No Turnstile token for direct search
[w4:ij:pro] Saved 19,091 worker words
[w4:ij:pro] Turnstile miss — soft reload before rotate
[w4:ij:pro] Turnstile token present (len=816)
[w4:ij:pro] Site Turnstile token (8022ms)
[w4:ij:pro] Searching "jim" | queue=67 | words=19091
[w4:ij:pro] [api] 200 mode=pro startsWith=jim
[w4:ij:pro] [api] 200 mode=pro startsWith=jim (417ms direct)
[w4:ij:pro] "jim" → 40 records, 40 words (incl. exact "jim")
[w4:ij:pro] "jim" branch complete
[w4:ij:pro] heartbeat words=19131 queue=67 rotation=1 idle=1s
[w4:ij:pro] Saved 19,131 worker words; shared last.txt now 281,398
[w4:ij:pro] Searching "jin" | queue=66 | words=19131
[w4:ij:pro] Pacing 14s before "jin" (gap=15500ms)
[w4:ij:pro] Managed Turnstile token (len=816, 4261ms, remount)
[w4:ij:pro] [api] 200 mode=pro startsWith=jin
[w4:ij:pro] [api] 200 mode=pro startsWith=jin (442ms direct)
[w4:ij:pro] "jin" → 100 records, 100 words (incl. exact "jin")
[w4:ij:pro] Pacing 16s before "jin" (gap=15500ms)
[w4:ij:pro] Managed Turnstile token (len=816, 6917ms, reset)
[w4:ij:pro] [api] 200 mode=pro startsWith=jin
[w4:ij:pro] [api] 200 mode=pro startsWith=jin sort=alphabetical:desc (555ms direct)
[w4:ij:pro] "jin" full page ends at "jinxed" (next='x'); skip 27 covered groups → 1 children reverse Z→A ends at "jinbeis" (lo='b' hi='z'); skip 23 middle + 0 new words
[w4:ij:pro] Saved 19,216 worker words
[w4:ij:pro] Searching "jiz" | queue=66 | words=19216
[w4:ij:pro] Pacing 14s before "jiz" (gap=15500ms)
[w4:ij:pro] Turnstile mint hard timeout after 28000ms
[w4:ij:pro] heartbeat words=19216 queue=66 rotation=1 idle=1s
[w4:ij:pro] Site Turnstile remint timed out (29385ms)
[w4:ij:pro] Site Turnstile remint timed out (24620ms)
[w4:ij:pro] Turnstile mint hard timeout after 28000ms
[w4:ij:pro] heartbeat words=19216 queue=66 rotation=1 idle=8s
[w4:ij:pro] Site Turnstile remint timed out (38282ms)
[w4:ij:pro] Site Turnstile remint timed out (27714ms)
[w4:ij:pro] Failed "jiz" attempt 1: No Turnstile token for direct search
[w4:ij:pro] Saved 19,216 worker words
[w4:ij:pro] Turnstile miss — soft reload before rotate
[w4:ij:pro] Turnstile mint hard timeout after 15000ms
[w4:ij:pro] Soft reload mint failed — rotating immediately
[w4:ij:pro] Site Turnstile remint timed out (16504ms)
[w4:ij:pro] Tor exited code=0
[w4:ij:pro] Starting Tor gen=3 socks=127.0.0.1:19054 (try 1)
[w4:ij:pro] tor: Aug 05 09:20:02.658 [warn] Fixing permissions on directory /tmp/lll-tor-w4
[w4:ij:pro] tor: Aug 05 09:20:02.000 [notice] Bootstrapped 0% (starting): Starting
[w4:ij:pro] tor: Aug 05 09:20:03.000 [notice] Bootstrapped 5% (conn): Connecting to a relay
[w4:ij:pro] tor: Aug 05 09:20:03.000 [notice] Bootstrapped 10% (conn_done): Connected to a relay
[w4:ij:pro] tor: Aug 05 09:20:05.000 [notice] Bootstrapped 14% (handshake): Handshaking with a relay
[w4:ij:pro] tor: Aug 05 09:20:06.000 [notice] Bootstrapped 15% (handshake_done): Handshake with a relay done
[w4:ij:pro] tor: Aug 05 09:20:06.000 [notice] Bootstrapped 20% (onehop_create): Establishing an encrypted directory connection
[w4:ij:pro] tor: Aug 05 09:20:07.000 [notice] Bootstrapped 25% (requesting_status): Asking for networkstatus consensus
[w4:ij:pro] tor: Aug 05 09:20:07.000 [notice] Bootstrapped 30% (loading_status): Loading networkstatus consensus
[w4:ij:pro] tor: Aug 05 09:20:09.000 [notice] Bootstrapped 40% (loading_keys): Loading authority key certs
[w4:ij:pro] tor: Aug 05 09:20:09.000 [notice] Bootstrapped 45% (requesting_descriptors): Asking for relay descriptors
Aug 05 09:20:09.000 [notice] I learned some more directory 
[w4:ij:pro] tor: Aug 05 09:20:10.000 [notice] Bootstrapped 50% (loading_descriptors): Loading relay descriptors
[w4:ij:pro] heartbeat words=19216 queue=67 rotation=2 idle=8s
[w4:ij:pro] tor: Aug 05 09:20:20.000 [notice] Bootstrapped 56% (loading_descriptors): Loading relay descriptors
[w4:ij:pro] tor: Aug 05 09:20:20.000 [notice] Bootstrapped 63% (loading_descriptors): Loading relay descriptors
[w4:ij:pro] tor: Aug 05 09:20:22.000 [notice] Bootstrapped 70% (loading_descriptors): Loading relay descriptors
[w4:ij:pro] tor: Aug 05 09:20:22.000 [notice] Bootstrapped 75% (enough_dirinfo): Loaded enough directory info to build circuits
[w4:ij:pro] tor: Aug 05 09:20:23.000 [notice] Bootstrapped 90% (ap_handshake_done): Handshake finished with a relay to build circuits
Aug 05 09:20:23.000 [notice] Bootstrapped 9
[w4:ij:pro] tor: Aug 05 09:20:24.000 [notice] Bootstrapped 100% (done): Done
[w4:ij:pro] Tor ready on 19054 exit=45.84.107.182
[w4:ij:pro] Rotating IP (#2, try 1) after No Turnstile token for direct search → tor#3 socks5://127.0.0.1:19054
[w4:ij:pro] Launching persistent Chrome profile /tmp/lll-pw-w4-r2
[w4:ij:pro] Proxy tor#3 socks5://127.0.0.1:19054
[w4:ij:pro] Opening https://lastletterlibrary.com
[w4:ij:pro] Library mode=pro
[w4:ij:pro] heartbeat words=19216 queue=67 rotation=2 idle=26s
[w4:ij:pro] Site Turnstile remint timed out (24402ms)
[w4:ij:pro] Search mode=direct (skip UI Wait Ns… gate)
[w4:ij:pro] Cleaned 1 old rotated profile(s)
[w4:ij:pro] Browser exit IP=45.84.107.182 (unique)
[w4:ij:pro] Searching "jiz" | queue=66 | words=19216
[w4:ij:pro] Site Turnstile remint timed out (24019ms)
[w4:ij:pro] Managed Turnstile token (len=816, 10840ms, remount)
[w4:ij:pro] [api] 200 mode=pro startsWith=jiz
[w4:ij:pro] [api] 200 mode=pro startsWith=jiz (11545ms direct)
[w4:ij:pro] "jiz" → 6 records, 6 words (incl. exact "jiz")
[w4:ij:pro] "jiz" branch complete
[w4:ij:pro] Saved 19,216 worker words
[w4:ij:pro] Searching "joc" | queue=65 | words=19216
[w4:ij:pro] Pacing 3s before "joc" (gap=15500ms)
[w4:ij:pro] heartbeat words=19216 queue=65 rotation=2 idle=11s
[w4:ij:pro] Managed Turnstile token (len=816, 14620ms, reset)
[w4:ij:pro] [api] 200 mode=pro startsWith=joc
[w4:ij:pro] [api] 200 mode=pro startsWith=joc (610ms direct)
[w4:ij:pro] "joc" → 78 records, 78 words
[w4:ij:pro] "joc" branch complete
[w4:ij:pro] Saved 19,260 worker words
[w4:ij:pro] Searching "jod" | queue=64 | words=19260
[w4:ij:pro] Pacing 14s before "jod" (gap=15500ms)
[w4:ij:pro] Turnstile token present (len=816)
[w4:ij:pro] Site Turnstile token (24979ms)
[w4:ij:pro] [api] 200 mode=pro startsWith=jod
[w4:ij:pro] [api] 200 mode=pro startsWith=jod (710ms direct)
[w4:ij:pro] "jod" → 8 records, 8 words
[w4:ij:pro] "jod" branch complete
[w4:ij:pro] Saved 19,268 worker words
[w4:ij:pro] Searching "joe" | queue=63 | words=19268
[w4:ij:pro] Pacing 12s before "joe" (gap=15500ms)
[w4:ij:pro] Managed Turnstile token (len=816, 19072ms, remount)
[w4:ij:pro] [api] 200 mode=pro startsWith=joe
[w4:ij:pro] [api] 200 mode=pro startsWith=joe (721ms direct)
[w4:ij:pro] "joe" → 10 records, 10 words (incl. exact "joe")
[w4:ij:pro] "joe" branch complete
[w4:ij:pro] Saved 19,278 worker words
[w4:ij:pro] Searching "jof" | queue=62 | words=19278
[w4:ij:pro] Pacing 13s before "jof" (gap=15500ms)
[w4:ij:pro] heartbeat words=19278 queue=62 rotation=2 idle=7s
[w4:ij:pro] Managed Turnstile token (len=816, 15858ms, reset)
[w4:ij:pro] [api] 200 mode=pro startsWith=jof
[w4:ij:pro] [api] 200 mode=pro startsWith=jof (691ms direct)
[w4:ij:pro] "jof" → 0 records, 0 words
[w4:ij:pro] "jof" branch complete
[w4:ij:pro] Saved 19,278 worker words
[w4:ij:pro] Searching "jog" | queue=61 | words=19278
[w4:ij:pro] Pacing 15s before "jog" (gap=15500ms)
[w4:ij:pro] Managed Turnstile token (len=816, 16763ms, reset)
[w4:ij:pro] [api] 200 mode=pro startsWith=jog
[w4:ij:pro] [api] 200 mode=pro startsWith=jog (1076ms direct)
[w4:ij:pro] "jog" → 24 records, 24 words (incl. exact "jog")
[w4:ij:pro] "jog" branch complete
[w4:ij:pro] Saved 19,302 worker words; shared last.txt now 282,147
[w4:ij:pro] Searching "joh" | queue=60 | words=19302
[w4:ij:pro] Turnstile mint hard timeout after 28000ms
[w4:ij:pro] Site Turnstile remint timed out (30053ms)
[w4:ij:pro] heartbeat words=19302 queue=60 rotation=2 idle=2s
[w4:ij:pro] Turnstile token present (len=816)
[w4:ij:pro] Site Turnstile token (21179ms)
[w4:ij:pro] [api] 200 mode=pro startsWith=joh
[w4:ij:pro] [api] 200 mode=pro startsWith=joh (639ms direct)
[w4:ij:pro] "joh" → 50 records, 50 words
[w4:ij:pro] "joh" branch complete
[w4:ij:pro] Saved 19,352 worker words
[w4:ij:pro] Searching "joi" | queue=59 | words=19352
[w4:ij:pro] Pacing 13s before "joi" (gap=15500ms)
[w4:ij:pro] Site Turnstile remint timed out (26634ms)
[w4:ij:pro] heartbeat words=19352 queue=59 rotation=2 idle=15s
[w4:ij:pro] Site Turnstile remint timed out (24359ms)
[w4:ij:pro] Site Turnstile remint timed out (23195ms)
[w4:ij:pro] heartbeat words=19352 queue=59 rotation=2 idle=27s
[w4:ij:pro] Turnstile mint hard timeout after 28000ms
[w4:ij:pro] Site Turnstile remint timed out (30583ms)
[w4:ij:pro] Turnstile mint hard timeout after 28000ms
[w4:ij:pro] Site Turnstile remint timed out (30669ms)
[w4:ij:pro] Failed "joi" attempt 1: No Turnstile token for direct search
[w4:ij:pro] Saved 19,352 worker words
[w4:ij:pro] Turnstile miss — soft reload before rotate
[w4:ij:pro] Site Turnstile remint timed out (13871ms)
[w4:ij:pro] Soft reload mint failed — rotating immediately
[w4:ij:pro] heartbeat words=19352 queue=60 rotation=3 idle=3s
[w4:ij:pro] Tor exited code=null
[w4:ij:pro] Starting Tor gen=4 socks=127.0.0.1:19054 (try 1)
[w4:ij:pro] tor: Aug 05 09:27:33.802 [notice] Opening Socks listener on 127.0.0.1:19054
Aug 05 09:27:33.802 [notice] Opened Socks listener connection (ready) on 127.0.0.1:19054

[w4:ij:pro] tor: Aug 05 09:27:37.000 [notice] Bootstrapped 0% (starting): Starting
[w4:ij:pro] tor: Aug 05 09:27:38.000 [notice] Bootstrapped 5% (conn): Connecting to a relay
[w4:ij:pro] tor: Aug 05 09:27:38.000 [notice] Bootstrapped 10% (conn_done): Connected to a relay
[w4:ij:pro] tor: Aug 05 09:27:40.000 [notice] Bootstrapped 14% (handshake): Handshaking with a relay
[w4:ij:pro] tor: Aug 05 09:27:40.000 [notice] Bootstrapped 15% (handshake_done): Handshake with a relay done
Aug 05 09:27:40.000 [notice] Bootstrapped 20% (onehop_create): Estab
[w4:ij:pro] tor: Aug 05 09:27:40.000 [notice] Bootstrapped 25% (requesting_status): Asking for networkstatus consensus
[w4:ij:pro] tor: Aug 05 09:27:40.000 [notice] Bootstrapped 30% (loading_status): Loading networkstatus consensus
[w4:ij:pro] tor: Aug 05 09:27:41.000 [notice] Bootstrapped 40% (loading_keys): Loading authority key certs
[w4:ij:pro] tor: Aug 05 09:27:41.000 [notice] Bootstrapped 45% (requesting_descriptors): Asking for relay descriptors
Aug 05 09:27:41.000 [notice] I learned some more directory 
[w4:ij:pro] tor: Aug 05 09:27:42.000 [notice] Bootstrapped 50% (loading_descriptors): Loading relay descriptors
[w4:ij:pro] tor: Aug 05 09:27:56.000 [notice] Bootstrapped 55% (loading_descriptors): Loading relay descriptors
[w4:ij:pro] tor: Aug 05 09:27:56.000 [notice] Bootstrapped 61% (loading_descriptors): Loading relay descriptors
[w4:ij:pro] tor: Aug 05 09:27:56.000 [notice] Bootstrapped 67% (loading_descriptors): Loading relay descriptors
[w4:ij:pro] tor: Aug 05 09:27:57.000 [notice] Bootstrapped 75% (enough_dirinfo): Loaded enough directory info to build circuits
[w4:ij:pro] tor: Aug 05 09:27:57.000 [notice] Bootstrapped 90% (ap_handshake_done): Handshake finished with a relay to build circuits
Aug 05 09:27:57.000 [notice] Bootstrapped 9
[w4:ij:pro] tor: Aug 05 09:27:57.000 [notice] Bootstrapped 100% (done): Done
[w4:ij:pro] Tor ready on 19054 exit=45.84.107.55
[w4:ij:pro] Rotating IP (#3, try 1) after No Turnstile token for direct search → tor#4 socks5://127.0.0.1:19054
[w4:ij:pro] Launching persistent Chrome profile /tmp/lll-pw-w4-r3
[w4:ij:pro] Proxy tor#4 socks5://127.0.0.1:19054
[w4:ij:pro] Opening https://lastletterlibrary.com
[w4:ij:pro] Library mode=pro
[w4:ij:pro] Managed Turnstile token (len=816, 7447ms, remount)
[w4:ij:pro] Search mode=direct (skip UI Wait Ns… gate)
[w4:ij:pro] Cleaned 1 old rotated profile(s)
[w4:ij:pro] Browser exit IP=45.84.107.55 (unique)
[w4:ij:pro] Searching "joi" | queue=59 | words=19352
[w4:ij:pro] [api] 200 mode=pro startsWith=joi
[w4:ij:pro] [api] 200 mode=pro startsWith=joi (500ms direct)
[w4:ij:pro] "joi" → 57 records, 57 words
[w4:ij:pro] "joi" branch complete
[w4:ij:pro] Saved 19,409 worker words
[w4:ij:pro] Searching "joj" | queue=58 | words=19409
[w4:ij:pro] Pacing 15s before "joj" (gap=15500ms)
[w4:ij:pro] heartbeat words=19409 queue=58 rotation=3 idle=2s
[w4:ij:pro] Managed Turnstile token (len=816, 4752ms, reset)
[w4:ij:pro] [api] 200 mode=pro startsWith=joj
[w4:ij:pro] [api] 200 mode=pro startsWith=joj (494ms direct)
[w4:ij:pro] "joj" → 3 records, 3 words
[w4:ij:pro] "joj" branch complete
[w4:ij:pro] Saved 19,412 worker words
[w4:ij:pro] Searching "jok" | queue=57 | words=19412
[w4:ij:pro] Pacing 14s before "jok" (gap=15500ms)
[w4:ij:pro] Managed Turnstile token (len=816, 8907ms, reset)
[w4:ij:pro] [api] 200 mode=pro startsWith=jok
[w4:ij:pro] [api] 200 mode=pro startsWith=jok (683ms direct)
[w4:ij:pro] "jok" → 30 records, 30 words
[w4:ij:pro] "jok" branch complete
[w4:ij:pro] Saved 19,442 worker words
[w4:ij:pro] Searching "jol" | queue=56 | words=19442
[w4:ij:pro] Pacing 14s before "jol" (gap=15500ms)
[w4:ij:pro] Managed Turnstile token (len=816, 6633ms, reset)
[w4:ij:pro] [api] 200 mode=pro startsWith=jol
[w4:ij:pro] [api] 200 mode=pro startsWith=jol (744ms direct)
[w4:ij:pro] "jol" → 80 records, 80 words (incl. exact "jol")
[w4:ij:pro] "jol" branch complete
[w4:ij:pro] Saved 19,522 worker words
[w4:ij:pro] Searching "jom" | queue=55 | words=19522
[w4:ij:pro] Pacing 11s before "jom" (gap=15500ms)
[w4:ij:pro] Managed Turnstile token (len=816, 11588ms, reset)
[w4:ij:pro] heartbeat words=19522 queue=55 rotation=3 idle=1s
[w4:ij:pro] [api] 200 mode=pro startsWith=jom
[w4:ij:pro] [api] 200 mode=pro startsWith=jom (683ms direct)
[w4:ij:pro] "jom" → 4 records, 4 words
[w4:ij:pro] "jom" branch complete
[w4:ij:pro] Saved 19,526 worker words
[w4:ij:pro] Searching "jon" | queue=54 | words=19526
[w4:ij:pro] Pacing 11s before "jon" (gap=15500ms)
[w4:ij:pro] Managed Turnstile token (len=816, 14196ms, reset)
[w4:ij:pro] [api] 200 mode=pro startsWith=jon
[w4:ij:pro] [api] 200 mode=pro startsWith=jon (836ms direct)
[w4:ij:pro] "jon" → 37 records, 37 words (incl. exact "jon")
[w4:ij:pro] "jon" branch complete
[w4:ij:pro] Saved 19,563 worker words; shared last.txt now 282,830
[w4:ij:pro] Searching "joo" | queue=53 | words=19563
[w4:ij:pro] Pacing 4s before "joo" (gap=15500ms)
[w4:ij:pro] Managed Turnstile token (len=816, 17664ms, reset)
[w4:ij:pro] [api] 200 mode=pro startsWith=joo
[w4:ij:pro] [api] 200 mode=pro startsWith=joo (519ms direct)
[w4:ij:pro] "joo" → 10 records, 10 words
[w4:ij:pro] "joo" branch complete
[w4:ij:pro] Saved 19,573 worker words
[w4:ij:pro] Searching "jop" | queue=52 | words=19573
[w4:ij:pro] Pacing 13s before "jop" (gap=15500ms)
[w4:ij:pro] Managed Turnstile token (len=816, 15223ms, reset)
[w4:ij:pro] [api] 200 mode=pro startsWith=jop
[w4:ij:pro] [api] 200 mode=pro startsWith=jop (533ms direct)
[w4:ij:pro] "jop" → 1 records, 1 words
[w4:ij:pro] "jop" branch complete
[w4:ij:pro] Saved 19,574 worker words
[w4:ij:pro] Searching "joq" | queue=51 | words=19574
[w4:ij:pro] Pacing 9s before "joq" (gap=15500ms)
[w4:ij:pro] heartbeat words=19574 queue=51 rotation=3 idle=0s
[w4:ij:pro] Managed Turnstile token (len=816, 25180ms, remount)
[w4:ij:pro] [api] 200 mode=pro startsWith=joq
[w4:ij:pro] [api] 200 mode=pro startsWith=joq (1087ms direct)
[w4:ij:pro] "joq" → 0 records, 0 words
[w4:ij:pro] "joq" branch complete
[w4:ij:pro] Saved 19,574 worker words
[w4:ij:pro] Searching "jor" | queue=50 | words=19574
[w4:ij:pro] Pacing 12s before "jor" (gap=15500ms)
[w4:ij:pro] Turnstile token present (len=816)
[w4:ij:pro] Site Turnstile token (27702ms)
[w4:ij:pro] [api] 200 mode=pro startsWith=jor
[w4:ij:pro] [api] 200 mode=pro startsWith=jor (562ms direct)
[w4:ij:pro] "jor" → 28 records, 28 words (incl. exact "jor")
[w4:ij:pro] "jor" branch complete
[w4:ij:pro] Saved 19,602 worker words
[w4:ij:pro] Searching "jos" | queue=49 | words=19602
[w4:ij:pro] Pacing 11s before "jos" (gap=15500ms)
[w4:ij:pro] heartbeat words=19602 queue=49 rotation=3 idle=4s
[w4:ij:pro] Managed Turnstile token (len=816, 18889ms, remount)
[w4:ij:pro] [api] 200 mode=pro startsWith=jos
[w4:ij:pro] [api] 200 mode=pro startsWith=jos (468ms direct)
[w4:ij:pro] "jos" → 46 records, 46 words (incl. exact "jos")
[w4:ij:pro] "jos" branch complete
[w4:ij:pro] Saved 19,648 worker words
[w4:ij:pro] Searching "jot" | queue=48 | words=19648
[w4:ij:pro] Pacing 15s before "jot" (gap=15500ms)
[w4:ij:pro] Managed Turnstile token (len=816, 5995ms, reset)
[w4:ij:pro] [api] 200 mode=pro startsWith=jot
[w4:ij:pro] [api] 200 mode=pro startsWith=jot (453ms direct)
[w4:ij:pro] "jot" → 21 records, 21 words (incl. exact "jot")
[w4:ij:pro] "jot" branch complete
[w4:ij:pro] Saved 19,669 worker words
[w4:ij:pro] Searching "jou" | queue=47 | words=19669
[w4:ij:pro] Pacing 16s before "jou" (gap=15500ms)
[w4:ij:pro] Managed Turnstile token (len=816, 5272ms, reset)
[w4:ij:pro] [api] 200 mode=pro startsWith=jou
[w4:ij:pro] [api] 200 mode=pro startsWith=jou (452ms direct)
[w4:ij:pro] "jou" → 100 records, 100 words
[w4:ij:pro] Pacing 16s before "jou" (gap=15500ms)
[w4:ij:pro] Managed Turnstile token (len=816, 4737ms, reset)
[w4:ij:pro] heartbeat words=19769 queue=47 rotation=3 idle=11s
[w4:ij:pro] [api] 200 mode=pro startsWith=jou
[w4:ij:pro] [api] 200 mode=pro startsWith=jou sort=alphabetical:desc (444ms direct)
[w4:ij:pro] "jou" full page ends at "jousts" (next='s'); skip 26 covered groups → 2 children reverse Z→A ends at "joubert" (lo='b' hi='y'); skip 22 middle + 3 new words
[w4:ij:pro] Saved 19,772 worker words
[w4:ij:pro] Searching "jov" | queue=48 | words=19772
[w4:ij:pro] Pacing 16s before "jov" (gap=15500ms)
[w4:ij:pro] Managed Turnstile token (len=816, 4620ms, reset)
[w4:ij:pro] [api] 200 mode=pro startsWith=jov
[w4:ij:pro] [api] 200 mode=pro startsWith=jov (658ms direct)
[w4:ij:pro] "jov" → 28 records, 28 words
[w4:ij:pro] "jov" branch complete
[w4:ij:pro] Saved 19,779 worker words; shared last.txt now 283,095
[w4:ij:pro] Searching "joz" | queue=47 | words=19779
[w4:ij:pro] Pacing 14s before "joz" (gap=15500ms)
[w4:ij:pro] Managed Turnstile token (len=816, 8426ms, reset)
[w4:ij:pro] [api] 200 mode=pro startsWith=joz
[w4:ij:pro] [api] 200 mode=pro startsWith=joz (498ms direct)
[w4:ij:pro] "joz" → 1 records, 1 words
[w4:ij:pro] "joz" branch complete
[w4:ij:pro] Saved 19,779 worker words
[w4:ij:pro] Searching "jud" | queue=46 | words=19779
[w4:ij:pro] Pacing 15s before "jud" (gap=15500ms)
[w4:ij:pro] Site Turnstile remint timed out (22888ms)
[w4:ij:pro] heartbeat words=19779 queue=46 rotation=3 idle=5s
[w4:ij:pro] Site Turnstile remint timed out (23776ms)
[w4:ij:pro] Turnstile mint hard timeout after 28000ms
[w4:ij:pro] Site Turnstile remint timed out (30992ms)
[w4:ij:pro] heartbeat words=19779 queue=46 rotation=3 idle=11s
[w4:ij:pro] Turnstile mint hard timeout after 28000ms
[w4:ij:pro] Failed "jud" attempt 1: No Turnstile token for direct search
[w4:ij:pro] Saved 19,779 worker words
[w4:ij:pro] Turnstile miss — soft reload before rotate
[w4:ij:pro] Site Turnstile remint timed out (35808ms)
[w4:ij:pro] Turnstile mint hard timeout after 15000ms
[w4:ij:pro] Soft reload mint failed — rotating immediately
[w4:ij:pro] Site Turnstile remint timed out (22478ms)
[w4:ij:pro] heartbeat words=19779 queue=47 rotation=4 idle=14s
[w4:ij:pro] Tor exited code=null
[w4:ij:pro] Starting Tor gen=5 socks=127.0.0.1:19054 (try 1)
[w4:ij:pro] tor: Aug 05 09:35:27.466 [warn] Fixing permissions on directory /tmp/lll-tor-w4
[w4:ij:pro] tor: Aug 05 09:35:28.000 [notice] Bootstrapped 0% (starting): Starting
[w4:ij:pro] tor: Aug 05 09:35:29.000 [notice] Bootstrapped 5% (conn): Connecting to a relay
[w4:ij:pro] tor: Aug 05 09:35:29.000 [notice] Bootstrapped 10% (conn_done): Connected to a relay
[w4:ij:pro] tor: Aug 05 09:35:31.000 [notice] Bootstrapped 14% (handshake): Handshaking with a relay
[w4:ij:pro] tor: Aug 05 09:35:31.000 [notice] Bootstrapped 15% (handshake_done): Handshake with a relay done
Aug 05 09:35:31.000 [notice] Bootstrapped 20% (onehop_create): Estab
[w4:ij:pro] tor: Aug 05 09:35:32.000 [notice] Bootstrapped 25% (requesting_status): Asking for networkstatus consensus
[w4:ij:pro] tor: Aug 05 09:35:32.000 [notice] Bootstrapped 30% (loading_status): Loading networkstatus consensus
[w4:ij:pro] tor: Aug 05 09:35:34.000 [notice] Bootstrapped 40% (loading_keys): Loading authority key certs
[w4:ij:pro] tor: Aug 05 09:35:34.000 [notice] Bootstrapped 45% (requesting_descriptors): Asking for relay descriptors
Aug 05 09:35:34.000 [notice] I learned some more directory 
[w4:ij:pro] tor: Aug 05 09:35:35.000 [notice] Bootstrapped 50% (loading_descriptors): Loading relay descriptors
[w4:ij:pro] tor: Aug 05 09:35:43.000 [notice] Bootstrapped 55% (loading_descriptors): Loading relay descriptors
[w4:ij:pro] tor: Aug 05 09:35:44.000 [notice] Bootstrapped 61% (loading_descriptors): Loading relay descriptors
[w4:ij:pro] tor: Aug 05 09:35:44.000 [notice] Bootstrapped 66% (loading_descriptors): Loading relay descriptors
[w4:ij:pro] tor: Aug 05 09:35:44.000 [notice] Bootstrapped 75% (enough_dirinfo): Loaded enough directory info to build circuits
[w4:ij:pro] tor: Aug 05 09:35:45.000 [notice] Bootstrapped 90% (ap_handshake_done): Handshake finished with a relay to build circuits
Aug 05 09:35:45.000 [notice] Bootstrapped 9
[w4:ij:pro] tor: Aug 05 09:35:45.000 [notice] Bootstrapped 100% (done): Done
[w4:ij:pro] Tor ready on 19054 exit=192.42.116.65
[w4:ij:pro] Rotating IP (#4, try 1) after No Turnstile token for direct search → tor#5 socks5://127.0.0.1:19054
[w4:ij:pro] Launching persistent Chrome profile /tmp/lll-pw-w4-r4
[w4:ij:pro] Proxy tor#5 socks5://127.0.0.1:19054
[w4:ij:pro] Opening https://lastletterlibrary.com
[w4:ij:pro] Library mode=pro
[w4:ij:pro] heartbeat words=19779 queue=47 rotation=4 idle=11s
[w4:ij:pro] Managed Turnstile token (len=816, 17818ms, remount)
[w4:ij:pro] Search mode=direct (skip UI Wait Ns… gate)
[w4:ij:pro] Cleaned 1 old rotated profile(s)
[w4:ij:pro] Browser exit IP=109.70.100.2 (unique)
[w4:ij:pro] Searching "jud" | queue=46 | words=19779
[w4:ij:pro] [api] 200 mode=pro startsWith=jud
[w4:ij:pro] [api] 200 mode=pro startsWith=jud (1249ms direct)
[w4:ij:pro] "jud" → 100 records, 100 words (incl. exact "jud")
[w4:ij:pro] Pacing 14s before "jud" (gap=15500ms)
[w4:ij:pro] Managed Turnstile token (len=816, 12673ms, reset)
[w4:ij:pro] [api] 200 mode=pro startsWith=jud
[w4:ij:pro] [api] 200 mode=pro startsWith=jud sort=alphabetical:desc (760ms direct)
[w4:ij:pro] "jud" full page ends at "judicatorial" (next='i'); skip 26 covered groups → 2 children reverse Z→A ends at "juddery" (lo='d' hi='y'); skip 20 middle + 41 new words
[w4:ij:pro] Saved 19,882 worker words
[w4:ij:pro] Searching "jue" | queue=47 | words=19882
[w4:ij:pro] Pacing 11s before "jue" (gap=15500ms)
[w4:ij:pro] heartbeat words=19882 queue=47 rotation=4 idle=25s
[w4:ij:pro] Turnstile token present (len=837)
[w4:ij:pro] Site Turnstile token (26707ms)
[w4:ij:pro] [api] 200 mode=pro startsWith=jue
[w4:ij:pro] [api] 200 mode=pro startsWith=jue (679ms direct)
[w4:ij:pro] "jue" → 2 records, 2 words
[w4:ij:pro] "jue" branch complete
[w4:ij:pro] Saved 19,884 worker words
[w4:ij:pro] Searching "juf" | queue=46 | words=19884
[w4:ij:pro] Pacing 13s before "juf" (gap=15500ms)
[w4:ij:pro] Managed Turnstile token (len=816, 19038ms, remount)
[w4:ij:pro] [api] 200 mode=pro startsWith=juf
[w4:ij:pro] [api] 200 mode=pro startsWith=juf (547ms direct)
[w4:ij:pro] "juf" → 3 records, 3 words
[w4:ij:pro] "juf" branch complete
[w4:ij:pro] Saved 19,887 worker words
[w4:ij:pro] Searching "jug" | queue=45 | words=19887
[w4:ij:pro] Pacing 10s before "jug" (gap=15500ms)
[w4:ij:pro] Turnstile token present (len=816)
[w4:ij:pro] Site Turnstile token (21968ms)
[w4:ij:pro] [api] 200 mode=pro startsWith=jug
[w4:ij:pro] [api] 200 mode=pro startsWith=jug (552ms direct)
[w4:ij:pro] "jug" → 66 records, 66 words (incl. exact "jug")
[w4:ij:pro] "jug" branch complete
[w4:ij:pro] Saved 19,953 worker words
[w4:ij:pro] Searching "juh" | queue=44 | words=19953
[w4:ij:pro] Pacing 15s before "juh" (gap=15500ms)
[w4:ij:pro] Managed Turnstile token (len=816, 5085ms, remount)
[w4:ij:pro] heartbeat words=19953 queue=44 rotation=4 idle=9s
[w4:ij:pro] [api] 200 mode=pro startsWith=juh
[w4:ij:pro] [api] 200 mode=pro startsWith=juh (2330ms direct)
[w4:ij:pro] "juh" → 2 records, 2 words
[w4:ij:pro] "juh" branch complete
[w4:ij:pro] Saved 19,955 worker words
[w4:ij:pro] Searching "jui" | queue=43 | words=19955
[w4:ij:pro] Pacing 13s before "jui" (gap=15500ms)
[w4:ij:pro] Site Turnstile remint timed out (23573ms)
[w4:ij:pro] Site Turnstile remint timed out (23693ms)
[w4:ij:pro] heartbeat words=19955 queue=43 rotation=4 idle=9s
[w4:ij:pro] Turnstile token present (len=816)
[w4:ij:pro] Site Turnstile token (23874ms)
[w4:ij:pro] [api] 200 mode=pro startsWith=jui
[w4:ij:pro] [api] 200 mode=pro startsWith=jui (569ms direct)
[w4:ij:pro] "jui" → 20 records, 20 words
[w4:ij:pro] "jui" branch complete
[w4:ij:pro] Saved 19,975 worker words; shared last.txt now 283,611
[w4:ij:pro] Searching "juj" | queue=42 | words=19975
[w4:ij:pro] Pacing 11s before "juj" (gap=15500ms)
[w4:ij:pro] Site Turnstile remint timed out (24584ms)
[w4:ij:pro] heartbeat words=19975 queue=42 rotation=4 idle=20s
[w4:ij:pro] Turnstile mint hard timeout after 28000ms
[w4:ij:pro] Site Turnstile remint timed out (32504ms)
[w4:ij:pro] Site Turnstile remint timed out (28330ms)
[w4:ij:pro] heartbeat words=19975 queue=42 rotation=4 idle=23s
[w4:ij:pro] Turnstile mint hard timeout after 28000ms
[w4:ij:pro] Failed "juj" attempt 1: No Turnstile token for direct search
[w4:ij:pro] Saved 19,975 worker words
[w4:ij:pro] Turnstile miss — soft reload before rotate
[w4:ij:pro] Site Turnstile remint timed out (38256ms)
[w4:ij:pro] Site Turnstile remint timed out (14958ms)
[w4:ij:pro] Soft reload mint failed — rotating immediately
[w4:ij:pro] Tor exited code=0
[w4:ij:pro] Starting Tor gen=6 socks=127.0.0.1:19054 (try 1)
[w4:ij:pro] tor: Aug 05 09:42:18.485 [warn] Fixing permissions on directory /tmp/lll-tor-w4
[w4:ij:pro] tor: Aug 05 09:42:19.000 [notice] Bootstrapped 0% (starting): Starting
[w4:ij:pro] tor: Aug 05 09:42:20.000 [notice] Bootstrapped 5% (conn): Connecting to a relay
[w4:ij:pro] tor: Aug 05 09:42:20.000 [notice] Bootstrapped 10% (conn_done): Connected to a relay
[w4:ij:pro] tor: Aug 05 09:42:20.000 [notice] Bootstrapped 14% (handshake): Handshaking with a relay
[w4:ij:pro] tor: Aug 05 09:42:20.000 [notice] Bootstrapped 15% (handshake_done): Handshake with a relay done
[w4:ij:pro] tor: Aug 05 09:42:20.000 [notice] Bootstrapped 20% (onehop_create): Establishing an encrypted directory connection
[w4:ij:pro] heartbeat words=19975 queue=43 rotation=5 idle=0s
[w4:ij:pro] tor: Aug 05 09:42:20.000 [notice] Bootstrapped 25% (requesting_status): Asking for networkstatus consensus
[w4:ij:pro] tor: Aug 05 09:42:20.000 [notice] Bootstrapped 30% (loading_status): Loading networkstatus consensus
[w4:ij:pro] tor: Aug 05 09:42:21.000 [notice] Bootstrapped 40% (loading_keys): Loading authority key certs
[w4:ij:pro] tor: Aug 05 09:42:21.000 [notice] Bootstrapped 45% (requesting_descriptors): Asking for relay descriptors
Aug 05 09:42:21.000 [notice] I learned some more directory 
[w4:ij:pro] tor: Aug 05 09:42:22.000 [notice] Bootstrapped 50% (loading_descriptors): Loading relay descriptors
[w4:ij:pro] tor: Aug 05 09:42:27.000 [notice] Bootstrapped 55% (loading_descriptors): Loading relay descriptors
[w4:ij:pro] tor: Aug 05 09:42:31.000 [notice] Bootstrapped 61% (loading_descriptors): Loading relay descriptors
[w4:ij:pro] tor: Aug 05 09:42:32.000 [notice] Bootstrapped 67% (loading_descriptors): Loading relay descriptors
[w4:ij:pro] tor: Aug 05 09:42:32.000 [notice] Bootstrapped 75% (enough_dirinfo): Loaded enough directory info to build circuits
[w4:ij:pro] tor: Aug 05 09:42:33.000 [notice] Bootstrapped 90% (ap_handshake_done): Handshake finished with a relay to build circuits
Aug 05 09:42:33.000 [notice] Bootstrapped 9
[w4:ij:pro] tor: Aug 05 09:42:34.000 [notice] Bootstrapped 100% (done): Done
[w4:ij:pro] Tor ready on 19054 exit=185.220.100.240
[w4:ij:pro] Rotating IP (#5, try 1) after No Turnstile token for direct search → tor#6 socks5://127.0.0.1:19054
[w4:ij:pro] Launching persistent Chrome profile /tmp/lll-pw-w4-r5
[w4:ij:pro] Proxy tor#6 socks5://127.0.0.1:19054
[w4:ij:pro] Opening https://lastletterlibrary.com
[w4:ij:pro] Library mode=pro
[w4:ij:pro] Managed Turnstile token (len=816, 13496ms, remount)
[w4:ij:pro] Search mode=direct (skip UI Wait Ns… gate)
[w4:ij:pro] Cleaned 1 old rotated profile(s)
[w4:ij:pro] Browser exit IP=109.70.100.11 (unique)
[w4:ij:pro] Searching "juj" | queue=42 | words=19975
[w4:ij:pro] [api] 200 mode=pro startsWith=juj
[w4:ij:pro] [api] 200 mode=pro startsWith=juj (770ms direct)
[w4:ij:pro] "juj" → 12 records, 12 words
[w4:ij:pro] "juj" branch complete
[w4:ij:pro] Saved 19,987 worker words
[w4:ij:pro] Searching "juk" | queue=41 | words=19987
[w4:ij:pro] Pacing 13s before "juk" (gap=15500ms)
[w4:ij:pro] Managed Turnstile token (len=816, 11109ms, reset)
[w4:ij:pro] heartbeat words=19987 queue=41 rotation=5 idle=2s
[w4:ij:pro] [api] 200 mode=pro startsWith=juk
[w4:ij:pro] [api] 200 mode=pro startsWith=juk (606ms direct)
[w4:ij:pro] "juk" → 10 records, 10 words
[w4:ij:pro] "juk" branch complete
[w4:ij:pro] Saved 19,997 worker words
[w4:ij:pro] Searching "jul" | queue=40 | words=19997
[w4:ij:pro] Pacing 14s before "jul" (gap=15500ms)
[w4:ij:pro] Managed Turnstile token (len=816, 12099ms, reset)
[w4:ij:pro] [api] 200 mode=pro startsWith=jul
[w4:ij:pro] [api] 200 mode=pro startsWith=jul (601ms direct)
[w4:ij:pro] "jul" → 44 records, 44 words
[w4:ij:pro] "jul" branch complete
[w4:ij:pro] Saved 20,041 worker words
[w4:ij:pro] Searching "jum" | queue=39 | words=20041
[w4:ij:pro] Pacing 14s before "jum" (gap=15500ms)
[w4:ij:pro] Site Turnstile remint timed out (25696ms)
[w4:ij:pro] heartbeat words=20041 queue=39 rotation=5 idle=17s
[w4:ij:pro] Site Turnstile remint timed out (23618ms)
[w4:ij:pro] Turnstile token present (len=816)
[w4:ij:pro] Site Turnstile token (23911ms)
[w4:ij:pro] [api] 200 mode=pro startsWith=jum
[w4:ij:pro] [api] 200 mode=pro startsWith=jum (567ms direct)
[w4:ij:pro] "jum" → 99 records, 99 words
[w4:ij:pro] "jum" branch complete
[w4:ij:pro] Saved 20,140 worker words
[w4:ij:pro] Searching "jun" | queue=38 | words=20140
[w4:ij:pro] Pacing 13s before "jun" (gap=15500ms)
[w4:ij:pro] Managed Turnstile token (len=816, 17926ms, remount)
[w4:ij:pro] [api] 200 mode=pro startsWith=jun
[w4:ij:pro] [api] 200 mode=pro startsWith=jun (507ms direct)
[w4:ij:pro] "jun" → 100 records, 100 words (incl. exact "jun")
[w4:ij:pro] Pacing 14s before "jun" (gap=15500ms)
[w4:ij:pro] heartbeat words=20240 queue=38 rotation=5 idle=8s
[w4:ij:pro] Managed Turnstile token (len=816, 13925ms, reset)
[w4:ij:pro] [api] 200 mode=pro startsWith=jun
[w4:ij:pro] [api] 200 mode=pro startsWith=jun sort=alphabetical:desc (616ms direct)
[w4:ij:pro] "jun" full page ends at "junketed" (next='k'); skip 21 covered groups → 7 children reverse Z→A ends at "juneating" (lo='e' hi='t'); skip 14 middle + 37 new words
[w4:ij:pro] Saved 20,277 worker words
[w4:ij:pro] Searching "juo" | queue=44 | words=20277
[w4:ij:pro] Pacing 15s before "juo" (gap=15500ms)
[w4:ij:pro] Managed Turnstile token (len=816, 11675ms, reset)
[w4:ij:pro] [api] 200 mode=pro startsWith=juo
[w4:ij:pro] [api] 200 mode=pro startsWith=juo (611ms direct)
[w4:ij:pro] "juo" → 0 records, 0 words
[w4:ij:pro] "juo" branch complete
[w4:ij:pro] Saved 20,277 worker words
[w4:ij:pro] Searching "jup" | queue=43 | words=20277
[w4:ij:pro] Pacing 14s before "jup" (gap=15500ms)
[w4:ij:pro] Managed Turnstile token (len=816, 10469ms, reset)
[w4:ij:pro] [api] 200 mode=pro startsWith=jup
[w4:ij:pro] [api] 200 mode=pro startsWith=jup (654ms direct)
[w4:ij:pro] "jup" → 8 records, 8 words
[w4:ij:pro] "jup" branch complete
[w4:ij:pro] Saved 20,285 worker words; shared last.txt now 284,594
[w4:ij:pro] Searching "juq" | queue=42 | words=20285
[w4:ij:pro] Pacing 15s before "juq" (gap=15500ms)
[w4:ij:pro] Managed Turnstile token (len=816, 4824ms, reset)
[w4:ij:pro] [api] 200 mode=pro startsWith=juq
[w4:ij:pro] [api] 200 mode=pro startsWith=juq (613ms direct)
[w4:ij:pro] "juq" → 0 records, 0 words
[w4:ij:pro] "juq" branch complete
[w4:ij:pro] Saved 20,285 worker words
[w4:ij:pro] Searching "jur" | queue=41 | words=20285
[w4:ij:pro] Pacing 15s before "jur" (gap=15500ms)
[w4:ij:pro] heartbeat words=20285 queue=41 rotation=5 idle=8s
[w4:ij:pro] Turnstile token present (len=816)
[w4:ij:pro] Site Turnstile token (22439ms)
[w4:ij:pro] [api] 200 mode=pro startsWith=jur
[w4:ij:pro] [api] 200 mode=pro startsWith=jur (1352ms direct)
[w4:ij:pro] "jur" → 79 records, 79 words
[w4:ij:pro] "jur" branch complete
[w4:ij:pro] Saved 20,364 worker words
[w4:ij:pro] Searching "jus" | queue=40 | words=20364
[w4:ij:pro] Pacing 12s before "jus" (gap=15500ms)
[w4:ij:pro] Turnstile token present (len=816)
[w4:ij:pro] Site Turnstile token (22570ms)
[w4:ij:pro] [api] 200 mode=pro startsWith=jus
[w4:ij:pro] [api] 200 mode=pro startsWith=jus (1443ms direct)
[w4:ij:pro] "jus" → 100 records, 100 words (incl. exact "jus")
[w4:ij:pro] Pacing 14s before "jus" (gap=15500ms)
[w4:ij:pro] Managed Turnstile token (len=816, 16207ms, remount)
[w4:ij:pro] [api] 200 mode=pro startsWith=jus
[w4:ij:pro] [api] 200 mode=pro startsWith=jus sort=alphabetical:desc (700ms direct)
[w4:ij:pro] "jus" full page ends at "justs" (next='t'); skip 21 covered groups → 7 children reverse Z→A ends at "juslik" (lo='l' hi='t'); skip 7 middle + 0 new words
[w4:ij:pro] Saved 20,464 worker words
[w4:ij:pro] Searching "juz" | queue=46 | words=20464
[w4:ij:pro] Pacing 14s before "juz" (gap=15500ms)
[w4:ij:pro] heartbeat words=20464 queue=46 rotation=5 idle=0s
[w4:ij:pro] Site Turnstile remint timed out (25363ms)
[w4:ij:pro] Turnstile mint hard timeout after 28000ms
[w4:ij:pro] Site Turnstile remint timed out (31083ms)
[w4:ij:pro] heartbeat words=20464 queue=46 rotation=5 idle=4s
[w4:ij:pro] Turnstile mint hard timeout after 28000ms
[w4:ij:pro] Turnstile mint hard timeout after 28000ms
[w4:ij:pro] Failed "juz" attempt 1: No Turnstile token for direct search
[w4:ij:pro] Saved 20,464 worker words
[w4:ij:pro] Turnstile miss — soft reload before rotate
[w4:ij:pro] heartbeat words=20464 queue=47 rotation=5 idle=7s
[w4:ij:pro] Site Turnstile remint timed out (70521ms)
[w4:ij:pro] Site Turnstile remint timed out (42476ms)
[w4:ij:pro] Site Turnstile remint timed out (14587ms)
[w4:ij:pro] Soft reload mint failed — rotating immediately
[w4:ij:pro] Tor exited code=0
[w4:ij:pro] Starting Tor gen=7 socks=127.0.0.1:19054 (try 1)
[w4:ij:pro] tor: Aug 05 09:49:48.727 [warn] Fixing permissions on directory /tmp/lll-tor-w4
[w4:ij:pro] tor: Aug 05 09:49:48.000 [notice] Bootstrapped 0% (starting): Starting
[w4:ij:pro] tor: Aug 05 09:49:49.000 [notice] Bootstrapped 5% (conn): Connecting to a relay
[w4:ij:pro] tor: Aug 05 09:49:49.000 [notice] Bootstrapped 10% (conn_done): Connected to a relay
[w4:ij:pro] tor: Aug 05 09:49:51.000 [notice] Bootstrapped 14% (handshake): Handshaking with a relay
[w4:ij:pro] tor: Aug 05 09:49:51.000 [notice] Bootstrapped 15% (handshake_done): Handshake with a relay done
Aug 05 09:49:51.000 [notice] Bootstrapped 20% (onehop_create): Estab
[w4:ij:pro] tor: Aug 05 09:49:52.000 [notice] Bootstrapped 25% (requesting_status): Asking for networkstatus consensus
[w4:ij:pro] tor: Aug 05 09:49:52.000 [notice] Bootstrapped 30% (loading_status): Loading networkstatus consensus
[w4:ij:pro] tor: Aug 05 09:49:54.000 [notice] Bootstrapped 40% (loading_keys): Loading authority key certs
[w4:ij:pro] tor: Aug 05 09:49:54.000 [notice] Bootstrapped 45% (requesting_descriptors): Asking for relay descriptors
Aug 05 09:49:54.000 [notice] I learned some more directory 
[w4:ij:pro] tor: Aug 05 09:49:55.000 [notice] Bootstrapped 50% (loading_descriptors): Loading relay descriptors
[w4:ij:pro] tor: Aug 05 09:50:03.000 [notice] Bootstrapped 55% (loading_descriptors): Loading relay descriptors
[w4:ij:pro] tor: Aug 05 09:50:04.000 [notice] Bootstrapped 61% (loading_descriptors): Loading relay descriptors
[w4:ij:pro] tor: Aug 05 09:50:04.000 [notice] Bootstrapped 67% (loading_descriptors): Loading relay descriptors
[w4:ij:pro] tor: Aug 05 09:50:04.000 [notice] Bootstrapped 75% (enough_dirinfo): Loaded enough directory info to build circuits
[w4:ij:pro] tor: Aug 05 09:50:05.000 [notice] Bootstrapped 90% (ap_handshake_done): Handshake finished with a relay to build circuits
Aug 05 09:50:05.000 [notice] Bootstrapped 9
[w4:ij:pro] tor: Aug 05 09:50:05.000 [notice] Bootstrapped 100% (done): Done
[w4:ij:pro] Tor ready on 19054 exit=80.67.172.162
[w4:ij:pro] Rotating IP (#6, try 1) after No Turnstile token for direct search → tor#7 socks5://127.0.0.1:19054
[w4:ij:pro] Launching persistent Chrome profile /tmp/lll-pw-w4-r6
[w4:ij:pro] Proxy tor#7 socks5://127.0.0.1:19054
[w4:ij:pro] Opening https://lastletterlibrary.com
[w4:ij:pro] heartbeat words=20464 queue=47 rotation=6 idle=11s
[w4:ij:pro] Library mode=pro
[w4:ij:pro] Managed Turnstile token (len=816, 16367ms, remount)
[w4:ij:pro] Search mode=direct (skip UI Wait Ns… gate)
[w4:ij:pro] Cleaned 1 old rotated profile(s)
[w4:ij:pro] Browser exit IP=80.67.172.162 (unique)
[w4:ij:pro] Searching "juz" | queue=46 | words=20464
[w4:ij:pro] [api] 200 mode=pro startsWith=juz
[w4:ij:pro] [api] 200 mode=pro startsWith=juz (609ms direct)
[w4:ij:pro] "juz" → 2 records, 2 words
[w4:ij:pro] "juz" branch complete
[w4:ij:pro] Saved 20,464 worker words
[w4:ij:pro] Searching "jack" | queue=45 | words=20464
[w4:ij:pro] Pacing 11s before "jack" (gap=15500ms)
[w4:ij:pro] Managed Turnstile token (len=816, 18079ms, reset)
[w4:ij:pro] [api] 200 mode=pro startsWith=jack
[w4:ij:pro] [api] 200 mode=pro startsWith=jack (612ms direct)
[w4:ij:pro] "jack" → 100 records, 100 words (incl. exact "jack")
[w4:ij:pro] Pacing 12s before "jack" (gap=15500ms)
[w4:ij:pro] heartbeat words=20498 queue=45 rotation=6 idle=7s
[w4:ij:pro] Site Turnstile remint timed out (24968ms)
[w4:ij:pro] Turnstile mint hard timeout after 28000ms
[w4:ij:pro] Site Turnstile remint timed out (34396ms)
[w4:ij:pro] heartbeat words=20498 queue=45 rotation=6 idle=8s
[w4:ij:pro] Turnstile mint hard timeout after 28000ms
[w4:ij:pro] Turnstile token present (len=816)
[w4:ij:pro] Site Turnstile token (28645ms)
[w4:ij:pro] Managed Turnstile token (len=816, 12190ms, remount)
[w4:ij:pro] [api] 200 mode=pro startsWith=jack
[w4:ij:pro] [api] 200 mode=pro startsWith=jack sort=alphabetical:desc (550ms direct)
[w4:ij:pro] "jack" full page ends at "jacko" (next='o'); skip 26 covered groups → 2 children reverse Z→A ends at "jacketlike" (lo='e' hi='y'); skip 19 middle + 44 new words
[w4:ij:pro] Saved 20,542 worker words
[w4:ij:pro] Searching "jacu" | queue=46 | words=20542
[w4:ij:pro] Pacing 15s before "jacu" (gap=15500ms)
[w4:ij:pro] Managed Turnstile token (len=816, 8587ms, reset)
[w4:ij:pro] [api] 200 mode=pro startsWith=jacu
[w4:ij:pro] [api] 200 mode=pro startsWith=jacu (447ms direct)
[w4:ij:pro] "jacu" → 22 records, 22 words (incl. exact "jacu")
[w4:ij:pro] "jacu" branch complete
[w4:ij:pro] Saved 20,542 worker words
[w4:ij:pro] Searching "jacv" | queue=45 | words=20542
[w4:ij:pro] Pacing 15s before "jacv" (gap=15500ms)
[w4:ij:pro] Managed Turnstile token (len=816, 5340ms, reset)
[w4:ij:pro] [api] 200 mode=pro startsWith=jacv
[w4:ij:pro] [api] 200 mode=pro startsWith=jacv (565ms direct)
[w4:ij:pro] "jacv" → 0 records, 0 words
[w4:ij:pro] "jacv" branch complete
[w4:ij:pro] Saved 20,542 worker words; shared last.txt now 285,857
[w4:ij:pro] Searching "jacw" | queue=44 | words=20542
[w4:ij:pro] Pacing 15s before "jacw" (gap=15500ms)
[w4:ij:pro] heartbeat words=20542 queue=44 rotation=6 idle=2s
[w4:ij:pro] Managed Turnstile token (len=816, 15539ms, reset)
[w4:ij:pro] [api] 200 mode=pro startsWith=jacw
[w4:ij:pro] [api] 200 mode=pro startsWith=jacw (2690ms direct)
[w4:ij:pro] "jacw" → 0 records, 0 words
[w4:ij:pro] "jacw" branch complete
[w4:ij:pro] Saved 20,542 worker words
[w4:ij:pro] Searching "jacx" | queue=43 | words=20542
[w4:ij:pro] Pacing 12s before "jacx" (gap=15500ms)
[w4:ij:pro] Turnstile mint hard timeout after 28000ms
[w4:ij:pro] heartbeat words=20542 queue=43 rotation=6 idle=15s
[w4:ij:pro] Turnstile mint hard timeout after 28000ms
[w4:ij:pro] Site Turnstile remint timed out (29228ms)
[w4:ij:pro] Site Turnstile remint timed out (26275ms)
[w4:ij:pro] heartbeat words=20542 queue=43 rotation=6 idle=20s
[w4:ij:pro] Site Turnstile remint timed out (27794ms)
[w4:ij:pro] Failed "jacx" attempt 1: No Turnstile token for direct search
[w4:ij:pro] Saved 20,542 worker words
[w4:ij:pro] Turnstile miss — soft reload before rotate
[w4:ij:pro] Site Turnstile remint timed out (128832ms)
[w4:ij:pro] Site Turnstile remint timed out (12667ms)
[w4:ij:pro] Soft reload mint failed — rotating immediately
[w4:ij:pro] Tor exited code=0
[w4:ij:pro] Starting Tor gen=8 socks=127.0.0.1:19054 (try 1)
[w4:ij:pro] tor: Aug 05 09:56:01.190 [warn] Fixing permissions on directory /tmp/lll-tor-w4
[w4:ij:pro] tor: Aug 05 09:56:01.000 [notice] Bootstrapped 0% (starting): Starting
[w4:ij:pro] tor: Aug 05 09:56:02.000 [notice] Bootstrapped 5% (conn): Connecting to a relay
[w4:ij:pro] tor: Aug 05 09:56:02.000 [notice] Bootstrapped 10% (conn_done): Connected to a relay
[w4:ij:pro] tor: Aug 05 09:56:03.000 [notice] Bootstrapped 14% (handshake): Handshaking with a relay
[w4:ij:pro] tor: Aug 05 09:56:03.000 [notice] Bootstrapped 15% (handshake_done): Handshake with a relay done
Aug 05 09:56:03.000 [notice] Bootstrapped 20% (onehop_create): Estab
[w4:ij:pro] tor: Aug 05 09:56:03.000 [notice] Bootstrapped 25% (requesting_status): Asking for networkstatus consensus
[w4:ij:pro] tor: Aug 05 09:56:03.000 [notice] Bootstrapped 30% (loading_status): Loading networkstatus consensus
[w4:ij:pro] tor: Aug 05 09:56:05.000 [notice] Bootstrapped 40% (loading_keys): Loading authority key certs
[w4:ij:pro] tor: Aug 05 09:56:06.000 [notice] Bootstrapped 45% (requesting_descriptors): Asking for relay descriptors
Aug 05 09:56:06.000 [notice] I learned some more directory 
[w4:ij:pro] tor: Aug 05 09:56:07.000 [notice] Bootstrapped 50% (loading_descriptors): Loading relay descriptors
[w4:ij:pro] tor: Aug 05 09:56:19.000 [notice] Bootstrapped 55% (loading_descriptors): Loading relay descriptors
[w4:ij:pro] tor: Aug 05 09:56:20.000 [notice] Bootstrapped 61% (loading_descriptors): Loading relay descriptors
[w4:ij:pro] tor: Aug 05 09:56:21.000 [notice] Bootstrapped 67% (loading_descriptors): Loading relay descriptors
[w4:ij:pro] tor: Aug 05 09:56:21.000 [notice] Bootstrapped 75% (enough_dirinfo): Loaded enough directory info to build circuits
[w4:ij:pro] heartbeat words=20542 queue=44 rotation=7 idle=0s
[w4:ij:pro] tor: Aug 05 09:56:21.000 [notice] Bootstrapped 90% (ap_handshake_done): Handshake finished with a relay to build circuits
Aug 05 09:56:21.000 [notice] Bootstrapped 9
[w4:ij:pro] tor: Aug 05 09:56:22.000 [notice] Bootstrapped 100% (done): Done
[w4:ij:pro] Tor ready on 19054 exit=185.220.101.147
[w4:ij:pro] Rotating IP (#7, try 1) after No Turnstile token for direct search → tor#8 socks5://127.0.0.1:19054
[w4:ij:pro] Launching persistent Chrome profile /tmp/lll-pw-w4-r7
[w4:ij:pro] Proxy tor#8 socks5://127.0.0.1:19054
[w4:ij:pro] Opening https://lastletterlibrary.com
[w4:ij:pro] Library mode=pro
[w4:ij:pro] Turnstile token present (len=816)
[w4:ij:pro] Site Turnstile token (21353ms)
[w4:ij:pro] Search mode=direct (skip UI Wait Ns… gate)
[w4:ij:pro] Cleaned 1 old rotated profile(s)
[w4:ij:pro] Browser exit IP=185.220.101.147 (unique)
[w4:ij:pro] Searching "jacx" | queue=43 | words=20542
[w4:ij:pro] [api] 200 mode=pro startsWith=jacx
[w4:ij:pro] [api] 200 mode=pro startsWith=jacx (452ms direct)
[w4:ij:pro] "jacx" → 0 records, 0 words
[w4:ij:pro] "jacx" branch complete
[w4:ij:pro] Saved 20,542 worker words
[w4:ij:pro] Searching "jacy" | queue=42 | words=20542
[w4:ij:pro] Pacing 15s before "jacy" (gap=15500ms)
[w4:ij:pro] heartbeat words=20542 queue=42 rotation=7 idle=5s
[w4:ij:pro] Site Turnstile remint timed out (24368ms)
[w4:ij:pro] Turnstile token present (len=816)
[w4:ij:pro] Site Turnstile token (24394ms)
[w4:ij:pro] [api] 200 mode=pro startsWith=jacy
[w4:ij:pro] [api] 200 mode=pro startsWith=jacy (695ms direct)
[w4:ij:pro] "jacy" → 0 records, 0 words
[w4:ij:pro] "jacy" branch complete
[w4:ij:pro] Saved 20,542 worker words
[w4:ij:pro] Searching "jacz" | queue=41 | words=20542
[w4:ij:pro] Pacing 13s before "jacz" (gap=15500ms)
[w4:ij:pro] heartbeat words=20542 queue=41 rotation=7 idle=14s
[w4:ij:pro] Turnstile token present (len=816)
[w4:ij:pro] Site Turnstile token (25062ms)
[w4:ij:pro] [api] 200 mode=pro startsWith=jacz
[w4:ij:pro] [api] 200 mode=pro startsWith=jacz (585ms direct)
[w4:ij:pro] "jacz" → 0 records, 0 words
[w4:ij:pro] "jacz" branch complete
[w4:ij:pro] Saved 20,542 worker words
[w4:ij:pro] Searching "jamw" | queue=40 | words=20542
[w4:ij:pro] Pacing 13s before "jamw" (gap=15500ms)
[w4:ij:pro] Turnstile token present (len=816)
[w4:ij:pro] Site Turnstile token (25760ms)
[w4:ij:pro] [api] 200 mode=pro startsWith=jamw
[w4:ij:pro] [api] 200 mode=pro startsWith=jamw (787ms direct)
[w4:ij:pro] "jamw" → 1 records, 1 words
[w4:ij:pro] "jamw" branch complete
[w4:ij:pro] Saved 20,542 worker words
[w4:ij:pro] Searching "jamx" | queue=39 | words=20542
[w4:ij:pro] Pacing 5s before "jamx" (gap=15500ms)
[w4:ij:pro] heartbeat words=20542 queue=39 rotation=7 idle=12s
[w4:ij:pro] Turnstile mint hard timeout after 28000ms
[w4:ij:pro] Site Turnstile remint timed out (22801ms)
[w4:ij:pro] Site Turnstile remint timed out (23671ms)
[w4:ij:pro] heartbeat words=20542 queue=39 rotation=7 idle=2s
[w4:ij:pro] Site Turnstile remint timed out (23886ms)
[w4:ij:pro] Turnstile mint hard timeout after 28000ms
[w4:ij:pro] Failed "jamx" attempt 1: No Turnstile token for direct search
[w4:ij:pro] Saved 20,542 worker words
[w4:ij:pro] Turnstile miss — soft reload before rotate
[w4:ij:pro] Site Turnstile remint timed out (34511ms)
[w4:ij:pro] heartbeat words=20542 queue=40 rotation=7 idle=4s
[w4:ij:pro] Site Turnstile remint timed out (138193ms)
[w4:ij:pro] Site Turnstile remint timed out (13798ms)
[w4:ij:pro] Soft reload mint failed — rotating immediately
[w4:ij:pro] Tor exited code=null
[w4:ij:pro] Starting Tor gen=9 socks=127.0.0.1:19054 (try 1)
[w4:ij:pro] tor: Aug 05 10:01:35.954 [notice] Tor 0.4.8.12 running on Darwin with Libevent 2.1.12-stable, OpenSSL 3.6.3, Zlib 1.2.12, Liblzma N/A, Libzstd N/A and Unknown N/A as
[w4:ij:pro] tor: Aug 05 10:01:39.000 [notice] Bootstrapped 0% (starting): Starting
Aug 05 10:01:39.000 [notice] Starting with guard context "default"
[w4:ij:pro] tor: Aug 05 10:01:40.000 [notice] Bootstrapped 5% (conn): Connecting to a relay
Aug 05 10:01:40.000 [notice] Bootstrapped 10% (conn_done): Connected to a relay
[w4:ij:pro] tor: Aug 05 10:01:47.000 [notice] Bootstrapped 14% (handshake): Handshaking with a relay
[w4:ij:pro] tor: Aug 05 10:01:47.000 [notice] Bootstrapped 15% (handshake_done): Handshake with a relay done
[w4:ij:pro] tor: Aug 05 10:01:47.000 [notice] Bootstrapped 20% (onehop_create): Establishing an encrypted directory connection
[w4:ij:pro] tor: Aug 05 10:01:48.000 [notice] Bootstrapped 25% (requesting_status): Asking for networkstatus consensus
[w4:ij:pro] tor: Aug 05 10:01:48.000 [notice] Bootstrapped 30% (loading_status): Loading networkstatus consensus
[w4:ij:pro] tor: Aug 05 10:01:50.000 [notice] Bootstrapped 40% (loading_keys): Loading authority key certs
[w4:ij:pro] tor: Aug 05 10:01:51.000 [notice] Bootstrapped 45% (requesting_descriptors): Asking for relay descriptors
Aug 05 10:01:51.000 [notice] I learned some more directory 
[w4:ij:pro] tor: Aug 05 10:01:54.000 [notice] Bootstrapped 50% (loading_descriptors): Loading relay descriptors
[w4:ij:pro] heartbeat words=20542 queue=40 rotation=8 idle=27s
[w4:ij:pro] tor: Aug 05 10:02:25.000 [notice] Bootstrapped 56% (loading_descriptors): Loading relay descriptors
[w4:ij:pro] tor: Aug 05 10:03:00.000 [notice] Bootstrapped 61% (loading_descriptors): Loading relay descriptors
[w4:ij:pro] tor: Aug 05 10:03:03.000 [notice] Bootstrapped 67% (loading_descriptors): Loading relay descriptors
[w4:ij:pro] tor: Aug 05 10:03:06.000 [notice] Bootstrapped 75% (enough_dirinfo): Loaded enough directory info to build circuits
[w4:ij:pro] tor: Aug 05 10:03:07.000 [notice] Bootstrapped 90% (ap_handshake_done): Handshake finished with a relay to build circuits
Aug 05 10:03:07.000 [notice] Bootstrapped 9
[w4:ij:pro] tor: Aug 05 10:03:09.000 [notice] Bootstrapped 100% (done): Done
[w4:ij:pro] Tor ready on 19054 exit=159.195.137.114
[w4:ij:pro] Rotating IP (#8, try 1) after No Turnstile token for direct search → tor#9 socks5://127.0.0.1:19054
[w4:ij:pro] Launching persistent Chrome profile /tmp/lll-pw-w4-r8
[w4:ij:pro] Proxy tor#9 socks5://127.0.0.1:19054
[w4:ij:pro] Opening https://lastletterlibrary.com
[w4:ij:pro] heartbeat words=20542 queue=40 rotation=8 idle=4s
[w4:ij:pro] Library mode=pro
[w4:ij:pro] Managed Turnstile token (len=816, 14899ms, remount)
[w4:ij:pro] Search mode=direct (skip UI Wait Ns… gate)
[w4:ij:pro] Cleaned 1 old rotated profile(s)
[w4:ij:pro] Browser exit IP=45.84.107.222 (unique)
[w4:ij:pro] Searching "jamx" | queue=39 | words=20542
[w4:ij:pro] [api] 200 mode=pro startsWith=jamx
[w4:ij:pro] [api] 200 mode=pro startsWith=jamx (799ms direct)
[w4:ij:pro] "jamx" → 0 records, 0 words
[w4:ij:pro] "jamx" branch complete
[w4:ij:pro] heartbeat words=20542 queue=39 rotation=8 idle=19s
[w4:ij:pro] Turnstile mint hard timeout after 28000ms
[w4:ij:pro] Saved 20,542 worker words; shared last.txt now 287,523
[w4:ij:pro] Searching "jamy" | queue=38 | words=20542
[w4:ij:pro] Site Turnstile remint timed out (41826ms)
[w4:ij:pro] Managed Turnstile token (len=816, 17757ms, remount)
[w4:ij:pro] [api] 200 mode=pro startsWith=jamy
[w4:ij:pro] [api] 200 mode=pro startsWith=jamy (671ms direct)
[w4:ij:pro] "jamy" → 0 records, 0 words
[w4:ij:pro] "jamy" branch complete
[w4:ij:pro] Saved 20,542 worker words
[w4:ij:pro] Searching "jamz" | queue=37 | words=20542
[w4:ij:pro] Pacing 12s before "jamz" (gap=15500ms)
[w4:ij:pro] Managed Turnstile token (len=816, 16956ms, reset)
[w4:ij:pro] [api] 200 mode=pro startsWith=jamz
[w4:ij:pro] [api] 200 mode=pro startsWith=jamz (695ms direct)
[w4:ij:pro] "jamz" → 0 records, 0 words
[w4:ij:pro] "jamz" branch complete
[w4:ij:pro] Saved 20,542 worker words
[w4:ij:pro] Searching "janu" | queue=36 | words=20542
[w4:ij:pro] Pacing 13s before "janu" (gap=15500ms)
[w4:ij:pro] heartbeat words=20542 queue=36 rotation=8 idle=2s
[w4:ij:pro] Managed Turnstile token (len=816, 18259ms, reset)
[w4:ij:pro] [api] 200 mode=pro startsWith=janu
[w4:ij:pro] [api] 200 mode=pro startsWith=janu (836ms direct)
[w4:ij:pro] "janu" → 9 records, 9 words
[w4:ij:pro] "janu" branch complete
[w4:ij:pro] Saved 20,544 worker words
[w4:ij:pro] Searching "janv" | queue=35 | words=20544
[w4:ij:pro] Pacing 14s before "janv" (gap=15500ms)
[w4:ij:pro] Managed Turnstile token (len=816, 17992ms, reset)
[w4:ij:pro] [api] 200 mode=pro startsWith=janv
[w4:ij:pro] [api] 200 mode=pro startsWith=janv (685ms direct)
[w4:ij:pro] "janv" → 0 records, 0 words
[w4:ij:pro] "janv" branch complete
[w4:ij:pro] Saved 20,544 worker words
[w4:ij:pro] Searching "janw" | queue=34 | words=20544
[w4:ij:pro] Pacing 13s before "janw" (gap=15500ms)
[w4:ij:pro] Site Turnstile remint timed out (24340ms)
[w4:ij:pro] heartbeat words=20544 queue=34 rotation=8 idle=0s
[w4:ij:pro] Site Turnstile remint timed out (27727ms)
[w4:ij:pro] Turnstile mint hard timeout after 28000ms
[w4:ij:pro] Site Turnstile remint timed out (28624ms)
[w4:ij:pro] heartbeat words=20544 queue=34 rotation=8 idle=4s
[w4:ij:pro] Site Turnstile remint timed out (27115ms)
[w4:ij:pro] Failed "janw" attempt 1: No Turnstile token for direct search
[w4:ij:pro] Saved 20,544 worker words
[w4:ij:pro] Turnstile miss — soft reload before rotate
[w4:ij:pro] Turnstile mint hard timeout after 15000ms
[w4:ij:pro] Soft reload mint failed — rotating immediately
[w4:ij:pro] Site Turnstile remint timed out (17031ms)
[w4:ij:pro] Tor exited code=null
[w4:ij:pro] Starting Tor gen=10 socks=127.0.0.1:19054 (try 1)
[w4:ij:pro] tor: Aug 05 10:08:13.139 [notice] Opening Socks listener on 127.0.0.1:19054
Aug 05 10:08:13.139 [notice] Opened Socks listener connection (ready) on 127.0.0.1:19054

[w4:ij:pro] tor: Aug 05 10:08:16.000 [notice] Bootstrapped 0% (starting): Starting
Aug 05 10:08:16.000 [notice] Starting with guard context "default"
[w4:ij:pro] tor: Aug 05 10:08:17.000 [notice] Bootstrapped 5% (conn): Connecting to a relay
[w4:ij:pro] tor: Aug 05 10:08:17.000 [notice] Bootstrapped 10% (conn_done): Connected to a relay
[w4:ij:pro] tor: Aug 05 10:08:21.000 [notice] Bootstrapped 14% (handshake): Handshaking with a relay
[w4:ij:pro] tor: Aug 05 10:08:21.000 [notice] Bootstrapped 15% (handshake_done): Handshake with a relay done
Aug 05 10:08:21.000 [notice] Bootstrapped 20% (onehop_create): Estab
[w4:ij:pro] tor: Aug 05 10:08:21.000 [notice] Bootstrapped 25% (requesting_status): Asking for networkstatus consensus
[w4:ij:pro] tor: Aug 05 10:08:21.000 [notice] Bootstrapped 30% (loading_status): Loading networkstatus consensus
[w4:ij:pro] heartbeat words=20544 queue=35 rotation=9 idle=2s
[w4:ij:pro] tor: Aug 05 10:08:25.000 [notice] Bootstrapped 40% (loading_keys): Loading authority key certs
[w4:ij:pro] tor: Aug 05 10:08:26.000 [notice] Bootstrapped 45% (requesting_descriptors): Asking for relay descriptors
[w4:ij:pro] tor: Aug 05 10:08:27.000 [notice] Bootstrapped 50% (loading_descriptors): Loading relay descriptors
[w4:ij:pro] tor: Aug 05 10:08:45.000 [notice] Bootstrapped 55% (loading_descriptors): Loading relay descriptors
[w4:ij:pro] tor: Aug 05 10:08:46.000 [notice] Bootstrapped 61% (loading_descriptors): Loading relay descriptors
[w4:ij:pro] tor: Aug 05 10:08:47.000 [notice] Bootstrapped 67% (loading_descriptors): Loading relay descriptors
[w4:ij:pro] tor: Aug 05 10:08:47.000 [notice] Bootstrapped 75% (enough_dirinfo): Loaded enough directory info to build circuits
[w4:ij:pro] tor: Aug 05 10:08:48.000 [notice] Bootstrapped 90% (ap_handshake_done): Handshake finished with a relay to build circuits
Aug 05 10:08:48.000 [notice] Bootstrapped 9
[w4:ij:pro] tor: Aug 05 10:08:49.000 [notice] Bootstrapped 100% (done): Done
[w4:ij:pro] Tor ready on 19054 exit=185.181.61.201
[w4:ij:pro] Rotating IP (#9, try 1) after No Turnstile token for direct search → tor#10 socks5://127.0.0.1:19054
[w4:ij:pro] Launching persistent Chrome profile /tmp/lll-pw-w4-r9
[w4:ij:pro] Proxy tor#10 socks5://127.0.0.1:19054
[w4:ij:pro] Opening https://lastletterlibrary.com
[w4:ij:pro] Library mode=pro
[w4:ij:pro] heartbeat words=20544 queue=35 rotation=9 idle=8s
[w4:ij:pro] Turnstile token present (len=816)
[w4:ij:pro] Site Turnstile token (21111ms)
[w4:ij:pro] Search mode=direct (skip UI Wait Ns… gate)
[w4:ij:pro] Cleaned 1 old rotated profile(s)
[w4:ij:pro] Browser exit IP=185.100.87.250 (unique)
[w4:ij:pro] Searching "janw" | queue=34 | words=20544
[w4:ij:pro] [api] 200 mode=pro startsWith=janw
[w4:ij:pro] [api] 200 mode=pro startsWith=janw (2970ms direct)
[w4:ij:pro] "janw" → 0 records, 0 words
[w4:ij:pro] "janw" branch complete
[w4:ij:pro] Saved 20,544 worker words
[w4:ij:pro] Searching "janx" | queue=33 | words=20544
[w4:ij:pro] Pacing 11s before "janx" (gap=15500ms)
[w4:ij:pro] Managed Turnstile token (len=816, 18723ms, remount)
[w4:ij:pro] [api] 200 mode=pro startsWith=janx
[w4:ij:pro] [api] 200 mode=pro startsWith=janx (700ms direct)
[w4:ij:pro] "janx" → 0 records, 0 words
[w4:ij:pro] "janx" branch complete
[w4:ij:pro] Saved 20,544 worker words
[w4:ij:pro] Searching "jany" | queue=32 | words=20544
[w4:ij:pro] Pacing 12s before "jany" (gap=15500ms)
[w4:ij:pro] heartbeat words=20544 queue=32 rotation=9 idle=9s
[w4:ij:pro] Turnstile mint hard timeout after 28000ms
[w4:ij:pro] Site Turnstile remint timed out (30467ms)
[w4:ij:pro] Site Turnstile remint timed out (22952ms)
[w4:ij:pro] Managed Turnstile token (len=816, 6834ms, remount)
[w4:ij:pro] [api] 200 mode=pro startsWith=jany
[w4:ij:pro] [api] 200 mode=pro startsWith=jany (465ms direct)
[w4:ij:pro] "jany" → 0 records, 0 words
[w4:ij:pro] "jany" branch complete
[w4:ij:pro] Saved 20,544 worker words; shared last.txt now 289,203
[w4:ij:pro] Searching "janz" | queue=31 | words=20544
[w4:ij:pro] Pacing 15s before "janz" (gap=15500ms)
[w4:ij:pro] heartbeat words=20544 queue=31 rotation=9 idle=11s
[w4:ij:pro] Site Turnstile remint timed out (22508ms)
[w4:ij:pro] Turnstile mint hard timeout after 28000ms
[w4:ij:pro] Site Turnstile remint timed out (28321ms)
[w4:ij:pro] heartbeat words=20544 queue=31 rotation=9 idle=20s
[w4:ij:pro] Site Turnstile remint timed out (23546ms)
[w4:ij:pro] Turnstile mint hard timeout after 28000ms
[w4:ij:pro] Site Turnstile remint timed out (31249ms)
[w4:ij:pro] Turnstile mint hard timeout after 28000ms
[w4:ij:pro] Failed "janz" attempt 1: No Turnstile token for direct search
[w4:ij:pro] heartbeat words=20544 queue=32 rotation=9 idle=1s
[w4:ij:pro] Saved 20,544 worker words
[w4:ij:pro] Turnstile miss — soft reload before rotate
[w4:ij:pro] Site Turnstile remint timed out (34380ms)
[w4:ij:pro] Site Turnstile remint timed out (11637ms)
[w4:ij:pro] Soft reload mint failed — rotating immediately
[w4:ij:pro] Tor exited code=null
[w4:ij:pro] Starting Tor gen=11 socks=127.0.0.1:19054 (try 1)
[w4:ij:pro] tor: Aug 05 10:13:47.722 [notice] Opened Socks listener connection (ready) on 127.0.0.1:19054
Aug 05 10:13:47.722 [warn] Fixing permissions on directory /tmp/lll-tor
[w4:ij:pro] tor: Aug 05 10:13:49.000 [notice] Bootstrapped 0% (starting): Starting
Aug 05 10:13:49.000 [notice] Starting with guard context "default"
[w4:ij:pro] tor: Aug 05 10:13:50.000 [notice] Bootstrapped 5% (conn): Connecting to a relay
Aug 05 10:13:50.000 [notice] Bootstrapped 10% (conn_done): Connected to a relay
[w4:ij:pro] tor: Aug 05 10:13:56.000 [notice] Bootstrapped 14% (handshake): Handshaking with a relay
[w4:ij:pro] tor: Aug 05 10:13:56.000 [notice] Bootstrapped 15% (handshake_done): Handshake with a relay done
Aug 05 10:13:56.000 [notice] Bootstrapped 20% (onehop_create): Estab
[w4:ij:pro] tor: Aug 05 10:13:56.000 [notice] Bootstrapped 25% (requesting_status): Asking for networkstatus consensus
[w4:ij:pro] tor: Aug 05 10:13:57.000 [notice] Bootstrapped 30% (loading_status): Loading networkstatus consensus
[w4:ij:pro] tor: Aug 05 10:13:58.000 [notice] Bootstrapped 40% (loading_keys): Loading authority key certs
[w4:ij:pro] tor: Aug 05 10:13:59.000 [notice] Bootstrapped 45% (requesting_descriptors): Asking for relay descriptors
Aug 05 10:13:59.000 [notice] I learned some more directory 
[w4:ij:pro] tor: Aug 05 10:14:01.000 [notice] Bootstrapped 50% (loading_descriptors): Loading relay descriptors
[w4:ij:pro] tor: Aug 05 10:14:18.000 [notice] Bootstrapped 55% (loading_descriptors): Loading relay descriptors
[w4:ij:pro] heartbeat words=20544 queue=32 rotation=10 idle=6s
[w4:ij:pro] heartbeat words=20544 queue=32 rotation=10 idle=66s
[w4:ij:pro] heartbeat words=20544 queue=32 rotation=10 idle=126s
[w4:ij:pro] tor: Aug 05 10:16:50.000 [notice] Bootstrapped 61% (loading_descriptors): Loading relay descriptors
[w4:ij:pro] tor: Aug 05 10:17:01.000 [notice] Bootstrapped 66% (loading_descriptors): Loading relay descriptors
[w4:ij:pro] tor: Aug 05 10:17:06.000 [notice] Bootstrapped 75% (enough_dirinfo): Loaded enough directory info to build circuits
[w4:ij:pro] tor: Aug 05 10:17:07.000 [notice] Bootstrapped 80% (ap_conn): Connecting to a relay to build circuits
[w4:ij:pro] tor: Aug 05 10:17:08.000 [notice] Bootstrapped 85% (ap_conn_done): Connected to a relay to build circuits
[w4:ij:pro] tor: Aug 05 10:17:08.000 [notice] Bootstrapped 90% (ap_handshake_done): Handshake finished with a relay to build circuits
Aug 05 10:17:08.000 [notice] Bootstrapped 9
[w4:ij:pro] tor: Aug 05 10:17:23.000 [notice] Bootstrapped 100% (done): Done
[w4:ij:pro] heartbeat words=20544 queue=32 rotation=10 idle=1s
[w4:ij:pro] Tor ready on 19054 exit=109.70.100.3
[w4:ij:pro] Rotating IP (#10, try 1) after No Turnstile token for direct search → tor#11 socks5://127.0.0.1:19054
[w4:ij:pro] Launching persistent Chrome profile /tmp/lll-pw-w4-r10
[w4:ij:pro] Proxy tor#11 socks5://127.0.0.1:19054
[w4:ij:pro] Opening https://lastletterlibrary.com
[w4:ij:pro] Library mode=pro
[w4:ij:pro] Site Turnstile remint timed out (24825ms)
[w4:ij:pro] Search mode=direct (skip UI Wait Ns… gate)
[w4:ij:pro] Cleaned 1 old rotated profile(s)
[w4:ij:pro] Browser exit IP=185.220.100.249 (unique)
[w4:ij:pro] Searching "janz" | queue=31 | words=20544
[w4:ij:pro] Site Turnstile remint timed out (23837ms)
[w4:ij:pro] heartbeat words=20544 queue=31 rotation=10 idle=1s
[w4:ij:pro] Site Turnstile remint timed out (25803ms)
[w4:ij:pro] Site Turnstile remint timed out (27557ms)
[w4:ij:pro] heartbeat words=20544 queue=31 rotation=10 idle=8s
[w4:ij:pro] Turnstile mint hard timeout after 28000ms
[w4:ij:pro] Failed "janz" attempt 1: No Turnstile token for direct search
[w4:ij:pro] Site Turnstile remint timed out (29941ms)
[w4:ij:pro] Saved 20,544 worker words
[w4:ij:pro] Turnstile miss — soft reload before rotate
[w4:ij:pro] Site Turnstile remint timed out (13273ms)
[w4:ij:pro] Soft reload mint failed — rotating immediately
[w4:ij:pro] Tor exited code=null
[w4:ij:pro] Starting Tor gen=12 socks=127.0.0.1:19054 (try 1)
[w4:ij:pro] tor: Aug 05 10:20:08.740 [notice] Opening Socks listener on 127.0.0.1:19054
Aug 05 10:20:08.741 [notice] Opened Socks listener connection (ready) on 127.0.0.1:19054

[w4:ij:pro] tor: Aug 05 10:20:14.000 [notice] Bootstrapped 0% (starting): Starting
[w4:ij:pro] tor: Aug 05 10:20:15.000 [notice] Bootstrapped 5% (conn): Connecting to a relay
[w4:ij:pro] tor: Aug 05 10:20:15.000 [notice] Bootstrapped 10% (conn_done): Connected to a relay
[w4:ij:pro] tor: Aug 05 10:20:18.000 [notice] Bootstrapped 14% (handshake): Handshaking with a relay
[w4:ij:pro] tor: Aug 05 10:20:18.000 [notice] Bootstrapped 15% (handshake_done): Handshake with a relay done
[w4:ij:pro] tor: Aug 05 10:20:18.000 [notice] Bootstrapped 20% (onehop_create): Establishing an encrypted directory connection
[w4:ij:pro] tor: Aug 05 10:20:19.000 [notice] Bootstrapped 25% (requesting_status): Asking for networkstatus consensus
[w4:ij:pro] tor: Aug 05 10:20:19.000 [notice] Bootstrapped 30% (loading_status): Loading networkstatus consensus
[w4:ij:pro] tor: Aug 05 10:20:23.000 [notice] Bootstrapped 40% (loading_keys): Loading authority key certs
[w4:ij:pro] heartbeat words=20544 queue=32 rotation=11 idle=2s
[w4:ij:pro] tor: Aug 05 10:20:25.000 [notice] Bootstrapped 45% (requesting_descriptors): Asking for relay descriptors
Aug 05 10:20:25.000 [notice] I learned some more directory 
[w4:ij:pro] tor: Aug 05 10:20:28.000 [notice] Bootstrapped 50% (loading_descriptors): Loading relay descriptors
[w4:ij:pro] heartbeat words=20544 queue=32 rotation=11 idle=56s
[w4:ij:pro] heartbeat words=20544 queue=32 rotation=11 idle=116s
[w4:ij:pro] heartbeat words=20544 queue=32 rotation=11 idle=176s
[w4:ij:pro] tor: Aug 05 10:24:16.000 [notice] Bootstrapped 55% (loading_descriptors): Loading relay descriptors
[w4:ij:pro] Tor exit IP probe failed — accepting circuit
[w4:ij:pro] Tor ready on 19054
[w4:ij:pro] Rotating IP (#11, try 1) after No Turnstile token for direct search → tor#12 socks5://127.0.0.1:19054
[w4:ij:pro] Launching persistent Chrome profile /tmp/lll-pw-w4-r11
[w4:ij:pro] Proxy tor#12 socks5://127.0.0.1:19054
[w4:ij:pro] Opening https://lastletterlibrary.com
[w4:ij:pro] heartbeat words=20544 queue=32 rotation=11 idle=3s
[w4:ij:pro] tor: Aug 05 10:24:40.000 [notice] Bootstrapped 61% (loading_descriptors): Loading relay descriptors
[w4:ij:pro] tor: Aug 05 10:24:45.000 [notice] Bootstrapped 67% (loading_descriptors): Loading relay descriptors
[w4:ij:pro] page.goto failed attempt 1: page.goto: net::ERR_TIMED_OUT at https://lastletterlibrary.com/
Call log:
  - navigating to "https://lastletterlibrary.c
[w4:ij:pro] tor: Aug 05 10:25:03.000 [notice] Bootstrapped 75% (enough_dirinfo): Loaded enough directory info to build circuits
[w4:ij:pro] tor: Aug 05 10:25:08.000 [notice] Bootstrapped 90% (ap_handshake_done): Handshake finished with a relay to build circuits
Aug 05 10:25:08.000 [notice] Bootstrapped 9
[w4:ij:pro] tor: Aug 05 10:25:13.000 [notice] Bootstrapped 100% (done): Done
[w4:ij:pro] heartbeat words=20544 queue=32 rotation=11 idle=13s
[w4:ij:pro] Library mode=pro
[w4:ij:pro] Managed Turnstile token (len=816, 17257ms, remount)
[w4:ij:pro] Search mode=direct (skip UI Wait Ns… gate)
[w4:ij:pro] Cleaned 1 old rotated profile(s)
[w4:ij:pro] Browser exit IP=109.70.100.15 (unique)
[w4:ij:pro] Searching "janz" | queue=31 | words=20544
[w4:ij:pro] [api] 200 mode=pro startsWith=janz
[w4:ij:pro] [api] 200 mode=pro startsWith=janz (927ms direct)
[w4:ij:pro] "janz" → 0 records, 0 words
[w4:ij:pro] "janz" branch complete
[w4:ij:pro] Saved 20,544 worker words
[w4:ij:pro] Searching "jarv" | queue=30 | words=20544
[w4:ij:pro] Pacing 13s before "jarv" (gap=15500ms)
[w4:ij:pro] Managed Turnstile token (len=816, 12568ms, reset)
[w4:ij:pro] [api] 200 mode=pro startsWith=jarv
[w4:ij:pro] [api] 200 mode=pro startsWith=jarv (597ms direct)
[w4:ij:pro] "jarv" → 6 records, 6 words
[w4:ij:pro] "jarv" branch complete
[w4:ij:pro] Saved 20,544 worker words
[w4:ij:pro] Searching "jarw" | queue=29 | words=20544
[w4:ij:pro] Pacing 13s before "jarw" (gap=15500ms)
[w4:ij:pro] heartbeat words=20544 queue=29 rotation=11 idle=2s
[w4:ij:pro] Site Turnstile remint timed out (24478ms)
[w4:ij:pro] Turnstile token present (len=816)
[w4:ij:pro] Site Turnstile token (18525ms)
[w4:ij:pro] [api] 200 mode=pro startsWith=jarw
[w4:ij:pro] [api] 200 mode=pro startsWith=jarw (533ms direct)
[w4:ij:pro] "jarw" → 0 records, 0 words
[w4:ij:pro] "jarw" branch complete
[w4:ij:pro] Saved 20,544 worker words
[w4:ij:pro] Searching "jarx" | queue=28 | words=20544
[w4:ij:pro] Pacing 15s before "jarx" (gap=15500ms)
[w4:ij:pro] heartbeat words=20544 queue=28 rotation=11 idle=19s
[w4:ij:pro] Turnstile token present (len=816)
[w4:ij:pro] Site Turnstile token (19405ms)
[w4:ij:pro] [api] 200 mode=pro startsWith=jarx
[w4:ij:pro] [api] 200 mode=pro startsWith=jarx (550ms direct)
[w4:ij:pro] "jarx" → 0 records, 0 words
[w4:ij:pro] "jarx" branch complete
[w4:ij:pro] Saved 20,544 worker words
[w4:ij:pro] Searching "jary" | queue=27 | words=20544
[w4:ij:pro] Pacing 15s before "jary" (gap=15500ms)
[w4:ij:pro] Managed Turnstile token (len=816, 10902ms, remount)
[w4:ij:pro] [api] 200 mode=pro startsWith=jary
[w4:ij:pro] [api] 200 mode=pro startsWith=jary (531ms direct)
[w4:ij:pro] "jary" → 0 records, 0 words
[w4:ij:pro] "jary" branch complete
[w4:ij:pro] Saved 20,544 worker words
[w4:ij:pro] Searching "jarz" | queue=26 | words=20544
[w4:ij:pro] Pacing 15s before "jarz" (gap=15500ms)
[w4:ij:pro] Managed Turnstile token (len=816, 8779ms, reset)
[w4:ij:pro] [api] 200 mode=pro startsWith=jarz
[w4:ij:pro] [api] 200 mode=pro startsWith=jarz (517ms direct)
[w4:ij:pro] "jarz" → 0 records, 0 words
[w4:ij:pro] "jarz" branch complete
[w4:ij:pro] Saved 20,544 worker words; shared last.txt now 293,279
[w4:ij:pro] Searching "jerv" | queue=25 | words=20544
[w4:ij:pro] Pacing 15s before "jerv" (gap=15500ms)
[w4:ij:pro] Turnstile token present (len=816)
[w4:ij:pro] Site Turnstile token (23006ms)
[w4:ij:pro] [api] 200 mode=pro startsWith=jerv
[w4:ij:pro] [api] 200 mode=pro startsWith=jerv (720ms direct)
[w4:ij:pro] "jerv" → 6 records, 6 words
[w4:ij:pro] "jerv" branch complete
[w4:ij:pro] Saved 20,544 worker words
[w4:ij:pro] Searching "jerw" | queue=24 | words=20544
[w4:ij:pro] Pacing 14s before "jerw" (gap=15500ms)
[w4:ij:pro] heartbeat words=20544 queue=24 rotation=11 idle=3s
[w4:ij:pro] Turnstile mint hard timeout after 28000ms
[w4:ij:pro] Turnstile mint hard timeout after 28000ms
[w4:ij:pro] heartbeat words=20544 queue=24 rotation=11 idle=7s
[w4:ij:pro] Site Turnstile remint timed out (38845ms)
[w4:ij:pro] Turnstile mint hard timeout after 28000ms
[w4:ij:pro] Site Turnstile remint timed out (33847ms)
[w4:ij:pro] Turnstile mint hard timeout after 28000ms
[w4:ij:pro] Failed "jerw" attempt 1: No Turnstile token for direct search
[w4:ij:pro] Saved 20,544 worker words
[w4:ij:pro] Turnstile miss — soft reload before rotate
[w4:ij:pro] heartbeat words=20544 queue=25 rotation=11 idle=8s
[w4:ij:pro] Site Turnstile remint timed out (38082ms)
[w4:ij:pro] Site Turnstile remint timed out (123292ms)
[w4:ij:pro] Site Turnstile remint timed out (14953ms)
[w4:ij:pro] Soft reload mint failed — rotating immediately
[w4:ij:pro] Tor exited code=null
[w4:ij:pro] Starting Tor gen=13 socks=127.0.0.1:19054 (try 1)
[w4:ij:pro] tor: Aug 05 10:30:47.151 [notice] Opening Socks listener on 127.0.0.1:19054
Aug 05 10:30:47.151 [notice] Opened Socks listener connection (ready) on 127.0.0.1:19054

[w4:ij:pro] tor: Aug 05 10:30:50.000 [notice] Bootstrapped 0% (starting): Starting
Aug 05 10:30:50.000 [notice] Starting with guard context "default"
[w4:ij:pro] tor: Aug 05 10:30:51.000 [notice] Bootstrapped 5% (conn): Connecting to a relay
Aug 05 10:30:51.000 [notice] Bootstrapped 10% (conn_done): Connected to a relay
[w4:ij:pro] heartbeat words=20544 queue=25 rotation=12 idle=35s
[w4:ij:pro] tor: Aug 05 10:32:00.000 [notice] Bootstrapped 14% (handshake): Handshaking with a relay
[w4:ij:pro] tor: Aug 05 10:32:00.000 [notice] Bootstrapped 15% (handshake_done): Handshake with a relay done
Aug 05 10:32:00.000 [notice] Bootstrapped 20% (onehop_create): Estab
[w4:ij:pro] tor: Aug 05 10:32:00.000 [notice] Bootstrapped 25% (requesting_status): Asking for networkstatus consensus
[w4:ij:pro] tor: Aug 05 10:32:00.000 [notice] Bootstrapped 30% (loading_status): Loading networkstatus consensus
[w4:ij:pro] tor: Aug 05 10:32:03.000 [notice] Bootstrapped 40% (loading_keys): Loading authority key certs
[w4:ij:pro] tor: Aug 05 10:32:05.000 [notice] The current consensus has no exit nodes. Tor can only build internal paths, such as paths to onion services.
Aug 05 10:32:05.000 [n
[w4:ij:pro] tor: Aug 05 10:32:06.000 [notice] Bootstrapped 50% (loading_descriptors): Loading relay descriptors
[w4:ij:pro] heartbeat words=20544 queue=25 rotation=12 idle=21s
[w4:ij:pro] tor: Aug 05 10:32:37.000 [notice] Bootstrapped 55% (loading_descriptors): Loading relay descriptors
[w4:ij:pro] tor: Aug 05 10:32:40.000 [notice] Bootstrapped 61% (loading_descriptors): Loading relay descriptors
[w4:ij:pro] tor: Aug 05 10:32:43.000 [notice] Bootstrapped 67% (loading_descriptors): Loading relay descriptors
[w4:ij:pro] tor: Aug 05 10:32:48.000 [notice] Bootstrapped 75% (enough_dirinfo): Loaded enough directory info to build circuits
[w4:ij:pro] tor: Aug 05 10:32:50.000 [notice] Bootstrapped 90% (ap_handshake_done): Handshake finished with a relay to build circuits
Aug 05 10:32:50.000 [notice] Bootstrapped 9
[w4:ij:pro] tor: Aug 05 10:32:51.000 [notice] Bootstrapped 100% (done): Done
[w4:ij:pro] Tor ready on 19054 exit=185.220.101.10
[w4:ij:pro] Rotating IP (#12, try 1) after No Turnstile token for direct search → tor#13 socks5://127.0.0.1:19054
[w4:ij:pro] Launching persistent Chrome profile /tmp/lll-pw-w4-r12
[w4:ij:pro] Proxy tor#13 socks5://127.0.0.1:19054
[w4:ij:pro] Opening https://lastletterlibrary.com
[w4:ij:pro] Library mode=pro
[w4:ij:pro] heartbeat words=20544 queue=25 rotation=12 idle=11s
[w4:ij:pro] Site Turnstile remint timed out (23846ms)
[w4:ij:pro] Search mode=direct (skip UI Wait Ns… gate)
[w4:ij:pro] Cleaned 1 old rotated profile(s)
[w4:ij:pro] Browser exit IP=185.220.101.10 (unique)
[w4:ij:pro] Searching "jerw" | queue=24 | words=20544
[w4:ij:pro] Turnstile token present (len=816)
[w4:ij:pro] Site Turnstile token (21452ms)
[w4:ij:pro] [api] 200 mode=pro startsWith=jerw
[w4:ij:pro] [api] 200 mode=pro startsWith=jerw (874ms direct)
[w4:ij:pro] "jerw" → 0 records, 0 words
[w4:ij:pro] "jerw" branch complete
[w4:ij:pro] Saved 20,544 worker words
[w4:ij:pro] Searching "jerx" | queue=23 | words=20544
[w4:ij:pro] Pacing 14s before "jerx" (gap=15500ms)
[w4:ij:pro] heartbeat words=20544 queue=23 rotation=12 idle=23s
[w4:ij:pro] Turnstile token present (len=837)
[w4:ij:pro] Site Turnstile token (23473ms)
[w4:ij:pro] [api] 200 mode=pro startsWith=jerx
[w4:ij:pro] [api] 200 mode=pro startsWith=jerx (801ms direct)
[w4:ij:pro] "jerx" → 0 records, 0 words
[w4:ij:pro] "jerx" branch complete
[w4:ij:pro] Saved 20,544 worker words
[w4:ij:pro] Searching "jery" | queue=22 | words=20544
[w4:ij:pro] Pacing 14s before "jery" (gap=15500ms)
[w4:ij:pro] Site Turnstile remint timed out (24306ms)
[w4:ij:pro] Site Turnstile remint timed out (28092ms)
[w4:ij:pro] heartbeat words=20544 queue=22 rotation=12 idle=6s
[w4:ij:pro] Site Turnstile remint timed out (23935ms)
[w4:ij:pro] Turnstile token present (len=816)
[w4:ij:pro] Site Turnstile token (21608ms)
[w4:ij:pro] [api] 200 mode=pro startsWith=jery
[w4:ij:pro] [api] 200 mode=pro startsWith=jery (1238ms direct)
[w4:ij:pro] "jery" → 0 records, 0 words
[w4:ij:pro] "jery" branch complete
[w4:ij:pro] Saved 20,544 worker words
[w4:ij:pro] Searching "jerz" | queue=21 | words=20544
[w4:ij:pro] Pacing 14s before "jerz" (gap=15500ms)
[w4:ij:pro] heartbeat words=20544 queue=21 rotation=12 idle=18s
[w4:ij:pro] Turnstile mint hard timeout after 28000ms
[w4:ij:pro] Site Turnstile remint timed out (33874ms)
[w4:ij:pro] Site Turnstile remint timed out (24642ms)
[w4:ij:pro] Site Turnstile remint timed out (25681ms)
[w4:ij:pro] heartbeat words=20544 queue=21 rotation=12 idle=0s
[w4:ij:pro] Turnstile mint hard timeout after 28000ms
[w4:ij:pro] Failed "jerz" attempt 1: No Turnstile token for direct search
[w4:ij:pro] Saved 20,544 worker words
[w4:ij:pro] Turnstile miss — soft reload before rotate
[w4:ij:pro] Site Turnstile remint timed out (29283ms)
[w4:ij:pro] Site Turnstile remint timed out (12652ms)
[w4:ij:pro] Soft reload mint failed — rotating immediately
[w4:ij:pro] Tor exited code=0
[w4:ij:pro] heartbeat words=20544 queue=22 rotation=13 idle=1s
[w4:ij:pro] Starting Tor gen=14 socks=127.0.0.1:19054 (try 1)
[w4:ij:pro] tor: Aug 05 10:38:28.090 [notice] Opened Socks listener connection (ready) on 127.0.0.1:19054
Aug 05 10:38:28.090 [warn] Fixing permissions on directory /tmp/lll-tor
[w4:ij:pro] tor: Aug 05 10:38:30.000 [notice] Bootstrapped 0% (starting): Starting
Aug 05 10:38:30.000 [notice] Starting with guard context "default"
[w4:ij:pro] tor: Aug 05 10:38:31.000 [notice] Bootstrapped 5% (conn): Connecting to a relay
[w4:ij:pro] tor: Aug 05 10:38:31.000 [notice] Bootstrapped 10% (conn_done): Connected to a relay
[w4:ij:pro] tor: Aug 05 10:38:33.000 [notice] Bootstrapped 14% (handshake): Handshaking with a relay
[w4:ij:pro] tor: Aug 05 10:38:33.000 [notice] Bootstrapped 15% (handshake_done): Handshake with a relay done
Aug 05 10:38:33.000 [notice] Bootstrapped 20% (onehop_create): Estab
[w4:ij:pro] tor: Aug 05 10:38:33.000 [notice] Bootstrapped 25% (requesting_status): Asking for networkstatus consensus
[w4:ij:pro] tor: Aug 05 10:38:35.000 [notice] Bootstrapped 30% (loading_status): Loading networkstatus consensus
[w4:ij:pro] tor: Aug 05 10:38:38.000 [notice] Bootstrapped 40% (loading_keys): Loading authority key certs
[w4:ij:pro] tor: Aug 05 10:38:40.000 [notice] Bootstrapped 45% (requesting_descriptors): Asking for relay descriptors
Aug 05 10:38:40.000 [notice] I learned some more directory 
[w4:ij:pro] tor: Aug 05 10:38:41.000 [notice] Bootstrapped 50% (loading_descriptors): Loading relay descriptors
[w4:ij:pro] tor: Aug 05 10:39:00.000 [notice] Bootstrapped 55% (loading_descriptors): Loading relay descriptors
[w4:ij:pro] tor: Aug 05 10:39:01.000 [notice] Bootstrapped 61% (loading_descriptors): Loading relay descriptors
[w4:ij:pro] tor: Aug 05 10:39:03.000 [notice] Bootstrapped 67% (loading_descriptors): Loading relay descriptors
[w4:ij:pro] tor: Aug 05 10:39:06.000 [notice] Bootstrapped 75% (enough_dirinfo): Loaded enough directory info to build circuits
[w4:ij:pro] tor: Aug 05 10:39:06.000 [notice] Bootstrapped 90% (ap_handshake_done): Handshake finished with a relay to build circuits
Aug 05 10:39:06.000 [notice] Bootstrapped 9
[w4:ij:pro] tor: Aug 05 10:39:08.000 [notice] Bootstrapped 100% (done): Done
[w4:ij:pro] Tor ready on 19054 exit=107.189.11.111
[w4:ij:pro] Rotating IP (#13, try 1) after No Turnstile token for direct search → tor#14 socks5://127.0.0.1:19054
[w4:ij:pro] Launching persistent Chrome profile /tmp/lll-pw-w4-r13
[w4:ij:pro] Proxy tor#14 socks5://127.0.0.1:19054
[w4:ij:pro] Opening https://lastletterlibrary.com
[w4:ij:pro] Library mode=pro
[w4:ij:pro] heartbeat words=20544 queue=22 rotation=13 idle=1s
[w4:ij:pro] Managed Turnstile token (len=816, 15723ms, remount)
[w4:ij:pro] Search mode=direct (skip UI Wait Ns… gate)
[w4:ij:pro] Cleaned 1 old rotated profile(s)
[w4:ij:pro] Browser exit IP=45.84.107.74 (unique)
[w4:ij:pro] Searching "jerz" | queue=21 | words=20544
[w4:ij:pro] [api] 200 mode=pro startsWith=jerz
[w4:ij:pro] [api] 200 mode=pro startsWith=jerz (1008ms direct)
[w4:ij:pro] "jerz" → 0 records, 0 words
[w4:ij:pro] "jerz" branch complete
[w4:ij:pro] Saved 20,544 worker words
[w4:ij:pro] Searching "jinz" | queue=20 | words=20544
[w4:ij:pro] Pacing 13s before "jinz" (gap=15500ms)
[w4:ij:pro] Managed Turnstile token (len=816, 13305ms, reset)
[w4:ij:pro] [api] 200 mode=pro startsWith=jinz
[w4:ij:pro] [api] 200 mode=pro startsWith=jinz (681ms direct)
[w4:ij:pro] "jinz" → 2 records, 2 words
[w4:ij:pro] "jinz" branch complete
[w4:ij:pro] Saved 20,544 worker words; shared last.txt now 295,581
[w4:ij:pro] Searching "jouy" | queue=19 | words=20544
[w4:ij:pro] Pacing 5s before "jouy" (gap=15500ms)
[w4:ij:pro] Managed Turnstile token (len=816, 16351ms, reset)
[w4:ij:pro] [api] 200 mode=pro startsWith=jouy
[w4:ij:pro] [api] 200 mode=pro startsWith=jouy (765ms direct)
[w4:ij:pro] "jouy" → 2 records, 2 words
[w4:ij:pro] "jouy" branch complete
[w4:ij:pro] Saved 20,544 worker words
[w4:ij:pro] Searching "jouz" | queue=18 | words=20544
[w4:ij:pro] Pacing 14s before "jouz" (gap=15500ms)
[w4:ij:pro] heartbeat words=20544 queue=18 rotation=13 idle=3s
[w4:ij:pro] Managed Turnstile token (len=816, 9100ms, reset)
[w4:ij:pro] [api] 200 mode=pro startsWith=jouz
[w4:ij:pro] [api] 200 mode=pro startsWith=jouz (642ms direct)
[w4:ij:pro] "jouz" → 0 records, 0 words
[w4:ij:pro] "jouz" branch complete
[w4:ij:pro] Saved 20,544 worker words
[w4:ij:pro] Searching "judy" | queue=17 | words=20544
[w4:ij:pro] Pacing 12s before "judy" (gap=15500ms)
[w4:ij:pro] Managed Turnstile token (len=816, 11583ms, reset)
[w4:ij:pro] [api] 200 mode=pro startsWith=judy
[w4:ij:pro] [api] 200 mode=pro startsWith=judy (865ms direct)
[w4:ij:pro] "judy" → 1 records, 1 words (incl. exact "judy")
[w4:ij:pro] "judy" branch complete
[w4:ij:pro] Saved 20,544 worker words
[w4:ij:pro] Searching "judz" | queue=16 | words=20544
[w4:ij:pro] Pacing 15s before "judz" (gap=15500ms)
[w4:ij:pro] Managed Turnstile token (len=816, 4755ms, reset)
[w4:ij:pro] [api] 200 mode=pro startsWith=judz
[w4:ij:pro] [api] 200 mode=pro startsWith=judz (578ms direct)
[w4:ij:pro] "judz" → 0 records, 0 words
[w4:ij:pro] "judz" branch complete
[w4:ij:pro] Saved 20,544 worker words
[w4:ij:pro] Searching "junt" | queue=15 | words=20544
[w4:ij:pro] Pacing 15s before "junt" (gap=15500ms)
[w4:ij:pro] heartbeat words=20544 queue=15 rotation=13 idle=17s
[w4:ij:pro] Site Turnstile remint timed out (23069ms)
[w4:ij:pro] Site Turnstile remint timed out (27261ms)
[w4:ij:pro] Site Turnstile remint timed out (24945ms)
[w4:ij:pro] heartbeat words=20544 queue=15 rotation=13 idle=2s
[w4:ij:pro] Site Turnstile remint timed out (24822ms)
[w4:ij:pro] Site Turnstile remint timed out (25115ms)
[w4:ij:pro] Failed "junt" attempt 1: No Turnstile token for direct search
[w4:ij:pro] Saved 20,544 worker words
[w4:ij:pro] Turnstile miss — soft reload before rotate
[w4:ij:pro] heartbeat words=20544 queue=16 rotation=13 idle=11s
[w4:ij:pro] Site Turnstile remint timed out (11335ms)
[w4:ij:pro] Soft reload mint failed — rotating immediately
[w4:ij:pro] Starting Tor gen=15 socks=127.0.0.1:19054 (try 1)
[w4:ij:pro] tor: Aug 05 10:43:50.690 [notice] Configuration file "/opt/homebrew/etc/tor/torrc" not present, using reasonable defaults.
Aug 05 10:43:50.694 [notice] Opening Socks
[w4:ij:pro] tor: Aug 05 10:43:56.000 [notice] Bootstrapped 0% (starting): Starting
Aug 05 10:43:56.000 [notice] Starting with guard context "default"
[w4:ij:pro] Tor exited code=0
[w4:ij:pro] tor: Aug 05 10:43:57.000 [notice] Bootstrapped 5% (conn): Connecting to a relay
Aug 05 10:43:57.000 [notice] Bootstrapped 10% (conn_done): Connected to a relay
[w4:ij:pro] tor: Aug 05 10:43:59.000 [notice] Bootstrapped 14% (handshake): Handshaking with a relay
[w4:ij:pro] tor: Aug 05 10:43:59.000 [notice] Bootstrapped 15% (handshake_done): Handshake with a relay done
Aug 05 10:43:59.000 [notice] Bootstrapped 20% (onehop_create): Estab
[w4:ij:pro] tor: Aug 05 10:43:59.000 [notice] Bootstrapped 25% (requesting_status): Asking for networkstatus consensus
[w4:ij:pro] tor: Aug 05 10:44:00.000 [notice] Bootstrapped 30% (loading_status): Loading networkstatus consensus
[w4:ij:pro] tor: Aug 05 10:44:03.000 [notice] Bootstrapped 40% (loading_keys): Loading authority key certs
[w4:ij:pro] tor: Aug 05 10:44:06.000 [notice] The current consensus has no exit nodes. Tor can only build internal paths, such as paths to onion services.
Aug 05 10:44:06.000 [n
[w4:ij:pro] tor: Aug 05 10:44:09.000 [notice] Bootstrapped 50% (loading_descriptors): Loading relay descriptors
[w4:ij:pro] heartbeat words=20544 queue=16 rotation=14 idle=19s
[w4:ij:pro] tor: Aug 05 10:44:45.000 [notice] Bootstrapped 55% (loading_descriptors): Loading relay descriptors
[w4:ij:pro] heartbeat words=20544 queue=16 rotation=14 idle=42s
[w4:ij:pro] tor: Aug 05 10:45:57.000 [notice] Bootstrapped 61% (loading_descriptors): Loading relay descriptors
[w4:ij:pro] tor: Aug 05 10:45:58.000 [notice] Bootstrapped 67% (loading_descriptors): Loading relay descriptors
[w4:ij:pro] tor: Aug 05 10:46:00.000 [notice] Bootstrapped 75% (enough_dirinfo): Loaded enough directory info to build circuits
[w4:ij:pro] tor: Aug 05 10:46:01.000 [notice] Bootstrapped 90% (ap_handshake_done): Handshake finished with a relay to build circuits
Aug 05 10:46:01.000 [notice] Bootstrapped 9
[w4:ij:pro] tor: Aug 05 10:46:02.000 [notice] Bootstrapped 100% (done): Done
[w4:ij:pro] Tor ready on 19054 exit=171.25.193.132
[w4:ij:pro] Rotating IP (#14, try 1) after No Turnstile token for direct search → tor#15 socks5://127.0.0.1:19054
[w4:ij:pro] Launching persistent Chrome profile /tmp/lll-pw-w4-r14
[w4:ij:pro] Proxy tor#15 socks5://127.0.0.1:19054
[w4:ij:pro] Opening https://lastletterlibrary.com
[w4:ij:pro] Library mode=pro
[w4:ij:pro] heartbeat words=20544 queue=16 rotation=14 idle=6s
[w4:ij:pro] Turnstile token present (len=837)
[w4:ij:pro] Site Turnstile token (23519ms)
[w4:ij:pro] Search mode=direct (skip UI Wait Ns… gate)
[w4:ij:pro] Cleaned 1 old rotated profile(s)
[w4:ij:pro] Browser exit IP=171.25.193.132 (unique)
[w4:ij:pro] Searching "junt" | queue=15 | words=20544
[w4:ij:pro] [api] 200 mode=pro startsWith=junt
[w4:ij:pro] [api] 200 mode=pro startsWith=junt (1113ms direct)
[w4:ij:pro] "junt" → 5 records, 5 words (incl. exact "junt")
[w4:ij:pro] "junt" branch complete
[w4:ij:pro] Saved 20,544 worker words
[w4:ij:pro] Searching "junu" | queue=14 | words=20544
[w4:ij:pro] Pacing 10s before "junu" (gap=15500ms)
[w4:ij:pro] Turnstile token present (len=837)
[w4:ij:pro] Site Turnstile token (24344ms)
[w4:ij:pro] [api] 200 mode=pro startsWith=junu
[w4:ij:pro] [api] 200 mode=pro startsWith=junu (642ms direct)
[w4:ij:pro] "junu" → 0 records, 0 words
[w4:ij:pro] "junu" branch complete
[w4:ij:pro] Saved 20,544 worker words
[w4:ij:pro] Searching "junv" | queue=13 | words=20544
[w4:ij:pro] Pacing 12s before "junv" (gap=15500ms)
[w4:ij:pro] heartbeat words=20544 queue=13 rotation=14 idle=6s
[w4:ij:pro] Site Turnstile remint timed out (27291ms)
[w4:ij:pro] Turnstile mint hard timeout after 28000ms
[w4:ij:pro] Site Turnstile remint timed out (39562ms)
[w4:ij:pro] heartbeat words=20544 queue=13 rotation=14 idle=0s
[w4:ij:pro] Site Turnstile remint timed out (26112ms)
[w4:ij:pro] Site Turnstile remint timed out (22593ms)
[w4:ij:pro] Failed "junv" attempt 1: No Turnstile token for direct search
[w4:ij:pro] Saved 20,544 worker words; shared last.txt now 297,107
[w4:ij:pro] Turnstile miss — soft reload before rotate
[w4:ij:pro] Site Turnstile remint timed out (12091ms)
[w4:ij:pro] Soft reload mint failed — rotating immediately
[w4:ij:pro] Tor exited code=0
[w4:ij:pro] heartbeat words=20544 queue=14 rotation=15 idle=0s
[w4:ij:pro] Starting Tor gen=16 socks=127.0.0.1:19054 (try 1)
[w4:ij:pro] tor: Aug 05 10:49:28.407 [warn] Fixing permissions on directory /tmp/lll-tor-w4
[w4:ij:pro] tor: Aug 05 10:49:28.000 [notice] Bootstrapped 0% (starting): Starting
[w4:ij:pro] tor: Aug 05 10:49:29.000 [notice] Bootstrapped 5% (conn): Connecting to a relay
[w4:ij:pro] tor: Aug 05 10:49:29.000 [notice] Bootstrapped 10% (conn_done): Connected to a relay
[w4:ij:pro] tor: Aug 05 10:49:30.000 [notice] Bootstrapped 14% (handshake): Handshaking with a relay
[w4:ij:pro] tor: Aug 05 10:49:31.000 [notice] Bootstrapped 15% (handshake_done): Handshake with a relay done
Aug 05 10:49:31.000 [notice] Bootstrapped 20% (onehop_create): Estab
[w4:ij:pro] tor: Aug 05 10:49:31.000 [notice] Bootstrapped 25% (requesting_status): Asking for networkstatus consensus
[w4:ij:pro] tor: Aug 05 10:49:31.000 [notice] Bootstrapped 30% (loading_status): Loading networkstatus consensus
[w4:ij:pro] tor: Aug 05 10:49:32.000 [notice] Bootstrapped 40% (loading_keys): Loading authority key certs
[w4:ij:pro] tor: Aug 05 10:49:32.000 [notice] Bootstrapped 45% (requesting_descriptors): Asking for relay descriptors
Aug 05 10:49:32.000 [notice] I learned some more directory 
[w4:ij:pro] tor: Aug 05 10:49:33.000 [notice] Bootstrapped 50% (loading_descriptors): Loading relay descriptors
[w4:ij:pro] tor: Aug 05 10:49:41.000 [notice] Bootstrapped 55% (loading_descriptors): Loading relay descriptors
[w4:ij:pro] tor: Aug 05 10:49:41.000 [notice] Bootstrapped 61% (loading_descriptors): Loading relay descriptors
[w4:ij:pro] tor: Aug 05 10:49:41.000 [notice] Bootstrapped 67% (loading_descriptors): Loading relay descriptors
[w4:ij:pro] tor: Aug 05 10:49:41.000 [notice] Bootstrapped 75% (enough_dirinfo): Loaded enough directory info to build circuits
[w4:ij:pro] tor: Aug 05 10:49:42.000 [notice] Bootstrapped 90% (ap_handshake_done): Handshake finished with a relay to build circuits
Aug 05 10:49:42.000 [notice] Bootstrapped 9
[w4:ij:pro] tor: Aug 05 10:49:43.000 [notice] Bootstrapped 100% (done): Done
[w4:ij:pro] Tor ready on 19054 exit=192.42.116.45
[w4:ij:pro] Rotating IP (#15, try 1) after No Turnstile token for direct search → tor#16 socks5://127.0.0.1:19054
[w4:ij:pro] Launching persistent Chrome profile /tmp/lll-pw-w4-r15
[w4:ij:pro] Proxy tor#16 socks5://127.0.0.1:19054
[w4:ij:pro] Opening https://lastletterlibrary.com
[w4:ij:pro] Library mode=pro
[w4:ij:pro] Managed Turnstile token (len=816, 11086ms, remount)
[w4:ij:pro] Search mode=direct (skip UI Wait Ns… gate)
[w4:ij:pro] Cleaned 1 old rotated profile(s)
[w4:ij:pro] heartbeat words=20544 queue=14 rotation=15 idle=2s
[w4:ij:pro] Browser exit IP=192.42.116.45 (unique)
[w4:ij:pro] Searching "junv" | queue=13 | words=20544
[w4:ij:pro] [api] 200 mode=pro startsWith=junv
[w4:ij:pro] [api] 200 mode=pro startsWith=junv (665ms direct)
[w4:ij:pro] "junv" → 0 records, 0 words
[w4:ij:pro] "junv" branch complete
[w4:ij:pro] Saved 20,544 worker words
[w4:ij:pro] Searching "junw" | queue=12 | words=20544
[w4:ij:pro] Pacing 13s before "junw" (gap=15500ms)
[w4:ij:pro] Managed Turnstile token (len=816, 10901ms, reset)
[w4:ij:pro] [api] 200 mode=pro startsWith=junw
[w4:ij:pro] [api] 200 mode=pro startsWith=junw (578ms direct)
[w4:ij:pro] "junw" → 0 records, 0 words
[w4:ij:pro] "junw" branch complete
[w4:ij:pro] Saved 20,544 worker words
[w4:ij:pro] Searching "junx" | queue=11 | words=20544
[w4:ij:pro] Pacing 15s before "junx" (gap=15500ms)
[w4:ij:pro] Managed Turnstile token (len=816, 10223ms, reset)
[w4:ij:pro] [api] 200 mode=pro startsWith=junx
[w4:ij:pro] [api] 200 mode=pro startsWith=junx (729ms direct)
[w4:ij:pro] "junx" → 0 records, 0 words
[w4:ij:pro] "junx" branch complete
[w4:ij:pro] Saved 20,544 worker words
[w4:ij:pro] Searching "juny" | queue=10 | words=20544
[w4:ij:pro] Pacing 13s before "juny" (gap=15500ms)
[w4:ij:pro] Managed Turnstile token (len=816, 11909ms, reset)
[w4:ij:pro] [api] 200 mode=pro startsWith=juny
[w4:ij:pro] [api] 200 mode=pro startsWith=juny (753ms direct)
[w4:ij:pro] "juny" → 0 records, 0 words
[w4:ij:pro] "juny" branch complete
[w4:ij:pro] Saved 20,544 worker words
[w4:ij:pro] Searching "junz" | queue=9 | words=20544
[w4:ij:pro] Pacing 13s before "junz" (gap=15500ms)
[w4:ij:pro] heartbeat words=20544 queue=9 rotation=15 idle=10s
[w4:ij:pro] Site Turnstile remint timed out (27035ms)
[w4:ij:pro] Managed Turnstile token (len=816, 15568ms, remount)
[w4:ij:pro] [api] 200 mode=pro startsWith=junz
[w4:ij:pro] [api] 200 mode=pro startsWith=junz (518ms direct)
[w4:ij:pro] "junz" → 0 records, 0 words
[w4:ij:pro] "junz" branch complete
[w4:ij:pro] Saved 20,544 worker words
[w4:ij:pro] Searching "just" | queue=8 | words=20544
[w4:ij:pro] Pacing 13s before "just" (gap=15500ms)
[w4:ij:pro] Site Turnstile remint timed out (24697ms)
[w4:ij:pro] heartbeat words=20544 queue=8 rotation=15 idle=2s
[w4:ij:pro] Managed Turnstile token (len=816, 8998ms, remount)
[w4:ij:pro] [api] 200 mode=pro startsWith=just
[w4:ij:pro] [api] 200 mode=pro startsWith=just (551ms direct)
[w4:ij:pro] "just" → 81 records, 81 words (incl. exact "just")
[w4:ij:pro] "just" branch complete
[w4:ij:pro] Saved 20,544 worker words
[w4:ij:pro] Searching "jusu" | queue=7 | words=20544
[w4:ij:pro] Pacing 15s before "jusu" (gap=15500ms)
[w4:ij:pro] Turnstile token present (len=816)
[w4:ij:pro] Site Turnstile token (19829ms)
[w4:ij:pro] [api] 200 mode=pro startsWith=jusu
[w4:ij:pro] [api] 200 mode=pro startsWith=jusu (568ms direct)
[w4:ij:pro] "jusu" → 0 records, 0 words
[w4:ij:pro] "jusu" branch complete
[w4:ij:pro] Saved 20,544 worker words
[w4:ij:pro] Searching "jusv" | queue=6 | words=20544
[w4:ij:pro] Pacing 15s before "jusv" (gap=15500ms)
[w4:ij:pro] Managed Turnstile token (len=816, 5088ms, remount)
[w4:ij:pro] [api] 200 mode=pro startsWith=jusv
[w4:ij:pro] [api] 200 mode=pro startsWith=jusv (503ms direct)
[w4:ij:pro] "jusv" → 0 records, 0 words
[w4:ij:pro] "jusv" branch complete
[w4:ij:pro] Saved 20,544 worker words; shared last.txt now 297,455
[w4:ij:pro] Searching "jusw" | queue=5 | words=20544
[w4:ij:pro] Pacing 15s before "jusw" (gap=15500ms)
[w4:ij:pro] heartbeat words=20544 queue=5 rotation=15 idle=16s
[w4:ij:pro] Site Turnstile remint timed out (23400ms)
[w4:ij:pro] Turnstile token present (len=816)
[w4:ij:pro] Site Turnstile token (23203ms)
[w4:ij:pro] [api] 200 mode=pro startsWith=jusw
[w4:ij:pro] [api] 200 mode=pro startsWith=jusw (626ms direct)
[w4:ij:pro] "jusw" → 0 records, 0 words
[w4:ij:pro] "jusw" branch complete
[w4:ij:pro] Saved 20,544 worker words
[w4:ij:pro] Searching "jusx" | queue=4 | words=20544
[w4:ij:pro] Pacing 15s before "jusx" (gap=15500ms)
[w4:ij:pro] Site Turnstile remint timed out (25712ms)
[w4:ij:pro] heartbeat words=20544 queue=4 rotation=15 idle=3s
[w4:ij:pro] Turnstile mint hard timeout after 28000ms
[w4:ij:pro] Turnstile token present (len=816)
[w4:ij:pro] Site Turnstile token (31351ms)
[w4:ij:pro] Turnstile mint hard timeout after 28000ms
[w4:ij:pro] heartbeat words=20544 queue=4 rotation=15 idle=4s
[w4:ij:pro] Turnstile mint hard timeout after 28000ms
[w4:ij:pro] Failed "jusx" attempt 1: No Turnstile token for direct search
[w4:ij:pro] Saved 20,544 worker words
[w4:ij:pro] Turnstile miss — soft reload before rotate
[w4:ij:pro] Site Turnstile remint timed out (44377ms)
[w4:ij:pro] Site Turnstile remint timed out (77998ms)
[w4:ij:pro] Site Turnstile remint timed out (11665ms)
[w4:ij:pro] Soft reload mint failed — rotating immediately
[w4:ij:pro] Tor exited code=0
[w4:ij:pro] Starting Tor gen=17 socks=127.0.0.1:19054 (try 1)
[w4:ij:pro] tor: Aug 05 10:56:22.732 [warn] Fixing permissions on directory /tmp/lll-tor-w4
[w4:ij:pro] tor: Aug 05 10:56:23.000 [notice] Bootstrapped 0% (starting): Starting
[w4:ij:pro] tor: Aug 05 10:56:24.000 [notice] Bootstrapped 5% (conn): Connecting to a relay
[w4:ij:pro] tor: Aug 05 10:56:24.000 [notice] Bootstrapped 10% (conn_done): Connected to a relay
[w4:ij:pro] tor: Aug 05 10:56:24.000 [notice] Bootstrapped 14% (handshake): Handshaking with a relay
[w4:ij:pro] tor: Aug 05 10:56:24.000 [notice] Bootstrapped 15% (handshake_done): Handshake with a relay done
Aug 05 10:56:24.000 [notice] Bootstrapped 20% (onehop_create): Estab
[w4:ij:pro] tor: Aug 05 10:56:24.000 [notice] Bootstrapped 25% (requesting_status): Asking for networkstatus consensus
[w4:ij:pro] tor: Aug 05 10:56:24.000 [notice] Bootstrapped 30% (loading_status): Loading networkstatus consensus
[w4:ij:pro] tor: Aug 05 10:56:25.000 [notice] Bootstrapped 40% (loading_keys): Loading authority key certs
[w4:ij:pro] tor: Aug 05 10:56:26.000 [notice] Bootstrapped 45% (requesting_descriptors): Asking for relay descriptors
Aug 05 10:56:26.000 [notice] I learned some more directory 
[w4:ij:pro] tor: Aug 05 10:56:26.000 [notice] Bootstrapped 50% (loading_descriptors): Loading relay descriptors
[w4:ij:pro] heartbeat words=20544 queue=5 rotation=16 idle=2s
[w4:ij:pro] tor: Aug 05 10:56:30.000 [notice] Bootstrapped 55% (loading_descriptors): Loading relay descriptors
[w4:ij:pro] tor: Aug 05 10:56:34.000 [notice] Bootstrapped 61% (loading_descriptors): Loading relay descriptors
[w4:ij:pro] tor: Aug 05 10:56:34.000 [notice] Bootstrapped 67% (loading_descriptors): Loading relay descriptors
[w4:ij:pro] tor: Aug 05 10:56:34.000 [notice] Bootstrapped 75% (enough_dirinfo): Loaded enough directory info to build circuits
[w4:ij:pro] tor: Aug 05 10:56:35.000 [notice] Bootstrapped 90% (ap_handshake_done): Handshake finished with a relay to build circuits
Aug 05 10:56:35.000 [notice] Bootstrapped 9
[w4:ij:pro] tor: Aug 05 10:56:35.000 [notice] Bootstrapped 100% (done): Done
[w4:ij:pro] Tor ready on 19054 exit=192.42.116.60
[w4:ij:pro] Rotating IP (#16, try 1) after No Turnstile token for direct search → tor#17 socks5://127.0.0.1:19054
[w4:ij:pro] Launching persistent Chrome profile /tmp/lll-pw-w4-r16
[w4:ij:pro] Proxy tor#17 socks5://127.0.0.1:19054
[w4:ij:pro] Opening https://lastletterlibrary.com
[w4:ij:pro] Library mode=pro
[w4:ij:pro] Site Turnstile remint timed out (23632ms)
[w4:ij:pro] Search mode=direct (skip UI Wait Ns… gate)
[w4:ij:pro] Cleaned 1 old rotated profile(s)
[w4:ij:pro] Browser exit IP=185.220.101.8 (unique)
[w4:ij:pro] Searching "jusx" | queue=4 | words=20544
[w4:ij:pro] heartbeat words=20544 queue=4 rotation=16 idle=11s
[w4:ij:pro] Turnstile token present (len=816)
[w4:ij:pro] Site Turnstile token (25186ms)
[w4:ij:pro] [api] 200 mode=pro startsWith=jusx
[w4:ij:pro] [api] 200 mode=pro startsWith=jusx (590ms direct)
[w4:ij:pro] "jusx" → 0 records, 0 words
[w4:ij:pro] "jusx" branch complete
[w4:ij:pro] Saved 20,544 worker words
[w4:ij:pro] Searching "jusy" | queue=3 | words=20544
[w4:ij:pro] Pacing 13s before "jusy" (gap=15500ms)
[w4:ij:pro] Site Turnstile remint timed out (25663ms)
[w4:ij:pro] heartbeat words=20544 queue=3 rotation=16 idle=28s
[w4:ij:pro] Turnstile mint hard timeout after 28000ms
[w4:ij:pro] Site Turnstile remint timed out (28368ms)
[w4:ij:pro] Turnstile mint hard timeout after 28000ms
[w4:ij:pro] Site Turnstile remint timed out (36525ms)
[w4:ij:pro] Site Turnstile remint timed out (27469ms)
[w4:ij:pro] Failed "jusy" attempt 1: No Turnstile token for direct search
[w4:ij:pro] Saved 20,544 worker words
[w4:ij:pro] Turnstile miss — soft reload before rotate
[w4:ij:pro] heartbeat words=20544 queue=4 rotation=16 idle=3s
[w4:ij:pro] Turnstile token present (len=816)
[w4:ij:pro] Site Turnstile token (7207ms)
[w4:ij:pro] Searching "jusy" | queue=3 | words=20544
[w4:ij:pro] [api] 200 mode=pro startsWith=jusy
[w4:ij:pro] [api] 200 mode=pro startsWith=jusy (446ms direct)
[w4:ij:pro] "jusy" → 0 records, 0 words
[w4:ij:pro] "jusy" branch complete
[w4:ij:pro] Saved 20,544 worker words
[w4:ij:pro] Searching "jusz" | queue=2 | words=20544
[w4:ij:pro] Pacing 16s before "jusz" (gap=15500ms)
[w4:ij:pro] Site Turnstile remint timed out (22321ms)
[w4:ij:pro] Site Turnstile remint timed out (22340ms)
[w4:ij:pro] heartbeat words=20544 queue=2 rotation=16 idle=9s
[w4:ij:pro] Site Turnstile remint timed out (22509ms)
[w4:ij:pro] Turnstile token present (len=816)
[w4:ij:pro] Site Turnstile token (19769ms)
[w4:ij:pro] [api] 200 mode=pro startsWith=jusz
[w4:ij:pro] [api] 200 mode=pro startsWith=jusz (497ms direct)
[w4:ij:pro] "jusz" → 0 records, 0 words
[w4:ij:pro] "jusz" branch complete
[w4:ij:pro] Saved 20,544 worker words
[w4:ij:pro] Searching "jacky" | queue=1 | words=20544
[w4:ij:pro] Pacing 15s before "jacky" (gap=15500ms)
[w4:ij:pro] Turnstile token present (len=816)
[w4:ij:pro] Site Turnstile token (22216ms)
[w4:ij:pro] [api] 200 mode=pro startsWith=jacky
[w4:ij:pro] [api] 200 mode=pro startsWith=jacky (589ms direct)
[w4:ij:pro] "jacky" → 4 records, 4 words (incl. exact "jacky")
[w4:ij:pro] "jacky" branch complete
[w4:ij:pro] Saved 20,544 worker words
[w4:ij:pro] Searching "jackz" | queue=0 | words=20544
[w4:ij:pro] Pacing 13s before "jackz" (gap=15500ms)
[w4:ij:pro] heartbeat words=20544 queue=0 rotation=16 idle=0s
[w4:ij:pro] Site Turnstile remint timed out (27201ms)
[w4:ij:pro] Turnstile token present (len=837)
[w4:ij:pro] Site Turnstile token (21280ms)
[w4:ij:pro] [api] 200 mode=pro startsWith=jackz
[w4:ij:pro] [api] 200 mode=pro startsWith=jackz (669ms direct)
[w4:ij:pro] "jackz" → 0 records, 0 words
[w4:ij:pro] "jackz" branch complete
[w4:ij:pro] Saved 20,544 worker words; shared last.txt now 299,047
[w4:ij:pro] Saved 20,544 worker words
[w4:ij:pro] Worker done. prefixes=2945 words=20544
[w4:ij:pro] Tor exited code=0
[w4:ij:pro] Site Turnstile remint timed out (11465ms)
--- helper respawn 2026-08-05T20:57:55Z (p-queue assist for w7) ---
[w4:ij:pro] IP mode=tor
[w4:ij:pro] Cleaned 1 old rotated profile(s)
[w4:ij:pro] Starting Tor gen=1 socks=127.0.0.1:19054 (try 1)
[w4:ij:pro] tor: Aug 05 15:57:57.755 [warn] Fixing permissions on directory /tmp/lll-tor-w4
[w4:ij:pro] tor: Aug 05 15:57:58.000 [notice] Bootstrapped 0% (starting): Starting
[w4:ij:pro] tor: Aug 05 15:57:59.000 [notice] Bootstrapped 5% (conn): Connecting to a relay
[w4:ij:pro] tor: Aug 05 15:57:59.000 [notice] Bootstrapped 10% (conn_done): Connected to a relay
[w4:ij:pro] tor: Aug 05 15:57:59.000 [notice] Bootstrapped 14% (handshake): Handshaking with a relay
[w4:ij:pro] tor: Aug 05 15:58:04.000 [notice] Bootstrapped 15% (handshake_done): Handshake with a relay done
[w4:ij:pro] tor: Aug 05 15:58:04.000 [notice] Bootstrapped 20% (onehop_create): Establishing an encrypted directory connection
[w4:ij:pro] tor: Aug 05 15:58:05.000 [notice] Bootstrapped 25% (requesting_status): Asking for networkstatus consensus
[w4:ij:pro] tor: Aug 05 15:58:05.000 [notice] Bootstrapped 30% (loading_status): Loading networkstatus consensus
[w4:ij:pro] tor: Aug 05 15:58:07.000 [notice] Bootstrapped 40% (loading_keys): Loading authority key certs
[w4:ij:pro] tor: Aug 05 15:58:08.000 [notice] Bootstrapped 45% (requesting_descriptors): Asking for relay descriptors
Aug 05 15:58:08.000 [notice] I learned some more directory 
[w4:ij:pro] tor: Aug 05 15:58:09.000 [notice] Bootstrapped 50% (loading_descriptors): Loading relay descriptors

--- p-helper start 2026-08-05T21:02:34.376Z queue=131 ---
[w4:ij:pro] IP mode=tor
[w4:ij:pro] Starting Tor gen=1 socks=127.0.0.1:19054 (try 1)
[w4:ij:pro] tor: Aug 05 16:02:38.012 [notice] Opening Socks listener on 127.0.0.1:19054
Aug 05 16:02:38.012 [notice] Opened Socks listener connection (ready) on 127.0.0.1:19054

[w4:ij:pro] tor: Aug 05 16:02:38.000 [notice] Bootstrapped 0% (starting): Starting
[w4:ij:pro] tor: Aug 05 16:02:39.000 [notice] Bootstrapped 5% (conn): Connecting to a relay
[w4:ij:pro] tor: Aug 05 16:02:39.000 [notice] Bootstrapped 10% (conn_done): Connected to a relay
[w4:ij:pro] tor: Aug 05 16:02:43.000 [notice] Bootstrapped 14% (handshake): Handshaking with a relay
[w4:ij:pro] tor: Aug 05 16:02:43.000 [notice] Bootstrapped 15% (handshake_done): Handshake with a relay done
Aug 05 16:02:43.000 [notice] Bootstrapped 20% (onehop_create): Estab
[w4:ij:pro] tor: Aug 05 16:02:43.000 [notice] Bootstrapped 25% (requesting_status): Asking for networkstatus consensus
[w4:ij:pro] tor: Aug 05 16:02:44.000 [notice] Bootstrapped 30% (loading_status): Loading networkstatus consensus
[w4:ij:pro] tor: Aug 05 16:02:46.000 [notice] Bootstrapped 40% (loading_keys): Loading authority key certs
[w4:ij:pro] tor: Aug 05 16:02:47.000 [notice] Bootstrapped 45% (requesting_descriptors): Asking for relay descriptors
Aug 05 16:02:47.000 [notice] I learned some more directory 
[w4:ij:pro] tor: Aug 05 16:02:49.000 [notice] Bootstrapped 50% (loading_descriptors): Loading relay descriptors

--- p-helper start 2026-08-05T21:04:36.286Z queue=131 ---
[w4:ij:pro] IP mode=list
[w4:ij:pro] Launching persistent Chrome profile /tmp/lll-pw-w4-r0
[w4:ij:pro] Proxy list#5 socks5://102.0.14.42:1080
[w4:ij:pro] Opening https://lastletterlibrary.com
[w4:ij:pro] Library mode=pro
[w4:ij:pro] Managed Turnstile token (len=816, 13574ms, remount)
[w4:ij:pro] Search mode=direct (skip UI Wait Ns… gate)
[w4:ij:pro] Loaded 2945 prefixes, 20544 words; queue=131
[w4:ij:pro] Searching "plac" | queue=130 | words=20544
[w4:ij:pro] [api] 200 mode=pro startsWith=plac
[w4:ij:pro] [api] 200 mode=pro startsWith=plac (1466ms direct)
[w4:ij:pro] "plac" → 100 records, 100 words
[w4:ij:pro] Pacing 12s before "plac" (gap=15500ms)
[w4:ij:pro] Managed Turnstile token (len=816, 10544ms, reset)
[w4:ij:pro] [api] 200 mode=pro startsWith=plac
[w4:ij:pro] [api] 200 mode=pro startsWith=plac sort=alphabetical:desc (868ms direct)
[w4:ij:pro] "plac" full page ends at "placidly" (next='i'); skip 22 covered groups → 6 children reverse Z→A ends at "placeholders" (lo='e' hi='u'); skip 15 middle + 43 new words
[w4:ij:pro] Saved 20,687 worker words
[w4:ij:pro] Searching "plah" | queue=135 | words=20687
[w4:ij:pro] Pacing 11s before "plah" (gap=15500ms)
[w4:ij:pro] Managed Turnstile token (len=816, 13178ms, reset)
[w4:ij:pro] [api] 200 mode=pro startsWith=plah
[w4:ij:pro] [api] 200 mode=pro startsWith=plah (839ms direct)
[w4:ij:pro] "plah" → 0 records, 0 words
[w4:ij:pro] "plah" branch complete
[w4:ij:pro] Saved 20,687 worker words
[w4:ij:pro] Searching "plam" | queue=134 | words=20687
[w4:ij:pro] Pacing 14s before "plam" (gap=15500ms)
[w4:ij:pro] Managed Turnstile token (len=816, 12405ms, reset)
[w4:ij:pro] [api] 200 mode=pro startsWith=plam
[w4:ij:pro] [api] 200 mode=pro startsWith=plam (848ms direct)
[w4:ij:pro] "plam" → 0 records, 0 words
[w4:ij:pro] "plam" branch complete
[w4:ij:pro] Saved 20,687 worker words
[w4:ij:pro] Searching "plar" | queue=133 | words=20687
[w4:ij:pro] Pacing 14s before "plar" (gap=15500ms)
[w4:ij:pro] heartbeat words=20687 queue=133 rotation=0 idle=10s
[w4:ij:pro] Managed Turnstile token (len=816, 12395ms, reset)
[w4:ij:pro] [api] 200 mode=pro startsWith=plar
[w4:ij:pro] [api] 200 mode=pro startsWith=plar (930ms direct)
[w4:ij:pro] "plar" → 0 records, 0 words
[w4:ij:pro] "plar" branch complete
[w4:ij:pro] Saved 20,687 worker words
[w4:ij:pro] Searching "plaw" | queue=132 | words=20687
[w4:ij:pro] Pacing 14s before "plaw" (gap=15500ms)
[w4:ij:pro] Managed Turnstile token (len=816, 7965ms, reset)
[w4:ij:pro] [api] 200 mode=pro startsWith=plaw
[w4:ij:pro] [api] 200 mode=pro startsWith=plaw (995ms direct)
[w4:ij:pro] "plaw" → 0 records, 0 words
[w4:ij:pro] "plaw" branch complete
[w4:ij:pro] Saved 20,687 worker words
[w4:ij:pro] Searching "plec" | queue=131 | words=20687
[w4:ij:pro] Pacing 15s before "plec" (gap=15500ms)
[w4:ij:pro] Managed Turnstile token (len=816, 7546ms, reset)
[w4:ij:pro] [api] 200 mode=pro startsWith=plec
[w4:ij:pro] [api] 200 mode=pro startsWith=plec (803ms direct)
[w4:ij:pro] "plec" → 31 records, 31 words
[w4:ij:pro] "plec" branch complete
[w4:ij:pro] Saved 20,718 worker words
[w4:ij:pro] Searching "pleh" | queue=130 | words=20718
[w4:ij:pro] Pacing 15s before "pleh" (gap=15500ms)
[w4:ij:pro] Managed Turnstile token (len=816, 9393ms, reset)
[w4:ij:pro] [api] 200 mode=pro startsWith=pleh
[w4:ij:pro] [api] 200 mode=pro startsWith=pleh (802ms direct)
[w4:ij:pro] "pleh" → 0 records, 0 words
[w4:ij:pro] "pleh" branch complete
[w4:ij:pro] Saved 20,718 worker words
[w4:ij:pro] Searching "plem" | queue=129 | words=20718
[w4:ij:pro] Pacing 15s before "plem" (gap=15500ms)
[w4:ij:pro] Managed Turnstile token (len=816, 7475ms, remount)
[w4:ij:pro] heartbeat words=20718 queue=129 rotation=0 idle=1s
[w4:ij:pro] [api] 200 mode=pro startsWith=plem
[w4:ij:pro] [api] 200 mode=pro startsWith=plem (926ms direct)
[w4:ij:pro] "plem" → 2 records, 2 words
[w4:ij:pro] "plem" branch complete
[w4:ij:pro] Saved 20,720 worker words; shared last.txt now 357,405
[w4:ij:pro] Searching "pler" | queue=128 | words=20720
[w4:ij:pro] Pacing 4s before "pler" (gap=15500ms)
[w4:ij:pro] Turnstile token present (len=816)
[w4:ij:pro] Site Turnstile token (20000ms)
[w4:ij:pro] [api] 200 mode=pro startsWith=pler
[w4:ij:pro] [api] 200 mode=pro startsWith=pler (1148ms direct)
[w4:ij:pro] "pler" → 19 records, 19 words
[w4:ij:pro] "pler" branch complete
[w4:ij:pro] Saved 20,739 worker words
[w4:ij:pro] Searching "plit" | queue=127 | words=20739
[w4:ij:pro] Pacing 12s before "plit" (gap=15500ms)
[w4:ij:pro] Turnstile token present (len=816)
[w4:ij:pro] Site Turnstile token (24138ms)
[w4:ij:pro] [api] 200 mode=pro startsWith=plit
[w4:ij:pro] [api] 200 mode=pro startsWith=plit (828ms direct)
[w4:ij:pro] "plit" → 2 records, 2 words
[w4:ij:pro] "plit" branch complete
[w4:ij:pro] Saved 20,741 worker words
[w4:ij:pro] Searching "pliy" | queue=126 | words=20741
[w4:ij:pro] Pacing 15s before "pliy" (gap=15500ms)
[w4:ij:pro] heartbeat words=20741 queue=126 rotation=0 idle=5s
[w4:ij:pro] Turnstile token present (len=816)
[w4:ij:pro] Site Turnstile token (22225ms)
[w4:ij:pro] [api] 200 mode=pro startsWith=pliy
[w4:ij:pro] [api] 200 mode=pro startsWith=pliy (832ms direct)
[w4:ij:pro] "pliy" → 0 records, 0 words
[w4:ij:pro] "pliy" branch complete
[w4:ij:pro] Saved 20,741 worker words
[w4:ij:pro] Searching "ploz" | queue=125 | words=20741
[w4:ij:pro] Pacing 12s before "ploz" (gap=15500ms)

--- p-helper start 2026-08-05T21:09:50.737Z queue=126 ---
[w4:ij:pro] IP mode=list
[w4:ij:pro] Cleaned 1 old rotated profile(s)
[w4:ij:pro] Launching persistent Chrome profile /tmp/lll-pw-w4-r0
[w4:ij:pro] Proxy list#5 socks5://102.0.14.42:1080
[w4:ij:pro] Opening https://lastletterlibrary.com
[w4:ij:pro] page.goto failed attempt 1: page.goto: net::ERR_TIMED_OUT at https://lastletterlibrary.com/
Call log:
  - navigating to "https://lastletterlibrary.c
[w4:ij:pro] page.goto failed attempt 2: page.goto: net::ERR_SOCKS_CONNECTION_FAILED at https://lastletterlibrary.com/
Call log:
  - navigating to "https://lastl
[w4:ij:pro] page.goto failed attempt 3: page.goto: net::ERR_TIMED_OUT at https://lastletterlibrary.com/
Call log:
  - navigating to "https://lastletterlibrary.c
[w4:ij:pro] Launch failed attempt 1: page.goto: net::ERR_TIMED_OUT at https://lastletterlibrary.com/
Call log:
  - navigating to "https://lastletterlibrary.com/", waiting until "domcontentloaded"

[w4:ij:pro] Rotating IP (#1, try 1) after launch: page.goto: net::ERR_TIMED_OUT at https://lastletterlibrary.c → list#6 socks5://102.36.127.231:1080
[w4:ij:pro] Launching persistent Chrome profile /tmp/lll-pw-w4-r1
[w4:ij:pro] Proxy list#6 socks5://102.36.127.231:1080
[w4:ij:pro] Opening https://lastletterlibrary.com
[w4:ij:pro] page.goto failed attempt 1: page.goto: net::ERR_TIMED_OUT at https://lastletterlibrary.com/
Call log:
  - navigating to "https://lastletterlibrary.c

--- p-helper daemon start 2026-08-05T21:13:22Z queue=126 ---
[w4:ij:pro] IP mode=list
[w4:ij:pro] Cleaned 2 old rotated profile(s)
[w4:ij:pro] Launching persistent Chrome profile /tmp/lll-pw-w4-r0
[w4:ij:pro] Proxy list#5 socks5://102.0.14.42:1080
[w4:ij:pro] Opening https://lastletterlibrary.com
[w4:ij:pro] Library mode=pro
[w4:ij:pro] Search mode=direct (skip UI Wait Ns… gate)
[w4:ij:pro] Loaded 2978 prefixes, 20741 words; queue=126
[w4:ij:pro] Searching "ploz" | queue=125 | words=20741
[w4:ij:pro] heartbeat words=20741 queue=125 rotation=0 idle=60s
[w4:ij:pro] heartbeat words=20741 queue=125 rotation=0 idle=120s
[w4:ij:pro] Failed "ploz" attempt 1: No Turnstile token for direct search
[w4:ij:pro] Saved 20,741 worker words
[w4:ij:pro] Turnstile miss — soft reload before rotate
[w4:ij:pro] Soft reload mint failed — rotating immediately
[w4:ij:pro] Rotating IP (#1, try 1) after No Turnstile token for direct search → list#6 socks5://102.36.127.231:1080
[w4:ij:pro] Launching persistent Chrome profile /tmp/lll-pw-w4-r1
[w4:ij:pro] Proxy list#6 socks5://102.36.127.231:1080
[w4:ij:pro] Opening https://lastletterlibrary.com
[w4:ij:pro] page.goto failed attempt 1: page.goto: net::ERR_TIMED_OUT at https://lastletterlibrary.com/
Call log:
  - navigating to "https://lastletterlibrary.c
[w4:ij:pro] heartbeat words=20741 queue=126 rotation=1 idle=5s
[w4:ij:pro] page.goto failed attempt 2: page.goto: net::ERR_TIMED_OUT at https://lastletterlibrary.com/
Call log:
  - navigating to "https://lastletterlibrary.c
[w4:ij:pro] page.goto failed attempt 3: page.goto: net::ERR_TIMED_OUT at https://lastletterlibrary.com/
Call log:
  - navigating to "https://lastletterlibrary.c
[w4:ij:pro] heartbeat words=20741 queue=126 rotation=1 idle=2s
[w4:ij:pro] rotateIp attempt 1 failed: page.goto: net::ERR_TIMED_OUT at https://lastletterlibrary.com/
Call log:
  - navigating to "https://lastletterlibrary.com/", waiting until "domcontentloaded"

[w4:ij:pro] Rotating IP (#2, try 2) after No Turnstile token for direct search → list#7 socks5://102.69.146.59:7080
[w4:ij:pro] Launching persistent Chrome profile /tmp/lll-pw-w4-r2
[w4:ij:pro] Proxy list#7 socks5://102.69.146.59:7080
[w4:ij:pro] Opening https://lastletterlibrary.com
[w4:ij:pro] page.goto failed attempt 1: page.goto: net::ERR_TIMED_OUT at https://lastletterlibrary.com/
Call log:
  - navigating to "https://lastletterlibrary.c
[w4:ij:pro] heartbeat words=20741 queue=126 rotation=2 idle=22s
[w4:ij:pro] page.goto failed attempt 2: page.goto: net::ERR_TIMED_OUT at https://lastletterlibrary.com/
Call log:
  - navigating to "https://lastletterlibrary.c
[w4:ij:pro] heartbeat words=20741 queue=126 rotation=2 idle=49s
[w4:ij:pro] Library mode=pro
[w4:ij:pro] Turnstile mint hard timeout after 28000ms
[w4:ij:pro] Search mode=direct (skip UI Wait Ns… gate)
[w4:ij:pro] Cleaned 2 old rotated profile(s)
[w4:ij:pro] Searching "ploz" | queue=125 | words=20741
[w4:ij:pro] Site Turnstile remint timed out (35099ms)
[w4:ij:pro] heartbeat words=20741 queue=125 rotation=2 idle=17s
[w4:ij:pro] Site Turnstile remint timed out (26117ms)
[w4:ij:pro] Site Turnstile remint timed out (22868ms)
[w4:ij:pro] Site Turnstile remint timed out (22315ms)
[w4:ij:pro] heartbeat words=20741 queue=125 rotation=2 idle=13s
[w4:ij:pro] Site Turnstile remint timed out (22318ms)
[w4:ij:pro] Site Turnstile remint timed out (22293ms)
[w4:ij:pro] Failed "ploz" attempt 1: No Turnstile token for direct search
[w4:ij:pro] Saved 20,741 worker words
[w4:ij:pro] Turnstile miss — soft reload before rotate
[w4:ij:pro] Site Turnstile remint timed out (9583ms)
[w4:ij:pro] Soft reload mint failed — rotating immediately
[w4:ij:pro] Rotating IP (#3, try 1) after No Turnstile token for direct search → list#8 socks5://103.1.224.34:18080
[w4:ij:pro] Launching persistent Chrome profile /tmp/lll-pw-w4-r3
[w4:ij:pro] Proxy list#8 socks5://103.1.224.34:18080
[w4:ij:pro] heartbeat words=20741 queue=126 rotation=3 idle=0s
[w4:ij:pro] Opening https://lastletterlibrary.com
[w4:ij:pro] page.goto failed attempt 1: page.goto: net::ERR_SOCKS_CONNECTION_FAILED at https://lastletterlibrary.com/
Call log:
  - navigating to "https://lastl
[w4:ij:pro] page.goto failed attempt 2: page.goto: net::ERR_SOCKS_CONNECTION_FAILED at https://lastletterlibrary.com/
Call log:
  - navigating to "https://lastl
[w4:ij:pro] page.goto failed attempt 3: page.goto: net::ERR_SOCKS_CONNECTION_FAILED at https://lastletterlibrary.com/
Call log:
  - navigating to "https://lastl
[w4:ij:pro] rotateIp attempt 1 failed: page.goto: net::ERR_SOCKS_CONNECTION_FAILED at https://lastletterlibrary.com/
Call log:
  - navigating to "https://lastletterlibrary.com/", waiting until "domco
[w4:ij:pro] Rotating IP (#4, try 2) after No Turnstile token for direct search → list#9 socks5://103.111.136.82:8199
[w4:ij:pro] Launching persistent Chrome profile /tmp/lll-pw-w4-r4
[w4:ij:pro] Proxy list#9 socks5://103.111.136.82:8199
[w4:ij:pro] Opening https://lastletterlibrary.com
[w4:ij:pro] page.goto failed attempt 1: page.goto: net::ERR_TIMED_OUT at https://lastletterlibrary.com/
Call log:
  - navigating to "https://lastletterlibrary.c
[w4:ij:pro] heartbeat words=20741 queue=126 rotation=4 idle=12s
[w4:ij:pro] Library mode=pro
[w4:ij:pro] Search mode=direct (skip UI Wait Ns… gate)
[w4:ij:pro] Cleaned 2 old rotated profile(s)
[w4:ij:pro] Searching "ploz" | queue=125 | words=20741
[w4:ij:pro] heartbeat words=20741 queue=125 rotation=4 idle=19s
[w4:ij:pro] heartbeat words=20741 queue=125 rotation=4 idle=79s
[w4:ij:pro] Failed "ploz" attempt 1: No Turnstile token for direct search
[w4:ij:pro] Saved 20,741 worker words
[w4:ij:pro] Turnstile miss — soft reload before rotate
[w4:ij:pro] heartbeat words=20741 queue=126 rotation=4 idle=14s
[w4:ij:pro] Soft reload mint failed — rotating immediately
[w4:ij:pro] Rotating IP (#5, try 1) after No Turnstile token for direct search → list#10 socks5://103.121.120.242:1080
[w4:ij:pro] Launching persistent Chrome profile /tmp/lll-pw-w4-r5
[w4:ij:pro] Proxy list#10 socks5://103.121.120.242:1080
[w4:ij:pro] Opening https://lastletterlibrary.com
[w4:ij:pro] heartbeat words=20741 queue=126 rotation=5 idle=20s
[w4:ij:pro] page.goto failed attempt 1: page.goto: net::ERR_TIMED_OUT at https://lastletterlibrary.com/
Call log:
  - navigating to "https://lastletterlibrary.c
[w4:ij:pro] page.goto failed attempt 2: page.goto: net::ERR_SOCKS_CONNECTION_FAILED at https://lastletterlibrary.com/
Call log:
  - navigating to "https://lastl
[w4:ij:pro] page.goto failed attempt 3: page.goto: net::ERR_SOCKS_CONNECTION_FAILED at https://lastletterlibrary.com/
Call log:
  - navigating to "https://lastl
[w4:ij:pro] rotateIp attempt 1 failed: page.goto: net::ERR_SOCKS_CONNECTION_FAILED at https://lastletterlibrary.com/
Call log:
  - navigating to "https://lastletterlibrary.com/", waiting until "domco
[w4:ij:pro] Rotating IP (#6, try 2) after No Turnstile token for direct search → list#11 socks5://103.134.220.49:1080
[w4:ij:pro] Launching persistent Chrome profile /tmp/lll-pw-w4-r6
[w4:ij:pro] Proxy list#11 socks5://103.134.220.49:1080
[w4:ij:pro] Opening https://lastletterlibrary.com
[w4:ij:pro] Library mode=pro
[w4:ij:pro] heartbeat words=20741 queue=126 rotation=6 idle=3s
[w4:ij:pro] Search mode=direct (skip UI Wait Ns… gate)
[w4:ij:pro] Cleaned 2 old rotated profile(s)
[w4:ij:pro] Searching "ploz" | queue=125 | words=20741
[w4:ij:pro] heartbeat words=20741 queue=125 rotation=6 idle=58s
[w4:ij:pro] heartbeat words=20741 queue=125 rotation=6 idle=118s
[w4:ij:pro] Failed "ploz" attempt 1: No Turnstile token for direct search
[w4:ij:pro] Saved 20,741 worker words
[w4:ij:pro] Turnstile miss — soft reload before rotate
[w4:ij:pro] Soft reload failed: page.goto: net::ERR_TIMED_OUT at https://lastletterlibrary.com/
Call log:
  - navigating to "https://lastletterlibrary.c
[w4:ij:pro] Searching "ploz" | queue=125 | words=20741
[w4:ij:pro] heartbeat words=20741 queue=125 rotation=6 idle=20s
[w4:ij:pro] heartbeat words=20741 queue=125 rotation=6 idle=80s
[w4:ij:pro] Failed "ploz" attempt 2: No Turnstile token for direct search
[w4:ij:pro] Saved 20,741 worker words
[w4:ij:pro] Turnstile miss — soft reload before rotate
[w4:ij:pro] heartbeat words=20741 queue=126 rotation=6 idle=8s
[w4:ij:pro] Turnstile mint hard timeout after 15000ms
[w4:ij:pro] Soft reload mint failed — rotating immediately
[w4:ij:pro] Site Turnstile remint timed out (23346ms)
[w4:ij:pro] Rotating IP (#7, try 1) after No Turnstile token for direct search → list#12 socks5://103.142.255.33:69
[w4:ij:pro] Launching persistent Chrome profile /tmp/lll-pw-w4-r7
[w4:ij:pro] Proxy list#12 socks5://103.142.255.33:69
[w4:ij:pro] Opening https://lastletterlibrary.com
[w4:ij:pro] Library mode=pro
[w4:ij:pro] Search mode=direct (skip UI Wait Ns… gate)
[w4:ij:pro] Cleaned 1 old rotated profile(s)
[w4:ij:pro] Searching "ploz" | queue=125 | words=20741
[w4:ij:pro] heartbeat words=20741 queue=125 rotation=7 idle=11s
[w4:ij:pro] Managed Turnstile token (len=816, 19247ms, remount)
[w4:ij:pro] [api] 429 mode=pro startsWith=ploz
[w4:ij:pro] [api] 429 mode=pro startsWith=ploz (577ms direct)
[w4:ij:pro] Learned server gap ≈ 15500ms (wait hint 9000ms)
[w4:ij:pro] Rate limited — inline wait 9000ms then retry "ploz"
[w4:ij:pro] Managed Turnstile token (len=816, 8776ms, reset)
[w4:ij:pro] [api] 429 mode=pro startsWith=ploz
[w4:ij:pro] [api] 429 mode=pro startsWith=ploz (861ms direct)
[w4:ij:pro] Learned server gap ≈ 15500ms (wait hint 14000ms)
[w4:ij:pro] Failed "ploz" attempt 2: API 429 for "ploz": wait 13s — {"message":"Too many requests. Please wait 13 seconds."}
[w4:ij:pro] Saved 20,741 worker words
[w4:ij:pro] Rate limited — waiting 14000 ms before retry
[w4:ij:pro] Managed Turnstile token (len=816, 10046ms, reset)
[w4:ij:pro] Searching "ploz" | queue=125 | words=20741
[w4:ij:pro] [api] 429 mode=pro startsWith=ploz
[w4:ij:pro] [api] 429 mode=pro startsWith=ploz (574ms direct)
[w4:ij:pro] Learned server gap ≈ 16205ms (wait hint 15000ms)
[w4:ij:pro] Rate limited — inline wait 15000ms then retry "ploz"
[w4:ij:pro] Managed Turnstile token (len=816, 10613ms, reset)
[w4:ij:pro] [api] 200 mode=pro startsWith=ploz
[w4:ij:pro] [api] 200 mode=pro startsWith=ploz (906ms direct)
[w4:ij:pro] "ploz" → 0 records, 0 words
[w4:ij:pro] "ploz" branch complete
[w4:ij:pro] Saved 20,741 worker words
[w4:ij:pro] Searching "pluq" | queue=124 | words=20741
[w4:ij:pro] Pacing 15s before "pluq" (gap=16205ms)
[w4:ij:pro] heartbeat words=20741 queue=124 rotation=7 idle=6s
[w4:ij:pro] Managed Turnstile token (len=816, 10133ms, reset)
[w4:ij:pro] [api] 200 mode=pro startsWith=pluq
[w4:ij:pro] [api] 200 mode=pro startsWith=pluq (1250ms direct)
[w4:ij:pro] "pluq" → 0 records, 0 words
[w4:ij:pro] "pluq" branch complete
[w4:ij:pro] Saved 20,741 worker words; shared last.txt now 362,977
[w4:ij:pro] Searching "plux" | queue=123 | words=20741
[w4:ij:pro] Pacing 7s before "plux" (gap=16205ms)
[w4:ij:pro] Managed Turnstile token (len=816, 12659ms, reset)
[w4:ij:pro] [api] 200 mode=pro startsWith=plux
[w4:ij:pro] [api] 200 mode=pro startsWith=plux (862ms direct)
[w4:ij:pro] "plux" → 0 records, 0 words
[w4:ij:pro] "plux" branch complete
[w4:ij:pro] Saved 20,741 worker words
[w4:ij:pro] Searching "pnew" | queue=122 | words=20741
[w4:ij:pro] Pacing 14s before "pnew" (gap=16205ms)
[w4:ij:pro] Managed Turnstile token (len=816, 17577ms, reset)
[w4:ij:pro] [api] 200 mode=pro startsWith=pnew
[w4:ij:pro] [api] 200 mode=pro startsWith=pnew (893ms direct)
[w4:ij:pro] "pnew" → 0 records, 0 words
[w4:ij:pro] "pnew" branch complete
[w4:ij:pro] Saved 20,741 worker words
[w4:ij:pro] Searching "podz" | queue=121 | words=20741
[w4:ij:pro] Pacing 14s before "podz" (gap=16205ms)
[w4:ij:pro] heartbeat words=20741 queue=121 rotation=7 idle=12s
[w4:ij:pro] Managed Turnstile token (len=816, 14676ms, reset)
[w4:ij:pro] [api] 200 mode=pro startsWith=podz
[w4:ij:pro] [api] 200 mode=pro startsWith=podz (875ms direct)
[w4:ij:pro] "podz" → 15 records, 15 words
[w4:ij:pro] "podz" branch complete
[w4:ij:pro] Saved 20,756 worker words
[w4:ij:pro] Searching "poex" | queue=120 | words=20756
[w4:ij:pro] Pacing 14s before "poex" (gap=16205ms)
[w4:ij:pro] Managed Turnstile token (len=816, 16399ms, remount)
[w4:ij:pro] [api] 200 mode=pro startsWith=poex
[w4:ij:pro] [api] 200 mode=pro startsWith=poex (913ms direct)
[w4:ij:pro] "poex" → 0 records, 0 words
[w4:ij:pro] "poex" branch complete
[w4:ij:pro] Saved 20,756 worker words
[w4:ij:pro] Searching "poip" | queue=119 | words=20756
[w4:ij:pro] Pacing 15s before "poip" (gap=16205ms)
[w4:ij:pro] Site Turnstile remint timed out (23160ms)
[w4:ij:pro] Managed Turnstile token (len=816, 10127ms, remount)
[w4:ij:pro] [api] 200 mode=pro startsWith=poip
[w4:ij:pro] [api] 200 mode=pro startsWith=poip (595ms direct)
[w4:ij:pro] "poip" → 0 records, 0 words
[w4:ij:pro] "poip" branch complete
[w4:ij:pro] Saved 20,756 worker words
[w4:ij:pro] Searching "poiu" | queue=118 | words=20756
[w4:ij:pro] Pacing 15s before "poiu" (gap=16205ms)
[w4:ij:pro] heartbeat words=20756 queue=118 rotation=7 idle=4s
[w4:ij:pro] Managed Turnstile token (len=816, 12539ms, reset)
[w4:ij:pro] [api] 200 mode=pro startsWith=poiu
[w4:ij:pro] [api] 200 mode=pro startsWith=poiu (848ms direct)
[w4:ij:pro] "poiu" → 0 records, 0 words
[w4:ij:pro] "poiu" branch complete
[w4:ij:pro] Saved 20,756 worker words
[w4:ij:pro] Searching "poiz" | queue=117 | words=20756
[w4:ij:pro] Pacing 15s before "poiz" (gap=16205ms)
[w4:ij:pro] Managed Turnstile token (len=816, 11918ms, reset)
[w4:ij:pro] [api] 200 mode=pro startsWith=poiz
[w4:ij:pro] [api] 200 mode=pro startsWith=poiz (842ms direct)
[w4:ij:pro] "poiz" → 0 records, 0 words
[w4:ij:pro] "poiz" branch complete
[w4:ij:pro] Saved 20,756 worker words
[w4:ij:pro] Searching "poli" | queue=116 | words=20756
[w4:ij:pro] Pacing 15s before "poli" (gap=16205ms)
[w4:ij:pro] Managed Turnstile token (len=816, 16417ms, reset)
[w4:ij:pro] [api] 200 mode=pro startsWith=poli
[w4:ij:pro] [api] 200 mode=pro startsWith=poli (797ms direct)
[w4:ij:pro] "poli" → 100 records, 100 words
[w4:ij:pro] Pacing 15s before "poli" (gap=16205ms)
[w4:ij:pro] heartbeat words=20856 queue=116 rotation=7 idle=14s
[w4:ij:pro] Site Turnstile remint timed out (23398ms)
[w4:ij:pro] Turnstile token present (len=816)
[w4:ij:pro] Site Turnstile token (24796ms)
[w4:ij:pro] [api] 200 mode=pro startsWith=poli
[w4:ij:pro] [api] 200 mode=pro startsWith=poli sort=alphabetical:desc (832ms direct)
[w4:ij:pro] "poli" full page ends at "politer" (next='t'); skip 27 covered groups → 1 children reverse Z→A ends at "polios" (lo='o' hi='z'); skip 10 middle + 64 new words
[w4:ij:pro] Saved 20,920 worker words; shared last.txt now 363,857
[w4:ij:pro] Searching "poln" | queue=116 | words=20920
[w4:ij:pro] Pacing 14s before "poln" (gap=16205ms)
[w4:ij:pro] Turnstile token present (len=816)
[w4:ij:pro] Site Turnstile token (20431ms)
[w4:ij:pro] [api] 200 mode=pro startsWith=poln
[w4:ij:pro] [api] 200 mode=pro startsWith=poln (819ms direct)
[w4:ij:pro] "poln" → 0 records, 0 words
[w4:ij:pro] "poln" branch complete
[w4:ij:pro] Saved 20,920 worker words
[w4:ij:pro] Searching "pols" | queue=115 | words=20920
[w4:ij:pro] Pacing 15s before "pols" (gap=15955ms)
[w4:ij:pro] heartbeat words=20920 queue=115 rotation=7 idle=3s
[w4:ij:pro] Site Turnstile remint timed out (23146ms)
[w4:ij:pro] Site Turnstile remint timed out (23027ms)
[w4:ij:pro] Managed Turnstile token (len=816, 7152ms, remount)
[w4:ij:pro] [api] 200 mode=pro startsWith=pols
[w4:ij:pro] [api] 200 mode=pro startsWith=pols (635ms direct)
[w4:ij:pro] "pols" → 3 records, 3 words (incl. exact "pols")
[w4:ij:pro] "pols" branch complete
[w4:ij:pro] Saved 20,923 worker words
[w4:ij:pro] Searching "polx" | queue=114 | words=20923
[w4:ij:pro] Pacing 16s before "polx" (gap=15955ms)
[w4:ij:pro] Managed Turnstile token (len=816, 7132ms, reset)
[w4:ij:pro] heartbeat words=20923 queue=114 rotation=7 idle=2s
[w4:ij:pro] [api] 200 mode=pro startsWith=polx
[w4:ij:pro] [api] 200 mode=pro startsWith=polx (830ms direct)
[w4:ij:pro] "polx" → 0 records, 0 words
[w4:ij:pro] "polx" branch complete
[w4:ij:pro] Saved 20,923 worker words
[w4:ij:pro] Searching "pomy" | queue=113 | words=20923
[w4:ij:pro] Pacing 16s before "pomy" (gap=15955ms)
[w4:ij:pro] Managed Turnstile token (len=816, 8212ms, reset)
[w4:ij:pro] [api] 200 mode=pro startsWith=pomy
[w4:ij:pro] [api] 200 mode=pro startsWith=pomy (799ms direct)
[w4:ij:pro] "pomy" → 0 records, 0 words
[w4:ij:pro] "pomy" branch complete
[w4:ij:pro] Saved 20,923 worker words
[w4:ij:pro] Searching "ponh" | queue=112 | words=20923
[w4:ij:pro] Pacing 15s before "ponh" (gap=15955ms)
[w4:ij:pro] Managed Turnstile token (len=816, 7429ms, reset)
[w4:ij:pro] [api] 200 mode=pro startsWith=ponh
[w4:ij:pro] [api] 200 mode=pro startsWith=ponh (821ms direct)
[w4:ij:pro] "ponh" → 1 records, 1 words
[w4:ij:pro] "ponh" branch complete
[w4:ij:pro] Saved 20,924 worker words
[w4:ij:pro] Searching "ponm" | queue=111 | words=20924
[w4:ij:pro] Pacing 15s before "ponm" (gap=15955ms)
[w4:ij:pro] heartbeat words=20924 queue=111 rotation=7 idle=20s
[w4:ij:pro] Site Turnstile remint timed out (23661ms)
[w4:ij:pro] Turnstile token present (len=816)
[w4:ij:pro] Site Turnstile token (27226ms)
[w4:ij:pro] [api] 200 mode=pro startsWith=ponm
[w4:ij:pro] [api] 200 mode=pro startsWith=ponm (868ms direct)
[w4:ij:pro] "ponm" → 0 records, 0 words
[w4:ij:pro] "ponm" branch complete
[w4:ij:pro] Saved 20,924 worker words
[w4:ij:pro] Searching "poow" | queue=110 | words=20924
[w4:ij:pro] Pacing 15s before "poow" (gap=15955ms)
[w4:ij:pro] Turnstile mint hard timeout after 28000ms
[w4:ij:pro] heartbeat words=20924 queue=110 rotation=7 idle=0s
[w4:ij:pro] Site Turnstile remint timed out (29007ms)
[w4:ij:pro] Turnstile mint hard timeout after 28000ms
[w4:ij:pro] Turnstile mint hard timeout after 28000ms
[w4:ij:pro] heartbeat words=20924 queue=110 rotation=7 idle=4s
[w4:ij:pro] Site Turnstile remint timed out (33257ms)
[w4:ij:pro] Turnstile mint hard timeout after 28000ms
[w4:ij:pro] Failed "poow" attempt 1: No Turnstile token for direct search
[w4:ij:pro] Saved 20,924 worker words
[w4:ij:pro] Turnstile miss — soft reload before rotate
[w4:ij:pro] Site Turnstile remint timed out (56710ms)
[w4:ij:pro] Site Turnstile remint timed out (113455ms)
[w4:ij:pro] Site Turnstile remint timed out (10779ms)
[w4:ij:pro] Soft reload mint failed — rotating immediately
[w4:ij:pro] heartbeat words=20924 queue=111 rotation=8 idle=1s
[w4:ij:pro] Rotating IP (#8, try 1) after No Turnstile token for direct search → list#13 socks5://103.153.159.217:80
[w4:ij:pro] Launching persistent Chrome profile /tmp/lll-pw-w4-r8
[w4:ij:pro] Proxy list#13 socks5://103.153.159.217:80
[w4:ij:pro] Opening https://lastletterlibrary.com
[w4:ij:pro] page.goto failed attempt 1: page.goto: net::ERR_CONNECTION_RESET at https://lastletterlibrary.com/
Call log:
  - navigating to "https://lastletterli
[w4:ij:pro] page.goto failed attempt 2: page.goto: net::ERR_CONNECTION_RESET at https://lastletterlibrary.com/
Call log:
  - navigating to "https://lastletterli
[w4:ij:pro] page.goto failed attempt 3: page.goto: net::ERR_CONNECTION_RESET at https://lastletterlibrary.com/
Call log:
  - navigating to "https://lastletterli
[w4:ij:pro] rotateIp attempt 1 failed: page.goto: net::ERR_CONNECTION_RESET at https://lastletterlibrary.com/
Call log:
  - navigating to "https://lastletterlibrary.com/", waiting until "domcontentlo
[w4:ij:pro] Rotating IP (#9, try 2) after No Turnstile token for direct search → list#14 socks5://103.155.62.130:1080
[w4:ij:pro] Launching persistent Chrome profile /tmp/lll-pw-w4-r9
[w4:ij:pro] Proxy list#14 socks5://103.155.62.130:1080
[w4:ij:pro] Opening https://lastletterlibrary.com
[w4:ij:pro] heartbeat words=20924 queue=111 rotation=9 idle=38s
[w4:ij:pro] Library mode=pro
[w4:ij:pro] Search mode=direct (skip UI Wait Ns… gate)
[w4:ij:pro] Cleaned 2 old rotated profile(s)
[w4:ij:pro] Searching "poow" | queue=110 | words=20924
[w4:ij:pro] heartbeat words=20924 queue=110 rotation=9 idle=43s
[w4:ij:pro] heartbeat words=20924 queue=110 rotation=9 idle=103s
[w4:ij:pro] Failed "poow" attempt 1: No Turnstile token for direct search
[w4:ij:pro] Saved 20,924 worker words; shared last.txt now 365,957
[w4:ij:pro] Turnstile miss — soft reload before rotate
[w4:ij:pro] heartbeat words=20924 queue=111 rotation=9 idle=32s
[w4:ij:pro] Soft reload failed: page.goto: net::ERR_TIMED_OUT at https://lastletterlibrary.com/
Call log:
  - navigating to "https://lastletterlibrary.c
[w4:ij:pro] Searching "poow" | queue=110 | words=20924
[w4:ij:pro] heartbeat words=20924 queue=110 rotation=9 idle=58s
[w4:ij:pro] Custom Search panel missing (attempt 1); retrying
[w4:ij:pro] heartbeat words=20924 queue=110 rotation=9 idle=44s
[w4:ij:pro] Custom Search panel missing (attempt 2); retrying
[w4:ij:pro] Custom Search panel missing (attempt 3); retrying
[w4:ij:pro] heartbeat words=20924 queue=110 rotation=9 idle=10s
[w4:ij:pro] Failed "poow" attempt 2: page.reload: net::ERR_TIMED_OUT
Call log:
  - waiting for navigation until "domcontentloaded"

[w4:ij:pro] Saved 20,924 worker words
[w4:ij:pro] Rotating IP (#10, try 1) after page.reload: net::ERR_TIMED_OUT
Call log:
  - waiting for navigation until "domc → list#15 socks5://103.157.78.22:8199
[w4:ij:pro] Launching persistent Chrome profile /tmp/lll-pw-w4-r10
[w4:ij:pro] Proxy list#15 socks5://103.157.78.22:8199
[w4:ij:pro] Opening https://lastletterlibrary.com
[w4:ij:pro] heartbeat words=20924 queue=111 rotation=10 idle=32s
[w4:ij:pro] page.goto failed attempt 1: page.goto: net::ERR_TIMED_OUT at https://lastletterlibrary.com/
Call log:
  - navigating to "https://lastletterlibrary.c
[w4:ij:pro] Library mode=pro
[w4:ij:pro] Search mode=direct (skip UI Wait Ns… gate)
[w4:ij:pro] Cleaned 1 old rotated profile(s)
[w4:ij:pro] Searching "poow" | queue=110 | words=20924
[w4:ij:pro] heartbeat words=20924 queue=110 rotation=10 idle=6s
[w4:ij:pro] heartbeat words=20924 queue=110 rotation=10 idle=66s
[w4:ij:pro] Failed "poow" attempt 2: No Turnstile token for direct search
[w4:ij:pro] Saved 20,924 worker words
[w4:ij:pro] Turnstile miss — soft reload before rotate
[w4:ij:pro] heartbeat words=20924 queue=111 rotation=10 idle=2s
[w4:ij:pro] Soft reload failed: page.goto: net::ERR_TIMED_OUT at https://lastletterlibrary.com/
Call log:
  - navigating to "https://lastletterlibrary.c
[w4:ij:pro] Rotating IP (#11, try 1) after No Turnstile token for direct search → list#16 socks5://103.162.57.42:1080
[w4:ij:pro] Launching persistent Chrome profile /tmp/lll-pw-w4-r11
[w4:ij:pro] Proxy list#16 socks5://103.162.57.42:1080
[w4:ij:pro] Opening https://lastletterlibrary.com
[w4:ij:pro] heartbeat words=20924 queue=111 rotation=11 idle=25s
[w4:ij:pro] Library mode=pro
[w4:ij:pro] Search mode=direct (skip UI Wait Ns… gate)
[w4:ij:pro] Cleaned 1 old rotated profile(s)
[w4:ij:pro] Searching "poow" | queue=110 | words=20924
[w4:ij:pro] heartbeat words=20924 queue=110 rotation=11 idle=31s
[w4:ij:pro] heartbeat words=20924 queue=110 rotation=11 idle=91s
[w4:ij:pro] Failed "poow" attempt 2: No Turnstile token for direct search
[w4:ij:pro] Saved 20,924 worker words
[w4:ij:pro] Turnstile miss — soft reload before rotate
[w4:ij:pro] heartbeat words=20924 queue=111 rotation=11 idle=29s
[w4:ij:pro] Soft reload failed: page.goto: net::ERR_TIMED_OUT at https://lastletterlibrary.com/
Call log:
  - navigating to "https://lastletterlibrary.c
[w4:ij:pro] Rotating IP (#12, try 1) after No Turnstile token for direct search → list#17 socks5://103.165.128.75:1080
[w4:ij:pro] Launching persistent Chrome profile /tmp/lll-pw-w4-r12
[w4:ij:pro] Proxy list#17 socks5://103.165.128.75:1080
[w4:ij:pro] Opening https://lastletterlibrary.com
[w4:ij:pro] Library mode=pro
[w4:ij:pro] Search mode=direct (skip UI Wait Ns… gate)
[w4:ij:pro] Cleaned 1 old rotated profile(s)
[w4:ij:pro] Searching "poow" | queue=110 | words=20924
[w4:ij:pro] heartbeat words=20924 queue=110 rotation=12 idle=2s
[w4:ij:pro] Managed Turnstile token (len=816, 14953ms, remount)
[w4:ij:pro] [api] 200 mode=pro startsWith=poow
[w4:ij:pro] [api] 200 mode=pro startsWith=poow (853ms direct)
[w4:ij:pro] "poow" → 0 records, 0 words
[w4:ij:pro] "poow" branch complete
[w4:ij:pro] Saved 20,924 worker words
[w4:ij:pro] Searching "popw" | queue=109 | words=20924
[w4:ij:pro] Pacing 13s before "popw" (gap=15955ms)
[w4:ij:pro] Managed Turnstile token (len=816, 7116ms, reset)
[w4:ij:pro] [api] 200 mode=pro startsWith=popw
[w4:ij:pro] [api] 200 mode=pro startsWith=popw (660ms direct)
[w4:ij:pro] "popw" → 1 records, 1 words
[w4:ij:pro] "popw" branch complete
[w4:ij:pro] Saved 20,925 worker words
[w4:ij:pro] Searching "porj" | queue=108 | words=20925
[w4:ij:pro] Pacing 15s before "porj" (gap=15955ms)
[w4:ij:pro] Managed Turnstile token (len=816, 8747ms, reset)
[w4:ij:pro] [api] 200 mode=pro startsWith=porj
[w4:ij:pro] [api] 200 mode=pro startsWith=porj (862ms direct)
[w4:ij:pro] "porj" → 0 records, 0 words
[w4:ij:pro] "porj" branch complete
[w4:ij:pro] Saved 20,925 worker words
[w4:ij:pro] Searching "poro" | queue=107 | words=20925
[w4:ij:pro] Pacing 14s before "poro" (gap=15955ms)
[w4:ij:pro] Managed Turnstile token (len=816, 6222ms, reset)
[w4:ij:pro] heartbeat words=20925 queue=107 rotation=12 idle=7s
[w4:ij:pro] [api] 200 mode=pro startsWith=poro
[w4:ij:pro] [api] 200 mode=pro startsWith=poro (823ms direct)
[w4:ij:pro] "poro" → 40 records, 40 words
[w4:ij:pro] "poro" branch complete
[w4:ij:pro] Saved 20,965 worker words
[w4:ij:pro] Searching "port" | queue=106 | words=20965
[w4:ij:pro] Pacing 15s before "port" (gap=15955ms)
[w4:ij:pro] Managed Turnstile token (len=816, 9959ms, reset)
[w4:ij:pro] [api] 200 mode=pro startsWith=port
[w4:ij:pro] [api] 200 mode=pro startsWith=port (615ms direct)
[w4:ij:pro] "port" → 100 records, 100 words (incl. exact "port")
[w4:ij:pro] Pacing 15s before "port" (gap=15955ms)
[w4:ij:pro] Managed Turnstile token (len=816, 9341ms, reset)
[w4:ij:pro] [api] 200 mode=pro startsWith=port
[w4:ij:pro] [api] 200 mode=pro startsWith=port sort=alphabetical:desc (768ms direct)
[w4:ij:pro] "port" full page ends at "portgreve" (next='g'); skip 20 covered groups → 8 children reverse Z→A ends at "portlandian" (lo='l' hi='y'); skip 12 middle + 100 new words
[w4:ij:pro] Saved 21,165 worker words; shared last.txt now 367,120
[w4:ij:pro] Searching "posr" | queue=113 | words=21165
[w4:ij:pro] Pacing 6s before "posr" (gap=15955ms)
[w4:ij:pro] Managed Turnstile token (len=816, 14774ms, reset)
[w4:ij:pro] [api] 200 mode=pro startsWith=posr
[w4:ij:pro] [api] 200 mode=pro startsWith=posr (573ms direct)
[w4:ij:pro] "posr" → 0 records, 0 words
[w4:ij:pro] "posr" branch complete
[w4:ij:pro] Saved 21,165 worker words
[w4:ij:pro] Searching "pote" | queue=112 | words=21165
[w4:ij:pro] Pacing 15s before "pote" (gap=15955ms)
[w4:ij:pro] heartbeat words=21165 queue=112 rotation=12 idle=9s
[w4:ij:pro] Site Turnstile remint timed out (26253ms)
[w4:ij:pro] Turnstile token present (len=816)
[w4:ij:pro] Site Turnstile token (22788ms)
[w4:ij:pro] [api] 200 mode=pro startsWith=pote
[w4:ij:pro] [api] 200 mode=pro startsWith=pote (800ms direct)
[w4:ij:pro] "pote" → 64 records, 64 words (incl. exact "pote")
[w4:ij:pro] "pote" branch complete
[w4:ij:pro] Saved 21,229 worker words
[w4:ij:pro] Searching "potj" | queue=111 | words=21229
[w4:ij:pro] Pacing 13s before "potj" (gap=15955ms)
[w4:ij:pro] heartbeat words=21229 queue=111 rotation=12 idle=17s
[w4:ij:pro] Turnstile token present (len=816)
[w4:ij:pro] Site Turnstile token (27574ms)
[w4:ij:pro] [api] 200 mode=pro startsWith=potj
[w4:ij:pro] [api] 200 mode=pro startsWith=potj (652ms direct)
[w4:ij:pro] "potj" → 3 records, 3 words
[w4:ij:pro] "potj" branch complete
[w4:ij:pro] Saved 21,232 worker words
[w4:ij:pro] Searching "poto" | queue=110 | words=21232
[w4:ij:pro] Pacing 8s before "poto" (gap=15955ms)
[w4:ij:pro] Turnstile mint hard timeout after 28000ms
[w4:ij:pro] Turnstile token present (len=816)
[w4:ij:pro] Site Turnstile token (36389ms)
[w4:ij:pro] Managed Turnstile token (len=816, 18929ms, remount)
[w4:ij:pro] [api] 200 mode=pro startsWith=poto
[w4:ij:pro] [api] 200 mode=pro startsWith=poto (597ms direct)
[w4:ij:pro] "poto" → 13 records, 13 words
[w4:ij:pro] "poto" branch complete
[w4:ij:pro] heartbeat words=21245 queue=110 rotation=12 idle=1s
[w4:ij:pro] Saved 21,245 worker words
[w4:ij:pro] Searching "pouv" | queue=109 | words=21245
[w4:ij:pro] Pacing 14s before "pouv" (gap=15955ms)
[w4:ij:pro] Managed Turnstile token (len=816, 11448ms, reset)
[w4:ij:pro] [api] 200 mode=pro startsWith=pouv
[w4:ij:pro] [api] 200 mode=pro startsWith=pouv (591ms direct)
[w4:ij:pro] "pouv" → 0 records, 0 words
[w4:ij:pro] "pouv" branch complete
[w4:ij:pro] Saved 21,245 worker words
[w4:ij:pro] Searching "powe" | queue=108 | words=21245
[w4:ij:pro] Pacing 16s before "powe" (gap=15955ms)
[w4:ij:pro] Managed Turnstile token (len=816, 6014ms, reset)
[w4:ij:pro] [api] 200 mode=pro startsWith=powe
[w4:ij:pro] [api] 200 mode=pro startsWith=powe (584ms direct)
[w4:ij:pro] "powe" → 75 records, 75 words
[w4:ij:pro] "powe" branch complete
[w4:ij:pro] Saved 21,320 worker words
[w4:ij:pro] Searching "prae" | queue=107 | words=21320
[w4:ij:pro] Pacing 16s before "prae" (gap=15955ms)
[w4:ij:pro] Managed Turnstile token (len=816, 6532ms, reset)
[w4:ij:pro] [api] 200 mode=pro startsWith=prae
[w4:ij:pro] [api] 200 mode=pro startsWith=prae (819ms direct)
[w4:ij:pro] "prae" → 100 records, 100 words
[w4:ij:pro] Pacing 14s before "prae" (gap=15955ms)
[w4:ij:pro] heartbeat words=21420 queue=107 rotation=12 idle=11s
[w4:ij:pro] Turnstile token present (len=816)
[w4:ij:pro] Site Turnstile token (20464ms)
[w4:ij:pro] [api] 200 mode=pro startsWith=prae
[w4:ij:pro] [api] 200 mode=pro startsWith=prae sort=alphabetical:desc (595ms direct)
[w4:ij:pro] "prae" full page ends at "praetorships" (next='t'); skip 27 covered groups → 1 children reverse Z→A ends at "praeacetabular" (lo='a' hi='z'); skip 24 middle + 1 new words
[w4:ij:pro] Saved 21,421 worker words
[w4:ij:pro] Searching "praj" | queue=107 | words=21421
[w4:ij:pro] Pacing 15s before "praj" (gap=15955ms)
[w4:ij:pro] Managed Turnstile token (len=816, 11280ms, remount)
[w4:ij:pro] [api] 200 mode=pro startsWith=praj
[w4:ij:pro] [api] 200 mode=pro startsWith=praj (2797ms direct)
[w4:ij:pro] "praj" → 5 records, 5 words
[w4:ij:pro] "praj" branch complete
[w4:ij:pro] Saved 21,426 worker words; shared last.txt now 367,870
[w4:ij:pro] Searching "prao" | queue=106 | words=21426
[w4:ij:pro] Pacing 13s before "prao" (gap=15955ms)
[w4:ij:pro] Managed Turnstile token (len=816, 5226ms, reset)
[w4:ij:pro] [api] 429 mode=pro startsWith=prao
[w4:ij:pro] [api] 429 mode=pro startsWith=prao (555ms direct)
[w4:ij:pro] Learned server gap ≈ 15955ms (wait hint 3000ms)
[w4:ij:pro] Rate limited — inline wait 3000ms then retry "prao"
[w4:ij:pro] Managed Turnstile token (len=816, 5153ms, reset)
[w4:ij:pro] [api] 200 mode=pro startsWith=prao
[w4:ij:pro] [api] 200 mode=pro startsWith=prao (608ms direct)
[w4:ij:pro] "prao" → 2 records, 2 words (incl. exact "prao")
[w4:ij:pro] "prao" branch complete
[w4:ij:pro] Saved 21,428 worker words
[w4:ij:pro] Searching "prat" | queue=105 | words=21428
[w4:ij:pro] Pacing 15s before "prat" (gap=15955ms)
[w4:ij:pro] Managed Turnstile token (len=816, 5972ms, reset)
[w4:ij:pro] heartbeat words=21428 queue=105 rotation=12 idle=7s
[w4:ij:pro] [api] 200 mode=pro startsWith=prat
[w4:ij:pro] [api] 200 mode=pro startsWith=prat (772ms direct)
[w4:ij:pro] "prat" → 60 records, 60 words (incl. exact "prat")
[w4:ij:pro] "prat" branch complete
[w4:ij:pro] Saved 21,488 worker words
[w4:ij:pro] Searching "prec" | queue=104 | words=21488
[w4:ij:pro] Pacing 15s before "prec" (gap=15955ms)
[w4:ij:pro] Managed Turnstile token (len=816, 11809ms, reset)
[w4:ij:pro] [api] 200 mode=pro startsWith=prec
[w4:ij:pro] [api] 200 mode=pro startsWith=prec (1274ms direct)
[w4:ij:pro] "prec" → 100 records, 100 words (incl. exact "prec")
[w4:ij:pro] Pacing 13s before "prec" (gap=15955ms)
[w4:ij:pro] Managed Turnstile token (len=816, 13300ms, reset)
[w4:ij:pro] [api] 200 mode=pro startsWith=prec
[w4:ij:pro] [api] 200 mode=pro startsWith=prec sort=alphabetical:desc (624ms direct)
[w4:ij:pro] "prec" full page ends at "precedes" (next='e'); skip 15 covered groups → 13 children reverse Z→A ends at "precordial" (lo='o' hi='y'); skip 9 middle + 100 new words
[w4:ij:pro] Saved 21,688 worker words
[w4:ij:pro] Searching "preh" | queue=116 | words=21688
[w4:ij:pro] Pacing 15s before "preh" (gap=15955ms)
[w4:ij:pro] Managed Turnstile token (len=816, 9124ms, reset)
[w4:ij:pro] [api] 200 mode=pro startsWith=preh
[w4:ij:pro] [api] 200 mode=pro startsWith=preh (764ms direct)
[w4:ij:pro] "preh" → 100 records, 100 words
[w4:ij:pro] Pacing 14s before "preh" (gap=15955ms)
[w4:ij:pro] heartbeat words=21788 queue=116 rotation=12 idle=7s
[w4:ij:pro] Turnstile token present (len=816)
[w4:ij:pro] Site Turnstile token (19480ms)
[w4:ij:pro] [api] 200 mode=pro startsWith=preh
[w4:ij:pro] [api] 200 mode=pro startsWith=preh sort=alphabetical:desc (757ms direct)
[w4:ij:pro] "preh" full page ends at "prehydration" (next='y'); skip 26 covered groups → 2 children reverse Z→A ends at "prehabs" (lo='a' hi='y'); skip 23 middle + 1 new words
[w4:ij:pro] Saved 21,789 worker words
[w4:ij:pro] Searching "prem" | queue=117 | words=21789
[w4:ij:pro] Pacing 15s before "prem" (gap=15955ms)
[w4:ij:pro] Managed Turnstile token (len=816, 14363ms, remount)
[w4:ij:pro] [api] 200 mode=pro startsWith=prem
[w4:ij:pro] [api] 200 mode=pro startsWith=prem (609ms direct)
[w4:ij:pro] "prem" → 100 records, 100 words (incl. exact "prem")
[w4:ij:pro] Pacing 15s before "prem" (gap=15955ms)
[w4:ij:pro] Site Turnstile remint timed out (25732ms)
[w4:ij:pro] heartbeat words=21889 queue=117 rotation=12 idle=5s
[w4:ij:pro] Site Turnstile remint timed out (25881ms)
[w4:ij:pro] Turnstile token present (len=816)
[w4:ij:pro] Site Turnstile token (24275ms)
[w4:ij:pro] [api] 200 mode=pro startsWith=prem
[w4:ij:pro] [api] 200 mode=pro startsWith=prem sort=alphabetical:desc (8075ms direct)
[w4:ij:pro] "prem" full page ends at "prememorandum" (next='e'); skip 15 covered groups → 13 children reverse Z→A ends at "premoistened" (lo='o' hi='y'); skip 9 middle + 100 new words
[w4:ij:pro] Saved 21,989 worker words
[w4:ij:pro] Searching "prer" | queue=129 | words=21989
[w4:ij:pro] Pacing 7s before "prer" (gap=15955ms)
[w4:ij:pro] heartbeat words=21989 queue=129 rotation=12 idle=5s
[w4:ij:pro] Managed Turnstile token (len=816, 14468ms, remount)
[w4:ij:pro] [api] 200 mode=pro startsWith=prer
[w4:ij:pro] [api] 200 mode=pro startsWith=prer (779ms direct)
[w4:ij:pro] "prer" → 100 records, 100 words
[w4:ij:pro] Pacing 15s before "prer" (gap=15955ms)
[w4:ij:pro] Turnstile token present (len=816)
[w4:ij:pro] Site Turnstile token (19187ms)
[w4:ij:pro] [api] 200 mode=pro startsWith=prer
[w4:ij:pro] [api] 200 mode=pro startsWith=prer sort=alphabetical:desc (613ms direct)
[w4:ij:pro] "prer" full page ends at "preremoval" (next='e'); skip 21 covered groups → 7 children reverse Z→A ends at "preremunerating" (lo='e' hi='u'); skip 15 middle + 100 new words
[w4:ij:pro] Saved 22,189 worker words
[w4:ij:pro] Searching "prez" | queue=135 | words=22189
[w4:ij:pro] Pacing 15s before "prez" (gap=15955ms)
[w4:ij:pro] Managed Turnstile token (len=816, 6507ms, remount)
[w4:ij:pro] [api] 200 mode=pro startsWith=prez
[w4:ij:pro] [api] 200 mode=pro startsWith=prez (578ms direct)
[w4:ij:pro] "prez" → 9 records, 9 words (incl. exact "prez")
[w4:ij:pro] "prez" branch complete
[w4:ij:pro] Saved 22,198 worker words
[w4:ij:pro] Searching "prih" | queue=134 | words=22198
[w4:ij:pro] Pacing 16s before "prih" (gap=15955ms)
[w4:ij:pro] Managed Turnstile token (len=816, 6281ms, reset)
[w4:ij:pro] heartbeat words=22198 queue=134 rotation=12 idle=8s
[w4:ij:pro] [api] 200 mode=pro startsWith=prih
[w4:ij:pro] [api] 200 mode=pro startsWith=prih (595ms direct)
[w4:ij:pro] "prih" → 0 records, 0 words
[w4:ij:pro] "prih" branch complete
[w4:ij:pro] Saved 22,198 worker words; shared last.txt now 368,863
[w4:ij:pro] Searching "prim" | queue=133 | words=22198
[w4:ij:pro] Pacing 2s before "prim" (gap=15955ms)
[w4:ij:pro] Site Turnstile remint timed out (23937ms)
[w4:ij:pro] Managed Turnstile token (len=816, 13382ms, remount)
[w4:ij:pro] [api] 200 mode=pro startsWith=prim
[w4:ij:pro] [api] 200 mode=pro startsWith=prim (570ms direct)
[w4:ij:pro] "prim" → 100 records, 100 words (incl. exact "prim")
[w4:ij:pro] Pacing 16s before "prim" (gap=15955ms)
[w4:ij:pro] Managed Turnstile token (len=816, 12088ms, reset)
[w4:ij:pro] [api] 200 mode=pro startsWith=prim
[w4:ij:pro] [api] 200 mode=pro startsWith=prim sort=alphabetical:desc (668ms direct)
[w4:ij:pro] "prim" full page ends at "primitivisms" (next='i'); skip 25 covered groups → 3 children reverse Z→A ends at "primiparae" (lo='i' hi='y'); skip 15 middle + 84 new words
[w4:ij:pro] Saved 22,382 worker words
[w4:ij:pro] Searching "prir" | queue=135 | words=22382
[w4:ij:pro] Pacing 15s before "prir" (gap=15955ms)
[w4:ij:pro] heartbeat words=22382 queue=135 rotation=12 idle=3s
[w4:ij:pro] Managed Turnstile token (len=816, 7938ms, reset)
[w4:ij:pro] [api] 200 mode=pro startsWith=prir
[w4:ij:pro] [api] 200 mode=pro startsWith=prir (569ms direct)
[w4:ij:pro] "prir" → 0 records, 0 words
[w4:ij:pro] "prir" branch complete
[w4:ij:pro] Saved 22,382 worker words
[w4:ij:pro] Searching "proa" | queue=134 | words=22382
[w4:ij:pro] Pacing 16s before "proa" (gap=15955ms)
[w4:ij:pro] Managed Turnstile token (len=816, 16678ms, reset)
[w4:ij:pro] [api] 200 mode=pro startsWith=proa
[w4:ij:pro] [api] 200 mode=pro startsWith=proa (635ms direct)
[w4:ij:pro] "proa" → 100 records, 100 words (incl. exact "proa")
[w4:ij:pro] Pacing 14s before "proa" (gap=15955ms)
[w4:ij:pro] Turnstile token present (len=816)
[w4:ij:pro] Site Turnstile token (23695ms)
[w4:ij:pro] [api] 200 mode=pro startsWith=proa
[w4:ij:pro] [api] 200 mode=pro startsWith=proa sort=alphabetical:desc (778ms direct)
[w4:ij:pro] "proa" full page ends at "proautomobile" (next='u'); skip 24 covered groups → 4 children reverse Z→A ends at "proabsolutism" (lo='b' hi='w'); skip 20 middle + 4 new words
[w4:ij:pro] Saved 22,486 worker words
[w4:ij:pro] Searching "prof" | queue=137 | words=22486
[w4:ij:pro] Pacing 14s before "prof" (gap=15955ms)
[w4:ij:pro] heartbeat words=22486 queue=137 rotation=12 idle=4s
[w4:ij:pro] Site Turnstile remint timed out (25637ms)
[w4:ij:pro] Turnstile mint hard timeout after 28000ms
[w4:ij:pro] Site Turnstile remint timed out (29601ms)
[w4:ij:pro] heartbeat words=22486 queue=137 rotation=12 idle=9s
[w4:ij:pro] Turnstile token present (len=816)
[w4:ij:pro] Site Turnstile token (28190ms)
[w4:ij:pro] Failed "prof" attempt 1: page.evaluate: TypeError: Failed to fetch
    at eval (eval at evaluate (:311:30), <anonymous>:11:27)
    at UtilityScript.evaluate (<anonymous>:313:16)
    at UtilityScript.<anonymous> (<anonymous>:1:44)
[w4:ij:pro] Saved 22,486 worker words
[w4:ij:pro] Searching "prof" | queue=137 | words=22486
[w4:ij:pro] Managed Turnstile token (len=816, 7006ms, remount)
[w4:ij:pro] heartbeat words=22486 queue=137 rotation=12 idle=3s
[w4:ij:pro] Failed "prof" attempt 2: page.evaluate: TypeError: Failed to fetch
    at eval (eval at evaluate (:311:30), <anonymous>:11:27)
    at UtilityScript.evaluate (<anonymous>:313:16)
    at UtilityScript.<anonymous> (<anonymous>:1:44)
[w4:ij:pro] Saved 22,486 worker words
[w4:ij:pro] Rotating IP (#13, try 1) after page.evaluate: TypeError: Failed to fetch
    at eval (eval at evaluate (:311:30 → list#18 socks5://103.171.92.242:9050
[w4:ij:pro] Launching persistent Chrome profile /tmp/lll-pw-w4-r13
[w4:ij:pro] Proxy list#18 socks5://103.171.92.242:9050
[w4:ij:pro] Opening https://lastletterlibrary.com
[w4:ij:pro] heartbeat words=22486 queue=138 rotation=13 idle=24s
[w4:ij:pro] page.goto failed attempt 1: page.goto: net::ERR_TIMED_OUT at https://lastletterlibrary.com/
Call log:
  - navigating to "https://lastletterlibrary.c
[w4:ij:pro] page.goto failed attempt 2: page.goto: net::ERR_TIMED_OUT at https://lastletterlibrary.com/
Call log:
  - navigating to "https://lastletterlibrary.c
[w4:ij:pro] heartbeat words=22486 queue=138 rotation=13 idle=22s
[w4:ij:pro] page.goto failed attempt 3: page.goto: net::ERR_TIMED_OUT at https://lastletterlibrary.com/
Call log:
  - navigating to "https://lastletterlibrary.c
[w4:ij:pro] rotateIp attempt 1 failed: page.goto: net::ERR_TIMED_OUT at https://lastletterlibrary.com/
Call log:
  - navigating to "https://lastletterlibrary.com/", waiting until "domcontentloaded"

[w4:ij:pro] Rotating IP (#14, try 2) after page.evaluate: TypeError: Failed to fetch
    at eval (eval at evaluate (:311:30 → list#19 socks5://103.172.70.13:1083
[w4:ij:pro] Launching persistent Chrome profile /tmp/lll-pw-w4-r14
[w4:ij:pro] Proxy list#19 socks5://103.172.70.13:1083
[w4:ij:pro] Opening https://lastletterlibrary.com
[w4:ij:pro] page.goto failed attempt 1: page.goto: net::ERR_TIMED_OUT at https://lastletterlibrary.com/
Call log:
  - navigating to "https://lastletterlibrary.c
[w4:ij:pro] heartbeat words=22486 queue=138 rotation=14 idle=12s
[w4:ij:pro] page.goto failed attempt 2: page.goto: net::ERR_TIMED_OUT at https://lastletterlibrary.com/
Call log:
  - navigating to "https://lastletterlibrary.c
[w4:ij:pro] page.goto failed attempt 3: page.goto: net::ERR_TIMED_OUT at https://lastletterlibrary.com/
Call log:
  - navigating to "https://lastletterlibrary.c
[w4:ij:pro] rotateIp attempt 2 failed: page.goto: net::ERR_TIMED_OUT at https://lastletterlibrary.com/
Call log:
  - navigating to "https://lastletterlibrary.com/", waiting until "domcontentloaded"

[w4:ij:pro] Rotating IP (#15, try 3) after page.evaluate: TypeError: Failed to fetch
    at eval (eval at evaluate (:311:30 → list#20 socks5://103.174.122.197:8199
[w4:ij:pro] Launching persistent Chrome profile /tmp/lll-pw-w4-r15
[w4:ij:pro] Proxy list#20 socks5://103.174.122.197:8199
[w4:ij:pro] heartbeat words=22486 queue=138 rotation=15 idle=0s
[w4:ij:pro] Opening https://lastletterlibrary.com
[w4:ij:pro] page.goto failed attempt 1: page.goto: net::ERR_TIMED_OUT at https://lastletterlibrary.com/
Call log:
  - navigating to "https://lastletterlibrary.c
[w4:ij:pro] heartbeat words=22486 queue=138 rotation=15 idle=29s
[w4:ij:pro] page.goto failed attempt 2: page.goto: net::ERR_TIMED_OUT at https://lastletterlibrary.com/
Call log:
  - navigating to "https://lastletterlibrary.c
[w4:ij:pro] Library mode=pro
[w4:ij:pro] Search mode=direct (skip UI Wait Ns… gate)
[w4:ij:pro] Cleaned 3 old rotated profile(s)
[w4:ij:pro] Searching "prof" | queue=137 | words=22486
[w4:ij:pro] heartbeat words=22486 queue=137 rotation=15 idle=12s
[w4:ij:pro] heartbeat words=22486 queue=137 rotation=15 idle=72s
[w4:ij:pro] Failed "prof" attempt 3: No Turnstile token for direct search
[w4:ij:pro] Deferring stuck "prof" to end of queue after 3 failures (No Turnstile token for direct search)
[w4:ij:pro] Saved 22,486 worker words
[w4:ij:pro] Rotating IP (#16, try 1) after No Turnstile token for direct search → list#21 socks5://103.180.123.111:1080
[w4:ij:pro] Launching persistent Chrome profile /tmp/lll-pw-w4-r16
[w4:ij:pro] Proxy list#21 socks5://103.180.123.111:1080
[w4:ij:pro] Opening https://lastletterlibrary.com
[w4:ij:pro] heartbeat words=22486 queue=138 rotation=16 idle=9s
[w4:ij:pro] page.goto failed attempt 1: page.goto: net::ERR_TIMED_OUT at https://lastletterlibrary.com/
Call log:
  - navigating to "https://lastletterlibrary.c
[w4:ij:pro] page.goto failed attempt 2: page.goto: net::ERR_TIMED_OUT at https://lastletterlibrary.com/
Call log:
  - navigating to "https://lastletterlibrary.c
[w4:ij:pro] heartbeat words=22486 queue=138 rotation=16 idle=3s
[w4:ij:pro] page.goto failed attempt 3: page.goto: net::ERR_TIMED_OUT at https://lastletterlibrary.com/
Call log:
  - navigating to "https://lastletterlibrary.c
[w4:ij:pro] rotateIp attempt 1 failed: page.goto: net::ERR_TIMED_OUT at https://lastletterlibrary.com/
Call log:
  - navigating to "https://lastletterlibrary.com/", waiting until "domcontentloaded"

[w4:ij:pro] Rotating IP (#17, try 2) after No Turnstile token for direct search → list#22 socks5://103.189.218.76:6969
[w4:ij:pro] Launching persistent Chrome profile /tmp/lll-pw-w4-r17
[w4:ij:pro] Proxy list#22 socks5://103.189.218.76:6969
[w4:ij:pro] Opening https://lastletterlibrary.com
[w4:ij:pro] heartbeat words=22486 queue=138 rotation=17 idle=19s
[w4:ij:pro] page.goto failed attempt 1: page.goto: net::ERR_TIMED_OUT at https://lastletterlibrary.com/
Call log:
  - navigating to "https://lastletterlibrary.c
[w4:ij:pro] page.goto failed attempt 2: page.goto: net::ERR_TIMED_OUT at https://lastletterlibrary.com/
Call log:
  - navigating to "https://lastletterlibrary.c
[w4:ij:pro] heartbeat words=22486 queue=138 rotation=17 idle=18s
[w4:ij:pro] Library mode=pro
[w4:ij:pro] Search mode=direct (skip UI Wait Ns… gate)
[w4:ij:pro] Cleaned 2 old rotated profile(s)
[w4:ij:pro] Searching "prof" | queue=137 | words=22486
[w4:ij:pro] heartbeat words=22486 queue=137 rotation=17 idle=27s
[w4:ij:pro] heartbeat words=22486 queue=137 rotation=17 idle=87s
[w4:ij:pro] Failed "prof" attempt 3: No Turnstile token for direct search
[w4:ij:pro] Deferring stuck "prof" to end of queue after 3 failures (No Turnstile token for direct search)
[w4:ij:pro] Saved 22,486 worker words
[w4:ij:pro] Rotating IP (#18, try 1) after No Turnstile token for direct search → list#23 socks5://103.191.218.119:69
[w4:ij:pro] Launching persistent Chrome profile /tmp/lll-pw-w4-r18
[w4:ij:pro] Proxy list#23 socks5://103.191.218.119:69
[w4:ij:pro] Opening https://lastletterlibrary.com
[w4:ij:pro] heartbeat words=22486 queue=138 rotation=18 idle=16s
[w4:ij:pro] Library mode=pro
[w4:ij:pro] Search mode=direct (skip UI Wait Ns… gate)
[w4:ij:pro] Cleaned 1 old rotated profile(s)
[w4:ij:pro] Searching "prof" | queue=137 | words=22486
[w4:ij:pro] heartbeat words=22486 queue=137 rotation=18 idle=33s
[w4:ij:pro] heartbeat words=22486 queue=137 rotation=18 idle=93s
[w4:ij:pro] Failed "prof" attempt 3: No Turnstile token for direct search
[w4:ij:pro] Deferring stuck "prof" to end of queue after 3 failures (No Turnstile token for direct search)
[w4:ij:pro] Saved 22,486 worker words; shared last.txt now 372,296
[w4:ij:pro] Rotating IP (#19, try 1) after No Turnstile token for direct search → list#24 socks5://103.195.191.39:10800
[w4:ij:pro] Launching persistent Chrome profile /tmp/lll-pw-w4-r19
[w4:ij:pro] Proxy list#24 socks5://103.195.191.39:10800
[w4:ij:pro] Opening https://lastletterlibrary.com
[w4:ij:pro] heartbeat words=22486 queue=138 rotation=19 idle=8s
[w4:ij:pro] page.goto failed attempt 1: page.goto: net::ERR_TIMED_OUT at https://lastletterlibrary.com/
Call log:
  - navigating to "https://lastletterlibrary.c
[w4:ij:pro] page.goto failed attempt 2: page.goto: net::ERR_TIMED_OUT at https://lastletterlibrary.com/
Call log:
  - navigating to "https://lastletterlibrary.c
[w4:ij:pro] heartbeat words=22486 queue=138 rotation=19 idle=5s
[w4:ij:pro] page.goto failed attempt 3: page.goto: net::ERR_TIMED_OUT at https://lastletterlibrary.com/
Call log:
  - navigating to "https://lastletterlibrary.c
[w4:ij:pro] rotateIp attempt 1 failed: page.goto: net::ERR_TIMED_OUT at https://lastletterlibrary.com/
Call log:
  - navigating to "https://lastletterlibrary.com/", waiting until "domcontentloaded"

[w4:ij:pro] heartbeat words=22486 queue=138 rotation=20 idle=28s
[w4:ij:pro] Rotating IP (#20, try 2) after No Turnstile token for direct search → list#25 socks5://103.239.52.100:1080
[w4:ij:pro] Launching persistent Chrome profile /tmp/lll-pw-w4-r20
[w4:ij:pro] Proxy list#25 socks5://103.239.52.100:1080
[w4:ij:pro] Opening https://lastletterlibrary.com
[w4:ij:pro] heartbeat words=22486 queue=138 rotation=20 idle=48s
[w4:ij:pro] Library mode=pro
[w4:ij:pro] Search mode=direct (skip UI Wait Ns… gate)
[w4:ij:pro] Cleaned 2 old rotated profile(s)
[w4:ij:pro] Searching "prof" | queue=137 | words=22486
[w4:ij:pro] heartbeat words=22486 queue=137 rotation=20 idle=32s
[w4:ij:pro] heartbeat words=22486 queue=137 rotation=20 idle=92s
[w4:ij:pro] Failed "prof" attempt 3: No Turnstile token for direct search
[w4:ij:pro] Deferring stuck "prof" to end of queue after 3 failures (No Turnstile token for direct search)
[w4:ij:pro] Saved 22,486 worker words
[w4:ij:pro] Rotating IP (#21, try 1) after No Turnstile token for direct search → list#26 socks5://109.107.166.207:30385
[w4:ij:pro] Launching persistent Chrome profile /tmp/lll-pw-w4-r21
[w4:ij:pro] Proxy list#26 socks5://109.107.166.207:30385
[w4:ij:pro] Opening https://lastletterlibrary.com
[w4:ij:pro] Library mode=pro
[w4:ij:pro] Search mode=direct (skip UI Wait Ns… gate)
[w4:ij:pro] Cleaned 1 old rotated profile(s)
[w4:ij:pro] Searching "prof" | queue=137 | words=22486
[w4:ij:pro] heartbeat words=22486 queue=137 rotation=21 idle=11s
[w4:ij:pro] heartbeat words=22486 queue=137 rotation=21 idle=71s
[w4:ij:pro] Failed "prof" attempt 3: No Turnstile token for direct search
[w4:ij:pro] Deferring stuck "prof" to end of queue after 3 failures (No Turnstile token for direct search)
[w4:ij:pro] heartbeat words=22486 queue=138 rotation=21 idle=13s
[w4:ij:pro] Saved 22,486 worker words
[w4:ij:pro] Rotating IP (#22, try 1) after No Turnstile token for direct search → list#27 socks5://109.122.198.227:444
[w4:ij:pro] Launching persistent Chrome profile /tmp/lll-pw-w4-r22
[w4:ij:pro] Proxy list#27 socks5://109.122.198.227:444
[w4:ij:pro] Opening https://lastletterlibrary.com
[w4:ij:pro] page.goto failed attempt 1: page.goto: net::ERR_SOCKS_CONNECTION_FAILED at https://lastletterlibrary.com/
Call log:
  - navigating to "https://lastl
[w4:ij:pro] page.goto failed attempt 2: page.goto: net::ERR_SOCKS_CONNECTION_FAILED at https://lastletterlibrary.com/
Call log:
  - navigating to "https://lastl
[w4:ij:pro] page.goto failed attempt 3: page.goto: net::ERR_SOCKS_CONNECTION_FAILED at https://lastletterlibrary.com/
Call log:
  - navigating to "https://lastl
[w4:ij:pro] rotateIp attempt 1 failed: page.goto: net::ERR_SOCKS_CONNECTION_FAILED at https://lastletterlibrary.com/
Call log:
  - navigating to "https://lastletterlibrary.com/", waiting until "domco
[w4:ij:pro] heartbeat words=22486 queue=138 rotation=23 idle=8s
[w4:ij:pro] Rotating IP (#23, try 2) after No Turnstile token for direct search → list#28 socks5://109.123.251.109:1080
[w4:ij:pro] Launching persistent Chrome profile /tmp/lll-pw-w4-r23
[w4:ij:pro] Proxy list#28 socks5://109.123.251.109:1080
[w4:ij:pro] Opening https://lastletterlibrary.com
[w4:ij:pro] Library mode=pro
[w4:ij:pro] heartbeat words=22486 queue=138 rotation=23 idle=11s
[w4:ij:pro] Site Turnstile remint timed out (19967ms)
[w4:ij:pro] Search mode=direct (skip UI Wait Ns… gate)
[w4:ij:pro] Cleaned 2 old rotated profile(s)
[w4:ij:pro] Searching "prof" | queue=137 | words=22486
[w4:ij:pro] Site Turnstile remint timed out (25920ms)
[w4:ij:pro] heartbeat words=22486 queue=137 rotation=23 idle=23s
[w4:ij:pro] Site Turnstile remint timed out (27238ms)
[w4:ij:pro] Turnstile mint hard timeout after 28000ms
[w4:ij:pro] Site Turnstile remint timed out (45366ms)
[w4:ij:pro] heartbeat words=22486 queue=137 rotation=23 idle=12s
[w4:ij:pro] Turnstile mint hard timeout after 28000ms
[w4:ij:pro] Failed "prof" attempt 3: No Turnstile token for direct search
[w4:ij:pro] Deferring stuck "prof" to end of queue after 3 failures (No Turnstile token for direct search)
[w4:ij:pro] Saved 22,486 worker words
[w4:ij:pro] Rotating IP (#24, try 1) after No Turnstile token for direct search → list#29 socks5://109.172.55.227:1082
[w4:ij:pro] Launching persistent Chrome profile /tmp/lll-pw-w4-r24
[w4:ij:pro] Proxy list#29 socks5://109.172.55.227:1082
[w4:ij:pro] Site Turnstile remint timed out (44473ms)
[w4:ij:pro] Opening https://lastletterlibrary.com
[w4:ij:pro] Library mode=pro
[w4:ij:pro] heartbeat words=22486 queue=138 rotation=24 idle=7s
[w4:ij:pro] Managed Turnstile token (len=816, 6631ms, remount)
[w4:ij:pro] Search mode=direct (skip UI Wait Ns… gate)
[w4:ij:pro] Cleaned 1 old rotated profile(s)
[w4:ij:pro] Searching "prof" | queue=137 | words=22486
[w4:ij:pro] [api] 429 mode=pro startsWith=prof
[w4:ij:pro] [api] 429 mode=pro startsWith=prof (288ms direct)
[w4:ij:pro] Learned server gap ≈ 15955ms (wait hint 2000ms)
[w4:ij:pro] Rate limited — inline wait 2000ms then retry "prof"
[w4:ij:pro] Managed Turnstile token (len=816, 8586ms, reset)
[w4:ij:pro] [api] 429 mode=pro startsWith=prof
[w4:ij:pro] [api] 429 mode=pro startsWith=prof (296ms direct)
[w4:ij:pro] Learned server gap ≈ 15955ms (wait hint 9000ms)
[w4:ij:pro] Failed "prof" attempt 3: API 429 for "prof": wait 8s — {"message":"Too many requests. Please wait 8 seconds."}
[w4:ij:pro] Deferring stuck "prof" to end of queue after 3 failures (API 429 for "prof": wait 8s — {"message":"Too many requests.)
[w4:ij:pro] Saved 22,486 worker words
[w4:ij:pro] Rate limited — waiting 9000 ms before retry
[w4:ij:pro] Managed Turnstile token (len=816, 5427ms, reset)
[w4:ij:pro] Searching "prof" | queue=137 | words=22486
[w4:ij:pro] [api] 429 mode=pro startsWith=prof
[w4:ij:pro] [api] 429 mode=pro startsWith=prof (307ms direct)
[w4:ij:pro] Learned server gap ≈ 15955ms (wait hint 14000ms)
[w4:ij:pro] Rate limited — inline wait 14000ms then retry "prof"
[w4:ij:pro] Managed Turnstile token (len=816, 7657ms, reset)
[w4:ij:pro] [api] 429 mode=pro startsWith=prof
[w4:ij:pro] [api] 429 mode=pro startsWith=prof (295ms direct)
[w4:ij:pro] Learned server gap ≈ 15955ms (wait hint 15000ms)
[w4:ij:pro] Failed "prof" attempt 3: API 429 for "prof": wait 14s — {"message":"Too many requests. Please wait 14 seconds."}
[w4:ij:pro] Deferring stuck "prof" to end of queue after 3 failures (API 429 for "prof": wait 14s — {"message":"Too many requests)
[w4:ij:pro] Saved 22,486 worker words
[w4:ij:pro] Rate limited — waiting 15000 ms before retry
[w4:ij:pro] Managed Turnstile token (len=816, 9712ms, reset)
[w4:ij:pro] Searching "prof" | queue=137 | words=22486
[w4:ij:pro] [api] 200 mode=pro startsWith=prof
[w4:ij:pro] [api] 200 mode=pro startsWith=prof (350ms direct)
[w4:ij:pro] "prof" → 100 records, 100 words (incl. exact "prof")
[w4:ij:pro] Pacing 15s before "prof" (gap=15955ms)
[w4:ij:pro] heartbeat words=22586 queue=137 rotation=24 idle=8s
[w4:ij:pro] Managed Turnstile token (len=816, 22677ms, reset)
[w4:ij:pro] [api] 200 mode=pro startsWith=prof
[w4:ij:pro] [api] 200 mode=pro startsWith=prof sort=alphabetical:desc (352ms direct)
[w4:ij:pro] "prof" full page ends at "profferers" (next='f'); skip 18 covered groups → 10 children reverse Z→A ends at "proficience" (lo='i' hi='u'); skip 11 middle + 100 new words
[w4:ij:pro] Saved 22,686 worker words
[w4:ij:pro] Searching "prok" | queue=146 | words=22686
[w4:ij:pro] Pacing 14s before "prok" (gap=15955ms)
[w4:ij:pro] Managed Turnstile token (len=816, 13759ms, reset)
[w4:ij:pro] [api] 200 mode=pro startsWith=prok
[w4:ij:pro] [api] 200 mode=pro startsWith=prok (333ms direct)
[w4:ij:pro] "prok" → 16 records, 16 words
[w4:ij:pro] "prok" branch complete
[w4:ij:pro] Saved 22,702 worker words
[w4:ij:pro] Searching "prop" | queue=145 | words=22702
[w4:ij:pro] Pacing 14s before "prop" (gap=15955ms)
[w4:ij:pro] Managed Turnstile token (len=816, 12265ms, reset)
[w4:ij:pro] [api] 200 mode=pro startsWith=prop
[w4:ij:pro] [api] 200 mode=pro startsWith=prop (326ms direct)
[w4:ij:pro] "prop" → 100 records, 100 words (incl. exact "prop")
[w4:ij:pro] Pacing 15s before "prop" (gap=15955ms)
[w4:ij:pro] heartbeat words=22802 queue=145 rotation=24 idle=12s
[w4:ij:pro] Managed Turnstile token (len=816, 20879ms, remount)
[w4:ij:pro] [api] 200 mode=pro startsWith=prop
[w4:ij:pro] [api] 200 mode=pro startsWith=prop sort=alphabetical:desc (356ms direct)
[w4:ij:pro] "prop" full page ends at "propellent" (next='e'); skip 12 covered groups → 16 children reverse Z→A ends at "proprietary" (lo='r' hi='y'); skip 6 middle + 100 new words
[w4:ij:pro] Saved 22,902 worker words; shared last.txt now 377,603
[w4:ij:pro] Searching "prou" | queue=160 | words=22902
[w4:ij:pro] Turnstile mint hard timeout after 28000ms
[w4:ij:pro] Site Turnstile remint timed out (29936ms)
[w4:ij:pro] Managed Turnstile token (len=816, 18424ms, remount)
[w4:ij:pro] [api] 200 mode=pro startsWith=prou
[w4:ij:pro] [api] 200 mode=pro startsWith=prou (370ms direct)
[w4:ij:pro] "prou" → 25 records, 25 words
[w4:ij:pro] "prou" branch complete
[w4:ij:pro] Saved 22,927 worker words
[w4:ij:pro] Searching "pruv" | queue=159 | words=22927
[w4:ij:pro] heartbeat words=22927 queue=159 rotation=24 idle=1s
[w4:ij:pro] Pacing 12s before "pruv" (gap=15955ms)
[w4:ij:pro] Managed Turnstile token (len=816, 17142ms, reset)
[w4:ij:pro] [api] 200 mode=pro startsWith=pruv
[w4:ij:pro] [api] 200 mode=pro startsWith=pruv (318ms direct)
[w4:ij:pro] "pruv" → 0 records, 0 words
[w4:ij:pro] "pruv" branch complete
[w4:ij:pro] Saved 22,927 worker words
[w4:ij:pro] Searching "pseu" | queue=158 | words=22927
[w4:ij:pro] Pacing 16s before "pseu" (gap=15955ms)
[w4:ij:pro] Managed Turnstile token (len=816, 13406ms, reset)
[w4:ij:pro] [api] 200 mode=pro startsWith=pseu
[w4:ij:pro] [api] 200 mode=pro startsWith=pseu (315ms direct)
[w4:ij:pro] "pseu" → 100 records, 100 words
[w4:ij:pro] Pacing 15s before "pseu" (gap=15955ms)
[w4:ij:pro] Managed Turnstile token (len=816, 18443ms, reset)
[w4:ij:pro] [api] 200 mode=pro startsWith=pseu
[w4:ij:pro] [api] 200 mode=pro startsWith=pseu sort=alphabetical:desc (325ms direct)
[w4:ij:pro] "pseu" full page ends at "pseudo-complementation" (next='d'); skip 5 covered groups → 23 children reverse Z→A ends at "pseudospiracle" (lo='d' hi='d'); skip 0 middle + 100 new words
[w4:ij:pro] Saved 23,127 worker words
[w4:ij:pro] Searching "psez" | queue=180 | words=23127
[w4:ij:pro] Pacing 15s before "psez" (gap=15955ms)
[w4:ij:pro] heartbeat words=23127 queue=180 rotation=24 idle=8s
[w4:ij:pro] Managed Turnstile token (len=816, 16582ms, reset)
[w4:ij:pro] [api] 200 mode=pro startsWith=psez
[w4:ij:pro] [api] 200 mode=pro startsWith=psez (359ms direct)
[w4:ij:pro] "psez" → 0 records, 0 words
[w4:ij:pro] "psez" branch complete
[w4:ij:pro] Saved 23,127 worker words
[w4:ij:pro] Searching "psyz" | queue=179 | words=23127
[w4:ij:pro] Pacing 15s before "psyz" (gap=15955ms)
[w4:ij:pro] Turnstile mint hard timeout after 28000ms
[w4:ij:pro] heartbeat words=23127 queue=179 rotation=24 idle=23s
[w4:ij:pro] Turnstile mint hard timeout after 28000ms
[w4:ij:pro] Site Turnstile remint timed out (24798ms)
[w4:ij:pro] Managed Turnstile token (len=816, 14934ms, remount)
[w4:ij:pro] [api] 429 mode=pro startsWith=psyz
[w4:ij:pro] [api] 429 mode=pro startsWith=psyz (1374ms direct)
[w4:ij:pro] Learned server gap ≈ 15955ms (wait hint 4000ms)
[w4:ij:pro] Rate limited — inline wait 4000ms then retry "psyz"
[w4:ij:pro] Managed Turnstile token (len=816, 12583ms, reset)
[w4:ij:pro] heartbeat words=23127 queue=179 rotation=24 idle=0s
[w4:ij:pro] [api] 429 mode=pro startsWith=psyz
[w4:ij:pro] [api] 429 mode=pro startsWith=psyz (303ms direct)
[w4:ij:pro] Learned server gap ≈ 15955ms (wait hint 8000ms)
[w4:ij:pro] Failed "psyz" attempt 1: API 429 for "psyz": wait 7s — {"message":"Too many requests. Please wait 7 seconds."}
[w4:ij:pro] Saved 23,127 worker words
[w4:ij:pro] Rate limited — waiting 8000 ms before retry
[w4:ij:pro] Searching "psyz" | queue=179 | words=23127
[w4:ij:pro] Managed Turnstile token (len=816, 11766ms, reset)
[w4:ij:pro] [api] 429 mode=pro startsWith=psyz
[w4:ij:pro] [api] 429 mode=pro startsWith=psyz (305ms direct)
[w4:ij:pro] Learned server gap ≈ 15955ms (wait hint 12000ms)
[w4:ij:pro] Rate limited — inline wait 12000ms then retry "psyz"
[w4:ij:pro] Managed Turnstile token (len=816, 11549ms, reset)
[w4:ij:pro] [api] 429 mode=pro startsWith=psyz
[w4:ij:pro] [api] 429 mode=pro startsWith=psyz (322ms direct)
[w4:ij:pro] Learned server gap ≈ 17591ms (wait hint 16000ms)
[w4:ij:pro] Failed "psyz" attempt 1: API 429 for "psyz": wait 15s — {"message":"Too many requests. Please wait 15 seconds."}
[w4:ij:pro] Saved 23,127 worker words
[w4:ij:pro] Rate limited — waiting 16000 ms before retry
[w4:ij:pro] Managed Turnstile token (len=816, 10228ms, reset)
[w4:ij:pro] Searching "psyz" | queue=179 | words=23127
[w4:ij:pro] [api] 200 mode=pro startsWith=psyz
[w4:ij:pro] [api] 200 mode=pro startsWith=psyz (343ms direct)
[w4:ij:pro] "psyz" → 0 records, 0 words
[w4:ij:pro] "psyz" branch complete
[w4:ij:pro] Saved 23,127 worker words
[w4:ij:pro] Searching "ptev" | queue=178 | words=23127
[w4:ij:pro] Pacing 16s before "ptev" (gap=17591ms)
[w4:ij:pro] Managed Turnstile token (len=816, 13513ms, reset)
[w4:ij:pro] heartbeat words=23127 queue=178 rotation=24 idle=3s
[w4:ij:pro] [api] 200 mode=pro startsWith=ptev
[w4:ij:pro] [api] 200 mode=pro startsWith=ptev (328ms direct)
[w4:ij:pro] "ptev" → 0 records, 0 words
[w4:ij:pro] "ptev" branch complete
[w4:ij:pro] Saved 23,127 worker words; shared last.txt now 378,998
[w4:ij:pro] Searching "pull" | queue=177 | words=23127
[w4:ij:pro] Pacing 8s before "pull" (gap=17591ms)
[w4:ij:pro] Managed Turnstile token (len=816, 14262ms, reset)
[w4:ij:pro] [api] 200 mode=pro startsWith=pull
[w4:ij:pro] [api] 200 mode=pro startsWith=pull (359ms direct)
[w4:ij:pro] "pull" → 56 records, 56 words (incl. exact "pull")
[w4:ij:pro] "pull" branch complete
[w4:ij:pro] Saved 23,183 worker words
[w4:ij:pro] Searching "pulq" | queue=176 | words=23183
[w4:ij:pro] Pacing 16s before "pulq" (gap=17591ms)
[w4:ij:pro] Managed Turnstile token (len=816, 12318ms, reset)
[w4:ij:pro] [api] 200 mode=pro startsWith=pulq
[w4:ij:pro] [api] 200 mode=pro startsWith=pulq (368ms direct)
[w4:ij:pro] "pulq" → 2 records, 2 words
[w4:ij:pro] "pulq" branch complete
[w4:ij:pro] Saved 23,185 worker words
[w4:ij:pro] Searching "pulz" | queue=175 | words=23185
[w4:ij:pro] Pacing 14s before "pulz" (gap=17591ms)
[w4:ij:pro] Managed Turnstile token (len=816, 17716ms, remount)
[w4:ij:pro] [api] 200 mode=pro startsWith=pulz
[w4:ij:pro] [api] 200 mode=pro startsWith=pulz (353ms direct)
[w4:ij:pro] "pulz" → 0 records, 0 words
[w4:ij:pro] "pulz" branch complete
[w4:ij:pro] Saved 23,185 worker words
[w4:ij:pro] Searching "pung" | queue=174 | words=23185
[w4:ij:pro] Pacing 16s before "pung" (gap=17591ms)
[w4:ij:pro] heartbeat words=23185 queue=174 rotation=24 idle=2s
[w4:ij:pro] Turnstile token present (len=816)
[w4:ij:pro] Site Turnstile token (20688ms)
[w4:ij:pro] [api] 429 mode=pro startsWith=pung
[w4:ij:pro] [api] 429 mode=pro startsWith=pung (294ms direct)
[w4:ij:pro] Learned server gap ≈ 17591ms (wait hint 10000ms)
[w4:ij:pro] Rate limited — inline wait 10000ms then retry "pung"
[w4:ij:pro] Managed Turnstile token (len=816, 16162ms, remount)
[w4:ij:pro] [api] 200 mode=pro startsWith=pung
[w4:ij:pro] [api] 200 mode=pro startsWith=pung (336ms direct)
[w4:ij:pro] "pung" → 23 records, 23 words (incl. exact "pung")
[w4:ij:pro] "pung" branch complete
[w4:ij:pro] Saved 23,208 worker words
[w4:ij:pro] Searching "pupu" | queue=173 | words=23208
[w4:ij:pro] Pacing 17s before "pupu" (gap=17591ms)
[w4:ij:pro] Managed Turnstile token (len=816, 14195ms, reset)
[w4:ij:pro] [api] 429 mode=pro startsWith=pupu
[w4:ij:pro] [api] 429 mode=pro startsWith=pupu (321ms direct)
[w4:ij:pro] Learned server gap ≈ 17867ms (wait hint 16000ms)
[w4:ij:pro] Rate limited — inline wait 16000ms then retry "pupu"
[w4:ij:pro] heartbeat words=23208 queue=173 rotation=24 idle=6s
[w4:ij:pro] Managed Turnstile token (len=816, 17576ms, reset)
[w4:ij:pro] [api] 200 mode=pro startsWith=pupu
[w4:ij:pro] [api] 200 mode=pro startsWith=pupu (333ms direct)
[w4:ij:pro] "pupu" → 6 records, 6 words (incl. exact "pupu")
[w4:ij:pro] "pupu" branch complete
[w4:ij:pro] Saved 23,214 worker words
[w4:ij:pro] Searching "pupz" | queue=172 | words=23214
[w4:ij:pro] Pacing 17s before "pupz" (gap=17867ms)
[w4:ij:pro] Managed Turnstile token (len=816, 15656ms, reset)
[w4:ij:pro] [api] 200 mode=pro startsWith=pupz
[w4:ij:pro] [api] 200 mode=pro startsWith=pupz (339ms direct)
[w4:ij:pro] "pupz" → 0 records, 0 words
[w4:ij:pro] "pupz" branch complete
[w4:ij:pro] Saved 23,214 worker words
[w4:ij:pro] Searching "purm" | queue=171 | words=23214
[w4:ij:pro] Pacing 17s before "purm" (gap=17867ms)
[w4:ij:pro] Turnstile token present (len=816)
[w4:ij:pro] Site Turnstile token (21857ms)
[w4:ij:pro] [api] 200 mode=pro startsWith=purm
[w4:ij:pro] [api] 200 mode=pro startsWith=purm (347ms direct)
[w4:ij:pro] "purm" → 0 records, 0 words
[w4:ij:pro] "purm" branch complete
[w4:ij:pro] Saved 23,214 worker words
[w4:ij:pro] Searching "purr" | queue=170 | words=23214
[w4:ij:pro] Pacing 17s before "purr" (gap=17867ms)
[w4:ij:pro] heartbeat words=23214 queue=170 rotation=24 idle=7s
[w4:ij:pro] Managed Turnstile token (len=816, 14820ms, remount)
[w4:ij:pro] [api] 200 mode=pro startsWith=purr
[w4:ij:pro] [api] 200 mode=pro startsWith=purr (363ms direct)
[w4:ij:pro] "purr" → 14 records, 14 words (incl. exact "purr")
[w4:ij:pro] "purr" branch complete
[w4:ij:pro] Saved 23,228 worker words; shared last.txt now 379,945
[w4:ij:pro] Searching "pusz" | queue=169 | words=23228
[w4:ij:pro] Turnstile mint hard timeout after 28000ms
[w4:ij:pro] heartbeat words=23228 queue=169 rotation=24 idle=20s
[w4:ij:pro] Site Turnstile remint timed out (26680ms)
[w4:ij:pro] Turnstile mint hard timeout after 28000ms
[w4:ij:pro] Site Turnstile remint timed out (39581ms)
[w4:ij:pro] Managed Turnstile token (len=816, 11267ms, remount)
[w4:ij:pro] Failed "pusz" attempt 1: page.evaluate: Target page, context or browser has been closed
[w4:ij:pro] Saved 23,228 worker words
[w4:ij:pro] Searching "pusz" | queue=169 | words=23228
[w4:ij:pro] Failed "pusz" attempt 2: locator.count: Target page, context or browser has been closed
[w4:ij:pro] Saved 23,228 worker words
[w4:ij:pro] Site Turnstile remint timed out (107849ms)
[w4:ij:pro] Site Turnstile remint timed out (443248ms)
[w4:ij:pro] Site Turnstile remint timed out (471334ms)
[w4:ij:pro] heartbeat words=23228 queue=170 rotation=24 idle=1s
[w4:ij:pro] Rotating IP (#25, try 1) after locator.count: Target page, context or browser has been closed → list#30 socks5://109.191.10.98:1080
[w4:ij:pro] Launching persistent Chrome profile /tmp/lll-pw-w4-r25
[w4:ij:pro] Proxy list#30 socks5://109.191.10.98:1080
[w4:ij:pro] Opening https://lastletterlibrary.com
[w4:ij:pro] IP mode=tor
[w4:ij:pro] Cleaned 2 old rotated profile(s)
[w4:ij:pro] Starting persistent Tor socks=127.0.0.1:19054 control=127.0.0.1:29054
[w4:ij:pro] tor: Aug 05 17:58:04.993 [warn] Fixing permissions on directory /tmp/lll-tor-w4
[w4:ij:pro] tor: Aug 05 17:58:05.000 [notice] Bootstrapped 0% (starting): Starting
[w4:ij:pro] tor: Aug 05 17:58:06.000 [notice] Bootstrapped 5% (conn): Connecting to a relay
[w4:ij:pro] tor: Aug 05 17:58:06.000 [notice] Bootstrapped 10% (conn_done): Connected to a relay
[w4:ij:pro] tor: Aug 05 17:58:09.000 [notice] Bootstrapped 14% (handshake): Handshaking with a relay
[w4:ij:pro] tor: Aug 05 17:58:10.000 [notice] Bootstrapped 15% (handshake_done): Handshake with a relay done
Aug 05 17:58:10.000 [notice] Bootstrapped 20% (onehop_create): Estab
[w4:ij:pro] tor: Aug 05 17:58:10.000 [notice] Bootstrapped 25% (requesting_status): Asking for networkstatus consensus
[w4:ij:pro] tor: Aug 05 17:58:10.000 [notice] Bootstrapped 30% (loading_status): Loading networkstatus consensus
[w4:ij:pro] tor: Aug 05 17:58:12.000 [notice] Bootstrapped 40% (loading_keys): Loading authority key certs
[w4:ij:pro] tor: Aug 05 17:58:12.000 [notice] Bootstrapped 45% (requesting_descriptors): Asking for relay descriptors
Aug 05 17:58:12.000 [notice] I learned some more directory 
[w4:ij:pro] tor: Aug 05 17:58:13.000 [notice] Bootstrapped 50% (loading_descriptors): Loading relay descriptors
[w4:ij:pro] tor: Aug 05 17:58:21.000 [notice] Bootstrapped 55% (loading_descriptors): Loading relay descriptors
[w4:ij:pro] tor: Aug 05 17:58:22.000 [notice] Bootstrapped 61% (loading_descriptors): Loading relay descriptors
[w4:ij:pro] tor: Aug 05 17:58:22.000 [notice] Bootstrapped 67% (loading_descriptors): Loading relay descriptors
[w4:ij:pro] tor: Aug 05 17:58:22.000 [notice] Bootstrapped 75% (enough_dirinfo): Loaded enough directory info to build circuits
[w4:ij:pro] tor: Aug 05 17:58:22.000 [notice] Bootstrapped 90% (ap_handshake_done): Handshake finished with a relay to build circuits
Aug 05 17:58:22.000 [notice] Bootstrapped 9
[w4:ij:pro] tor: Aug 05 17:58:23.000 [notice] Bootstrapped 100% (done): Done
[w4:ij:pro] Tor ready on 19054 exit=192.76.153.253
[w4:ij:pro] Launching persistent Chrome profile /tmp/lll-pw-w4-r0
[w4:ij:pro] Proxy tor#1 socks5://127.0.0.1:19054
[w4:ij:pro] Opening https://lastletterlibrary.com
[w4:ij:pro] Library mode=pro
[w4:ij:pro] Search mode=direct (skip UI Wait Ns… gate)
[w4:ij:pro] Loaded 3270 prefixes, 23228 words; queue=170
[w4:ij:pro] Searching "pusz" | queue=169 | words=23228
[w4:ij:pro] Turnstile token present (len=816)
[w4:ij:pro] Site Turnstile token (21443ms)
[w4:ij:pro] [api] 200 mode=pro startsWith=pusz
[w4:ij:pro] [api] 200 mode=pro startsWith=pusz (621ms direct)
[w4:ij:pro] "pusz" → 1 records, 1 words
[w4:ij:pro] "pusz" branch complete
[w4:ij:pro] Saved 23,229 worker words
[w4:ij:pro] Searching "pyrh" | queue=168 | words=23229
[w4:ij:pro] Pacing 15s before "pyrh" (gap=15500ms)
[w4:ij:pro] Managed Turnstile token (len=816, 4196ms, remount)
[w4:ij:pro] [api] 200 mode=pro startsWith=pyrh
[w4:ij:pro] [api] 200 mode=pro startsWith=pyrh (492ms direct)
[w4:ij:pro] "pyrh" → 5 records, 5 words
[w4:ij:pro] "pyrh" branch complete
[w4:ij:pro] Saved 23,234 worker words
[w4:ij:pro] Searching "pyrm" | queue=167 | words=23234
[w4:ij:pro] Pacing 15s before "pyrm" (gap=15500ms)
[w4:ij:pro] heartbeat words=23234 queue=167 rotation=0 idle=23s
[w4:ij:pro] Site Turnstile remint timed out (25502ms)
[w4:ij:pro] Failed "pyrm" attempt 1: No Turnstile token for direct search
[w4:ij:pro] Saved 23,234 worker words
[w4:ij:pro] Turnstile miss — soft reload before rotate
[w4:ij:pro] Turnstile token present (len=816)
[w4:ij:pro] Site Turnstile token (10706ms)
[w4:ij:pro] Searching "pyrm" | queue=167 | words=23234
[w4:ij:pro] [api] 200 mode=pro startsWith=pyrm
[w4:ij:pro] [api] 200 mode=pro startsWith=pyrm (790ms direct)
[w4:ij:pro] "pyrm" → 0 records, 0 words
[w4:ij:pro] "pyrm" branch complete
[w4:ij:pro] Saved 23,234 worker words
[w4:ij:pro] Searching "pachy" | queue=166 | words=23234
[w4:ij:pro] Pacing 14s before "pachy" (gap=15500ms)
[w4:ij:pro] Site Turnstile remint timed out (23092ms)
[w4:ij:pro] Failed "pachy" attempt 1: No Turnstile token for direct search
[w4:ij:pro] Saved 23,234 worker words
[w4:ij:pro] Turnstile miss — soft reload before rotate
[w4:ij:pro] Site Turnstile remint timed out (9951ms)
[w4:ij:pro] Soft reload mint failed — rotating immediately
[w4:ij:pro] Tor NEWNYM gen=1; waiting 8000ms
[w4:ij:pro] heartbeat words=23234 queue=167 rotation=1 idle=43s
[w4:ij:pro] Tor ready on 19054 exit=192.42.116.104
[w4:ij:pro] Rotating IP (#1, try 1) after No Turnstile token for direct search → tor#2 socks5://127.0.0.1:19054
[w4:ij:pro] Launching persistent Chrome profile /tmp/lll-pw-w4-r1
[w4:ij:pro] Proxy tor#2 socks5://127.0.0.1:19054
[w4:ij:pro] Opening https://lastletterlibrary.com
[w4:ij:pro] Library mode=pro
[w4:ij:pro] Managed Turnstile token (len=816, 7397ms, remount)
[w4:ij:pro] Search mode=direct (skip UI Wait Ns… gate)
[w4:ij:pro] Cleaned 1 old rotated profile(s)
[w4:ij:pro] Searching "pachy" | queue=166 | words=23234
[w4:ij:pro] [api] 200 mode=pro startsWith=pachy
[w4:ij:pro] [api] 200 mode=pro startsWith=pachy (715ms direct)
[w4:ij:pro] "pachy" → 89 records, 89 words
[w4:ij:pro] "pachy" branch complete
[w4:ij:pro] Saved 23,323 worker words
[w4:ij:pro] Searching "palah" | queue=165 | words=23323
[w4:ij:pro] Pacing 15s before "palah" (gap=15500ms)
[w4:ij:pro] Site Turnstile remint timed out (22482ms)
[w4:ij:pro] Failed "palah" attempt 1: No Turnstile token for direct search
[w4:ij:pro] Saved 23,323 worker words
[w4:ij:pro] Turnstile miss — soft reload before rotate
[w4:ij:pro] Turnstile token present (len=816)
[w4:ij:pro] Site Turnstile token (6383ms)
[w4:ij:pro] Searching "palah" | queue=165 | words=23323
[w4:ij:pro] [api] 200 mode=pro startsWith=palah
[w4:ij:pro] [api] 200 mode=pro startsWith=palah (737ms direct)
[w4:ij:pro] "palah" → 0 records, 0 words
[w4:ij:pro] "palah" branch complete
[w4:ij:pro] Saved 23,323 worker words; shared last.txt now 381,071
[w4:ij:pro] Searching "palam" | queue=164 | words=23323
[w4:ij:pro] Pacing 15s before "palam" (gap=15500ms)
[w4:ij:pro] Managed Turnstile token (len=816, 5897ms, remount)
[w4:ij:pro] heartbeat words=23323 queue=164 rotation=1 idle=10s
[w4:ij:pro] [api] 200 mode=pro startsWith=palam
[w4:ij:pro] [api] 200 mode=pro startsWith=palam (381ms direct)
[w4:ij:pro] "palam" → 13 records, 13 words
[w4:ij:pro] "palam" branch complete
[w4:ij:pro] Saved 23,336 worker words
[w4:ij:pro] Searching "palar" | queue=163 | words=23336
[w4:ij:pro] Pacing 16s before "palar" (gap=15500ms)
[w4:ij:pro] Site Turnstile remint timed out (22778ms)
[w4:ij:pro] Failed "palar" attempt 1: No Turnstile token for direct search
[w4:ij:pro] Saved 23,336 worker words
[w4:ij:pro] Turnstile miss — soft reload before rotate
[w4:ij:pro] Turnstile token present (len=816)
[w4:ij:pro] Site Turnstile token (6501ms)
[w4:ij:pro] Searching "palar" | queue=163 | words=23336
[w4:ij:pro] [api] 200 mode=pro startsWith=palar
[w4:ij:pro] [api] 200 mode=pro startsWith=palar (397ms direct)
[w4:ij:pro] "palar" → 1 records, 1 words (incl. exact "palar")
[w4:ij:pro] "palar" branch complete
[w4:ij:pro] Saved 23,337 worker words
[w4:ij:pro] Searching "palew" | queue=162 | words=23337
[w4:ij:pro] Pacing 15s before "palew" (gap=15500ms)
[w4:ij:pro] Managed Turnstile token (len=816, 12875ms, remount)
[w4:ij:pro] [api] 200 mode=pro startsWith=palew
[w4:ij:pro] [api] 200 mode=pro startsWith=palew (562ms direct)
[w4:ij:pro] "palew" → 3 records, 3 words (incl. exact "palew")
[w4:ij:pro] "palew" branch complete
[w4:ij:pro] Saved 23,340 worker words
[w4:ij:pro] Searching "pallz" | queue=161 | words=23340
[w4:ij:pro] Pacing 14s before "pallz" (gap=15500ms)
[w4:ij:pro] heartbeat words=23340 queue=161 rotation=1 idle=7s
[w4:ij:pro] Site Turnstile remint timed out (22396ms)
[w4:ij:pro] Failed "pallz" attempt 1: No Turnstile token for direct search
[w4:ij:pro] Saved 23,340 worker words
[w4:ij:pro] Turnstile miss — soft reload before rotate
[w4:ij:pro] Managed Turnstile token (len=816, 4712ms, remount)
[w4:ij:pro] Searching "pallz" | queue=161 | words=23340
[w4:ij:pro] [api] 200 mode=pro startsWith=pallz
[w4:ij:pro] [api] 200 mode=pro startsWith=pallz (374ms direct)
[w4:ij:pro] "pallz" → 0 records, 0 words
[w4:ij:pro] "pallz" branch complete
[w4:ij:pro] Saved 23,340 worker words
[w4:ij:pro] Searching "pandy" | queue=160 | words=23340
[w4:ij:pro] Pacing 16s before "pandy" (gap=15500ms)
[w4:ij:pro] Site Turnstile remint timed out (22956ms)
[w4:ij:pro] Failed "pandy" attempt 1: No Turnstile token for direct search
[w4:ij:pro] Saved 23,340 worker words
[w4:ij:pro] Turnstile miss — soft reload before rotate
[w4:ij:pro] Site Turnstile remint timed out (12960ms)
[w4:ij:pro] Soft reload mint failed — rotating immediately
[w4:ij:pro] Tor NEWNYM gen=2; waiting 8000ms
[w4:ij:pro] heartbeat words=23340 queue=161 rotation=2 idle=39s
[w4:ij:pro] Tor ready on 19054 exit=192.42.116.142
[w4:ij:pro] Rotating IP (#2, try 1) after No Turnstile token for direct search → tor#3 socks5://127.0.0.1:19054
[w4:ij:pro] Launching persistent Chrome profile /tmp/lll-pw-w4-r2
[w4:ij:pro] Proxy tor#3 socks5://127.0.0.1:19054
[w4:ij:pro] Opening https://lastletterlibrary.com
[w4:ij:pro] Library mode=pro
[w4:ij:pro] Site Turnstile remint timed out (23085ms)
[w4:ij:pro] Search mode=direct (skip UI Wait Ns… gate)
[w4:ij:pro] Cleaned 1 old rotated profile(s)
[w4:ij:pro] Searching "pandy" | queue=160 | words=23340
[w4:ij:pro] Managed Turnstile token (len=816, 5033ms, remount)
[w4:ij:pro] [api] 200 mode=pro startsWith=pandy
[w4:ij:pro] [api] 200 mode=pro startsWith=pandy (472ms direct)
[w4:ij:pro] "pandy" → 3 records, 3 words (incl. exact "pandy")
[w4:ij:pro] "pandy" branch complete
[w4:ij:pro] Saved 23,343 worker words; shared last.txt now 382,124
[w4:ij:pro] Searching "pantk" | queue=159 | words=23343
[w4:ij:pro] Pacing 14s before "pantk" (gap=15500ms)
[w4:ij:pro] Graceful shutdown on SIGTERM
[w4:ij:pro] heartbeat words=23343 queue=159 rotation=2 idle=12s
[w4:ij:pro] Saved 23,343 worker words
[w4:ij:pro] Tor exited code=null
[w4:ij:pro] IP mode=tor
[w4:ij:pro] Cleaned 1 old rotated profile(s)
[w4:ij:pro] Starting persistent Tor socks=127.0.0.1:19054 control=127.0.0.1:29054
[w4:ij:pro] tor: Aug 05 18:05:15.000 [notice] Bootstrapped 0% (starting): Starting
[w4:ij:pro] tor: Aug 05 18:05:17.000 [notice] Bootstrapped 5% (conn): Connecting to a relay
[w4:ij:pro] tor: Aug 05 18:05:17.000 [notice] Bootstrapped 10% (conn_done): Connected to a relay
[w4:ij:pro] tor: Aug 05 18:05:17.000 [notice] Bootstrapped 14% (handshake): Handshaking with a relay
[w4:ij:pro] tor: Aug 05 18:05:18.000 [notice] Bootstrapped 15% (handshake_done): Handshake with a relay done
Aug 05 18:05:18.000 [notice] Bootstrapped 75% (enough_dirinfo): Load
[w4:ij:pro] tor: Aug 05 18:05:18.000 [notice] Bootstrapped 95% (circuit_create): Establishing a Tor circuit
[w4:ij:pro] tor: Aug 05 18:05:18.000 [notice] Bootstrapped 100% (done): Done
[w4:ij:pro] Tor ready on 19054 exit=192.42.116.64
[w4:ij:pro] Launching persistent Chrome profile /tmp/lll-pw-w4-r0
[w4:ij:pro] Proxy tor#1 socks5://127.0.0.1:19054
[w4:ij:pro] Opening https://lastletterlibrary.com
[w4:ij:pro] Library mode=pro
[w4:ij:pro] Managed Turnstile token (len=816, 4236ms, remount)
[w4:ij:pro] Search mode=direct (skip UI Wait Ns… gate)
[w4:ij:pro] Loaded 3280 prefixes, 23343 words; queue=159
[w4:ij:pro] Searching "panty" | queue=158 | words=23343
[w4:ij:pro] [api] 200 mode=pro startsWith=panty
[w4:ij:pro] [api] 200 mode=pro startsWith=panty (716ms direct)
[w4:ij:pro] "panty" → 6 records, 6 words (incl. exact "panty")
[w4:ij:pro] "panty" branch complete
[w4:ij:pro] Saved 23,349 worker words
[w4:ij:pro] Searching "paraf" | queue=157 | words=23349
[w4:ij:pro] Pacing 15s before "paraf" (gap=15500ms)
[w4:ij:pro] Site Turnstile remint timed out (22513ms)
[w4:ij:pro] Failed "paraf" attempt 1: No Turnstile token for direct search
[w4:ij:pro] Saved 23,349 worker words
[w4:ij:pro] Turnstile miss — soft reload before rotate
[w4:ij:pro] Managed Turnstile token (len=816, 4376ms, remount)
[w4:ij:pro] Searching "paraf" | queue=157 | words=23349
[w4:ij:pro] [api] 200 mode=pro startsWith=paraf
[w4:ij:pro] [api] 200 mode=pro startsWith=paraf (457ms direct)
[w4:ij:pro] "paraf" → 28 records, 28 words
[w4:ij:pro] "paraf" branch complete
[w4:ij:pro] Saved 23,377 worker words
[w4:ij:pro] Searching "parak" | queue=156 | words=23377
[w4:ij:pro] Pacing 15s before "parak" (gap=15500ms)
[w4:ij:pro] Site Turnstile remint timed out (22354ms)
[w4:ij:pro] Failed "parak" attempt 1: No Turnstile token for direct search
[w4:ij:pro] Saved 23,377 worker words
[w4:ij:pro] Turnstile miss — soft reload before rotate
[w4:ij:pro] Turnstile token present (len=816)
[w4:ij:pro] Site Turnstile token (6495ms)
[w4:ij:pro] Searching "parak" | queue=156 | words=23377
[w4:ij:pro] heartbeat words=23377 queue=156 rotation=0 idle=31s
[w4:ij:pro] [api] 200 mode=pro startsWith=parak
[w4:ij:pro] [api] 200 mode=pro startsWith=parak (686ms direct)
[w4:ij:pro] "parak" → 17 records, 17 words
[w4:ij:pro] "parak" branch complete
[w4:ij:pro] Saved 23,394 worker words
[w4:ij:pro] Searching "parap" | queue=155 | words=23394
[w4:ij:pro] Pacing 15s before "parap" (gap=15500ms)
[w4:ij:pro] Managed Turnstile token (len=816, 5238ms, remount)
[w4:ij:pro] [api] 200 mode=pro startsWith=parap
[w4:ij:pro] [api] 200 mode=pro startsWith=parap (631ms direct)
[w4:ij:pro] "parap" → 100 records, 100 words
[w4:ij:pro] Pacing 15s before "parap" (gap=15500ms)
[w4:ij:pro] Site Turnstile remint timed out (23346ms)
[w4:ij:pro] "parap" reverse search failed (No Turnstile token for direct search); forward-only
[w4:ij:pro] "parap" full page ends at "paraplegy" (next='l'); skip 13 covered groups → 15 children from parapl..
[w4:ij:pro] Saved 23,494 worker words
[w4:ij:pro] Searching "paraz" | queue=169 | words=23494
[w4:ij:pro] Managed Turnstile token (len=816, 6777ms, remount)
[w4:ij:pro] [api] 200 mode=pro startsWith=paraz
[w4:ij:pro] [api] 200 mode=pro startsWith=paraz (494ms direct)
[w4:ij:pro] "paraz" → 5 records, 5 words
[w4:ij:pro] "paraz" branch complete
[w4:ij:pro] Saved 23,499 worker words
[w4:ij:pro] Searching "parey" | queue=168 | words=23499
[w4:ij:pro] Pacing 15s before "parey" (gap=15500ms)
[w4:ij:pro] heartbeat words=23499 queue=168 rotation=0 idle=14s
[w4:ij:pro] Site Turnstile remint timed out (24779ms)
[w4:ij:pro] Failed "parey" attempt 1: No Turnstile token for direct search
[w4:ij:pro] Saved 23,499 worker words; shared last.txt now 383,169
[w4:ij:pro] Turnstile miss — soft reload before rotate
[w4:ij:pro] Managed Turnstile token (len=816, 4403ms, remount)
[w4:ij:pro] Searching "parey" | queue=168 | words=23499
[w4:ij:pro] [api] 200 mode=pro startsWith=parey
[w4:ij:pro] [api] 200 mode=pro startsWith=parey (471ms direct)
[w4:ij:pro] "parey" → 0 records, 0 words
[w4:ij:pro] "parey" branch complete
[w4:ij:pro] Saved 23,499 worker words
[w4:ij:pro] Searching "pariy" | queue=167 | words=23499
[w4:ij:pro] Pacing 16s before "pariy" (gap=15500ms)
[w4:ij:pro] Site Turnstile remint timed out (22379ms)
[w4:ij:pro] Failed "pariy" attempt 1: No Turnstile token for direct search
[w4:ij:pro] Saved 23,499 worker words
[w4:ij:pro] Turnstile miss — soft reload before rotate
[w4:ij:pro] Turnstile token present (len=816)
[w4:ij:pro] Site Turnstile token (7477ms)
[w4:ij:pro] Searching "pariy" | queue=167 | words=23499
[w4:ij:pro] [api] 200 mode=pro startsWith=pariy
[w4:ij:pro] [api] 200 mode=pro startsWith=pariy (602ms direct)
[w4:ij:pro] "pariy" → 0 records, 0 words
[w4:ij:pro] "pariy" branch complete
[w4:ij:pro] Saved 23,499 worker words
[w4:ij:pro] Searching "parti" | queue=166 | words=23499
[w4:ij:pro] Pacing 15s before "parti" (gap=15500ms)
[w4:ij:pro] heartbeat words=23499 queue=166 rotation=0 idle=8s
[w4:ij:pro] Managed Turnstile token (len=816, 11778ms, remount)
[w4:ij:pro] [api] 200 mode=pro startsWith=parti
[w4:ij:pro] [api] 200 mode=pro startsWith=parti (1014ms direct)
[w4:ij:pro] "parti" → 100 records, 100 words (incl. exact "parti")
[w4:ij:pro] Pacing 13s before "parti" (gap=15500ms)
[w4:ij:pro] Graceful shutdown on SIGTERM
[w4:ij:pro] Saved 23,599 worker words
[w4:ij:pro] Tor exited code=0
[w4:ij:pro] IP mode=tor
[w4:ij:pro] Cleaned 1 old rotated profile(s)
[w4:ij:pro] Starting persistent Tor socks=127.0.0.1:19054 control=127.0.0.1:29054
[w4:ij:pro] tor: Aug 05 18:09:46.000 [notice] Bootstrapped 0% (starting): Starting
[w4:ij:pro] tor: Aug 05 18:09:48.000 [notice] Bootstrapped 5% (conn): Connecting to a relay
[w4:ij:pro] tor: Aug 05 18:09:48.000 [notice] Bootstrapped 10% (conn_done): Connected to a relay
[w4:ij:pro] tor: Aug 05 18:09:48.000 [notice] Bootstrapped 14% (handshake): Handshaking with a relay
[w4:ij:pro] tor: Aug 05 18:09:48.000 [notice] Bootstrapped 15% (handshake_done): Handshake with a relay done
Aug 05 18:09:48.000 [notice] Bootstrapped 75% (enough_dirinfo): Load
[w4:ij:pro] tor: Aug 05 18:09:49.000 [notice] Bootstrapped 100% (done): Done
[w4:ij:pro] Tor ready on 19054 exit=192.42.116.52
[w4:ij:pro] Launching persistent Chrome profile /tmp/lll-pw-w4-r0
[w4:ij:pro] Proxy tor#1 socks5://127.0.0.1:19054
[w4:ij:pro] Opening https://lastletterlibrary.com
[w4:ij:pro] Library mode=pro
[w4:ij:pro] Managed Turnstile token (len=816, 6029ms, remount)
[w4:ij:pro] Search mode=direct (skip UI Wait Ns… gate)
[w4:ij:pro] Loaded 3301 prefixes, 23599 words; queue=166
[w4:ij:pro] Searching "pasty" | queue=165 | words=23599
[w4:ij:pro] [api] 200 mode=pro startsWith=pasty
[w4:ij:pro] [api] 200 mode=pro startsWith=pasty (625ms direct)
[w4:ij:pro] "pasty" → 2 records, 2 words (incl. exact "pasty")
[w4:ij:pro] "pasty" branch complete
[w4:ij:pro] Saved 23,601 worker words
[w4:ij:pro] Searching "pathr" | queue=164 | words=23601
[w4:ij:pro] Pacing 15s before "pathr" (gap=15500ms)
[w4:ij:pro] Managed Turnstile token (len=816, 4198ms, remount)
[w4:ij:pro] [api] 200 mode=pro startsWith=pathr
[w4:ij:pro] [api] 200 mode=pro startsWith=pathr (558ms direct)
[w4:ij:pro] "pathr" → 1 records, 1 words
[w4:ij:pro] "pathr" branch complete
[w4:ij:pro] Saved 23,602 worker words
[w4:ij:pro] Searching "pathw" | queue=163 | words=23602
[w4:ij:pro] Pacing 15s before "pathw" (gap=15500ms)
[w4:ij:pro] Turnstile token present (len=816)
[w4:ij:pro] Site Turnstile token (20745ms)
[w4:ij:pro] [api] 200 mode=pro startsWith=pathw
[w4:ij:pro] [api] 200 mode=pro startsWith=pathw (543ms direct)
[w4:ij:pro] "pathw" → 3 records, 3 words
[w4:ij:pro] "pathw" branch complete
[w4:ij:pro] Saved 23,605 worker words
[w4:ij:pro] Searching "patru" | queue=162 | words=23605
[w4:ij:pro] Pacing 14s before "patru" (gap=15500ms)
[w4:ij:pro] Managed Turnstile token (len=816, 6380ms, remount)
[w4:ij:pro] [api] 200 mode=pro startsWith=patru
[w4:ij:pro] [api] 200 mode=pro startsWith=patru (485ms direct)
[w4:ij:pro] "patru" → 1 records, 1 words
[w4:ij:pro] "patru" branch complete
[w4:ij:pro] Saved 23,606 worker words
[w4:ij:pro] Searching "patrz" | queue=161 | words=23606
[w4:ij:pro] Pacing 15s before "patrz" (gap=15500ms)
[w4:ij:pro] Managed Turnstile token (len=816, 4569ms, remount)
[w4:ij:pro] heartbeat words=23606 queue=161 rotation=0 idle=7s
[w4:ij:pro] [api] 200 mode=pro startsWith=patrz
[w4:ij:pro] [api] 200 mode=pro startsWith=patrz (521ms direct)
[w4:ij:pro] "patrz" → 0 records, 0 words
[w4:ij:pro] "patrz" branch complete
[w4:ij:pro] Saved 23,606 worker words
[w4:ij:pro] Searching "pedax" | queue=160 | words=23606
[w4:ij:pro] Pacing 15s before "pedax" (gap=15500ms)
[w4:ij:pro] Managed Turnstile token (len=816, 9272ms, remount)
[w4:ij:pro] [api] 200 mode=pro startsWith=pedax
[w4:ij:pro] [api] 200 mode=pro startsWith=pedax (579ms direct)
[w4:ij:pro] "pedax" → 0 records, 0 words
[w4:ij:pro] "pedax" branch complete
[w4:ij:pro] Saved 23,606 worker words
[w4:ij:pro] Searching "pediy" | queue=159 | words=23606
[w4:ij:pro] Pacing 13s before "pediy" (gap=15500ms)
[w4:ij:pro] Managed Turnstile token (len=816, 18949ms, remount)
[w4:ij:pro] [api] 200 mode=pro startsWith=pediy
[w4:ij:pro] [api] 200 mode=pro startsWith=pediy (558ms direct)
[w4:ij:pro] "pediy" → 0 records, 0 words
[w4:ij:pro] "pediy" branch complete
[w4:ij:pro] Saved 23,606 worker words
[w4:ij:pro] Searching "pentb" | queue=158 | words=23606
[w4:ij:pro] Pacing 14s before "pentb" (gap=15500ms)
[w4:ij:pro] Graceful shutdown on SIGTERM
[w4:ij:pro] Tor exited code=0
[w4:ij:pro] Saved 23,606 worker words; shared last.txt now 384,637
[w4:ij:pro] IP mode=tor
[w4:ij:pro] Cleaned 1 old rotated profile(s)
[w4:ij:pro] Starting persistent Tor socks=127.0.0.1:19054 control=127.0.0.1:29054
[w4:ij:pro] tor: Aug 05 18:12:33.000 [notice] Bootstrapped 0% (starting): Starting
[w4:ij:pro] tor: Aug 05 18:12:35.000 [notice] Bootstrapped 5% (conn): Connecting to a relay
[w4:ij:pro] tor: Aug 05 18:12:35.000 [notice] Bootstrapped 10% (conn_done): Connected to a relay
[w4:ij:pro] tor: Aug 05 18:12:35.000 [notice] Bootstrapped 14% (handshake): Handshaking with a relay
[w4:ij:pro] tor: Aug 05 18:12:36.000 [notice] Bootstrapped 15% (handshake_done): Handshake with a relay done
Aug 05 18:12:36.000 [notice] Bootstrapped 75% (enough_dirinfo): Load
[w4:ij:pro] tor: Aug 05 18:12:36.000 [notice] Bootstrapped 100% (done): Done
[w4:ij:pro] Tor ready on 19054 exit=203.55.81.2
[w4:ij:pro] Launching persistent Chrome profile /tmp/lll-pw-w4-r0
[w4:ij:pro] Proxy tor#1 socks5://127.0.0.1:19054
[w4:ij:pro] Opening https://lastletterlibrary.com
[w4:ij:pro] Library mode=pro
[w4:ij:pro] Site Turnstile remint timed out (22450ms)
[w4:ij:pro] Search mode=direct (skip UI Wait Ns… gate)
[w4:ij:pro] Loaded 3308 prefixes, 23606 words; queue=158
[w4:ij:pro] Searching "perch" | queue=157 | words=23606
[w4:ij:pro] Managed Turnstile miss (15037ms)
[w4:ij:pro] Failed "perch" attempt 1: No Turnstile token for direct search
[w4:ij:pro] Saved 23,606 worker words
[w4:ij:pro] Turnstile miss — soft reload before rotate
[w4:ij:pro] Site Turnstile remint timed out (9417ms)
[w4:ij:pro] Soft reload mint failed — rotating immediately
[w4:ij:pro] Tor NEWNYM gen=1; waiting 8000ms
[w4:ij:pro] Tor ready on 19054 exit=45.84.107.76
[w4:ij:pro] Rotating IP (#1, try 1) after No Turnstile token for direct search → tor#2 socks5://127.0.0.1:19054
[w4:ij:pro] Launching persistent Chrome profile /tmp/lll-pw-w4-r1
[w4:ij:pro] Proxy tor#2 socks5://127.0.0.1:19054
[w4:ij:pro] Opening https://lastletterlibrary.com
[w4:ij:pro] Library mode=pro
[w4:ij:pro] heartbeat words=23606 queue=158 rotation=1 idle=60s
[w4:ij:pro] Site Turnstile remint timed out (22736ms)
[w4:ij:pro] Search mode=direct (skip UI Wait Ns… gate)
[w4:ij:pro] Cleaned 1 old rotated profile(s)
[w4:ij:pro] Searching "perch" | queue=157 | words=23606
[w4:ij:pro] Managed Turnstile miss (15272ms)
[w4:ij:pro] Failed "perch" attempt 1: No Turnstile token for direct search
[w4:ij:pro] Saved 23,606 worker words
[w4:ij:pro] Turnstile miss — soft reload before rotate
[w4:ij:pro] Site Turnstile remint timed out (9396ms)
[w4:ij:pro] Soft reload mint failed — rotating immediately
[w4:ij:pro] Tor NEWNYM gen=2; waiting 8000ms
[w4:ij:pro] Tor ready on 19054 exit=192.42.116.145
[w4:ij:pro] Rotating IP (#2, try 1) after No Turnstile token for direct search → tor#3 socks5://127.0.0.1:19054
[w4:ij:pro] Launching persistent Chrome profile /tmp/lll-pw-w4-r2
[w4:ij:pro] Proxy tor#3 socks5://127.0.0.1:19054
[w4:ij:pro] Opening https://lastletterlibrary.com
[w4:ij:pro] heartbeat words=23606 queue=158 rotation=2 idle=120s
[w4:ij:pro] page.goto failed attempt 1: page.goto: net::ERR_TIMED_OUT at https://lastletterlibrary.com/
Call log:
  - navigating to "https://lastletterlibrary.c
[w4:ij:pro] page.goto failed attempt 2: page.goto: net::ERR_SOCKET_NOT_CONNECTED at https://lastletterlibrary.com/
Call log:
  - navigating to "https://lastlett
[w4:ij:pro] Library mode=pro
[w4:ij:pro] heartbeat words=23606 queue=158 rotation=2 idle=180s
[w4:ij:pro] No successful search for 180s — respawning worker
[w4:ij:pro] Graceful shutdown on watchdog
[w4:ij:pro] Saved 23,606 worker words
[w4:ij:pro] Site Turnstile remint timed out (6442ms)
[w4:ij:pro] Search mode=direct (skip UI Wait Ns… gate)
[w4:ij:pro] Cleaned 1 old rotated profile(s)
[w4:ij:pro] Searching "perch" | queue=157 | words=23606
[w4:ij:pro] Failed "perch" attempt 1: locator.count: Target page, context or browser has been closed
[w4:ij:pro] Saved 23,606 worker words
[w4:ij:pro] Searching "perch" | queue=157 | words=23606
[w4:ij:pro] Failed "perch" attempt 2: locator.count: Target page, context or browser has been closed
[w4:ij:pro] Saved 23,606 worker words
[w4:ij:pro] Tor exited code=0

--- respawn 2026-08-05T23:16:27.004Z ---
[w4:ij:pro] IP mode=tor
[w4:ij:pro] Cleaned 1 old rotated profile(s)
[w4:ij:pro] Starting persistent Tor socks=127.0.0.1:19054 control=127.0.0.1:29054
[w4:ij:pro] tor: Aug 05 18:16:27.000 [notice] Bootstrapped 0% (starting): Starting
[w4:ij:pro] tor: Aug 05 18:16:29.000 [notice] Bootstrapped 5% (conn): Connecting to a relay
[w4:ij:pro] tor: Aug 05 18:16:29.000 [notice] Bootstrapped 10% (conn_done): Connected to a relay
[w4:ij:pro] tor: Aug 05 18:16:29.000 [notice] Bootstrapped 14% (handshake): Handshaking with a relay
[w4:ij:pro] tor: Aug 05 18:16:30.000 [notice] Bootstrapped 15% (handshake_done): Handshake with a relay done
Aug 05 18:16:30.000 [notice] Bootstrapped 75% (enough_dirinfo): Load
[w4:ij:pro] tor: Aug 05 18:16:30.000 [notice] Bootstrapped 100% (done): Done
[w4:ij:pro] Tor ready on 19054 exit=92.246.84.133
[w4:ij:pro] Launching persistent Chrome profile /tmp/lll-pw-w4-r0
[w4:ij:pro] Proxy tor#1 socks5://127.0.0.1:19054
[w4:ij:pro] Opening https://lastletterlibrary.com
[w4:ij:pro] Library mode=pro
[w4:ij:pro] Managed Turnstile token (len=816, 7053ms, remount)
[w4:ij:pro] Search mode=direct (skip UI Wait Ns… gate)
[w4:ij:pro] Loaded 3308 prefixes, 23606 words; queue=158
[w4:ij:pro] Searching "perch" | queue=157 | words=23606
[w4:ij:pro] [api] 200 mode=pro startsWith=perch
[w4:ij:pro] [api] 200 mode=pro startsWith=perch (420ms direct)
[w4:ij:pro] "perch" → 33 records, 33 words (incl. exact "perch")
[w4:ij:pro] "perch" branch complete
[w4:ij:pro] Saved 23,639 worker words
[w4:ij:pro] Searching "perfn" | queue=156 | words=23639
[w4:ij:pro] Pacing 15s before "perfn" (gap=15500ms)
[w4:ij:pro] Managed Turnstile token (len=816, 9122ms, remount)
[w4:ij:pro] [api] 200 mode=pro startsWith=perfn
[w4:ij:pro] [api] 200 mode=pro startsWith=perfn (827ms direct)
[w4:ij:pro] "perfn" → 0 records, 0 words
[w4:ij:pro] "perfn" branch complete
[w4:ij:pro] Saved 23,639 worker words
[w4:ij:pro] Searching "perfs" | queue=155 | words=23639
[w4:ij:pro] Pacing 14s before "perfs" (gap=15500ms)
[w4:ij:pro] Managed Turnstile token (len=816, 9855ms, remount)
[w4:ij:pro] [api] 200 mode=pro startsWith=perfs
[w4:ij:pro] [api] 200 mode=pro startsWith=perfs (411ms direct)
[w4:ij:pro] "perfs" → 0 records, 0 words
[w4:ij:pro] "perfs" branch complete
[w4:ij:pro] Saved 23,639 worker words
[w4:ij:pro] Searching "perfx" | queue=154 | words=23639
[w4:ij:pro] Pacing 15s before "perfx" (gap=15500ms)
[w4:ij:pro] Managed Turnstile token (len=816, 4824ms, remount)
[w4:ij:pro] [api] 200 mode=pro startsWith=perfx
[w4:ij:pro] [api] 200 mode=pro startsWith=perfx (428ms direct)
[w4:ij:pro] "perfx" → 0 records, 0 words
[w4:ij:pro] "perfx" branch complete
[w4:ij:pro] Saved 23,639 worker words
[w4:ij:pro] Searching "perie" | queue=153 | words=23639
[w4:ij:pro] Pacing 16s before "perie" (gap=15500ms)
[w4:ij:pro] Managed Turnstile token (len=816, 4074ms, remount)
[w4:ij:pro] heartbeat words=23639 queue=153 rotation=0 idle=13s
[w4:ij:pro] [api] 200 mode=pro startsWith=perie
[w4:ij:pro] [api] 200 mode=pro startsWith=perie (416ms direct)
[w4:ij:pro] "perie" → 12 records, 12 words
[w4:ij:pro] "perie" branch complete
[w4:ij:pro] Saved 23,651 worker words
[w4:ij:pro] Searching "perij" | queue=152 | words=23651
[w4:ij:pro] Pacing 15s before "perij" (gap=15500ms)
[w4:ij:pro] Managed Turnstile token (len=794, 8111ms, remount)
[w4:ij:pro] [api] 200 mode=pro startsWith=perij
[w4:ij:pro] [api] 200 mode=pro startsWith=perij (437ms direct)
[w4:ij:pro] "perij" → 2 records, 2 words
[w4:ij:pro] "perij" branch complete
[w4:ij:pro] Saved 23,653 worker words
[w4:ij:pro] Searching "perio" | queue=151 | words=23653
[w4:ij:pro] Pacing 14s before "perio" (gap=15500ms)
[w4:ij:pro] Managed Turnstile token (len=816, 7914ms, remount)
[w4:ij:pro] [api] 200 mode=pro startsWith=perio
[w4:ij:pro] [api] 200 mode=pro startsWith=perio (938ms direct)
[w4:ij:pro] "perio" → 100 records, 100 words
[w4:ij:pro] Pacing 14s before "perio" (gap=15500ms)
[w4:ij:pro] Managed Turnstile token (len=816, 11484ms, remount)
[w4:ij:pro] [api] 200 mode=pro startsWith=perio
[w4:ij:pro] [api] 200 mode=pro startsWith=perio sort=alphabetical:desc (471ms direct)
[w4:ij:pro] "perio" full page ends at "periostites" (next='s'); skip 23 covered groups → 5 children reverse Z→A ends at "periodicity" (lo='d' hi='v'); skip 17 middle + 15 new words
[w4:ij:pro] Saved 23,768 worker words
[w4:ij:pro] Searching "perit" | queue=155 | words=23768
[w4:ij:pro] Pacing 14s before "perit" (gap=15500ms)
[w4:ij:pro] Managed Turnstile token (len=816, 6995ms, remount)
[w4:ij:pro] heartbeat words=23768 queue=155 rotation=0 idle=9s
[w4:ij:pro] [api] 200 mode=pro startsWith=perit
[w4:ij:pro] [api] 200 mode=pro startsWith=perit (404ms direct)
[w4:ij:pro] "perit" → 85 records, 85 words (incl. exact "perit")
[w4:ij:pro] "perit" branch complete
[w4:ij:pro] Saved 23,853 worker words; shared last.txt now 387,177
[w4:ij:pro] Searching "perml" | queue=154 | words=23853
[w4:ij:pro] Pacing 15s before "perml" (gap=15500ms)
[w4:ij:pro] Managed Turnstile token (len=816, 4915ms, remount)
[w4:ij:pro] [api] 200 mode=pro startsWith=perml
[w4:ij:pro] [api] 200 mode=pro startsWith=perml (434ms direct)
[w4:ij:pro] "perml" → 0 records, 0 words
[w4:ij:pro] "perml" branch complete
[w4:ij:pro] Saved 23,853 worker words
[w4:ij:pro] Searching "permq" | queue=153 | words=23853
[w4:ij:pro] Pacing 15s before "permq" (gap=15500ms)
[w4:ij:pro] Managed Turnstile token (len=816, 4881ms, remount)
[w4:ij:pro] [api] 200 mode=pro startsWith=permq
[w4:ij:pro] [api] 200 mode=pro startsWith=permq (427ms direct)
[w4:ij:pro] "permq" → 0 records, 0 words
[w4:ij:pro] "permq" branch complete
[w4:ij:pro] Saved 23,853 worker words
[w4:ij:pro] Searching "permv" | queue=152 | words=23853
[w4:ij:pro] Pacing 15s before "permv" (gap=15500ms)
[w4:ij:pro] Managed Turnstile miss (15776ms)
[w4:ij:pro] Failed "permv" attempt 1: No Turnstile token for direct search
[w4:ij:pro] Saved 23,853 worker words
[w4:ij:pro] Turnstile miss — soft reload before rotate
[w4:ij:pro] heartbeat words=23853 queue=153 rotation=0 idle=24s
[w4:ij:pro] Site Turnstile remint timed out (10345ms)
[w4:ij:pro] Soft reload mint failed — rotating immediately
[w4:ij:pro] Tor NEWNYM gen=1; waiting 8000ms
[w4:ij:pro] Tor ready on 19054 exit=185.220.101.11
[w4:ij:pro] Rotating IP (#1, try 1) after No Turnstile token for direct search → tor#2 socks5://127.0.0.1:19054
[w4:ij:pro] Launching persistent Chrome profile /tmp/lll-pw-w4-r1
[w4:ij:pro] Proxy tor#2 socks5://127.0.0.1:19054
[w4:ij:pro] Opening https://lastletterlibrary.com
[w4:ij:pro] Library mode=pro
[w4:ij:pro] Managed Turnstile token (len=816, 9012ms, remount)
[w4:ij:pro] Search mode=direct (skip UI Wait Ns… gate)
[w4:ij:pro] Cleaned 1 old rotated profile(s)
[w4:ij:pro] Searching "permv" | queue=152 | words=23853
[w4:ij:pro] [api] 200 mode=pro startsWith=permv
[w4:ij:pro] [api] 200 mode=pro startsWith=permv (657ms direct)
[w4:ij:pro] "permv" → 0 records, 0 words
[w4:ij:pro] "permv" branch complete
[w4:ij:pro] Saved 23,853 worker words
[w4:ij:pro] Searching "peroz" | queue=151 | words=23853
[w4:ij:pro] Pacing 14s before "peroz" (gap=15500ms)
[w4:ij:pro] Managed Turnstile token (len=816, 12410ms, remount)
[w4:ij:pro] [api] 200 mode=pro startsWith=peroz
[w4:ij:pro] [api] 200 mode=pro startsWith=peroz (1078ms direct)
[w4:ij:pro] "peroz" → 2 records, 2 words
[w4:ij:pro] "peroz" branch complete
[w4:ij:pro] Saved 23,855 worker words
[w4:ij:pro] Searching "persm" | queue=150 | words=23855
[w4:ij:pro] Pacing 15s before "persm" (gap=15500ms)
[w4:ij:pro] heartbeat words=23855 queue=150 rotation=1 idle=0s
[w4:ij:pro] Managed Turnstile token (len=816, 4438ms, remount)
[w4:ij:pro] [api] 200 mode=pro startsWith=persm
[w4:ij:pro] [api] 200 mode=pro startsWith=persm (454ms direct)
[w4:ij:pro] "persm" → 0 records, 0 words
[w4:ij:pro] "persm" branch complete
[w4:ij:pro] Saved 23,855 worker words
[w4:ij:pro] Searching "persz" | queue=149 | words=23855
[w4:ij:pro] Pacing 15s before "persz" (gap=15500ms)
[w4:ij:pro] Managed Turnstile token (len=816, 7876ms, remount)
[w4:ij:pro] [api] 200 mode=pro startsWith=persz
[w4:ij:pro] [api] 200 mode=pro startsWith=persz (454ms direct)
[w4:ij:pro] "persz" → 0 records, 0 words
[w4:ij:pro] "persz" branch complete
[w4:ij:pro] Saved 23,855 worker words
[w4:ij:pro] Searching "petrx" | queue=148 | words=23855
[w4:ij:pro] Pacing 14s before "petrx" (gap=15500ms)
[w4:ij:pro] Managed Turnstile token (len=816, 6659ms, remount)
[w4:ij:pro] [api] 429 mode=pro startsWith=petrx
[w4:ij:pro] [api] 429 mode=pro startsWith=petrx (403ms direct)
[w4:ij:pro] Learned server gap ≈ 15500ms (wait hint 2000ms)
[w4:ij:pro] Rate limited — inline wait 2000ms then retry "petrx"
[w4:ij:pro] Managed Turnstile token (len=816, 4242ms, remount)
[w4:ij:pro] [api] 200 mode=pro startsWith=petrx
[w4:ij:pro] [api] 200 mode=pro startsWith=petrx (401ms direct)
[w4:ij:pro] "petrx" → 0 records, 0 words
[w4:ij:pro] "petrx" branch complete
[w4:ij:pro] heartbeat words=23855 queue=148 rotation=1 idle=28s
[w4:ij:pro] Saved 23,855 worker words; shared last.txt now 388,224
[w4:ij:pro] Searching "phaln" | queue=147 | words=23855
[w4:ij:pro] Pacing 2s before "phaln" (gap=15500ms)
[w4:ij:pro] Managed Turnstile miss (15910ms)
[w4:ij:pro] Failed "phaln" attempt 1: No Turnstile token for direct search
[w4:ij:pro] Saved 23,855 worker words
[w4:ij:pro] Turnstile miss — soft reload before rotate
[w4:ij:pro] Turnstile mint hard timeout after 15000ms
[w4:ij:pro] Soft reload mint failed — rotating immediately
[w4:ij:pro] Tor NEWNYM gen=2; waiting 8000ms
[w4:ij:pro] Tor ready on 19054 exit=23.191.200.25
[w4:ij:pro] Rotating IP (#2, try 1) after No Turnstile token for direct search → tor#3 socks5://127.0.0.1:19054
[w4:ij:pro] Launching persistent Chrome profile /tmp/lll-pw-w4-r2
[w4:ij:pro] Proxy tor#3 socks5://127.0.0.1:19054
[w4:ij:pro] Opening https://lastletterlibrary.com
[w4:ij:pro] Library mode=pro
[w4:ij:pro] heartbeat words=23855 queue=148 rotation=2 idle=58s
[w4:ij:pro] Site Turnstile remint timed out (22758ms)
[w4:ij:pro] Search mode=direct (skip UI Wait Ns… gate)
[w4:ij:pro] Cleaned 1 old rotated profile(s)
[w4:ij:pro] Searching "phaln" | queue=147 | words=23855
[w4:ij:pro] Managed Turnstile miss (15797ms)
[w4:ij:pro] Failed "phaln" attempt 1: No Turnstile token for direct search
[w4:ij:pro] Saved 23,855 worker words
[w4:ij:pro] Turnstile miss — soft reload before rotate
[w4:ij:pro] Site Turnstile remint timed out (10686ms)
[w4:ij:pro] Soft reload mint failed — rotating immediately
[w4:ij:pro] Tor NEWNYM gen=3; waiting 8000ms
[w4:ij:pro] heartbeat words=23855 queue=148 rotation=3 idle=118s
[w4:ij:pro] Tor ready on 19054 exit=171.25.193.78
[w4:ij:pro] Rotating IP (#3, try 1) after No Turnstile token for direct search → tor#4 socks5://127.0.0.1:19054
[w4:ij:pro] Launching persistent Chrome profile /tmp/lll-pw-w4-r3
[w4:ij:pro] Proxy tor#4 socks5://127.0.0.1:19054
[w4:ij:pro] Opening https://lastletterlibrary.com
[w4:ij:pro] Library mode=pro
[w4:ij:pro] Site Turnstile remint timed out (22351ms)
[w4:ij:pro] Search mode=direct (skip UI Wait Ns… gate)
[w4:ij:pro] Cleaned 1 old rotated profile(s)
[w4:ij:pro] Searching "phaln" | queue=147 | words=23855
[w4:ij:pro] Managed Turnstile miss (15125ms)
[w4:ij:pro] Failed "phaln" attempt 1: No Turnstile token for direct search
[w4:ij:pro] Saved 23,855 worker words
[w4:ij:pro] Turnstile miss — soft reload before rotate
[w4:ij:pro] heartbeat words=23855 queue=148 rotation=3 idle=178s
[w4:ij:pro] Turnstile mint hard timeout after 15000ms
[w4:ij:pro] Site Turnstile remint timed out (15883ms)
[w4:ij:pro] Soft reload mint failed — rotating immediately
[w4:ij:pro] Tor NEWNYM gen=4; waiting 8000ms
[w4:ij:pro] Tor ready on 19054 exit=192.42.116.58
[w4:ij:pro] Rotating IP (#4, try 1) after No Turnstile token for direct search → tor#5 socks5://127.0.0.1:19054
[w4:ij:pro] Launching persistent Chrome profile /tmp/lll-pw-w4-r4
[w4:ij:pro] Proxy tor#5 socks5://127.0.0.1:19054
[w4:ij:pro] Opening https://lastletterlibrary.com
[w4:ij:pro] page.goto failed attempt 1: page.goto: net::ERR_TIMED_OUT at https://lastletterlibrary.com/
Call log:
  - navigating to "https://lastletterlibrary.c
[w4:ij:pro] heartbeat words=23855 queue=148 rotation=4 idle=238s
[w4:ij:pro] No successful search for 180s — respawning worker
[w4:ij:pro] Graceful shutdown on watchdog
[w4:ij:pro] Saved 23,855 worker words
[w4:ij:pro] page.goto failed attempt 2: page.goto: net::ERR_ABORTED at https://lastletterlibrary.com/
Call log:
  - navigating to "https://lastletterlibrary.com
[w4:ij:pro] page.goto failed attempt 3: page.goto: Target page, context or browser has been closed
[w4:ij:pro] Tor exited code=0

--- respawn 2026-08-05T23:25:58.179Z ---
[w4:ij:pro] IP mode=tor
[w4:ij:pro] Cleaned 2 old rotated profile(s)
[w4:ij:pro] Starting persistent Tor socks=127.0.0.1:19054 control=127.0.0.1:29054
[w4:ij:pro] tor: Aug 05 18:26:10.000 [notice] Bootstrapped 0% (starting): Starting
[w4:ij:pro] tor: Aug 05 18:26:15.000 [notice] Bootstrapped 5% (conn): Connecting to a relay
[w4:ij:pro] tor: Aug 05 18:26:15.000 [notice] Bootstrapped 10% (conn_done): Connected to a relay
[w4:ij:pro] tor: Aug 05 18:26:15.000 [notice] Bootstrapped 14% (handshake): Handshaking with a relay
[w4:ij:pro] tor: Aug 05 18:26:15.000 [notice] Bootstrapped 15% (handshake_done): Handshake with a relay done
Aug 05 18:26:15.000 [notice] Bootstrapped 75% (enough_dirinfo): Load
[w4:ij:pro] tor: Aug 05 18:26:16.000 [notice] Bootstrapped 100% (done): Done
[w4:ij:pro] Tor ready on 19054 exit=192.42.116.19
[w4:ij:pro] Launching persistent Chrome profile /tmp/lll-pw-w4-r0
[w4:ij:pro] Proxy tor#1 socks5://127.0.0.1:19054
[w4:ij:pro] Opening https://lastletterlibrary.com
[w4:ij:pro] Library mode=pro
[w4:ij:pro] Managed Turnstile token (len=816, 7017ms, remount)
[w4:ij:pro] Search mode=direct (skip UI Wait Ns… gate)
[w4:ij:pro] Loaded 3346 prefixes, 23855 words; queue=148
[w4:ij:pro] Searching "phaln" | queue=147 | words=23855
[w4:ij:pro] [api] 200 mode=pro startsWith=phaln
[w4:ij:pro] [api] 200 mode=pro startsWith=phaln (459ms direct)
[w4:ij:pro] "phaln" → 0 records, 0 words
[w4:ij:pro] "phaln" branch complete
[w4:ij:pro] Saved 23,855 worker words
[w4:ij:pro] Searching "phals" | queue=146 | words=23855
[w4:ij:pro] Pacing 15s before "phals" (gap=15500ms)
[w4:ij:pro] Managed Turnstile token (len=816, 8321ms, remount)
[w4:ij:pro] [api] 200 mode=pro startsWith=phals
[w4:ij:pro] [api] 200 mode=pro startsWith=phals (527ms direct)
[w4:ij:pro] "phals" → 0 records, 0 words
[w4:ij:pro] "phals" branch complete
[w4:ij:pro] Saved 23,855 worker words
[w4:ij:pro] Searching "phalx" | queue=145 | words=23855
[w4:ij:pro] Pacing 14s before "phalx" (gap=15500ms)
[w4:ij:pro] Managed Turnstile token (len=816, 11498ms, remount)
[w4:ij:pro] [api] 200 mode=pro startsWith=phalx
[w4:ij:pro] [api] 200 mode=pro startsWith=phalx (712ms direct)
[w4:ij:pro] "phalx" → 0 records, 0 words
[w4:ij:pro] "phalx" branch complete
[w4:ij:pro] Saved 23,855 worker words
[w4:ij:pro] Searching "phanv" | queue=144 | words=23855
[w4:ij:pro] Pacing 13s before "phanv" (gap=15500ms)
[w4:ij:pro] Managed Turnstile token (len=816, 7393ms, remount)
[w4:ij:pro] [api] 429 mode=pro startsWith=phanv
[w4:ij:pro] [api] 429 mode=pro startsWith=phanv (486ms direct)
[w4:ij:pro] Learned server gap ≈ 15500ms (wait hint 2000ms)
[w4:ij:pro] Rate limited — inline wait 2000ms then retry "phanv"
[w4:ij:pro] Managed Turnstile token (len=816, 5018ms, remount)
[w4:ij:pro] [api] 200 mode=pro startsWith=phanv
[w4:ij:pro] [api] 200 mode=pro startsWith=phanv (413ms direct)
[w4:ij:pro] "phanv" → 0 records, 0 words
[w4:ij:pro] "phanv" branch complete
[w4:ij:pro] Saved 23,855 worker words
[w4:ij:pro] Searching "pharm" | queue=143 | words=23855
[w4:ij:pro] Pacing 15s before "pharm" (gap=15500ms)
[w4:ij:pro] Managed Turnstile token (len=816, 5979ms, remount)
[w4:ij:pro] heartbeat words=23855 queue=143 rotation=0 idle=7s
[w4:ij:pro] [api] 200 mode=pro startsWith=pharm
[w4:ij:pro] [api] 200 mode=pro startsWith=pharm (453ms direct)
[w4:ij:pro] "pharm" → 100 records, 100 words (incl. exact "pharm")
[w4:ij:pro] Pacing 15s before "pharm" (gap=15500ms)
[w4:ij:pro] Managed Turnstile token (len=816, 12909ms, remount)
[w4:ij:pro] [api] 200 mode=pro startsWith=pharm
[w4:ij:pro] [api] 200 mode=pro startsWith=pharm sort=alphabetical:desc (601ms direct)
[w4:ij:pro] "pharm" full page ends at "pharmakoi" (next='a'); skip 21 covered groups → 7 children reverse Z→A ends at "pharmaceuticals" (lo='a' hi='u'); skip 19 middle + 10 new words
[w4:ij:pro] Saved 23,965 worker words
[w4:ij:pro] Searching "phenq" | queue=149 | words=23965
[w4:ij:pro] Pacing 13s before "phenq" (gap=15500ms)
[w4:ij:pro] Managed Turnstile token (len=816, 15388ms, remount)
[w4:ij:pro] [api] 200 mode=pro startsWith=phenq
[w4:ij:pro] [api] 200 mode=pro startsWith=phenq (531ms direct)
[w4:ij:pro] "phenq" → 0 records, 0 words
[w4:ij:pro] "phenq" branch complete
[w4:ij:pro] Saved 23,965 worker words
[w4:ij:pro] Searching "phenv" | queue=148 | words=23965
[w4:ij:pro] Pacing 10s before "phenv" (gap=15500ms)
[w4:ij:pro] Managed Turnstile token (len=816, 9162ms, remount)
[w4:ij:pro] [api] 200 mode=pro startsWith=phenv
[w4:ij:pro] [api] 200 mode=pro startsWith=phenv (611ms direct)
[w4:ij:pro] "phenv" → 0 records, 0 words
[w4:ij:pro] "phenv" branch complete
[w4:ij:pro] Saved 23,965 worker words
[w4:ij:pro] Searching "phili" | queue=147 | words=23965
[w4:ij:pro] Pacing 15s before "phili" (gap=15500ms)
[w4:ij:pro] heartbeat words=23965 queue=147 rotation=0 idle=3s
[w4:ij:pro] Managed Turnstile token (len=816, 6107ms, remount)
[w4:ij:pro] [api] 200 mode=pro startsWith=phili
[w4:ij:pro] [api] 200 mode=pro startsWith=phili (590ms direct)
[w4:ij:pro] "phili" → 40 records, 40 words
[w4:ij:pro] "phili" branch complete
[w4:ij:pro] Saved 24,005 worker words
[w4:ij:pro] Searching "philn" | queue=146 | words=24005
[w4:ij:pro] Pacing 1s before "philn" (gap=15500ms)
[w4:ij:pro] Managed Turnstile miss (16446ms)
[w4:ij:pro] Failed "philn" attempt 1: No Turnstile token for direct search
[w4:ij:pro] Saved 24,005 worker words
[w4:ij:pro] Turnstile miss — soft reload before rotate
[w4:ij:pro] Site Turnstile remint timed out (11737ms)
[w4:ij:pro] Soft reload mint failed — rotating immediately
[w4:ij:pro] heartbeat words=24005 queue=147 rotation=1 idle=34s
[w4:ij:pro] Tor NEWNYM gen=1; waiting 8000ms
[w4:ij:pro] Tor ready on 19054 exit=192.42.116.145
[w4:ij:pro] Rotating IP (#1, try 1) after No Turnstile token for direct search → tor#2 socks5://127.0.0.1:19054
[w4:ij:pro] Launching persistent Chrome profile /tmp/lll-pw-w4-r1
[w4:ij:pro] Proxy tor#2 socks5://127.0.0.1:19054
[w4:ij:pro] Opening https://lastletterlibrary.com
[w4:ij:pro] Library mode=pro
[w4:ij:pro] heartbeat words=24005 queue=147 rotation=1 idle=94s
[w4:ij:pro] Site Turnstile remint timed out (22489ms)
[w4:ij:pro] Search mode=direct (skip UI Wait Ns… gate)
[w4:ij:pro] Cleaned 1 old rotated profile(s)
[w4:ij:pro] Searching "philn" | queue=146 | words=24005
[w4:ij:pro] Managed Turnstile miss (15076ms)
[w4:ij:pro] Failed "philn" attempt 1: No Turnstile token for direct search
[w4:ij:pro] Saved 24,005 worker words
[w4:ij:pro] Turnstile miss — soft reload before rotate
[w4:ij:pro] Site Turnstile remint timed out (9553ms)
[w4:ij:pro] Soft reload mint failed — rotating immediately
[w4:ij:pro] Tor NEWNYM gen=2; waiting 8000ms
[w4:ij:pro] Tor ready on 19054 exit=192.42.116.143
[w4:ij:pro] Rotating IP (#2, try 1) after No Turnstile token for direct search → tor#3 socks5://127.0.0.1:19054
[w4:ij:pro] Launching persistent Chrome profile /tmp/lll-pw-w4-r2
[w4:ij:pro] Proxy tor#3 socks5://127.0.0.1:19054
[w4:ij:pro] Opening https://lastletterlibrary.com
[w4:ij:pro] Library mode=pro
[w4:ij:pro] heartbeat words=24005 queue=147 rotation=2 idle=154s
[w4:ij:pro] Managed Turnstile token (len=816, 9583ms, remount)
[w4:ij:pro] Search mode=direct (skip UI Wait Ns… gate)
[w4:ij:pro] Cleaned 1 old rotated profile(s)
[w4:ij:pro] Searching "philn" | queue=146 | words=24005
[w4:ij:pro] [api] 200 mode=pro startsWith=philn
[w4:ij:pro] [api] 200 mode=pro startsWith=philn (750ms direct)
[w4:ij:pro] "philn" → 0 records, 0 words
[w4:ij:pro] "philn" branch complete
[w4:ij:pro] Saved 24,005 worker words
[w4:ij:pro] Searching "phlev" | queue=145 | words=24005
[w4:ij:pro] Pacing 15s before "phlev" (gap=15500ms)
[w4:ij:pro] Managed Turnstile token (len=816, 8567ms, remount)
[w4:ij:pro] [api] 200 mode=pro startsWith=phlev
[w4:ij:pro] [api] 200 mode=pro startsWith=phlev (546ms direct)
[w4:ij:pro] "phlev" → 0 records, 0 words
[w4:ij:pro] "phlev" branch complete
[w4:ij:pro] Saved 24,005 worker words
[w4:ij:pro] Searching "phone" | queue=144 | words=24005
[w4:ij:pro] Pacing 14s before "phone" (gap=15500ms)
[w4:ij:pro] Managed Turnstile miss (16315ms)
[w4:ij:pro] Failed "phone" attempt 1: No Turnstile token for direct search
[w4:ij:pro] Saved 24,005 worker words
[w4:ij:pro] Turnstile miss — soft reload before rotate
[w4:ij:pro] Managed Turnstile token (len=816, 4906ms, remount)
[w4:ij:pro] Searching "phone" | queue=144 | words=24005
[w4:ij:pro] [api] 200 mode=pro startsWith=phone
[w4:ij:pro] [api] 200 mode=pro startsWith=phone (587ms direct)
[w4:ij:pro] "phone" → 84 records, 84 words (incl. exact "phone")
[w4:ij:pro] "phone" branch complete
[w4:ij:pro] Saved 24,089 worker words
[w4:ij:pro] Searching "phonj" | queue=143 | words=24089
[w4:ij:pro] Pacing 15s before "phonj" (gap=15500ms)
[w4:ij:pro] Managed Turnstile token (len=816, 4429ms, remount)
[w4:ij:pro] heartbeat words=24089 queue=143 rotation=2 idle=15s
[w4:ij:pro] [api] 200 mode=pro startsWith=phonj
[w4:ij:pro] [api] 200 mode=pro startsWith=phonj (502ms direct)
[w4:ij:pro] "phonj" → 0 records, 0 words
[w4:ij:pro] "phonj" branch complete
[w4:ij:pro] Saved 24,089 worker words
[w4:ij:pro] Searching "phonz" | queue=142 | words=24089
[w4:ij:pro] Pacing 15s before "phonz" (gap=15500ms)
[w4:ij:pro] Managed Turnstile token (len=816, 5497ms, remount)
[w4:ij:pro] [api] 200 mode=pro startsWith=phonz
[w4:ij:pro] [api] 200 mode=pro startsWith=phonz (530ms direct)
[w4:ij:pro] "phonz" → 0 records, 0 words
[w4:ij:pro] "phonz" branch complete
[w4:ij:pro] Saved 24,089 worker words; shared last.txt now 392,938
[w4:ij:pro] Searching "phosv" | queue=141 | words=24089
[w4:ij:pro] Pacing 15s before "phosv" (gap=15500ms)
[w4:ij:pro] Managed Turnstile token (len=816, 4979ms, remount)
[w4:ij:pro] [api] 200 mode=pro startsWith=phosv
[w4:ij:pro] [api] 200 mode=pro startsWith=phosv (504ms direct)
[w4:ij:pro] "phosv" → 0 records, 0 words
[w4:ij:pro] "phosv" branch complete
[w4:ij:pro] Saved 24,089 worker words
[w4:ij:pro] Searching "photo" | queue=140 | words=24089
[w4:ij:pro] Pacing 15s before "photo" (gap=15500ms)
[w4:ij:pro] Managed Turnstile token (len=816, 7664ms, remount)
[w4:ij:pro] [api] 200 mode=pro startsWith=photo
[w4:ij:pro] [api] 200 mode=pro startsWith=photo (600ms direct)
[w4:ij:pro] "photo" → 100 records, 100 words (incl. exact "photo")
[w4:ij:pro] Pacing 15s before "photo" (gap=15500ms)
[w4:ij:pro] Managed Turnstile token (len=816, 10001ms, remount)
[w4:ij:pro] heartbeat words=24189 queue=140 rotation=2 idle=29s
[w4:ij:pro] [api] 200 mode=pro startsWith=photo
[w4:ij:pro] [api] 200 mode=pro startsWith=photo sort=alphabetical:desc (496ms direct)
[w4:ij:pro] "photo" full page ends at "photochromotype" (next='c'); skip 10 covered groups → 18 children reverse Z→A ends at "photosynthesizes" (lo='s' hi='z'); skip 6 middle + 100 new words
[w4:ij:pro] Saved 24,289 worker words
[w4:ij:pro] Searching "photy" | queue=157 | words=24289
[w4:ij:pro] Pacing 14s before "photy" (gap=15500ms)
[w4:ij:pro] Managed Turnstile token (len=816, 13093ms, remount)
[w4:ij:pro] [api] 200 mode=pro startsWith=photy
[w4:ij:pro] [api] 200 mode=pro startsWith=photy (481ms direct)
[w4:ij:pro] "photy" → 0 records, 0 words
[w4:ij:pro] "photy" branch complete
[w4:ij:pro] Saved 24,289 worker words
[w4:ij:pro] Searching "phylw" | queue=156 | words=24289
[w4:ij:pro] Pacing 14s before "phylw" (gap=15500ms)
[w4:ij:pro] Managed Turnstile token (len=816, 11294ms, remount)
[w4:ij:pro] [api] 200 mode=pro startsWith=phylw
[w4:ij:pro] [api] 200 mode=pro startsWith=phylw (439ms direct)
[w4:ij:pro] "phylw" → 0 records, 0 words
[w4:ij:pro] "phylw" branch complete
[w4:ij:pro] Saved 24,289 worker words
[w4:ij:pro] Searching "physo" | queue=155 | words=24289
[w4:ij:pro] Pacing 15s before "physo" (gap=15500ms)
[w4:ij:pro] Managed Turnstile token (len=816, 9394ms, remount)
[w4:ij:pro] [api] 200 mode=pro startsWith=physo
[w4:ij:pro] [api] 200 mode=pro startsWith=physo (459ms direct)
[w4:ij:pro] "physo" → 33 records, 33 words
[w4:ij:pro] "physo" branch complete
[w4:ij:pro] Saved 24,322 worker words
[w4:ij:pro] Searching "physt" | queue=154 | words=24322
[w4:ij:pro] Pacing 15s before "physt" (gap=15500ms)
[w4:ij:pro] heartbeat words=24322 queue=154 rotation=2 idle=11s
[w4:ij:pro] Managed Turnstile miss (15189ms)
[w4:ij:pro] Failed "physt" attempt 1: No Turnstile token for direct search
[w4:ij:pro] Saved 24,322 worker words
[w4:ij:pro] Turnstile miss — soft reload before rotate
[w4:ij:pro] Turnstile token present (len=816)
[w4:ij:pro] Site Turnstile token (11375ms)
[w4:ij:pro] Searching "physt" | queue=154 | words=24322
[w4:ij:pro] [api] 200 mode=pro startsWith=physt
[w4:ij:pro] [api] 200 mode=pro startsWith=physt (510ms direct)
[w4:ij:pro] "physt" → 0 records, 0 words
[w4:ij:pro] "physt" branch complete
[w4:ij:pro] Saved 24,322 worker words
[w4:ij:pro] Searching "physy" | queue=153 | words=24322
[w4:ij:pro] Pacing 15s before "physy" (gap=15500ms)
[w4:ij:pro] Managed Turnstile token (len=816, 9588ms, remount)
[w4:ij:pro] [api] 200 mode=pro startsWith=physy
[w4:ij:pro] [api] 200 mode=pro startsWith=physy (481ms direct)
[w4:ij:pro] "physy" → 0 records, 0 words
[w4:ij:pro] "physy" branch complete
[w4:ij:pro] Saved 24,322 worker words; shared last.txt now 393,813
[w4:ij:pro] Searching "picky" | queue=152 | words=24322
[w4:ij:pro] Pacing 13s before "picky" (gap=15500ms)
[w4:ij:pro] Managed Turnstile miss (15295ms)
[w4:ij:pro] Failed "picky" attempt 1: No Turnstile token for direct search
[w4:ij:pro] Saved 24,322 worker words
[w4:ij:pro] Turnstile miss — soft reload before rotate
[w4:ij:pro] heartbeat words=24322 queue=153 rotation=2 idle=24s
[w4:ij:pro] Site Turnstile remint timed out (13433ms)
[w4:ij:pro] Soft reload mint failed — rotating immediately
[w4:ij:pro] Tor NEWNYM gen=3; waiting 8000ms
[w4:ij:pro] Tor ready on 19054 exit=192.42.116.118
[w4:ij:pro] Rotating IP (#3, try 1) after No Turnstile token for direct search → tor#4 socks5://127.0.0.1:19054
[w4:ij:pro] Launching persistent Chrome profile /tmp/lll-pw-w4-r3
[w4:ij:pro] Proxy tor#4 socks5://127.0.0.1:19054
[w4:ij:pro] Opening https://lastletterlibrary.com
[w4:ij:pro] Library mode=pro
[w4:ij:pro] Managed Turnstile token (len=816, 11064ms, remount)
[w4:ij:pro] Search mode=direct (skip UI Wait Ns… gate)
[w4:ij:pro] Cleaned 1 old rotated profile(s)
[w4:ij:pro] Searching "picky" | queue=152 | words=24322
[w4:ij:pro] [api] 200 mode=pro startsWith=picky
[w4:ij:pro] [api] 200 mode=pro startsWith=picky (616ms direct)
[w4:ij:pro] "picky" → 1 records, 1 words (incl. exact "picky")
[w4:ij:pro] "picky" branch complete
[w4:ij:pro] Saved 24,323 worker words
[w4:ij:pro] Searching "placu" | queue=151 | words=24323
[w4:ij:pro] Pacing 15s before "placu" (gap=15500ms)
[w4:ij:pro] Managed Turnstile token (len=816, 6089ms, remount)
[w4:ij:pro] [api] 200 mode=pro startsWith=placu
[w4:ij:pro] [api] 200 mode=pro startsWith=placu (452ms direct)
[w4:ij:pro] "placu" → 4 records, 4 words
[w4:ij:pro] "placu" branch complete
[w4:ij:pro] Saved 24,323 worker words
[w4:ij:pro] Searching "placv" | queue=150 | words=24323
[w4:ij:pro] Pacing 15s before "placv" (gap=15500ms)
[w4:ij:pro] heartbeat words=24323 queue=150 rotation=3 idle=5s
[w4:ij:pro] Managed Turnstile token (len=816, 6557ms, remount)
[w4:ij:pro] [api] 200 mode=pro startsWith=placv
[w4:ij:pro] [api] 200 mode=pro startsWith=placv (509ms direct)
[w4:ij:pro] "placv" → 0 records, 0 words
[w4:ij:pro] "placv" branch complete
[w4:ij:pro] Saved 24,323 worker words
[w4:ij:pro] Searching "placw" | queue=149 | words=24323
[w4:ij:pro] Pacing 15s before "placw" (gap=15500ms)
[w4:ij:pro] Managed Turnstile token (len=816, 9992ms, remount)
[w4:ij:pro] [api] 200 mode=pro startsWith=placw
[w4:ij:pro] [api] 200 mode=pro startsWith=placw (500ms direct)
[w4:ij:pro] "placw" → 0 records, 0 words
[w4:ij:pro] "placw" branch complete
[w4:ij:pro] Saved 24,323 worker words
[w4:ij:pro] Searching "placx" | queue=148 | words=24323
[w4:ij:pro] Pacing 14s before "placx" (gap=15500ms)
[w4:ij:pro] Managed Turnstile token (len=816, 11864ms, remount)
[w4:ij:pro] [api] 200 mode=pro startsWith=placx
[w4:ij:pro] [api] 200 mode=pro startsWith=placx (405ms direct)
[w4:ij:pro] "placx" → 0 records, 0 words
[w4:ij:pro] "placx" branch complete
[w4:ij:pro] Saved 24,323 worker words
[w4:ij:pro] Searching "placy" | queue=147 | words=24323
[w4:ij:pro] Pacing 5s before "placy" (gap=15500ms)
[w4:ij:pro] Managed Turnstile miss (18835ms)
[w4:ij:pro] heartbeat words=24323 queue=147 rotation=3 idle=19s
[w4:ij:pro] Failed "placy" attempt 1: No Turnstile token for direct search
[w4:ij:pro] Saved 24,323 worker words
[w4:ij:pro] Turnstile miss — soft reload before rotate
[w4:ij:pro] Turnstile token present (len=816)
[w4:ij:pro] Site Turnstile token (5729ms)
[w4:ij:pro] Searching "placy" | queue=147 | words=24323
[w4:ij:pro] [api] 200 mode=pro startsWith=placy
[w4:ij:pro] [api] 200 mode=pro startsWith=placy (417ms direct)
[w4:ij:pro] "placy" → 0 records, 0 words
[w4:ij:pro] "placy" branch complete
[w4:ij:pro] Saved 24,323 worker words; shared last.txt now 394,653
[w4:ij:pro] Searching "placz" | queue=146 | words=24323
[w4:ij:pro] Pacing 13s before "placz" (gap=15500ms)
[w4:ij:pro] Managed Turnstile token (len=816, 6952ms, remount)
[w4:ij:pro] [api] 200 mode=pro startsWith=placz
[w4:ij:pro] [api] 200 mode=pro startsWith=placz (430ms direct)
[w4:ij:pro] "placz" → 0 records, 0 words
[w4:ij:pro] "placz" branch complete
[w4:ij:pro] Saved 24,323 worker words
[w4:ij:pro] Searching "poliz" | queue=145 | words=24323
[w4:ij:pro] Pacing 15s before "poliz" (gap=15500ms)
[w4:ij:pro] Managed Turnstile token (len=816, 6344ms, remount)
[w4:ij:pro] [api] 200 mode=pro startsWith=poliz
[w4:ij:pro] [api] 200 mode=pro startsWith=poliz (511ms direct)
[w4:ij:pro] "poliz" → 2 records, 2 words
[w4:ij:pro] "poliz" branch complete
[w4:ij:pro] Saved 24,323 worker words
[w4:ij:pro] Searching "portg" | queue=144 | words=24323
[w4:ij:pro] Pacing 14s before "portg" (gap=15500ms)
[w4:ij:pro] Managed Turnstile token (len=816, 9593ms, remount)
[w4:ij:pro] [api] 200 mode=pro startsWith=portg
[w4:ij:pro] [api] 200 mode=pro startsWith=portg (412ms direct)
[w4:ij:pro] "portg" → 4 records, 4 words
[w4:ij:pro] "portg" branch complete
[w4:ij:pro] Saved 24,323 worker words
[w4:ij:pro] Searching "porth" | queue=143 | words=24323
[w4:ij:pro] Pacing 15s before "porth" (gap=15500ms)
[w4:ij:pro] heartbeat words=24323 queue=143 rotation=3 idle=2s
[w4:ij:pro] Managed Turnstile miss (15201ms)
[w4:ij:pro] Failed "porth" attempt 1: No Turnstile token for direct search
[w4:ij:pro] Saved 24,323 worker words
[w4:ij:pro] Turnstile miss — soft reload before rotate
[w4:ij:pro] Turnstile token present (len=816)
[w4:ij:pro] Site Turnstile token (9724ms)
[w4:ij:pro] Searching "porth" | queue=143 | words=24323
[w4:ij:pro] [api] 200 mode=pro startsWith=porth
[w4:ij:pro] [api] 200 mode=pro startsWith=porth (448ms direct)
[w4:ij:pro] "porth" → 11 records, 11 words
[w4:ij:pro] "porth" branch complete
[w4:ij:pro] Saved 24,334 worker words
[w4:ij:pro] Searching "porti" | queue=142 | words=24334
[w4:ij:pro] Pacing 15s before "porti" (gap=15500ms)
[w4:ij:pro] Managed Turnstile token (len=816, 14552ms, remount)
[w4:ij:pro] [api] 200 mode=pro startsWith=porti
[w4:ij:pro] [api] 200 mode=pro startsWith=porti (471ms direct)
[w4:ij:pro] "porti" → 33 records, 33 words
[w4:ij:pro] "porti" branch complete
[w4:ij:pro] Saved 24,367 worker words
[w4:ij:pro] Searching "portj" | queue=141 | words=24367
[w4:ij:pro] Pacing 14s before "portj" (gap=15500ms)
[w4:ij:pro] Managed Turnstile miss (15805ms)
[w4:ij:pro] Failed "portj" attempt 1: No Turnstile token for direct search
[w4:ij:pro] Saved 24,367 worker words
[w4:ij:pro] Turnstile miss — soft reload before rotate
[w4:ij:pro] heartbeat words=24367 queue=142 rotation=3 idle=17s
[w4:ij:pro] Site Turnstile remint timed out (13749ms)
[w4:ij:pro] Soft reload mint failed — rotating immediately
[w4:ij:pro] Tor NEWNYM gen=4; waiting 8000ms
[w4:ij:pro] Tor exit IP probe failed (try 1/6)
[w4:ij:pro] Tor NEWNYM gen=5; waiting 8000ms
[w4:ij:pro] heartbeat words=24367 queue=142 rotation=4 idle=77s
[w4:ij:pro] Tor ready on 19054 exit=5.255.111.52
[w4:ij:pro] Rotating IP (#4, try 1) after No Turnstile token for direct search → tor#5 socks5://127.0.0.1:19054
[w4:ij:pro] Launching persistent Chrome profile /tmp/lll-pw-w4-r4
[w4:ij:pro] Proxy tor#5 socks5://127.0.0.1:19054
[w4:ij:pro] Opening https://lastletterlibrary.com
[w4:ij:pro] Library mode=pro
[w4:ij:pro] Site Turnstile remint timed out (24901ms)
[w4:ij:pro] Search mode=direct (skip UI Wait Ns… gate)
[w4:ij:pro] Cleaned 1 old rotated profile(s)
[w4:ij:pro] Searching "portj" | queue=141 | words=24367
[w4:ij:pro] heartbeat words=24367 queue=141 rotation=4 idle=137s
[w4:ij:pro] Managed Turnstile miss (15159ms)
[w4:ij:pro] Failed "portj" attempt 1: No Turnstile token for direct search
[w4:ij:pro] Saved 24,367 worker words; shared last.txt now 395,746
[w4:ij:pro] Turnstile miss — soft reload before rotate
[w4:ij:pro] Turnstile token present (len=816)
[w4:ij:pro] Site Turnstile token (7049ms)
[w4:ij:pro] Searching "portj" | queue=141 | words=24367
[w4:ij:pro] [api] 200 mode=pro startsWith=portj
[w4:ij:pro] [api] 200 mode=pro startsWith=portj (446ms direct)
[w4:ij:pro] "portj" → 0 records, 0 words
[w4:ij:pro] "portj" branch complete
[w4:ij:pro] Saved 24,367 worker words
[w4:ij:pro] Searching "portk" | queue=140 | words=24367
[w4:ij:pro] Pacing 15s before "portk" (gap=15500ms)
[w4:ij:pro] Managed Turnstile miss (15158ms)
[w4:ij:pro] Failed "portk" attempt 1: No Turnstile token for direct search
[w4:ij:pro] Saved 24,367 worker words
[w4:ij:pro] Turnstile miss — soft reload before rotate
[w4:ij:pro] Turnstile token present (len=816)
[w4:ij:pro] Site Turnstile token (6712ms)
[w4:ij:pro] Searching "portk" | queue=140 | words=24367
[w4:ij:pro] [api] 200 mode=pro startsWith=portk
[w4:ij:pro] [api] 200 mode=pro startsWith=portk (409ms direct)
[w4:ij:pro] "portk" → 0 records, 0 words
[w4:ij:pro] "portk" branch complete
[w4:ij:pro] Saved 24,367 worker words
[w4:ij:pro] Searching "portl" | queue=139 | words=24367
[w4:ij:pro] Pacing 16s before "portl" (gap=15500ms)
[w4:ij:pro] Managed Turnstile miss (15319ms)
[w4:ij:pro] Failed "portl" attempt 1: No Turnstile token for direct search
[w4:ij:pro] Saved 24,367 worker words
[w4:ij:pro] Turnstile miss — soft reload before rotate
[w4:ij:pro] heartbeat words=24367 queue=140 rotation=4 idle=25s
[w4:ij:pro] Site Turnstile remint timed out (10798ms)
[w4:ij:pro] Soft reload mint failed — rotating immediately
[w4:ij:pro] Tor NEWNYM gen=6; waiting 8000ms
[w4:ij:pro] Tor ready on 19054 exit=185.220.100.246
[w4:ij:pro] Rotating IP (#5, try 1) after No Turnstile token for direct search → tor#6 socks5://127.0.0.1:19054
[w4:ij:pro] Launching persistent Chrome profile /tmp/lll-pw-w4-r5
[w4:ij:pro] Proxy tor#6 socks5://127.0.0.1:19054
[w4:ij:pro] Opening https://lastletterlibrary.com
[w4:ij:pro] Library mode=pro
[w4:ij:pro] Site Turnstile remint timed out (22545ms)
[w4:ij:pro] Search mode=direct (skip UI Wait Ns… gate)
[w4:ij:pro] Cleaned 1 old rotated profile(s)
[w4:ij:pro] Searching "portl" | queue=139 | words=24367
[w4:ij:pro] Managed Turnstile miss (15194ms)
[w4:ij:pro] Failed "portl" attempt 1: No Turnstile token for direct search
[w4:ij:pro] Saved 24,367 worker words
[w4:ij:pro] Turnstile miss — soft reload before rotate
[w4:ij:pro] heartbeat words=24367 queue=140 rotation=5 idle=85s
[w4:ij:pro] Site Turnstile remint timed out (11822ms)
[w4:ij:pro] Soft reload mint failed — rotating immediately
[w4:ij:pro] Tor NEWNYM gen=7; waiting 8000ms
[w4:ij:pro] Tor ready on 19054 exit=185.220.101.14
[w4:ij:pro] Rotating IP (#6, try 1) after No Turnstile token for direct search → tor#7 socks5://127.0.0.1:19054
[w4:ij:pro] Launching persistent Chrome profile /tmp/lll-pw-w4-r6
[w4:ij:pro] Proxy tor#7 socks5://127.0.0.1:19054
[w4:ij:pro] Opening https://lastletterlibrary.com
[w4:ij:pro] Library mode=pro
[w4:ij:pro] Site Turnstile remint timed out (22983ms)
[w4:ij:pro] Search mode=direct (skip UI Wait Ns… gate)
[w4:ij:pro] Cleaned 1 old rotated profile(s)
[w4:ij:pro] Searching "portl" | queue=139 | words=24367
[w4:ij:pro] heartbeat words=24367 queue=139 rotation=6 idle=145s
[w4:ij:pro] Managed Turnstile miss (15116ms)
[w4:ij:pro] Failed "portl" attempt 1: No Turnstile token for direct search
[w4:ij:pro] Saved 24,367 worker words
[w4:ij:pro] Turnstile miss — soft reload before rotate
[w4:ij:pro] Site Turnstile remint timed out (10700ms)
[w4:ij:pro] Soft reload mint failed — rotating immediately
[w4:ij:pro] Tor NEWNYM gen=8; waiting 8000ms
[w4:ij:pro] Tor ready on 19054 exit=192.42.116.94
[w4:ij:pro] Rotating IP (#7, try 1) after No Turnstile token for direct search → tor#8 socks5://127.0.0.1:19054
[w4:ij:pro] Launching persistent Chrome profile /tmp/lll-pw-w4-r7
[w4:ij:pro] Proxy tor#8 socks5://127.0.0.1:19054
[w4:ij:pro] Opening https://lastletterlibrary.com
[w4:ij:pro] Library mode=pro
[w4:ij:pro] Managed Turnstile token (len=816, 8221ms, remount)
[w4:ij:pro] Search mode=direct (skip UI Wait Ns… gate)
[w4:ij:pro] Cleaned 1 old rotated profile(s)
[w4:ij:pro] Searching "portl" | queue=139 | words=24367
[w4:ij:pro] [api] 200 mode=pro startsWith=portl
[w4:ij:pro] [api] 200 mode=pro startsWith=portl (571ms direct)
[w4:ij:pro] "portl" → 17 records, 17 words
[w4:ij:pro] "portl" branch complete
[w4:ij:pro] Saved 24,368 worker words
[w4:ij:pro] Searching "porty" | queue=138 | words=24368
[w4:ij:pro] Pacing 15s before "porty" (gap=15500ms)
[w4:ij:pro] heartbeat words=24368 queue=138 rotation=7 idle=5s
[w4:ij:pro] Managed Turnstile token (len=816, 9591ms, remount)
[w4:ij:pro] [api] 200 mode=pro startsWith=porty
[w4:ij:pro] [api] 200 mode=pro startsWith=porty (485ms direct)
[w4:ij:pro] "porty" → 1 records, 1 words (incl. exact "porty")
[w4:ij:pro] "porty" branch complete
[w4:ij:pro] Saved 24,368 worker words; shared last.txt now 397,457
[w4:ij:pro] Searching "portz" | queue=137 | words=24368
[w4:ij:pro] Pacing 12s before "portz" (gap=15500ms)
[w4:ij:pro] Managed Turnstile token (len=816, 4787ms, remount)
[w4:ij:pro] [api] 200 mode=pro startsWith=portz
[w4:ij:pro] [api] 200 mode=pro startsWith=portz (2055ms direct)
[w4:ij:pro] "portz" → 0 records, 0 words
[w4:ij:pro] "portz" branch complete
[w4:ij:pro] Saved 24,368 worker words
[w4:ij:pro] Searching "praez" | queue=136 | words=24368
[w4:ij:pro] Pacing 14s before "praez" (gap=15500ms)
[w4:ij:pro] Managed Turnstile token (len=816, 7262ms, remount)
[w4:ij:pro] [api] 429 mode=pro startsWith=praez
[w4:ij:pro] [api] 429 mode=pro startsWith=praez (452ms direct)
[w4:ij:pro] Learned server gap ≈ 15500ms (wait hint 2000ms)
[w4:ij:pro] Rate limited — inline wait 2000ms then retry "praez"
[w4:ij:pro] Managed Turnstile token (len=816, 7627ms, remount)
[w4:ij:pro] [api] 200 mode=pro startsWith=praez
[w4:ij:pro] [api] 200 mode=pro startsWith=praez (672ms direct)
[w4:ij:pro] "praez" → 1 records, 1 words
[w4:ij:pro] "praez" branch complete
[w4:ij:pro] Saved 24,368 worker words
[w4:ij:pro] Searching "prece" | queue=135 | words=24368
[w4:ij:pro] Pacing 15s before "prece" (gap=15500ms)
[w4:ij:pro] heartbeat words=24368 queue=135 rotation=7 idle=10s
[w4:ij:pro] Managed Turnstile token (len=816, 12503ms, remount)
[w4:ij:pro] [api] 200 mode=pro startsWith=prece
[w4:ij:pro] [api] 200 mode=pro startsWith=prece (489ms direct)
[w4:ij:pro] "prece" → 100 records, 100 words
[w4:ij:pro] Pacing 15s before "prece" (gap=15500ms)
[w4:ij:pro] Managed Turnstile token (len=816, 13583ms, remount)
[w4:ij:pro] [api] 200 mode=pro startsWith=prece
[w4:ij:pro] [api] 200 mode=pro startsWith=prece sort=alphabetical:desc (433ms direct)
[w4:ij:pro] "prece" full page ends at "precessing" (next='s'); skip 20 covered groups → 8 children reverse Z→A ends at "precedence" (lo='d' hi='s'); skip 14 middle + 4 new words
[w4:ij:pro] Saved 24,453 worker words
[w4:ij:pro] Searching "precf" | queue=142 | words=24453
[w4:ij:pro] Pacing 15s before "precf" (gap=15500ms)
[w4:ij:pro] Managed Turnstile token (len=816, 12711ms, remount)
[w4:ij:pro] [api] 200 mode=pro startsWith=precf
[w4:ij:pro] [api] 200 mode=pro startsWith=precf (473ms direct)
[w4:ij:pro] "precf" → 0 records, 0 words
[w4:ij:pro] "precf" branch complete
[w4:ij:pro] Saved 24,453 worker words
[w4:ij:pro] Searching "precg" | queue=141 | words=24453
[w4:ij:pro] Pacing 15s before "precg" (gap=15500ms)
[w4:ij:pro] Managed Turnstile token (len=816, 12276ms, remount)
[w4:ij:pro] [api] 200 mode=pro startsWith=precg
[w4:ij:pro] [api] 200 mode=pro startsWith=precg (444ms direct)
[w4:ij:pro] "precg" → 0 records, 0 words
[w4:ij:pro] "precg" branch complete
[w4:ij:pro] Saved 24,453 worker words
[w4:ij:pro] Searching "prech" | queue=140 | words=24453
[w4:ij:pro] Pacing 15s before "prech" (gap=15500ms)
[w4:ij:pro] heartbeat words=24453 queue=140 rotation=7 idle=9s
[w4:ij:pro] Managed Turnstile miss (15126ms)
[w4:ij:pro] Failed "prech" attempt 1: No Turnstile token for direct search
[w4:ij:pro] Saved 24,453 worker words
[w4:ij:pro] Turnstile miss — soft reload before rotate
[w4:ij:pro] Site Turnstile remint timed out (13646ms)
[w4:ij:pro] Soft reload mint failed — rotating immediately
[w4:ij:pro] Tor NEWNYM gen=9; waiting 8000ms
[w4:ij:pro] Tor ready on 19054 exit=192.42.116.92
[w4:ij:pro] Rotating IP (#8, try 1) after No Turnstile token for direct search → tor#9 socks5://127.0.0.1:19054
[w4:ij:pro] Launching persistent Chrome profile /tmp/lll-pw-w4-r8
[w4:ij:pro] Proxy tor#9 socks5://127.0.0.1:19054
[w4:ij:pro] Opening https://lastletterlibrary.com
[w4:ij:pro] Library mode=pro
[w4:ij:pro] Managed Turnstile token (len=816, 7917ms, remount)
[w4:ij:pro] Search mode=direct (skip UI Wait Ns… gate)
[w4:ij:pro] Cleaned 1 old rotated profile(s)
[w4:ij:pro] Searching "prech" | queue=140 | words=24453
[w4:ij:pro] [api] 200 mode=pro startsWith=prech
[w4:ij:pro] [api] 200 mode=pro startsWith=prech (419ms direct)
[w4:ij:pro] "prech" → 33 records, 33 words
[w4:ij:pro] "prech" branch complete
[w4:ij:pro] Saved 24,486 worker words
[w4:ij:pro] Searching "preci" | queue=139 | words=24486
[w4:ij:pro] Pacing 15s before "preci" (gap=15500ms)
[w4:ij:pro] Managed Turnstile token (len=816, 6969ms, remount)
[w4:ij:pro] heartbeat words=24486 queue=139 rotation=8 idle=12s
[w4:ij:pro] [api] 200 mode=pro startsWith=preci
[w4:ij:pro] [api] 200 mode=pro startsWith=preci (614ms direct)
[w4:ij:pro] "preci" → 95 records, 95 words
[w4:ij:pro] "preci" branch complete
[w4:ij:pro] Managed Turnstile token (len=816, 9714ms, remount)
[w4:ij:pro] Saved 24,581 worker words; shared last.txt now 399,459
[w4:ij:pro] Searching "precj" | queue=138 | words=24581
[w4:ij:pro] Pacing 1s before "precj" (gap=15500ms)
[w4:ij:pro] [api] 200 mode=pro startsWith=precj
[w4:ij:pro] [api] 200 mode=pro startsWith=precj (436ms direct)
[w4:ij:pro] "precj" → 0 records, 0 words
[w4:ij:pro] "precj" branch complete
[w4:ij:pro] Saved 24,581 worker words
[w4:ij:pro] Searching "preck" | queue=137 | words=24581
[w4:ij:pro] Pacing 15s before "preck" (gap=15500ms)
[w4:ij:pro] Managed Turnstile token (len=816, 6286ms, remount)
[w4:ij:pro] [api] 200 mode=pro startsWith=preck
[w4:ij:pro] [api] 200 mode=pro startsWith=preck (398ms direct)
[w4:ij:pro] "preck" → 0 records, 0 words
[w4:ij:pro] "preck" branch complete
[w4:ij:pro] Saved 24,581 worker words
[w4:ij:pro] Searching "precl" | queue=136 | words=24581
[w4:ij:pro] Pacing 15s before "precl" (gap=15500ms)
[w4:ij:pro] Managed Turnstile token (len=816, 7234ms, remount)
[w4:ij:pro] [api] 200 mode=pro startsWith=precl
[w4:ij:pro] [api] 200 mode=pro startsWith=precl (403ms direct)
[w4:ij:pro] "precl" → 44 records, 44 words
[w4:ij:pro] "precl" branch complete
[w4:ij:pro] Saved 24,625 worker words
[w4:ij:pro] Searching "precm" | queue=135 | words=24625
[w4:ij:pro] Pacing 15s before "precm" (gap=15500ms)
[w4:ij:pro] Managed Turnstile token (len=816, 8004ms, remount)
[w4:ij:pro] heartbeat words=24625 queue=135 rotation=8 idle=11s
[w4:ij:pro] [api] 200 mode=pro startsWith=precm
[w4:ij:pro] [api] 200 mode=pro startsWith=precm (538ms direct)
[w4:ij:pro] "precm" → 0 records, 0 words
[w4:ij:pro] "precm" branch complete
[w4:ij:pro] Saved 24,625 worker words
[w4:ij:pro] Searching "precn" | queue=134 | words=24625
[w4:ij:pro] Pacing 13s before "precn" (gap=15500ms)
[w4:ij:pro] Managed Turnstile token (len=816, 9630ms, remount)
[w4:ij:pro] [api] 429 mode=pro startsWith=precn
[w4:ij:pro] [api] 429 mode=pro startsWith=precn (405ms direct)
[w4:ij:pro] Learned server gap ≈ 15500ms (wait hint 2000ms)
[w4:ij:pro] Rate limited — inline wait 2000ms then retry "precn"
[w4:ij:pro] Managed Turnstile token (len=816, 3271ms, remount)
[w4:ij:pro] [api] 200 mode=pro startsWith=precn
[w4:ij:pro] [api] 200 mode=pro startsWith=precn (384ms direct)
[w4:ij:pro] "precn" → 0 records, 0 words
[w4:ij:pro] "precn" branch complete
[w4:ij:pro] Saved 24,625 worker words
[w4:ij:pro] Searching "preco" | queue=133 | words=24625
[w4:ij:pro] Pacing 16s before "preco" (gap=15500ms)
[w4:ij:pro] Managed Turnstile token (len=816, 3107ms, remount)
[w4:ij:pro] [api] 200 mode=pro startsWith=preco
[w4:ij:pro] [api] 200 mode=pro startsWith=preco (529ms direct)
[w4:ij:pro] "preco" → 100 records, 100 words
[w4:ij:pro] Pacing 15s before "preco" (gap=15500ms)
[w4:ij:pro] Managed Turnstile miss (15388ms)
[w4:ij:pro] "preco" reverse search failed (No Turnstile token for direct search); forward-only
[w4:ij:pro] "preco" full page ends at "precompared" (next='m'); skip 14 covered groups → 14 children from precom..
[w4:ij:pro] Saved 24,725 worker words
[w4:ij:pro] Searching "precy" | queue=146 | words=24725
[w4:ij:pro] heartbeat words=24725 queue=146 rotation=8 idle=3s
[w4:ij:pro] Managed Turnstile token (len=816, 13006ms, remount)
[w4:ij:pro] [api] 200 mode=pro startsWith=precy
[w4:ij:pro] [api] 200 mode=pro startsWith=precy (409ms direct)
[w4:ij:pro] "precy" → 9 records, 9 words
[w4:ij:pro] "precy" branch complete
[w4:ij:pro] Saved 24,725 worker words
[w4:ij:pro] Searching "precz" | queue=145 | words=24725
[w4:ij:pro] Pacing 15s before "precz" (gap=15500ms)
[w4:ij:pro] Managed Turnstile miss (15402ms)
[w4:ij:pro] Failed "precz" attempt 1: No Turnstile token for direct search
[w4:ij:pro] Saved 24,725 worker words; shared last.txt now 400,196
[w4:ij:pro] Turnstile miss — soft reload before rotate
[w4:ij:pro] Site Turnstile remint timed out (10640ms)
[w4:ij:pro] Soft reload mint failed — rotating immediately
[w4:ij:pro] Tor NEWNYM gen=10; waiting 8000ms
[w4:ij:pro] heartbeat words=24725 queue=146 rotation=9 idle=49s
[w4:ij:pro] Tor ready on 19054 exit=192.42.116.56
[w4:ij:pro] Rotating IP (#9, try 1) after No Turnstile token for direct search → tor#10 socks5://127.0.0.1:19054
[w4:ij:pro] Launching persistent Chrome profile /tmp/lll-pw-w4-r9
[w4:ij:pro] Proxy tor#10 socks5://127.0.0.1:19054
[w4:ij:pro] Opening https://lastletterlibrary.com
[w4:ij:pro] Library mode=pro
[w4:ij:pro] Managed Turnstile token (len=816, 4599ms, remount)
[w4:ij:pro] Search mode=direct (skip UI Wait Ns… gate)
[w4:ij:pro] Cleaned 1 old rotated profile(s)
[w4:ij:pro] Searching "precz" | queue=145 | words=24725
[w4:ij:pro] [api] 200 mode=pro startsWith=precz
[w4:ij:pro] [api] 200 mode=pro startsWith=precz (464ms direct)
[w4:ij:pro] "precz" → 0 records, 0 words
[w4:ij:pro] "precz" branch complete
[w4:ij:pro] Saved 24,725 worker words
[w4:ij:pro] Searching "prehy" | queue=144 | words=24725
[w4:ij:pro] Pacing 15s before "prehy" (gap=15500ms)
[w4:ij:pro] Managed Turnstile token (len=816, 11404ms, remount)
[w4:ij:pro] [api] 200 mode=pro startsWith=prehy
[w4:ij:pro] [api] 200 mode=pro startsWith=prehy (554ms direct)
[w4:ij:pro] "prehy" → 2 records, 2 words
[w4:ij:pro] "prehy" branch complete
[w4:ij:pro] Saved 24,725 worker words
[w4:ij:pro] Searching "prehz" | queue=143 | words=24725
[w4:ij:pro] Pacing 14s before "prehz" (gap=15500ms)
[w4:ij:pro] Managed Turnstile token (len=816, 9506ms, remount)
[w4:ij:pro] [api] 200 mode=pro startsWith=prehz
[w4:ij:pro] [api] 200 mode=pro startsWith=prehz (414ms direct)
[w4:ij:pro] "prehz" → 0 records, 0 words
[w4:ij:pro] "prehz" branch complete
[w4:ij:pro] Saved 24,725 worker words
[w4:ij:pro] Searching "preme" | queue=142 | words=24725
[w4:ij:pro] Pacing 15s before "preme" (gap=15500ms)
[w4:ij:pro] Managed Turnstile token (len=816, 7333ms, remount)
[w4:ij:pro] heartbeat words=24725 queue=142 rotation=9 idle=11s
[w4:ij:pro] [api] 200 mode=pro startsWith=preme
[w4:ij:pro] [api] 200 mode=pro startsWith=preme (410ms direct)
[w4:ij:pro] "preme" → 56 records, 56 words
[w4:ij:pro] "preme" branch complete
[w4:ij:pro] Saved 24,739 worker words
[w4:ij:pro] Searching "premf" | queue=141 | words=24739
[w4:ij:pro] Pacing 16s before "premf" (gap=15500ms)
[w4:ij:pro] Managed Turnstile token (len=816, 6029ms, remount)
[w4:ij:pro] [api] 200 mode=pro startsWith=premf
[w4:ij:pro] [api] 200 mode=pro startsWith=premf (447ms direct)
[w4:ij:pro] "premf" → 0 records, 0 words
[w4:ij:pro] "premf" branch complete
[w4:ij:pro] Saved 24,739 worker words
[w4:ij:pro] Searching "premg" | queue=140 | words=24739
[w4:ij:pro] Pacing 15s before "premg" (gap=15500ms)
[w4:ij:pro] Managed Turnstile token (len=816, 7578ms, remount)
[w4:ij:pro] [api] 200 mode=pro startsWith=premg
[w4:ij:pro] [api] 200 mode=pro startsWith=premg (736ms direct)
[w4:ij:pro] "premg" → 0 records, 0 words
[w4:ij:pro] "premg" branch complete
[w4:ij:pro] Saved 24,739 worker words
[w4:ij:pro] Searching "premh" | queue=139 | words=24739
[w4:ij:pro] Pacing 14s before "premh" (gap=15500ms)
[w4:ij:pro] Managed Turnstile token (len=816, 9647ms, remount)
[w4:ij:pro] [api] 200 mode=pro startsWith=premh
[w4:ij:pro] [api] 200 mode=pro startsWith=premh (492ms direct)
[w4:ij:pro] "premh" → 0 records, 0 words
[w4:ij:pro] "premh" branch complete
[w4:ij:pro] Saved 24,739 worker words
[w4:ij:pro] Searching "premi" | queue=138 | words=24739
[w4:ij:pro] Pacing 12s before "premi" (gap=15500ms)
[w4:ij:pro] heartbeat words=24739 queue=138 rotation=9 idle=6s
[w4:ij:pro] Managed Turnstile miss (16017ms)
[w4:ij:pro] Failed "premi" attempt 1: No Turnstile token for direct search
[w4:ij:pro] Saved 24,739 worker words; shared last.txt now 401,411
[w4:ij:pro] Turnstile miss — soft reload before rotate
[w4:ij:pro] Site Turnstile remint timed out (9582ms)
[w4:ij:pro] Soft reload mint failed — rotating immediately
[w4:ij:pro] Tor NEWNYM gen=11; waiting 8000ms
[w4:ij:pro] Tor ready on 19054 exit=192.42.116.19
[w4:ij:pro] Rotating IP (#10, try 1) after No Turnstile token for direct search → tor#11 socks5://127.0.0.1:19054
[w4:ij:pro] Launching persistent Chrome profile /tmp/lll-pw-w4-r10
[w4:ij:pro] Proxy tor#11 socks5://127.0.0.1:19054
[w4:ij:pro] Opening https://lastletterlibrary.com
[w4:ij:pro] Library mode=pro
[w4:ij:pro] Managed Turnstile token (len=816, 4663ms, remount)
[w4:ij:pro] Search mode=direct (skip UI Wait Ns… gate)
[w4:ij:pro] Cleaned 1 old rotated profile(s)
[w4:ij:pro] Searching "premi" | queue=138 | words=24739
[w4:ij:pro] [api] 200 mode=pro startsWith=premi
[w4:ij:pro] [api] 200 mode=pro startsWith=premi (541ms direct)
[w4:ij:pro] "premi" → 70 records, 70 words
[w4:ij:pro] "premi" branch complete
[w4:ij:pro] Saved 24,809 worker words
[w4:ij:pro] Searching "premj" | queue=137 | words=24809
[w4:ij:pro] Pacing 15s before "premj" (gap=15500ms)
[w4:ij:pro] Managed Turnstile token (len=816, 7600ms, remount)
[w4:ij:pro] heartbeat words=24809 queue=137 rotation=10 idle=8s
[w4:ij:pro] [api] 200 mode=pro startsWith=premj
[w4:ij:pro] [api] 200 mode=pro startsWith=premj (695ms direct)
[w4:ij:pro] "premj" → 0 records, 0 words
[w4:ij:pro] "premj" branch complete
[w4:ij:pro] Saved 24,809 worker words
[w4:ij:pro] Searching "premk" | queue=136 | words=24809
[w4:ij:pro] Pacing 12s before "premk" (gap=15500ms)
[w4:ij:pro] Managed Turnstile token (len=816, 6410ms, remount)
[w4:ij:pro] [api] 429 mode=pro startsWith=premk
[w4:ij:pro] [api] 429 mode=pro startsWith=premk (448ms direct)
[w4:ij:pro] Learned server gap ≈ 15500ms (wait hint 2000ms)
[w4:ij:pro] Rate limited — inline wait 2000ms then retry "premk"
[w4:ij:pro] Managed Turnstile token (len=816, 3883ms, remount)
[w4:ij:pro] [api] 200 mode=pro startsWith=premk
[w4:ij:pro] [api] 200 mode=pro startsWith=premk (408ms direct)
[w4:ij:pro] "premk" → 0 records, 0 words
[w4:ij:pro] "premk" branch complete
[w4:ij:pro] Saved 24,809 worker words
[w4:ij:pro] Searching "preml" | queue=135 | words=24809
[w4:ij:pro] Pacing 15s before "preml" (gap=15500ms)
[w4:ij:pro] Managed Turnstile token (len=816, 7301ms, remount)
[w4:ij:pro] [api] 200 mode=pro startsWith=preml
[w4:ij:pro] [api] 200 mode=pro startsWith=preml (434ms direct)
[w4:ij:pro] "preml" → 0 records, 0 words
[w4:ij:pro] "preml" branch complete
[w4:ij:pro] Saved 24,809 worker words
[w4:ij:pro] Searching "premm" | queue=134 | words=24809
[w4:ij:pro] Pacing 14s before "premm" (gap=15500ms)
[w4:ij:pro] Managed Turnstile token (len=816, 12840ms, remount)
[w4:ij:pro] [api] 200 mode=pro startsWith=premm
[w4:ij:pro] [api] 200 mode=pro startsWith=premm (472ms direct)
[w4:ij:pro] "premm" → 0 records, 0 words
[w4:ij:pro] "premm" branch complete
[w4:ij:pro] heartbeat words=24809 queue=134 rotation=10 idle=16s
[w4:ij:pro] Saved 24,809 worker words
[w4:ij:pro] Searching "premn" | queue=133 | words=24809
[w4:ij:pro] Pacing 13s before "premn" (gap=15500ms)
[w4:ij:pro] Managed Turnstile token (len=816, 12035ms, remount)
[w4:ij:pro] [api] 200 mode=pro startsWith=premn
[w4:ij:pro] [api] 200 mode=pro startsWith=premn (436ms direct)
[w4:ij:pro] "premn" → 0 records, 0 words
[w4:ij:pro] "premn" branch complete
[w4:ij:pro] Saved 24,809 worker words
[w4:ij:pro] Searching "premo" | queue=132 | words=24809
[w4:ij:pro] Pacing 14s before "premo" (gap=15500ms)
[w4:ij:pro] Managed Turnstile token (len=816, 4313ms, remount)
[w4:ij:pro] [api] 200 mode=pro startsWith=premo
[w4:ij:pro] [api] 200 mode=pro startsWith=premo (403ms direct)
[w4:ij:pro] "premo" → 84 records, 84 words
[w4:ij:pro] "premo" branch complete
[w4:ij:pro] Saved 24,820 worker words
[w4:ij:pro] Searching "premy" | queue=131 | words=24820
[w4:ij:pro] Pacing 15s before "premy" (gap=15500ms)
[w4:ij:pro] Managed Turnstile token (len=816, 10306ms, remount)
[w4:ij:pro] [api] 200 mode=pro startsWith=premy
[w4:ij:pro] [api] 200 mode=pro startsWith=premy (546ms direct)
[w4:ij:pro] "premy" → 4 records, 4 words (incl. exact "premy")
[w4:ij:pro] "premy" branch complete
[w4:ij:pro] Saved 24,820 worker words; shared last.txt now 402,408
[w4:ij:pro] Searching "premz" | queue=130 | words=24820
[w4:ij:pro] Pacing 13s before "premz" (gap=15500ms)
[w4:ij:pro] heartbeat words=24820 queue=130 rotation=10 idle=13s
[w4:ij:pro] Managed Turnstile miss (15149ms)
[w4:ij:pro] Failed "premz" attempt 1: No Turnstile token for direct search
[w4:ij:pro] Saved 24,820 worker words
[w4:ij:pro] Turnstile miss — soft reload before rotate
[w4:ij:pro] Turnstile token present (len=816)
[w4:ij:pro] Site Turnstile token (9378ms)
[w4:ij:pro] Searching "premz" | queue=130 | words=24820
[w4:ij:pro] [api] 200 mode=pro startsWith=premz
[w4:ij:pro] [api] 200 mode=pro startsWith=premz (443ms direct)
[w4:ij:pro] "premz" → 0 records, 0 words
[w4:ij:pro] "premz" branch complete
[w4:ij:pro] Saved 24,820 worker words
[w4:ij:pro] Searching "prere" | queue=129 | words=24820
[w4:ij:pro] Pacing 15s before "prere" (gap=15500ms)
[w4:ij:pro] Managed Turnstile token (len=816, 4259ms, remount)
[w4:ij:pro] [api] 200 mode=pro startsWith=prere
[w4:ij:pro] [api] 200 mode=pro startsWith=prere (444ms direct)
[w4:ij:pro] "prere" → 100 records, 100 words
[w4:ij:pro] Pacing 15s before "prere" (gap=15500ms)
[w4:ij:pro] Managed Turnstile miss (15080ms)
[w4:ij:pro] "prere" reverse search failed (No Turnstile token for direct search); forward-only
[w4:ij:pro] "prere" full page ends at "prerenal" (next='n'); skip 15 covered groups → 13 children from preren..
[w4:ij:pro] Saved 24,825 worker words
[w4:ij:pro] Searching "preru" | queue=141 | words=24825
[w4:ij:pro] Managed Turnstile miss (15255ms)
[w4:ij:pro] Failed "preru" attempt 1: No Turnstile token for direct search
[w4:ij:pro] Saved 24,825 worker words
[w4:ij:pro] Turnstile miss — soft reload before rotate
[w4:ij:pro] heartbeat words=24825 queue=142 rotation=10 idle=17s
[w4:ij:pro] Site Turnstile remint timed out (14422ms)
[w4:ij:pro] Soft reload mint failed — rotating immediately
[w4:ij:pro] Tor NEWNYM gen=12; waiting 8000ms
[w4:ij:pro] Tor ready on 19054 exit=88.80.26.3
[w4:ij:pro] Rotating IP (#11, try 1) after No Turnstile token for direct search → tor#12 socks5://127.0.0.1:19054
[w4:ij:pro] Launching persistent Chrome profile /tmp/lll-pw-w4-r11
[w4:ij:pro] Proxy tor#12 socks5://127.0.0.1:19054
[w4:ij:pro] Opening https://lastletterlibrary.com
[w4:ij:pro] Library mode=pro
[w4:ij:pro] Managed Turnstile token (len=816, 8094ms, remount)
[w4:ij:pro] Search mode=direct (skip UI Wait Ns… gate)
[w4:ij:pro] Cleaned 1 old rotated profile(s)
[w4:ij:pro] Searching "preru" | queue=141 | words=24825
[w4:ij:pro] [api] 200 mode=pro startsWith=preru
[w4:ij:pro] [api] 200 mode=pro startsWith=preru (580ms direct)
[w4:ij:pro] "preru" → 2 records, 2 words
[w4:ij:pro] "preru" branch complete
[w4:ij:pro] Saved 24,825 worker words
[w4:ij:pro] Searching "prerv" | queue=140 | words=24825
[w4:ij:pro] Pacing 14s before "prerv" (gap=15500ms)
[w4:ij:pro] Managed Turnstile token (len=816, 7794ms, remount)
[w4:ij:pro] heartbeat words=24825 queue=140 rotation=11 idle=13s
[w4:ij:pro] [api] 200 mode=pro startsWith=prerv
[w4:ij:pro] [api] 200 mode=pro startsWith=prerv (503ms direct)
[w4:ij:pro] "prerv" → 0 records, 0 words
[w4:ij:pro] "prerv" branch complete
[w4:ij:pro] Saved 24,825 worker words
[w4:ij:pro] Searching "prerw" | queue=139 | words=24825
[w4:ij:pro] Pacing 15s before "prerw" (gap=15500ms)
[w4:ij:pro] Managed Turnstile miss (15263ms)
[w4:ij:pro] Failed "prerw" attempt 1: No Turnstile token for direct search
[w4:ij:pro] Saved 24,825 worker words
[w4:ij:pro] Turnstile miss — soft reload before rotate
[w4:ij:pro] Turnstile token present (len=816)
[w4:ij:pro] Site Turnstile token (7354ms)
[w4:ij:pro] Searching "prerw" | queue=139 | words=24825
[w4:ij:pro] [api] 200 mode=pro startsWith=prerw
[w4:ij:pro] [api] 200 mode=pro startsWith=prerw (584ms direct)
[w4:ij:pro] "prerw" → 0 records, 0 words
[w4:ij:pro] "prerw" branch complete
[w4:ij:pro] Saved 24,825 worker words; shared last.txt now 403,478
[w4:ij:pro] Searching "prerx" | queue=138 | words=24825
[w4:ij:pro] Pacing 15s before "prerx" (gap=15500ms)
[w4:ij:pro] Managed Turnstile token (len=816, 4216ms, remount)
[w4:ij:pro] [api] 200 mode=pro startsWith=prerx
[w4:ij:pro] [api] 200 mode=pro startsWith=prerx (425ms direct)
[w4:ij:pro] "prerx" → 0 records, 0 words
[w4:ij:pro] "prerx" branch complete
[w4:ij:pro] Saved 24,825 worker words
[w4:ij:pro] Searching "prery" | queue=137 | words=24825
[w4:ij:pro] Pacing 15s before "prery" (gap=15500ms)
[w4:ij:pro] Managed Turnstile token (len=816, 5438ms, remount)
[w4:ij:pro] [api] 200 mode=pro startsWith=prery
[w4:ij:pro] [api] 200 mode=pro startsWith=prery (582ms direct)
[w4:ij:pro] "prery" → 0 records, 0 words
[w4:ij:pro] "prery" branch complete
[w4:ij:pro] Saved 24,825 worker words
[w4:ij:pro] Searching "prerz" | queue=136 | words=24825
[w4:ij:pro] Pacing 15s before "prerz" (gap=15500ms)
[w4:ij:pro] heartbeat words=24825 queue=136 rotation=11 idle=2s
[w4:ij:pro] Managed Turnstile token (len=816, 7610ms, remount)
[w4:ij:pro] [api] 200 mode=pro startsWith=prerz
[w4:ij:pro] [api] 200 mode=pro startsWith=prerz (420ms direct)
[w4:ij:pro] "prerz" → 0 records, 0 words
[w4:ij:pro] "prerz" branch complete
[w4:ij:pro] Saved 24,825 worker words
[w4:ij:pro] Searching "primi" | queue=135 | words=24825
[w4:ij:pro] Pacing 16s before "primi" (gap=15500ms)
[w4:ij:pro] Managed Turnstile token (len=816, 4241ms, remount)
[w4:ij:pro] [api] 200 mode=pro startsWith=primi
[w4:ij:pro] [api] 200 mode=pro startsWith=primi (478ms direct)
[w4:ij:pro] "primi" → 39 records, 39 words (incl. exact "primi")
[w4:ij:pro] "primi" branch complete
[w4:ij:pro] Saved 24,825 worker words
[w4:ij:pro] Searching "primy" | queue=134 | words=24825
[w4:ij:pro] Pacing 15s before "primy" (gap=15500ms)
[w4:ij:pro] Managed Turnstile token (len=816, 9114ms, remount)
[w4:ij:pro] [api] 200 mode=pro startsWith=primy
[w4:ij:pro] [api] 200 mode=pro startsWith=primy (541ms direct)
[w4:ij:pro] "primy" → 1 records, 1 words (incl. exact "primy")
[w4:ij:pro] "primy" branch complete
[w4:ij:pro] Saved 24,825 worker words
[w4:ij:pro] Searching "primz" | queue=133 | words=24825
[w4:ij:pro] Pacing 13s before "primz" (gap=15500ms)
[w4:ij:pro] heartbeat words=24825 queue=133 rotation=11 idle=13s
[w4:ij:pro] Managed Turnstile miss (15713ms)
[w4:ij:pro] Failed "primz" attempt 1: No Turnstile token for direct search
[w4:ij:pro] Saved 24,825 worker words
[w4:ij:pro] Turnstile miss — soft reload before rotate
[w4:ij:pro] Turnstile token present (len=816)
[w4:ij:pro] Site Turnstile token (7212ms)
[w4:ij:pro] Searching "primz" | queue=133 | words=24825
[w4:ij:pro] [api] 200 mode=pro startsWith=primz
[w4:ij:pro] [api] 200 mode=pro startsWith=primz (417ms direct)
[w4:ij:pro] "primz" → 0 records, 0 words
[w4:ij:pro] "primz" branch complete
[w4:ij:pro] Saved 24,825 worker words
[w4:ij:pro] Searching "proaw" | queue=132 | words=24825
[w4:ij:pro] Pacing 16s before "proaw" (gap=15500ms)
[w4:ij:pro] Managed Turnstile token (len=794, 3995ms, remount)
[w4:ij:pro] [api] 200 mode=pro startsWith=proaw
[w4:ij:pro] [api] 200 mode=pro startsWith=proaw (461ms direct)
[w4:ij:pro] "proaw" → 1 records, 1 words
[w4:ij:pro] "proaw" branch complete
[w4:ij:pro] Saved 24,825 worker words; shared last.txt now 404,170
[w4:ij:pro] Searching "proax" | queue=131 | words=24825
[w4:ij:pro] Pacing 15s before "proax" (gap=15500ms)
[w4:ij:pro] Managed Turnstile token (len=816, 4052ms, remount)
[w4:ij:pro] [api] 200 mode=pro startsWith=proax
[w4:ij:pro] [api] 200 mode=pro startsWith=proax (513ms direct)
[w4:ij:pro] "proax" → 0 records, 0 words
[w4:ij:pro] "proax" branch complete
[w4:ij:pro] Saved 24,825 worker words
[w4:ij:pro] Searching "proay" | queue=130 | words=24825
[w4:ij:pro] Pacing 15s before "proay" (gap=15500ms)
[w4:ij:pro] Managed Turnstile token (len=816, 5096ms, remount)
[w4:ij:pro] [api] 200 mode=pro startsWith=proay
[w4:ij:pro] [api] 200 mode=pro startsWith=proay (463ms direct)
[w4:ij:pro] "proay" → 0 records, 0 words
[w4:ij:pro] "proay" branch complete
[w4:ij:pro] heartbeat words=24825 queue=130 rotation=11 idle=16s
[w4:ij:pro] Saved 24,825 worker words
[w4:ij:pro] Searching "proaz" | queue=129 | words=24825
[w4:ij:pro] Pacing 15s before "proaz" (gap=15500ms)
[w4:ij:pro] Managed Turnstile token (len=816, 7292ms, remount)
[w4:ij:pro] [api] 200 mode=pro startsWith=proaz
[w4:ij:pro] [api] 200 mode=pro startsWith=proaz (524ms direct)
[w4:ij:pro] "proaz" → 0 records, 0 words
[w4:ij:pro] "proaz" branch complete
[w4:ij:pro] Saved 24,825 worker words
[w4:ij:pro] Searching "proff" | queue=128 | words=24825
[w4:ij:pro] Pacing 15s before "proff" (gap=15500ms)
[w4:ij:pro] Managed Turnstile token (len=816, 12792ms, remount)
[w4:ij:pro] [api] 200 mode=pro startsWith=proff
[w4:ij:pro] [api] 200 mode=pro startsWith=proff (454ms direct)
[w4:ij:pro] "proff" → 6 records, 6 words
[w4:ij:pro] "proff" branch complete
[w4:ij:pro] Saved 24,827 worker words
[w4:ij:pro] Searching "profg" | queue=127 | words=24827
[w4:ij:pro] Pacing 15s before "profg" (gap=15500ms)
[w4:ij:pro] Managed Turnstile token (len=816, 5723ms, remount)
[w4:ij:pro] [api] 200 mode=pro startsWith=profg
[w4:ij:pro] [api] 200 mode=pro startsWith=profg (485ms direct)
[w4:ij:pro] "profg" → 0 records, 0 words
[w4:ij:pro] "profg" branch complete
[w4:ij:pro] Saved 24,827 worker words
[w4:ij:pro] Searching "profh" | queue=126 | words=24827
[w4:ij:pro] Pacing 15s before "profh" (gap=15500ms)
[w4:ij:pro] Managed Turnstile token (len=816, 13510ms, remount)
[w4:ij:pro] heartbeat words=24827 queue=126 rotation=11 idle=14s
[w4:ij:pro] [api] 200 mode=pro startsWith=profh
[w4:ij:pro] [api] 200 mode=pro startsWith=profh (569ms direct)
[w4:ij:pro] "profh" → 0 records, 0 words
[w4:ij:pro] "profh" branch complete
[w4:ij:pro] Saved 24,827 worker words
[w4:ij:pro] Searching "profi" | queue=125 | words=24827
[w4:ij:pro] Pacing 14s before "profi" (gap=15500ms)
[w4:ij:pro] Managed Turnstile token (len=816, 13850ms, remount)
[w4:ij:pro] [api] 200 mode=pro startsWith=profi
[w4:ij:pro] [api] 200 mode=pro startsWith=profi (894ms direct)
[w4:ij:pro] "profi" → 56 records, 56 words
[w4:ij:pro] "profi" branch complete
[w4:ij:pro] Saved 24,829 worker words
[w4:ij:pro] Searching "profu" | queue=124 | words=24829
[w4:ij:pro] Pacing 14s before "profu" (gap=15500ms)
[w4:ij:pro] Managed Turnstile token (len=816, 8061ms, remount)
[w4:ij:pro] [api] 429 mode=pro startsWith=profu
[w4:ij:pro] [api] 429 mode=pro startsWith=profu (423ms direct)
[w4:ij:pro] Learned server gap ≈ 15500ms (wait hint 2000ms)
[w4:ij:pro] Rate limited — inline wait 2000ms then retry "profu"
[w4:ij:pro] Managed Turnstile token (len=816, 6564ms, remount)
[w4:ij:pro] [api] 200 mode=pro startsWith=profu
[w4:ij:pro] [api] 200 mode=pro startsWith=profu (471ms direct)
[w4:ij:pro] "profu" → 17 records, 17 words
[w4:ij:pro] "profu" branch complete
[w4:ij:pro] Saved 24,829 worker words; shared last.txt now 404,937
[w4:ij:pro] Searching "profv" | queue=123 | words=24829
[w4:ij:pro] Managed Turnstile miss (17137ms)
[w4:ij:pro] heartbeat words=24829 queue=123 rotation=11 idle=4s
[w4:ij:pro] Managed Turnstile miss (15119ms)
[w4:ij:pro] Failed "profv" attempt 1: No Turnstile token for direct search
[w4:ij:pro] Saved 24,829 worker words
[w4:ij:pro] Turnstile miss — soft reload before rotate
[w4:ij:pro] Turnstile token present (len=816)
[w4:ij:pro] Site Turnstile token (7743ms)
[w4:ij:pro] Searching "profv" | queue=123 | words=24829
[w4:ij:pro] [api] 200 mode=pro startsWith=profv
[w4:ij:pro] [api] 200 mode=pro startsWith=profv (557ms direct)
[w4:ij:pro] "profv" → 0 records, 0 words
[w4:ij:pro] "profv" branch complete
[w4:ij:pro] Saved 24,829 worker words
[w4:ij:pro] Searching "profw" | queue=122 | words=24829
[w4:ij:pro] Pacing 15s before "profw" (gap=15500ms)
[w4:ij:pro] Managed Turnstile token (len=816, 5204ms, remount)
[w4:ij:pro] [api] 200 mode=pro startsWith=profw
[w4:ij:pro] [api] 200 mode=pro startsWith=profw (560ms direct)
[w4:ij:pro] "profw" → 0 records, 0 words
[w4:ij:pro] "profw" branch complete
[w4:ij:pro] Saved 24,829 worker words
[w4:ij:pro] Searching "profx" | queue=121 | words=24829
[w4:ij:pro] Pacing 15s before "profx" (gap=15500ms)
[w4:ij:pro] Managed Turnstile miss (15101ms)
[w4:ij:pro] Failed "profx" attempt 1: No Turnstile token for direct search
[w4:ij:pro] Saved 24,829 worker words
[w4:ij:pro] Turnstile miss — soft reload before rotate
[w4:ij:pro] Managed Turnstile token (len=816, 4843ms, remount)
[w4:ij:pro] Searching "profx" | queue=121 | words=24829
[w4:ij:pro] [api] 200 mode=pro startsWith=profx
[w4:ij:pro] [api] 200 mode=pro startsWith=profx (550ms direct)
[w4:ij:pro] "profx" → 0 records, 0 words
[w4:ij:pro] "profx" branch complete
[w4:ij:pro] Saved 24,829 worker words
[w4:ij:pro] Searching "profy" | queue=120 | words=24829
[w4:ij:pro] Pacing 15s before "profy" (gap=15500ms)
[w4:ij:pro] heartbeat words=24829 queue=120 rotation=11 idle=0s
[w4:ij:pro] Managed Turnstile token (len=816, 3749ms, remount)
[w4:ij:pro] [api] 200 mode=pro startsWith=profy
[w4:ij:pro] [api] 200 mode=pro startsWith=profy (456ms direct)
[w4:ij:pro] "profy" → 0 records, 0 words
[w4:ij:pro] "profy" branch complete
[w4:ij:pro] Saved 24,829 worker words
[w4:ij:pro] Searching "profz" | queue=119 | words=24829
[w4:ij:pro] Pacing 15s before "profz" (gap=15500ms)
[w4:ij:pro] Managed Turnstile token (len=816, 3544ms, remount)
[w4:ij:pro] [api] 200 mode=pro startsWith=profz
[w4:ij:pro] [api] 200 mode=pro startsWith=profz (435ms direct)
[w4:ij:pro] "profz" → 0 records, 0 words
[w4:ij:pro] "profz" branch complete
[w4:ij:pro] Saved 24,829 worker words
[w4:ij:pro] Searching "prope" | queue=118 | words=24829
[w4:ij:pro] Pacing 15s before "prope" (gap=15500ms)
[w4:ij:pro] Managed Turnstile token (len=816, 3960ms, remount)
[w4:ij:pro] [api] 200 mode=pro startsWith=prope
[w4:ij:pro] [api] 200 mode=pro startsWith=prope (567ms direct)
[w4:ij:pro] "prope" → 64 records, 64 words
[w4:ij:pro] "prope" branch complete
[w4:ij:pro] Saved 24,887 worker words; shared last.txt now 405,700
[w4:ij:pro] Searching "propf" | queue=117 | words=24887
[w4:ij:pro] Pacing 12s before "propf" (gap=15500ms)
[w4:ij:pro] Managed Turnstile token (len=816, 7710ms, remount)
[w4:ij:pro] heartbeat words=24887 queue=117 rotation=11 idle=11s
[w4:ij:pro] [api] 200 mode=pro startsWith=propf
[w4:ij:pro] [api] 200 mode=pro startsWith=propf (478ms direct)
[w4:ij:pro] "propf" → 0 records, 0 words
[w4:ij:pro] "propf" branch complete
[w4:ij:pro] Saved 24,887 worker words
[w4:ij:pro] Searching "propg" | queue=116 | words=24887
[w4:ij:pro] Pacing 15s before "propg" (gap=15500ms)
[w4:ij:pro] Managed Turnstile token (len=816, 4571ms, remount)
[w4:ij:pro] [api] 200 mode=pro startsWith=propg
[w4:ij:pro] [api] 200 mode=pro startsWith=propg (553ms direct)
[w4:ij:pro] "propg" → 0 records, 0 words
[w4:ij:pro] "propg" branch complete
[w4:ij:pro] Saved 24,887 worker words
[w4:ij:pro] Searching "proph" | queue=115 | words=24887
[w4:ij:pro] Pacing 15s before "proph" (gap=15500ms)
[w4:ij:pro] Managed Turnstile token (len=816, 5318ms, remount)
[w4:ij:pro] [api] 200 mode=pro startsWith=proph
[w4:ij:pro] [api] 200 mode=pro startsWith=proph (444ms direct)
[w4:ij:pro] "proph" → 56 records, 56 words
[w4:ij:pro] "proph" branch complete
[w4:ij:pro] Saved 24,943 worker words
[w4:ij:pro] Searching "propi" | queue=114 | words=24943
[w4:ij:pro] Pacing 15s before "propi" (gap=15500ms)
[w4:ij:pro] Managed Turnstile token (len=816, 5104ms, remount)
[w4:ij:pro] [api] 200 mode=pro startsWith=propi
[w4:ij:pro] [api] 200 mode=pro startsWith=propi (439ms direct)
[w4:ij:pro] "propi" → 51 records, 51 words
[w4:ij:pro] "propi" branch complete
[w4:ij:pro] Saved 24,994 worker words
[w4:ij:pro] Searching "propj" | queue=113 | words=24994
[w4:ij:pro] Pacing 15s before "propj" (gap=15500ms)
[w4:ij:pro] Managed Turnstile token (len=816, 11571ms, remount)
[w4:ij:pro] heartbeat words=24994 queue=113 rotation=11 idle=12s
[w4:ij:pro] [api] 200 mode=pro startsWith=propj
[w4:ij:pro] [api] 200 mode=pro startsWith=propj (466ms direct)
[w4:ij:pro] "propj" → 2 records, 2 words
[w4:ij:pro] "propj" branch complete
[w4:ij:pro] Saved 24,996 worker words
[w4:ij:pro] Searching "propk" | queue=112 | words=24996
[w4:ij:pro] Pacing 15s before "propk" (gap=15500ms)
[w4:ij:pro] Managed Turnstile miss (15804ms)
[w4:ij:pro] Failed "propk" attempt 1: No Turnstile token for direct search
[w4:ij:pro] Saved 24,996 worker words
[w4:ij:pro] Turnstile miss — soft reload before rotate
[w4:ij:pro] Turnstile token present (len=816)
[w4:ij:pro] Site Turnstile token (7926ms)
[w4:ij:pro] Searching "propk" | queue=112 | words=24996
[w4:ij:pro] [api] 200 mode=pro startsWith=propk
[w4:ij:pro] [api] 200 mode=pro startsWith=propk (451ms direct)
[w4:ij:pro] "propk" → 0 records, 0 words
[w4:ij:pro] "propk" branch complete
[w4:ij:pro] Saved 24,996 worker words
[w4:ij:pro] Searching "propl" | queue=111 | words=24996
[w4:ij:pro] Pacing 15s before "propl" (gap=15500ms)
[w4:ij:pro] Managed Turnstile token (len=816, 4614ms, remount)
[w4:ij:pro] [api] 200 mode=pro startsWith=propl
[w4:ij:pro] [api] 200 mode=pro startsWith=propl (440ms direct)
[w4:ij:pro] "propl" → 11 records, 11 words
[w4:ij:pro] "propl" branch complete
[w4:ij:pro] Saved 25,007 worker words; shared last.txt now 406,785
[w4:ij:pro] Searching "propm" | queue=110 | words=25007
[w4:ij:pro] Pacing 15s before "propm" (gap=15500ms)
[w4:ij:pro] Managed Turnstile token (len=816, 4200ms, remount)
[w4:ij:pro] heartbeat words=25007 queue=110 rotation=11 idle=13s
[w4:ij:pro] [api] 200 mode=pro startsWith=propm
[w4:ij:pro] [api] 200 mode=pro startsWith=propm (438ms direct)
[w4:ij:pro] "propm" → 4 records, 4 words
[w4:ij:pro] "propm" branch complete
[w4:ij:pro] Saved 25,011 worker words
[w4:ij:pro] Searching "propn" | queue=109 | words=25011
[w4:ij:pro] Pacing 15s before "propn" (gap=15500ms)
[w4:ij:pro] Managed Turnstile token (len=816, 4775ms, remount)
[w4:ij:pro] [api] 200 mode=pro startsWith=propn
[w4:ij:pro] [api] 200 mode=pro startsWith=propn (413ms direct)
[w4:ij:pro] "propn" → 0 records, 0 words
[w4:ij:pro] "propn" branch complete
[w4:ij:pro] Saved 25,011 worker words
[w4:ij:pro] Searching "propo" | queue=108 | words=25011
[w4:ij:pro] Pacing 15s before "propo" (gap=15500ms)
[w4:ij:pro] Managed Turnstile token (len=816, 5465ms, remount)
[w4:ij:pro] [api] 200 mode=pro startsWith=propo
[w4:ij:pro] [api] 200 mode=pro startsWith=propo (490ms direct)
[w4:ij:pro] "propo" → 98 records, 98 words
[w4:ij:pro] "propo" branch complete
[w4:ij:pro] Saved 25,109 worker words
[w4:ij:pro] Searching "propp" | queue=107 | words=25109
[w4:ij:pro] Pacing 15s before "propp" (gap=15500ms)
[w4:ij:pro] Managed Turnstile token (len=816, 6290ms, remount)
[w4:ij:pro] [api] 200 mode=pro startsWith=propp
[w4:ij:pro] [api] 200 mode=pro startsWith=propp (434ms direct)
[w4:ij:pro] "propp" → 6 records, 6 words
[w4:ij:pro] "propp" branch complete
[w4:ij:pro] Saved 25,115 worker words
[w4:ij:pro] Searching "propq" | queue=106 | words=25115
[w4:ij:pro] Pacing 15s before "propq" (gap=15500ms)
[w4:ij:pro] Managed Turnstile token (len=816, 5654ms, remount)
[w4:ij:pro] heartbeat words=25115 queue=106 rotation=11 idle=10s
[w4:ij:pro] [api] 200 mode=pro startsWith=propq
[w4:ij:pro] [api] 200 mode=pro startsWith=propq (425ms direct)
[w4:ij:pro] "propq" → 0 records, 0 words
[w4:ij:pro] "propq" branch complete
[w4:ij:pro] Saved 25,115 worker words
[w4:ij:pro] Searching "propr" | queue=105 | words=25115
[w4:ij:pro] Pacing 15s before "propr" (gap=15500ms)
[w4:ij:pro] Managed Turnstile token (len=816, 4209ms, remount)
[w4:ij:pro] [api] 200 mode=pro startsWith=propr
[w4:ij:pro] [api] 200 mode=pro startsWith=propr (474ms direct)
[w4:ij:pro] "propr" → 50 records, 50 words (incl. exact "propr")
[w4:ij:pro] "propr" branch complete
[w4:ij:pro] Saved 25,135 worker words
[w4:ij:pro] Searching "propy" | queue=104 | words=25135
[w4:ij:pro] Pacing 15s before "propy" (gap=15500ms)
[w4:ij:pro] Managed Turnstile token (len=816, 7828ms, remount)
[w4:ij:pro] [api] 200 mode=pro startsWith=propy
[w4:ij:pro] [api] 200 mode=pro startsWith=propy (441ms direct)
[w4:ij:pro] "propy" → 38 records, 38 words
[w4:ij:pro] "propy" branch complete
[w4:ij:pro] Saved 25,135 worker words
[w4:ij:pro] Searching "propz" | queue=103 | words=25135
[w4:ij:pro] Pacing 15s before "propz" (gap=15500ms)
[w4:ij:pro] Managed Turnstile token (len=816, 6658ms, remount)
[w4:ij:pro] [api] 200 mode=pro startsWith=propz
[w4:ij:pro] [api] 200 mode=pro startsWith=propz (459ms direct)
[w4:ij:pro] "propz" → 0 records, 0 words
[w4:ij:pro] "propz" branch complete
[w4:ij:pro] Saved 25,135 worker words; shared last.txt now 407,766
[w4:ij:pro] Searching "pseud" | queue=102 | words=25135
[w4:ij:pro] Pacing 13s before "pseud" (gap=15500ms)
[w4:ij:pro] heartbeat words=25135 queue=102 rotation=11 idle=7s
[w4:ij:pro] Managed Turnstile miss (15118ms)
[w4:ij:pro] Failed "pseud" attempt 1: No Turnstile token for direct search
[w4:ij:pro] Saved 25,135 worker words
[w4:ij:pro] Turnstile miss — soft reload before rotate
[w4:ij:pro] Managed Turnstile token (len=816, 4385ms, remount)
[w4:ij:pro] Searching "pseud" | queue=102 | words=25135
[w4:ij:pro] [api] 200 mode=pro startsWith=pseud
[w4:ij:pro] [api] 200 mode=pro startsWith=pseud (547ms direct)
[w4:ij:pro] "pseud" → 100 records, 100 words (incl. exact "pseud")
[w4:ij:pro] Pacing 15s before "pseud" (gap=15500ms)
[w4:ij:pro] Managed Turnstile token (len=816, 3453ms, remount)
[w4:ij:pro] [api] 200 mode=pro startsWith=pseud
[w4:ij:pro] [api] 200 mode=pro startsWith=pseud sort=alphabetical:desc (600ms direct)
[w4:ij:pro] "pseud" full page ends at "pseudo-complementation" (next='o'); skip 19 covered groups → 9 children reverse Z→A ends at "pseudospiracle" (lo='o' hi='s'); skip 3 middle + 0 new words
[w4:ij:pro] Saved 25,135 worker words
[w4:ij:pro] Searching "pseue" | queue=110 | words=25135
[w4:ij:pro] Pacing 15s before "pseue" (gap=15500ms)
[w4:ij:pro] Managed Turnstile token (len=816, 4191ms, remount)
[w4:ij:pro] [api] 200 mode=pro startsWith=pseue
[w4:ij:pro] [api] 200 mode=pro startsWith=pseue (467ms direct)
[w4:ij:pro] "pseue" → 0 records, 0 words
[w4:ij:pro] "pseue" branch complete
[w4:ij:pro] Saved 25,135 worker words
[w4:ij:pro] Searching "pseuf" | queue=109 | words=25135
[w4:ij:pro] Pacing 15s before "pseuf" (gap=15500ms)
[w4:ij:pro] Managed Turnstile token (len=816, 5058ms, remount)
[w4:ij:pro] [api] 200 mode=pro startsWith=pseuf
[w4:ij:pro] [api] 200 mode=pro startsWith=pseuf (472ms direct)
[w4:ij:pro] "pseuf" → 0 records, 0 words
[w4:ij:pro] "pseuf" branch complete
[w4:ij:pro] heartbeat words=25135 queue=109 rotation=11 idle=16s
[w4:ij:pro] Saved 25,135 worker words
[w4:ij:pro] Searching "pseug" | queue=108 | words=25135
[w4:ij:pro] Pacing 15s before "pseug" (gap=15500ms)
[w4:ij:pro] Managed Turnstile token (len=816, 6146ms, remount)
[w4:ij:pro] [api] 200 mode=pro startsWith=pseug
[w4:ij:pro] [api] 200 mode=pro startsWith=pseug (435ms direct)
[w4:ij:pro] "pseug" → 0 records, 0 words
[w4:ij:pro] "pseug" branch complete
[w4:ij:pro] Saved 25,135 worker words
[w4:ij:pro] Searching "pseuh" | queue=107 | words=25135
[w4:ij:pro] Pacing 15s before "pseuh" (gap=15500ms)
[w4:ij:pro] Managed Turnstile token (len=816, 4277ms, remount)
[w4:ij:pro] [api] 200 mode=pro startsWith=pseuh
[w4:ij:pro] [api] 200 mode=pro startsWith=pseuh (486ms direct)
[w4:ij:pro] "pseuh" → 0 records, 0 words
[w4:ij:pro] "pseuh" branch complete
[w4:ij:pro] Saved 25,135 worker words
[w4:ij:pro] Searching "pseui" | queue=106 | words=25135
[w4:ij:pro] Pacing 14s before "pseui" (gap=15500ms)
[w4:ij:pro] Managed Turnstile token (len=816, 11964ms, remount)
[w4:ij:pro] [api] 200 mode=pro startsWith=pseui
[w4:ij:pro] [api] 200 mode=pro startsWith=pseui (533ms direct)
[w4:ij:pro] "pseui" → 0 records, 0 words
[w4:ij:pro] "pseui" branch complete
[w4:ij:pro] Saved 25,135 worker words
[w4:ij:pro] Searching "pseuj" | queue=105 | words=25135
[w4:ij:pro] Pacing 14s before "pseuj" (gap=15500ms)
[w4:ij:pro] Managed Turnstile token (len=816, 5832ms, remount)
[w4:ij:pro] heartbeat words=25135 queue=105 rotation=11 idle=12s
[w4:ij:pro] [api] 200 mode=pro startsWith=pseuj
[w4:ij:pro] [api] 200 mode=pro startsWith=pseuj (412ms direct)
[w4:ij:pro] "pseuj" → 0 records, 0 words
[w4:ij:pro] "pseuj" branch complete
[w4:ij:pro] Saved 25,135 worker words; shared last.txt now 408,495
[w4:ij:pro] Searching "pseuk" | queue=104 | words=25135
[w4:ij:pro] Pacing 15s before "pseuk" (gap=15500ms)
[w4:ij:pro] Managed Turnstile token (len=816, 4263ms, remount)
[w4:ij:pro] [api] 200 mode=pro startsWith=pseuk
[w4:ij:pro] [api] 200 mode=pro startsWith=pseuk (451ms direct)
[w4:ij:pro] "pseuk" → 0 records, 0 words
[w4:ij:pro] "pseuk" branch complete
[w4:ij:pro] Saved 25,135 worker words
[w4:ij:pro] Searching "pseul" | queue=103 | words=25135
[w4:ij:pro] Pacing 15s before "pseul" (gap=15500ms)
[w4:ij:pro] Managed Turnstile token (len=816, 4490ms, remount)
[w4:ij:pro] [api] 200 mode=pro startsWith=pseul
[w4:ij:pro] [api] 200 mode=pro startsWith=pseul (443ms direct)
[w4:ij:pro] "pseul" → 0 records, 0 words
[w4:ij:pro] "pseul" branch complete
[w4:ij:pro] Saved 25,135 worker words
[w4:ij:pro] Searching "pseum" | queue=102 | words=25135
[w4:ij:pro] Pacing 15s before "pseum" (gap=15500ms)
[w4:ij:pro] Managed Turnstile miss (16463ms)
[w4:ij:pro] Failed "pseum" attempt 1: No Turnstile token for direct search
[w4:ij:pro] Saved 25,135 worker words
[w4:ij:pro] Turnstile miss — soft reload before rotate
[w4:ij:pro] heartbeat words=25135 queue=103 rotation=11 idle=27s
[w4:ij:pro] Site Turnstile remint timed out (10475ms)
[w4:ij:pro] Soft reload mint failed — rotating immediately
[w4:ij:pro] Tor NEWNYM gen=13; waiting 8000ms
[w4:ij:pro] Tor ready on 19054 exit=185.220.101.190
[w4:ij:pro] Rotating IP (#12, try 1) after No Turnstile token for direct search → tor#13 socks5://127.0.0.1:19054
[w4:ij:pro] Launching persistent Chrome profile /tmp/lll-pw-w4-r12
[w4:ij:pro] Proxy tor#13 socks5://127.0.0.1:19054
[w4:ij:pro] Opening https://lastletterlibrary.com
[w4:ij:pro] Library mode=pro
[w4:ij:pro] Site Turnstile remint timed out (23333ms)
[w4:ij:pro] Search mode=direct (skip UI Wait Ns… gate)
[w4:ij:pro] Cleaned 1 old rotated profile(s)
[w4:ij:pro] Searching "pseum" | queue=102 | words=25135
[w4:ij:pro] Managed Turnstile miss (15103ms)
[w4:ij:pro] Failed "pseum" attempt 1: No Turnstile token for direct search
[w4:ij:pro] heartbeat words=25135 queue=103 rotation=12 idle=87s
[w4:ij:pro] Saved 25,135 worker words
[w4:ij:pro] Turnstile miss — soft reload before rotate
[w4:ij:pro] Site Turnstile remint timed out (9872ms)
[w4:ij:pro] Soft reload mint failed — rotating immediately
[w4:ij:pro] Tor NEWNYM gen=14; waiting 8000ms
[w4:ij:pro] Tor ready on 19054 exit=192.42.116.56
[w4:ij:pro] Rotating IP (#13, try 1) after No Turnstile token for direct search → tor#14 socks5://127.0.0.1:19054
[w4:ij:pro] Launching persistent Chrome profile /tmp/lll-pw-w4-r13
[w4:ij:pro] Proxy tor#14 socks5://127.0.0.1:19054
[w4:ij:pro] Opening https://lastletterlibrary.com
[w4:ij:pro] Library mode=pro
[w4:ij:pro] Managed Turnstile token (len=816, 9325ms, remount)
[w4:ij:pro] Search mode=direct (skip UI Wait Ns… gate)
[w4:ij:pro] Cleaned 1 old rotated profile(s)
[w4:ij:pro] Searching "pseum" | queue=102 | words=25135
[w4:ij:pro] [api] 200 mode=pro startsWith=pseum
[w4:ij:pro] [api] 200 mode=pro startsWith=pseum (789ms direct)
[w4:ij:pro] "pseum" → 0 records, 0 words
[w4:ij:pro] "pseum" branch complete
[w4:ij:pro] Saved 25,135 worker words
[w4:ij:pro] Searching "pseun" | queue=101 | words=25135
[w4:ij:pro] Pacing 15s before "pseun" (gap=15500ms)
[w4:ij:pro] Managed Turnstile token (len=816, 7633ms, remount)
[w4:ij:pro] [api] 200 mode=pro startsWith=pseun
[w4:ij:pro] [api] 200 mode=pro startsWith=pseun (522ms direct)
[w4:ij:pro] "pseun" → 0 records, 0 words
[w4:ij:pro] "pseun" branch complete
[w4:ij:pro] Saved 25,135 worker words
[w4:ij:pro] Searching "pseuo" | queue=100 | words=25135
[w4:ij:pro] Pacing 14s before "pseuo" (gap=15500ms)
[w4:ij:pro] heartbeat words=25135 queue=100 rotation=13 idle=0s
[w4:ij:pro] Managed Turnstile token (len=794, 7304ms, remount)
[w4:ij:pro] [api] 200 mode=pro startsWith=pseuo
[w4:ij:pro] [api] 200 mode=pro startsWith=pseuo (502ms direct)
[w4:ij:pro] "pseuo" → 0 records, 0 words
[w4:ij:pro] "pseuo" branch complete
[w4:ij:pro] Saved 25,135 worker words
[w4:ij:pro] Searching "pseup" | queue=99 | words=25135
[w4:ij:pro] Pacing 15s before "pseup" (gap=15500ms)
[w4:ij:pro] Managed Turnstile miss (15182ms)
[w4:ij:pro] Failed "pseup" attempt 1: No Turnstile token for direct search
[w4:ij:pro] Saved 25,135 worker words; shared last.txt now 409,032
[w4:ij:pro] Turnstile miss — soft reload before rotate
[w4:ij:pro] Turnstile token present (len=816)
[w4:ij:pro] Site Turnstile token (10589ms)
[w4:ij:pro] Searching "pseup" | queue=99 | words=25135
[w4:ij:pro] [api] 200 mode=pro startsWith=pseup
[w4:ij:pro] [api] 200 mode=pro startsWith=pseup (456ms direct)
[w4:ij:pro] "pseup" → 0 records, 0 words
[w4:ij:pro] "pseup" branch complete
[w4:ij:pro] Saved 25,135 worker words
[w4:ij:pro] Searching "pseuq" | queue=98 | words=25135
[w4:ij:pro] Pacing 15s before "pseuq" (gap=15500ms)
[w4:ij:pro] Managed Turnstile token (len=816, 7602ms, remount)
[w4:ij:pro] heartbeat words=25135 queue=98 rotation=13 idle=13s
[w4:ij:pro] [api] 200 mode=pro startsWith=pseuq
[w4:ij:pro] [api] 200 mode=pro startsWith=pseuq (435ms direct)
[w4:ij:pro] "pseuq" → 0 records, 0 words
[w4:ij:pro] "pseuq" branch complete
[w4:ij:pro] Saved 25,135 worker words
[w4:ij:pro] Searching "pseur" | queue=97 | words=25135
[w4:ij:pro] Pacing 15s before "pseur" (gap=15500ms)
[w4:ij:pro] Managed Turnstile miss (15704ms)
[w4:ij:pro] Failed "pseur" attempt 1: No Turnstile token for direct search
[w4:ij:pro] Saved 25,135 worker words
[w4:ij:pro] Turnstile miss — soft reload before rotate
[w4:ij:pro] Turnstile token present (len=816)
[w4:ij:pro] Site Turnstile token (8208ms)
[w4:ij:pro] Searching "pseur" | queue=97 | words=25135
[w4:ij:pro] [api] 200 mode=pro startsWith=pseur
[w4:ij:pro] [api] 200 mode=pro startsWith=pseur (505ms direct)
[w4:ij:pro] "pseur" → 0 records, 0 words
[w4:ij:pro] "pseur" branch complete
[w4:ij:pro] Saved 25,135 worker words
[w4:ij:pro] Searching "pseus" | queue=96 | words=25135
[w4:ij:pro] Pacing 15s before "pseus" (gap=15500ms)
[w4:ij:pro] Managed Turnstile token (len=794, 4449ms, remount)
[w4:ij:pro] [api] 200 mode=pro startsWith=pseus
[w4:ij:pro] [api] 200 mode=pro startsWith=pseus (451ms direct)
[w4:ij:pro] "pseus" → 0 records, 0 words
[w4:ij:pro] "pseus" branch complete
[w4:ij:pro] Saved 25,135 worker words
[w4:ij:pro] Searching "pseut" | queue=95 | words=25135
[w4:ij:pro] Pacing 15s before "pseut" (gap=15500ms)
[w4:ij:pro] Managed Turnstile token (len=816, 4906ms, remount)
[w4:ij:pro] heartbeat words=25135 queue=95 rotation=13 idle=15s
[w4:ij:pro] [api] 200 mode=pro startsWith=pseut
[w4:ij:pro] [api] 200 mode=pro startsWith=pseut (450ms direct)
[w4:ij:pro] "pseut" → 0 records, 0 words
[w4:ij:pro] "pseut" branch complete
[w4:ij:pro] Saved 25,135 worker words
[w4:ij:pro] Searching "pseuu" | queue=94 | words=25135
[w4:ij:pro] Pacing 15s before "pseuu" (gap=15500ms)
[w4:ij:pro] Managed Turnstile token (len=816, 6949ms, remount)
[w4:ij:pro] [api] 200 mode=pro startsWith=pseuu
[w4:ij:pro] [api] 200 mode=pro startsWith=pseuu (442ms direct)
[w4:ij:pro] "pseuu" → 0 records, 0 words
[w4:ij:pro] "pseuu" branch complete
[w4:ij:pro] Saved 25,135 worker words
[w4:ij:pro] Searching "pseuv" | queue=93 | words=25135
[w4:ij:pro] Pacing 15s before "pseuv" (gap=15500ms)
[w4:ij:pro] Managed Turnstile token (len=794, 6302ms, remount)
[w4:ij:pro] [api] 200 mode=pro startsWith=pseuv
[w4:ij:pro] [api] 200 mode=pro startsWith=pseuv (438ms direct)
[w4:ij:pro] "pseuv" → 0 records, 0 words
[w4:ij:pro] "pseuv" branch complete
[w4:ij:pro] Saved 25,135 worker words; shared last.txt now 409,552
[w4:ij:pro] Searching "pseuw" | queue=92 | words=25135
[w4:ij:pro] Pacing 15s before "pseuw" (gap=15500ms)
[w4:ij:pro] Managed Turnstile token (len=794, 5632ms, remount)
[w4:ij:pro] [api] 200 mode=pro startsWith=pseuw
[w4:ij:pro] [api] 200 mode=pro startsWith=pseuw (485ms direct)
[w4:ij:pro] "pseuw" → 0 records, 0 words
[w4:ij:pro] "pseuw" branch complete
[w4:ij:pro] Saved 25,135 worker words
[w4:ij:pro] Searching "pseux" | queue=91 | words=25135
[w4:ij:pro] Pacing 15s before "pseux" (gap=15500ms)
[w4:ij:pro] Managed Turnstile token (len=794, 8616ms, remount)
[w4:ij:pro] heartbeat words=25135 queue=91 rotation=13 idle=13s
[w4:ij:pro] [api] 200 mode=pro startsWith=pseux
[w4:ij:pro] [api] 200 mode=pro startsWith=pseux (493ms direct)
[w4:ij:pro] "pseux" → 0 records, 0 words
[w4:ij:pro] "pseux" branch complete
[w4:ij:pro] Saved 25,135 worker words
[w4:ij:pro] Searching "pseuy" | queue=90 | words=25135
[w4:ij:pro] Pacing 15s before "pseuy" (gap=15500ms)
[w4:ij:pro] Managed Turnstile miss (15817ms)
[w4:ij:pro] Failed "pseuy" attempt 1: No Turnstile token for direct search
[w4:ij:pro] Saved 25,135 worker words
[w4:ij:pro] Turnstile miss — soft reload before rotate
[w4:ij:pro] Site Turnstile remint timed out (12067ms)
[w4:ij:pro] Soft reload mint failed — rotating immediately
[w4:ij:pro] Tor NEWNYM gen=15; waiting 8000ms
[w4:ij:pro] Tor ready on 19054 exit=185.220.101.7
[w4:ij:pro] Rotating IP (#14, try 1) after No Turnstile token for direct search → tor#15 socks5://127.0.0.1:19054
[w4:ij:pro] Launching persistent Chrome profile /tmp/lll-pw-w4-r14
[w4:ij:pro] Proxy tor#15 socks5://127.0.0.1:19054
[w4:ij:pro] Opening https://lastletterlibrary.com
[w4:ij:pro] heartbeat words=25135 queue=91 rotation=14 idle=57s
[w4:ij:pro] Library mode=pro
[w4:ij:pro] Site Turnstile remint timed out (22335ms)
[w4:ij:pro] Search mode=direct (skip UI Wait Ns… gate)
[w4:ij:pro] Cleaned 1 old rotated profile(s)
[w4:ij:pro] Searching "pseuy" | queue=90 | words=25135
[w4:ij:pro] Managed Turnstile miss (15082ms)
[w4:ij:pro] Failed "pseuy" attempt 1: No Turnstile token for direct search
[w4:ij:pro] Saved 25,135 worker words
[w4:ij:pro] Turnstile miss — soft reload before rotate
[w4:ij:pro] Site Turnstile remint timed out (9766ms)
[w4:ij:pro] Soft reload mint failed — rotating immediately
[w4:ij:pro] Tor NEWNYM gen=16; waiting 8000ms
[w4:ij:pro] Tor ready on 19054 exit=192.42.116.99
[w4:ij:pro] Rotating IP (#15, try 1) after No Turnstile token for direct search → tor#16 socks5://127.0.0.1:19054
[w4:ij:pro] Launching persistent Chrome profile /tmp/lll-pw-w4-r15
[w4:ij:pro] Proxy tor#16 socks5://127.0.0.1:19054
[w4:ij:pro] heartbeat words=25135 queue=91 rotation=15 idle=117s
[w4:ij:pro] Opening https://lastletterlibrary.com
[w4:ij:pro] Library mode=pro
[w4:ij:pro] Managed Turnstile token (len=816, 4843ms, remount)
[w4:ij:pro] Search mode=direct (skip UI Wait Ns… gate)
[w4:ij:pro] Cleaned 1 old rotated profile(s)
[w4:ij:pro] Searching "pseuy" | queue=90 | words=25135
[w4:ij:pro] [api] 200 mode=pro startsWith=pseuy
[w4:ij:pro] [api] 200 mode=pro startsWith=pseuy (514ms direct)
[w4:ij:pro] "pseuy" → 0 records, 0 words
[w4:ij:pro] "pseuy" branch complete
[w4:ij:pro] Saved 25,135 worker words
[w4:ij:pro] Searching "pseuz" | queue=89 | words=25135
[w4:ij:pro] Pacing 15s before "pseuz" (gap=15500ms)
[w4:ij:pro] Managed Turnstile token (len=816, 4644ms, remount)
[w4:ij:pro] [api] 200 mode=pro startsWith=pseuz
[w4:ij:pro] [api] 200 mode=pro startsWith=pseuz (532ms direct)
[w4:ij:pro] "pseuz" → 0 records, 0 words
[w4:ij:pro] "pseuz" branch complete
[w4:ij:pro] Saved 25,135 worker words
[w4:ij:pro] Searching "parapl" | queue=88 | words=25135
[w4:ij:pro] Pacing 15s before "parapl" (gap=15500ms)
[w4:ij:pro] Managed Turnstile token (len=816, 3388ms, remount)
[w4:ij:pro] [api] 200 mode=pro startsWith=parapl
[w4:ij:pro] [api] 200 mode=pro startsWith=parapl (499ms direct)
[w4:ij:pro] "parapl" → 15 records, 15 words
[w4:ij:pro] "parapl" branch complete
[w4:ij:pro] Saved 25,137 worker words
[w4:ij:pro] Searching "parapm" | queue=87 | words=25137
[w4:ij:pro] Pacing 15s before "parapm" (gap=15500ms)
[w4:ij:pro] Managed Turnstile token (len=816, 4331ms, remount)
[w4:ij:pro] [api] 200 mode=pro startsWith=parapm
[w4:ij:pro] [api] 200 mode=pro startsWith=parapm (487ms direct)
[w4:ij:pro] "parapm" → 0 records, 0 words
[w4:ij:pro] "parapm" branch complete
[w4:ij:pro] Saved 25,137 worker words; shared last.txt now 409,691
[w4:ij:pro] Searching "parapn" | queue=86 | words=25137
[w4:ij:pro] Pacing 15s before "parapn" (gap=15500ms)
[w4:ij:pro] heartbeat words=25137 queue=86 rotation=15 idle=2s
[w4:ij:pro] Managed Turnstile token (len=816, 4688ms, remount)
[w4:ij:pro] [api] 200 mode=pro startsWith=parapn
[w4:ij:pro] [api] 200 mode=pro startsWith=parapn (457ms direct)
[w4:ij:pro] "parapn" → 0 records, 0 words
[w4:ij:pro] "parapn" branch complete
[w4:ij:pro] Saved 25,137 worker words
[w4:ij:pro] Searching "parapo" | queue=85 | words=25137
[w4:ij:pro] Pacing 15s before "parapo" (gap=15500ms)
[w4:ij:pro] Managed Turnstile token (len=816, 6276ms, remount)
[w4:ij:pro] [api] 200 mode=pro startsWith=parapo
[w4:ij:pro] [api] 200 mode=pro startsWith=parapo (463ms direct)
[w4:ij:pro] "parapo" → 7 records, 7 words
[w4:ij:pro] "parapo" branch complete
[w4:ij:pro] Saved 25,144 worker words
[w4:ij:pro] Searching "parapp" | queue=84 | words=25144
[w4:ij:pro] Pacing 14s before "parapp" (gap=15500ms)
[w4:ij:pro] Managed Turnstile token (len=816, 9617ms, remount)
[w4:ij:pro] [api] 429 mode=pro startsWith=parapp
[w4:ij:pro] [api] 429 mode=pro startsWith=parapp (431ms direct)
[w4:ij:pro] Learned server gap ≈ 15500ms (wait hint 2000ms)
[w4:ij:pro] Rate limited — inline wait 2000ms then retry "parapp"
[w4:ij:pro] Managed Turnstile token (len=816, 3576ms, remount)
[w4:ij:pro] [api] 200 mode=pro startsWith=parapp
[w4:ij:pro] [api] 200 mode=pro startsWith=parapp (375ms direct)
[w4:ij:pro] "parapp" → 1 records, 1 words
[w4:ij:pro] "parapp" branch complete
[w4:ij:pro] Saved 25,145 worker words
[w4:ij:pro] Searching "parapq" | queue=83 | words=25145
[w4:ij:pro] Pacing 16s before "parapq" (gap=15500ms)
[w4:ij:pro] Managed Turnstile token (len=816, 5014ms, remount)
[w4:ij:pro] heartbeat words=25145 queue=83 rotation=15 idle=12s
[w4:ij:pro] [api] 200 mode=pro startsWith=parapq
[w4:ij:pro] [api] 200 mode=pro startsWith=parapq (496ms direct)
[w4:ij:pro] "parapq" → 0 records, 0 words
[w4:ij:pro] "parapq" branch complete
[w4:ij:pro] Saved 25,145 worker words
[w4:ij:pro] Searching "parapr" | queue=82 | words=25145
[w4:ij:pro] Pacing 15s before "parapr" (gap=15500ms)
[w4:ij:pro] Managed Turnstile miss (15139ms)
[w4:ij:pro] Failed "parapr" attempt 1: No Turnstile token for direct search
[w4:ij:pro] Saved 25,145 worker words
[w4:ij:pro] Turnstile miss — soft reload before rotate
[w4:ij:pro] Site Turnstile remint timed out (11502ms)
[w4:ij:pro] Soft reload mint failed — rotating immediately
[w4:ij:pro] Tor NEWNYM gen=17; waiting 8000ms
[w4:ij:pro] Tor ready on 19054 exit=109.70.100.12
[w4:ij:pro] Rotating IP (#16, try 1) after No Turnstile token for direct search → tor#17 socks5://127.0.0.1:19054
[w4:ij:pro] Launching persistent Chrome profile /tmp/lll-pw-w4-r16
[w4:ij:pro] Proxy tor#17 socks5://127.0.0.1:19054
[w4:ij:pro] Opening https://lastletterlibrary.com
[w4:ij:pro] Library mode=pro
[w4:ij:pro] Managed Turnstile token (len=816, 3983ms, remount)
[w4:ij:pro] Search mode=direct (skip UI Wait Ns… gate)
[w4:ij:pro] Cleaned 1 old rotated profile(s)
[w4:ij:pro] Searching "parapr" | queue=82 | words=25145
[w4:ij:pro] [api] 200 mode=pro startsWith=parapr
[w4:ij:pro] [api] 200 mode=pro startsWith=parapr (524ms direct)
[w4:ij:pro] "parapr" → 11 records, 11 words
[w4:ij:pro] "parapr" branch complete
[w4:ij:pro] Saved 25,156 worker words
[w4:ij:pro] Searching "paraps" | queue=81 | words=25156
[w4:ij:pro] Pacing 15s before "paraps" (gap=15500ms)
[w4:ij:pro] Managed Turnstile token (len=816, 3429ms, remount)
[w4:ij:pro] heartbeat words=25156 queue=81 rotation=16 idle=6s
[w4:ij:pro] [api] 200 mode=pro startsWith=paraps
[w4:ij:pro] [api] 200 mode=pro startsWith=paraps (432ms direct)
[w4:ij:pro] "paraps" → 15 records, 15 words
[w4:ij:pro] "paraps" branch complete
[w4:ij:pro] Saved 25,171 worker words
[w4:ij:pro] Searching "parapt" | queue=80 | words=25171
[w4:ij:pro] Pacing 16s before "parapt" (gap=15500ms)
[w4:ij:pro] Managed Turnstile token (len=816, 3729ms, remount)
[w4:ij:pro] [api] 200 mode=pro startsWith=parapt
[w4:ij:pro] [api] 200 mode=pro startsWith=parapt (483ms direct)
[w4:ij:pro] "parapt" → 4 records, 4 words
[w4:ij:pro] "parapt" branch complete
[w4:ij:pro] Saved 25,175 worker words; shared last.txt now 410,169
[w4:ij:pro] Searching "parapu" | queue=79 | words=25175
[w4:ij:pro] Pacing 12s before "parapu" (gap=15500ms)
[w4:ij:pro] Managed Turnstile token (len=816, 8013ms, remount)
[w4:ij:pro] [api] 200 mode=pro startsWith=parapu
[w4:ij:pro] [api] 200 mode=pro startsWith=parapu (594ms direct)
[w4:ij:pro] "parapu" → 0 records, 0 words
[w4:ij:pro] "parapu" branch complete
[w4:ij:pro] Saved 25,175 worker words
[w4:ij:pro] Searching "parapv" | queue=78 | words=25175
[w4:ij:pro] Pacing 15s before "parapv" (gap=15500ms)
[w4:ij:pro] Managed Turnstile token (len=816, 3888ms, remount)
[w4:ij:pro] [api] 200 mode=pro startsWith=parapv
[w4:ij:pro] [api] 200 mode=pro startsWith=parapv (488ms direct)
[w4:ij:pro] "parapv" → 0 records, 0 words
[w4:ij:pro] "parapv" branch complete
[w4:ij:pro] Saved 25,175 worker words
[w4:ij:pro] Searching "parapw" | queue=77 | words=25175
[w4:ij:pro] Pacing 15s before "parapw" (gap=15500ms)
[w4:ij:pro] heartbeat words=25175 queue=77 rotation=16 idle=4s
[w4:ij:pro] Managed Turnstile token (len=816, 4624ms, remount)
[w4:ij:pro] [api] 200 mode=pro startsWith=parapw
[w4:ij:pro] [api] 200 mode=pro startsWith=parapw (435ms direct)
[w4:ij:pro] "parapw" → 0 records, 0 words
[w4:ij:pro] "parapw" branch complete
[w4:ij:pro] Saved 25,175 worker words
[w4:ij:pro] Searching "parapx" | queue=76 | words=25175
[w4:ij:pro] Pacing 15s before "parapx" (gap=15500ms)
[w4:ij:pro] Managed Turnstile token (len=816, 6880ms, remount)
[w4:ij:pro] [api] 200 mode=pro startsWith=parapx
[w4:ij:pro] [api] 200 mode=pro startsWith=parapx (456ms direct)
[w4:ij:pro] "parapx" → 0 records, 0 words
[w4:ij:pro] "parapx" branch complete
[w4:ij:pro] Saved 25,175 worker words
[w4:ij:pro] Searching "parapy" | queue=75 | words=25175
[w4:ij:pro] Pacing 15s before "parapy" (gap=15500ms)
[w4:ij:pro] Managed Turnstile token (len=816, 3881ms, remount)
[w4:ij:pro] [api] 200 mode=pro startsWith=parapy
[w4:ij:pro] [api] 200 mode=pro startsWith=parapy (521ms direct)
[w4:ij:pro] "parapy" → 0 records, 0 words
[w4:ij:pro] "parapy" branch complete
[w4:ij:pro] Saved 25,175 worker words
[w4:ij:pro] Searching "parapz" | queue=74 | words=25175
[w4:ij:pro] Pacing 14s before "parapz" (gap=15500ms)
[w4:ij:pro] Managed Turnstile token (len=816, 9677ms, remount)
[w4:ij:pro] [api] 200 mode=pro startsWith=parapz
[w4:ij:pro] [api] 200 mode=pro startsWith=parapz (520ms direct)
[w4:ij:pro] "parapz" → 0 records, 0 words
[w4:ij:pro] "parapz" branch complete
[w4:ij:pro] Saved 25,175 worker words
[w4:ij:pro] Searching "periov" | queue=73 | words=25175
[w4:ij:pro] Pacing 15s before "periov" (gap=15500ms)
[w4:ij:pro] heartbeat words=25175 queue=73 rotation=16 idle=1s
[w4:ij:pro] Managed Turnstile token (len=816, 4406ms, remount)
[w4:ij:pro] [api] 200 mode=pro startsWith=periov
[w4:ij:pro] [api] 200 mode=pro startsWith=periov (471ms direct)
[w4:ij:pro] "periov" → 1 records, 1 words
[w4:ij:pro] "periov" branch complete
[w4:ij:pro] Saved 25,175 worker words
[w4:ij:pro] Searching "periow" | queue=72 | words=25175
[w4:ij:pro] Pacing 15s before "periow" (gap=15500ms)
[w4:ij:pro] Managed Turnstile miss (15283ms)
[w4:ij:pro] Failed "periow" attempt 1: No Turnstile token for direct search
[w4:ij:pro] Saved 25,175 worker words; shared last.txt now 410,492
[w4:ij:pro] Turnstile miss — soft reload before rotate
[w4:ij:pro] Site Turnstile remint timed out (10563ms)
[w4:ij:pro] Soft reload mint failed — rotating immediately
[w4:ij:pro] Tor NEWNYM gen=18; waiting 8000ms
[w4:ij:pro] Tor ready on 19054 exit=150.40.127.243
[w4:ij:pro] Rotating IP (#17, try 1) after No Turnstile token for direct search → tor#18 socks5://127.0.0.1:19054
[w4:ij:pro] Launching persistent Chrome profile /tmp/lll-pw-w4-r17
[w4:ij:pro] Proxy tor#18 socks5://127.0.0.1:19054
[w4:ij:pro] Opening https://lastletterlibrary.com
[w4:ij:pro] heartbeat words=25175 queue=73 rotation=17 idle=46s
[w4:ij:pro] Library mode=pro
[w4:ij:pro] Managed Turnstile token (len=816, 9085ms, remount)
[w4:ij:pro] Search mode=direct (skip UI Wait Ns… gate)
[w4:ij:pro] Cleaned 1 old rotated profile(s)
[w4:ij:pro] Searching "periow" | queue=72 | words=25175
[w4:ij:pro] [api] 200 mode=pro startsWith=periow
[w4:ij:pro] [api] 200 mode=pro startsWith=periow (940ms direct)
[w4:ij:pro] "periow" → 0 records, 0 words
[w4:ij:pro] "periow" branch complete
[w4:ij:pro] Saved 25,175 worker words
[w4:ij:pro] Searching "periox" | queue=71 | words=25175
[w4:ij:pro] Pacing 15s before "periox" (gap=15500ms)
[w4:ij:pro] Managed Turnstile token (len=816, 6841ms, remount)
[w4:ij:pro] [api] 200 mode=pro startsWith=periox
[w4:ij:pro] [api] 200 mode=pro startsWith=periox (877ms direct)
[w4:ij:pro] "periox" → 0 records, 0 words
[w4:ij:pro] "periox" branch complete
[w4:ij:pro] Saved 25,175 worker words
[w4:ij:pro] Searching "perioy" | queue=70 | words=25175
[w4:ij:pro] Pacing 15s before "perioy" (gap=15500ms)
[w4:ij:pro] Managed Turnstile token (len=816, 7124ms, remount)
[w4:ij:pro] [api] 200 mode=pro startsWith=perioy
[w4:ij:pro] [api] 200 mode=pro startsWith=perioy (1025ms direct)
[w4:ij:pro] "perioy" → 0 records, 0 words
[w4:ij:pro] "perioy" branch complete
[w4:ij:pro] Saved 25,175 worker words
[w4:ij:pro] Searching "perioz" | queue=69 | words=25175
[w4:ij:pro] Pacing 15s before "perioz" (gap=15500ms)
[w4:ij:pro] Managed Turnstile token (len=816, 9505ms, remount)
[w4:ij:pro] [api] 200 mode=pro startsWith=perioz
[w4:ij:pro] [api] 200 mode=pro startsWith=perioz (923ms direct)
[w4:ij:pro] "perioz" → 0 records, 0 words
[w4:ij:pro] "perioz" branch complete
[w4:ij:pro] Saved 25,175 worker words
[w4:ij:pro] Searching "pharma" | queue=68 | words=25175
[w4:ij:pro] Pacing 15s before "pharma" (gap=15500ms)
[w4:ij:pro] heartbeat words=25175 queue=68 rotation=17 idle=0s
[w4:ij:pro] Managed Turnstile token (len=816, 7194ms, remount)
[w4:ij:pro] [api] 200 mode=pro startsWith=pharma
[w4:ij:pro] [api] 200 mode=pro startsWith=pharma (849ms direct)
[w4:ij:pro] "pharma" → 100 records, 100 words (incl. exact "pharma")
[w4:ij:pro] Pacing 15s before "pharma" (gap=15500ms)
[w4:ij:pro] Managed Turnstile token (len=816, 8510ms, remount)
[w4:ij:pro] [api] 200 mode=pro startsWith=pharma
[w4:ij:pro] [api] 200 mode=pro startsWith=pharma sort=alphabetical:desc (795ms direct)
[w4:ij:pro] "pharma" full page ends at "pharmakos" (next='k'); skip 20 covered groups → 8 children reverse Z→A ends at "pharmacal" (lo='c' hi='s'); skip 15 middle + 0 new words
[w4:ij:pro] Saved 25,175 worker words
[w4:ij:pro] Searching "pharmu" | queue=75 | words=25175
[w4:ij:pro] Pacing 15s before "pharmu" (gap=15500ms)
[w4:ij:pro] Managed Turnstile token (len=816, 7240ms, remount)
[w4:ij:pro] [api] 200 mode=pro startsWith=pharmu
[w4:ij:pro] [api] 200 mode=pro startsWith=pharmu (808ms direct)
[w4:ij:pro] "pharmu" → 1 records, 1 words
[w4:ij:pro] "pharmu" branch complete
[w4:ij:pro] Saved 25,175 worker words
[w4:ij:pro] Searching "pharmv" | queue=74 | words=25175
[w4:ij:pro] Pacing 15s before "pharmv" (gap=15500ms)
[w4:ij:pro] Managed Turnstile token (len=816, 10855ms, remount)
[w4:ij:pro] heartbeat words=25175 queue=74 rotation=17 idle=14s
[w4:ij:pro] [api] 200 mode=pro startsWith=pharmv
[w4:ij:pro] [api] 200 mode=pro startsWith=pharmv (1319ms direct)
[w4:ij:pro] "pharmv" → 0 records, 0 words
[w4:ij:pro] "pharmv" branch complete
[w4:ij:pro] Saved 25,175 worker words
[w4:ij:pro] Searching "pharmw" | queue=73 | words=25175
[w4:ij:pro] Pacing 14s before "pharmw" (gap=15500ms)
[w4:ij:pro] Managed Turnstile miss (15120ms)
[w4:ij:pro] Failed "pharmw" attempt 1: No Turnstile token for direct search
[w4:ij:pro] Saved 25,175 worker words; shared last.txt now 411,058
[w4:ij:pro] Turnstile miss — soft reload before rotate
[w4:ij:pro] Soft reload failed: page.goto: net::ERR_NETWORK_CHANGED at https://lastletterlibrary.com/
Call log:
  - navigating to "https://lastletterlib
[w4:ij:pro] Searching "pharmw" | queue=73 | words=25175
[w4:ij:pro] Custom Search panel missing (attempt 1); retrying
[w4:ij:pro] heartbeat words=25175 queue=73 rotation=17 idle=58s
[w4:ij:pro] Custom Search panel missing (attempt 2); retrying
[w4:ij:pro] Custom Search panel missing (attempt 3); retrying
[w4:ij:pro] heartbeat words=25175 queue=73 rotation=17 idle=118s
[w4:ij:pro] Failed "pharmw" attempt 2: page.reload: net::ERR_TIMED_OUT
Call log:
  - waiting for navigation until "domcontentloaded"

[w4:ij:pro] Saved 25,175 worker words
[w4:ij:pro] Tor NEWNYM gen=19; waiting 8000ms
[w4:ij:pro] heartbeat words=25175 queue=74 rotation=18 idle=178s
[w4:ij:pro] Tor exit IP probe failed (try 1/6)
[w4:ij:pro] Tor NEWNYM gen=20; waiting 8000ms
[w4:ij:pro] Tor exit IP probe failed (try 2/6)
[w4:ij:pro] Tor NEWNYM gen=21; waiting 8000ms
[w4:ij:pro] heartbeat words=25175 queue=74 rotation=18 idle=238s
[w4:ij:pro] No successful search for 180s — respawning worker
[w4:ij:pro] Graceful shutdown on watchdog
[w4:ij:pro] Saved 25,175 worker words
[w4:ij:pro] Tor exited code=0
[w4:ij:pro] Tor exit IP probe failed (try 3/6)
[w4:ij:pro] rotateIp attempt 1 failed: ENOENT: no such file or directory, open '/tmp/lll-tor-w4/control_auth_cookie'

--- respawn 2026-08-06T00:31:45.709Z ---
[w4:ij:pro] IP mode=tor
[w4:ij:pro] Cleaned 1 old rotated profile(s)
[w4:ij:pro] Starting persistent Tor socks=127.0.0.1:19054 control=127.0.0.1:29054
[w4:ij:pro] tor: Aug 05 19:31:46.000 [notice] Bootstrapped 0% (starting): Starting
[w4:ij:pro] tor: Aug 05 19:31:47.000 [notice] Bootstrapped 5% (conn): Connecting to a relay
[w4:ij:pro] tor: Aug 05 19:31:48.000 [notice] Bootstrapped 10% (conn_done): Connected to a relay
[w4:ij:pro] tor: Aug 05 19:31:48.000 [notice] Bootstrapped 14% (handshake): Handshaking with a relay
[w4:ij:pro] tor: Aug 05 19:31:48.000 [notice] Bootstrapped 15% (handshake_done): Handshake with a relay done
Aug 05 19:31:48.000 [notice] Bootstrapped 75% (enough_dirinfo): Load
[w4:ij:pro] tor: Aug 05 19:31:48.000 [notice] Bootstrapped 95% (circuit_create): Establishing a Tor circuit
[w4:ij:pro] tor: Aug 05 19:31:49.000 [notice] Bootstrapped 100% (done): Done
[w4:ij:pro] Tor ready on 19054 exit=185.220.100.254
[w4:ij:pro] Launching persistent Chrome profile /tmp/lll-pw-w4-r0
[w4:ij:pro] Proxy tor#1 socks5://127.0.0.1:19054
[w4:ij:pro] Opening https://lastletterlibrary.com
[w4:ij:pro] Library mode=pro
[w4:ij:pro] Managed Turnstile token (len=816, 4346ms, remount)
[w4:ij:pro] Search mode=direct (skip UI Wait Ns… gate)
[w4:ij:pro] Loaded 3616 prefixes, 25175 words; queue=74
[w4:ij:pro] Searching "pharmw" | queue=73 | words=25175
[w4:ij:pro] [api] 200 mode=pro startsWith=pharmw
[w4:ij:pro] [api] 200 mode=pro startsWith=pharmw (388ms direct)
[w4:ij:pro] "pharmw" → 0 records, 0 words
[w4:ij:pro] "pharmw" branch complete
[w4:ij:pro] Saved 25,175 worker words
[w4:ij:pro] Searching "pharmx" | queue=72 | words=25175
[w4:ij:pro] Pacing 16s before "pharmx" (gap=15500ms)
[w4:ij:pro] Managed Turnstile token (len=816, 3379ms, remount)
[w4:ij:pro] [api] 200 mode=pro startsWith=pharmx
[w4:ij:pro] [api] 200 mode=pro startsWith=pharmx (404ms direct)
[w4:ij:pro] "pharmx" → 0 records, 0 words
[w4:ij:pro] "pharmx" branch complete
[w4:ij:pro] Saved 25,175 worker words
[w4:ij:pro] Searching "pharmy" | queue=71 | words=25175
[w4:ij:pro] Pacing 16s before "pharmy" (gap=15500ms)
[w4:ij:pro] Managed Turnstile token (len=816, 3440ms, remount)
[w4:ij:pro] [api] 200 mode=pro startsWith=pharmy
[w4:ij:pro] [api] 200 mode=pro startsWith=pharmy (410ms direct)
[w4:ij:pro] "pharmy" → 0 records, 0 words
[w4:ij:pro] "pharmy" branch complete
[w4:ij:pro] Saved 25,175 worker words
[w4:ij:pro] Searching "pharmz" | queue=70 | words=25175
[w4:ij:pro] Pacing 16s before "pharmz" (gap=15500ms)
[w4:ij:pro] Managed Turnstile token (len=816, 3489ms, remount)
[w4:ij:pro] [api] 200 mode=pro startsWith=pharmz
[w4:ij:pro] [api] 200 mode=pro startsWith=pharmz (473ms direct)
[w4:ij:pro] "pharmz" → 0 records, 0 words
[w4:ij:pro] "pharmz" branch complete
[w4:ij:pro] Saved 25,175 worker words
[w4:ij:pro] Searching "photoc" | queue=69 | words=25175
[w4:ij:pro] Pacing 15s before "photoc" (gap=15500ms)
[w4:ij:pro] Managed Turnstile token (len=816, 3502ms, remount)
[w4:ij:pro] heartbeat words=25175 queue=69 rotation=0 idle=13s
[w4:ij:pro] [api] 200 mode=pro startsWith=photoc
[w4:ij:pro] [api] 200 mode=pro startsWith=photoc (400ms direct)
[w4:ij:pro] "photoc" → 98 records, 98 words
[w4:ij:pro] "photoc" branch complete
[w4:ij:pro] Saved 25,229 worker words
[w4:ij:pro] Searching "photod" | queue=68 | words=25229
[w4:ij:pro] Pacing 16s before "photod" (gap=15500ms)
[w4:ij:pro] Managed Turnstile token (len=816, 3734ms, remount)
[w4:ij:pro] [api] 200 mode=pro startsWith=photod
[w4:ij:pro] [api] 200 mode=pro startsWith=photod (395ms direct)
[w4:ij:pro] "photod" → 73 records, 73 words
[w4:ij:pro] "photod" branch complete
[w4:ij:pro] Saved 25,302 worker words
[w4:ij:pro] Searching "photoe" | queue=67 | words=25302
[w4:ij:pro] Pacing 16s before "photoe" (gap=15500ms)
[w4:ij:pro] Managed Turnstile token (len=816, 3752ms, remount)
[w4:ij:pro] [api] 200 mode=pro startsWith=photoe
[w4:ij:pro] [api] 200 mode=pro startsWith=photoe (622ms direct)
[w4:ij:pro] "photoe" → 44 records, 44 words
[w4:ij:pro] "photoe" branch complete
[w4:ij:pro] Saved 25,346 worker words
[w4:ij:pro] Searching "photof" | queue=66 | words=25346
[w4:ij:pro] Pacing 15s before "photof" (gap=15500ms)
[w4:ij:pro] Managed Turnstile token (len=816, 4222ms, remount)
[w4:ij:pro] [api] 200 mode=pro startsWith=photof
[w4:ij:pro] [api] 200 mode=pro startsWith=photof (413ms direct)
[w4:ij:pro] "photof" → 25 records, 25 words
[w4:ij:pro] "photof" branch complete
[w4:ij:pro] Saved 25,371 worker words; shared last.txt now 411,484
[w4:ij:pro] Searching "photog" | queue=65 | words=25371
[w4:ij:pro] Pacing 15s before "photog" (gap=15500ms)
[w4:ij:pro] Managed Turnstile token (len=816, 4357ms, remount)
[w4:ij:pro] heartbeat words=25371 queue=65 rotation=0 idle=11s
[w4:ij:pro] [api] 200 mode=pro startsWith=photog
[w4:ij:pro] [api] 200 mode=pro startsWith=photog (556ms direct)
[w4:ij:pro] "photog" → 67 records, 67 words (incl. exact "photog")
[w4:ij:pro] "photog" branch complete
[w4:ij:pro] Saved 25,438 worker words
[w4:ij:pro] Searching "photoh" | queue=64 | words=25438
[w4:ij:pro] Pacing 15s before "photoh" (gap=15500ms)
[w4:ij:pro] Managed Turnstile token (len=816, 4002ms, remount)
[w4:ij:pro] [api] 200 mode=pro startsWith=photoh
[w4:ij:pro] [api] 200 mode=pro startsWith=photoh (496ms direct)
[w4:ij:pro] "photoh" → 9 records, 9 words
[w4:ij:pro] "photoh" branch complete
[w4:ij:pro] Saved 25,447 worker words
[w4:ij:pro] Searching "photoi" | queue=63 | words=25447
[w4:ij:pro] Pacing 15s before "photoi" (gap=15500ms)
[w4:ij:pro] Managed Turnstile token (len=816, 10573ms, remount)
[w4:ij:pro] [api] 200 mode=pro startsWith=photoi
[w4:ij:pro] [api] 200 mode=pro startsWith=photoi (453ms direct)
[w4:ij:pro] "photoi" → 35 records, 35 words
[w4:ij:pro] "photoi" branch complete
[w4:ij:pro] Saved 25,482 worker words
[w4:ij:pro] Searching "photoj" | queue=62 | words=25482
[w4:ij:pro] Pacing 15s before "photoj" (gap=15500ms)
[w4:ij:pro] Managed Turnstile token (len=816, 4926ms, remount)
[w4:ij:pro] [api] 200 mode=pro startsWith=photoj
[w4:ij:pro] [api] 200 mode=pro startsWith=photoj (437ms direct)
[w4:ij:pro] "photoj" → 5 records, 5 words
[w4:ij:pro] "photoj" branch complete
[w4:ij:pro] Saved 25,487 worker words
[w4:ij:pro] Searching "photok" | queue=61 | words=25487
[w4:ij:pro] Pacing 15s before "photok" (gap=15500ms)
[w4:ij:pro] heartbeat words=25487 queue=61 rotation=0 idle=9s
[w4:ij:pro] Managed Turnstile miss (15097ms)
[w4:ij:pro] Failed "photok" attempt 1: No Turnstile token for direct search
[w4:ij:pro] Saved 25,487 worker words
[w4:ij:pro] Turnstile miss — soft reload before rotate
[w4:ij:pro] Turnstile token present (len=816)
[w4:ij:pro] Site Turnstile token (6942ms)
[w4:ij:pro] Searching "photok" | queue=61 | words=25487
[w4:ij:pro] [api] 200 mode=pro startsWith=photok
[w4:ij:pro] [api] 200 mode=pro startsWith=photok (486ms direct)
[w4:ij:pro] "photok" → 3 records, 3 words
[w4:ij:pro] "photok" branch complete
[w4:ij:pro] Saved 25,490 worker words
[w4:ij:pro] Searching "photol" | queue=60 | words=25490
[w4:ij:pro] Pacing 15s before "photol" (gap=15500ms)
[w4:ij:pro] Managed Turnstile token (len=816, 4197ms, remount)
[w4:ij:pro] [api] 200 mode=pro startsWith=photol
[w4:ij:pro] [api] 200 mode=pro startsWith=photol (403ms direct)
[w4:ij:pro] "photol" → 39 records, 39 words
[w4:ij:pro] "photol" branch complete
[w4:ij:pro] Saved 25,529 worker words
[w4:ij:pro] Searching "photom" | queue=59 | words=25529
[w4:ij:pro] Pacing 16s before "photom" (gap=15500ms)
[w4:ij:pro] Managed Turnstile token (len=816, 3996ms, remount)
[w4:ij:pro] [api] 200 mode=pro startsWith=photom
[w4:ij:pro] [api] 200 mode=pro startsWith=photom (405ms direct)
[w4:ij:pro] "photom" → 58 records, 58 words (incl. exact "photom")
[w4:ij:pro] "photom" branch complete
[w4:ij:pro] Saved 25,587 worker words; shared last.txt now 412,161
[w4:ij:pro] Searching "photon" | queue=58 | words=25587
[w4:ij:pro] Pacing 15s before "photon" (gap=15500ms)
[w4:ij:pro] Managed Turnstile token (len=816, 3684ms, remount)
[w4:ij:pro] heartbeat words=25587 queue=58 rotation=0 idle=10s
[w4:ij:pro] [api] 200 mode=pro startsWith=photon
[w4:ij:pro] [api] 200 mode=pro startsWith=photon (590ms direct)
[w4:ij:pro] "photon" → 17 records, 17 words (incl. exact "photon")
[w4:ij:pro] "photon" branch complete
[w4:ij:pro] Saved 25,604 worker words
[w4:ij:pro] Searching "photoo" | queue=57 | words=25604
[w4:ij:pro] Pacing 15s before "photoo" (gap=15500ms)
[w4:ij:pro] Managed Turnstile token (len=816, 4054ms, remount)
[w4:ij:pro] [api] 200 mode=pro startsWith=photoo
[w4:ij:pro] [api] 200 mode=pro startsWith=photoo (408ms direct)
[w4:ij:pro] "photoo" → 11 records, 11 words
[w4:ij:pro] "photoo" branch complete
[w4:ij:pro] Saved 25,615 worker words
[w4:ij:pro] Searching "photop" | queue=56 | words=25615
[w4:ij:pro] Pacing 15s before "photop" (gap=15500ms)
[w4:ij:pro] Managed Turnstile token (len=816, 5983ms, remount)
[w4:ij:pro] [api] 200 mode=pro startsWith=photop
[w4:ij:pro] [api] 200 mode=pro startsWith=photop (517ms direct)
[w4:ij:pro] "photop" → 82 records, 82 words
[w4:ij:pro] "photop" branch complete
[w4:ij:pro] Saved 25,697 worker words
[w4:ij:pro] Searching "photoq" | queue=55 | words=25697
[w4:ij:pro] Pacing 15s before "photoq" (gap=15500ms)
[w4:ij:pro] Managed Turnstile token (len=816, 5681ms, remount)
[w4:ij:pro] [api] 200 mode=pro startsWith=photoq
[w4:ij:pro] [api] 200 mode=pro startsWith=photoq (449ms direct)
[w4:ij:pro] "photoq" → 0 records, 0 words
[w4:ij:pro] "photoq" branch complete
[w4:ij:pro] Saved 25,697 worker words
[w4:ij:pro] Searching "photor" | queue=54 | words=25697
[w4:ij:pro] Pacing 15s before "photor" (gap=15500ms)
[w4:ij:pro] Managed Turnstile token (len=816, 6381ms, remount)
[w4:ij:pro] heartbeat words=25697 queue=54 rotation=0 idle=8s
[w4:ij:pro] [api] 200 mode=pro startsWith=photor
[w4:ij:pro] [api] 200 mode=pro startsWith=photor (445ms direct)
[w4:ij:pro] "photor" → 38 records, 38 words
[w4:ij:pro] "photor" branch complete
[w4:ij:pro] Saved 25,735 worker words
[w4:ij:pro] Searching "photos" | queue=53 | words=25735
[w4:ij:pro] Pacing 15s before "photos" (gap=15500ms)
[w4:ij:pro] Managed Turnstile miss (15083ms)
[w4:ij:pro] Failed "photos" attempt 1: No Turnstile token for direct search
[w4:ij:pro] Saved 25,735 worker words
[w4:ij:pro] Turnstile miss — soft reload before rotate
[w4:ij:pro] Managed Turnstile token (len=816, 4628ms, remount)
[w4:ij:pro] Searching "photos" | queue=53 | words=25735
[w4:ij:pro] [api] 200 mode=pro startsWith=photos
[w4:ij:pro] [api] 200 mode=pro startsWith=photos (418ms direct)
[w4:ij:pro] "photos" → 84 records, 84 words (incl. exact "photos")
[w4:ij:pro] "photos" branch complete
[w4:ij:pro] Saved 25,812 worker words
[w4:ij:pro] Searching "photoz" | queue=52 | words=25812
[w4:ij:pro] Pacing 15s before "photoz" (gap=15500ms)
[w4:ij:pro] Managed Turnstile token (len=816, 5343ms, remount)
[w4:ij:pro] [api] 200 mode=pro startsWith=photoz
[w4:ij:pro] [api] 200 mode=pro startsWith=photoz (451ms direct)
[w4:ij:pro] "photoz" → 7 records, 7 words
[w4:ij:pro] "photoz" branch complete
[w4:ij:pro] Saved 25,812 worker words; shared last.txt now 412,925
[w4:ij:pro] Searching "preces" | queue=51 | words=25812
[w4:ij:pro] Pacing 13s before "preces" (gap=15500ms)
[w4:ij:pro] Managed Turnstile token (len=816, 4871ms, remount)
[w4:ij:pro] heartbeat words=25812 queue=51 rotation=0 idle=13s
[w4:ij:pro] [api] 200 mode=pro startsWith=preces
[w4:ij:pro] [api] 200 mode=pro startsWith=preces (455ms direct)
[w4:ij:pro] "preces" → 9 records, 9 words (incl. exact "preces")
[w4:ij:pro] "preces" branch complete
[w4:ij:pro] Saved 25,812 worker words
[w4:ij:pro] Searching "precet" | queue=50 | words=25812
[w4:ij:pro] Pacing 15s before "precet" (gap=15500ms)
[w4:ij:pro] Managed Turnstile token (len=816, 5119ms, remount)
[w4:ij:pro] [api] 200 mode=pro startsWith=precet
[w4:ij:pro] [api] 200 mode=pro startsWith=precet (429ms direct)
[w4:ij:pro] "precet" → 0 records, 0 words
[w4:ij:pro] "precet" branch complete
[w4:ij:pro] Saved 25,812 worker words
[w4:ij:pro] Searching "preceu" | queue=49 | words=25812
[w4:ij:pro] Pacing 15s before "preceu" (gap=15500ms)
[w4:ij:pro] Managed Turnstile miss (15267ms)
[w4:ij:pro] Failed "preceu" attempt 1: No Turnstile token for direct search
[w4:ij:pro] Saved 25,812 worker words
[w4:ij:pro] Turnstile miss — soft reload before rotate
[w4:ij:pro] Managed Turnstile token (len=816, 4420ms, remount)
[w4:ij:pro] Searching "preceu" | queue=49 | words=25812
[w4:ij:pro] [api] 200 mode=pro startsWith=preceu
[w4:ij:pro] [api] 200 mode=pro startsWith=preceu (454ms direct)
[w4:ij:pro] "preceu" → 0 records, 0 words
[w4:ij:pro] "preceu" branch complete
[w4:ij:pro] Saved 25,812 worker words
[w4:ij:pro] Searching "precev" | queue=48 | words=25812
[w4:ij:pro] Pacing 16s before "precev" (gap=15500ms)
[w4:ij:pro] Managed Turnstile miss (15073ms)
[w4:ij:pro] Failed "precev" attempt 1: No Turnstile token for direct search
[w4:ij:pro] Saved 25,812 worker words
[w4:ij:pro] Turnstile miss — soft reload before rotate
[w4:ij:pro] Managed Turnstile token (len=816, 4466ms, remount)
[w4:ij:pro] Searching "precev" | queue=48 | words=25812
[w4:ij:pro] [api] 200 mode=pro startsWith=precev
[w4:ij:pro] [api] 200 mode=pro startsWith=precev (666ms direct)
[w4:ij:pro] "precev" → 0 records, 0 words
[w4:ij:pro] "precev" branch complete
[w4:ij:pro] Saved 25,812 worker words
[w4:ij:pro] Searching "precew" | queue=47 | words=25812
[w4:ij:pro] Pacing 15s before "precew" (gap=15500ms)
[w4:ij:pro] heartbeat words=25812 queue=47 rotation=0 idle=1s
[w4:ij:pro] Managed Turnstile token (len=816, 4329ms, remount)
[w4:ij:pro] [api] 200 mode=pro startsWith=precew
[w4:ij:pro] [api] 200 mode=pro startsWith=precew (437ms direct)
[w4:ij:pro] "precew" → 0 records, 0 words
[w4:ij:pro] "precew" branch complete
[w4:ij:pro] Saved 25,812 worker words
[w4:ij:pro] Searching "precex" | queue=46 | words=25812
[w4:ij:pro] Pacing 15s before "precex" (gap=15500ms)
[w4:ij:pro] Managed Turnstile token (len=816, 4559ms, remount)
[w4:ij:pro] [api] 200 mode=pro startsWith=precex
[w4:ij:pro] [api] 200 mode=pro startsWith=precex (468ms direct)
[w4:ij:pro] "precex" → 0 records, 0 words
[w4:ij:pro] "precex" branch complete
[w4:ij:pro] Saved 25,812 worker words; shared last.txt now 413,209
[w4:ij:pro] Searching "precey" | queue=45 | words=25812
[w4:ij:pro] Pacing 15s before "precey" (gap=15500ms)
[w4:ij:pro] Managed Turnstile token (len=816, 4769ms, remount)
[w4:ij:pro] [api] 200 mode=pro startsWith=precey
[w4:ij:pro] [api] 200 mode=pro startsWith=precey (459ms direct)
[w4:ij:pro] "precey" → 0 records, 0 words
[w4:ij:pro] "precey" branch complete
[w4:ij:pro] Saved 25,812 worker words
[w4:ij:pro] Searching "precez" | queue=44 | words=25812
[w4:ij:pro] Pacing 15s before "precez" (gap=15500ms)
[w4:ij:pro] Managed Turnstile token (len=816, 4737ms, remount)
[w4:ij:pro] heartbeat words=25812 queue=44 rotation=0 idle=14s
[w4:ij:pro] [api] 200 mode=pro startsWith=precez
[w4:ij:pro] [api] 200 mode=pro startsWith=precez (468ms direct)
[w4:ij:pro] "precez" → 0 records, 0 words
[w4:ij:pro] "precez" branch complete
[w4:ij:pro] Saved 25,812 worker words
[w4:ij:pro] Searching "precom" | queue=43 | words=25812
[w4:ij:pro] Pacing 15s before "precom" (gap=15500ms)
[w4:ij:pro] Managed Turnstile token (len=816, 6040ms, remount)
[w4:ij:pro] [api] 200 mode=pro startsWith=precom
[w4:ij:pro] [api] 200 mode=pro startsWith=precom (441ms direct)
[w4:ij:pro] "precom" → 78 records, 78 words
[w4:ij:pro] "precom" branch complete
[w4:ij:pro] Saved 25,859 worker words
[w4:ij:pro] Searching "precon" | queue=42 | words=25859
[w4:ij:pro] Pacing 15s before "precon" (gap=15500ms)
[w4:ij:pro] Managed Turnstile token (len=816, 6864ms, remount)
[w4:ij:pro] [api] 200 mode=pro startsWith=precon
[w4:ij:pro] [api] 200 mode=pro startsWith=precon (429ms direct)
[w4:ij:pro] "precon" → 100 records, 100 words
[w4:ij:pro] Pacing 16s before "precon" (gap=15500ms)
[w4:ij:pro] Managed Turnstile token (len=816, 3685ms, remount)
[w4:ij:pro] [api] 200 mode=pro startsWith=precon
[w4:ij:pro] [api] 200 mode=pro startsWith=precon sort=alphabetical:desc (445ms direct)
[w4:ij:pro] "precon" full page ends at "precongenial" (next='g'); skip 13 covered groups → 15 children reverse Z→A ends at "preconsecrated" (lo='s' hi='y'); skip 5 middle + 100 new words
[w4:ij:pro] Saved 26,059 worker words
[w4:ij:pro] Searching "precoo" | queue=56 | words=26059
[w4:ij:pro] Pacing 15s before "precoo" (gap=15500ms)
[w4:ij:pro] Managed Turnstile token (len=816, 3952ms, remount)
[w4:ij:pro] heartbeat words=26059 queue=56 rotation=0 idle=12s
[w4:ij:pro] [api] 200 mode=pro startsWith=precoo
[w4:ij:pro] [api] 200 mode=pro startsWith=precoo (429ms direct)
[w4:ij:pro] "precoo" → 11 records, 11 words
[w4:ij:pro] "precoo" branch complete
[w4:ij:pro] Saved 26,070 worker words
[w4:ij:pro] Searching "precop" | queue=55 | words=26070
[w4:ij:pro] Pacing 15s before "precop" (gap=15500ms)
[w4:ij:pro] Managed Turnstile token (len=816, 4995ms, remount)
[w4:ij:pro] [api] 200 mode=pro startsWith=precop
[w4:ij:pro] [api] 200 mode=pro startsWith=precop (428ms direct)
[w4:ij:pro] "precop" → 4 records, 4 words
[w4:ij:pro] "precop" branch complete
[w4:ij:pro] Saved 26,074 worker words
[w4:ij:pro] Searching "precoq" | queue=54 | words=26074
[w4:ij:pro] Pacing 15s before "precoq" (gap=15500ms)
[w4:ij:pro] Managed Turnstile token (len=816, 5934ms, remount)
[w4:ij:pro] [api] 200 mode=pro startsWith=precoq
[w4:ij:pro] [api] 200 mode=pro startsWith=precoq (483ms direct)
[w4:ij:pro] "precoq" → 0 records, 0 words
[w4:ij:pro] "precoq" branch complete
[w4:ij:pro] Saved 26,074 worker words
[w4:ij:pro] Searching "precor" | queue=53 | words=26074
[w4:ij:pro] Pacing 15s before "precor" (gap=15500ms)
[w4:ij:pro] Managed Turnstile miss (15317ms)
[w4:ij:pro] Failed "precor" attempt 1: No Turnstile token for direct search
[w4:ij:pro] Saved 26,074 worker words; shared last.txt now 413,799
[w4:ij:pro] Turnstile miss — soft reload before rotate
[w4:ij:pro] Turnstile token present (len=816)
[w4:ij:pro] Site Turnstile token (5675ms)
[w4:ij:pro] Searching "precor" | queue=53 | words=26074
[w4:ij:pro] [api] 200 mode=pro startsWith=precor
[w4:ij:pro] [api] 200 mode=pro startsWith=precor (502ms direct)
[w4:ij:pro] "precor" → 23 records, 23 words
[w4:ij:pro] "precor" branch complete
[w4:ij:pro] Saved 26,076 worker words
[w4:ij:pro] Searching "precos" | queue=52 | words=26076
[w4:ij:pro] Pacing 15s before "precos" (gap=15500ms)
[w4:ij:pro] heartbeat words=26076 queue=52 rotation=0 idle=1s
[w4:ij:pro] Managed Turnstile token (len=816, 4222ms, remount)
[w4:ij:pro] [api] 200 mode=pro startsWith=precos
[w4:ij:pro] [api] 200 mode=pro startsWith=precos (555ms direct)
[w4:ij:pro] "precos" → 4 records, 4 words
[w4:ij:pro] "precos" branch complete
[w4:ij:pro] Saved 26,076 worker words
[w4:ij:pro] Searching "precot" | queue=51 | words=26076
[w4:ij:pro] Pacing 15s before "precot" (gap=15500ms)
[w4:ij:pro] Managed Turnstile token (len=816, 3698ms, remount)
[w4:ij:pro] [api] 200 mode=pro startsWith=precot
[w4:ij:pro] [api] 200 mode=pro startsWith=precot (420ms direct)
[w4:ij:pro] "precot" → 0 records, 0 words
[w4:ij:pro] "precot" branch complete
[w4:ij:pro] Saved 26,076 worker words
[w4:ij:pro] Searching "precou" | queue=50 | words=26076
[w4:ij:pro] Pacing 15s before "precou" (gap=15500ms)
[w4:ij:pro] Managed Turnstile token (len=816, 3951ms, remount)
[w4:ij:pro] [api] 200 mode=pro startsWith=precou
[w4:ij:pro] [api] 200 mode=pro startsWith=precou (550ms direct)
[w4:ij:pro] "precou" → 6 records, 6 words
[w4:ij:pro] "precou" branch complete
[w4:ij:pro] Saved 26,076 worker words
[w4:ij:pro] Searching "precov" | queue=49 | words=26076
[w4:ij:pro] Pacing 15s before "precov" (gap=15500ms)
[w4:ij:pro] heartbeat words=26076 queue=49 rotation=0 idle=14s
[w4:ij:pro] Managed Turnstile miss (15036ms)
[w4:ij:pro] Failed "precov" attempt 1: No Turnstile token for direct search
[w4:ij:pro] Saved 26,076 worker words
[w4:ij:pro] Turnstile miss — soft reload before rotate
[w4:ij:pro] Managed Turnstile token (len=816, 4658ms, remount)
[w4:ij:pro] Searching "precov" | queue=49 | words=26076
[w4:ij:pro] [api] 200 mode=pro startsWith=precov
[w4:ij:pro] [api] 200 mode=pro startsWith=precov (495ms direct)
[w4:ij:pro] "precov" → 2 records, 2 words
[w4:ij:pro] "precov" branch complete
[w4:ij:pro] Saved 26,076 worker words
[w4:ij:pro] Searching "precow" | queue=48 | words=26076
[w4:ij:pro] Pacing 15s before "precow" (gap=15500ms)
[w4:ij:pro] Managed Turnstile token (len=816, 4173ms, remount)
[w4:ij:pro] [api] 200 mode=pro startsWith=precow
[w4:ij:pro] [api] 200 mode=pro startsWith=precow (450ms direct)
[w4:ij:pro] "precow" → 0 records, 0 words
[w4:ij:pro] "precow" branch complete
[w4:ij:pro] Saved 26,076 worker words
[w4:ij:pro] Searching "precox" | queue=47 | words=26076
[w4:ij:pro] Pacing 15s before "precox" (gap=15500ms)
[w4:ij:pro] Managed Turnstile token (len=816, 3940ms, remount)
[w4:ij:pro] [api] 200 mode=pro startsWith=precox
[w4:ij:pro] [api] 200 mode=pro startsWith=precox (419ms direct)
[w4:ij:pro] "precox" → 1 records, 1 words (incl. exact "precox")
[w4:ij:pro] "precox" branch complete
[w4:ij:pro] Saved 26,076 worker words; shared last.txt now 414,255
[w4:ij:pro] Searching "precoy" | queue=46 | words=26076
[w4:ij:pro] Pacing 15s before "precoy" (gap=15500ms)
[w4:ij:pro] Managed Turnstile token (len=816, 4515ms, remount)
[w4:ij:pro] [api] 200 mode=pro startsWith=precoy
[w4:ij:pro] [api] 200 mode=pro startsWith=precoy (487ms direct)
[w4:ij:pro] "precoy" → 0 records, 0 words
[w4:ij:pro] "precoy" branch complete
[w4:ij:pro] Saved 26,076 worker words
[w4:ij:pro] Searching "precoz" | queue=45 | words=26076
[w4:ij:pro] Pacing 15s before "precoz" (gap=15500ms)
[w4:ij:pro] Managed Turnstile token (len=816, 4506ms, remount)
[w4:ij:pro] heartbeat words=26076 queue=45 rotation=0 idle=7s
[w4:ij:pro] [api] 200 mode=pro startsWith=precoz
[w4:ij:pro] [api] 200 mode=pro startsWith=precoz (412ms direct)
[w4:ij:pro] "precoz" → 0 records, 0 words
[w4:ij:pro] "precoz" branch complete
[w4:ij:pro] Saved 26,076 worker words
[w4:ij:pro] Searching "preren" | queue=44 | words=26076
[w4:ij:pro] Pacing 15s before "preren" (gap=15500ms)
[w4:ij:pro] Managed Turnstile token (len=816, 5746ms, remount)
[w4:ij:pro] [api] 200 mode=pro startsWith=preren
[w4:ij:pro] [api] 200 mode=pro startsWith=preren (418ms direct)
[w4:ij:pro] "preren" → 3 records, 3 words
[w4:ij:pro] "preren" branch complete
[w4:ij:pro] Saved 26,076 worker words
[w4:ij:pro] Searching "prereo" | queue=43 | words=26076
[w4:ij:pro] Pacing 15s before "prereo" (gap=15500ms)
[w4:ij:pro] Managed Turnstile token (len=816, 4481ms, remount)
[w4:ij:pro] [api] 200 mode=pro startsWith=prereo
[w4:ij:pro] [api] 200 mode=pro startsWith=prereo (406ms direct)
[w4:ij:pro] "prereo" → 0 records, 0 words
[w4:ij:pro] "prereo" branch complete
[w4:ij:pro] Saved 26,076 worker words
[w4:ij:pro] Searching "prerep" | queue=42 | words=26076
[w4:ij:pro] Pacing 15s before "prerep" (gap=15500ms)
[w4:ij:pro] Managed Turnstile token (len=816, 3634ms, remount)
[w4:ij:pro] [api] 200 mode=pro startsWith=prerep
[w4:ij:pro] [api] 200 mode=pro startsWith=prerep (515ms direct)
[w4:ij:pro] "prerep" → 6 records, 6 words
[w4:ij:pro] "prerep" branch complete
[w4:ij:pro] Saved 26,076 worker words
[w4:ij:pro] Searching "prereq" | queue=41 | words=26076
[w4:ij:pro] Pacing 15s before "prereq" (gap=15500ms)
[w4:ij:pro] heartbeat words=26076 queue=41 rotation=0 idle=4s
[w4:ij:pro] Managed Turnstile token (len=816, 6586ms, remount)
[w4:ij:pro] [api] 200 mode=pro startsWith=prereq
[w4:ij:pro] [api] 200 mode=pro startsWith=prereq (559ms direct)
[w4:ij:pro] "prereq" → 9 records, 9 words
[w4:ij:pro] "prereq" branch complete
[w4:ij:pro] Saved 26,076 worker words
[w4:ij:pro] Searching "prerer" | queue=40 | words=26076
[w4:ij:pro] Pacing 15s before "prerer" (gap=15500ms)
[w4:ij:pro] Managed Turnstile token (len=816, 5681ms, remount)
[w4:ij:pro] [api] 200 mode=pro startsWith=prerer
[w4:ij:pro] [api] 200 mode=pro startsWith=prerer (404ms direct)
[w4:ij:pro] "prerer" → 0 records, 0 words
[w4:ij:pro] "prerer" branch complete
[w4:ij:pro] Saved 26,076 worker words
[w4:ij:pro] Searching "preres" | queue=39 | words=26076
[w4:ij:pro] Pacing 15s before "preres" (gap=15500ms)
[w4:ij:pro] Managed Turnstile token (len=816, 7614ms, remount)
[w4:ij:pro] [api] 200 mode=pro startsWith=preres
[w4:ij:pro] [api] 200 mode=pro startsWith=preres (405ms direct)
[w4:ij:pro] "preres" → 20 records, 20 words
[w4:ij:pro] "preres" branch complete
[w4:ij:pro] Saved 26,076 worker words; shared last.txt now 414,510
[w4:ij:pro] Searching "preret" | queue=38 | words=26076
[w4:ij:pro] Pacing 15s before "preret" (gap=15500ms)
[w4:ij:pro] Managed Turnstile token (len=816, 7900ms, remount)
[w4:ij:pro] [api] 200 mode=pro startsWith=preret
[w4:ij:pro] [api] 200 mode=pro startsWith=preret (443ms direct)
[w4:ij:pro] "preret" → 3 records, 3 words
[w4:ij:pro] "preret" branch complete
[w4:ij:pro] Saved 26,076 worker words
[w4:ij:pro] Searching "prereu" | queue=37 | words=26076
[w4:ij:pro] Pacing 15s before "prereu" (gap=15500ms)
[w4:ij:pro] heartbeat words=26076 queue=37 rotation=0 idle=3s
[w4:ij:pro] Managed Turnstile token (len=816, 14534ms, remount)
[w4:ij:pro] [api] 200 mode=pro startsWith=prereu
[w4:ij:pro] [api] 200 mode=pro startsWith=prereu (468ms direct)
[w4:ij:pro] "prereu" → 0 records, 0 words
[w4:ij:pro] "prereu" branch complete
[w4:ij:pro] Saved 26,076 worker words
[w4:ij:pro] Searching "prerev" | queue=36 | words=26076
[w4:ij:pro] Pacing 15s before "prerev" (gap=15500ms)
[w4:ij:pro] Managed Turnstile token (len=816, 10981ms, remount)
[w4:ij:pro] [api] 200 mode=pro startsWith=prerev
[w4:ij:pro] [api] 200 mode=pro startsWith=prerev (403ms direct)
[w4:ij:pro] "prerev" → 22 records, 22 words
[w4:ij:pro] "prerev" branch complete
[w4:ij:pro] Saved 26,076 worker words
[w4:ij:pro] Searching "prerew" | queue=35 | words=26076
[w4:ij:pro] Pacing 16s before "prerew" (gap=15500ms)
[w4:ij:pro] Managed Turnstile token (len=816, 4106ms, remount)
[w4:ij:pro] [api] 200 mode=pro startsWith=prerew
[w4:ij:pro] [api] 200 mode=pro startsWith=prerew (407ms direct)
[w4:ij:pro] "prerew" → 0 records, 0 words
[w4:ij:pro] "prerew" branch complete
[w4:ij:pro] Saved 26,076 worker words
[w4:ij:pro] Searching "prerex" | queue=34 | words=26076
[w4:ij:pro] Pacing 15s before "prerex" (gap=15500ms)
[w4:ij:pro] Managed Turnstile token (len=816, 6058ms, remount)
[w4:ij:pro] [api] 200 mode=pro startsWith=prerex
[w4:ij:pro] [api] 200 mode=pro startsWith=prerex (411ms direct)
[w4:ij:pro] "prerex" → 0 records, 0 words
[w4:ij:pro] "prerex" branch complete
[w4:ij:pro] Saved 26,076 worker words
[w4:ij:pro] Searching "prerey" | queue=33 | words=26076
[w4:ij:pro] Pacing 15s before "prerey" (gap=15500ms)
[w4:ij:pro] heartbeat words=26076 queue=33 rotation=0 idle=1s
[w4:ij:pro] Managed Turnstile miss (15122ms)
[w4:ij:pro] Failed "prerey" attempt 1: No Turnstile token for direct search
[w4:ij:pro] Saved 26,076 worker words
[w4:ij:pro] Turnstile miss — soft reload before rotate
[w4:ij:pro] Turnstile token present (len=816)
[w4:ij:pro] Site Turnstile token (6332ms)
[w4:ij:pro] Searching "prerey" | queue=33 | words=26076
[w4:ij:pro] [api] 200 mode=pro startsWith=prerey
[w4:ij:pro] [api] 200 mode=pro startsWith=prerey (457ms direct)
[w4:ij:pro] "prerey" → 0 records, 0 words
[w4:ij:pro] "prerey" branch complete
[w4:ij:pro] Saved 26,076 worker words
[w4:ij:pro] Searching "prerez" | queue=32 | words=26076
[w4:ij:pro] Pacing 15s before "prerez" (gap=15500ms)
[w4:ij:pro] Managed Turnstile token (len=816, 4219ms, remount)
[w4:ij:pro] [api] 200 mode=pro startsWith=prerez
[w4:ij:pro] [api] 200 mode=pro startsWith=prerez (658ms direct)
[w4:ij:pro] "prerez" → 0 records, 0 words
[w4:ij:pro] "prerez" branch complete
[w4:ij:pro] Saved 26,076 worker words; shared last.txt now 414,966
[w4:ij:pro] Searching "pseudo" | queue=31 | words=26076
[w4:ij:pro] Pacing 15s before "pseudo" (gap=15500ms)
[w4:ij:pro] Managed Turnstile token (len=816, 4615ms, remount)
[w4:ij:pro] [api] 200 mode=pro startsWith=pseudo
[w4:ij:pro] [api] 200 mode=pro startsWith=pseudo (440ms direct)
[w4:ij:pro] "pseudo" → 100 records, 100 words (incl. exact "pseudo")
[w4:ij:pro] Pacing 16s before "pseudo" (gap=15500ms)
[w4:ij:pro] Managed Turnstile token (len=816, 4675ms, remount)
[w4:ij:pro] heartbeat words=26142 queue=31 rotation=0 idle=21s
[w4:ij:pro] [api] 200 mode=pro startsWith=pseudo
[w4:ij:pro] [api] 200 mode=pro startsWith=pseudo sort=alphabetical:desc (585ms direct)
[w4:ij:pro] "pseudo" full page ends at "pseudo-operation" (next='-'); skip 7 covered groups → 21 children reverse Z→A ends at "pseudospherical" (lo='s' hi='z'); skip 6 middle + 1 new words
[w4:ij:pro] Saved 26,143 worker words
[w4:ij:pro] Searching "pseuds" | queue=51 | words=26143
[w4:ij:pro] Pacing 15s before "pseuds" (gap=15500ms)
[w4:ij:pro] Managed Turnstile token (len=816, 9501ms, remount)
[w4:ij:pro] [api] 200 mode=pro startsWith=pseuds
[w4:ij:pro] [api] 200 mode=pro startsWith=pseuds (433ms direct)
[w4:ij:pro] "pseuds" → 1 records, 1 words (incl. exact "pseuds")
[w4:ij:pro] "pseuds" branch complete
[w4:ij:pro] Saved 26,143 worker words
[w4:ij:pro] Searching "pseudt" | queue=50 | words=26143
[w4:ij:pro] Pacing 15s before "pseudt" (gap=15500ms)
[w4:ij:pro] Managed Turnstile token (len=816, 5103ms, remount)
[w4:ij:pro] [api] 200 mode=pro startsWith=pseudt
[w4:ij:pro] [api] 200 mode=pro startsWith=pseudt (469ms direct)
[w4:ij:pro] "pseudt" → 0 records, 0 words
[w4:ij:pro] "pseudt" branch complete
[w4:ij:pro] Saved 26,143 worker words
[w4:ij:pro] Searching "pseudu" | queue=49 | words=26143
[w4:ij:pro] Pacing 15s before "pseudu" (gap=15500ms)
[w4:ij:pro] Managed Turnstile token (len=816, 4561ms, remount)
[w4:ij:pro] [api] 200 mode=pro startsWith=pseudu
[w4:ij:pro] [api] 200 mode=pro startsWith=pseudu (436ms direct)
[w4:ij:pro] "pseudu" → 0 records, 0 words
[w4:ij:pro] "pseudu" branch complete
[w4:ij:pro] Saved 26,143 worker words
[w4:ij:pro] Searching "pseudv" | queue=48 | words=26143
[w4:ij:pro] Pacing 15s before "pseudv" (gap=15500ms)
[w4:ij:pro] heartbeat words=26143 queue=48 rotation=0 idle=4s
[w4:ij:pro] Managed Turnstile token (len=816, 6682ms, remount)
[w4:ij:pro] [api] 200 mode=pro startsWith=pseudv
[w4:ij:pro] [api] 200 mode=pro startsWith=pseudv (407ms direct)
[w4:ij:pro] "pseudv" → 0 records, 0 words
[w4:ij:pro] "pseudv" branch complete
[w4:ij:pro] Saved 26,143 worker words
[w4:ij:pro] Searching "pseudw" | queue=47 | words=26143
[w4:ij:pro] Pacing 15s before "pseudw" (gap=15500ms)
[w4:ij:pro] Managed Turnstile token (len=816, 3489ms, remount)
[w4:ij:pro] [api] 200 mode=pro startsWith=pseudw
[w4:ij:pro] [api] 200 mode=pro startsWith=pseudw (458ms direct)
[w4:ij:pro] "pseudw" → 0 records, 0 words
[w4:ij:pro] "pseudw" branch complete
[w4:ij:pro] Saved 26,143 worker words
[w4:ij:pro] Searching "pseudx" | queue=46 | words=26143
[w4:ij:pro] Pacing 15s before "pseudx" (gap=15500ms)
[w4:ij:pro] Managed Turnstile token (len=816, 9534ms, remount)
[w4:ij:pro] [api] 200 mode=pro startsWith=pseudx
[w4:ij:pro] [api] 200 mode=pro startsWith=pseudx (560ms direct)
[w4:ij:pro] "pseudx" → 0 records, 0 words
[w4:ij:pro] "pseudx" branch complete
[w4:ij:pro] Saved 26,143 worker words
[w4:ij:pro] Searching "pseudy" | queue=45 | words=26143
[w4:ij:pro] Pacing 15s before "pseudy" (gap=15500ms)
[w4:ij:pro] Managed Turnstile token (len=816, 12915ms, remount)
[w4:ij:pro] [api] 200 mode=pro startsWith=pseudy
[w4:ij:pro] [api] 200 mode=pro startsWith=pseudy (507ms direct)
[w4:ij:pro] "pseudy" → 0 records, 0 words
[w4:ij:pro] "pseudy" branch complete
[w4:ij:pro] Saved 26,143 worker words; shared last.txt now 415,126
[w4:ij:pro] Searching "pseudz" | queue=44 | words=26143
[w4:ij:pro] Pacing 15s before "pseudz" (gap=15500ms)
[w4:ij:pro] heartbeat words=26143 queue=44 rotation=0 idle=1s
[w4:ij:pro] Managed Turnstile token (len=816, 4413ms, remount)
[w4:ij:pro] [api] 200 mode=pro startsWith=pseudz
[w4:ij:pro] [api] 200 mode=pro startsWith=pseudz (418ms direct)
[w4:ij:pro] "pseudz" → 0 records, 0 words
[w4:ij:pro] "pseudz" branch complete
[w4:ij:pro] Saved 26,143 worker words
[w4:ij:pro] Searching "pharmas" | queue=43 | words=26143
[w4:ij:pro] Pacing 15s before "pharmas" (gap=15500ms)
[w4:ij:pro] Managed Turnstile token (len=816, 11622ms, remount)
[w4:ij:pro] [api] 200 mode=pro startsWith=pharmas
[w4:ij:pro] [api] 200 mode=pro startsWith=pharmas (427ms direct)
[w4:ij:pro] "pharmas" → 1 records, 1 words (incl. exact "pharmas")
[w4:ij:pro] "pharmas" branch complete
[w4:ij:pro] Saved 26,143 worker words
[w4:ij:pro] Searching "pharmat" | queue=42 | words=26143
[w4:ij:pro] Pacing 15s before "pharmat" (gap=15500ms)
[w4:ij:pro] Managed Turnstile miss (15199ms)
[w4:ij:pro] Failed "pharmat" attempt 1: No Turnstile token for direct search
[w4:ij:pro] Saved 26,143 worker words
[w4:ij:pro] Turnstile miss — soft reload before rotate
[w4:ij:pro] Turnstile token present (len=816)
[w4:ij:pro] Site Turnstile token (5886ms)
[w4:ij:pro] Searching "pharmat" | queue=42 | words=26143
[w4:ij:pro] [api] 200 mode=pro startsWith=pharmat
[w4:ij:pro] [api] 200 mode=pro startsWith=pharmat (426ms direct)
[w4:ij:pro] "pharmat" → 0 records, 0 words
[w4:ij:pro] "pharmat" branch complete
[w4:ij:pro] Saved 26,143 worker words
[w4:ij:pro] Searching "pharmau" | queue=41 | words=26143
[w4:ij:pro] Pacing 15s before "pharmau" (gap=15500ms)
[w4:ij:pro] Managed Turnstile token (len=816, 5251ms, remount)
[w4:ij:pro] heartbeat words=26143 queue=41 rotation=0 idle=7s
[w4:ij:pro] [api] 200 mode=pro startsWith=pharmau
[w4:ij:pro] [api] 200 mode=pro startsWith=pharmau (426ms direct)
[w4:ij:pro] "pharmau" → 0 records, 0 words
[w4:ij:pro] "pharmau" branch complete
[w4:ij:pro] Saved 26,143 worker words
[w4:ij:pro] Searching "pharmav" | queue=40 | words=26143
[w4:ij:pro] Pacing 15s before "pharmav" (gap=15500ms)
[w4:ij:pro] Managed Turnstile token (len=816, 4705ms, remount)
[w4:ij:pro] [api] 200 mode=pro startsWith=pharmav
[w4:ij:pro] [api] 200 mode=pro startsWith=pharmav (466ms direct)
[w4:ij:pro] "pharmav" → 0 records, 0 words
[w4:ij:pro] "pharmav" branch complete
[w4:ij:pro] Saved 26,143 worker words
[w4:ij:pro] Searching "pharmaw" | queue=39 | words=26143
[w4:ij:pro] Pacing 15s before "pharmaw" (gap=15500ms)
[w4:ij:pro] Managed Turnstile token (len=816, 5119ms, remount)
[w4:ij:pro] [api] 200 mode=pro startsWith=pharmaw
[w4:ij:pro] [api] 200 mode=pro startsWith=pharmaw (567ms direct)
[w4:ij:pro] "pharmaw" → 0 records, 0 words
[w4:ij:pro] "pharmaw" branch complete
[w4:ij:pro] Saved 26,143 worker words
[w4:ij:pro] Searching "pharmax" | queue=38 | words=26143
[w4:ij:pro] Pacing 15s before "pharmax" (gap=15500ms)
[w4:ij:pro] Managed Turnstile token (len=816, 5910ms, remount)
[w4:ij:pro] [api] 200 mode=pro startsWith=pharmax
[w4:ij:pro] [api] 200 mode=pro startsWith=pharmax (422ms direct)
[w4:ij:pro] "pharmax" → 0 records, 0 words
[w4:ij:pro] "pharmax" branch complete
[w4:ij:pro] Saved 26,143 worker words; shared last.txt now 415,420
[w4:ij:pro] Searching "pharmay" | queue=37 | words=26143
[w4:ij:pro] Pacing 15s before "pharmay" (gap=15500ms)
[w4:ij:pro] heartbeat words=26143 queue=37 rotation=0 idle=5s
[w4:ij:pro] Managed Turnstile token (len=816, 7579ms, remount)
[w4:ij:pro] [api] 200 mode=pro startsWith=pharmay
[w4:ij:pro] [api] 200 mode=pro startsWith=pharmay (430ms direct)
[w4:ij:pro] "pharmay" → 0 records, 0 words
[w4:ij:pro] "pharmay" branch complete
[w4:ij:pro] Saved 26,143 worker words
[w4:ij:pro] Searching "pharmaz" | queue=36 | words=26143
[w4:ij:pro] Pacing 15s before "pharmaz" (gap=15500ms)
[w4:ij:pro] Managed Turnstile token (len=816, 6291ms, remount)
[w4:ij:pro] [api] 200 mode=pro startsWith=pharmaz
[w4:ij:pro] [api] 200 mode=pro startsWith=pharmaz (602ms direct)
[w4:ij:pro] "pharmaz" → 0 records, 0 words
[w4:ij:pro] "pharmaz" branch complete
[w4:ij:pro] Saved 26,143 worker words
[w4:ij:pro] Searching "precong" | queue=35 | words=26143
[w4:ij:pro] Pacing 14s before "precong" (gap=15500ms)
[w4:ij:pro] Managed Turnstile token (len=816, 7299ms, remount)
[w4:ij:pro] [api] 200 mode=pro startsWith=precong
[w4:ij:pro] [api] 200 mode=pro startsWith=precong (440ms direct)
[w4:ij:pro] "precong" → 9 records, 9 words
[w4:ij:pro] "precong" branch complete
[w4:ij:pro] Saved 26,151 worker words
[w4:ij:pro] Searching "preconh" | queue=34 | words=26151
[w4:ij:pro] Pacing 15s before "preconh" (gap=15500ms)
[w4:ij:pro] Managed Turnstile token (len=816, 3629ms, remount)
[w4:ij:pro] [api] 200 mode=pro startsWith=preconh
[w4:ij:pro] [api] 200 mode=pro startsWith=preconh (587ms direct)
[w4:ij:pro] "preconh" → 0 records, 0 words
[w4:ij:pro] "preconh" branch complete
[w4:ij:pro] Saved 26,151 worker words
[w4:ij:pro] Searching "preconi" | queue=33 | words=26151
[w4:ij:pro] Pacing 15s before "preconi" (gap=15500ms)
[w4:ij:pro] heartbeat words=26151 queue=33 rotation=0 idle=3s
[w4:ij:pro] Managed Turnstile token (len=816, 4259ms, remount)
[w4:ij:pro] [api] 200 mode=pro startsWith=preconi
[w4:ij:pro] [api] 200 mode=pro startsWith=preconi (404ms direct)
[w4:ij:pro] "preconi" → 14 records, 14 words
[w4:ij:pro] "preconi" branch complete
[w4:ij:pro] Saved 26,165 worker words
[w4:ij:pro] Searching "preconj" | queue=32 | words=26165
[w4:ij:pro] Pacing 15s before "preconj" (gap=15500ms)
[w4:ij:pro] Managed Turnstile token (len=816, 4517ms, remount)
[w4:ij:pro] [api] 200 mode=pro startsWith=preconj
[w4:ij:pro] [api] 200 mode=pro startsWith=preconj (412ms direct)
[w4:ij:pro] "preconj" → 3 records, 3 words
[w4:ij:pro] "preconj" branch complete
[w4:ij:pro] Saved 26,168 worker words
[w4:ij:pro] Searching "preconk" | queue=31 | words=26168
[w4:ij:pro] Pacing 15s before "preconk" (gap=15500ms)
[w4:ij:pro] Managed Turnstile token (len=816, 13640ms, remount)
[w4:ij:pro] [api] 200 mode=pro startsWith=preconk
[w4:ij:pro] [api] 200 mode=pro startsWith=preconk (457ms direct)
[w4:ij:pro] "preconk" → 0 records, 0 words
[w4:ij:pro] "preconk" branch complete
[w4:ij:pro] Saved 26,168 worker words
[w4:ij:pro] Searching "preconl" | queue=30 | words=26168
[w4:ij:pro] Pacing 15s before "preconl" (gap=15500ms)
[w4:ij:pro] Managed Turnstile token (len=816, 8620ms, remount)
[w4:ij:pro] [api] 200 mode=pro startsWith=preconl
[w4:ij:pro] [api] 200 mode=pro startsWith=preconl (510ms direct)
[w4:ij:pro] "preconl" → 0 records, 0 words
[w4:ij:pro] "preconl" branch complete
[w4:ij:pro] heartbeat words=26168 queue=30 rotation=0 idle=17s
[w4:ij:pro] Saved 26,168 worker words; shared last.txt now 415,790
[w4:ij:pro] Searching "preconm" | queue=29 | words=26168
[w4:ij:pro] Pacing 12s before "preconm" (gap=15500ms)
[w4:ij:pro] Managed Turnstile token (len=816, 15028ms, remount)
[w4:ij:pro] [api] 200 mode=pro startsWith=preconm
[w4:ij:pro] [api] 200 mode=pro startsWith=preconm (441ms direct)
[w4:ij:pro] "preconm" → 0 records, 0 words
[w4:ij:pro] "preconm" branch complete
[w4:ij:pro] Saved 26,168 worker words
[w4:ij:pro] Searching "preconn" | queue=28 | words=26168
[w4:ij:pro] Pacing 15s before "preconn" (gap=15500ms)
[w4:ij:pro] Managed Turnstile token (len=816, 6505ms, remount)
[w4:ij:pro] [api] 200 mode=pro startsWith=preconn
[w4:ij:pro] [api] 200 mode=pro startsWith=preconn (649ms direct)
[w4:ij:pro] "preconn" → 3 records, 3 words
[w4:ij:pro] "preconn" branch complete
[w4:ij:pro] Saved 26,171 worker words
[w4:ij:pro] Searching "precono" | queue=27 | words=26171
[w4:ij:pro] Pacing 15s before "precono" (gap=15500ms)
[w4:ij:pro] Managed Turnstile token (len=816, 10369ms, remount)
[w4:ij:pro] [api] 200 mode=pro startsWith=precono
[w4:ij:pro] [api] 200 mode=pro startsWith=precono (744ms direct)
[w4:ij:pro] "precono" → 0 records, 0 words
[w4:ij:pro] "precono" branch complete
[w4:ij:pro] Saved 26,171 worker words
[w4:ij:pro] Searching "preconp" | queue=26 | words=26171
[w4:ij:pro] Pacing 15s before "preconp" (gap=15500ms)
[w4:ij:pro] heartbeat words=26171 queue=26 rotation=0 idle=14s
[w4:ij:pro] Managed Turnstile miss (15697ms)
[w4:ij:pro] Failed "preconp" attempt 1: No Turnstile token for direct search
[w4:ij:pro] Saved 26,171 worker words
[w4:ij:pro] Turnstile miss — soft reload before rotate
[w4:ij:pro] Managed Turnstile token (len=816, 4452ms, remount)
[w4:ij:pro] Searching "preconp" | queue=26 | words=26171
[w4:ij:pro] [api] 200 mode=pro startsWith=preconp
[w4:ij:pro] [api] 200 mode=pro startsWith=preconp (430ms direct)
[w4:ij:pro] "preconp" → 0 records, 0 words
[w4:ij:pro] "preconp" branch complete
[w4:ij:pro] Saved 26,171 worker words
[w4:ij:pro] Searching "preconq" | queue=25 | words=26171
[w4:ij:pro] Pacing 15s before "preconq" (gap=15500ms)
[w4:ij:pro] Managed Turnstile token (len=816, 3894ms, remount)
[w4:ij:pro] [api] 200 mode=pro startsWith=preconq
[w4:ij:pro] [api] 200 mode=pro startsWith=preconq (440ms direct)
[w4:ij:pro] "preconq" → 4 records, 4 words
[w4:ij:pro] "preconq" branch complete
[w4:ij:pro] Saved 26,175 worker words
[w4:ij:pro] Searching "preconr" | queue=24 | words=26175
[w4:ij:pro] Pacing 15s before "preconr" (gap=15500ms)
[w4:ij:pro] Managed Turnstile token (len=816, 4033ms, remount)
[w4:ij:pro] [api] 200 mode=pro startsWith=preconr
[w4:ij:pro] [api] 200 mode=pro startsWith=preconr (494ms direct)
[w4:ij:pro] "preconr" → 0 records, 0 words
[w4:ij:pro] "preconr" branch complete
[w4:ij:pro] Saved 26,175 worker words
[w4:ij:pro] Searching "precons" | queue=23 | words=26175
[w4:ij:pro] Pacing 15s before "precons" (gap=15500ms)
[w4:ij:pro] Managed Turnstile token (len=816, 4268ms, remount)
[w4:ij:pro] [api] 200 mode=pro startsWith=precons
[w4:ij:pro] [api] 200 mode=pro startsWith=precons (478ms direct)
[w4:ij:pro] "precons" → 49 records, 49 words
[w4:ij:pro] "precons" branch complete
[w4:ij:pro] Saved 26,182 worker words; shared last.txt now 416,188
[w4:ij:pro] Searching "precony" | queue=22 | words=26182
[w4:ij:pro] Pacing 14s before "precony" (gap=15500ms)
[w4:ij:pro] Managed Turnstile token (len=816, 5466ms, remount)
[w4:ij:pro] heartbeat words=26182 queue=22 rotation=0 idle=5s
[w4:ij:pro] [api] 200 mode=pro startsWith=precony
[w4:ij:pro] [api] 200 mode=pro startsWith=precony (507ms direct)
[w4:ij:pro] "precony" → 1 records, 1 words (incl. exact "precony")
[w4:ij:pro] "precony" branch complete
[w4:ij:pro] Saved 26,182 worker words
[w4:ij:pro] Searching "preconz" | queue=21 | words=26182
[w4:ij:pro] Pacing 15s before "preconz" (gap=15500ms)
[w4:ij:pro] Managed Turnstile token (len=816, 6178ms, remount)
[w4:ij:pro] [api] 200 mode=pro startsWith=preconz
[w4:ij:pro] [api] 200 mode=pro startsWith=preconz (422ms direct)
[w4:ij:pro] "preconz" → 0 records, 0 words
[w4:ij:pro] "preconz" branch complete
[w4:ij:pro] Saved 26,182 worker words
[w4:ij:pro] Searching "pseudo-" | queue=20 | words=26182
[w4:ij:pro] Pacing 15s before "pseudo-" (gap=15500ms)
[w4:ij:pro] Managed Turnstile token (len=816, 4284ms, remount)
[w4:ij:pro] [api] 200 mode=pro startsWith=pseudo-
[w4:ij:pro] [api] 200 mode=pro startsWith=pseudo- (590ms direct)
[w4:ij:pro] "pseudo-" → 100 records, 100 words
[w4:ij:pro] Pacing 15s before "pseudo-" (gap=15500ms)
[w4:ij:pro] Managed Turnstile token (len=816, 6542ms, remount)
[w4:ij:pro] [api] 200 mode=pro startsWith=pseudo-
[w4:ij:pro] [api] 200 mode=pro startsWith=pseudo- sort=alphabetical:desc (413ms direct)
[w4:ij:pro] "pseudo-" full page ends at "pseudo-operations" (next='o'); skip 21 covered groups → 7 children reverse Z→A ends at "pseudo-english" (lo='e' hi='t'); skip 14 middle + 50 new words
[w4:ij:pro] Saved 26,233 worker words
[w4:ij:pro] Searching "pseudoa" | queue=26 | words=26233
[w4:ij:pro] Pacing 15s before "pseudoa" (gap=15500ms)
[w4:ij:pro] heartbeat words=26233 queue=26 rotation=0 idle=4s
[w4:ij:pro] Managed Turnstile token (len=816, 4898ms, remount)
[w4:ij:pro] [api] 200 mode=pro startsWith=pseudoa
[w4:ij:pro] [api] 200 mode=pro startsWith=pseudoa (529ms direct)
[w4:ij:pro] "pseudoa" → 99 records, 99 words
[w4:ij:pro] "pseudoa" branch complete
[w4:ij:pro] Saved 26,332 worker words
[w4:ij:pro] Searching "pseudob" | queue=25 | words=26332
[w4:ij:pro] Pacing 15s before "pseudob" (gap=15500ms)
[w4:ij:pro] Managed Turnstile token (len=816, 9753ms, remount)
[w4:ij:pro] [api] 200 mode=pro startsWith=pseudob
[w4:ij:pro] [api] 200 mode=pro startsWith=pseudob (452ms direct)
[w4:ij:pro] "pseudob" → 36 records, 36 words
[w4:ij:pro] "pseudob" branch complete
[w4:ij:pro] Saved 26,368 worker words
[w4:ij:pro] Searching "pseudoc" | queue=24 | words=26368
[w4:ij:pro] Pacing 15s before "pseudoc" (gap=15500ms)
[w4:ij:pro] Managed Turnstile token (len=816, 5531ms, remount)
[w4:ij:pro] [api] 200 mode=pro startsWith=pseudoc
[w4:ij:pro] [api] 200 mode=pro startsWith=pseudoc (428ms direct)
[w4:ij:pro] "pseudoc" → 100 records, 100 words
[w4:ij:pro] Pacing 16s before "pseudoc" (gap=15500ms)
[w4:ij:pro] Managed Turnstile token (len=816, 5321ms, remount)
[w4:ij:pro] [api] 200 mode=pro startsWith=pseudoc
[w4:ij:pro] [api] 200 mode=pro startsWith=pseudoc sort=alphabetical:desc (446ms direct)
[w4:ij:pro] "pseudoc" full page ends at "pseudocubically" (next='u'); skip 26 covered groups → 2 children reverse Z→A ends at "pseudocelian" (lo='e' hi='y'); skip 19 middle + 12 new words
[w4:ij:pro] Saved 26,480 worker words
[w4:ij:pro] Searching "pseudod" | queue=25 | words=26480
[w4:ij:pro] Pacing 15s before "pseudod" (gap=15500ms)
[w4:ij:pro] heartbeat words=26480 queue=25 rotation=0 idle=2s
[w4:ij:pro] Managed Turnstile token (len=816, 9129ms, remount)
[w4:ij:pro] [api] 200 mode=pro startsWith=pseudod
[w4:ij:pro] [api] 200 mode=pro startsWith=pseudod (423ms direct)
[w4:ij:pro] "pseudod" → 24 records, 24 words
[w4:ij:pro] "pseudod" branch complete
[w4:ij:pro] Saved 26,504 worker words
[w4:ij:pro] Searching "pseudoe" | queue=24 | words=26504
[w4:ij:pro] Pacing 15s before "pseudoe" (gap=15500ms)
[w4:ij:pro] Managed Turnstile miss (16046ms)
[w4:ij:pro] Failed "pseudoe" attempt 1: No Turnstile token for direct search
[w4:ij:pro] Saved 26,504 worker words; shared last.txt now 416,719
[w4:ij:pro] Turnstile miss — soft reload before rotate
[w4:ij:pro] Turnstile token present (len=816)
[w4:ij:pro] Site Turnstile token (8334ms)
[w4:ij:pro] Searching "pseudoe" | queue=24 | words=26504
[w4:ij:pro] [api] 200 mode=pro startsWith=pseudoe
[w4:ij:pro] [api] 200 mode=pro startsWith=pseudoe (558ms direct)
[w4:ij:pro] "pseudoe" → 44 records, 44 words
[w4:ij:pro] "pseudoe" branch complete
[w4:ij:pro] Saved 26,548 worker words
[w4:ij:pro] Searching "pseudof" | queue=23 | words=26548
[w4:ij:pro] Pacing 15s before "pseudof" (gap=15500ms)
[w4:ij:pro] Managed Turnstile token (len=816, 4349ms, remount)
[w4:ij:pro] heartbeat words=26548 queue=23 rotation=0 idle=8s
[w4:ij:pro] [api] 200 mode=pro startsWith=pseudof
[w4:ij:pro] [api] 200 mode=pro startsWith=pseudof (455ms direct)
[w4:ij:pro] "pseudof" → 20 records, 20 words
[w4:ij:pro] "pseudof" branch complete
[w4:ij:pro] Saved 26,568 worker words
[w4:ij:pro] Searching "pseudog" | queue=22 | words=26568
[w4:ij:pro] Pacing 15s before "pseudog" (gap=15500ms)
[w4:ij:pro] Managed Turnstile token (len=816, 4119ms, remount)
[w4:ij:pro] [api] 200 mode=pro startsWith=pseudog
[w4:ij:pro] [api] 200 mode=pro startsWith=pseudog (445ms direct)
[w4:ij:pro] "pseudog" → 39 records, 39 words
[w4:ij:pro] "pseudog" branch complete
[w4:ij:pro] Saved 26,607 worker words
[w4:ij:pro] Searching "pseudoh" | queue=21 | words=26607
[w4:ij:pro] Pacing 15s before "pseudoh" (gap=15500ms)
[w4:ij:pro] Managed Turnstile token (len=816, 4714ms, remount)
[w4:ij:pro] [api] 200 mode=pro startsWith=pseudoh
[w4:ij:pro] [api] 200 mode=pro startsWith=pseudoh (521ms direct)
[w4:ij:pro] "pseudoh" → 41 records, 41 words
[w4:ij:pro] "pseudoh" branch complete
[w4:ij:pro] Saved 26,648 worker words
[w4:ij:pro] Searching "pseudoi" | queue=20 | words=26648
[w4:ij:pro] Pacing 15s before "pseudoi" (gap=15500ms)
[w4:ij:pro] Managed Turnstile token (len=816, 5580ms, remount)
[w4:ij:pro] [api] 200 mode=pro startsWith=pseudoi
[w4:ij:pro] [api] 200 mode=pro startsWith=pseudoi (449ms direct)
[w4:ij:pro] "pseudoi" → 27 records, 27 words
[w4:ij:pro] "pseudoi" branch complete
[w4:ij:pro] Saved 26,675 worker words
[w4:ij:pro] Searching "pseudoj" | queue=19 | words=26675
[w4:ij:pro] Pacing 15s before "pseudoj" (gap=15500ms)
[w4:ij:pro] Managed Turnstile token (len=816, 3838ms, remount)
[w4:ij:pro] heartbeat words=26675 queue=19 rotation=0 idle=6s
[w4:ij:pro] [api] 200 mode=pro startsWith=pseudoj
[w4:ij:pro] [api] 200 mode=pro startsWith=pseudoj (570ms direct)
[w4:ij:pro] "pseudoj" → 1 records, 1 words
[w4:ij:pro] "pseudoj" branch complete
[w4:ij:pro] Saved 26,676 worker words
[w4:ij:pro] Searching "pseudok" | queue=18 | words=26676
[w4:ij:pro] Pacing 15s before "pseudok" (gap=15500ms)
[w4:ij:pro] Managed Turnstile token (len=816, 4745ms, remount)
[w4:ij:pro] [api] 200 mode=pro startsWith=pseudok
[w4:ij:pro] [api] 200 mode=pro startsWith=pseudok (468ms direct)
[w4:ij:pro] "pseudok" → 0 records, 0 words
[w4:ij:pro] "pseudok" branch complete
[w4:ij:pro] Saved 26,676 worker words
[w4:ij:pro] Searching "pseudol" | queue=17 | words=26676
[w4:ij:pro] Pacing 15s before "pseudol" (gap=15500ms)
[w4:ij:pro] Managed Turnstile token (len=816, 6110ms, remount)
[w4:ij:pro] [api] 200 mode=pro startsWith=pseudol
[w4:ij:pro] [api] 200 mode=pro startsWith=pseudol (538ms direct)
[w4:ij:pro] "pseudol" → 43 records, 43 words
[w4:ij:pro] "pseudol" branch complete
[w4:ij:pro] Saved 26,719 worker words; shared last.txt now 417,076
[w4:ij:pro] Searching "pseudom" | queue=16 | words=26719
[w4:ij:pro] Pacing 15s before "pseudom" (gap=15500ms)
[w4:ij:pro] Managed Turnstile miss (15060ms)
[w4:ij:pro] Failed "pseudom" attempt 1: No Turnstile token for direct search
[w4:ij:pro] Saved 26,719 worker words
[w4:ij:pro] Turnstile miss — soft reload before rotate
[w4:ij:pro] heartbeat words=26719 queue=17 rotation=0 idle=19s
[w4:ij:pro] Managed Turnstile token (len=816, 3956ms, remount)
[w4:ij:pro] Searching "pseudom" | queue=16 | words=26719
[w4:ij:pro] [api] 200 mode=pro startsWith=pseudom
[w4:ij:pro] [api] 200 mode=pro startsWith=pseudom (419ms direct)
[w4:ij:pro] "pseudom" → 79 records, 79 words
[w4:ij:pro] "pseudom" branch complete
[w4:ij:pro] Saved 26,798 worker words
[w4:ij:pro] Searching "pseudon" | queue=15 | words=26798
[w4:ij:pro] Pacing 16s before "pseudon" (gap=15500ms)
[w4:ij:pro] Managed Turnstile token (len=816, 5235ms, remount)
[w4:ij:pro] [api] 200 mode=pro startsWith=pseudon
[w4:ij:pro] [api] 200 mode=pro startsWith=pseudon (465ms direct)
[w4:ij:pro] "pseudon" → 30 records, 30 words
[w4:ij:pro] "pseudon" branch complete
[w4:ij:pro] Saved 26,828 worker words
[w4:ij:pro] Searching "pseudoo" | queue=14 | words=26828
[w4:ij:pro] Pacing 15s before "pseudoo" (gap=15500ms)
[w4:ij:pro] Managed Turnstile token (len=816, 6177ms, remount)
[w4:ij:pro] [api] 200 mode=pro startsWith=pseudoo
[w4:ij:pro] [api] 200 mode=pro startsWith=pseudoo (473ms direct)
[w4:ij:pro] "pseudoo" → 11 records, 11 words
[w4:ij:pro] "pseudoo" branch complete
[w4:ij:pro] Saved 26,839 worker words
[w4:ij:pro] Searching "pseudop" | queue=13 | words=26839
[w4:ij:pro] Pacing 15s before "pseudop" (gap=15500ms)
[w4:ij:pro] Managed Turnstile token (len=816, 5156ms, remount)
[w4:ij:pro] [api] 200 mode=pro startsWith=pseudop
[w4:ij:pro] [api] 200 mode=pro startsWith=pseudop (476ms direct)
[w4:ij:pro] "pseudop" → 100 records, 100 words
[w4:ij:pro] Pacing 15s before "pseudop" (gap=15500ms)
[w4:ij:pro] Managed Turnstile token (len=816, 4651ms, remount)
[w4:ij:pro] heartbeat words=26939 queue=13 rotation=0 idle=28s
[w4:ij:pro] [api] 200 mode=pro startsWith=pseudop
[w4:ij:pro] [api] 200 mode=pro startsWith=pseudop sort=alphabetical:desc (431ms direct)
[w4:ij:pro] "pseudop" full page ends at "pseudopyriform" (next='y'); skip 26 covered groups → 2 children reverse Z→A ends at "pseudopagan" (lo='a' hi='y'); skip 23 middle + 0 new words
[w4:ij:pro] Saved 26,939 worker words
[w4:ij:pro] Searching "pseudoq" | queue=14 | words=26939
[w4:ij:pro] Pacing 15s before "pseudoq" (gap=15500ms)
[w4:ij:pro] Managed Turnstile token (len=816, 3646ms, remount)
[w4:ij:pro] [api] 200 mode=pro startsWith=pseudoq
[w4:ij:pro] [api] 200 mode=pro startsWith=pseudoq (424ms direct)
[w4:ij:pro] "pseudoq" → 1 records, 1 words
[w4:ij:pro] "pseudoq" branch complete
[w4:ij:pro] Saved 26,940 worker words
[w4:ij:pro] Searching "pseudor" | queue=13 | words=26940
[w4:ij:pro] Pacing 15s before "pseudor" (gap=15500ms)
[w4:ij:pro] Managed Turnstile token (len=816, 4199ms, remount)
[w4:ij:pro] [api] 200 mode=pro startsWith=pseudor
[w4:ij:pro] [api] 200 mode=pro startsWith=pseudor (455ms direct)
[w4:ij:pro] "pseudor" → 31 records, 31 words
[w4:ij:pro] "pseudor" branch complete
[w4:ij:pro] Saved 26,971 worker words
[w4:ij:pro] Searching "pseudos" | queue=12 | words=26971
[w4:ij:pro] Pacing 15s before "pseudos" (gap=15500ms)
[w4:ij:pro] Managed Turnstile token (len=816, 10906ms, remount)
[w4:ij:pro] [api] 200 mode=pro startsWith=pseudos
[w4:ij:pro] [api] 200 mode=pro startsWith=pseudos (445ms direct)
[w4:ij:pro] "pseudos" → 100 records, 100 words (incl. exact "pseudos")
[w4:ij:pro] Pacing 15s before "pseudos" (gap=15500ms)
[w4:ij:pro] heartbeat words=27038 queue=12 rotation=0 idle=26s
[w4:ij:pro] Managed Turnstile token (len=816, 11211ms, remount)
[w4:ij:pro] [api] 200 mode=pro startsWith=pseudos
[w4:ij:pro] [api] 200 mode=pro startsWith=pseudos sort=alphabetical:desc (438ms direct)
[w4:ij:pro] "pseudos" full page ends at "pseudosyllogism" (next='y'); skip 26 covered groups → 2 children reverse Z→A ends at "pseudoscalar" (lo='c' hi='y'); skip 21 middle + 0 new words
[w4:ij:pro] Saved 27,038 worker words; shared last.txt now 417,538
[w4:ij:pro] Searching "pseudoz" | queue=13 | words=27038
[w4:ij:pro] Pacing 13s before "pseudoz" (gap=15500ms)
[w4:ij:pro] Managed Turnstile token (len=816, 5449ms, remount)
[w4:ij:pro] [api] 200 mode=pro startsWith=pseudoz
[w4:ij:pro] [api] 200 mode=pro startsWith=pseudoz (402ms direct)
[w4:ij:pro] "pseudoz" → 7 records, 7 words
[w4:ij:pro] "pseudoz" branch complete
[w4:ij:pro] Saved 27,038 worker words
[w4:ij:pro] Searching "pseudo-t" | queue=12 | words=27038
[w4:ij:pro] Pacing 15s before "pseudo-t" (gap=15500ms)
[w4:ij:pro] Managed Turnstile token (len=816, 4004ms, remount)
[w4:ij:pro] [api] 200 mode=pro startsWith=pseudo-t
[w4:ij:pro] [api] 200 mode=pro startsWith=pseudo-t (409ms direct)
[w4:ij:pro] "pseudo-t" → 7 records, 7 words
[w4:ij:pro] "pseudo-t" branch complete
[w4:ij:pro] Saved 27,038 worker words
[w4:ij:pro] Searching "pseudo-u" | queue=11 | words=27038
[w4:ij:pro] Pacing 15s before "pseudo-u" (gap=15500ms)
[w4:ij:pro] Managed Turnstile token (len=816, 4389ms, remount)
[w4:ij:pro] [api] 200 mode=pro startsWith=pseudo-u
[w4:ij:pro] [api] 200 mode=pro startsWith=pseudo-u (490ms direct)
[w4:ij:pro] "pseudo-u" → 0 records, 0 words
[w4:ij:pro] "pseudo-u" branch complete
[w4:ij:pro] Saved 27,038 worker words
[w4:ij:pro] Searching "pseudo-v" | queue=10 | words=27038
[w4:ij:pro] Pacing 15s before "pseudo-v" (gap=15500ms)
[w4:ij:pro] Managed Turnstile token (len=816, 5107ms, remount)
[w4:ij:pro] heartbeat words=27038 queue=10 rotation=0 idle=8s
[w4:ij:pro] [api] 200 mode=pro startsWith=pseudo-v
[w4:ij:pro] [api] 200 mode=pro startsWith=pseudo-v (416ms direct)
[w4:ij:pro] "pseudo-v" → 0 records, 0 words
[w4:ij:pro] "pseudo-v" branch complete
[w4:ij:pro] Saved 27,038 worker words
[w4:ij:pro] Searching "pseudo-w" | queue=9 | words=27038
[w4:ij:pro] Pacing 15s before "pseudo-w" (gap=15500ms)
[w4:ij:pro] Managed Turnstile token (len=816, 5044ms, remount)
[w4:ij:pro] [api] 200 mode=pro startsWith=pseudo-w
[w4:ij:pro] [api] 200 mode=pro startsWith=pseudo-w (505ms direct)
[w4:ij:pro] "pseudo-w" → 0 records, 0 words
[w4:ij:pro] "pseudo-w" branch complete
[w4:ij:pro] Saved 27,038 worker words
[w4:ij:pro] Searching "pseudo-x" | queue=8 | words=27038
[w4:ij:pro] Pacing 15s before "pseudo-x" (gap=15500ms)
[w4:ij:pro] Managed Turnstile token (len=816, 7580ms, remount)
[w4:ij:pro] [api] 200 mode=pro startsWith=pseudo-x
[w4:ij:pro] [api] 200 mode=pro startsWith=pseudo-x (488ms direct)
[w4:ij:pro] "pseudo-x" → 0 records, 0 words
[w4:ij:pro] "pseudo-x" branch complete
[w4:ij:pro] Saved 27,038 worker words
[w4:ij:pro] Searching "pseudo-y" | queue=7 | words=27038
[w4:ij:pro] Pacing 14s before "pseudo-y" (gap=15500ms)
[w4:ij:pro] Managed Turnstile token (len=816, 14121ms, remount)
[w4:ij:pro] [api] 200 mode=pro startsWith=pseudo-y
[w4:ij:pro] [api] 200 mode=pro startsWith=pseudo-y (429ms direct)
[w4:ij:pro] "pseudo-y" → 0 records, 0 words
[w4:ij:pro] "pseudo-y" branch complete
[w4:ij:pro] Saved 27,038 worker words
[w4:ij:pro] Searching "pseudo-z" | queue=6 | words=27038
[w4:ij:pro] Pacing 15s before "pseudo-z" (gap=15500ms)
[w4:ij:pro] Managed Turnstile token (len=816, 4286ms, remount)
[w4:ij:pro] heartbeat words=27038 queue=6 rotation=0 idle=6s
[w4:ij:pro] [api] 200 mode=pro startsWith=pseudo-z
[w4:ij:pro] [api] 200 mode=pro startsWith=pseudo-z (495ms direct)
[w4:ij:pro] "pseudo-z" → 0 records, 0 words
[w4:ij:pro] "pseudo-z" branch complete
[w4:ij:pro] Saved 27,038 worker words; shared last.txt now 417,642
[w4:ij:pro] Searching "pseudocy" | queue=5 | words=27038
[w4:ij:pro] Pacing 11s before "pseudocy" (gap=15500ms)
[w4:ij:pro] Managed Turnstile miss (15439ms)
[w4:ij:pro] Failed "pseudocy" attempt 1: No Turnstile token for direct search
[w4:ij:pro] Saved 27,038 worker words
[w4:ij:pro] Turnstile miss — soft reload before rotate
[w4:ij:pro] Managed Turnstile token (len=816, 5142ms, remount)
[w4:ij:pro] Searching "pseudocy" | queue=5 | words=27038
[w4:ij:pro] [api] 200 mode=pro startsWith=pseudocy
[w4:ij:pro] [api] 200 mode=pro startsWith=pseudocy (406ms direct)
[w4:ij:pro] "pseudocy" → 5 records, 5 words
[w4:ij:pro] "pseudocy" branch complete
[w4:ij:pro] Saved 27,038 worker words
[w4:ij:pro] Searching "pseudocz" | queue=4 | words=27038
[w4:ij:pro] Pacing 15s before "pseudocz" (gap=15500ms)
[w4:ij:pro] Managed Turnstile token (len=816, 4339ms, remount)
[w4:ij:pro] [api] 200 mode=pro startsWith=pseudocz
[w4:ij:pro] [api] 200 mode=pro startsWith=pseudocz (409ms direct)
[w4:ij:pro] "pseudocz" → 0 records, 0 words
[w4:ij:pro] "pseudocz" branch complete
[w4:ij:pro] Saved 27,038 worker words
[w4:ij:pro] Searching "pseudopy" | queue=3 | words=27038
[w4:ij:pro] Pacing 15s before "pseudopy" (gap=15500ms)
[w4:ij:pro] Managed Turnstile token (len=816, 4436ms, remount)
[w4:ij:pro] heartbeat words=27038 queue=3 rotation=0 idle=11s
[w4:ij:pro] [api] 200 mode=pro startsWith=pseudopy
[w4:ij:pro] [api] 200 mode=pro startsWith=pseudopy (481ms direct)
[w4:ij:pro] "pseudopy" → 1 records, 1 words
[w4:ij:pro] "pseudopy" branch complete
[w4:ij:pro] Saved 27,038 worker words
[w4:ij:pro] Searching "pseudopz" | queue=2 | words=27038
[w4:ij:pro] Pacing 15s before "pseudopz" (gap=15500ms)
[w4:ij:pro] Managed Turnstile token (len=816, 6713ms, remount)
[w4:ij:pro] [api] 200 mode=pro startsWith=pseudopz
[w4:ij:pro] [api] 200 mode=pro startsWith=pseudopz (418ms direct)
[w4:ij:pro] "pseudopz" → 0 records, 0 words
[w4:ij:pro] "pseudopz" branch complete
[w4:ij:pro] Saved 27,038 worker words
[w4:ij:pro] Searching "pseudosy" | queue=1 | words=27038
[w4:ij:pro] Pacing 15s before "pseudosy" (gap=15500ms)
[w4:ij:pro] Managed Turnstile token (len=816, 6611ms, remount)
[w4:ij:pro] [api] 200 mode=pro startsWith=pseudosy
[w4:ij:pro] [api] 200 mode=pro startsWith=pseudosy (498ms direct)
[w4:ij:pro] "pseudosy" → 8 records, 8 words
[w4:ij:pro] "pseudosy" branch complete
[w4:ij:pro] Saved 27,038 worker words
[w4:ij:pro] Searching "pseudosz" | queue=0 | words=27038
[w4:ij:pro] Pacing 15s before "pseudosz" (gap=15500ms)
[w4:ij:pro] Managed Turnstile token (len=816, 7544ms, remount)
[w4:ij:pro] [api] 200 mode=pro startsWith=pseudosz
[w4:ij:pro] [api] 200 mode=pro startsWith=pseudosz (448ms direct)
[w4:ij:pro] "pseudosz" → 0 records, 0 words
[w4:ij:pro] "pseudosz" branch complete
[w4:ij:pro] Saved 27,038 worker words
[w4:ij:pro] Saved 27,038 worker words; shared last.txt now 417,829
[w4:ij:pro] Worker done. prefixes=3858 words=27038
[w4:ij:pro] Managed Turnstile miss (1550ms)
[w4:ij:pro] Tor exited code=0
