[w8:qr:pro] IP mode=tor
[w8:qr:pro] Cleaned 1 old rotated profile(s)
[w8:qr:pro] Starting Tor gen=1 socks=127.0.0.1:19058 (try 1)
[w8:qr:pro] tor: Aug 05 08:52:02.737 [notice] Opened Socks listener connection (ready) on 127.0.0.1:19058
Aug 05 08:52:02.737 [warn] Fixing permissions on directory /tmp/lll-tor
[w8:qr:pro] tor: Aug 05 08:52:02.000 [notice] Bootstrapped 0% (starting): Starting
[w8:qr:pro] tor: Aug 05 08:52:03.000 [notice] Bootstrapped 5% (conn): Connecting to a relay
[w8:qr:pro] tor: Aug 05 08:52:03.000 [notice] Bootstrapped 10% (conn_done): Connected to a relay
[w8:qr:pro] tor: Aug 05 08:52:05.000 [notice] Bootstrapped 14% (handshake): Handshaking with a relay
[w8:qr:pro] tor: Aug 05 08:52:06.000 [notice] Bootstrapped 15% (handshake_done): Handshake with a relay done
Aug 05 08:52:06.000 [notice] Bootstrapped 20% (onehop_create): Estab
[w8:qr:pro] tor: Aug 05 08:52:06.000 [notice] Bootstrapped 25% (requesting_status): Asking for networkstatus consensus
[w8:qr:pro] tor: Aug 05 08:52:10.000 [notice] Bootstrapped 30% (loading_status): Loading networkstatus consensus
[w8:qr:pro] tor: Aug 05 08:52:11.000 [notice] Bootstrapped 40% (loading_keys): Loading authority key certs
[w8:qr:pro] tor: Aug 05 08:52:11.000 [notice] Bootstrapped 45% (requesting_descriptors): Asking for relay descriptors
Aug 05 08:52:11.000 [notice] I learned some more directory 
[w8:qr:pro] tor: Aug 05 08:52:13.000 [notice] Bootstrapped 50% (loading_descriptors): Loading relay descriptors
[w8:qr:pro] tor: Aug 05 08:52:24.000 [notice] Bootstrapped 55% (loading_descriptors): Loading relay descriptors
[w8:qr:pro] tor: Aug 05 08:52:25.000 [notice] Bootstrapped 61% (loading_descriptors): Loading relay descriptors
[w8:qr:pro] tor: Aug 05 08:52:25.000 [notice] Bootstrapped 67% (loading_descriptors): Loading relay descriptors
[w8:qr:pro] tor: Aug 05 08:52:25.000 [notice] Bootstrapped 75% (enough_dirinfo): Loaded enough directory info to build circuits
[w8:qr:pro] tor: Aug 05 08:52:25.000 [notice] Bootstrapped 90% (ap_handshake_done): Handshake finished with a relay to build circuits
Aug 05 08:52:25.000 [notice] Bootstrapped 9
[w8:qr:pro] tor: Aug 05 08:52:26.000 [notice] Bootstrapped 100% (done): Done
[w8:qr:pro] Tor ready on 19058 exit=192.42.116.53
[w8:qr:pro] Launching persistent Chrome profile /tmp/lll-pw-w8-r0
[w8:qr:pro] Proxy tor#1 socks5://127.0.0.1:19058
[w8:qr:pro] Opening https://lastletterlibrary.com
[w8:qr:pro] Library mode=pro
[w8:qr:pro] Site Turnstile remint timed out (23476ms)
[w8:qr:pro] Search mode=direct (skip UI Wait Ns… gate)
[w8:qr:pro] Browser exit IP=192.42.116.53 (unique)
[w8:qr:pro] Loaded 3125 prefixes, 24015 words; queue=219
[w8:qr:pro] Searching "relaz" | queue=218 | words=24015
[w8:qr:pro] Site Turnstile remint timed out (22291ms)
[w8:qr:pro] Site Turnstile remint timed out (22627ms)
[w8:qr:pro] Managed Turnstile miss (15292ms)
[w8:qr:pro] Turnstile direct mint miss (1/2)
[w8:qr:pro] heartbeat words=24015 queue=218 rotation=0 idle=15s
[w8:qr:pro] Turnstile mint hard timeout after 25000ms
[w8:qr:pro] Turnstile direct mint miss (2/2)
[w8:qr:pro] Failed "relaz" attempt 1: No Turnstile token for direct search
[w8:qr:pro] Saved 24,015 worker words
[w8:qr:pro] Turnstile miss — soft reload before rotate
[w8:qr:pro] Site Turnstile remint timed out (47026ms)
[w8:qr:pro] Turnstile mint hard timeout after 15000ms
[w8:qr:pro] Soft reload mint failed — rotating immediately
[w8:qr:pro] Site Turnstile remint timed out (21065ms)
[w8:qr:pro] Tor exited code=0
[w8:qr:pro] Starting Tor gen=2 socks=127.0.0.1:19058 (try 1)
[w8:qr:pro] tor: Aug 05 08:55:00.791 [notice] Opened Socks listener connection (ready) on 127.0.0.1:19058
Aug 05 08:55:00.791 [warn] Fixing permissions on directory /tmp/lll-tor
[w8:qr:pro] tor: Aug 05 08:55:02.000 [notice] Bootstrapped 0% (starting): Starting
Aug 05 08:55:02.000 [notice] Starting with guard context "default"
[w8:qr:pro] tor: Aug 05 08:55:03.000 [notice] Bootstrapped 5% (conn): Connecting to a relay
[w8:qr:pro] tor: Aug 05 08:55:03.000 [notice] Bootstrapped 10% (conn_done): Connected to a relay
[w8:qr:pro] tor: Aug 05 08:55:04.000 [notice] Bootstrapped 14% (handshake): Handshaking with a relay
[w8:qr:pro] tor: Aug 05 08:55:04.000 [notice] Bootstrapped 15% (handshake_done): Handshake with a relay done
[w8:qr:pro] tor: Aug 05 08:55:04.000 [notice] Bootstrapped 20% (onehop_create): Establishing an encrypted directory connection
[w8:qr:pro] tor: Aug 05 08:55:05.000 [notice] Bootstrapped 25% (requesting_status): Asking for networkstatus consensus
[w8:qr:pro] tor: Aug 05 08:55:05.000 [notice] Bootstrapped 30% (loading_status): Loading networkstatus consensus
[w8:qr:pro] heartbeat words=24015 queue=219 rotation=1 idle=2s
[w8:qr:pro] tor: Aug 05 08:55:08.000 [notice] Bootstrapped 40% (loading_keys): Loading authority key certs
[w8:qr:pro] tor: Aug 05 08:55:09.000 [notice] The current consensus has no exit nodes. Tor can only build internal paths, such as paths to onion services.
Aug 05 08:55:09.000 [n
[w8:qr:pro] tor: Aug 05 08:55:10.000 [notice] Bootstrapped 50% (loading_descriptors): Loading relay descriptors
[w8:qr:pro] tor: Aug 05 08:55:22.000 [notice] Bootstrapped 55% (loading_descriptors): Loading relay descriptors
[w8:qr:pro] tor: Aug 05 08:55:23.000 [notice] Bootstrapped 61% (loading_descriptors): Loading relay descriptors
[w8:qr:pro] tor: Aug 05 08:55:24.000 [notice] Bootstrapped 67% (loading_descriptors): Loading relay descriptors
[w8:qr:pro] tor: Aug 05 08:55:24.000 [notice] Bootstrapped 75% (enough_dirinfo): Loaded enough directory info to build circuits
[w8:qr:pro] tor: Aug 05 08:55:24.000 [notice] Bootstrapped 90% (ap_handshake_done): Handshake finished with a relay to build circuits
Aug 05 08:55:24.000 [notice] Bootstrapped 9
[w8:qr:pro] tor: Aug 05 08:55:25.000 [notice] Bootstrapped 100% (done): Done
[w8:qr:pro] Tor ready on 19058 exit=185.220.101.15
[w8:qr:pro] Rotating IP (#1, try 1) after No Turnstile token for direct search → tor#2 socks5://127.0.0.1:19058
[w8:qr:pro] Launching persistent Chrome profile /tmp/lll-pw-w8-r1
[w8:qr:pro] Proxy tor#2 socks5://127.0.0.1:19058
[w8:qr:pro] Opening https://lastletterlibrary.com
[w8:qr:pro] page.goto failed attempt 1: page.goto: net::ERR_CONNECTION_CLOSED at https://lastletterlibrary.com/
Call log:
  - navigating to "https://lastletterl
[w8:qr:pro] Library mode=pro
[w8:qr:pro] heartbeat words=24015 queue=219 rotation=1 idle=14s
[w8:qr:pro] Site Turnstile remint timed out (23103ms)
[w8:qr:pro] Search mode=direct (skip UI Wait Ns… gate)
[w8:qr:pro] Cleaned 1 old rotated profile(s)
[w8:qr:pro] Browser exit IP=185.220.101.15 (unique)
[w8:qr:pro] Searching "relaz" | queue=218 | words=24015
[w8:qr:pro] Site Turnstile remint timed out (22797ms)
[w8:qr:pro] heartbeat words=24015 queue=218 rotation=1 idle=27s
[w8:qr:pro] Site Turnstile remint timed out (29059ms)
[w8:qr:pro] Managed Turnstile miss (16508ms)
[w8:qr:pro] Turnstile direct mint miss (1/2)
[w8:qr:pro] Turnstile mint hard timeout after 25000ms
[w8:qr:pro] Turnstile direct mint miss (2/2)
[w8:qr:pro] Failed "relaz" attempt 1: No Turnstile token for direct search
[w8:qr:pro] Site Turnstile remint timed out (25713ms)
[w8:qr:pro] Saved 24,015 worker words
[w8:qr:pro] Turnstile miss — soft reload before rotate
[w8:qr:pro] Site Turnstile remint timed out (12891ms)
[w8:qr:pro] Soft reload mint failed — rotating immediately
[w8:qr:pro] Tor exited code=0
[w8:qr:pro] Starting Tor gen=3 socks=127.0.0.1:19058 (try 1)
[w8:qr:pro] tor: Aug 05 08:57:58.851 [notice] Tor 0.4.8.12 running on Darwin with Libevent 2.1.12-stable, OpenSSL 3.6.3, Zlib 1.2.12, Liblzma N/A, Libzstd N/A and Unknown N/A as
[w8:qr:pro] tor: Aug 05 08:57:59.000 [notice] Bootstrapped 0% (starting): Starting
[w8:qr:pro] tor: Aug 05 08:58:00.000 [notice] Bootstrapped 5% (conn): Connecting to a relay
[w8:qr:pro] tor: Aug 05 08:58:00.000 [notice] Bootstrapped 10% (conn_done): Connected to a relay
[w8:qr:pro] tor: Aug 05 08:58:06.000 [notice] Bootstrapped 14% (handshake): Handshaking with a relay
[w8:qr:pro] tor: Aug 05 08:58:06.000 [notice] Bootstrapped 15% (handshake_done): Handshake with a relay done
[w8:qr:pro] tor: Aug 05 08:58:06.000 [notice] Bootstrapped 20% (onehop_create): Establishing an encrypted directory connection
[w8:qr:pro] tor: Aug 05 08:58:06.000 [notice] Bootstrapped 25% (requesting_status): Asking for networkstatus consensus
[w8:qr:pro] tor: Aug 05 08:58:06.000 [notice] Bootstrapped 30% (loading_status): Loading networkstatus consensus
[w8:qr:pro] heartbeat words=24015 queue=219 rotation=2 idle=1s
[w8:qr:pro] tor: Aug 05 08:58:08.000 [notice] Bootstrapped 40% (loading_keys): Loading authority key certs
[w8:qr:pro] tor: Aug 05 08:58:09.000 [notice] Bootstrapped 45% (requesting_descriptors): Asking for relay descriptors
Aug 05 08:58:09.000 [notice] I learned some more directory 
[w8:qr:pro] tor: Aug 05 08:58:10.000 [notice] Bootstrapped 50% (loading_descriptors): Loading relay descriptors
[w8:qr:pro] tor: Aug 05 08:58:32.000 [notice] Bootstrapped 55% (loading_descriptors): Loading relay descriptors
[w8:qr:pro] tor: Aug 05 08:58:55.000 [notice] Bootstrapped 61% (loading_descriptors): Loading relay descriptors
[w8:qr:pro] heartbeat words=24015 queue=219 rotation=2 idle=12s
[w8:qr:pro] tor: Aug 05 08:59:11.000 [notice] Bootstrapped 66% (loading_descriptors): Loading relay descriptors
[w8:qr:pro] IP mode=tor
[w8:qr:pro] Cleaned 1 old rotated profile(s)
[w8:qr:pro] Starting Tor gen=1 socks=127.0.0.1:19058 (try 1)
[w8:qr:pro] tor: Aug 05 09:00:31.540 [notice] Opened Socks listener connection (ready) on 127.0.0.1:19058
Aug 05 09:00:31.540 [warn] Fixing permissions on directory /tmp/lll-tor
[w8:qr:pro] tor: Aug 05 09:00:31.000 [notice] Bootstrapped 0% (starting): Starting
[w8:qr:pro] tor: Aug 05 09:00:32.000 [notice] Bootstrapped 5% (conn): Connecting to a relay
[w8:qr:pro] tor: Aug 05 09:00:32.000 [notice] Bootstrapped 10% (conn_done): Connected to a relay
[w8:qr:pro] tor: Aug 05 09:00:33.000 [notice] Bootstrapped 14% (handshake): Handshaking with a relay
[w8:qr:pro] tor: Aug 05 09:00:33.000 [notice] Bootstrapped 15% (handshake_done): Handshake with a relay done
[w8:qr:pro] tor: Aug 05 09:00:33.000 [notice] Bootstrapped 20% (onehop_create): Establishing an encrypted directory connection
[w8:qr:pro] tor: Aug 05 09:00:33.000 [notice] Bootstrapped 25% (requesting_status): Asking for networkstatus consensus
[w8:qr:pro] tor: Aug 05 09:00:33.000 [notice] Bootstrapped 30% (loading_status): Loading networkstatus consensus
[w8:qr:pro] tor: Aug 05 09:00:35.000 [notice] Bootstrapped 40% (loading_keys): Loading authority key certs
[w8:qr:pro] tor: Aug 05 09:00:35.000 [notice] Bootstrapped 45% (requesting_descriptors): Asking for relay descriptors
Aug 05 09:00:35.000 [notice] I learned some more directory 
[w8:qr:pro] tor: Aug 05 09:00:37.000 [notice] Bootstrapped 50% (loading_descriptors): Loading relay descriptors
[w8:qr:pro] tor: Aug 05 09:00:44.000 [notice] Bootstrapped 55% (loading_descriptors): Loading relay descriptors
[w8:qr:pro] tor: Aug 05 09:00:45.000 [notice] Bootstrapped 61% (loading_descriptors): Loading relay descriptors
[w8:qr:pro] tor: Aug 05 09:00:46.000 [notice] Bootstrapped 67% (loading_descriptors): Loading relay descriptors
[w8:qr:pro] tor: Aug 05 09:00:46.000 [notice] Bootstrapped 75% (enough_dirinfo): Loaded enough directory info to build circuits
[w8:qr:pro] tor: Aug 05 09:00:46.000 [notice] Bootstrapped 90% (ap_handshake_done): Handshake finished with a relay to build circuits
Aug 05 09:00:46.000 [notice] Bootstrapped 9
[w8:qr:pro] tor: Aug 05 09:00:47.000 [notice] Bootstrapped 100% (done): Done
[w8:qr:pro] Tor ready on 19058 exit=185.220.101.185
[w8:qr:pro] Launching persistent Chrome profile /tmp/lll-pw-w8-r0
[w8:qr:pro] Proxy tor#1 socks5://127.0.0.1:19058
[w8:qr:pro] Opening https://lastletterlibrary.com
[w8:qr:pro] Library mode=pro
[w8:qr:pro] Site Turnstile remint timed out (24159ms)
[w8:qr:pro] Search mode=direct (skip UI Wait Ns… gate)
[w8:qr:pro] Browser exit IP=185.220.101.185 (unique)
[w8:qr:pro] Loaded 3125 prefixes, 24015 words; queue=219
[w8:qr:pro] Searching "relaz" | queue=218 | words=24015
[w8:qr:pro] Site Turnstile remint timed out (22395ms)
[w8:qr:pro] Turnstile token present (len=816)
[w8:qr:pro] Site Turnstile token (22468ms)
[w8:qr:pro] [api] 200 mode=pro startsWith=relaz
[w8:qr:pro] [api] 200 mode=pro startsWith=relaz (870ms direct)
[w8:qr:pro] "relaz" → 0 records, 0 words
[w8:qr:pro] "relaz" branch complete
[w8:qr:pro] Saved 24,015 worker words
[w8:qr:pro] Searching "relig" | queue=217 | words=24015
[w8:qr:pro] Pacing 15s before "relig" (gap=15500ms)
[w8:qr:pro] heartbeat words=24015 queue=217 rotation=0 idle=16s
[w8:qr:pro] Site Turnstile remint timed out (23641ms)
[w8:qr:pro] Site Turnstile remint timed out (27753ms)
[w8:qr:pro] Site Turnstile remint timed out (24611ms)
[w8:qr:pro] heartbeat words=24015 queue=217 rotation=0 idle=1s
[w8:qr:pro] Site Turnstile remint timed out (26475ms)
[w8:qr:pro] Turnstile token present (len=816)
[w8:qr:pro] Site Turnstile token (20133ms)
[w8:qr:pro] [api] 200 mode=pro startsWith=relig
[w8:qr:pro] [api] 200 mode=pro startsWith=relig (721ms direct)
[w8:qr:pro] "relig" → 48 records, 48 words (incl. exact "relig")
[w8:qr:pro] "relig" branch complete
[w8:qr:pro] Saved 24,015 worker words
[w8:qr:pro] Searching "reliv" | queue=216 | words=24015
[w8:qr:pro] Pacing 15s before "reliv" (gap=15500ms)
[w8:qr:pro] heartbeat words=24015 queue=216 rotation=0 idle=13s
[w8:qr:pro] Site Turnstile remint timed out (23369ms)
[w8:qr:pro] Site Turnstile remint timed out (27334ms)
[w8:qr:pro] heartbeat words=24015 queue=216 rotation=0 idle=22s
[w8:qr:pro] Turnstile mint hard timeout after 28000ms
[w8:qr:pro] Site Turnstile remint timed out (28041ms)
[w8:qr:pro] Failed "reliv" attempt 1: No Turnstile token for direct search
[w8:qr:pro] Saved 24,015 worker words
[w8:qr:pro] Turnstile miss — soft reload before rotate
[w8:qr:pro] Site Turnstile remint timed out (71455ms)
[w8:qr:pro] Site Turnstile remint timed out (12223ms)
[w8:qr:pro] Soft reload mint failed — rotating immediately
[w8:qr:pro] heartbeat words=24015 queue=217 rotation=1 idle=3s
[w8:qr:pro] Tor exited code=0
[w8:qr:pro] Starting Tor gen=2 socks=127.0.0.1:19058 (try 1)
[w8:qr:pro] tor: Aug 05 09:06:33.842 [notice] Opening Socks listener on 127.0.0.1:19058
Aug 05 09:06:33.842 [notice] Opened Socks listener connection (ready) on 127.0.0.1:19058

[w8:qr:pro] tor: Aug 05 09:06:34.000 [notice] Bootstrapped 0% (starting): Starting
Aug 05 09:06:34.000 [notice] Starting with guard context "default"
[w8:qr:pro] tor: Aug 05 09:06:35.000 [notice] Bootstrapped 5% (conn): Connecting to a relay
[w8:qr:pro] tor: Aug 05 09:06:35.000 [notice] Bootstrapped 10% (conn_done): Connected to a relay
[w8:qr:pro] tor: Aug 05 09:06:36.000 [notice] Bootstrapped 14% (handshake): Handshaking with a relay
[w8:qr:pro] tor: Aug 05 09:06:36.000 [notice] Bootstrapped 15% (handshake_done): Handshake with a relay done
Aug 05 09:06:36.000 [notice] Bootstrapped 20% (onehop_create): Estab
[w8:qr:pro] tor: Aug 05 09:06:36.000 [notice] Bootstrapped 25% (requesting_status): Asking for networkstatus consensus
[w8:qr:pro] tor: Aug 05 09:06:37.000 [notice] Bootstrapped 30% (loading_status): Loading networkstatus consensus
[w8:qr:pro] tor: Aug 05 09:06:43.000 [notice] Bootstrapped 40% (loading_keys): Loading authority key certs
[w8:qr:pro] tor: Aug 05 09:06:44.000 [notice] Bootstrapped 45% (requesting_descriptors): Asking for relay descriptors
Aug 05 09:06:44.000 [notice] I learned some more directory 
[w8:qr:pro] tor: Aug 05 09:06:46.000 [notice] Bootstrapped 50% (loading_descriptors): Loading relay descriptors
[w8:qr:pro] heartbeat words=24015 queue=217 rotation=1 idle=41s
[w8:qr:pro] tor: Aug 05 09:07:55.000 [notice] Bootstrapped 55% (loading_descriptors): Loading relay descriptors
[w8:qr:pro] tor: Aug 05 09:08:00.000 [notice] Bootstrapped 61% (loading_descriptors): Loading relay descriptors
[w8:qr:pro] tor: Aug 05 09:08:03.000 [notice] Bootstrapped 67% (loading_descriptors): Loading relay descriptors
[w8:qr:pro] tor: Aug 05 09:08:11.000 [notice] Bootstrapped 75% (enough_dirinfo): Loaded enough directory info to build circuits
[w8:qr:pro] tor: Aug 05 09:08:11.000 [notice] Bootstrapped 90% (ap_handshake_done): Handshake finished with a relay to build circuits
Aug 05 09:08:11.000 [notice] Bootstrapped 9
[w8:qr:pro] tor: Aug 05 09:08:17.000 [notice] Bootstrapped 100% (done): Done
[w8:qr:pro] heartbeat words=24015 queue=217 rotation=1 idle=9s
[w8:qr:pro] Tor ready on 19058 exit=185.220.101.31
[w8:qr:pro] Rotating IP (#1, try 1) after No Turnstile token for direct search → tor#2 socks5://127.0.0.1:19058
[w8:qr:pro] Launching persistent Chrome profile /tmp/lll-pw-w8-r1
[w8:qr:pro] Proxy tor#2 socks5://127.0.0.1:19058
[w8:qr:pro] Opening https://lastletterlibrary.com
[w8:qr:pro] Library mode=pro
[w8:qr:pro] Site Turnstile remint timed out (23970ms)
[w8:qr:pro] Search mode=direct (skip UI Wait Ns… gate)
[w8:qr:pro] Cleaned 1 old rotated profile(s)
[w8:qr:pro] Browser exit IP=185.220.101.31 (unique)
[w8:qr:pro] Searching "reliv" | queue=216 | words=24015
[w8:qr:pro] heartbeat words=24015 queue=216 rotation=1 idle=4s
[w8:qr:pro] Site Turnstile remint timed out (24794ms)
[w8:qr:pro] Turnstile token present (len=816)
[w8:qr:pro] Site Turnstile token (25495ms)
[w8:qr:pro] [api] 200 mode=pro startsWith=reliv
[w8:qr:pro] [api] 200 mode=pro startsWith=reliv (728ms direct)
[w8:qr:pro] "reliv" → 9 records, 9 words
[w8:qr:pro] "reliv" branch complete
[w8:qr:pro] Saved 24,015 worker words
[w8:qr:pro] Searching "reliw" | queue=215 | words=24015
[w8:qr:pro] Pacing 13s before "reliw" (gap=15500ms)
[w8:qr:pro] heartbeat words=24015 queue=215 rotation=1 idle=15s
[w8:qr:pro] Turnstile token present (len=816)
[w8:qr:pro] Site Turnstile token (22650ms)
[w8:qr:pro] [api] 200 mode=pro startsWith=reliw
[w8:qr:pro] [api] 200 mode=pro startsWith=reliw (474ms direct)
[w8:qr:pro] "reliw" → 0 records, 0 words
[w8:qr:pro] "reliw" branch complete
[w8:qr:pro] Saved 24,015 worker words
[w8:qr:pro] Searching "relix" | queue=214 | words=24015
[w8:qr:pro] Pacing 14s before "relix" (gap=15500ms)
[w8:qr:pro] Site Turnstile remint timed out (25955ms)
[w8:qr:pro] Site Turnstile remint timed out (24468ms)
[w8:qr:pro] heartbeat words=24015 queue=214 rotation=1 idle=1s
[w8:qr:pro] Site Turnstile remint timed out (23959ms)
[w8:qr:pro] Turnstile mint hard timeout after 28000ms
[w8:qr:pro] Site Turnstile remint timed out (29286ms)
[w8:qr:pro] heartbeat words=24015 queue=214 rotation=1 idle=8s
[w8:qr:pro] Turnstile mint hard timeout after 28000ms
[w8:qr:pro] Failed "relix" attempt 1: No Turnstile token for direct search
[w8:qr:pro] Site Turnstile remint timed out (29065ms)
[w8:qr:pro] Saved 24,015 worker words
[w8:qr:pro] Turnstile miss — soft reload before rotate
[w8:qr:pro] Site Turnstile remint timed out (12222ms)
[w8:qr:pro] Soft reload mint failed — rotating immediately
[w8:qr:pro] Tor exited code=null
[w8:qr:pro] Starting Tor gen=3 socks=127.0.0.1:19058 (try 1)
[w8:qr:pro] tor: Aug 05 09:13:12.778 [notice] Configuration file "/opt/homebrew/etc/tor/torrc" not present, using reasonable defaults.
Aug 05 09:13:12.779 [notice] Opening Socks
[w8:qr:pro] tor: Aug 05 09:13:17.000 [notice] Bootstrapped 0% (starting): Starting
Aug 05 09:13:17.000 [notice] Starting with guard context "default"
[w8:qr:pro] tor: Aug 05 09:13:18.000 [notice] Bootstrapped 5% (conn): Connecting to a relay
Aug 05 09:13:18.000 [notice] Bootstrapped 10% (conn_done): Connected to a relay
[w8:qr:pro] tor: Aug 05 09:13:19.000 [notice] Bootstrapped 14% (handshake): Handshaking with a relay
[w8:qr:pro] tor: Aug 05 09:13:19.000 [notice] Bootstrapped 15% (handshake_done): Handshake with a relay done
Aug 05 09:13:19.000 [notice] Bootstrapped 20% (onehop_create): Estab
[w8:qr:pro] tor: Aug 05 09:13:20.000 [notice] Bootstrapped 25% (requesting_status): Asking for networkstatus consensus
[w8:qr:pro] tor: Aug 05 09:13:20.000 [notice] Bootstrapped 30% (loading_status): Loading networkstatus consensus
[w8:qr:pro] tor: Aug 05 09:13:23.000 [notice] Bootstrapped 40% (loading_keys): Loading authority key certs
[w8:qr:pro] tor: Aug 05 09:13:24.000 [notice] The current consensus has no exit nodes. Tor can only build internal paths, such as paths to onion services.
Aug 05 09:13:24.000 [n
[w8:qr:pro] tor: Aug 05 09:13:25.000 [notice] Bootstrapped 50% (loading_descriptors): Loading relay descriptors
[w8:qr:pro] heartbeat words=24015 queue=215 rotation=2 idle=2s
[w8:qr:pro] tor: Aug 05 09:13:54.000 [notice] Bootstrapped 55% (loading_descriptors): Loading relay descriptors
[w8:qr:pro] tor: Aug 05 09:14:04.000 [notice] Bootstrapped 61% (loading_descriptors): Loading relay descriptors
[w8:qr:pro] tor: Aug 05 09:14:08.000 [notice] Bootstrapped 67% (loading_descriptors): Loading relay descriptors
[w8:qr:pro] tor: Aug 05 09:14:11.000 [notice] Bootstrapped 75% (enough_dirinfo): Loaded enough directory info to build circuits
[w8:qr:pro] tor: Aug 05 09:14:12.000 [notice] Bootstrapped 90% (ap_handshake_done): Handshake finished with a relay to build circuits
Aug 05 09:14:12.000 [notice] Bootstrapped 9
[w8:qr:pro] tor: Aug 05 09:14:20.000 [notice] Bootstrapped 100% (done): Done
[w8:qr:pro] Tor ready on 19058 exit=192.42.116.64
[w8:qr:pro] Rotating IP (#2, try 1) after No Turnstile token for direct search → tor#3 socks5://127.0.0.1:19058
[w8:qr:pro] Launching persistent Chrome profile /tmp/lll-pw-w8-r2
[w8:qr:pro] Proxy tor#3 socks5://127.0.0.1:19058
[w8:qr:pro] Opening https://lastletterlibrary.com
[w8:qr:pro] heartbeat words=24015 queue=215 rotation=2 idle=0s
[w8:qr:pro] Library mode=pro
[w8:qr:pro] Site Turnstile remint timed out (23154ms)
[w8:qr:pro] Search mode=direct (skip UI Wait Ns… gate)
[w8:qr:pro] Cleaned 1 old rotated profile(s)
[w8:qr:pro] Browser exit IP=192.42.116.64 (unique)
[w8:qr:pro] Searching "relix" | queue=214 | words=24015
[w8:qr:pro] heartbeat words=24015 queue=214 rotation=2 idle=12s
[w8:qr:pro] Site Turnstile remint timed out (26120ms)
[w8:qr:pro] Turnstile mint hard timeout after 28000ms
[w8:qr:pro] heartbeat words=24015 queue=214 rotation=2 idle=23s
[w8:qr:pro] Turnstile mint hard timeout after 28000ms
[w8:qr:pro] Site Turnstile remint timed out (33178ms)
[w8:qr:pro] Turnstile mint hard timeout after 28000ms
[w8:qr:pro] Failed "relix" attempt 1: No Turnstile token for direct search
[w8:qr:pro] Saved 24,015 worker words
[w8:qr:pro] Turnstile miss — soft reload before rotate
[w8:qr:pro] Site Turnstile remint timed out (97213ms)
[w8:qr:pro] Site Turnstile remint timed out (39130ms)
[w8:qr:pro] Site Turnstile remint timed out (10726ms)
[w8:qr:pro] Soft reload mint failed — rotating immediately
[w8:qr:pro] Tor exited code=0
[w8:qr:pro] Starting Tor gen=4 socks=127.0.0.1:19058 (try 1)
[w8:qr:pro] tor: Aug 05 09:17:21.416 [warn] Fixing permissions on directory /tmp/lll-tor-w8
[w8:qr:pro] tor: Aug 05 09:17:21.000 [notice] Bootstrapped 0% (starting): Starting
[w8:qr:pro] tor: Aug 05 09:17:22.000 [notice] Bootstrapped 5% (conn): Connecting to a relay
[w8:qr:pro] tor: Aug 05 09:17:22.000 [notice] Bootstrapped 10% (conn_done): Connected to a relay
[w8:qr:pro] tor: Aug 05 09:17:22.000 [notice] Bootstrapped 14% (handshake): Handshaking with a relay
[w8:qr:pro] tor: Aug 05 09:17:23.000 [notice] Bootstrapped 15% (handshake_done): Handshake with a relay done
Aug 05 09:17:23.000 [notice] Bootstrapped 20% (onehop_create): Estab
[w8:qr:pro] tor: Aug 05 09:17:23.000 [notice] Bootstrapped 25% (requesting_status): Asking for networkstatus consensus
[w8:qr:pro] tor: Aug 05 09:17:23.000 [notice] Bootstrapped 30% (loading_status): Loading networkstatus consensus
[w8:qr:pro] tor: Aug 05 09:17:24.000 [notice] Bootstrapped 40% (loading_keys): Loading authority key certs
[w8:qr:pro] tor: Aug 05 09:17:25.000 [notice] Bootstrapped 45% (requesting_descriptors): Asking for relay descriptors
Aug 05 09:17:25.000 [notice] I learned some more directory 
[w8:qr:pro] tor: Aug 05 09:17:26.000 [notice] Bootstrapped 50% (loading_descriptors): Loading relay descriptors
[w8:qr:pro] heartbeat words=24015 queue=215 rotation=3 idle=1s
[w8:qr:pro] tor: Aug 05 09:17:35.000 [notice] Bootstrapped 55% (loading_descriptors): Loading relay descriptors
[w8:qr:pro] tor: Aug 05 09:17:39.000 [notice] Bootstrapped 61% (loading_descriptors): Loading relay descriptors
[w8:qr:pro] tor: Aug 05 09:17:42.000 [notice] Bootstrapped 67% (loading_descriptors): Loading relay descriptors
[w8:qr:pro] tor: Aug 05 09:17:42.000 [notice] Bootstrapped 75% (enough_dirinfo): Loaded enough directory info to build circuits
[w8:qr:pro] tor: Aug 05 09:17:42.000 [notice] Bootstrapped 90% (ap_handshake_done): Handshake finished with a relay to build circuits
Aug 05 09:17:42.000 [notice] Bootstrapped 9
[w8:qr:pro] tor: Aug 05 09:17:43.000 [notice] Bootstrapped 100% (done): Done
[w8:qr:pro] Tor ready on 19058 exit=193.189.100.203
[w8:qr:pro] Rotating IP (#3, try 1) after No Turnstile token for direct search → tor#4 socks5://127.0.0.1:19058
[w8:qr:pro] Launching persistent Chrome profile /tmp/lll-pw-w8-r3
[w8:qr:pro] Proxy tor#4 socks5://127.0.0.1:19058
[w8:qr:pro] Opening https://lastletterlibrary.com
[w8:qr:pro] Library mode=pro
[w8:qr:pro] heartbeat words=24015 queue=215 rotation=3 idle=15s
[w8:qr:pro] Managed Turnstile token (len=816, 16487ms, remount)
[w8:qr:pro] Search mode=direct (skip UI Wait Ns… gate)
[w8:qr:pro] Cleaned 1 old rotated profile(s)
[w8:qr:pro] Browser exit IP=193.189.100.203 (unique)
[w8:qr:pro] Searching "relix" | queue=214 | words=24015
[w8:qr:pro] [api] 200 mode=pro startsWith=relix
[w8:qr:pro] [api] 200 mode=pro startsWith=relix (642ms direct)
[w8:qr:pro] "relix" → 0 records, 0 words
[w8:qr:pro] "relix" branch complete
[w8:qr:pro] Turnstile mint hard timeout after 28000ms
[w8:qr:pro] Saved 24,015 worker words; shared last.txt now 281,749
[w8:qr:pro] Searching "reliy" | queue=213 | words=24015
[w8:qr:pro] Site Turnstile remint timed out (41931ms)
[w8:qr:pro] Managed Turnstile token (len=816, 13741ms, remount)
[w8:qr:pro] [api] 200 mode=pro startsWith=reliy
[w8:qr:pro] [api] 200 mode=pro startsWith=reliy (668ms direct)
[w8:qr:pro] "reliy" → 0 records, 0 words
[w8:qr:pro] "reliy" branch complete
[w8:qr:pro] Saved 24,015 worker words
[w8:qr:pro] Searching "reliz" | queue=212 | words=24015
[w8:qr:pro] Pacing 14s before "reliz" (gap=15500ms)
[w8:qr:pro] heartbeat words=24015 queue=212 rotation=3 idle=2s
[w8:qr:pro] Managed Turnstile token (len=816, 12507ms, reset)
[w8:qr:pro] [api] 200 mode=pro startsWith=reliz
[w8:qr:pro] [api] 200 mode=pro startsWith=reliz (685ms direct)
[w8:qr:pro] "reliz" → 0 records, 0 words
[w8:qr:pro] "reliz" branch complete
[w8:qr:pro] Saved 24,015 worker words
[w8:qr:pro] Searching "remat" | queue=211 | words=24015
[w8:qr:pro] Pacing 12s before "remat" (gap=15500ms)
[w8:qr:pro] Managed Turnstile token (len=816, 10494ms, reset)
[w8:qr:pro] [api] 200 mode=pro startsWith=remat
[w8:qr:pro] [api] 200 mode=pro startsWith=remat (557ms direct)
[w8:qr:pro] "remat" → 20 records, 20 words
[w8:qr:pro] "remat" branch complete
[w8:qr:pro] Saved 24,015 worker words
[w8:qr:pro] Searching "remau" | queue=210 | words=24015
[w8:qr:pro] Pacing 14s before "remau" (gap=15500ms)
[w8:qr:pro] Managed Turnstile token (len=816, 6917ms, reset)
[w8:qr:pro] [api] 200 mode=pro startsWith=remau
[w8:qr:pro] [api] 200 mode=pro startsWith=remau (576ms direct)
[w8:qr:pro] "remau" → 0 records, 0 words
[w8:qr:pro] "remau" branch complete
[w8:qr:pro] Saved 24,015 worker words
[w8:qr:pro] Searching "remav" | queue=209 | words=24015
[w8:qr:pro] Pacing 15s before "remav" (gap=15500ms)
[w8:qr:pro] Managed Turnstile token (len=816, 4715ms, reset)
[w8:qr:pro] [api] 200 mode=pro startsWith=remav
[w8:qr:pro] [api] 200 mode=pro startsWith=remav (748ms direct)
[w8:qr:pro] "remav" → 0 records, 0 words
[w8:qr:pro] "remav" branch complete
[w8:qr:pro] Saved 24,015 worker words
[w8:qr:pro] Searching "remaw" | queue=208 | words=24015
[w8:qr:pro] heartbeat words=24015 queue=208 rotation=3 idle=0s
[w8:qr:pro] Pacing 14s before "remaw" (gap=15500ms)
[w8:qr:pro] Site Turnstile remint timed out (24193ms)
[w8:qr:pro] Turnstile token present (len=816)
[w8:qr:pro] Site Turnstile token (22112ms)
[w8:qr:pro] [api] 200 mode=pro startsWith=remaw
[w8:qr:pro] [api] 200 mode=pro startsWith=remaw (777ms direct)
[w8:qr:pro] "remaw" → 0 records, 0 words
[w8:qr:pro] "remaw" branch complete
[w8:qr:pro] Saved 24,015 worker words
[w8:qr:pro] Searching "remax" | queue=207 | words=24015
[w8:qr:pro] Pacing 13s before "remax" (gap=15500ms)
[w8:qr:pro] heartbeat words=24015 queue=207 rotation=3 idle=11s
[w8:qr:pro] Turnstile token present (len=816)
[w8:qr:pro] Site Turnstile token (20235ms)
[w8:qr:pro] [api] 200 mode=pro startsWith=remax
[w8:qr:pro] [api] 200 mode=pro startsWith=remax (1081ms direct)
[w8:qr:pro] "remax" → 0 records, 0 words
[w8:qr:pro] "remax" branch complete
[w8:qr:pro] Saved 24,015 worker words
[w8:qr:pro] Searching "remay" | queue=206 | words=24015
[w8:qr:pro] Pacing 11s before "remay" (gap=15500ms)
[w8:qr:pro] Turnstile token present (len=816)
[w8:qr:pro] Site Turnstile token (22820ms)
[w8:qr:pro] [api] 200 mode=pro startsWith=remay
[w8:qr:pro] [api] 200 mode=pro startsWith=remay (735ms direct)
[w8:qr:pro] "remay" → 0 records, 0 words
[w8:qr:pro] "remay" branch complete
[w8:qr:pro] Saved 24,015 worker words; shared last.txt now 281,966
[w8:qr:pro] Searching "remaz" | queue=205 | words=24015
[w8:qr:pro] heartbeat words=24015 queue=205 rotation=3 idle=12s
[w8:qr:pro] Turnstile mint hard timeout after 28000ms
[w8:qr:pro] Site Turnstile remint timed out (35556ms)
[w8:qr:pro] Turnstile token present (len=816)
[w8:qr:pro] Site Turnstile token (24136ms)
[w8:qr:pro] [api] 200 mode=pro startsWith=remaz
[w8:qr:pro] [api] 200 mode=pro startsWith=remaz (793ms direct)
[w8:qr:pro] "remaz" → 0 records, 0 words
[w8:qr:pro] "remaz" branch complete
[w8:qr:pro] Saved 24,015 worker words
[w8:qr:pro] Searching "remix" | queue=204 | words=24015
[w8:qr:pro] Pacing 14s before "remix" (gap=15500ms)
[w8:qr:pro] Turnstile token present (len=816)
[w8:qr:pro] Site Turnstile token (20206ms)
[w8:qr:pro] [api] 200 mode=pro startsWith=remix
[w8:qr:pro] [api] 200 mode=pro startsWith=remix (866ms direct)
[w8:qr:pro] "remix" → 9 records, 9 words (incl. exact "remix")
[w8:qr:pro] "remix" branch complete
[w8:qr:pro] Saved 24,015 worker words
[w8:qr:pro] Searching "remiy" | queue=203 | words=24015
[w8:qr:pro] Pacing 14s before "remiy" (gap=15500ms)
[w8:qr:pro] heartbeat words=24015 queue=203 rotation=3 idle=7s
[w8:qr:pro] Turnstile mint hard timeout after 28000ms
[w8:qr:pro] Turnstile token present (len=816)
[w8:qr:pro] Site Turnstile token (25104ms)
[w8:qr:pro] [api] 200 mode=pro startsWith=remiy
[w8:qr:pro] [api] 200 mode=pro startsWith=remiy (649ms direct)
[w8:qr:pro] "remiy" → 0 records, 0 words
[w8:qr:pro] "remiy" branch complete
[w8:qr:pro] Saved 24,015 worker words
[w8:qr:pro] Searching "remiz" | queue=202 | words=24015
[w8:qr:pro] Pacing 15s before "remiz" (gap=15500ms)
[w8:qr:pro] Managed Turnstile token (len=816, 12187ms, remount)
[w8:qr:pro] heartbeat words=24015 queue=202 rotation=3 idle=2s
[w8:qr:pro] [api] 200 mode=pro startsWith=remiz
[w8:qr:pro] [api] 200 mode=pro startsWith=remiz (515ms direct)
[w8:qr:pro] "remiz" → 0 records, 0 words
[w8:qr:pro] "remiz" branch complete
[w8:qr:pro] Saved 24,015 worker words
[w8:qr:pro] Searching "remov" | queue=201 | words=24015
[w8:qr:pro] Pacing 14s before "remov" (gap=15500ms)
[w8:qr:pro] Managed Turnstile token (len=816, 16051ms, reset)
[w8:qr:pro] [api] 200 mode=pro startsWith=remov
[w8:qr:pro] [api] 200 mode=pro startsWith=remov (826ms direct)
[w8:qr:pro] "remov" → 22 records, 22 words
[w8:qr:pro] "remov" branch complete
[w8:qr:pro] Saved 24,015 worker words
[w8:qr:pro] Searching "remow" | queue=200 | words=24015
[w8:qr:pro] Pacing 11s before "remow" (gap=15500ms)
[w8:qr:pro] Turnstile token present (len=816)
[w8:qr:pro] Site Turnstile token (20788ms)
[w8:qr:pro] [api] 200 mode=pro startsWith=remow
[w8:qr:pro] [api] 200 mode=pro startsWith=remow (1143ms direct)
[w8:qr:pro] "remow" → 0 records, 0 words
[w8:qr:pro] "remow" branch complete
[w8:qr:pro] Saved 24,015 worker words
[w8:qr:pro] Searching "remox" | queue=199 | words=24015
[w8:qr:pro] Pacing 13s before "remox" (gap=15500ms)
[w8:qr:pro] heartbeat words=24015 queue=199 rotation=3 idle=14s
[w8:qr:pro] Site Turnstile remint timed out (27448ms)
[w8:qr:pro] Turnstile token present (len=816)
[w8:qr:pro] Site Turnstile token (23211ms)
[w8:qr:pro] [api] 200 mode=pro startsWith=remox
[w8:qr:pro] [api] 200 mode=pro startsWith=remox (2034ms direct)
[w8:qr:pro] "remox" → 0 records, 0 words
[w8:qr:pro] "remox" branch complete
[w8:qr:pro] Saved 24,015 worker words
[w8:qr:pro] Searching "remoy" | queue=198 | words=24015
[w8:qr:pro] Pacing 12s before "remoy" (gap=15500ms)
[w8:qr:pro] heartbeat words=24015 queue=198 rotation=3 idle=21s
[w8:qr:pro] Turnstile token present (len=816)
[w8:qr:pro] Site Turnstile token (23607ms)
[w8:qr:pro] [api] 200 mode=pro startsWith=remoy
[w8:qr:pro] [api] 200 mode=pro startsWith=remoy (508ms direct)
[w8:qr:pro] "remoy" → 0 records, 0 words
[w8:qr:pro] "remoy" branch complete
[w8:qr:pro] Turnstile mint hard timeout after 28000ms
[w8:qr:pro] Saved 24,015 worker words; shared last.txt now 282,422
[w8:qr:pro] Searching "remoz" | queue=197 | words=24015
[w8:qr:pro] Site Turnstile remint timed out (47718ms)
[w8:qr:pro] heartbeat words=24015 queue=197 rotation=3 idle=9s
[w8:qr:pro] Site Turnstile remint timed out (24128ms)
[w8:qr:pro] Managed Turnstile token (len=816, 6273ms, remount)
[w8:qr:pro] [api] 200 mode=pro startsWith=remoz
[w8:qr:pro] [api] 200 mode=pro startsWith=remoz (653ms direct)
[w8:qr:pro] "remoz" → 0 records, 0 words
[w8:qr:pro] "remoz" branch complete
[w8:qr:pro] Saved 24,015 worker words
[w8:qr:pro] Searching "repay" | queue=196 | words=24015
[w8:qr:pro] Pacing 15s before "repay" (gap=15500ms)
[w8:qr:pro] Managed Turnstile token (len=816, 4001ms, reset)
[w8:qr:pro] [api] 200 mode=pro startsWith=repay
[w8:qr:pro] [api] 200 mode=pro startsWith=repay (478ms direct)
[w8:qr:pro] "repay" → 8 records, 8 words (incl. exact "repay")
[w8:qr:pro] "repay" branch complete
[w8:qr:pro] Saved 24,015 worker words
[w8:qr:pro] Searching "repaz" | queue=195 | words=24015
[w8:qr:pro] Pacing 15s before "repaz" (gap=15500ms)
[w8:qr:pro] Managed Turnstile token (len=816, 4665ms, reset)
[w8:qr:pro] [api] 200 mode=pro startsWith=repaz
[w8:qr:pro] [api] 200 mode=pro startsWith=repaz (525ms direct)
[w8:qr:pro] "repaz" → 0 records, 0 words
[w8:qr:pro] "repaz" branch complete
[w8:qr:pro] Saved 24,015 worker words
[w8:qr:pro] Searching "repew" | queue=194 | words=24015
[w8:qr:pro] Pacing 14s before "repew" (gap=15500ms)
[w8:qr:pro] Managed Turnstile token (len=816, 6774ms, reset)
[w8:qr:pro] heartbeat words=24015 queue=194 rotation=3 idle=8s
[w8:qr:pro] [api] 200 mode=pro startsWith=repew
[w8:qr:pro] [api] 200 mode=pro startsWith=repew (508ms direct)
[w8:qr:pro] "repew" → 1 records, 1 words (incl. exact "repew")
[w8:qr:pro] "repew" branch complete
[w8:qr:pro] Saved 24,015 worker words
[w8:qr:pro] Searching "repex" | queue=193 | words=24015
[w8:qr:pro] Pacing 15s before "repex" (gap=15500ms)
[w8:qr:pro] Turnstile token present (len=816)
[w8:qr:pro] Site Turnstile token (22721ms)
[w8:qr:pro] [api] 200 mode=pro startsWith=repex
[w8:qr:pro] [api] 200 mode=pro startsWith=repex (507ms direct)
[w8:qr:pro] "repex" → 0 records, 0 words
[w8:qr:pro] "repex" branch complete
[w8:qr:pro] Saved 24,015 worker words
[w8:qr:pro] Searching "repey" | queue=192 | words=24015
[w8:qr:pro] Pacing 15s before "repey" (gap=15500ms)
[w8:qr:pro] Site Turnstile remint timed out (23785ms)
[w8:qr:pro] heartbeat words=24015 queue=192 rotation=3 idle=12s
[w8:qr:pro] Turnstile token present (len=816)
[w8:qr:pro] Site Turnstile token (27211ms)
[w8:qr:pro] [api] 200 mode=pro startsWith=repey
[w8:qr:pro] [api] 200 mode=pro startsWith=repey (1837ms direct)
[w8:qr:pro] "repey" → 0 records, 0 words
[w8:qr:pro] "repey" branch complete
[w8:qr:pro] Saved 24,015 worker words
[w8:qr:pro] Searching "repez" | queue=191 | words=24015
[w8:qr:pro] Pacing 11s before "repez" (gap=15500ms)
[w8:qr:pro] Turnstile mint hard timeout after 28000ms
[w8:qr:pro] Site Turnstile remint timed out (31387ms)
[w8:qr:pro] heartbeat words=24015 queue=191 rotation=3 idle=10s
[w8:qr:pro] Turnstile mint hard timeout after 28000ms
[w8:qr:pro] Turnstile mint hard timeout after 28000ms
[w8:qr:pro] heartbeat words=24015 queue=191 rotation=3 idle=17s
[w8:qr:pro] Turnstile token present (len=816)
[w8:qr:pro] Site Turnstile token (20809ms)
[w8:qr:pro] [api] 200 mode=pro startsWith=repez
[w8:qr:pro] [api] 200 mode=pro startsWith=repez (625ms direct)
[w8:qr:pro] "repez" → 0 records, 0 words
[w8:qr:pro] "repez" branch complete
[w8:qr:pro] Saved 24,015 worker words
[w8:qr:pro] Searching "reply" | queue=190 | words=24015
[w8:qr:pro] Pacing 15s before "reply" (gap=15500ms)
[w8:qr:pro] Site Turnstile remint timed out (22633ms)
[w8:qr:pro] Turnstile token present (len=816)
[w8:qr:pro] Site Turnstile token (19867ms)
[w8:qr:pro] [api] 200 mode=pro startsWith=reply
[w8:qr:pro] [api] 200 mode=pro startsWith=reply (531ms direct)
[w8:qr:pro] "reply" → 3 records, 3 words (incl. exact "reply")
[w8:qr:pro] "reply" branch complete
[w8:qr:pro] Saved 24,015 worker words; shared last.txt now 282,936
[w8:qr:pro] Searching "replz" | queue=189 | words=24015
[w8:qr:pro] Pacing 15s before "replz" (gap=15500ms)
[w8:qr:pro] heartbeat words=24015 queue=189 rotation=3 idle=12s
[w8:qr:pro] Turnstile token present (len=816)
[w8:qr:pro] Site Turnstile token (20761ms)
[w8:qr:pro] [api] 200 mode=pro startsWith=replz
[w8:qr:pro] [api] 200 mode=pro startsWith=replz (556ms direct)
[w8:qr:pro] "replz" → 0 records, 0 words
[w8:qr:pro] "replz" branch complete
[w8:qr:pro] Saved 24,015 worker words
[w8:qr:pro] Searching "repow" | queue=188 | words=24015
[w8:qr:pro] Pacing 15s before "repow" (gap=15500ms)
[w8:qr:pro] Site Turnstile remint timed out (23880ms)
[w8:qr:pro] Site Turnstile remint timed out (22670ms)
[w8:qr:pro] heartbeat words=24015 queue=188 rotation=3 idle=4s
[w8:qr:pro] Turnstile mint hard timeout after 28000ms
[w8:qr:pro] Site Turnstile remint timed out (28460ms)
[w8:qr:pro] Turnstile mint hard timeout after 28000ms
[w8:qr:pro] Site Turnstile remint timed out (31581ms)
[w8:qr:pro] heartbeat words=24015 queue=188 rotation=3 idle=4s
[w8:qr:pro] Turnstile mint hard timeout after 28000ms
[w8:qr:pro] Failed "repow" attempt 1: No Turnstile token for direct search
[w8:qr:pro] Saved 24,015 worker words
[w8:qr:pro] Turnstile miss — soft reload before rotate
[w8:qr:pro] Site Turnstile remint timed out (707648ms)
[w8:qr:pro] Site Turnstile remint timed out (292373ms)
[w8:qr:pro] Site Turnstile remint timed out (263425ms)
[w8:qr:pro] Site Turnstile remint timed out (45919ms)
[w8:qr:pro] Site Turnstile remint timed out (13395ms)
[w8:qr:pro] Soft reload mint failed — rotating immediately
[w8:qr:pro] Tor exited code=null
[w8:qr:pro] Starting Tor gen=5 socks=127.0.0.1:19058 (try 1)
[w8:qr:pro] tor: Aug 05 09:35:27.466 [notice] Opening Socks listener on 127.0.0.1:19058
Aug 05 09:35:27.466 [notice] Opened Socks listener connection (ready) on 127.0.0.1:19058

[w8:qr:pro] heartbeat words=24015 queue=189 rotation=4 idle=1s
[w8:qr:pro] tor: Aug 05 09:35:28.000 [notice] Bootstrapped 0% (starting): Starting
[w8:qr:pro] tor: Aug 05 09:35:29.000 [notice] Bootstrapped 5% (conn): Connecting to a relay
[w8:qr:pro] tor: Aug 05 09:35:29.000 [notice] Bootstrapped 10% (conn_done): Connected to a relay
[w8:qr:pro] tor: Aug 05 09:35:34.000 [notice] Bootstrapped 14% (handshake): Handshaking with a relay
[w8:qr:pro] tor: Aug 05 09:35:36.000 [notice] Bootstrapped 15% (handshake_done): Handshake with a relay done
Aug 05 09:35:36.000 [notice] Bootstrapped 20% (onehop_create): Estab
[w8:qr:pro] tor: Aug 05 09:35:36.000 [notice] Bootstrapped 25% (requesting_status): Asking for networkstatus consensus
[w8:qr:pro] tor: Aug 05 09:35:36.000 [notice] Bootstrapped 30% (loading_status): Loading networkstatus consensus
[w8:qr:pro] tor: Aug 05 09:35:37.000 [notice] Bootstrapped 40% (loading_keys): Loading authority key certs
[w8:qr:pro] tor: Aug 05 09:35:37.000 [notice] Bootstrapped 45% (requesting_descriptors): Asking for relay descriptors
Aug 05 09:35:37.000 [notice] I learned some more directory 
[w8:qr:pro] tor: Aug 05 09:35:38.000 [notice] Bootstrapped 50% (loading_descriptors): Loading relay descriptors
[w8:qr:pro] tor: Aug 05 09:35:45.000 [notice] Bootstrapped 55% (loading_descriptors): Loading relay descriptors
[w8:qr:pro] tor: Aug 05 09:35:45.000 [notice] Bootstrapped 61% (loading_descriptors): Loading relay descriptors
[w8:qr:pro] tor: Aug 05 09:35:46.000 [notice] Bootstrapped 67% (loading_descriptors): Loading relay descriptors
[w8:qr:pro] tor: Aug 05 09:35:46.000 [notice] Bootstrapped 75% (enough_dirinfo): Loaded enough directory info to build circuits
[w8:qr:pro] tor: Aug 05 09:35:47.000 [notice] Bootstrapped 90% (ap_handshake_done): Handshake finished with a relay to build circuits
Aug 05 09:35:47.000 [notice] Bootstrapped 9
[w8:qr:pro] tor: Aug 05 09:35:47.000 [notice] Bootstrapped 100% (done): Done
[w8:qr:pro] Tor ready on 19058 exit=185.220.101.21
[w8:qr:pro] Rotating IP (#4, try 1) after No Turnstile token for direct search → tor#5 socks5://127.0.0.1:19058
[w8:qr:pro] Launching persistent Chrome profile /tmp/lll-pw-w8-r4
[w8:qr:pro] Proxy tor#5 socks5://127.0.0.1:19058
[w8:qr:pro] Opening https://lastletterlibrary.com
[w8:qr:pro] Library mode=pro
[w8:qr:pro] heartbeat words=24015 queue=189 rotation=4 idle=16s
[w8:qr:pro] Site Turnstile remint timed out (24079ms)
[w8:qr:pro] Search mode=direct (skip UI Wait Ns… gate)
[w8:qr:pro] Cleaned 1 old rotated profile(s)
[w8:qr:pro] Browser exit IP=192.42.116.21 (unique)
[w8:qr:pro] Searching "repow" | queue=188 | words=24015
[w8:qr:pro] Site Turnstile remint timed out (27081ms)
[w8:qr:pro] Site Turnstile remint timed out (24129ms)
[w8:qr:pro] heartbeat words=24015 queue=188 rotation=4 idle=0s
[w8:qr:pro] Turnstile token present (len=837)
[w8:qr:pro] Site Turnstile token (24209ms)
[w8:qr:pro] [api] 200 mode=pro startsWith=repow
[w8:qr:pro] [api] 200 mode=pro startsWith=repow (663ms direct)
[w8:qr:pro] "repow" → 5 records, 5 words
[w8:qr:pro] "repow" branch complete
[w8:qr:pro] Saved 24,015 worker words
[w8:qr:pro] Searching "repox" | queue=187 | words=24015
[w8:qr:pro] Pacing 12s before "repox" (gap=15500ms)
[w8:qr:pro] Site Turnstile remint timed out (23883ms)
[w8:qr:pro] heartbeat words=24015 queue=187 rotation=4 idle=10s
[w8:qr:pro] Site Turnstile remint timed out (24983ms)
[w8:qr:pro] Turnstile mint hard timeout after 28000ms
[w8:qr:pro] Site Turnstile remint timed out (28536ms)
[w8:qr:pro] heartbeat words=24015 queue=187 rotation=4 idle=16s
[w8:qr:pro] Site Turnstile remint timed out (25012ms)
[w8:qr:pro] Turnstile mint hard timeout after 28000ms
[w8:qr:pro] Failed "repox" attempt 1: No Turnstile token for direct search
[w8:qr:pro] Saved 24,015 worker words
[w8:qr:pro] Turnstile miss — soft reload before rotate
[w8:qr:pro] Site Turnstile remint timed out (30692ms)
[w8:qr:pro] Turnstile mint hard timeout after 15000ms
[w8:qr:pro] Soft reload mint failed — rotating immediately
[w8:qr:pro] heartbeat words=24015 queue=188 rotation=5 idle=3s
[w8:qr:pro] Site Turnstile remint timed out (24155ms)
[w8:qr:pro] Tor exited code=null
[w8:qr:pro] Starting Tor gen=6 socks=127.0.0.1:19058 (try 1)
[w8:qr:pro] tor: Aug 05 09:41:02.621 [notice] Opening Socks listener on 127.0.0.1:19058
Aug 05 09:41:02.621 [notice] Opened Socks listener connection (ready) on 127.0.0.1:19058

[w8:qr:pro] tor: Aug 05 09:41:06.000 [notice] Bootstrapped 0% (starting): Starting
Aug 05 09:41:06.000 [notice] Starting with guard context "default"
[w8:qr:pro] tor: Aug 05 09:41:07.000 [notice] Bootstrapped 5% (conn): Connecting to a relay
[w8:qr:pro] tor: Aug 05 09:41:07.000 [notice] Bootstrapped 10% (conn_done): Connected to a relay
[w8:qr:pro] heartbeat words=24015 queue=188 rotation=5 idle=25s
[w8:qr:pro] tor: Aug 05 09:41:48.000 [notice] Bootstrapped 14% (handshake): Handshaking with a relay
[w8:qr:pro] tor: Aug 05 09:41:48.000 [notice] Bootstrapped 15% (handshake_done): Handshake with a relay done
Aug 05 09:41:48.000 [notice] Bootstrapped 20% (onehop_create): Estab
[w8:qr:pro] tor: Aug 05 09:41:50.000 [notice] Bootstrapped 40% (loading_keys): Loading authority key certs
[w8:qr:pro] tor: Aug 05 09:41:52.000 [notice] The current consensus has no exit nodes. Tor can only build internal paths, such as paths to onion services.
Aug 05 09:41:52.000 [n
[w8:qr:pro] tor: Aug 05 09:41:53.000 [notice] Bootstrapped 50% (loading_descriptors): Loading relay descriptors
[w8:qr:pro] tor: Aug 05 09:42:14.000 [notice] Bootstrapped 55% (loading_descriptors): Loading relay descriptors
[w8:qr:pro] tor: Aug 05 09:42:16.000 [notice] Bootstrapped 61% (loading_descriptors): Loading relay descriptors
[w8:qr:pro] heartbeat words=24015 queue=188 rotation=5 idle=16s
[w8:qr:pro] heartbeat words=24015 queue=188 rotation=5 idle=76s
[w8:qr:pro] heartbeat words=24015 queue=188 rotation=5 idle=136s
[w8:qr:pro] Tor exit IP probe failed — accepting circuit
[w8:qr:pro] Tor ready on 19058
[w8:qr:pro] Rotating IP (#5, try 1) after No Turnstile token for direct search → tor#6 socks5://127.0.0.1:19058
[w8:qr:pro] Launching persistent Chrome profile /tmp/lll-pw-w8-r5
[w8:qr:pro] Proxy tor#6 socks5://127.0.0.1:19058
[w8:qr:pro] Opening https://lastletterlibrary.com
[w8:qr:pro] heartbeat words=24015 queue=188 rotation=5 idle=12s
[w8:qr:pro] page.goto failed attempt 1: page.goto: net::ERR_TIMED_OUT at https://lastletterlibrary.com/
Call log:
  - navigating to "https://lastletterlibrary.c
[w8:qr:pro] page.goto failed attempt 2: page.goto: net::ERR_TIMED_OUT at https://lastletterlibrary.com/
Call log:
  - navigating to "https://lastletterlibrary.c
[w8:qr:pro] heartbeat words=24015 queue=188 rotation=5 idle=11s
[w8:qr:pro] page.goto failed attempt 3: page.goto: net::ERR_TIMED_OUT at https://lastletterlibrary.com/
Call log:
  - navigating to "https://lastletterlibrary.c
[w8:qr:pro] rotateIp attempt 1 failed: page.goto: net::ERR_TIMED_OUT at https://lastletterlibrary.com/
Call log:
  - navigating to "https://lastletterlibrary.com/", waiting until "domcontentloaded"

[w8:qr:pro] Starting Tor gen=7 socks=127.0.0.1:19058 (try 1)
[w8:qr:pro] tor: Aug 05 09:47:06.530 [notice] Opening Socks listener on 127.0.0.1:19058
Aug 05 09:47:06.530 [notice] Opened Socks listener connection (ready) on 127.0.0.1:19058

[w8:qr:pro] Tor exited code=0
[w8:qr:pro] tor: Aug 05 09:47:08.000 [notice] Bootstrapped 0% (starting): Starting
Aug 05 09:47:08.000 [notice] Starting with guard context "default"
[w8:qr:pro] tor: Aug 05 09:47:09.000 [notice] Bootstrapped 5% (conn): Connecting to a relay
[w8:qr:pro] tor: Aug 05 09:47:09.000 [notice] Bootstrapped 10% (conn_done): Connected to a relay
[w8:qr:pro] tor: Aug 05 09:47:14.000 [notice] Bootstrapped 14% (handshake): Handshaking with a relay
[w8:qr:pro] tor: Aug 05 09:47:14.000 [notice] Bootstrapped 15% (handshake_done): Handshake with a relay done
[w8:qr:pro] tor: Aug 05 09:47:14.000 [notice] Bootstrapped 20% (onehop_create): Establishing an encrypted directory connection
[w8:qr:pro] tor: Aug 05 09:47:14.000 [notice] Bootstrapped 25% (requesting_status): Asking for networkstatus consensus
[w8:qr:pro] tor: Aug 05 09:47:14.000 [notice] Bootstrapped 30% (loading_status): Loading networkstatus consensus
[w8:qr:pro] tor: Aug 05 09:47:16.000 [notice] Bootstrapped 40% (loading_keys): Loading authority key certs
[w8:qr:pro] tor: Aug 05 09:47:18.000 [notice] Bootstrapped 45% (requesting_descriptors): Asking for relay descriptors
Aug 05 09:47:18.000 [notice] I learned some more directory 
[w8:qr:pro] tor: Aug 05 09:47:20.000 [notice] Bootstrapped 50% (loading_descriptors): Loading relay descriptors
[w8:qr:pro] heartbeat words=24015 queue=188 rotation=6 idle=12s
[w8:qr:pro] tor: Aug 05 09:47:57.000 [notice] Bootstrapped 55% (loading_descriptors): Loading relay descriptors
[w8:qr:pro] tor: Aug 05 09:48:13.000 [notice] Bootstrapped 61% (loading_descriptors): Loading relay descriptors
[w8:qr:pro] tor: Aug 05 09:48:20.000 [notice] Bootstrapped 67% (loading_descriptors): Loading relay descriptors
[w8:qr:pro] tor: Aug 05 09:48:29.000 [notice] Bootstrapped 75% (enough_dirinfo): Loaded enough directory info to build circuits
[w8:qr:pro] heartbeat words=24015 queue=188 rotation=6 idle=3s
[w8:qr:pro] tor: Aug 05 09:48:33.000 [notice] Bootstrapped 90% (ap_handshake_done): Handshake finished with a relay to build circuits
Aug 05 09:48:33.000 [notice] Bootstrapped 9
[w8:qr:pro] tor: Aug 05 09:48:39.000 [notice] Bootstrapped 100% (done): Done
[w8:qr:pro] Tor ready on 19058 exit=185.220.101.18
[w8:qr:pro] Rotating IP (#6, try 2) after No Turnstile token for direct search → tor#7 socks5://127.0.0.1:19058
[w8:qr:pro] Launching persistent Chrome profile /tmp/lll-pw-w8-r6
[w8:qr:pro] Proxy tor#7 socks5://127.0.0.1:19058
[w8:qr:pro] Opening https://lastletterlibrary.com
[w8:qr:pro] Library mode=pro
[w8:qr:pro] heartbeat words=24015 queue=188 rotation=6 idle=20s
[w8:qr:pro] Managed Turnstile token (len=816, 16728ms, remount)
[w8:qr:pro] Search mode=direct (skip UI Wait Ns… gate)
[w8:qr:pro] Cleaned 2 old rotated profile(s)
[w8:qr:pro] Browser exit IP=37.114.50.124 (unique)
[w8:qr:pro] Searching "repox" | queue=187 | words=24015
[w8:qr:pro] [api] 200 mode=pro startsWith=repox
[w8:qr:pro] [api] 200 mode=pro startsWith=repox (457ms direct)
[w8:qr:pro] "repox" → 0 records, 0 words
[w8:qr:pro] "repox" branch complete
[w8:qr:pro] Saved 24,015 worker words
[w8:qr:pro] Searching "repoy" | queue=186 | words=24015
[w8:qr:pro] Pacing 14s before "repoy" (gap=15500ms)
[w8:qr:pro] Managed Turnstile token (len=816, 8263ms, reset)
[w8:qr:pro] [api] 200 mode=pro startsWith=repoy
[w8:qr:pro] [api] 200 mode=pro startsWith=repoy (604ms direct)
[w8:qr:pro] "repoy" → 0 records, 0 words
[w8:qr:pro] "repoy" branch complete
[w8:qr:pro] Saved 24,015 worker words
[w8:qr:pro] Searching "repoz" | queue=185 | words=24015
[w8:qr:pro] Pacing 15s before "repoz" (gap=15500ms)
[w8:qr:pro] Managed Turnstile token (len=816, 5453ms, reset)
[w8:qr:pro] [api] 200 mode=pro startsWith=repoz
[w8:qr:pro] [api] 200 mode=pro startsWith=repoz (687ms direct)
[w8:qr:pro] "repoz" → 0 records, 0 words
[w8:qr:pro] "repoz" branch complete
[w8:qr:pro] Saved 24,015 worker words
[w8:qr:pro] Searching "repre" | queue=184 | words=24015
[w8:qr:pro] Pacing 15s before "repre" (gap=15500ms)
[w8:qr:pro] heartbeat words=24015 queue=184 rotation=6 idle=22s
[w8:qr:pro] Turnstile token present (len=816)
[w8:qr:pro] Site Turnstile token (27006ms)
[w8:qr:pro] [api] 200 mode=pro startsWith=repre
[w8:qr:pro] [api] 200 mode=pro startsWith=repre (536ms direct)
[w8:qr:pro] "repre" → 100 records, 100 words
[w8:qr:pro] Pacing 14s before "repre" (gap=15500ms)
[w8:qr:pro] Managed Turnstile token (len=816, 16210ms, remount)
[w8:qr:pro] [api] 200 mode=pro startsWith=repre
[w8:qr:pro] [api] 200 mode=pro startsWith=repre sort=alphabetical:desc (1152ms direct)
[w8:qr:pro] "repre" full page ends at "repressiveness" (next='s'); skip 20 covered groups → 8 children reverse Z→A ends at "reprehenders" (lo='h' hi='s'); skip 10 middle + 14 new words
[w8:qr:pro] Turnstile mint hard timeout after 28000ms
[w8:qr:pro] heartbeat words=24036 queue=192 rotation=6 idle=0s
[w8:qr:pro] Saved 24,036 worker words; shared last.txt now 285,445
[w8:qr:pro] Searching "reprf" | queue=191 | words=24036
[w8:qr:pro] Site Turnstile remint timed out (52442ms)
[w8:qr:pro] Turnstile mint hard timeout after 28000ms
[w8:qr:pro] Site Turnstile remint timed out (33666ms)
[w8:qr:pro] Turnstile token present (len=816)
[w8:qr:pro] Site Turnstile token (26483ms)
[w8:qr:pro] heartbeat words=24036 queue=191 rotation=6 idle=0s
[w8:qr:pro] [api] 200 mode=pro startsWith=reprf
[w8:qr:pro] [api] 200 mode=pro startsWith=reprf (1547ms direct)
[w8:qr:pro] "reprf" → 0 records, 0 words
[w8:qr:pro] "reprf" branch complete
[w8:qr:pro] Saved 24,036 worker words
[w8:qr:pro] Searching "reprg" | queue=190 | words=24036
[w8:qr:pro] Pacing 13s before "reprg" (gap=15500ms)
[w8:qr:pro] Managed Turnstile token (len=816, 11546ms, remount)
[w8:qr:pro] [api] 429 mode=pro startsWith=reprg
[w8:qr:pro] [api] 429 mode=pro startsWith=reprg (1082ms direct)
[w8:qr:pro] Learned server gap ≈ 15500ms (wait hint 2000ms)
[w8:qr:pro] Rate limited — inline wait 2000ms then retry "reprg"
[w8:qr:pro] Managed Turnstile token (len=816, 5677ms, reset)
[w8:qr:pro] [api] 200 mode=pro startsWith=reprg
[w8:qr:pro] [api] 200 mode=pro startsWith=reprg (550ms direct)
[w8:qr:pro] "reprg" → 0 records, 0 words
[w8:qr:pro] "reprg" branch complete
[w8:qr:pro] Saved 24,036 worker words
[w8:qr:pro] Searching "reprh" | queue=189 | words=24036
[w8:qr:pro] Pacing 15s before "reprh" (gap=15500ms)
[w8:qr:pro] Managed Turnstile token (len=816, 4652ms, reset)
[w8:qr:pro] [api] 200 mode=pro startsWith=reprh
[w8:qr:pro] [api] 200 mode=pro startsWith=reprh (459ms direct)
[w8:qr:pro] "reprh" → 0 records, 0 words
[w8:qr:pro] "reprh" branch complete
[w8:qr:pro] Saved 24,036 worker words
[w8:qr:pro] Searching "repri" | queue=188 | words=24036
[w8:qr:pro] Pacing 16s before "repri" (gap=15500ms)
[w8:qr:pro] Managed Turnstile token (len=816, 5412ms, reset)
[w8:qr:pro] [api] 200 mode=pro startsWith=repri
[w8:qr:pro] [api] 200 mode=pro startsWith=repri (638ms direct)
[w8:qr:pro] "repri" → 67 records, 67 words
[w8:qr:pro] "repri" branch complete
[w8:qr:pro] heartbeat words=24103 queue=188 rotation=6 idle=3s
[w8:qr:pro] Saved 24,103 worker words
[w8:qr:pro] Searching "reprj" | queue=187 | words=24103
[w8:qr:pro] Pacing 8s before "reprj" (gap=15500ms)
[w8:qr:pro] Turnstile mint hard timeout after 28000ms
[w8:qr:pro] Site Turnstile remint timed out (33882ms)
[w8:qr:pro] Turnstile mint hard timeout after 28000ms
[w8:qr:pro] heartbeat words=24103 queue=187 rotation=6 idle=7s
[w8:qr:pro] Turnstile mint hard timeout after 28000ms
[w8:qr:pro] Site Turnstile remint timed out (39299ms)
[w8:qr:pro] Turnstile mint hard timeout after 28000ms
[w8:qr:pro] Failed "reprj" attempt 1: No Turnstile token for direct search
[w8:qr:pro] Saved 24,103 worker words
[w8:qr:pro] Turnstile miss — soft reload before rotate
[w8:qr:pro] heartbeat words=24103 queue=188 rotation=6 idle=5s
[w8:qr:pro] Site Turnstile remint timed out (104080ms)
[w8:qr:pro] Site Turnstile remint timed out (46513ms)
[w8:qr:pro] Site Turnstile remint timed out (11931ms)
[w8:qr:pro] Soft reload mint failed — rotating immediately
[w8:qr:pro] Tor exited code=0
[w8:qr:pro] Starting Tor gen=8 socks=127.0.0.1:19058 (try 1)
[w8:qr:pro] tor: Aug 05 09:56:02.090 [warn] Fixing permissions on directory /tmp/lll-tor-w8
[w8:qr:pro] tor: Aug 05 09:56:02.000 [notice] Bootstrapped 0% (starting): Starting
[w8:qr:pro] tor: Aug 05 09:56:03.000 [notice] Bootstrapped 5% (conn): Connecting to a relay
[w8:qr:pro] tor: Aug 05 09:56:03.000 [notice] Bootstrapped 10% (conn_done): Connected to a relay
[w8:qr:pro] tor: Aug 05 09:56:04.000 [notice] Bootstrapped 14% (handshake): Handshaking with a relay
[w8:qr:pro] tor: Aug 05 09:56:04.000 [notice] Bootstrapped 15% (handshake_done): Handshake with a relay done
Aug 05 09:56:04.000 [notice] Bootstrapped 20% (onehop_create): Estab
[w8:qr:pro] tor: Aug 05 09:56:04.000 [notice] Bootstrapped 25% (requesting_status): Asking for networkstatus consensus
[w8:qr:pro] tor: Aug 05 09:56:05.000 [notice] Bootstrapped 30% (loading_status): Loading networkstatus consensus
[w8:qr:pro] tor: Aug 05 09:56:05.000 [notice] Bootstrapped 40% (loading_keys): Loading authority key certs
[w8:qr:pro] tor: Aug 05 09:56:06.000 [notice] Bootstrapped 45% (requesting_descriptors): Asking for relay descriptors
Aug 05 09:56:06.000 [notice] I learned some more directory 
[w8:qr:pro] tor: Aug 05 09:56:07.000 [notice] Bootstrapped 50% (loading_descriptors): Loading relay descriptors
[w8:qr:pro] tor: Aug 05 09:56:16.000 [notice] Bootstrapped 55% (loading_descriptors): Loading relay descriptors
[w8:qr:pro] tor: Aug 05 09:56:16.000 [notice] Bootstrapped 61% (loading_descriptors): Loading relay descriptors
[w8:qr:pro] tor: Aug 05 09:56:16.000 [notice] Bootstrapped 67% (loading_descriptors): Loading relay descriptors
[w8:qr:pro] tor: Aug 05 09:56:16.000 [notice] Bootstrapped 75% (enough_dirinfo): Loaded enough directory info to build circuits
[w8:qr:pro] tor: Aug 05 09:56:17.000 [notice] Bootstrapped 90% (ap_handshake_done): Handshake finished with a relay to build circuits
Aug 05 09:56:17.000 [notice] Bootstrapped 9
[w8:qr:pro] tor: Aug 05 09:56:18.000 [notice] Bootstrapped 100% (done): Done
[w8:qr:pro] Tor ready on 19058 exit=185.220.101.183
[w8:qr:pro] Rotating IP (#7, try 1) after No Turnstile token for direct search → tor#8 socks5://127.0.0.1:19058
[w8:qr:pro] Launching persistent Chrome profile /tmp/lll-pw-w8-r7
[w8:qr:pro] Proxy tor#8 socks5://127.0.0.1:19058
[w8:qr:pro] Opening https://lastletterlibrary.com
[w8:qr:pro] Library mode=pro
[w8:qr:pro] heartbeat words=24103 queue=188 rotation=7 idle=9s
[w8:qr:pro] Site Turnstile remint timed out (24384ms)
[w8:qr:pro] Search mode=direct (skip UI Wait Ns… gate)
[w8:qr:pro] Cleaned 1 old rotated profile(s)
[w8:qr:pro] Browser exit IP=185.220.101.183 (unique)
[w8:qr:pro] Searching "reprj" | queue=187 | words=24103
[w8:qr:pro] Turnstile token present (len=816)
[w8:qr:pro] Site Turnstile token (26599ms)
[w8:qr:pro] [api] 200 mode=pro startsWith=reprj
[w8:qr:pro] [api] 200 mode=pro startsWith=reprj (1041ms direct)
[w8:qr:pro] "reprj" → 0 records, 0 words
[w8:qr:pro] "reprj" branch complete
[w8:qr:pro] Saved 24,103 worker words
[w8:qr:pro] Searching "reprk" | queue=186 | words=24103
[w8:qr:pro] Pacing 12s before "reprk" (gap=15500ms)
[w8:qr:pro] heartbeat words=24103 queue=186 rotation=7 idle=12s
[w8:qr:pro] Site Turnstile remint timed out (26506ms)
[w8:qr:pro] Turnstile token present (len=816)
[w8:qr:pro] Site Turnstile token (23245ms)
[w8:qr:pro] [api] 200 mode=pro startsWith=reprk
[w8:qr:pro] [api] 200 mode=pro startsWith=reprk (519ms direct)
[w8:qr:pro] "reprk" → 0 records, 0 words
[w8:qr:pro] "reprk" branch complete
[w8:qr:pro] Saved 24,103 worker words
[w8:qr:pro] Searching "reprl" | queue=185 | words=24103
[w8:qr:pro] Pacing 14s before "reprl" (gap=15500ms)
[w8:qr:pro] Turnstile token present (len=816)
[w8:qr:pro] Site Turnstile token (21926ms)
[w8:qr:pro] [api] 200 mode=pro startsWith=reprl
[w8:qr:pro] [api] 200 mode=pro startsWith=reprl (447ms direct)
[w8:qr:pro] "reprl" → 0 records, 0 words
[w8:qr:pro] "reprl" branch complete
[w8:qr:pro] heartbeat words=24103 queue=185 rotation=7 idle=1s
[w8:qr:pro] Saved 24,103 worker words; shared last.txt now 286,523
[w8:qr:pro] Searching "reprm" | queue=184 | words=24103
[w8:qr:pro] Turnstile mint hard timeout after 28000ms
[w8:qr:pro] Site Turnstile remint timed out (35925ms)
[w8:qr:pro] Turnstile mint hard timeout after 28000ms
[w8:qr:pro] Site Turnstile remint timed out (28403ms)
[w8:qr:pro] heartbeat words=24103 queue=184 rotation=7 idle=3s
[w8:qr:pro] Turnstile token present (len=816)
[w8:qr:pro] Site Turnstile token (19788ms)
[w8:qr:pro] [api] 200 mode=pro startsWith=reprm
[w8:qr:pro] [api] 200 mode=pro startsWith=reprm (468ms direct)
[w8:qr:pro] "reprm" → 0 records, 0 words
[w8:qr:pro] "reprm" branch complete
[w8:qr:pro] Saved 24,103 worker words
[w8:qr:pro] Searching "reprn" | queue=183 | words=24103
[w8:qr:pro] Pacing 15s before "reprn" (gap=15500ms)
[w8:qr:pro] Site Turnstile remint timed out (23062ms)
[w8:qr:pro] heartbeat words=24103 queue=183 rotation=7 idle=20s
[w8:qr:pro] Site Turnstile remint timed out (23088ms)
[w8:qr:pro] Site Turnstile remint timed out (23044ms)
[w8:qr:pro] Site Turnstile remint timed out (26780ms)
[w8:qr:pro] heartbeat words=24103 queue=183 rotation=7 idle=7s
[w8:qr:pro] Turnstile mint hard timeout after 28000ms
[w8:qr:pro] Failed "reprn" attempt 1: No Turnstile token for direct search
[w8:qr:pro] Saved 24,103 worker words
[w8:qr:pro] Turnstile miss — soft reload before rotate
[w8:qr:pro] Site Turnstile remint timed out (35095ms)
[w8:qr:pro] Turnstile mint hard timeout after 15000ms
[w8:qr:pro] Soft reload mint failed — rotating immediately
[w8:qr:pro] Site Turnstile remint timed out (15947ms)
[w8:qr:pro] Starting Tor gen=9 socks=127.0.0.1:19058 (try 1)
[w8:qr:pro] tor: Aug 05 10:02:24.992 [notice] Opened Socks listener connection (ready) on 127.0.0.1:19058
Aug 05 10:02:24.992 [warn] Fixing permissions on directory /tmp/lll-tor
[w8:qr:pro] Tor exited code=0
[w8:qr:pro] tor: Aug 05 10:02:28.000 [notice] Bootstrapped 0% (starting): Starting
Aug 05 10:02:28.000 [notice] Starting with guard context "default"
[w8:qr:pro] tor: Aug 05 10:02:29.000 [notice] Bootstrapped 5% (conn): Connecting to a relay
[w8:qr:pro] tor: Aug 05 10:02:29.000 [notice] Bootstrapped 10% (conn_done): Connected to a relay
[w8:qr:pro] tor: Aug 05 10:02:29.000 [notice] Bootstrapped 14% (handshake): Handshaking with a relay
[w8:qr:pro] tor: Aug 05 10:02:29.000 [notice] Bootstrapped 15% (handshake_done): Handshake with a relay done
Aug 05 10:02:29.000 [notice] Bootstrapped 20% (onehop_create): Estab
[w8:qr:pro] tor: Aug 05 10:02:30.000 [notice] Bootstrapped 25% (requesting_status): Asking for networkstatus consensus
[w8:qr:pro] tor: Aug 05 10:02:30.000 [notice] Bootstrapped 30% (loading_status): Loading networkstatus consensus
[w8:qr:pro] tor: Aug 05 10:02:31.000 [notice] Bootstrapped 40% (loading_keys): Loading authority key certs
[w8:qr:pro] tor: Aug 05 10:02:35.000 [notice] Bootstrapped 45% (requesting_descriptors): Asking for relay descriptors
Aug 05 10:02:35.000 [notice] I learned some more directory 
[w8:qr:pro] tor: Aug 05 10:02:36.000 [notice] Bootstrapped 50% (loading_descriptors): Loading relay descriptors
[w8:qr:pro] heartbeat words=24103 queue=184 rotation=8 idle=4s
[w8:qr:pro] tor: Aug 05 10:02:52.000 [notice] Bootstrapped 56% (loading_descriptors): Loading relay descriptors
[w8:qr:pro] tor: Aug 05 10:02:54.000 [notice] Bootstrapped 61% (loading_descriptors): Loading relay descriptors
[w8:qr:pro] tor: Aug 05 10:02:55.000 [notice] Bootstrapped 66% (loading_descriptors): Loading relay descriptors
[w8:qr:pro] tor: Aug 05 10:02:58.000 [notice] Bootstrapped 75% (enough_dirinfo): Loaded enough directory info to build circuits
[w8:qr:pro] tor: Aug 05 10:03:00.000 [notice] Bootstrapped 90% (ap_handshake_done): Handshake finished with a relay to build circuits
Aug 05 10:03:00.000 [notice] Bootstrapped 9
[w8:qr:pro] tor: Aug 05 10:03:07.000 [notice] Bootstrapped 100% (done): Done
[w8:qr:pro] Tor ready on 19058 exit=45.84.107.54
[w8:qr:pro] Rotating IP (#8, try 1) after No Turnstile token for direct search → tor#9 socks5://127.0.0.1:19058
[w8:qr:pro] Launching persistent Chrome profile /tmp/lll-pw-w8-r8
[w8:qr:pro] Proxy tor#9 socks5://127.0.0.1:19058
[w8:qr:pro] Opening https://lastletterlibrary.com
[w8:qr:pro] Library mode=pro
[w8:qr:pro] heartbeat words=24103 queue=184 rotation=8 idle=12s
[w8:qr:pro] Managed Turnstile token (len=816, 14551ms, remount)
[w8:qr:pro] Search mode=direct (skip UI Wait Ns… gate)
[w8:qr:pro] Cleaned 1 old rotated profile(s)
[w8:qr:pro] Browser exit IP=192.42.116.142 (unique)
[w8:qr:pro] Searching "reprn" | queue=183 | words=24103
[w8:qr:pro] [api] 200 mode=pro startsWith=reprn
[w8:qr:pro] [api] 200 mode=pro startsWith=reprn (666ms direct)
[w8:qr:pro] "reprn" → 0 records, 0 words
[w8:qr:pro] "reprn" branch complete
[w8:qr:pro] Saved 24,103 worker words
[w8:qr:pro] Searching "repro" | queue=182 | words=24103
[w8:qr:pro] Pacing 11s before "repro" (gap=15500ms)
[w8:qr:pro] Turnstile mint hard timeout after 28000ms
[w8:qr:pro] Site Turnstile remint timed out (28582ms)
[w8:qr:pro] Managed Turnstile token (len=816, 15967ms, remount)
[w8:qr:pro] [api] 200 mode=pro startsWith=repro
[w8:qr:pro] [api] 200 mode=pro startsWith=repro (763ms direct)
[w8:qr:pro] "repro" → 100 records, 100 words (incl. exact "repro")
[w8:qr:pro] heartbeat words=24155 queue=182 rotation=8 idle=0s
[w8:qr:pro] Pacing 14s before "repro" (gap=15500ms)
[w8:qr:pro] Turnstile token present (len=816)
[w8:qr:pro] Site Turnstile token (24683ms)
[w8:qr:pro] [api] 200 mode=pro startsWith=repro
[w8:qr:pro] [api] 200 mode=pro startsWith=repro sort=alphabetical:desc (645ms direct)
[w8:qr:pro] "repro" full page ends at "repromulgation" (next='m'); skip 23 covered groups → 5 children reverse Z→A ends at "reprocessed" (lo='c' hi='v'); skip 18 middle + 0 new words
[w8:qr:pro] Saved 24,155 worker words
[w8:qr:pro] Searching "repry" | queue=186 | words=24155
[w8:qr:pro] Pacing 14s before "repry" (gap=15500ms)
[w8:qr:pro] Turnstile mint hard timeout after 28000ms
[w8:qr:pro] Turnstile token present (len=816)
[w8:qr:pro] Site Turnstile token (29572ms)
[w8:qr:pro] heartbeat words=24155 queue=186 rotation=8 idle=4s
[w8:qr:pro] Managed Turnstile token (len=816, 16599ms, remount)
[w8:qr:pro] [api] 200 mode=pro startsWith=repry
[w8:qr:pro] [api] 200 mode=pro startsWith=repry (544ms direct)
[w8:qr:pro] "repry" → 5 records, 5 words (incl. exact "repry")
[w8:qr:pro] "repry" branch complete
[w8:qr:pro] Saved 24,155 worker words
[w8:qr:pro] Searching "reprz" | queue=185 | words=24155
[w8:qr:pro] Pacing 14s before "reprz" (gap=15500ms)
[w8:qr:pro] Turnstile token present (len=816)
[w8:qr:pro] Site Turnstile token (21701ms)
[w8:qr:pro] [api] 200 mode=pro startsWith=reprz
[w8:qr:pro] [api] 200 mode=pro startsWith=reprz (495ms direct)
[w8:qr:pro] "reprz" → 0 records, 0 words
[w8:qr:pro] "reprz" branch complete
[w8:qr:pro] Saved 24,155 worker words
[w8:qr:pro] Searching "reput" | queue=184 | words=24155
[w8:qr:pro] Pacing 15s before "reput" (gap=15500ms)
[w8:qr:pro] heartbeat words=24155 queue=184 rotation=8 idle=24s
[w8:qr:pro] Turnstile mint hard timeout after 28000ms
[w8:qr:pro] Turnstile token present (len=816)
[w8:qr:pro] Site Turnstile token (29497ms)
[w8:qr:pro] Turnstile mint hard timeout after 28000ms
[w8:qr:pro] Site Turnstile remint timed out (34754ms)
[w8:qr:pro] heartbeat words=24155 queue=184 rotation=8 idle=22s
[w8:qr:pro] Turnstile mint hard timeout after 28000ms
[w8:qr:pro] Site Turnstile remint timed out (30672ms)
[w8:qr:pro] Site Turnstile remint timed out (25772ms)
[w8:qr:pro] Failed "reput" attempt 1: No Turnstile token for direct search
[w8:qr:pro] Saved 24,155 worker words
[w8:qr:pro] Turnstile miss — soft reload before rotate
[w8:qr:pro] Turnstile token present (len=816)
[w8:qr:pro] Site Turnstile token (6254ms)
[w8:qr:pro] Searching "reput" | queue=184 | words=24155
[w8:qr:pro] [api] 200 mode=pro startsWith=reput
[w8:qr:pro] [api] 200 mode=pro startsWith=reput (428ms direct)
[w8:qr:pro] "reput" → 18 records, 18 words
[w8:qr:pro] "reput" branch complete
[w8:qr:pro] Saved 24,155 worker words; shared last.txt now 288,259
[w8:qr:pro] Searching "repuu" | queue=183 | words=24155
[w8:qr:pro] Pacing 15s before "repuu" (gap=15500ms)
[w8:qr:pro] Managed Turnstile token (len=816, 7369ms, remount)
[w8:qr:pro] [api] 200 mode=pro startsWith=repuu
[w8:qr:pro] [api] 200 mode=pro startsWith=repuu (547ms direct)
[w8:qr:pro] "repuu" → 0 records, 0 words
[w8:qr:pro] "repuu" branch complete
[w8:qr:pro] Saved 24,155 worker words
[w8:qr:pro] Searching "repuv" | queue=182 | words=24155
[w8:qr:pro] Pacing 15s before "repuv" (gap=15500ms)
[w8:qr:pro] Managed Turnstile token (len=816, 5192ms, reset)
[w8:qr:pro] heartbeat words=24155 queue=182 rotation=8 idle=1s
[w8:qr:pro] [api] 200 mode=pro startsWith=repuv
[w8:qr:pro] [api] 200 mode=pro startsWith=repuv (495ms direct)
[w8:qr:pro] "repuv" → 0 records, 0 words
[w8:qr:pro] "repuv" branch complete
[w8:qr:pro] Saved 24,155 worker words
[w8:qr:pro] Searching "repuw" | queue=181 | words=24155
[w8:qr:pro] Pacing 15s before "repuw" (gap=15500ms)
[w8:qr:pro] Turnstile mint hard timeout after 28000ms
[w8:qr:pro] Site Turnstile remint timed out (30965ms)
[w8:qr:pro] heartbeat words=24155 queue=181 rotation=8 idle=20s
[w8:qr:pro] Turnstile mint hard timeout after 28000ms
[w8:qr:pro] Site Turnstile remint timed out (30796ms)
[w8:qr:pro] Turnstile mint hard timeout after 28000ms
[w8:qr:pro] Site Turnstile remint timed out (31904ms)
[w8:qr:pro] heartbeat words=24155 queue=181 rotation=8 idle=22s
[w8:qr:pro] Turnstile mint hard timeout after 28000ms
[w8:qr:pro] Failed "repuw" attempt 1: No Turnstile token for direct search
[w8:qr:pro] Saved 24,155 worker words
[w8:qr:pro] Turnstile miss — soft reload before rotate
[w8:qr:pro] Site Turnstile remint timed out (40143ms)
[w8:qr:pro] Turnstile token present (len=816)
[w8:qr:pro] Site Turnstile token (12161ms)
[w8:qr:pro] Searching "repuw" | queue=181 | words=24155
[w8:qr:pro] [api] 200 mode=pro startsWith=repuw
[w8:qr:pro] [api] 200 mode=pro startsWith=repuw (487ms direct)
[w8:qr:pro] "repuw" → 0 records, 0 words
[w8:qr:pro] "repuw" branch complete
[w8:qr:pro] Saved 24,155 worker words
[w8:qr:pro] Searching "repux" | queue=180 | words=24155
[w8:qr:pro] Pacing 15s before "repux" (gap=15500ms)
[w8:qr:pro] Managed Turnstile token (len=816, 7291ms, remount)
[w8:qr:pro] [api] 200 mode=pro startsWith=repux
[w8:qr:pro] [api] 200 mode=pro startsWith=repux (553ms direct)
[w8:qr:pro] "repux" → 0 records, 0 words
[w8:qr:pro] "repux" branch complete
[w8:qr:pro] Saved 24,155 worker words
[w8:qr:pro] Searching "repuy" | queue=179 | words=24155
[w8:qr:pro] Pacing 15s before "repuy" (gap=15500ms)
[w8:qr:pro] Managed Turnstile token (len=816, 5705ms, reset)
[w8:qr:pro] [api] 200 mode=pro startsWith=repuy
[w8:qr:pro] [api] 200 mode=pro startsWith=repuy (509ms direct)
[w8:qr:pro] "repuy" → 0 records, 0 words
[w8:qr:pro] "repuy" branch complete
[w8:qr:pro] Saved 24,155 worker words
[w8:qr:pro] Searching "repuz" | queue=178 | words=24155
[w8:qr:pro] Pacing 15s before "repuz" (gap=15500ms)
[w8:qr:pro] heartbeat words=24155 queue=178 rotation=8 idle=5s
[w8:qr:pro] Managed Turnstile token (len=816, 6070ms, reset)
[w8:qr:pro] [api] 200 mode=pro startsWith=repuz
[w8:qr:pro] [api] 200 mode=pro startsWith=repuz (522ms direct)
[w8:qr:pro] "repuz" → 0 records, 0 words
[w8:qr:pro] "repuz" branch complete
[w8:qr:pro] Saved 24,155 worker words
[w8:qr:pro] Searching "resem" | queue=177 | words=24155
[w8:qr:pro] Pacing 14s before "resem" (gap=15500ms)
[w8:qr:pro] Turnstile mint hard timeout after 28000ms
[w8:qr:pro] Site Turnstile remint timed out (31544ms)
[w8:qr:pro] heartbeat words=24155 queue=177 rotation=8 idle=17s
[w8:qr:pro] Site Turnstile remint timed out (27889ms)
[w8:qr:pro] Site Turnstile remint timed out (24101ms)
[w8:qr:pro] heartbeat words=24155 queue=177 rotation=8 idle=28s
[w8:qr:pro] Turnstile mint hard timeout after 28000ms
[w8:qr:pro] Failed "resem" attempt 1: No Turnstile token for direct search
[w8:qr:pro] Turnstile token present (len=816)
[w8:qr:pro] Site Turnstile token (32953ms)
[w8:qr:pro] Saved 24,155 worker words; shared last.txt now 289,577
[w8:qr:pro] Turnstile miss — soft reload before rotate
[w8:qr:pro] Site Turnstile remint timed out (14913ms)
[w8:qr:pro] Soft reload mint failed — rotating immediately
[w8:qr:pro] Tor exited code=null
[w8:qr:pro] Starting Tor gen=10 socks=127.0.0.1:19058 (try 1)
[w8:qr:pro] tor: Aug 05 10:14:20.145 [notice] Opened Socks listener connection (ready) on 127.0.0.1:19058
Aug 05 10:14:20.145 [warn] Fixing permissions on directory /tmp/lll-tor
[w8:qr:pro] tor: Aug 05 10:14:22.000 [notice] Bootstrapped 0% (starting): Starting
Aug 05 10:14:22.000 [notice] Starting with guard context "default"
[w8:qr:pro] tor: Aug 05 10:14:23.000 [notice] Bootstrapped 5% (conn): Connecting to a relay
[w8:qr:pro] tor: Aug 05 10:14:23.000 [notice] Bootstrapped 10% (conn_done): Connected to a relay
[w8:qr:pro] tor: Aug 05 10:14:24.000 [notice] Bootstrapped 14% (handshake): Handshaking with a relay
[w8:qr:pro] tor: Aug 05 10:14:24.000 [notice] Bootstrapped 15% (handshake_done): Handshake with a relay done
Aug 05 10:14:24.000 [notice] Bootstrapped 20% (onehop_create): Estab
[w8:qr:pro] tor: Aug 05 10:14:24.000 [notice] Bootstrapped 25% (requesting_status): Asking for networkstatus consensus
Aug 05 10:14:25.000 [notice] Bootstrapped 30% (loading_sta
[w8:qr:pro] tor: Aug 05 10:14:27.000 [notice] Bootstrapped 40% (loading_keys): Loading authority key certs
[w8:qr:pro] tor: Aug 05 10:14:30.000 [notice] The current consensus has no exit nodes. Tor can only build internal paths, such as paths to onion services.
Aug 05 10:14:30.000 [n
[w8:qr:pro] tor: Aug 05 10:14:31.000 [notice] Bootstrapped 50% (loading_descriptors): Loading relay descriptors
[w8:qr:pro] heartbeat words=24155 queue=178 rotation=9 idle=10s
[w8:qr:pro] tor: Aug 05 10:15:00.000 [notice] Bootstrapped 55% (loading_descriptors): Loading relay descriptors
[w8:qr:pro] tor: Aug 05 10:15:08.000 [notice] Bootstrapped 61% (loading_descriptors): Loading relay descriptors
[w8:qr:pro] tor: Aug 05 10:15:09.000 [notice] Bootstrapped 67% (loading_descriptors): Loading relay descriptors
[w8:qr:pro] tor: Aug 05 10:15:11.000 [notice] Bootstrapped 75% (enough_dirinfo): Loaded enough directory info to build circuits
[w8:qr:pro] tor: Aug 05 10:15:14.000 [notice] Bootstrapped 90% (ap_handshake_done): Handshake finished with a relay to build circuits
Aug 05 10:15:14.000 [notice] Bootstrapped 9
[w8:qr:pro] tor: Aug 05 10:15:16.000 [notice] Bootstrapped 100% (done): Done
[w8:qr:pro] Tor ready on 19058 exit=193.189.100.202
[w8:qr:pro] Rotating IP (#9, try 1) after No Turnstile token for direct search → tor#10 socks5://127.0.0.1:19058
[w8:qr:pro] Launching persistent Chrome profile /tmp/lll-pw-w8-r9
[w8:qr:pro] Proxy tor#10 socks5://127.0.0.1:19058
[w8:qr:pro] Opening https://lastletterlibrary.com
[w8:qr:pro] Library mode=pro
[w8:qr:pro] heartbeat words=24155 queue=178 rotation=9 idle=9s
[w8:qr:pro] Managed Turnstile token (len=816, 10905ms, remount)
[w8:qr:pro] Search mode=direct (skip UI Wait Ns… gate)
[w8:qr:pro] Cleaned 1 old rotated profile(s)
[w8:qr:pro] Browser exit IP=192.42.116.115 (unique)
[w8:qr:pro] Searching "resem" | queue=177 | words=24155
[w8:qr:pro] [api] 200 mode=pro startsWith=resem
[w8:qr:pro] [api] 200 mode=pro startsWith=resem (822ms direct)
[w8:qr:pro] "resem" → 12 records, 12 words
[w8:qr:pro] "resem" branch complete
[w8:qr:pro] Saved 24,158 worker words
[w8:qr:pro] Searching "resen" | queue=176 | words=24158
[w8:qr:pro] Pacing 13s before "resen" (gap=15500ms)
[w8:qr:pro] Managed Turnstile token (len=816, 10984ms, reset)
[w8:qr:pro] [api] 200 mode=pro startsWith=resen
[w8:qr:pro] [api] 200 mode=pro startsWith=resen (1074ms direct)
[w8:qr:pro] "resen" → 37 records, 37 words
[w8:qr:pro] "resen" branch complete
[w8:qr:pro] Saved 24,164 worker words
[w8:qr:pro] Searching "resex" | queue=175 | words=24164
[w8:qr:pro] Pacing 12s before "resex" (gap=15500ms)
[w8:qr:pro] Managed Turnstile token (len=816, 12301ms, reset)
[w8:qr:pro] [api] 200 mode=pro startsWith=resex
[w8:qr:pro] [api] 200 mode=pro startsWith=resex (605ms direct)
[w8:qr:pro] "resex" → 1 records, 1 words (incl. exact "resex")
[w8:qr:pro] "resex" branch complete
[w8:qr:pro] Saved 24,164 worker words
[w8:qr:pro] Searching "resey" | queue=174 | words=24164
[w8:qr:pro] Pacing 13s before "resey" (gap=15500ms)
[w8:qr:pro] Managed Turnstile token (len=816, 12169ms, reset)
[w8:qr:pro] [api] 200 mode=pro startsWith=resey
[w8:qr:pro] [api] 200 mode=pro startsWith=resey (510ms direct)
[w8:qr:pro] "resey" → 0 records, 0 words
[w8:qr:pro] "resey" branch complete
[w8:qr:pro] heartbeat words=24164 queue=174 rotation=9 idle=1s
[w8:qr:pro] Saved 24,164 worker words
[w8:qr:pro] Searching "resez" | queue=173 | words=24164
[w8:qr:pro] Pacing 13s before "resez" (gap=15500ms)
[w8:qr:pro] Managed Turnstile token (len=816, 18534ms, reset)
[w8:qr:pro] [api] 200 mode=pro startsWith=resez
[w8:qr:pro] [api] 200 mode=pro startsWith=resez (513ms direct)
[w8:qr:pro] "resez" → 0 records, 0 words
[w8:qr:pro] "resez" branch complete
[w8:qr:pro] Saved 24,164 worker words
[w8:qr:pro] Searching "resil" | queue=172 | words=24164
[w8:qr:pro] Pacing 14s before "resil" (gap=15500ms)
[w8:qr:pro] Turnstile token present (len=816)
[w8:qr:pro] Site Turnstile token (21861ms)
[w8:qr:pro] [api] 200 mode=pro startsWith=resil
[w8:qr:pro] [api] 200 mode=pro startsWith=resil (505ms direct)
[w8:qr:pro] "resil" → 25 records, 25 words
[w8:qr:pro] "resil" branch complete
[w8:qr:pro] Saved 24,167 worker words
[w8:qr:pro] Searching "resim" | queue=171 | words=24167
[w8:qr:pro] Pacing 15s before "resim" (gap=15500ms)
[w8:qr:pro] Managed Turnstile token (len=816, 5678ms, remount)
[w8:qr:pro] [api] 200 mode=pro startsWith=resim
[w8:qr:pro] [api] 200 mode=pro startsWith=resim (485ms direct)
[w8:qr:pro] "resim" → 1 records, 1 words
[w8:qr:pro] "resim" branch complete
[w8:qr:pro] Saved 24,168 worker words
[w8:qr:pro] Searching "resin" | queue=170 | words=24168
[w8:qr:pro] Pacing 15s before "resin" (gap=15500ms)
[w8:qr:pro] heartbeat words=24168 queue=170 rotation=9 idle=3s
[w8:qr:pro] Managed Turnstile token (len=816, 4317ms, reset)
[w8:qr:pro] [api] 200 mode=pro startsWith=resin
[w8:qr:pro] [api] 200 mode=pro startsWith=resin (481ms direct)
[w8:qr:pro] "resin" → 55 records, 55 words (incl. exact "resin")
[w8:qr:pro] "resin" branch complete
[w8:qr:pro] Saved 24,186 worker words; shared last.txt now 290,720
[w8:qr:pro] Searching "resiz" | queue=169 | words=24186
[w8:qr:pro] Pacing 12s before "resiz" (gap=15500ms)
[w8:qr:pro] Turnstile token present (len=816)
[w8:qr:pro] Site Turnstile token (22982ms)
[w8:qr:pro] [api] 200 mode=pro startsWith=resiz
[w8:qr:pro] [api] 200 mode=pro startsWith=resiz (587ms direct)
[w8:qr:pro] "resiz" → 6 records, 6 words
[w8:qr:pro] "resiz" branch complete
[w8:qr:pro] Saved 24,186 worker words
[w8:qr:pro] Searching "resow" | queue=168 | words=24186
[w8:qr:pro] Pacing 14s before "resow" (gap=15500ms)
[w8:qr:pro] heartbeat words=24186 queue=168 rotation=9 idle=23s
[w8:qr:pro] Site Turnstile remint timed out (25402ms)
[w8:qr:pro] Turnstile mint hard timeout after 28000ms
[w8:qr:pro] Site Turnstile remint timed out (39164ms)
[w8:qr:pro] Turnstile mint hard timeout after 28000ms
[w8:qr:pro] Site Turnstile remint timed out (29338ms)
[w8:qr:pro] heartbeat words=24186 queue=168 rotation=9 idle=1s
[w8:qr:pro] Turnstile token present (len=816)
[w8:qr:pro] Site Turnstile token (22833ms)
[w8:qr:pro] [api] 200 mode=pro startsWith=resow
[w8:qr:pro] [api] 200 mode=pro startsWith=resow (873ms direct)
[w8:qr:pro] "resow" → 5 records, 5 words (incl. exact "resow")
[w8:qr:pro] "resow" branch complete
[w8:qr:pro] Saved 24,186 worker words
[w8:qr:pro] Searching "resox" | queue=167 | words=24186
[w8:qr:pro] Pacing 13s before "resox" (gap=15500ms)
[w8:qr:pro] Turnstile token present (len=816)
[w8:qr:pro] Site Turnstile token (24129ms)
[w8:qr:pro] [api] 200 mode=pro startsWith=resox
[w8:qr:pro] [api] 200 mode=pro startsWith=resox (472ms direct)
[w8:qr:pro] "resox" → 0 records, 0 words
[w8:qr:pro] "resox" branch complete
[w8:qr:pro] Saved 24,186 worker words
[w8:qr:pro] Searching "resoy" | queue=166 | words=24186
[w8:qr:pro] Pacing 9s before "resoy" (gap=15500ms)
[w8:qr:pro] heartbeat words=24186 queue=166 rotation=9 idle=5s
[w8:qr:pro] Site Turnstile remint timed out (26849ms)
[w8:qr:pro] Turnstile token present (len=816)
[w8:qr:pro] Site Turnstile token (21979ms)
[w8:qr:pro] [api] 200 mode=pro startsWith=resoy
[w8:qr:pro] [api] 200 mode=pro startsWith=resoy (457ms direct)
[w8:qr:pro] "resoy" → 0 records, 0 words
[w8:qr:pro] "resoy" branch complete
[w8:qr:pro] Saved 24,186 worker words
[w8:qr:pro] Searching "resoz" | queue=165 | words=24186
[w8:qr:pro] Pacing 12s before "resoz" (gap=15500ms)
[w8:qr:pro] heartbeat words=24186 queue=165 rotation=9 idle=17s
[w8:qr:pro] Turnstile mint hard timeout after 28000ms
[w8:qr:pro] Site Turnstile remint timed out (29909ms)
[w8:qr:pro] Site Turnstile remint timed out (28169ms)
[w8:qr:pro] heartbeat words=24186 queue=165 rotation=9 idle=23s
[w8:qr:pro] Turnstile mint hard timeout after 28000ms
[w8:qr:pro] Site Turnstile remint timed out (30862ms)
[w8:qr:pro] Turnstile token present (len=816)
[w8:qr:pro] Site Turnstile token (22452ms)
[w8:qr:pro] [api] 200 mode=pro startsWith=resoz
[w8:qr:pro] [api] 200 mode=pro startsWith=resoz (496ms direct)
[w8:qr:pro] "resoz" → 0 records, 0 words
[w8:qr:pro] "resoz" branch complete
[w8:qr:pro] Saved 24,186 worker words
[w8:qr:pro] Searching "respi" | queue=164 | words=24186
[w8:qr:pro] Pacing 14s before "respi" (gap=15500ms)
[w8:qr:pro] Managed Turnstile token (len=816, 9706ms, remount)
[w8:qr:pro] [api] 200 mode=pro startsWith=respi
[w8:qr:pro] [api] 200 mode=pro startsWith=respi (548ms direct)
[w8:qr:pro] "respi" → 44 records, 44 words
[w8:qr:pro] "respi" branch complete
[w8:qr:pro] Saved 24,197 worker words
[w8:qr:pro] Searching "respu" | queue=163 | words=24197
[w8:qr:pro] Pacing 15s before "respu" (gap=15500ms)
[w8:qr:pro] Managed Turnstile token (len=816, 8268ms, reset)
[w8:qr:pro] [api] 200 mode=pro startsWith=respu
[w8:qr:pro] [api] 200 mode=pro startsWith=respu (609ms direct)
[w8:qr:pro] "respu" → 1 records, 1 words
[w8:qr:pro] "respu" branch complete
[w8:qr:pro] Saved 24,197 worker words
[w8:qr:pro] Searching "respv" | queue=162 | words=24197
[w8:qr:pro] Pacing 15s before "respv" (gap=15500ms)
[w8:qr:pro] heartbeat words=24197 queue=162 rotation=9 idle=0s
[w8:qr:pro] Turnstile mint hard timeout after 28000ms
[w8:qr:pro] Turnstile token present (len=816)
[w8:qr:pro] Site Turnstile token (28038ms)
[w8:qr:pro] Turnstile token present (len=816)
[w8:qr:pro] Site Turnstile token (27389ms)
[w8:qr:pro] [api] 200 mode=pro startsWith=respv
[w8:qr:pro] [api] 200 mode=pro startsWith=respv (653ms direct)
[w8:qr:pro] "respv" → 0 records, 0 words
[w8:qr:pro] "respv" branch complete
[w8:qr:pro] heartbeat words=24197 queue=162 rotation=9 idle=3s
[w8:qr:pro] Saved 24,197 worker words; shared last.txt now 292,505
[w8:qr:pro] Searching "respw" | queue=161 | words=24197
[w8:qr:pro] Turnstile mint hard timeout after 28000ms
[w8:qr:pro] Site Turnstile remint timed out (32848ms)
[w8:qr:pro] Site Turnstile remint timed out (24263ms)
[w8:qr:pro] heartbeat words=24197 queue=161 rotation=9 idle=11s
[w8:qr:pro] Turnstile mint hard timeout after 28000ms
[w8:qr:pro] Site Turnstile remint timed out (34975ms)
[w8:qr:pro] Turnstile mint hard timeout after 28000ms
[w8:qr:pro] Failed "respw" attempt 1: No Turnstile token for direct search
[w8:qr:pro] Saved 24,197 worker words
[w8:qr:pro] Turnstile miss — soft reload before rotate
[w8:qr:pro] Site Turnstile remint timed out (39513ms)
[w8:qr:pro] heartbeat words=24197 queue=162 rotation=9 idle=3s
[w8:qr:pro] Site Turnstile remint timed out (12228ms)
[w8:qr:pro] Soft reload mint failed — rotating immediately
[w8:qr:pro] Tor exited code=null
[w8:qr:pro] Starting Tor gen=11 socks=127.0.0.1:19058 (try 1)
[w8:qr:pro] tor: Aug 05 10:26:56.358 [notice] Tor 0.4.8.12 running on Darwin with Libevent 2.1.12-stable, OpenSSL 3.6.3, Zlib 1.2.12, Liblzma N/A, Libzstd N/A and Unknown N/A as
[w8:qr:pro] tor: Aug 05 10:27:00.000 [notice] Bootstrapped 0% (starting): Starting
[w8:qr:pro] tor: Aug 05 10:27:01.000 [notice] Bootstrapped 5% (conn): Connecting to a relay
[w8:qr:pro] tor: Aug 05 10:27:01.000 [notice] Bootstrapped 10% (conn_done): Connected to a relay
[w8:qr:pro] tor: Aug 05 10:27:03.000 [notice] Bootstrapped 14% (handshake): Handshaking with a relay
[w8:qr:pro] tor: Aug 05 10:27:03.000 [notice] Bootstrapped 15% (handshake_done): Handshake with a relay done
[w8:qr:pro] tor: Aug 05 10:27:03.000 [notice] Bootstrapped 20% (onehop_create): Establishing an encrypted directory connection
[w8:qr:pro] tor: Aug 05 10:27:04.000 [notice] Bootstrapped 25% (requesting_status): Asking for networkstatus consensus
[w8:qr:pro] tor: Aug 05 10:27:04.000 [notice] Bootstrapped 30% (loading_status): Loading networkstatus consensus
[w8:qr:pro] tor: Aug 05 10:27:06.000 [notice] Bootstrapped 40% (loading_keys): Loading authority key certs
[w8:qr:pro] tor: Aug 05 10:27:06.000 [notice] Bootstrapped 45% (requesting_descriptors): Asking for relay descriptors
Aug 05 10:27:06.000 [notice] I learned some more directory 
[w8:qr:pro] tor: Aug 05 10:27:07.000 [notice] Bootstrapped 50% (loading_descriptors): Loading relay descriptors
[w8:qr:pro] tor: Aug 05 10:27:27.000 [notice] Bootstrapped 55% (loading_descriptors): Loading relay descriptors
[w8:qr:pro] tor: Aug 05 10:27:41.000 [notice] Bootstrapped 61% (loading_descriptors): Loading relay descriptors
[w8:qr:pro] heartbeat words=24197 queue=162 rotation=10 idle=1s
[w8:qr:pro] tor: Aug 05 10:27:48.000 [notice] Bootstrapped 66% (loading_descriptors): Loading relay descriptors
[w8:qr:pro] tor: Aug 05 10:27:49.000 [notice] Bootstrapped 75% (enough_dirinfo): Loaded enough directory info to build circuits
[w8:qr:pro] tor: Aug 05 10:27:50.000 [notice] Bootstrapped 90% (ap_handshake_done): Handshake finished with a relay to build circuits
Aug 05 10:27:50.000 [notice] Bootstrapped 9
[w8:qr:pro] tor: Aug 05 10:27:50.000 [notice] Bootstrapped 100% (done): Done
[w8:qr:pro] Tor ready on 19058 exit=193.189.100.203
[w8:qr:pro] Rotating IP (#10, try 1) after No Turnstile token for direct search → tor#11 socks5://127.0.0.1:19058
[w8:qr:pro] Launching persistent Chrome profile /tmp/lll-pw-w8-r10
[w8:qr:pro] Proxy tor#11 socks5://127.0.0.1:19058
[w8:qr:pro] Opening https://lastletterlibrary.com
[w8:qr:pro] Library mode=pro
[w8:qr:pro] Managed Turnstile token (len=816, 13522ms, remount)
[w8:qr:pro] Search mode=direct (skip UI Wait Ns… gate)
[w8:qr:pro] Cleaned 1 old rotated profile(s)
[w8:qr:pro] Browser exit IP=192.42.116.145 (unique)
[w8:qr:pro] Searching "respw" | queue=161 | words=24197
[w8:qr:pro] [api] 200 mode=pro startsWith=respw
[w8:qr:pro] [api] 200 mode=pro startsWith=respw (494ms direct)
[w8:qr:pro] "respw" → 0 records, 0 words
[w8:qr:pro] "respw" branch complete
[w8:qr:pro] Saved 24,197 worker words
[w8:qr:pro] Searching "respx" | queue=160 | words=24197
[w8:qr:pro] Pacing 14s before "respx" (gap=15500ms)
[w8:qr:pro] Managed Turnstile token (len=816, 11735ms, reset)
[w8:qr:pro] heartbeat words=24197 queue=160 rotation=10 idle=0s
[w8:qr:pro] [api] 200 mode=pro startsWith=respx
[w8:qr:pro] [api] 200 mode=pro startsWith=respx (580ms direct)
[w8:qr:pro] "respx" → 0 records, 0 words
[w8:qr:pro] "respx" branch complete
[w8:qr:pro] Saved 24,197 worker words
[w8:qr:pro] Searching "respy" | queue=159 | words=24197
[w8:qr:pro] Pacing 14s before "respy" (gap=15500ms)
[w8:qr:pro] Turnstile mint hard timeout after 28000ms
[w8:qr:pro] Site Turnstile remint timed out (29321ms)
[w8:qr:pro] Turnstile token present (len=816)
[w8:qr:pro] Site Turnstile token (22692ms)
[w8:qr:pro] [api] 200 mode=pro startsWith=respy
[w8:qr:pro] [api] 200 mode=pro startsWith=respy (721ms direct)
[w8:qr:pro] "respy" → 0 records, 0 words
[w8:qr:pro] "respy" branch complete
[w8:qr:pro] Saved 24,197 worker words
[w8:qr:pro] Searching "respz" | queue=158 | words=24197
[w8:qr:pro] Pacing 11s before "respz" (gap=15500ms)
[w8:qr:pro] heartbeat words=24197 queue=158 rotation=10 idle=1s
[w8:qr:pro] Turnstile mint hard timeout after 28000ms
[w8:qr:pro] Site Turnstile remint timed out (33427ms)
[w8:qr:pro] Turnstile token present (len=816)
[w8:qr:pro] Site Turnstile token (27202ms)
[w8:qr:pro] [api] 200 mode=pro startsWith=respz
[w8:qr:pro] [api] 200 mode=pro startsWith=respz (655ms direct)
[w8:qr:pro] "respz" → 0 records, 0 words
[w8:qr:pro] "respz" branch complete
[w8:qr:pro] Saved 24,197 worker words
[w8:qr:pro] Searching "resti" | queue=157 | words=24197
[w8:qr:pro] Pacing 14s before "resti" (gap=15500ms)
[w8:qr:pro] heartbeat words=24197 queue=157 rotation=10 idle=5s
[w8:qr:pro] Managed Turnstile token (len=816, 13099ms, remount)
[w8:qr:pro] [api] 200 mode=pro startsWith=resti
[w8:qr:pro] [api] 200 mode=pro startsWith=resti (663ms direct)
[w8:qr:pro] "resti" → 60 records, 60 words
[w8:qr:pro] "resti" branch complete
[w8:qr:pro] Saved 24,249 worker words
[w8:qr:pro] Searching "restj" | queue=156 | words=24249
[w8:qr:pro] Pacing 14s before "restj" (gap=15500ms)
[w8:qr:pro] Managed Turnstile token (len=816, 6980ms, reset)
[w8:qr:pro] [api] 200 mode=pro startsWith=restj
[w8:qr:pro] [api] 200 mode=pro startsWith=restj (1347ms direct)
[w8:qr:pro] "restj" → 0 records, 0 words
[w8:qr:pro] "restj" branch complete
[w8:qr:pro] Saved 24,249 worker words
[w8:qr:pro] Searching "restk" | queue=155 | words=24249
[w8:qr:pro] Pacing 14s before "restk" (gap=15500ms)
[w8:qr:pro] Turnstile token present (len=816)
[w8:qr:pro] Site Turnstile token (19296ms)
[w8:qr:pro] [api] 200 mode=pro startsWith=restk
[w8:qr:pro] [api] 200 mode=pro startsWith=restk (477ms direct)
[w8:qr:pro] "restk" → 0 records, 0 words
[w8:qr:pro] "restk" branch complete
[w8:qr:pro] Saved 24,249 worker words; shared last.txt now 294,220
[w8:qr:pro] Searching "restl" | queue=154 | words=24249
[w8:qr:pro] Pacing 9s before "restl" (gap=15500ms)
[w8:qr:pro] heartbeat words=24249 queue=154 rotation=10 idle=9s
[w8:qr:pro] Site Turnstile remint timed out (27615ms)
[w8:qr:pro] Site Turnstile remint timed out (27869ms)
[w8:qr:pro] Managed Turnstile token (len=816, 18884ms, remount)
[w8:qr:pro] heartbeat words=24249 queue=154 rotation=10 idle=0s
[w8:qr:pro] [api] 200 mode=pro startsWith=restl
[w8:qr:pro] [api] 200 mode=pro startsWith=restl (472ms direct)
[w8:qr:pro] "restl" → 4 records, 4 words
[w8:qr:pro] "restl" branch complete
[w8:qr:pro] Saved 24,253 worker words
[w8:qr:pro] Searching "restm" | queue=153 | words=24253
[w8:qr:pro] Pacing 15s before "restm" (gap=15500ms)
[w8:qr:pro] Managed Turnstile token (len=816, 16773ms, reset)
[w8:qr:pro] [api] 200 mode=pro startsWith=restm
[w8:qr:pro] [api] 200 mode=pro startsWith=restm (489ms direct)
[w8:qr:pro] "restm" → 0 records, 0 words
[w8:qr:pro] "restm" branch complete
[w8:qr:pro] Saved 24,253 worker words
[w8:qr:pro] Searching "restn" | queue=152 | words=24253
[w8:qr:pro] Pacing 15s before "restn" (gap=15500ms)
[w8:qr:pro] Site Turnstile remint timed out (26953ms)
[w8:qr:pro] heartbeat words=24253 queue=152 rotation=10 idle=15s
[w8:qr:pro] Site Turnstile remint timed out (26369ms)
[w8:qr:pro] Site Turnstile remint timed out (24948ms)
[w8:qr:pro] heartbeat words=24253 queue=152 rotation=10 idle=24s
[w8:qr:pro] Site Turnstile remint timed out (27223ms)
[w8:qr:pro] Failed "restn" attempt 1: No Turnstile token for direct search
[w8:qr:pro] Saved 24,253 worker words
[w8:qr:pro] Turnstile miss — soft reload before rotate
[w8:qr:pro] Turnstile mint hard timeout after 15000ms
[w8:qr:pro] Soft reload mint failed — rotating immediately
[w8:qr:pro] Site Turnstile remint timed out (17311ms)
[w8:qr:pro] Tor exited code=null
[w8:qr:pro] Starting Tor gen=12 socks=127.0.0.1:19058 (try 1)
[w8:qr:pro] tor: Aug 05 10:35:24.343 [notice] Tor 0.4.8.12 running on Darwin with Libevent 2.1.12-stable, OpenSSL 3.6.3, Zlib 1.2.12, Liblzma N/A, Libzstd N/A and Unknown N/A as
[w8:qr:pro] tor: Aug 05 10:35:27.000 [notice] Bootstrapped 0% (starting): Starting
Aug 05 10:35:27.000 [notice] Starting with guard context "default"
[w8:qr:pro] tor: Aug 05 10:35:29.000 [notice] Bootstrapped 5% (conn): Connecting to a relay
Aug 05 10:35:29.000 [notice] Bootstrapped 10% (conn_done): Connected to a relay
[w8:qr:pro] tor: Aug 05 10:35:29.000 [notice] Bootstrapped 14% (handshake): Handshaking with a relay
[w8:qr:pro] tor: Aug 05 10:35:30.000 [notice] Bootstrapped 15% (handshake_done): Handshake with a relay done
[w8:qr:pro] tor: Aug 05 10:35:30.000 [notice] Bootstrapped 20% (onehop_create): Establishing an encrypted directory connection
[w8:qr:pro] tor: Aug 05 10:35:30.000 [notice] Bootstrapped 25% (requesting_status): Asking for networkstatus consensus
[w8:qr:pro] tor: Aug 05 10:35:30.000 [notice] Bootstrapped 30% (loading_status): Loading networkstatus consensus
[w8:qr:pro] tor: Aug 05 10:35:35.000 [notice] Bootstrapped 40% (loading_keys): Loading authority key certs
[w8:qr:pro] tor: Aug 05 10:35:38.000 [notice] Bootstrapped 45% (requesting_descriptors): Asking for relay descriptors
Aug 05 10:35:38.000 [notice] I learned some more directory 
[w8:qr:pro] tor: Aug 05 10:35:39.000 [notice] Bootstrapped 50% (loading_descriptors): Loading relay descriptors
[w8:qr:pro] heartbeat words=24253 queue=153 rotation=11 idle=4s
[w8:qr:pro] tor: Aug 05 10:35:47.000 [notice] Bootstrapped 55% (loading_descriptors): Loading relay descriptors
[w8:qr:pro] tor: Aug 05 10:35:49.000 [notice] Bootstrapped 61% (loading_descriptors): Loading relay descriptors
[w8:qr:pro] tor: Aug 05 10:35:49.000 [notice] Bootstrapped 66% (loading_descriptors): Loading relay descriptors
[w8:qr:pro] tor: Aug 05 10:35:49.000 [notice] Bootstrapped 75% (enough_dirinfo): Loaded enough directory info to build circuits
[w8:qr:pro] tor: Aug 05 10:35:50.000 [notice] Bootstrapped 90% (ap_handshake_done): Handshake finished with a relay to build circuits
Aug 05 10:35:50.000 [notice] Bootstrapped 9
[w8:qr:pro] tor: Aug 05 10:35:50.000 [notice] Bootstrapped 100% (done): Done
[w8:qr:pro] Tor ready on 19058 exit=109.70.100.12
[w8:qr:pro] Rotating IP (#11, try 1) after No Turnstile token for direct search → tor#12 socks5://127.0.0.1:19058
[w8:qr:pro] Launching persistent Chrome profile /tmp/lll-pw-w8-r11
[w8:qr:pro] Proxy tor#12 socks5://127.0.0.1:19058
[w8:qr:pro] Opening https://lastletterlibrary.com
[w8:qr:pro] Library mode=pro
[w8:qr:pro] Managed Turnstile token (len=816, 7531ms, remount)
[w8:qr:pro] Search mode=direct (skip UI Wait Ns… gate)
[w8:qr:pro] Cleaned 1 old rotated profile(s)
[w8:qr:pro] Browser exit IP=109.70.100.12 (unique)
[w8:qr:pro] Searching "restn" | queue=152 | words=24253
[w8:qr:pro] [api] 200 mode=pro startsWith=restn
[w8:qr:pro] [api] 200 mode=pro startsWith=restn (733ms direct)
[w8:qr:pro] "restn" → 0 records, 0 words
[w8:qr:pro] "restn" branch complete
[w8:qr:pro] Saved 24,253 worker words
[w8:qr:pro] Searching "resto" | queue=151 | words=24253
[w8:qr:pro] Pacing 15s before "resto" (gap=15500ms)
[w8:qr:pro] Managed Turnstile token (len=816, 6950ms, reset)
[w8:qr:pro] [api] 200 mode=pro startsWith=resto
[w8:qr:pro] [api] 200 mode=pro startsWith=resto (719ms direct)
[w8:qr:pro] "resto" → 38 records, 38 words (incl. exact "resto")
[w8:qr:pro] "resto" branch complete
[w8:qr:pro] Saved 24,291 worker words
[w8:qr:pro] Searching "restp" | queue=150 | words=24291
[w8:qr:pro] Pacing 13s before "restp" (gap=15500ms)
[w8:qr:pro] Managed Turnstile token (len=816, 14451ms, reset)
[w8:qr:pro] [api] 200 mode=pro startsWith=restp
[w8:qr:pro] heartbeat words=24291 queue=150 rotation=11 idle=1s
[w8:qr:pro] [api] 200 mode=pro startsWith=restp (524ms direct)
[w8:qr:pro] "restp" → 1 records, 1 words
[w8:qr:pro] "restp" branch complete
[w8:qr:pro] Saved 24,292 worker words
[w8:qr:pro] Searching "restq" | queue=149 | words=24292
[w8:qr:pro] Pacing 12s before "restq" (gap=15500ms)
[w8:qr:pro] Managed Turnstile token (len=816, 12300ms, reset)
[w8:qr:pro] [api] 200 mode=pro startsWith=restq
[w8:qr:pro] [api] 200 mode=pro startsWith=restq (805ms direct)
[w8:qr:pro] "restq" → 0 records, 0 words
[w8:qr:pro] "restq" branch complete
[w8:qr:pro] Saved 24,292 worker words
[w8:qr:pro] Searching "restr" | queue=148 | words=24292
[w8:qr:pro] Pacing 13s before "restr" (gap=15500ms)
[w8:qr:pro] Managed Turnstile token (len=816, 12220ms, reset)
[w8:qr:pro] [api] 200 mode=pro startsWith=restr
[w8:qr:pro] [api] 200 mode=pro startsWith=restr (564ms direct)
[w8:qr:pro] "restr" → 86 records, 86 words (incl. exact "restr")
[w8:qr:pro] "restr" branch complete
[w8:qr:pro] Saved 24,299 worker words; shared last.txt now 295,240
[w8:qr:pro] Searching "resty" | queue=147 | words=24299
[w8:qr:pro] Turnstile token present (len=816)
[w8:qr:pro] Site Turnstile token (24436ms)
[w8:qr:pro] [api] 200 mode=pro startsWith=resty
[w8:qr:pro] [api] 200 mode=pro startsWith=resty (1108ms direct)
[w8:qr:pro] "resty" → 5 records, 5 words (incl. exact "resty")
[w8:qr:pro] "resty" branch complete
[w8:qr:pro] Saved 24,299 worker words
[w8:qr:pro] Searching "restz" | queue=146 | words=24299
[w8:qr:pro] heartbeat words=24299 queue=146 rotation=11 idle=0s
[w8:qr:pro] Pacing 12s before "restz" (gap=15500ms)
[w8:qr:pro] Managed Turnstile token (len=816, 17940ms, remount)
[w8:qr:pro] [api] 200 mode=pro startsWith=restz
[w8:qr:pro] [api] 200 mode=pro startsWith=restz (500ms direct)
[w8:qr:pro] "restz" → 0 records, 0 words
[w8:qr:pro] "restz" branch complete
[w8:qr:pro] Saved 24,299 worker words
[w8:qr:pro] Searching "resus" | queue=145 | words=24299
[w8:qr:pro] Pacing 15s before "resus" (gap=15500ms)
[w8:qr:pro] Turnstile token present (len=816)
[w8:qr:pro] Site Turnstile token (21026ms)
[w8:qr:pro] [api] 200 mode=pro startsWith=resus
[w8:qr:pro] [api] 200 mode=pro startsWith=resus (474ms direct)
[w8:qr:pro] "resus" → 21 records, 21 words (incl. exact "resus")
[w8:qr:pro] "resus" branch complete
[w8:qr:pro] Saved 24,299 worker words
[w8:qr:pro] Searching "resut" | queue=144 | words=24299
[w8:qr:pro] Pacing 15s before "resut" (gap=15500ms)
[w8:qr:pro] Managed Turnstile token (len=816, 13839ms, remount)
[w8:qr:pro] [api] 200 mode=pro startsWith=resut
[w8:qr:pro] [api] 200 mode=pro startsWith=resut (532ms direct)
[w8:qr:pro] "resut" → 0 records, 0 words
[w8:qr:pro] "resut" branch complete
[w8:qr:pro] Saved 24,299 worker words
[w8:qr:pro] Searching "resuu" | queue=143 | words=24299
[w8:qr:pro] Pacing 14s before "resuu" (gap=15500ms)
[w8:qr:pro] heartbeat words=24299 queue=143 rotation=11 idle=4s
[w8:qr:pro] Managed Turnstile token (len=816, 10699ms, reset)
[w8:qr:pro] [api] 200 mode=pro startsWith=resuu
[w8:qr:pro] [api] 200 mode=pro startsWith=resuu (521ms direct)
[w8:qr:pro] "resuu" → 0 records, 0 words
[w8:qr:pro] "resuu" branch complete
[w8:qr:pro] Saved 24,299 worker words
[w8:qr:pro] Searching "resuv" | queue=142 | words=24299
[w8:qr:pro] Pacing 14s before "resuv" (gap=15500ms)
[w8:qr:pro] Turnstile token present (len=816)
[w8:qr:pro] Site Turnstile token (20321ms)
[w8:qr:pro] [api] 200 mode=pro startsWith=resuv
[w8:qr:pro] [api] 200 mode=pro startsWith=resuv (476ms direct)
[w8:qr:pro] "resuv" → 0 records, 0 words
[w8:qr:pro] "resuv" branch complete
[w8:qr:pro] Saved 24,299 worker words
[w8:qr:pro] Searching "resuw" | queue=141 | words=24299
[w8:qr:pro] Pacing 15s before "resuw" (gap=15500ms)
[w8:qr:pro] Turnstile token present (len=816)
[w8:qr:pro] Site Turnstile token (27702ms)
[w8:qr:pro] heartbeat words=24299 queue=141 rotation=11 idle=1s
[w8:qr:pro] [api] 200 mode=pro startsWith=resuw
[w8:qr:pro] [api] 200 mode=pro startsWith=resuw (651ms direct)
[w8:qr:pro] "resuw" → 0 records, 0 words
[w8:qr:pro] "resuw" branch complete
[w8:qr:pro] Saved 24,299 worker words
[w8:qr:pro] Searching "resux" | queue=140 | words=24299
[w8:qr:pro] Pacing 15s before "resux" (gap=15500ms)
[w8:qr:pro] Turnstile token present (len=816)
[w8:qr:pro] Site Turnstile token (23724ms)
[w8:qr:pro] [api] 200 mode=pro startsWith=resux
[w8:qr:pro] [api] 200 mode=pro startsWith=resux (593ms direct)
[w8:qr:pro] "resux" → 0 records, 0 words
[w8:qr:pro] "resux" branch complete
[w8:qr:pro] Saved 24,299 worker words; shared last.txt now 295,581
[w8:qr:pro] Searching "resuy" | queue=139 | words=24299
[w8:qr:pro] Pacing 3s before "resuy" (gap=15500ms)
[w8:qr:pro] Site Turnstile remint timed out (24907ms)
[w8:qr:pro] heartbeat words=24299 queue=139 rotation=11 idle=10s
[w8:qr:pro] Site Turnstile remint timed out (23296ms)
[w8:qr:pro] Site Turnstile remint timed out (22637ms)
[w8:qr:pro] heartbeat words=24299 queue=139 rotation=11 idle=24s
[w8:qr:pro] Site Turnstile remint timed out (26463ms)
[w8:qr:pro] Site Turnstile remint timed out (24402ms)
[w8:qr:pro] Failed "resuy" attempt 1: No Turnstile token for direct search
[w8:qr:pro] Saved 24,299 worker words
[w8:qr:pro] Turnstile miss — soft reload before rotate
[w8:qr:pro] Turnstile mint hard timeout after 15000ms
[w8:qr:pro] Soft reload mint failed — rotating immediately
[w8:qr:pro] Turnstile token present (len=816)
[w8:qr:pro] Site Turnstile token (17563ms)
[w8:qr:pro] heartbeat words=24299 queue=140 rotation=12 idle=8s
[w8:qr:pro] Starting Tor gen=13 socks=127.0.0.1:19058 (try 1)
[w8:qr:pro] tor: Aug 05 10:42:46.440 [notice] Opening Socks listener on 127.0.0.1:19058
Aug 05 10:42:46.440 [notice] Opened Socks listener connection (ready) on 127.0.0.1:19058

[w8:qr:pro] Tor exited code=0
[w8:qr:pro] tor: Aug 05 10:42:49.000 [notice] Bootstrapped 0% (starting): Starting
Aug 05 10:42:49.000 [notice] Starting with guard context "default"
[w8:qr:pro] tor: Aug 05 10:42:50.000 [notice] Bootstrapped 5% (conn): Connecting to a relay
Aug 05 10:42:50.000 [notice] Bootstrapped 10% (conn_done): Connected to a relay
[w8:qr:pro] tor: Aug 05 10:42:51.000 [notice] Bootstrapped 14% (handshake): Handshaking with a relay
[w8:qr:pro] tor: Aug 05 10:42:52.000 [notice] Bootstrapped 15% (handshake_done): Handshake with a relay done
Aug 05 10:42:52.000 [notice] Bootstrapped 20% (onehop_create): Estab
[w8:qr:pro] tor: Aug 05 10:42:52.000 [notice] Bootstrapped 25% (requesting_status): Asking for networkstatus consensus
[w8:qr:pro] tor: Aug 05 10:42:52.000 [notice] Bootstrapped 30% (loading_status): Loading networkstatus consensus
[w8:qr:pro] tor: Aug 05 10:42:56.000 [notice] Bootstrapped 40% (loading_keys): Loading authority key certs
[w8:qr:pro] tor: Aug 05 10:42:58.000 [notice] Bootstrapped 45% (requesting_descriptors): Asking for relay descriptors
Aug 05 10:42:58.000 [notice] I learned some more directory 
[w8:qr:pro] tor: Aug 05 10:43:00.000 [notice] Bootstrapped 50% (loading_descriptors): Loading relay descriptors
[w8:qr:pro] tor: Aug 05 10:43:29.000 [notice] Bootstrapped 55% (loading_descriptors): Loading relay descriptors
[w8:qr:pro] tor: Aug 05 10:43:36.000 [notice] Bootstrapped 61% (loading_descriptors): Loading relay descriptors
[w8:qr:pro] tor: Aug 05 10:43:38.000 [notice] Bootstrapped 67% (loading_descriptors): Loading relay descriptors
[w8:qr:pro] tor: Aug 05 10:43:43.000 [notice] Bootstrapped 75% (enough_dirinfo): Loaded enough directory info to build circuits
[w8:qr:pro] tor: Aug 05 10:43:44.000 [notice] Bootstrapped 90% (ap_handshake_done): Handshake finished with a relay to build circuits
Aug 05 10:43:44.000 [notice] Bootstrapped 9
[w8:qr:pro] heartbeat words=24299 queue=140 rotation=12 idle=0s
[w8:qr:pro] tor: Aug 05 10:43:46.000 [notice] Bootstrapped 100% (done): Done
[w8:qr:pro] Tor ready on 19058 exit=45.84.107.97
[w8:qr:pro] Rotating IP (#12, try 1) after No Turnstile token for direct search → tor#13 socks5://127.0.0.1:19058
[w8:qr:pro] Launching persistent Chrome profile /tmp/lll-pw-w8-r12
[w8:qr:pro] Proxy tor#13 socks5://127.0.0.1:19058
[w8:qr:pro] Opening https://lastletterlibrary.com
[w8:qr:pro] Library mode=pro
[w8:qr:pro] Site Turnstile remint timed out (24531ms)
[w8:qr:pro] Search mode=direct (skip UI Wait Ns… gate)
[w8:qr:pro] Cleaned 1 old rotated profile(s)
[w8:qr:pro] heartbeat words=24299 queue=140 rotation=12 idle=0s
[w8:qr:pro] Browser exit IP=185.220.101.6 (unique)
[w8:qr:pro] Searching "resuy" | queue=139 | words=24299
[w8:qr:pro] Site Turnstile remint timed out (23819ms)
[w8:qr:pro] Site Turnstile remint timed out (23901ms)
[w8:qr:pro] heartbeat words=24299 queue=139 rotation=12 idle=13s
[w8:qr:pro] Turnstile token present (len=816)
[w8:qr:pro] Site Turnstile token (20920ms)
[w8:qr:pro] [api] 200 mode=pro startsWith=resuy
[w8:qr:pro] [api] 200 mode=pro startsWith=resuy (643ms direct)
[w8:qr:pro] "resuy" → 0 records, 0 words
[w8:qr:pro] "resuy" branch complete
[w8:qr:pro] Saved 24,299 worker words
[w8:qr:pro] Searching "resuz" | queue=138 | words=24299
[w8:qr:pro] Pacing 14s before "resuz" (gap=15500ms)
[w8:qr:pro] Site Turnstile remint timed out (24221ms)
[w8:qr:pro] Site Turnstile remint timed out (26655ms)
[w8:qr:pro] heartbeat words=24299 queue=138 rotation=12 idle=0s
[w8:qr:pro] Turnstile mint hard timeout after 28000ms
[w8:qr:pro] Turnstile mint hard timeout after 28000ms
[w8:qr:pro] Failed "resuz" attempt 1: No Turnstile token for direct search
[w8:qr:pro] Saved 24,299 worker words
[w8:qr:pro] Turnstile miss — soft reload before rotate
[w8:qr:pro] heartbeat words=24299 queue=139 rotation=12 idle=5s
[w8:qr:pro] Site Turnstile remint timed out (86448ms)
[w8:qr:pro] Turnstile mint hard timeout after 15000ms
[w8:qr:pro] Soft reload mint failed — rotating immediately
[w8:qr:pro] Site Turnstile remint timed out (73805ms)
[w8:qr:pro] Site Turnstile remint timed out (31490ms)
[w8:qr:pro] Starting Tor gen=14 socks=127.0.0.1:19058 (try 1)
[w8:qr:pro] tor: Aug 05 10:48:31.716 [notice] Opening Socks listener on 127.0.0.1:19058
Aug 05 10:48:31.716 [notice] Opened Socks listener connection (ready) on 127.0.0.1:19058

[w8:qr:pro] Tor exited code=0
[w8:qr:pro] tor: Aug 05 10:48:34.000 [notice] Bootstrapped 0% (starting): Starting
Aug 05 10:48:34.000 [notice] Starting with guard context "default"
[w8:qr:pro] tor: Aug 05 10:48:35.000 [notice] Bootstrapped 5% (conn): Connecting to a relay
Aug 05 10:48:35.000 [notice] Bootstrapped 10% (conn_done): Connected to a relay
[w8:qr:pro] tor: Aug 05 10:48:36.000 [notice] Bootstrapped 14% (handshake): Handshaking with a relay
[w8:qr:pro] tor: Aug 05 10:48:37.000 [notice] Bootstrapped 15% (handshake_done): Handshake with a relay done
Aug 05 10:48:37.000 [notice] Bootstrapped 20% (onehop_create): Estab
[w8:qr:pro] tor: Aug 05 10:48:37.000 [notice] Bootstrapped 25% (requesting_status): Asking for networkstatus consensus
[w8:qr:pro] tor: Aug 05 10:48:37.000 [notice] Bootstrapped 30% (loading_status): Loading networkstatus consensus
[w8:qr:pro] tor: Aug 05 10:48:41.000 [notice] Bootstrapped 40% (loading_keys): Loading authority key certs
[w8:qr:pro] tor: Aug 05 10:48:42.000 [notice] Bootstrapped 45% (requesting_descriptors): Asking for relay descriptors
Aug 05 10:48:42.000 [notice] I learned some more directory 
[w8:qr:pro] tor: Aug 05 10:48:43.000 [notice] Bootstrapped 50% (loading_descriptors): Loading relay descriptors
[w8:qr:pro] heartbeat words=24299 queue=139 rotation=13 idle=4s
[w8:qr:pro] tor: Aug 05 10:48:54.000 [notice] Bootstrapped 55% (loading_descriptors): Loading relay descriptors
[w8:qr:pro] tor: Aug 05 10:48:54.000 [notice] Bootstrapped 61% (loading_descriptors): Loading relay descriptors
[w8:qr:pro] tor: Aug 05 10:48:54.000 [notice] Bootstrapped 67% (loading_descriptors): Loading relay descriptors
[w8:qr:pro] tor: Aug 05 10:48:55.000 [notice] Bootstrapped 75% (enough_dirinfo): Loaded enough directory info to build circuits
[w8:qr:pro] tor: Aug 05 10:48:55.000 [notice] Bootstrapped 90% (ap_handshake_done): Handshake finished with a relay to build circuits
Aug 05 10:48:55.000 [notice] Bootstrapped 9
[w8:qr:pro] tor: Aug 05 10:48:56.000 [notice] Bootstrapped 100% (done): Done
[w8:qr:pro] Tor ready on 19058 exit=192.42.116.144
[w8:qr:pro] Rotating IP (#13, try 1) after No Turnstile token for direct search → tor#14 socks5://127.0.0.1:19058
[w8:qr:pro] Launching persistent Chrome profile /tmp/lll-pw-w8-r13
[w8:qr:pro] Proxy tor#14 socks5://127.0.0.1:19058
[w8:qr:pro] Opening https://lastletterlibrary.com
[w8:qr:pro] Library mode=pro
[w8:qr:pro] Managed Turnstile token (len=816, 16217ms, remount)
[w8:qr:pro] Search mode=direct (skip UI Wait Ns… gate)
[w8:qr:pro] Cleaned 1 old rotated profile(s)
[w8:qr:pro] Browser exit IP=192.42.116.144 (unique)
[w8:qr:pro] Searching "resuz" | queue=138 | words=24299
[w8:qr:pro] [api] 200 mode=pro startsWith=resuz
[w8:qr:pro] [api] 200 mode=pro startsWith=resuz (808ms direct)
[w8:qr:pro] "resuz" → 0 records, 0 words
[w8:qr:pro] "resuz" branch complete
[w8:qr:pro] Saved 24,299 worker words
[w8:qr:pro] Searching "retax" | queue=137 | words=24299
[w8:qr:pro] Pacing 15s before "retax" (gap=15500ms)
[w8:qr:pro] Managed Turnstile token (len=816, 6939ms, reset)
[w8:qr:pro] [api] 200 mode=pro startsWith=retax
[w8:qr:pro] [api] 200 mode=pro startsWith=retax (665ms direct)
[w8:qr:pro] "retax" → 5 records, 5 words (incl. exact "retax")
[w8:qr:pro] "retax" branch complete
[w8:qr:pro] Saved 24,299 worker words
[w8:qr:pro] Searching "retay" | queue=136 | words=24299
[w8:qr:pro] Pacing 15s before "retay" (gap=15500ms)
[w8:qr:pro] heartbeat words=24299 queue=136 rotation=13 idle=4s
[w8:qr:pro] Managed Turnstile token (len=816, 7849ms, reset)
[w8:qr:pro] [api] 200 mode=pro startsWith=retay
[w8:qr:pro] [api] 200 mode=pro startsWith=retay (850ms direct)
[w8:qr:pro] "retay" → 0 records, 0 words
[w8:qr:pro] "retay" branch complete
[w8:qr:pro] Saved 24,299 worker words
[w8:qr:pro] Searching "retaz" | queue=135 | words=24299
[w8:qr:pro] Pacing 15s before "retaz" (gap=15500ms)
[w8:qr:pro] Managed Turnstile token (len=816, 8053ms, reset)
[w8:qr:pro] [api] 200 mode=pro startsWith=retaz
[w8:qr:pro] [api] 200 mode=pro startsWith=retaz (749ms direct)
[w8:qr:pro] "retaz" → 0 records, 0 words
[w8:qr:pro] "retaz" branch complete
[w8:qr:pro] Saved 24,299 worker words
[w8:qr:pro] Searching "retin" | queue=134 | words=24299
[w8:qr:pro] Pacing 14s before "retin" (gap=15500ms)
[w8:qr:pro] Managed Turnstile token (len=816, 12489ms, reset)
[w8:qr:pro] [api] 200 mode=pro startsWith=retin
[w8:qr:pro] [api] 200 mode=pro startsWith=retin (870ms direct)
[w8:qr:pro] "retin" → 76 records, 76 words (incl. exact "retin")
[w8:qr:pro] "retin" branch complete
[w8:qr:pro] Saved 24,299 worker words; shared last.txt now 297,373
[w8:qr:pro] Searching "retit" | queue=133 | words=24299
[w8:qr:pro] heartbeat words=24299 queue=133 rotation=13 idle=2s
[w8:qr:pro] Turnstile token present (len=816)
[w8:qr:pro] Site Turnstile token (23928ms)
[w8:qr:pro] [api] 200 mode=pro startsWith=retit
[w8:qr:pro] [api] 200 mode=pro startsWith=retit (1904ms direct)
[w8:qr:pro] "retit" → 4 records, 4 words
[w8:qr:pro] "retit" branch complete
[w8:qr:pro] Saved 24,299 worker words
[w8:qr:pro] Searching "retiu" | queue=132 | words=24299
[w8:qr:pro] Pacing 12s before "retiu" (gap=15500ms)
[w8:qr:pro] Turnstile token present (len=816)
[w8:qr:pro] Site Turnstile token (21116ms)
[w8:qr:pro] [api] 200 mode=pro startsWith=retiu
[w8:qr:pro] [api] 200 mode=pro startsWith=retiu (1219ms direct)
[w8:qr:pro] "retiu" → 0 records, 0 words
[w8:qr:pro] "retiu" branch complete
[w8:qr:pro] Saved 24,299 worker words
[w8:qr:pro] Searching "retiv" | queue=131 | words=24299
[w8:qr:pro] Pacing 10s before "retiv" (gap=15500ms)
[w8:qr:pro] heartbeat words=24299 queue=131 rotation=13 idle=22s
[w8:qr:pro] Turnstile mint hard timeout after 28000ms
[w8:qr:pro] Turnstile token present (len=816)
[w8:qr:pro] Site Turnstile token (29565ms)
[w8:qr:pro] Turnstile mint hard timeout after 28000ms
[w8:qr:pro] Site Turnstile remint timed out (33127ms)
[w8:qr:pro] Managed Turnstile token (len=816, 16899ms, remount)
[w8:qr:pro] [api] 200 mode=pro startsWith=retiv
[w8:qr:pro] [api] 200 mode=pro startsWith=retiv (893ms direct)
[w8:qr:pro] "retiv" → 0 records, 0 words
[w8:qr:pro] "retiv" branch complete
[w8:qr:pro] Saved 24,299 worker words
[w8:qr:pro] Searching "retiw" | queue=130 | words=24299
[w8:qr:pro] Pacing 15s before "retiw" (gap=15500ms)
[w8:qr:pro] Managed Turnstile token (len=816, 7971ms, reset)
[w8:qr:pro] heartbeat words=24299 queue=130 rotation=13 idle=3s
[w8:qr:pro] [api] 200 mode=pro startsWith=retiw
[w8:qr:pro] [api] 200 mode=pro startsWith=retiw (626ms direct)
[w8:qr:pro] "retiw" → 0 records, 0 words
[w8:qr:pro] "retiw" branch complete
[w8:qr:pro] Saved 24,299 worker words
[w8:qr:pro] Searching "retix" | queue=129 | words=24299
[w8:qr:pro] Pacing 15s before "retix" (gap=15500ms)
[w8:qr:pro] Managed Turnstile token (len=816, 7296ms, reset)
[w8:qr:pro] [api] 200 mode=pro startsWith=retix
[w8:qr:pro] [api] 200 mode=pro startsWith=retix (586ms direct)
[w8:qr:pro] "retix" → 0 records, 0 words
[w8:qr:pro] "retix" branch complete
[w8:qr:pro] Saved 24,299 worker words
[w8:qr:pro] Searching "retiy" | queue=128 | words=24299
[w8:qr:pro] Pacing 15s before "retiy" (gap=15500ms)
[w8:qr:pro] Managed Turnstile token (len=816, 9511ms, reset)
[w8:qr:pro] [api] 200 mode=pro startsWith=retiy
[w8:qr:pro] [api] 200 mode=pro startsWith=retiy (730ms direct)
[w8:qr:pro] "retiy" → 0 records, 0 words
[w8:qr:pro] "retiy" branch complete
[w8:qr:pro] Saved 24,299 worker words
[w8:qr:pro] Searching "retiz" | queue=127 | words=24299
[w8:qr:pro] Pacing 15s before "retiz" (gap=15500ms)
[w8:qr:pro] Managed Turnstile token (len=816, 13225ms, reset)
[w8:qr:pro] [api] 200 mode=pro startsWith=retiz
[w8:qr:pro] [api] 200 mode=pro startsWith=retiz (654ms direct)
[w8:qr:pro] "retiz" → 0 records, 0 words
[w8:qr:pro] "retiz" branch complete
[w8:qr:pro] Saved 24,299 worker words
[w8:qr:pro] Searching "retra" | queue=126 | words=24299
[w8:qr:pro] Pacing 14s before "retra" (gap=15500ms)
[w8:qr:pro] heartbeat words=24299 queue=126 rotation=13 idle=8s
[w8:qr:pro] Managed Turnstile token (len=816, 18078ms, reset)
[w8:qr:pro] [api] 200 mode=pro startsWith=retra
[w8:qr:pro] [api] 200 mode=pro startsWith=retra (1648ms direct)
[w8:qr:pro] "retra" → 100 records, 100 words
[w8:qr:pro] Pacing 14s before "retra" (gap=15500ms)
[w8:qr:pro] Turnstile mint hard timeout after 28000ms
[w8:qr:pro] heartbeat words=24299 queue=126 rotation=13 idle=20s
[w8:qr:pro] Turnstile mint hard timeout after 28000ms
[w8:qr:pro] Site Turnstile remint timed out (29312ms)
[w8:qr:pro] Turnstile mint hard timeout after 28000ms
[w8:qr:pro] Site Turnstile remint timed out (32295ms)
[w8:qr:pro] heartbeat words=24299 queue=126 rotation=13 idle=19s
[w8:qr:pro] Turnstile mint hard timeout after 28000ms
[w8:qr:pro] "retra" reverse search failed (No Turnstile token for direct search); forward-only
[w8:qr:pro] "retra" full page ends at "retransportation" (next='n'); skip 15 covered groups → 13 children from retran..
[w8:qr:pro] Site Turnstile remint timed out (36043ms)
[w8:qr:pro] Saved 24,299 worker words; shared last.txt now 297,954
[w8:qr:pro] Searching "retrb" | queue=138 | words=24299
[w8:qr:pro] Managed Turnstile token (len=816, 8017ms, remount)
[w8:qr:pro] [api] 200 mode=pro startsWith=retrb
[w8:qr:pro] [api] 200 mode=pro startsWith=retrb (652ms direct)
[w8:qr:pro] "retrb" → 0 records, 0 words
[w8:qr:pro] "retrb" branch complete
[w8:qr:pro] Saved 24,299 worker words
[w8:qr:pro] Searching "retrc" | queue=137 | words=24299
[w8:qr:pro] Pacing 15s before "retrc" (gap=15500ms)
[w8:qr:pro] Managed Turnstile token (len=816, 7503ms, reset)
[w8:qr:pro] [api] 200 mode=pro startsWith=retrc
[w8:qr:pro] [api] 200 mode=pro startsWith=retrc (718ms direct)
[w8:qr:pro] "retrc" → 0 records, 0 words
[w8:qr:pro] "retrc" branch complete
[w8:qr:pro] Saved 24,299 worker words
[w8:qr:pro] Searching "retrd" | queue=136 | words=24299
[w8:qr:pro] Pacing 15s before "retrd" (gap=15500ms)
[w8:qr:pro] heartbeat words=24299 queue=136 rotation=13 idle=4s
[w8:qr:pro] Turnstile token present (len=816)
[w8:qr:pro] Site Turnstile token (21425ms)
[w8:qr:pro] [api] 200 mode=pro startsWith=retrd
[w8:qr:pro] [api] 200 mode=pro startsWith=retrd (1915ms direct)
[w8:qr:pro] "retrd" → 0 records, 0 words
[w8:qr:pro] "retrd" branch complete
[w8:qr:pro] Saved 24,299 worker words
[w8:qr:pro] Searching "retre" | queue=135 | words=24299
[w8:qr:pro] Pacing 8s before "retre" (gap=15500ms)
[w8:qr:pro] Turnstile mint hard timeout after 28000ms
[w8:qr:pro] Site Turnstile remint timed out (33278ms)
[w8:qr:pro] heartbeat words=24299 queue=135 rotation=13 idle=6s
[w8:qr:pro] Turnstile mint hard timeout after 28000ms
[w8:qr:pro] Site Turnstile remint timed out (30644ms)
[w8:qr:pro] Turnstile mint hard timeout after 28000ms
[w8:qr:pro] Site Turnstile remint timed out (36937ms)
[w8:qr:pro] heartbeat words=24299 queue=135 rotation=13 idle=6s
[w8:qr:pro] Turnstile mint hard timeout after 28000ms
[w8:qr:pro] Failed "retre" attempt 1: No Turnstile token for direct search
[w8:qr:pro] Saved 24,299 worker words
[w8:qr:pro] Turnstile miss — soft reload before rotate
[w8:qr:pro] Site Turnstile remint timed out (42727ms)
[w8:qr:pro] Site Turnstile remint timed out (318234ms)
[w8:qr:pro] Site Turnstile remint timed out (12630ms)
[w8:qr:pro] Soft reload mint failed — rotating immediately
[w8:qr:pro] Tor exited code=0
[w8:qr:pro] Starting Tor gen=15 socks=127.0.0.1:19058 (try 1)
[w8:qr:pro] tor: Aug 05 10:59:28.785 [notice] Opening Socks listener on 127.0.0.1:19058
Aug 05 10:59:28.785 [notice] Opened Socks listener connection (ready) on 127.0.0.1:19058

[w8:qr:pro] tor: Aug 05 10:59:29.000 [notice] Bootstrapped 0% (starting): Starting
[w8:qr:pro] tor: Aug 05 10:59:30.000 [notice] Bootstrapped 5% (conn): Connecting to a relay
[w8:qr:pro] tor: Aug 05 10:59:30.000 [notice] Bootstrapped 10% (conn_done): Connected to a relay
[w8:qr:pro] tor: Aug 05 10:59:36.000 [notice] Bootstrapped 14% (handshake): Handshaking with a relay
[w8:qr:pro] tor: Aug 05 10:59:36.000 [notice] Bootstrapped 15% (handshake_done): Handshake with a relay done
[w8:qr:pro] tor: Aug 05 10:59:36.000 [notice] Bootstrapped 20% (onehop_create): Establishing an encrypted directory connection
[w8:qr:pro] tor: Aug 05 10:59:36.000 [notice] Bootstrapped 25% (requesting_status): Asking for networkstatus consensus
[w8:qr:pro] tor: Aug 05 10:59:36.000 [notice] Bootstrapped 30% (loading_status): Loading networkstatus consensus
[w8:qr:pro] tor: Aug 05 10:59:37.000 [notice] Bootstrapped 40% (loading_keys): Loading authority key certs
[w8:qr:pro] tor: Aug 05 10:59:38.000 [notice] Bootstrapped 45% (requesting_descriptors): Asking for relay descriptors
Aug 05 10:59:38.000 [notice] I learned some more directory 
[w8:qr:pro] tor: Aug 05 10:59:39.000 [notice] Bootstrapped 50% (loading_descriptors): Loading relay descriptors
[w8:qr:pro] tor: Aug 05 10:59:45.000 [notice] Bootstrapped 55% (loading_descriptors): Loading relay descriptors
[w8:qr:pro] heartbeat words=24299 queue=136 rotation=14 idle=3s
[w8:qr:pro] tor: Aug 05 11:00:02.000 [notice] Bootstrapped 61% (loading_descriptors): Loading relay descriptors
[w8:qr:pro] tor: Aug 05 11:00:04.000 [notice] Bootstrapped 67% (loading_descriptors): Loading relay descriptors
[w8:qr:pro] tor: Aug 05 11:00:04.000 [notice] Bootstrapped 75% (enough_dirinfo): Loaded enough directory info to build circuits
[w8:qr:pro] tor: Aug 05 11:00:05.000 [notice] Bootstrapped 90% (ap_handshake_done): Handshake finished with a relay to build circuits
Aug 05 11:00:05.000 [notice] Bootstrapped 9
[w8:qr:pro] tor: Aug 05 11:00:06.000 [notice] Bootstrapped 100% (done): Done
[w8:qr:pro] Tor ready on 19058 exit=185.220.101.4
[w8:qr:pro] Rotating IP (#14, try 1) after No Turnstile token for direct search → tor#15 socks5://127.0.0.1:19058
[w8:qr:pro] Launching persistent Chrome profile /tmp/lll-pw-w8-r14
[w8:qr:pro] Proxy tor#15 socks5://127.0.0.1:19058
[w8:qr:pro] Opening https://lastletterlibrary.com
[w8:qr:pro] Library mode=pro
[w8:qr:pro] Managed Turnstile token (len=816, 7451ms, remount)
[w8:qr:pro] Search mode=direct (skip UI Wait Ns… gate)
[w8:qr:pro] Cleaned 1 old rotated profile(s)
[w8:qr:pro] Browser exit IP=88.80.26.2 (unique)
[w8:qr:pro] Searching "retre" | queue=135 | words=24299
[w8:qr:pro] [api] 200 mode=pro startsWith=retre
[w8:qr:pro] [api] 200 mode=pro startsWith=retre (782ms direct)
[w8:qr:pro] "retre" → 30 records, 30 words
[w8:qr:pro] "retre" branch complete
[w8:qr:pro] Saved 24,329 worker words
[w8:qr:pro] Searching "retrf" | queue=134 | words=24329
[w8:qr:pro] Pacing 15s before "retrf" (gap=15500ms)
[w8:qr:pro] Managed Turnstile token (len=816, 5877ms, reset)
[w8:qr:pro] [api] 200 mode=pro startsWith=retrf
[w8:qr:pro] [api] 200 mode=pro startsWith=retrf (596ms direct)
[w8:qr:pro] "retrf" → 0 records, 0 words
[w8:qr:pro] "retrf" branch complete
[w8:qr:pro] Saved 24,329 worker words
[w8:qr:pro] Searching "retrg" | queue=133 | words=24329
[w8:qr:pro] Pacing 15s before "retrg" (gap=15500ms)
[w8:qr:pro] Managed Turnstile token (len=816, 5587ms, reset)
[w8:qr:pro] heartbeat words=24329 queue=133 rotation=14 idle=2s
[w8:qr:pro] [api] 200 mode=pro startsWith=retrg
[w8:qr:pro] [api] 200 mode=pro startsWith=retrg (946ms direct)
[w8:qr:pro] "retrg" → 0 records, 0 words
[w8:qr:pro] "retrg" branch complete
[w8:qr:pro] Saved 24,329 worker words
[w8:qr:pro] Searching "retrh" | queue=132 | words=24329
[w8:qr:pro] Pacing 15s before "retrh" (gap=15500ms)
[w8:qr:pro] Managed Turnstile token (len=816, 7163ms, reset)
[w8:qr:pro] [api] 200 mode=pro startsWith=retrh
[w8:qr:pro] [api] 200 mode=pro startsWith=retrh (567ms direct)
[w8:qr:pro] "retrh" → 0 records, 0 words
[w8:qr:pro] "retrh" branch complete
[w8:qr:pro] Saved 24,329 worker words; shared last.txt now 298,806
[w8:qr:pro] Searching "retri" | queue=131 | words=24329
[w8:qr:pro] Pacing 9s before "retri" (gap=15500ms)
[w8:qr:pro] Managed Turnstile token (len=816, 11559ms, reset)
[w8:qr:pro] [api] 200 mode=pro startsWith=retri
[w8:qr:pro] [api] 200 mode=pro startsWith=retri (552ms direct)
[w8:qr:pro] "retri" → 42 records, 42 words
[w8:qr:pro] "retri" branch complete
[w8:qr:pro] Saved 24,371 worker words
[w8:qr:pro] Searching "retrj" | queue=130 | words=24371
[w8:qr:pro] Pacing 11s before "retrj" (gap=15500ms)
[w8:qr:pro] Managed Turnstile token (len=816, 11475ms, reset)
[w8:qr:pro] [api] 429 mode=pro startsWith=retrj
[w8:qr:pro] [api] 429 mode=pro startsWith=retrj (471ms direct)
[w8:qr:pro] Learned server gap ≈ 15500ms (wait hint 2000ms)
[w8:qr:pro] Rate limited — inline wait 2000ms then retry "retrj"
[w8:qr:pro] heartbeat words=24371 queue=130 rotation=14 idle=5s
[w8:qr:pro] Turnstile token present (len=816)
[w8:qr:pro] Site Turnstile token (21590ms)
[w8:qr:pro] [api] 200 mode=pro startsWith=retrj
[w8:qr:pro] [api] 200 mode=pro startsWith=retrj (550ms direct)
[w8:qr:pro] "retrj" → 0 records, 0 words
[w8:qr:pro] "retrj" branch complete
[w8:qr:pro] Saved 24,371 worker words
[w8:qr:pro] Searching "retrk" | queue=129 | words=24371
[w8:qr:pro] Pacing 15s before "retrk" (gap=15500ms)
[w8:qr:pro] Turnstile token present (len=816)
[w8:qr:pro] Site Turnstile token (20255ms)
[w8:qr:pro] [api] 200 mode=pro startsWith=retrk
[w8:qr:pro] [api] 200 mode=pro startsWith=retrk (438ms direct)
[w8:qr:pro] "retrk" → 0 records, 0 words
[w8:qr:pro] "retrk" branch complete
[w8:qr:pro] Saved 24,371 worker words
[w8:qr:pro] Searching "retrl" | queue=128 | words=24371
[w8:qr:pro] Pacing 15s before "retrl" (gap=15500ms)
[w8:qr:pro] Managed Turnstile token (len=816, 5473ms, remount)
[w8:qr:pro] [api] 200 mode=pro startsWith=retrl
[w8:qr:pro] [api] 200 mode=pro startsWith=retrl (665ms direct)
[w8:qr:pro] "retrl" → 0 records, 0 words
[w8:qr:pro] "retrl" branch complete
[w8:qr:pro] Saved 24,371 worker words
[w8:qr:pro] Searching "retrm" | queue=127 | words=24371
[w8:qr:pro] Pacing 15s before "retrm" (gap=15500ms)
[w8:qr:pro] Managed Turnstile token (len=816, 5589ms, reset)
[w8:qr:pro] heartbeat words=24371 queue=127 rotation=14 idle=0s
[w8:qr:pro] [api] 200 mode=pro startsWith=retrm
[w8:qr:pro] [api] 200 mode=pro startsWith=retrm (398ms direct)
[w8:qr:pro] "retrm" → 0 records, 0 words
[w8:qr:pro] "retrm" branch complete
[w8:qr:pro] Saved 24,371 worker words
[w8:qr:pro] Searching "retrn" | queue=126 | words=24371
[w8:qr:pro] Pacing 16s before "retrn" (gap=15500ms)
[w8:qr:pro] Managed Turnstile token (len=816, 9107ms, reset)
[w8:qr:pro] [api] 200 mode=pro startsWith=retrn
[w8:qr:pro] [api] 200 mode=pro startsWith=retrn (603ms direct)
[w8:qr:pro] "retrn" → 0 records, 0 words
[w8:qr:pro] "retrn" branch complete
[w8:qr:pro] Saved 24,371 worker words
[w8:qr:pro] Searching "retro" | queue=125 | words=24371
[w8:qr:pro] Pacing 15s before "retro" (gap=15500ms)
[w8:qr:pro] Managed Turnstile token (len=816, 12301ms, reset)
[w8:qr:pro] [api] 200 mode=pro startsWith=retro
[w8:qr:pro] [api] 200 mode=pro startsWith=retro (1540ms direct)
[w8:qr:pro] "retro" → 100 records, 100 words (incl. exact "retro")
[w8:qr:pro] Pacing 13s before "retro" (gap=15500ms)
[w8:qr:pro] heartbeat words=24471 queue=125 rotation=14 idle=17s
[w8:qr:pro] Turnstile mint hard timeout after 28000ms
[w8:qr:pro] Site Turnstile remint timed out (30751ms)
[w8:qr:pro] Turnstile token present (len=816)
[w8:qr:pro] Site Turnstile token (26454ms)
[w8:qr:pro] [api] 200 mode=pro startsWith=retro
[w8:qr:pro] [api] 200 mode=pro startsWith=retro sort=alphabetical:desc (701ms direct)
[w8:qr:pro] "retro" full page ends at "retrogradely" (next='g'); skip 19 covered groups → 9 children reverse Z→A ends at "retrolental" (lo='l' hi='x'); skip 11 middle + 11 new words
[w8:qr:pro] Saved 24,482 worker words
[w8:qr:pro] Searching "retry" | queue=133 | words=24482
[w8:qr:pro] Pacing 14s before "retry" (gap=15500ms)
[w8:qr:pro] heartbeat words=24482 queue=133 rotation=14 idle=20s
[w8:qr:pro] Turnstile mint hard timeout after 28000ms
[w8:qr:pro] Turnstile token present (len=816)
[w8:qr:pro] Site Turnstile token (29443ms)
[w8:qr:pro] Turnstile mint hard timeout after 28000ms
[w8:qr:pro] Managed Turnstile token (len=816, 18439ms, remount)
[w8:qr:pro] [api] 200 mode=pro startsWith=retry
[w8:qr:pro] [api] 200 mode=pro startsWith=retry (521ms direct)
[w8:qr:pro] "retry" → 2 records, 2 words (incl. exact "retry")
[w8:qr:pro] "retry" branch complete
[w8:qr:pro] Saved 24,482 worker words; shared last.txt now 299,765
[w8:qr:pro] Searching "retrz" | queue=132 | words=24482
[w8:qr:pro] Pacing 13s before "retrz" (gap=15500ms)
[w8:qr:pro] heartbeat words=24482 queue=132 rotation=14 idle=3s
[w8:qr:pro] Managed Turnstile token (len=816, 9277ms, reset)
[w8:qr:pro] [api] 200 mode=pro startsWith=retrz
[w8:qr:pro] [api] 200 mode=pro startsWith=retrz (452ms direct)
[w8:qr:pro] "retrz" → 0 records, 0 words
[w8:qr:pro] "retrz" branch complete
[w8:qr:pro] Saved 24,482 worker words
[w8:qr:pro] Searching "reven" | queue=131 | words=24482
[w8:qr:pro] Pacing 15s before "reven" (gap=15500ms)
[w8:qr:pro] Managed Turnstile token (len=816, 10215ms, reset)
[w8:qr:pro] [api] 200 mode=pro startsWith=reven
[w8:qr:pro] [api] 200 mode=pro startsWith=reven (562ms direct)
[w8:qr:pro] "reven" → 40 records, 40 words
[w8:qr:pro] "reven" branch complete
[w8:qr:pro] Saved 24,483 worker words
[w8:qr:pro] Searching "reveo" | queue=130 | words=24483
[w8:qr:pro] Pacing 15s before "reveo" (gap=15500ms)
[w8:qr:pro] Site Turnstile remint timed out (27333ms)
[w8:qr:pro] heartbeat words=24483 queue=130 rotation=14 idle=7s
[w8:qr:pro] Managed Turnstile token (len=816, 16188ms, remount)
[w8:qr:pro] [api] 200 mode=pro startsWith=reveo
[w8:qr:pro] [api] 200 mode=pro startsWith=reveo (2021ms direct)
[w8:qr:pro] "reveo" → 0 records, 0 words
[w8:qr:pro] "reveo" branch complete
[w8:qr:pro] Saved 24,483 worker words
[w8:qr:pro] Searching "revep" | queue=129 | words=24483
[w8:qr:pro] Pacing 14s before "revep" (gap=15500ms)
[w8:qr:pro] Managed Turnstile token (len=816, 16285ms, reset)
[w8:qr:pro] [api] 200 mode=pro startsWith=revep
[w8:qr:pro] [api] 200 mode=pro startsWith=revep (455ms direct)
[w8:qr:pro] "revep" → 0 records, 0 words
[w8:qr:pro] "revep" branch complete
[w8:qr:pro] Saved 24,483 worker words
[w8:qr:pro] Searching "reveq" | queue=128 | words=24483
[w8:qr:pro] Pacing 13s before "reveq" (gap=15500ms)
[w8:qr:pro] Site Turnstile remint timed out (27329ms)
[w8:qr:pro] heartbeat words=24483 queue=128 rotation=14 idle=3s
[w8:qr:pro] Turnstile token present (len=816)
[w8:qr:pro] Site Turnstile token (26169ms)
[w8:qr:pro] [api] 200 mode=pro startsWith=reveq
[w8:qr:pro] [api] 200 mode=pro startsWith=reveq (685ms direct)
[w8:qr:pro] "reveq" → 0 records, 0 words
[w8:qr:pro] "reveq" branch complete
[w8:qr:pro] Saved 24,483 worker words
[w8:qr:pro] Searching "rever" | queue=127 | words=24483
[w8:qr:pro] Pacing 13s before "rever" (gap=15500ms)
[w8:qr:pro] Managed Turnstile token (len=816, 16973ms, remount)
[w8:qr:pro] [api] 200 mode=pro startsWith=rever
[w8:qr:pro] [api] 200 mode=pro startsWith=rever (559ms direct)
[w8:qr:pro] "rever" → 100 records, 100 words (incl. exact "rever")
[w8:qr:pro] Pacing 14s before "rever" (gap=15500ms)
[w8:qr:pro] heartbeat words=24527 queue=127 rotation=14 idle=15s
[w8:qr:pro] Managed Turnstile token (len=816, 18262ms, reset)
[w8:qr:pro] [api] 200 mode=pro startsWith=rever
[w8:qr:pro] [api] 200 mode=pro startsWith=rever sort=alphabetical:desc (488ms direct)
[w8:qr:pro] "rever" full page ends at "reversis" (next='s'); skip 26 covered groups → 2 children reverse Z→A ends at "reverbrate" (lo='b' hi='y'); skip 22 middle + 0 new words
[w8:qr:pro] Saved 24,527 worker words
[w8:qr:pro] Searching "revev" | queue=128 | words=24527
[w8:qr:pro] Pacing 14s before "revev" (gap=15500ms)
[w8:qr:pro] Turnstile token present (len=816)
[w8:qr:pro] Site Turnstile token (23894ms)
[w8:qr:pro] [api] 200 mode=pro startsWith=revev
[w8:qr:pro] [api] 200 mode=pro startsWith=revev (699ms direct)
[w8:qr:pro] "revev" → 1 records, 1 words
[w8:qr:pro] "revev" branch complete
[w8:qr:pro] Saved 24,527 worker words
[w8:qr:pro] Searching "revew" | queue=127 | words=24527
[w8:qr:pro] Pacing 13s before "revew" (gap=15500ms)
[w8:qr:pro] Managed Turnstile token (len=816, 13675ms, remount)
[w8:qr:pro] [api] 200 mode=pro startsWith=revew
[w8:qr:pro] [api] 200 mode=pro startsWith=revew (666ms direct)
[w8:qr:pro] "revew" → 0 records, 0 words
[w8:qr:pro] "revew" branch complete
[w8:qr:pro] Saved 24,527 worker words; shared last.txt now 300,254
[w8:qr:pro] Searching "revex" | queue=126 | words=24527
[w8:qr:pro] Pacing 14s before "revex" (gap=15500ms)
[w8:qr:pro] Managed Turnstile token (len=816, 8347ms, reset)
[w8:qr:pro] [api] 200 mode=pro startsWith=revex
[w8:qr:pro] [api] 200 mode=pro startsWith=revex (454ms direct)
[w8:qr:pro] "revex" → 0 records, 0 words
[w8:qr:pro] "revex" branch complete
[w8:qr:pro] Saved 24,527 worker words
[w8:qr:pro] Searching "revey" | queue=125 | words=24527
[w8:qr:pro] Pacing 16s before "revey" (gap=15500ms)
[w8:qr:pro] heartbeat words=24527 queue=125 rotation=14 idle=1s
[w8:qr:pro] Managed Turnstile token (len=816, 11485ms, reset)
[w8:qr:pro] [api] 200 mode=pro startsWith=revey
[w8:qr:pro] [api] 200 mode=pro startsWith=revey (435ms direct)
[w8:qr:pro] "revey" → 0 records, 0 words
[w8:qr:pro] "revey" branch complete
[w8:qr:pro] Saved 24,527 worker words
[w8:qr:pro] Searching "revez" | queue=124 | words=24527
[w8:qr:pro] Pacing 14s before "revez" (gap=15500ms)
[w8:qr:pro] Managed Turnstile token (len=816, 14536ms, reset)
[w8:qr:pro] [api] 200 mode=pro startsWith=revez
[w8:qr:pro] [api] 200 mode=pro startsWith=revez (682ms direct)
[w8:qr:pro] "revez" → 0 records, 0 words
[w8:qr:pro] "revez" branch complete
[w8:qr:pro] Saved 24,527 worker words
[w8:qr:pro] Searching "reviv" | queue=123 | words=24527
[w8:qr:pro] Pacing 14s before "reviv" (gap=15500ms)
[w8:qr:pro] Turnstile mint hard timeout after 28000ms
[w8:qr:pro] heartbeat words=24527 queue=123 rotation=14 idle=1s
[w8:qr:pro] Site Turnstile remint timed out (34152ms)
[w8:qr:pro] Site Turnstile remint timed out (23772ms)
[w8:qr:pro] Site Turnstile remint timed out (25290ms)
[w8:qr:pro] heartbeat words=24527 queue=123 rotation=14 idle=12s
[w8:qr:pro] Site Turnstile remint timed out (23696ms)
[w8:qr:pro] Site Turnstile remint timed out (23803ms)
[w8:qr:pro] Failed "reviv" attempt 1: No Turnstile token for direct search
[w8:qr:pro] Saved 24,527 worker words
[w8:qr:pro] Turnstile miss — soft reload before rotate
[w8:qr:pro] Site Turnstile remint timed out (458274ms)
[w8:qr:pro] Turnstile token present (len=816)
[w8:qr:pro] Site Turnstile token (8960ms)
[w8:qr:pro] Searching "reviv" | queue=123 | words=24527
[w8:qr:pro] [api] 200 mode=pro startsWith=reviv
[w8:qr:pro] [api] 200 mode=pro startsWith=reviv (639ms direct)
[w8:qr:pro] "reviv" → 44 records, 44 words
[w8:qr:pro] "reviv" branch complete
[w8:qr:pro] Saved 24,527 worker words
[w8:qr:pro] Searching "reviw" | queue=122 | words=24527
[w8:qr:pro] Pacing 14s before "reviw" (gap=15500ms)
[w8:qr:pro] Managed Turnstile token (len=816, 6785ms, remount)
[w8:qr:pro] heartbeat words=24527 queue=122 rotation=14 idle=3s
[w8:qr:pro] [api] 200 mode=pro startsWith=reviw
[w8:qr:pro] [api] 200 mode=pro startsWith=reviw (433ms direct)
[w8:qr:pro] "reviw" → 0 records, 0 words
[w8:qr:pro] "reviw" branch complete
[w8:qr:pro] Saved 24,527 worker words
[w8:qr:pro] Searching "revix" | queue=121 | words=24527
[w8:qr:pro] Pacing 15s before "revix" (gap=15500ms)
[w8:qr:pro] Managed Turnstile token (len=816, 10099ms, reset)
[w8:qr:pro] [api] 200 mode=pro startsWith=revix
[w8:qr:pro] [api] 200 mode=pro startsWith=revix (1072ms direct)
[w8:qr:pro] "revix" → 0 records, 0 words
[w8:qr:pro] "revix" branch complete
[w8:qr:pro] Saved 24,527 worker words
[w8:qr:pro] Searching "reviy" | queue=120 | words=24527
[w8:qr:pro] Pacing 12s before "reviy" (gap=15500ms)
[w8:qr:pro] Managed Turnstile token (len=816, 9050ms, reset)
[w8:qr:pro] [api] 429 mode=pro startsWith=reviy
[w8:qr:pro] [api] 429 mode=pro startsWith=reviy (424ms direct)
[w8:qr:pro] Learned server gap ≈ 15500ms (wait hint 2000ms)
[w8:qr:pro] Rate limited — inline wait 2000ms then retry "reviy"
[w8:qr:pro] Managed Turnstile token (len=816, 6213ms, reset)
[w8:qr:pro] [api] 200 mode=pro startsWith=reviy
[w8:qr:pro] [api] 200 mode=pro startsWith=reviy (492ms direct)
[w8:qr:pro] "reviy" → 0 records, 0 words
[w8:qr:pro] "reviy" branch complete
[w8:qr:pro] heartbeat words=24527 queue=120 rotation=14 idle=15s
[w8:qr:pro] Saved 24,527 worker words; shared last.txt now 301,080
[w8:qr:pro] Searching "reviz" | queue=119 | words=24527
[w8:qr:pro] Turnstile token present (len=816)
[w8:qr:pro] Site Turnstile token (22875ms)
[w8:qr:pro] [api] 200 mode=pro startsWith=reviz
[w8:qr:pro] [api] 200 mode=pro startsWith=reviz (499ms direct)
[w8:qr:pro] "reviz" → 0 records, 0 words
[w8:qr:pro] "reviz" branch complete
[w8:qr:pro] Saved 24,527 worker words
[w8:qr:pro] Searching "rhint" | queue=118 | words=24527
[w8:qr:pro] Pacing 9s before "rhint" (gap=15500ms)
[w8:qr:pro] Managed Turnstile token (len=816, 20109ms, remount)
[w8:qr:pro] [api] 200 mode=pro startsWith=rhint
[w8:qr:pro] [api] 200 mode=pro startsWith=rhint (1431ms direct)
[w8:qr:pro] "rhint" → 2 records, 2 words
[w8:qr:pro] "rhint" branch complete
[w8:qr:pro] Saved 24,527 worker words
[w8:qr:pro] Searching "rhinu" | queue=117 | words=24527
[w8:qr:pro] Pacing 12s before "rhinu" (gap=15500ms)
[w8:qr:pro] Site Turnstile remint timed out (25064ms)
[w8:qr:pro] heartbeat words=24527 queue=117 rotation=14 idle=2s
[w8:qr:pro] Managed Turnstile token (len=816, 12224ms, remount)
[w8:qr:pro] [api] 200 mode=pro startsWith=rhinu
[w8:qr:pro] [api] 200 mode=pro startsWith=rhinu (568ms direct)
[w8:qr:pro] "rhinu" → 0 records, 0 words
[w8:qr:pro] "rhinu" branch complete
[w8:qr:pro] Saved 24,527 worker words
[w8:qr:pro] Searching "rhinv" | queue=116 | words=24527
[w8:qr:pro] Pacing 15s before "rhinv" (gap=15500ms)
[w8:qr:pro] Managed Turnstile token (len=816, 4366ms, reset)
[w8:qr:pro] [api] 200 mode=pro startsWith=rhinv
[w8:qr:pro] [api] 200 mode=pro startsWith=rhinv (438ms direct)
[w8:qr:pro] "rhinv" → 0 records, 0 words
[w8:qr:pro] "rhinv" branch complete
[w8:qr:pro] Saved 24,527 worker words
[w8:qr:pro] Searching "rhinw" | queue=115 | words=24527
[w8:qr:pro] Pacing 16s before "rhinw" (gap=15500ms)
[w8:qr:pro] Managed Turnstile token (len=816, 5517ms, reset)
[w8:qr:pro] [api] 200 mode=pro startsWith=rhinw
[w8:qr:pro] [api] 200 mode=pro startsWith=rhinw (697ms direct)
[w8:qr:pro] "rhinw" → 0 records, 0 words
[w8:qr:pro] "rhinw" branch complete
[w8:qr:pro] Saved 24,527 worker words
[w8:qr:pro] Searching "rhinx" | queue=114 | words=24527
[w8:qr:pro] Pacing 13s before "rhinx" (gap=15500ms)
[w8:qr:pro] Managed Turnstile token (len=816, 7204ms, reset)
[w8:qr:pro] [api] 429 mode=pro startsWith=rhinx
[w8:qr:pro] [api] 429 mode=pro startsWith=rhinx (441ms direct)
[w8:qr:pro] Learned server gap ≈ 15500ms (wait hint 2000ms)
[w8:qr:pro] Rate limited — inline wait 2000ms then retry "rhinx"
[w8:qr:pro] heartbeat words=24527 queue=114 rotation=14 idle=2s
[w8:qr:pro] Managed Turnstile token (len=816, 9468ms, reset)
[w8:qr:pro] [api] 200 mode=pro startsWith=rhinx
[w8:qr:pro] [api] 200 mode=pro startsWith=rhinx (452ms direct)
[w8:qr:pro] "rhinx" → 0 records, 0 words
[w8:qr:pro] "rhinx" branch complete
[w8:qr:pro] Saved 24,527 worker words
[w8:qr:pro] Searching "rhiny" | queue=113 | words=24527
[w8:qr:pro] Pacing 15s before "rhiny" (gap=15500ms)
[w8:qr:pro] Turnstile mint hard timeout after 28000ms
[w8:qr:pro] heartbeat words=24527 queue=113 rotation=14 idle=24s
[w8:qr:pro] Turnstile token present (len=816)
[w8:qr:pro] Site Turnstile token (25732ms)
[w8:qr:pro] [api] 200 mode=pro startsWith=rhiny
[w8:qr:pro] [api] 200 mode=pro startsWith=rhiny (538ms direct)
[w8:qr:pro] "rhiny" → 0 records, 0 words
[w8:qr:pro] "rhiny" branch complete
[w8:qr:pro] Saved 24,527 worker words
[w8:qr:pro] Searching "rhinz" | queue=112 | words=24527
[w8:qr:pro] Pacing 12s before "rhinz" (gap=15500ms)
[w8:qr:pro] Turnstile token present (len=816)
[w8:qr:pro] Site Turnstile token (23744ms)
[w8:qr:pro] [api] 200 mode=pro startsWith=rhinz
[w8:qr:pro] [api] 200 mode=pro startsWith=rhinz (542ms direct)
[w8:qr:pro] "rhinz" → 0 records, 0 words
[w8:qr:pro] "rhinz" branch complete
[w8:qr:pro] Saved 24,527 worker words; shared last.txt now 302,022
[w8:qr:pro] Searching "rhizo" | queue=111 | words=24527
[w8:qr:pro] Pacing 2s before "rhizo" (gap=15500ms)
[w8:qr:pro] Site Turnstile remint timed out (24809ms)
[w8:qr:pro] heartbeat words=24527 queue=111 rotation=14 idle=7s
[w8:qr:pro] Site Turnstile remint timed out (26738ms)
[w8:qr:pro] Turnstile mint hard timeout after 28000ms
[w8:qr:pro] heartbeat words=24527 queue=111 rotation=14 idle=11s
[w8:qr:pro] Site Turnstile remint timed out (26289ms)
[w8:qr:pro] Failed "rhizo" attempt 1: No Turnstile token for direct search
[w8:qr:pro] Saved 24,527 worker words
[w8:qr:pro] Turnstile miss — soft reload before rotate
[w8:qr:pro] Site Turnstile remint timed out (63214ms)
[w8:qr:pro] Site Turnstile remint timed out (199068ms)
[w8:qr:pro] Turnstile token present (len=816)
[w8:qr:pro] Site Turnstile token (8804ms)
[w8:qr:pro] Searching "rhizo" | queue=111 | words=24527
[w8:qr:pro] [api] 200 mode=pro startsWith=rhizo
[w8:qr:pro] [api] 200 mode=pro startsWith=rhizo (492ms direct)
[w8:qr:pro] "rhizo" → 93 records, 93 words
[w8:qr:pro] "rhizo" branch complete
[w8:qr:pro] Saved 24,527 worker words
[w8:qr:pro] Searching "rhizp" | queue=110 | words=24527
[w8:qr:pro] Pacing 15s before "rhizp" (gap=15500ms)
[w8:qr:pro] Managed Turnstile token (len=816, 6028ms, remount)
[w8:qr:pro] [api] 200 mode=pro startsWith=rhizp
[w8:qr:pro] [api] 200 mode=pro startsWith=rhizp (582ms direct)
[w8:qr:pro] "rhizp" → 0 records, 0 words
[w8:qr:pro] "rhizp" branch complete
[w8:qr:pro] Saved 24,527 worker words
[w8:qr:pro] Searching "rhizq" | queue=109 | words=24527
[w8:qr:pro] Pacing 14s before "rhizq" (gap=15500ms)
[w8:qr:pro] Managed Turnstile token (len=816, 6373ms, reset)
[w8:qr:pro] heartbeat words=24527 queue=109 rotation=14 idle=6s
[w8:qr:pro] [api] 200 mode=pro startsWith=rhizq
[w8:qr:pro] [api] 200 mode=pro startsWith=rhizq (523ms direct)
[w8:qr:pro] "rhizq" → 0 records, 0 words
[w8:qr:pro] "rhizq" branch complete
[w8:qr:pro] Saved 24,527 worker words
[w8:qr:pro] Searching "rhizr" | queue=108 | words=24527
[w8:qr:pro] Pacing 14s before "rhizr" (gap=15500ms)
[w8:qr:pro] Managed Turnstile token (len=816, 15926ms, reset)
[w8:qr:pro] [api] 200 mode=pro startsWith=rhizr
[w8:qr:pro] [api] 200 mode=pro startsWith=rhizr (758ms direct)
[w8:qr:pro] "rhizr" → 0 records, 0 words
[w8:qr:pro] "rhizr" branch complete
[w8:qr:pro] Saved 24,527 worker words
[w8:qr:pro] Searching "rhizs" | queue=107 | words=24527
[w8:qr:pro] Pacing 12s before "rhizs" (gap=15500ms)
[w8:qr:pro] Managed Turnstile token (len=816, 13622ms, reset)
[w8:qr:pro] [api] 200 mode=pro startsWith=rhizs
[w8:qr:pro] [api] 200 mode=pro startsWith=rhizs (616ms direct)
[w8:qr:pro] "rhizs" → 0 records, 0 words
[w8:qr:pro] "rhizs" branch complete
[w8:qr:pro] Saved 24,527 worker words
[w8:qr:pro] Searching "rhizt" | queue=106 | words=24527
[w8:qr:pro] Pacing 14s before "rhizt" (gap=15500ms)
[w8:qr:pro] Managed Turnstile token (len=816, 5316ms, reset)
[w8:qr:pro] [api] 200 mode=pro startsWith=rhizt
[w8:qr:pro] [api] 200 mode=pro startsWith=rhizt (508ms direct)
[w8:qr:pro] "rhizt" → 0 records, 0 words
[w8:qr:pro] "rhizt" branch complete
[w8:qr:pro] Saved 24,527 worker words
[w8:qr:pro] Searching "rhizu" | queue=105 | words=24527
[w8:qr:pro] Pacing 15s before "rhizu" (gap=15500ms)
[w8:qr:pro] heartbeat words=24527 queue=105 rotation=14 idle=8s
[w8:qr:pro] Managed Turnstile token (len=816, 8721ms, reset)
[w8:qr:pro] [api] 200 mode=pro startsWith=rhizu
[w8:qr:pro] [api] 200 mode=pro startsWith=rhizu (438ms direct)
[w8:qr:pro] "rhizu" → 0 records, 0 words
[w8:qr:pro] "rhizu" branch complete
[w8:qr:pro] Saved 24,527 worker words; shared last.txt now 302,931
[w8:qr:pro] Searching "rhizv" | queue=104 | words=24527
[w8:qr:pro] Pacing 14s before "rhizv" (gap=15500ms)
[w8:qr:pro] Managed Turnstile token (len=816, 13679ms, reset)
[w8:qr:pro] [api] 200 mode=pro startsWith=rhizv
[w8:qr:pro] [api] 200 mode=pro startsWith=rhizv (556ms direct)
[w8:qr:pro] "rhizv" → 0 records, 0 words
[w8:qr:pro] "rhizv" branch complete
[w8:qr:pro] Saved 24,527 worker words
[w8:qr:pro] Searching "rhizw" | queue=103 | words=24527
[w8:qr:pro] Pacing 15s before "rhizw" (gap=15500ms)
[w8:qr:pro] Managed Turnstile token (len=816, 18129ms, reset)
[w8:qr:pro] [api] 200 mode=pro startsWith=rhizw
[w8:qr:pro] [api] 200 mode=pro startsWith=rhizw (500ms direct)
[w8:qr:pro] "rhizw" → 0 records, 0 words
[w8:qr:pro] "rhizw" branch complete
[w8:qr:pro] Saved 24,527 worker words
[w8:qr:pro] Searching "rhizx" | queue=102 | words=24527
[w8:qr:pro] Pacing 15s before "rhizx" (gap=15500ms)
[w8:qr:pro] heartbeat words=24527 queue=102 rotation=14 idle=17s
[w8:qr:pro] Site Turnstile remint timed out (23483ms)
[w8:qr:pro] Turnstile token present (len=816)
[w8:qr:pro] Site Turnstile token (22272ms)
[w8:qr:pro] [api] 200 mode=pro startsWith=rhizx
[w8:qr:pro] [api] 200 mode=pro startsWith=rhizx (553ms direct)
[w8:qr:pro] "rhizx" → 0 records, 0 words
[w8:qr:pro] "rhizx" branch complete
[w8:qr:pro] Saved 24,527 worker words
[w8:qr:pro] Searching "rhizy" | queue=101 | words=24527
[w8:qr:pro] Pacing 15s before "rhizy" (gap=15500ms)
[w8:qr:pro] Turnstile token present (len=816)
[w8:qr:pro] Site Turnstile token (21977ms)
[w8:qr:pro] [api] 200 mode=pro startsWith=rhizy
[w8:qr:pro] [api] 200 mode=pro startsWith=rhizy (514ms direct)
[w8:qr:pro] "rhizy" → 0 records, 0 words
[w8:qr:pro] "rhizy" branch complete
[w8:qr:pro] Saved 24,527 worker words
[w8:qr:pro] Searching "rhizz" | queue=100 | words=24527
[w8:qr:pro] Pacing 12s before "rhizz" (gap=15500ms)
[w8:qr:pro] heartbeat words=24527 queue=100 rotation=14 idle=5s
[w8:qr:pro] Turnstile mint hard timeout after 28000ms
[w8:qr:pro] Site Turnstile remint timed out (36789ms)
[w8:qr:pro] Turnstile token present (len=816)
[w8:qr:pro] Site Turnstile token (25178ms)
[w8:qr:pro] [api] 200 mode=pro startsWith=rhizz
[w8:qr:pro] [api] 200 mode=pro startsWith=rhizz (577ms direct)
[w8:qr:pro] "rhizz" → 0 records, 0 words
[w8:qr:pro] "rhizz" branch complete
[w8:qr:pro] Saved 24,527 worker words
[w8:qr:pro] Searching "ringy" | queue=99 | words=24527
[w8:qr:pro] Pacing 14s before "ringy" (gap=15500ms)
[w8:qr:pro] Managed Turnstile token (len=816, 5224ms, remount)
[w8:qr:pro] heartbeat words=24527 queue=99 rotation=14 idle=7s
[w8:qr:pro] [api] 200 mode=pro startsWith=ringy
[w8:qr:pro] [api] 200 mode=pro startsWith=ringy (522ms direct)
[w8:qr:pro] "ringy" → 1 records, 1 words (incl. exact "ringy")
[w8:qr:pro] "ringy" branch complete
[w8:qr:pro] Saved 24,527 worker words
[w8:qr:pro] Searching "ringz" | queue=98 | words=24527
[w8:qr:pro] Pacing 15s before "ringz" (gap=15500ms)
[w8:qr:pro] Managed Turnstile token (len=816, 4620ms, reset)
[w8:qr:pro] [api] 200 mode=pro startsWith=ringz
[w8:qr:pro] [api] 200 mode=pro startsWith=ringz (1361ms direct)
[w8:qr:pro] "ringz" → 0 records, 0 words
[w8:qr:pro] "ringz" branch complete
[w8:qr:pro] Saved 24,527 worker words
[w8:qr:pro] Searching "rocky" | queue=97 | words=24527
[w8:qr:pro] Pacing 14s before "rocky" (gap=15500ms)
[w8:qr:pro] Managed Turnstile token (len=816, 15122ms, reset)
[w8:qr:pro] [api] 200 mode=pro startsWith=rocky
[w8:qr:pro] [api] 200 mode=pro startsWith=rocky (607ms direct)
[w8:qr:pro] "rocky" → 1 records, 1 words (incl. exact "rocky")
[w8:qr:pro] "rocky" branch complete
[w8:qr:pro] Saved 24,527 worker words; shared last.txt now 303,880
[w8:qr:pro] Searching "rockz" | queue=96 | words=24527
[w8:qr:pro] Pacing 12s before "rockz" (gap=15500ms)
[w8:qr:pro] Managed Turnstile token (len=816, 12321ms, reset)
[w8:qr:pro] [api] 200 mode=pro startsWith=rockz
[w8:qr:pro] [api] 200 mode=pro startsWith=rockz (590ms direct)
[w8:qr:pro] "rockz" → 0 records, 0 words
[w8:qr:pro] "rockz" branch complete
[w8:qr:pro] Saved 24,527 worker words
[w8:qr:pro] Searching "roman" | queue=95 | words=24527
[w8:qr:pro] Pacing 14s before "roman" (gap=15500ms)
[w8:qr:pro] heartbeat words=24527 queue=95 rotation=14 idle=8s
[w8:qr:pro] Managed Turnstile token (len=816, 16980ms, reset)
[w8:qr:pro] [api] 200 mode=pro startsWith=roman
[w8:qr:pro] [api] 200 mode=pro startsWith=roman (832ms direct)
[w8:qr:pro] "roman" → 100 records, 100 words (incl. exact "roman")
[w8:qr:pro] Pacing 15s before "roman" (gap=15500ms)
[w8:qr:pro] Site Turnstile remint timed out (23665ms)
[w8:qr:pro] Managed Turnstile token (len=816, 17704ms, remount)
[w8:qr:pro] [api] 200 mode=pro startsWith=roman
[w8:qr:pro] [api] 200 mode=pro startsWith=roman sort=alphabetical:desc (719ms direct)
[w8:qr:pro] "roman" full page ends at "romantist" (next='t'); skip 27 covered groups → 1 children reverse Z→A ends at "romancealist" (lo='c' hi='z'); skip 22 middle + 0 new words
[w8:qr:pro] Saved 24,527 worker words
[w8:qr:pro] Searching "romau" | queue=95 | words=24527
[w8:qr:pro] Pacing 11s before "romau" (gap=15500ms)
[w8:qr:pro] heartbeat words=24527 queue=95 rotation=14 idle=4s
[w8:qr:pro] Turnstile mint hard timeout after 28000ms
[w8:qr:pro] Turnstile token present (len=816)
[w8:qr:pro] Site Turnstile token (32123ms)
[w8:qr:pro] Turnstile mint hard timeout after 28000ms
[w8:qr:pro] Turnstile token present (len=816)
[w8:qr:pro] Site Turnstile token (28803ms)
[w8:qr:pro] heartbeat words=24527 queue=95 rotation=14 idle=10s
[w8:qr:pro] Turnstile token present (len=816)
[w8:qr:pro] Site Turnstile token (23084ms)
[w8:qr:pro] [api] 200 mode=pro startsWith=romau
[w8:qr:pro] [api] 200 mode=pro startsWith=romau (692ms direct)
[w8:qr:pro] "romau" → 2 records, 2 words
[w8:qr:pro] "romau" branch complete
[w8:qr:pro] Saved 24,527 worker words
[w8:qr:pro] Searching "romav" | queue=94 | words=24527
[w8:qr:pro] Pacing 13s before "romav" (gap=15500ms)
[w8:qr:pro] Turnstile token present (len=816)
[w8:qr:pro] Site Turnstile token (25994ms)
[w8:qr:pro] [api] 200 mode=pro startsWith=romav
[w8:qr:pro] [api] 200 mode=pro startsWith=romav (650ms direct)
[w8:qr:pro] "romav" → 0 records, 0 words
[w8:qr:pro] "romav" branch complete
[w8:qr:pro] Saved 24,527 worker words
[w8:qr:pro] Searching "romaw" | queue=93 | words=24527
[w8:qr:pro] Pacing 13s before "romaw" (gap=15500ms)
[w8:qr:pro] heartbeat words=24527 queue=93 rotation=14 idle=17s
[w8:qr:pro] Managed Turnstile token (len=816, 18984ms, remount)
[w8:qr:pro] [api] 200 mode=pro startsWith=romaw
[w8:qr:pro] [api] 200 mode=pro startsWith=romaw (919ms direct)
[w8:qr:pro] "romaw" → 0 records, 0 words
[w8:qr:pro] "romaw" branch complete
[w8:qr:pro] Saved 24,527 worker words
[w8:qr:pro] Searching "romax" | queue=92 | words=24527
[w8:qr:pro] Pacing 14s before "romax" (gap=15500ms)
[w8:qr:pro] Site Turnstile remint timed out (24633ms)
[w8:qr:pro] Managed Turnstile token (len=816, 13041ms, remount)
[w8:qr:pro] [api] 200 mode=pro startsWith=romax
[w8:qr:pro] [api] 200 mode=pro startsWith=romax (474ms direct)
[w8:qr:pro] "romax" → 0 records, 0 words
[w8:qr:pro] "romax" branch complete
[w8:qr:pro] Saved 24,527 worker words
[w8:qr:pro] Searching "romay" | queue=91 | words=24527
[w8:qr:pro] Pacing 15s before "romay" (gap=15500ms)
[w8:qr:pro] Managed Turnstile token (len=816, 8659ms, reset)
[w8:qr:pro] [api] 200 mode=pro startsWith=romay
[w8:qr:pro] [api] 200 mode=pro startsWith=romay (451ms direct)
[w8:qr:pro] "romay" → 0 records, 0 words
[w8:qr:pro] "romay" branch complete
[w8:qr:pro] Saved 24,527 worker words
[w8:qr:pro] Searching "romaz" | queue=90 | words=24527
[w8:qr:pro] Pacing 15s before "romaz" (gap=15500ms)
[w8:qr:pro] heartbeat words=24527 queue=90 rotation=14 idle=4s
[w8:qr:pro] Turnstile mint hard timeout after 28000ms
[w8:qr:pro] Site Turnstile remint timed out (32722ms)
[w8:qr:pro] Managed Turnstile token (len=816, 13892ms, remount)
[w8:qr:pro] [api] 200 mode=pro startsWith=romaz
[w8:qr:pro] [api] 200 mode=pro startsWith=romaz (573ms direct)
[w8:qr:pro] "romaz" → 0 records, 0 words
[w8:qr:pro] "romaz" branch complete
[w8:qr:pro] Saved 24,527 worker words; shared last.txt now 305,358
[w8:qr:pro] Searching "radiog" | queue=89 | words=24527
[w8:qr:pro] Pacing 13s before "radiog" (gap=15500ms)
[w8:qr:pro] Managed Turnstile token (len=816, 9491ms, reset)
[w8:qr:pro] [api] 200 mode=pro startsWith=radiog
[w8:qr:pro] [api] 200 mode=pro startsWith=radiog (581ms direct)
[w8:qr:pro] "radiog" → 19 records, 19 words
[w8:qr:pro] "radiog" branch complete
[w8:qr:pro] Saved 24,529 worker words
[w8:qr:pro] Searching "radioh" | queue=88 | words=24529
[w8:qr:pro] Pacing 15s before "radioh" (gap=15500ms)
[w8:qr:pro] heartbeat words=24529 queue=88 rotation=14 idle=4s
[w8:qr:pro] Managed Turnstile token (len=816, 8770ms, reset)
[w8:qr:pro] [api] 200 mode=pro startsWith=radioh
[w8:qr:pro] [api] 200 mode=pro startsWith=radioh (572ms direct)
[w8:qr:pro] "radioh" → 1 records, 1 words
[w8:qr:pro] "radioh" branch complete
[w8:qr:pro] Saved 24,530 worker words
[w8:qr:pro] Searching "radioi" | queue=87 | words=24530
[w8:qr:pro] Pacing 15s before "radioi" (gap=15500ms)
[w8:qr:pro] Managed Turnstile token (len=816, 8515ms, reset)
[w8:qr:pro] [api] 200 mode=pro startsWith=radioi
[w8:qr:pro] [api] 200 mode=pro startsWith=radioi (560ms direct)
[w8:qr:pro] "radioi" → 31 records, 31 words
[w8:qr:pro] "radioi" branch complete
[w8:qr:pro] Saved 24,561 worker words
[w8:qr:pro] Searching "radioj" | queue=86 | words=24561
[w8:qr:pro] Pacing 15s before "radioj" (gap=15500ms)
[w8:qr:pro] Managed Turnstile token (len=816, 10928ms, reset)
[w8:qr:pro] [api] 200 mode=pro startsWith=radioj
[w8:qr:pro] [api] 200 mode=pro startsWith=radioj (460ms direct)
[w8:qr:pro] "radioj" → 0 records, 0 words
[w8:qr:pro] "radioj" branch complete
[w8:qr:pro] Saved 24,561 worker words
[w8:qr:pro] Searching "radiok" | queue=85 | words=24561
[w8:qr:pro] Pacing 15s before "radiok" (gap=15500ms)
[w8:qr:pro] heartbeat words=24561 queue=85 rotation=14 idle=17s
[w8:qr:pro] Managed Turnstile token (len=816, 16951ms, reset)
[w8:qr:pro] [api] 200 mode=pro startsWith=radiok
[w8:qr:pro] [api] 200 mode=pro startsWith=radiok (454ms direct)
[w8:qr:pro] "radiok" → 0 records, 0 words
[w8:qr:pro] "radiok" branch complete
[w8:qr:pro] Saved 24,561 worker words
[w8:qr:pro] Searching "radiol" | queue=84 | words=24561
[w8:qr:pro] Pacing 15s before "radiol" (gap=15500ms)
[w8:qr:pro] Site Turnstile remint timed out (27499ms)
[w8:qr:pro] Turnstile mint hard timeout after 28000ms
[w8:qr:pro] Site Turnstile remint timed out (30755ms)
[w8:qr:pro] heartbeat words=24561 queue=84 rotation=14 idle=1s
[w8:qr:pro] Managed Turnstile token (len=816, 15329ms, remount)
[w8:qr:pro] [api] 200 mode=pro startsWith=radiol
[w8:qr:pro] [api] 200 mode=pro startsWith=radiol (627ms direct)
[w8:qr:pro] "radiol" → 35 records, 35 words
[w8:qr:pro] "radiol" branch complete
[w8:qr:pro] Saved 24,596 worker words
[w8:qr:pro] Searching "radiom" | queue=83 | words=24596
[w8:qr:pro] Pacing 13s before "radiom" (gap=15500ms)
[w8:qr:pro] Managed Turnstile token (len=816, 14662ms, reset)
[w8:qr:pro] [api] 200 mode=pro startsWith=radiom
[w8:qr:pro] [api] 200 mode=pro startsWith=radiom (498ms direct)
[w8:qr:pro] "radiom" → 17 records, 17 words
[w8:qr:pro] "radiom" branch complete
[w8:qr:pro] Saved 24,613 worker words
[w8:qr:pro] Searching "radion" | queue=82 | words=24613
[w8:qr:pro] Pacing 14s before "radion" (gap=15500ms)
[w8:qr:pro] Turnstile token present (len=816)
[w8:qr:pro] Site Turnstile token (19968ms)
[w8:qr:pro] [api] 200 mode=pro startsWith=radion
[w8:qr:pro] [api] 200 mode=pro startsWith=radion (467ms direct)
[w8:qr:pro] "radion" → 7 records, 7 words (incl. exact "radion")
[w8:qr:pro] "radion" branch complete
[w8:qr:pro] Saved 24,620 worker words; shared last.txt now 305,858
[w8:qr:pro] Searching "radioo" | queue=81 | words=24620
[w8:qr:pro] Pacing 8s before "radioo" (gap=15500ms)
[w8:qr:pro] heartbeat words=24620 queue=81 rotation=14 idle=2s
[w8:qr:pro] Turnstile token present (len=816)
[w8:qr:pro] Site Turnstile token (24804ms)
[w8:qr:pro] [api] 200 mode=pro startsWith=radioo
[w8:qr:pro] [api] 200 mode=pro startsWith=radioo (564ms direct)
[w8:qr:pro] "radioo" → 0 records, 0 words
[w8:qr:pro] "radioo" branch complete
[w8:qr:pro] Saved 24,620 worker words
[w8:qr:pro] Searching "radiop" | queue=80 | words=24620
[w8:qr:pro] Pacing 12s before "radiop" (gap=15500ms)
[w8:qr:pro] Managed Turnstile token (len=816, 12366ms, remount)
[w8:qr:pro] [api] 429 mode=pro startsWith=radiop
[w8:qr:pro] [api] 429 mode=pro startsWith=radiop (437ms direct)
[w8:qr:pro] Learned server gap ≈ 15500ms (wait hint 2000ms)
[w8:qr:pro] Rate limited — inline wait 2000ms then retry "radiop"
[w8:qr:pro] Managed Turnstile token (len=816, 4227ms, reset)
[w8:qr:pro] [api] 200 mode=pro startsWith=radiop
[w8:qr:pro] [api] 200 mode=pro startsWith=radiop (424ms direct)
[w8:qr:pro] "radiop" → 35 records, 35 words
[w8:qr:pro] "radiop" branch complete
[w8:qr:pro] Saved 24,648 worker words
[w8:qr:pro] Searching "radiov" | queue=79 | words=24648
[w8:qr:pro] Pacing 15s before "radiov" (gap=15500ms)
[w8:qr:pro] Managed Turnstile token (len=816, 3627ms, reset)
[w8:qr:pro] [api] 200 mode=pro startsWith=radiov
[w8:qr:pro] [api] 200 mode=pro startsWith=radiov (793ms direct)
[w8:qr:pro] "radiov" → 2 records, 2 words (incl. exact "radiov")
[w8:qr:pro] "radiov" branch complete
[w8:qr:pro] Saved 24,648 worker words
[w8:qr:pro] Searching "radiow" | queue=78 | words=24648
[w8:qr:pro] Pacing 14s before "radiow" (gap=15500ms)
[w8:qr:pro] heartbeat words=24648 queue=78 rotation=14 idle=8s
[w8:qr:pro] Turnstile mint hard timeout after 28000ms
[w8:qr:pro] Site Turnstile remint timed out (28452ms)
[w8:qr:pro] Turnstile token present (len=816)
[w8:qr:pro] Site Turnstile token (27987ms)
[w8:qr:pro] [api] 200 mode=pro startsWith=radiow
[w8:qr:pro] [api] 200 mode=pro startsWith=radiow (495ms direct)
[w8:qr:pro] "radiow" → 0 records, 0 words
[w8:qr:pro] "radiow" branch complete
[w8:qr:pro] Saved 24,648 worker words
[w8:qr:pro] Searching "radiox" | queue=77 | words=24648
[w8:qr:pro] Pacing 14s before "radiox" (gap=15500ms)
[w8:qr:pro] heartbeat words=24648 queue=77 rotation=14 idle=10s
[w8:qr:pro] Turnstile token present (len=816)
[w8:qr:pro] Site Turnstile token (20904ms)
[w8:qr:pro] [api] 200 mode=pro startsWith=radiox
[w8:qr:pro] [api] 200 mode=pro startsWith=radiox (488ms direct)
[w8:qr:pro] "radiox" → 0 records, 0 words
[w8:qr:pro] "radiox" branch complete
[w8:qr:pro] Saved 24,648 worker words
[w8:qr:pro] Searching "radioy" | queue=76 | words=24648
[w8:qr:pro] Pacing 14s before "radioy" (gap=15500ms)
[w8:qr:pro] Site Turnstile remint timed out (23796ms)
[w8:qr:pro] heartbeat words=24648 queue=76 rotation=14 idle=25s
[w8:qr:pro] Site Turnstile remint timed out (27334ms)
[w8:qr:pro] Site Turnstile remint timed out (25609ms)
[w8:qr:pro] Turnstile token present (len=816)
[w8:qr:pro] Site Turnstile token (19174ms)
[w8:qr:pro] [api] 200 mode=pro startsWith=radioy
[w8:qr:pro] [api] 200 mode=pro startsWith=radioy (467ms direct)
[w8:qr:pro] "radioy" → 0 records, 0 words
[w8:qr:pro] "radioy" branch complete
[w8:qr:pro] Saved 24,648 worker words
[w8:qr:pro] Searching "radioz" | queue=75 | words=24648
[w8:qr:pro] Pacing 16s before "radioz" (gap=15500ms)
[w8:qr:pro] Managed Turnstile token (len=816, 8868ms, remount)
[w8:qr:pro] heartbeat words=24648 queue=75 rotation=14 idle=3s
[w8:qr:pro] [api] 200 mode=pro startsWith=radioz
[w8:qr:pro] [api] 200 mode=pro startsWith=radioz (427ms direct)
[w8:qr:pro] "radioz" → 0 records, 0 words
[w8:qr:pro] "radioz" branch complete
[w8:qr:pro] Saved 24,648 worker words
[w8:qr:pro] Searching "recomp" | queue=74 | words=24648
[w8:qr:pro] Pacing 16s before "recomp" (gap=15500ms)
[w8:qr:pro] Managed Turnstile token (len=816, 4774ms, reset)
[w8:qr:pro] [api] 200 mode=pro startsWith=recomp
[w8:qr:pro] [api] 200 mode=pro startsWith=recomp (498ms direct)
[w8:qr:pro] "recomp" → 68 records, 68 words
[w8:qr:pro] "recomp" branch complete
[w8:qr:pro] Saved 24,648 worker words; shared last.txt now 306,597
[w8:qr:pro] Searching "recomq" | queue=73 | words=24648
[w8:qr:pro] Pacing 15s before "recomq" (gap=15500ms)
[w8:qr:pro] Managed Turnstile token (len=816, 6420ms, reset)
[w8:qr:pro] [api] 200 mode=pro startsWith=recomq
[w8:qr:pro] [api] 200 mode=pro startsWith=recomq (428ms direct)
[w8:qr:pro] "recomq" → 0 records, 0 words
[w8:qr:pro] "recomq" branch complete
[w8:qr:pro] Saved 24,648 worker words
[w8:qr:pro] Searching "recomr" | queue=72 | words=24648
[w8:qr:pro] Pacing 15s before "recomr" (gap=15500ms)
[w8:qr:pro] Managed Turnstile token (len=816, 4614ms, reset)
[w8:qr:pro] [api] 200 mode=pro startsWith=recomr
[w8:qr:pro] [api] 200 mode=pro startsWith=recomr (581ms direct)
[w8:qr:pro] "recomr" → 0 records, 0 words
[w8:qr:pro] "recomr" branch complete
[w8:qr:pro] Saved 24,648 worker words
[w8:qr:pro] Searching "recoms" | queue=71 | words=24648
[w8:qr:pro] Pacing 14s before "recoms" (gap=15500ms)
[w8:qr:pro] heartbeat words=24648 queue=71 rotation=14 idle=9s
[w8:qr:pro] Site Turnstile remint timed out (24392ms)
[w8:qr:pro] Turnstile mint hard timeout after 28000ms
[w8:qr:pro] Site Turnstile remint timed out (28650ms)
[w8:qr:pro] heartbeat words=24648 queue=71 rotation=14 idle=16s
[w8:qr:pro] Turnstile mint hard timeout after 28000ms
[w8:qr:pro] Turnstile mint hard timeout after 28000ms
[w8:qr:pro] Failed "recoms" attempt 1: No Turnstile token for direct search
[w8:qr:pro] Saved 24,648 worker words
[w8:qr:pro] Turnstile miss — soft reload before rotate
[w8:qr:pro] Site Turnstile remint timed out (38738ms)
[w8:qr:pro] Site Turnstile remint timed out (67166ms)
[w8:qr:pro] heartbeat words=24648 queue=72 rotation=14 idle=9s
[w8:qr:pro] Turnstile mint hard timeout after 15000ms
[w8:qr:pro] Soft reload mint failed — rotating immediately
[w8:qr:pro] Tor exited code=0
[w8:qr:pro] Starting Tor gen=16 socks=127.0.0.1:19058 (try 1)
[w8:qr:pro] tor: Aug 05 11:39:57.813 [notice] Opened Socks listener connection (ready) on 127.0.0.1:19058
Aug 05 11:39:57.813 [warn] Fixing permissions on directory /tmp/lll-tor
[w8:qr:pro] tor: Aug 05 11:39:58.000 [notice] Bootstrapped 0% (starting): Starting
[w8:qr:pro] tor: Aug 05 11:40:00.000 [notice] Bootstrapped 5% (conn): Connecting to a relay
[w8:qr:pro] tor: Aug 05 11:40:00.000 [notice] Bootstrapped 10% (conn_done): Connected to a relay
[w8:qr:pro] tor: Aug 05 11:40:00.000 [notice] Bootstrapped 14% (handshake): Handshaking with a relay
[w8:qr:pro] tor: Aug 05 11:40:00.000 [notice] Bootstrapped 15% (handshake_done): Handshake with a relay done
[w8:qr:pro] tor: Aug 05 11:40:00.000 [notice] Bootstrapped 20% (onehop_create): Establishing an encrypted directory connection
[w8:qr:pro] tor: Aug 05 11:40:01.000 [notice] Bootstrapped 25% (requesting_status): Asking for networkstatus consensus
[w8:qr:pro] Site Turnstile remint timed out (23064ms)
[w8:qr:pro] tor: Aug 05 11:40:01.000 [notice] Bootstrapped 30% (loading_status): Loading networkstatus consensus
[w8:qr:pro] tor: Aug 05 11:40:03.000 [notice] Bootstrapped 40% (loading_keys): Loading authority key certs
[w8:qr:pro] tor: Aug 05 11:40:03.000 [notice] Bootstrapped 45% (requesting_descriptors): Asking for relay descriptors
Aug 05 11:40:03.000 [notice] I learned some more directory 
[w8:qr:pro] tor: Aug 05 11:40:04.000 [notice] Bootstrapped 50% (loading_descriptors): Loading relay descriptors
[w8:qr:pro] heartbeat words=24648 queue=72 rotation=15 idle=46s
[w8:qr:pro] heartbeat words=24648 queue=72 rotation=15 idle=106s
[w8:qr:pro] tor: Aug 05 11:42:06.000 [notice] Bootstrapped 55% (loading_descriptors): Loading relay descriptors
[w8:qr:pro] tor: Aug 05 11:42:09.000 [notice] Bootstrapped 61% (loading_descriptors): Loading relay descriptors
[w8:qr:pro] tor: Aug 05 11:42:14.000 [notice] Bootstrapped 67% (loading_descriptors): Loading relay descriptors
[w8:qr:pro] tor: Aug 05 11:42:14.000 [notice] Bootstrapped 75% (enough_dirinfo): Loaded enough directory info to build circuits
[w8:qr:pro] tor: Aug 05 11:42:15.000 [notice] Bootstrapped 90% (ap_handshake_done): Handshake finished with a relay to build circuits
Aug 05 11:42:15.000 [notice] Bootstrapped 9
[w8:qr:pro] tor: Aug 05 11:42:16.000 [notice] Bootstrapped 100% (done): Done
[w8:qr:pro] Tor ready on 19058 exit=185.220.101.0
[w8:qr:pro] Rotating IP (#15, try 1) after No Turnstile token for direct search → tor#16 socks5://127.0.0.1:19058
[w8:qr:pro] Launching persistent Chrome profile /tmp/lll-pw-w8-r15
[w8:qr:pro] Proxy tor#16 socks5://127.0.0.1:19058
[w8:qr:pro] Opening https://lastletterlibrary.com
[w8:qr:pro] Library mode=pro
[w8:qr:pro] heartbeat words=24648 queue=72 rotation=15 idle=19s
[w8:qr:pro] Site Turnstile remint timed out (22884ms)
[w8:qr:pro] Search mode=direct (skip UI Wait Ns… gate)
[w8:qr:pro] Cleaned 1 old rotated profile(s)
[w8:qr:pro] Browser exit IP=185.220.101.0 (unique)
[w8:qr:pro] Searching "recoms" | queue=71 | words=24648
[w8:qr:pro] Site Turnstile remint timed out (22277ms)
[w8:qr:pro] Site Turnstile remint timed out (23881ms)
[w8:qr:pro] heartbeat words=24648 queue=71 rotation=15 idle=8s
[w8:qr:pro] Site Turnstile remint timed out (24619ms)
[w8:qr:pro] Site Turnstile remint timed out (24193ms)
[w8:qr:pro] Failed "recoms" attempt 1: No Turnstile token for direct search
[w8:qr:pro] Saved 24,648 worker words
[w8:qr:pro] Turnstile miss — soft reload before rotate
[w8:qr:pro] Site Turnstile remint timed out (9973ms)
[w8:qr:pro] Soft reload mint failed — rotating immediately
[w8:qr:pro] Starting Tor gen=17 socks=127.0.0.1:19058 (try 1)
[w8:qr:pro] tor: Aug 05 11:44:50.672 [notice] Opening Socks listener on 127.0.0.1:19058
Aug 05 11:44:50.672 [notice] Opened Socks listener connection (ready) on 127.0.0.1:19058

[w8:qr:pro] Tor exited code=0
[w8:qr:pro] heartbeat words=24648 queue=72 rotation=16 idle=0s
[w8:qr:pro] tor: Aug 05 11:44:52.000 [notice] Bootstrapped 0% (starting): Starting
[w8:qr:pro] tor: Aug 05 11:44:53.000 [notice] Bootstrapped 5% (conn): Connecting to a relay
[w8:qr:pro] tor: Aug 05 11:44:53.000 [notice] Bootstrapped 10% (conn_done): Connected to a relay
[w8:qr:pro] tor: Aug 05 11:44:55.000 [notice] Bootstrapped 14% (handshake): Handshaking with a relay
[w8:qr:pro] tor: Aug 05 11:44:55.000 [notice] Bootstrapped 15% (handshake_done): Handshake with a relay done
Aug 05 11:44:55.000 [notice] Bootstrapped 20% (onehop_create): Estab
[w8:qr:pro] tor: Aug 05 11:44:55.000 [notice] Bootstrapped 25% (requesting_status): Asking for networkstatus consensus
[w8:qr:pro] tor: Aug 05 11:44:55.000 [notice] Bootstrapped 30% (loading_status): Loading networkstatus consensus
[w8:qr:pro] tor: Aug 05 11:44:57.000 [notice] Bootstrapped 40% (loading_keys): Loading authority key certs
[w8:qr:pro] tor: Aug 05 11:44:57.000 [notice] Bootstrapped 45% (requesting_descriptors): Asking for relay descriptors
Aug 05 11:44:57.000 [notice] I learned some more directory 
[w8:qr:pro] tor: Aug 05 11:44:59.000 [notice] Bootstrapped 50% (loading_descriptors): Loading relay descriptors
[w8:qr:pro] heartbeat words=24648 queue=72 rotation=16 idle=52s
[w8:qr:pro] tor: Aug 05 11:46:23.000 [notice] Bootstrapped 55% (loading_descriptors): Loading relay descriptors
[w8:qr:pro] tor: Aug 05 11:46:45.000 [notice] Bootstrapped 61% (loading_descriptors): Loading relay descriptors
[w8:qr:pro] tor: Aug 05 11:46:47.000 [notice] Bootstrapped 67% (loading_descriptors): Loading relay descriptors
[w8:qr:pro] tor: Aug 05 11:46:50.000 [notice] Bootstrapped 75% (enough_dirinfo): Loaded enough directory info to build circuits
[w8:qr:pro] tor: Aug 05 11:46:51.000 [notice] Bootstrapped 90% (ap_handshake_done): Handshake finished with a relay to build circuits
Aug 05 11:46:51.000 [notice] Bootstrapped 9
[w8:qr:pro] heartbeat words=24648 queue=72 rotation=16 idle=0s
[w8:qr:pro] tor: Aug 05 11:46:52.000 [notice] Bootstrapped 100% (done): Done
[w8:qr:pro] Tor ready on 19058 exit=45.83.104.137
[w8:qr:pro] Rotating IP (#16, try 1) after No Turnstile token for direct search → tor#17 socks5://127.0.0.1:19058
[w8:qr:pro] Launching persistent Chrome profile /tmp/lll-pw-w8-r16
[w8:qr:pro] Proxy tor#17 socks5://127.0.0.1:19058
[w8:qr:pro] Opening https://lastletterlibrary.com
[w8:qr:pro] Library mode=pro
[w8:qr:pro] heartbeat words=24648 queue=72 rotation=16 idle=9s
[w8:qr:pro] Turnstile token present (len=816)
[w8:qr:pro] Site Turnstile token (22714ms)
[w8:qr:pro] Search mode=direct (skip UI Wait Ns… gate)
[w8:qr:pro] Cleaned 1 old rotated profile(s)
[w8:qr:pro] Browser exit IP=185.220.101.99 (unique)
[w8:qr:pro] Searching "recoms" | queue=71 | words=24648
[w8:qr:pro] [api] 200 mode=pro startsWith=recoms
[w8:qr:pro] [api] 200 mode=pro startsWith=recoms (898ms direct)
[w8:qr:pro] "recoms" → 0 records, 0 words
[w8:qr:pro] "recoms" branch complete
[w8:qr:pro] Saved 24,648 worker words
[w8:qr:pro] Searching "recomt" | queue=70 | words=24648
[w8:qr:pro] Pacing 14s before "recomt" (gap=15500ms)
[w8:qr:pro] Turnstile token present (len=816)
[w8:qr:pro] Site Turnstile token (21456ms)
[w8:qr:pro] [api] 200 mode=pro startsWith=recomt
[w8:qr:pro] [api] 200 mode=pro startsWith=recomt (1345ms direct)
[w8:qr:pro] "recomt" → 0 records, 0 words
[w8:qr:pro] "recomt" branch complete
[w8:qr:pro] Saved 24,648 worker words
[w8:qr:pro] Searching "recomu" | queue=69 | words=24648
[w8:qr:pro] Pacing 14s before "recomu" (gap=15500ms)
[w8:qr:pro] heartbeat words=24648 queue=69 rotation=16 idle=10s
[w8:qr:pro] Site Turnstile remint timed out (26588ms)
[w8:qr:pro] Site Turnstile remint timed out (23241ms)
[w8:qr:pro] heartbeat words=24648 queue=69 rotation=16 idle=20s
[w8:qr:pro] Site Turnstile remint timed out (22603ms)
[w8:qr:pro] Site Turnstile remint timed out (28267ms)
[w8:qr:pro] Site Turnstile remint timed out (23062ms)
[w8:qr:pro] Failed "recomu" attempt 1: No Turnstile token for direct search
[w8:qr:pro] Saved 24,648 worker words
[w8:qr:pro] Turnstile miss — soft reload before rotate
[w8:qr:pro] heartbeat words=24648 queue=70 rotation=16 idle=6s
[w8:qr:pro] Site Turnstile remint timed out (10480ms)
[w8:qr:pro] Soft reload mint failed — rotating immediately
[w8:qr:pro] Tor exited code=0
[w8:qr:pro] Starting Tor gen=18 socks=127.0.0.1:19058 (try 1)
[w8:qr:pro] tor: Aug 05 11:50:59.784 [warn] Fixing permissions on directory /tmp/lll-tor-w8
[w8:qr:pro] tor: Aug 05 11:50:59.000 [notice] Bootstrapped 0% (starting): Starting
[w8:qr:pro] tor: Aug 05 11:51:00.000 [notice] Bootstrapped 5% (conn): Connecting to a relay
[w8:qr:pro] tor: Aug 05 11:51:00.000 [notice] Bootstrapped 10% (conn_done): Connected to a relay
[w8:qr:pro] tor: Aug 05 11:51:01.000 [notice] Bootstrapped 14% (handshake): Handshaking with a relay
[w8:qr:pro] tor: Aug 05 11:51:01.000 [notice] Bootstrapped 15% (handshake_done): Handshake with a relay done
Aug 05 11:51:01.000 [notice] Bootstrapped 20% (onehop_create): Estab
[w8:qr:pro] tor: Aug 05 11:51:02.000 [notice] Bootstrapped 25% (requesting_status): Asking for networkstatus consensus
[w8:qr:pro] tor: Aug 05 11:51:02.000 [notice] Bootstrapped 30% (loading_status): Loading networkstatus consensus
[w8:qr:pro] tor: Aug 05 11:51:05.000 [notice] Bootstrapped 40% (loading_keys): Loading authority key certs
[w8:qr:pro] tor: Aug 05 11:51:05.000 [notice] Bootstrapped 45% (requesting_descriptors): Asking for relay descriptors
Aug 05 11:51:05.000 [notice] I learned some more directory 
[w8:qr:pro] tor: Aug 05 11:51:07.000 [notice] Bootstrapped 50% (loading_descriptors): Loading relay descriptors
[w8:qr:pro] tor: Aug 05 11:51:17.000 [notice] Bootstrapped 55% (loading_descriptors): Loading relay descriptors
[w8:qr:pro] tor: Aug 05 11:51:26.000 [notice] Bootstrapped 61% (loading_descriptors): Loading relay descriptors
[w8:qr:pro] tor: Aug 05 11:51:27.000 [notice] Bootstrapped 66% (loading_descriptors): Loading relay descriptors
[w8:qr:pro] tor: Aug 05 11:51:28.000 [notice] Bootstrapped 75% (enough_dirinfo): Loaded enough directory info to build circuits
[w8:qr:pro] tor: Aug 05 11:51:29.000 [notice] Bootstrapped 90% (ap_handshake_done): Handshake finished with a relay to build circuits
Aug 05 11:51:29.000 [notice] Bootstrapped 9
[w8:qr:pro] tor: Aug 05 11:51:29.000 [notice] Bootstrapped 100% (done): Done
[w8:qr:pro] Tor ready on 19058 exit=109.70.100.13
[w8:qr:pro] Rotating IP (#17, try 1) after No Turnstile token for direct search → tor#18 socks5://127.0.0.1:19058
[w8:qr:pro] Launching persistent Chrome profile /tmp/lll-pw-w8-r17
[w8:qr:pro] Proxy tor#18 socks5://127.0.0.1:19058
[w8:qr:pro] Opening https://lastletterlibrary.com
[w8:qr:pro] Library mode=pro
[w8:qr:pro] heartbeat words=24648 queue=70 rotation=17 idle=6s
[w8:qr:pro] Turnstile token present (len=816)
[w8:qr:pro] Site Turnstile token (25120ms)
[w8:qr:pro] Search mode=direct (skip UI Wait Ns… gate)
[w8:qr:pro] Cleaned 1 old rotated profile(s)
[w8:qr:pro] Browser exit IP=109.70.100.13 (unique)
[w8:qr:pro] Searching "recomu" | queue=69 | words=24648
[w8:qr:pro] [api] 200 mode=pro startsWith=recomu
[w8:qr:pro] [api] 200 mode=pro startsWith=recomu (978ms direct)
[w8:qr:pro] "recomu" → 0 records, 0 words
[w8:qr:pro] "recomu" branch complete
[w8:qr:pro] Saved 24,648 worker words; shared last.txt now 309,502
[w8:qr:pro] Searching "recomv" | queue=68 | words=24648
[w8:qr:pro] Pacing 3s before "recomv" (gap=15500ms)
[w8:qr:pro] Managed Turnstile token (len=816, 16671ms, remount)
[w8:qr:pro] [api] 200 mode=pro startsWith=recomv
[w8:qr:pro] [api] 200 mode=pro startsWith=recomv (1340ms direct)
[w8:qr:pro] "recomv" → 0 records, 0 words
[w8:qr:pro] "recomv" branch complete
[w8:qr:pro] Saved 24,648 worker words
[w8:qr:pro] Searching "recomw" | queue=67 | words=24648
[w8:qr:pro] Pacing 14s before "recomw" (gap=15500ms)
[w8:qr:pro] Managed Turnstile token (len=816, 12476ms, reset)
[w8:qr:pro] [api] 200 mode=pro startsWith=recomw
[w8:qr:pro] [api] 200 mode=pro startsWith=recomw (921ms direct)
[w8:qr:pro] "recomw" → 0 records, 0 words
[w8:qr:pro] "recomw" branch complete
[w8:qr:pro] Saved 24,648 worker words
[w8:qr:pro] Searching "recomx" | queue=66 | words=24648
[w8:qr:pro] Pacing 14s before "recomx" (gap=15500ms)
[w8:qr:pro] heartbeat words=24648 queue=66 rotation=17 idle=1s
[w8:qr:pro] Managed Turnstile token (len=816, 12132ms, reset)
[w8:qr:pro] [api] 200 mode=pro startsWith=recomx
[w8:qr:pro] [api] 200 mode=pro startsWith=recomx (717ms direct)
[w8:qr:pro] "recomx" → 0 records, 0 words
[w8:qr:pro] "recomx" branch complete
[w8:qr:pro] Saved 24,648 worker words
[w8:qr:pro] Searching "recomy" | queue=65 | words=24648
[w8:qr:pro] Pacing 14s before "recomy" (gap=15500ms)
[w8:qr:pro] Managed Turnstile token (len=816, 16851ms, reset)
[w8:qr:pro] [api] 200 mode=pro startsWith=recomy
[w8:qr:pro] [api] 200 mode=pro startsWith=recomy (1347ms direct)
[w8:qr:pro] "recomy" → 0 records, 0 words
[w8:qr:pro] "recomy" branch complete
[w8:qr:pro] Saved 24,648 worker words
[w8:qr:pro] Searching "recomz" | queue=64 | words=24648
[w8:qr:pro] Pacing 13s before "recomz" (gap=15500ms)
[w8:qr:pro] Managed Turnstile token (len=816, 17933ms, reset)
[w8:qr:pro] [api] 200 mode=pro startsWith=recomz
[w8:qr:pro] [api] 200 mode=pro startsWith=recomz (825ms direct)
[w8:qr:pro] "recomz" → 0 records, 0 words
[w8:qr:pro] "recomz" branch complete
[w8:qr:pro] Saved 24,648 worker words
[w8:qr:pro] Searching "reconf" | queue=63 | words=24648
[w8:qr:pro] Pacing 12s before "reconf" (gap=15500ms)
[w8:qr:pro] heartbeat words=24648 queue=63 rotation=17 idle=5s
[w8:qr:pro] Site Turnstile remint timed out (25481ms)
[w8:qr:pro] Managed Turnstile token (len=816, 12496ms, remount)
[w8:qr:pro] [api] 200 mode=pro startsWith=reconf
[w8:qr:pro] [api] 200 mode=pro startsWith=reconf (803ms direct)
[w8:qr:pro] "reconf" → 38 records, 38 words
[w8:qr:pro] "reconf" branch complete
[w8:qr:pro] Saved 24,668 worker words
[w8:qr:pro] Searching "recong" | queue=62 | words=24668
[w8:qr:pro] Pacing 15s before "recong" (gap=15500ms)
[w8:qr:pro] Managed Turnstile token (len=816, 10970ms, reset)
[w8:qr:pro] [api] 200 mode=pro startsWith=recong
[w8:qr:pro] [api] 200 mode=pro startsWith=recong (838ms direct)
[w8:qr:pro] "recong" → 6 records, 6 words
[w8:qr:pro] "recong" branch complete
[w8:qr:pro] Saved 24,674 worker words
[w8:qr:pro] Searching "reconh" | queue=61 | words=24674
[w8:qr:pro] Pacing 15s before "reconh" (gap=15500ms)
[w8:qr:pro] Managed Turnstile token (len=816, 9226ms, reset)
[w8:qr:pro] heartbeat words=24674 queue=61 rotation=17 idle=3s
[w8:qr:pro] [api] 200 mode=pro startsWith=reconh
[w8:qr:pro] [api] 200 mode=pro startsWith=reconh (1006ms direct)
[w8:qr:pro] "reconh" → 0 records, 0 words
[w8:qr:pro] "reconh" branch complete
[w8:qr:pro] Saved 24,674 worker words; shared last.txt now 309,906
[w8:qr:pro] Searching "reconi" | queue=60 | words=24674
[w8:qr:pro] Pacing 14s before "reconi" (gap=15500ms)
[w8:qr:pro] Turnstile token present (len=816)
[w8:qr:pro] Site Turnstile token (22830ms)
[w8:qr:pro] [api] 200 mode=pro startsWith=reconi
[w8:qr:pro] [api] 200 mode=pro startsWith=reconi (840ms direct)
[w8:qr:pro] "reconi" → 0 records, 0 words
[w8:qr:pro] "reconi" branch complete
[w8:qr:pro] Saved 24,674 worker words
[w8:qr:pro] Searching "reconj" | queue=59 | words=24674
[w8:qr:pro] Pacing 14s before "reconj" (gap=15500ms)
[w8:qr:pro] Turnstile mint hard timeout after 28000ms
[w8:qr:pro] heartbeat words=24674 queue=59 rotation=17 idle=3s
[w8:qr:pro] Turnstile mint hard timeout after 28000ms
[w8:qr:pro] Site Turnstile remint timed out (31096ms)
[w8:qr:pro] Turnstile token present (len=816)
[w8:qr:pro] Site Turnstile token (23400ms)
[w8:qr:pro] [api] 200 mode=pro startsWith=reconj
[w8:qr:pro] [api] 200 mode=pro startsWith=reconj (827ms direct)
[w8:qr:pro] "reconj" → 2 records, 2 words
[w8:qr:pro] "reconj" branch complete
[w8:qr:pro] Saved 24,676 worker words
[w8:qr:pro] Searching "reconk" | queue=58 | words=24676
[w8:qr:pro] Pacing 12s before "reconk" (gap=15500ms)
[w8:qr:pro] heartbeat words=24676 queue=58 rotation=17 idle=8s
[w8:qr:pro] Turnstile mint hard timeout after 28000ms
[w8:qr:pro] Turnstile token present (len=816)
[w8:qr:pro] Site Turnstile token (28688ms)
[w8:qr:pro] Managed Turnstile token (len=816, 13710ms, remount)
[w8:qr:pro] [api] 200 mode=pro startsWith=reconk
[w8:qr:pro] [api] 200 mode=pro startsWith=reconk (1145ms direct)
[w8:qr:pro] "reconk" → 0 records, 0 words
[w8:qr:pro] "reconk" branch complete
[w8:qr:pro] Saved 24,676 worker words
[w8:qr:pro] Searching "reconl" | queue=57 | words=24676
[w8:qr:pro] Pacing 15s before "reconl" (gap=15500ms)
[w8:qr:pro] Managed Turnstile token (len=816, 10958ms, reset)
[w8:qr:pro] [api] 200 mode=pro startsWith=reconl
[w8:qr:pro] [api] 200 mode=pro startsWith=reconl (905ms direct)
[w8:qr:pro] "reconl" → 0 records, 0 words
[w8:qr:pro] "reconl" branch complete
[w8:qr:pro] Saved 24,676 worker words
[w8:qr:pro] Searching "reconm" | queue=56 | words=24676
[w8:qr:pro] Pacing 14s before "reconm" (gap=15500ms)
[w8:qr:pro] heartbeat words=24676 queue=56 rotation=17 idle=11s
[w8:qr:pro] Turnstile token present (len=816)
[w8:qr:pro] Site Turnstile token (20126ms)
[w8:qr:pro] [api] 200 mode=pro startsWith=reconm
[w8:qr:pro] [api] 200 mode=pro startsWith=reconm (814ms direct)
[w8:qr:pro] "reconm" → 0 records, 0 words
[w8:qr:pro] "reconm" branch complete
[w8:qr:pro] Saved 24,676 worker words
[w8:qr:pro] Searching "reconn" | queue=55 | words=24676
[w8:qr:pro] Pacing 15s before "reconn" (gap=15500ms)
[w8:qr:pro] Site Turnstile remint timed out (25441ms)
[w8:qr:pro] heartbeat words=24676 queue=55 rotation=17 idle=25s
[w8:qr:pro] Turnstile token present (len=816)
[w8:qr:pro] Site Turnstile token (25643ms)
[w8:qr:pro] [api] 200 mode=pro startsWith=reconn
[w8:qr:pro] [api] 200 mode=pro startsWith=reconn (827ms direct)
[w8:qr:pro] "reconn" → 27 records, 27 words
[w8:qr:pro] "reconn" branch complete
[w8:qr:pro] Saved 24,703 worker words
[w8:qr:pro] Searching "recono" | queue=54 | words=24703
[w8:qr:pro] Pacing 14s before "recono" (gap=15500ms)
[w8:qr:pro] Turnstile mint hard timeout after 28000ms
[w8:qr:pro] Site Turnstile remint timed out (29644ms)
[w8:qr:pro] Turnstile token present (len=816)
[w8:qr:pro] Site Turnstile token (24900ms)
[w8:qr:pro] [api] 200 mode=pro startsWith=recono
[w8:qr:pro] [api] 200 mode=pro startsWith=recono (1008ms direct)
[w8:qr:pro] "recono" → 0 records, 0 words
[w8:qr:pro] "recono" branch complete
[w8:qr:pro] heartbeat words=24703 queue=54 rotation=17 idle=0s
[w8:qr:pro] Saved 24,703 worker words
[w8:qr:pro] Searching "reconp" | queue=53 | words=24703
[w8:qr:pro] Pacing 12s before "reconp" (gap=15500ms)
[w8:qr:pro] Managed Turnstile token (len=816, 17286ms, remount)
[w8:qr:pro] [api] 200 mode=pro startsWith=reconp
[w8:qr:pro] [api] 200 mode=pro startsWith=reconp (829ms direct)
[w8:qr:pro] "reconp" → 0 records, 0 words
[w8:qr:pro] "reconp" branch complete
[w8:qr:pro] Saved 24,703 worker words; shared last.txt now 310,408
[w8:qr:pro] Searching "reconq" | queue=52 | words=24703
[w8:qr:pro] Pacing 15s before "reconq" (gap=15500ms)
[w8:qr:pro] Managed Turnstile token (len=816, 8838ms, reset)
[w8:qr:pro] [api] 200 mode=pro startsWith=reconq
[w8:qr:pro] [api] 200 mode=pro startsWith=reconq (788ms direct)
[w8:qr:pro] "reconq" → 7 records, 7 words
[w8:qr:pro] "reconq" branch complete
[w8:qr:pro] Saved 24,710 worker words
[w8:qr:pro] Searching "reconr" | queue=51 | words=24710
[w8:qr:pro] Pacing 15s before "reconr" (gap=15500ms)
[w8:qr:pro] Managed Turnstile token (len=816, 8627ms, reset)
[w8:qr:pro] [api] 200 mode=pro startsWith=reconr
[w8:qr:pro] [api] 200 mode=pro startsWith=reconr (714ms direct)
[w8:qr:pro] "reconr" → 0 records, 0 words
[w8:qr:pro] "reconr" branch complete
[w8:qr:pro] Saved 24,710 worker words
[w8:qr:pro] Searching "recons" | queue=50 | words=24710
[w8:qr:pro] Pacing 15s before "recons" (gap=15500ms)
[w8:qr:pro] Managed Turnstile token (len=816, 7364ms, reset)
[w8:qr:pro] heartbeat words=24710 queue=50 rotation=17 idle=4s
[w8:qr:pro] [api] 200 mode=pro startsWith=recons
[w8:qr:pro] [api] 200 mode=pro startsWith=recons (766ms direct)
[w8:qr:pro] "recons" → 62 records, 62 words (incl. exact "recons")
[w8:qr:pro] "recons" branch complete
[w8:qr:pro] Saved 24,761 worker words
[w8:qr:pro] Searching "reconv" | queue=49 | words=24761
[w8:qr:pro] Pacing 15s before "reconv" (gap=15500ms)
[w8:qr:pro] Managed Turnstile token (len=816, 11670ms, reset)
[w8:qr:pro] [api] 200 mode=pro startsWith=reconv
[w8:qr:pro] [api] 200 mode=pro startsWith=reconv (682ms direct)
[w8:qr:pro] "reconv" → 42 records, 42 words
[w8:qr:pro] "reconv" branch complete
[w8:qr:pro] Saved 24,761 worker words
[w8:qr:pro] Searching "reconw" | queue=48 | words=24761
[w8:qr:pro] Pacing 15s before "reconw" (gap=15500ms)
[w8:qr:pro] Managed Turnstile token (len=816, 12061ms, reset)
[w8:qr:pro] [api] 200 mode=pro startsWith=reconw
[w8:qr:pro] [api] 200 mode=pro startsWith=reconw (807ms direct)
[w8:qr:pro] "reconw" → 0 records, 0 words
[w8:qr:pro] "reconw" branch complete
[w8:qr:pro] Saved 24,761 worker words
[w8:qr:pro] Searching "reconx" | queue=47 | words=24761
[w8:qr:pro] Pacing 15s before "reconx" (gap=15500ms)
[w8:qr:pro] Managed Turnstile token (len=816, 16844ms, reset)
[w8:qr:pro] [api] 200 mode=pro startsWith=reconx
[w8:qr:pro] [api] 200 mode=pro startsWith=reconx (741ms direct)
[w8:qr:pro] "reconx" → 0 records, 0 words
[w8:qr:pro] "reconx" branch complete
[w8:qr:pro] Saved 24,761 worker words
[w8:qr:pro] Searching "recony" | queue=46 | words=24761
[w8:qr:pro] Pacing 14s before "recony" (gap=15500ms)
[w8:qr:pro] heartbeat words=24761 queue=46 rotation=17 idle=6s
[w8:qr:pro] Site Turnstile remint timed out (24360ms)
[w8:qr:pro] Turnstile mint hard timeout after 28000ms
[w8:qr:pro] Site Turnstile remint timed out (28419ms)
[w8:qr:pro] heartbeat words=24761 queue=46 rotation=17 idle=14s
[w8:qr:pro] Turnstile token present (len=816)
[w8:qr:pro] Site Turnstile token (25418ms)
[w8:qr:pro] [api] 200 mode=pro startsWith=recony
[w8:qr:pro] [api] 200 mode=pro startsWith=recony (887ms direct)
[w8:qr:pro] "recony" → 0 records, 0 words
[w8:qr:pro] "recony" branch complete
[w8:qr:pro] Saved 24,761 worker words
[w8:qr:pro] Searching "reconz" | queue=45 | words=24761
[w8:qr:pro] Pacing 10s before "reconz" (gap=15500ms)
[w8:qr:pro] Site Turnstile remint timed out (25230ms)
[w8:qr:pro] heartbeat words=24761 queue=45 rotation=17 idle=20s
[w8:qr:pro] Site Turnstile remint timed out (24309ms)
[w8:qr:pro] Managed Turnstile token (len=816, 14030ms, remount)
[w8:qr:pro] [api] 200 mode=pro startsWith=reconz
[w8:qr:pro] [api] 200 mode=pro startsWith=reconz (1038ms direct)
[w8:qr:pro] "reconz" → 0 records, 0 words
[w8:qr:pro] "reconz" branch complete
[w8:qr:pro] Saved 24,761 worker words; shared last.txt now 311,497
[w8:qr:pro] Searching "redist" | queue=44 | words=24761
[w8:qr:pro] Pacing 15s before "redist" (gap=15500ms)
[w8:qr:pro] Managed Turnstile token (len=816, 12858ms, reset)
[w8:qr:pro] [api] 200 mode=pro startsWith=redist
[w8:qr:pro] [api] 200 mode=pro startsWith=redist (786ms direct)
[w8:qr:pro] "redist" → 35 records, 35 words
[w8:qr:pro] "redist" branch complete
[w8:qr:pro] Saved 24,761 worker words
[w8:qr:pro] Searching "redisu" | queue=43 | words=24761
[w8:qr:pro] Pacing 15s before "redisu" (gap=15500ms)
[w8:qr:pro] Managed Turnstile token (len=816, 11369ms, reset)
[w8:qr:pro] [api] 200 mode=pro startsWith=redisu
[w8:qr:pro] [api] 200 mode=pro startsWith=redisu (870ms direct)
[w8:qr:pro] "redisu" → 0 records, 0 words
[w8:qr:pro] "redisu" branch complete
[w8:qr:pro] Saved 24,761 worker words
[w8:qr:pro] Searching "redisv" | queue=42 | words=24761
[w8:qr:pro] Pacing 14s before "redisv" (gap=15500ms)
[w8:qr:pro] heartbeat words=24761 queue=42 rotation=17 idle=9s
[w8:qr:pro] Turnstile token present (len=816)
[w8:qr:pro] Site Turnstile token (22491ms)
[w8:qr:pro] [api] 200 mode=pro startsWith=redisv
[w8:qr:pro] [api] 200 mode=pro startsWith=redisv (813ms direct)
[w8:qr:pro] "redisv" → 0 records, 0 words
[w8:qr:pro] "redisv" branch complete
[w8:qr:pro] Saved 24,761 worker words
[w8:qr:pro] Searching "redisw" | queue=41 | words=24761
[w8:qr:pro] Pacing 14s before "redisw" (gap=15500ms)
[w8:qr:pro] Site Turnstile remint timed out (22932ms)
[w8:qr:pro] Turnstile token present (len=816)
[w8:qr:pro] Site Turnstile token (20433ms)
[w8:qr:pro] [api] 200 mode=pro startsWith=redisw
[w8:qr:pro] [api] 200 mode=pro startsWith=redisw (764ms direct)
[w8:qr:pro] "redisw" → 0 records, 0 words
[w8:qr:pro] "redisw" branch complete
[w8:qr:pro] Saved 24,761 worker words
[w8:qr:pro] Searching "redisx" | queue=40 | words=24761
[w8:qr:pro] Pacing 14s before "redisx" (gap=15500ms)
[w8:qr:pro] heartbeat words=24761 queue=40 rotation=17 idle=1s
[w8:qr:pro] Managed Turnstile token (len=816, 12909ms, remount)
[w8:qr:pro] [api] 200 mode=pro startsWith=redisx
[w8:qr:pro] [api] 200 mode=pro startsWith=redisx (1421ms direct)
[w8:qr:pro] "redisx" → 0 records, 0 words
[w8:qr:pro] "redisx" branch complete
[w8:qr:pro] Saved 24,761 worker words
[w8:qr:pro] Searching "redisy" | queue=39 | words=24761
[w8:qr:pro] Pacing 14s before "redisy" (gap=15500ms)
[w8:qr:pro] Turnstile token present (len=816)
[w8:qr:pro] Site Turnstile token (21078ms)
[w8:qr:pro] [api] 200 mode=pro startsWith=redisy
[w8:qr:pro] [api] 200 mode=pro startsWith=redisy (604ms direct)
[w8:qr:pro] "redisy" → 0 records, 0 words
[w8:qr:pro] "redisy" branch complete
[w8:qr:pro] Saved 24,761 worker words
[w8:qr:pro] Searching "redisz" | queue=38 | words=24761
[w8:qr:pro] Pacing 14s before "redisz" (gap=15500ms)
[w8:qr:pro] heartbeat words=24761 queue=38 rotation=17 idle=23s
[w8:qr:pro] Turnstile token present (len=816)
[w8:qr:pro] Site Turnstile token (26208ms)
[w8:qr:pro] [api] 200 mode=pro startsWith=redisz
[w8:qr:pro] [api] 200 mode=pro startsWith=redisz (997ms direct)
[w8:qr:pro] "redisz" → 0 records, 0 words
[w8:qr:pro] "redisz" branch complete
[w8:qr:pro] Saved 24,761 worker words
[w8:qr:pro] Searching "repres" | queue=37 | words=24761
[w8:qr:pro] Pacing 11s before "repres" (gap=15500ms)
[w8:qr:pro] Turnstile mint hard timeout after 28000ms
[w8:qr:pro] Site Turnstile remint timed out (32657ms)
[w8:qr:pro] heartbeat words=24761 queue=37 rotation=17 idle=23s
[w8:qr:pro] Site Turnstile remint timed out (27614ms)
[w8:qr:pro] Turnstile token present (len=816)
[w8:qr:pro] Site Turnstile token (22664ms)
[w8:qr:pro] [api] 200 mode=pro startsWith=repres
[w8:qr:pro] [api] 200 mode=pro startsWith=repres (574ms direct)
[w8:qr:pro] "repres" → 79 records, 79 words
[w8:qr:pro] "repres" branch complete
[w8:qr:pro] Saved 24,761 worker words; shared last.txt now 312,279
[w8:qr:pro] Searching "repret" | queue=36 | words=24761
[w8:qr:pro] Pacing 15s before "repret" (gap=15500ms)
[w8:qr:pro] Turnstile token present (len=816)
[w8:qr:pro] Site Turnstile token (21646ms)
[w8:qr:pro] [api] 200 mode=pro startsWith=repret
[w8:qr:pro] [api] 200 mode=pro startsWith=repret (801ms direct)
[w8:qr:pro] "repret" → 0 records, 0 words
[w8:qr:pro] "repret" branch complete
[w8:qr:pro] Saved 24,761 worker words
[w8:qr:pro] Searching "repreu" | queue=35 | words=24761
[w8:qr:pro] Pacing 14s before "repreu" (gap=15500ms)
[w8:qr:pro] heartbeat words=24761 queue=35 rotation=17 idle=13s
[w8:qr:pro] Managed Turnstile token (len=816, 16714ms, remount)
[w8:qr:pro] [api] 200 mode=pro startsWith=repreu
[w8:qr:pro] [api] 200 mode=pro startsWith=repreu (633ms direct)
[w8:qr:pro] "repreu" → 0 records, 0 words
[w8:qr:pro] "repreu" branch complete
[w8:qr:pro] Saved 24,761 worker words
[w8:qr:pro] Searching "reprev" | queue=34 | words=24761
[w8:qr:pro] Pacing 15s before "reprev" (gap=15500ms)
[w8:qr:pro] Turnstile token present (len=816)
[w8:qr:pro] Site Turnstile token (21549ms)
[w8:qr:pro] [api] 200 mode=pro startsWith=reprev
[w8:qr:pro] [api] 200 mode=pro startsWith=reprev (988ms direct)
[w8:qr:pro] "reprev" → 0 records, 0 words
[w8:qr:pro] "reprev" branch complete
[w8:qr:pro] Saved 24,761 worker words
[w8:qr:pro] Searching "reprew" | queue=33 | words=24761
[w8:qr:pro] Pacing 14s before "reprew" (gap=15500ms)
[w8:qr:pro] Managed Turnstile token (len=816, 18023ms, remount)
[w8:qr:pro] [api] 200 mode=pro startsWith=reprew
[w8:qr:pro] [api] 200 mode=pro startsWith=reprew (1315ms direct)
[w8:qr:pro] "reprew" → 0 records, 0 words
[w8:qr:pro] "reprew" branch complete
[w8:qr:pro] Saved 24,761 worker words
[w8:qr:pro] Searching "reprex" | queue=32 | words=24761
[w8:qr:pro] Pacing 12s before "reprex" (gap=15500ms)
[w8:qr:pro] heartbeat words=24761 queue=32 rotation=17 idle=10s
[w8:qr:pro] Managed Turnstile token (len=816, 20306ms, reset)
[w8:qr:pro] [api] 200 mode=pro startsWith=reprex
[w8:qr:pro] [api] 200 mode=pro startsWith=reprex (1222ms direct)
[w8:qr:pro] "reprex" → 0 records, 0 words
[w8:qr:pro] "reprex" branch complete
[w8:qr:pro] Saved 24,761 worker words
[w8:qr:pro] Searching "reprey" | queue=31 | words=24761
[w8:qr:pro] Pacing 12s before "reprey" (gap=15500ms)
[w8:qr:pro] Managed Turnstile token (len=816, 20177ms, reset)
[w8:qr:pro] [api] 200 mode=pro startsWith=reprey
[w8:qr:pro] [api] 200 mode=pro startsWith=reprey (564ms direct)
[w8:qr:pro] "reprey" → 0 records, 0 words
[w8:qr:pro] "reprey" branch complete
[w8:qr:pro] Saved 24,761 worker words
[w8:qr:pro] Searching "reprez" | queue=30 | words=24761
[w8:qr:pro] Pacing 12s before "reprez" (gap=15500ms)
[w8:qr:pro] Managed Turnstile token (len=816, 21769ms, reset)
[w8:qr:pro] [api] 200 mode=pro startsWith=reprez
[w8:qr:pro] [api] 200 mode=pro startsWith=reprez (715ms direct)
[w8:qr:pro] "reprez" → 0 records, 0 words
[w8:qr:pro] "reprez" branch complete
[w8:qr:pro] Saved 24,761 worker words
[w8:qr:pro] Searching "reprov" | queue=29 | words=24761
[w8:qr:pro] Pacing 14s before "reprov" (gap=15500ms)
[w8:qr:pro] heartbeat words=24761 queue=29 rotation=17 idle=5s
[w8:qr:pro] Turnstile token present (len=816)
[w8:qr:pro] Site Turnstile token (21649ms)
[w8:qr:pro] [api] 200 mode=pro startsWith=reprov
[w8:qr:pro] [api] 200 mode=pro startsWith=reprov (607ms direct)
[w8:qr:pro] "reprov" → 20 records, 20 words
[w8:qr:pro] "reprov" branch complete
[w8:qr:pro] Saved 24,761 worker words; shared last.txt now 312,915
[w8:qr:pro] Searching "reprow" | queue=28 | words=24761
[w8:qr:pro] Pacing 3s before "reprow" (gap=15500ms)
[w8:qr:pro] Turnstile mint hard timeout after 28000ms
[w8:qr:pro] Site Turnstile remint timed out (28674ms)
[w8:qr:pro] heartbeat words=24761 queue=28 rotation=17 idle=13s
[w8:qr:pro] Turnstile token present (len=816)
[w8:qr:pro] Site Turnstile token (20984ms)
[w8:qr:pro] [api] 200 mode=pro startsWith=reprow
[w8:qr:pro] [api] 200 mode=pro startsWith=reprow (577ms direct)
[w8:qr:pro] "reprow" → 0 records, 0 words
[w8:qr:pro] "reprow" branch complete
[w8:qr:pro] Saved 24,761 worker words
[w8:qr:pro] Searching "reprox" | queue=27 | words=24761
[w8:qr:pro] Pacing 14s before "reprox" (gap=15500ms)
[w8:qr:pro] Managed Turnstile token (len=816, 13407ms, remount)
[w8:qr:pro] [api] 200 mode=pro startsWith=reprox
[w8:qr:pro] [api] 200 mode=pro startsWith=reprox (503ms direct)
[w8:qr:pro] "reprox" → 0 records, 0 words
[w8:qr:pro] "reprox" branch complete
[w8:qr:pro] Saved 24,761 worker words
[w8:qr:pro] Searching "reproy" | queue=26 | words=24761
[w8:qr:pro] Pacing 15s before "reproy" (gap=15500ms)
[w8:qr:pro] Managed Turnstile token (len=816, 11340ms, reset)
[w8:qr:pro] [api] 200 mode=pro startsWith=reproy
[w8:qr:pro] [api] 200 mode=pro startsWith=reproy (491ms direct)
[w8:qr:pro] "reproy" → 0 records, 0 words
[w8:qr:pro] "reproy" branch complete
[w8:qr:pro] Saved 24,761 worker words
[w8:qr:pro] Searching "reproz" | queue=25 | words=24761
[w8:qr:pro] Pacing 15s before "reproz" (gap=15500ms)
[w8:qr:pro] Managed Turnstile token (len=816, 7496ms, reset)
[w8:qr:pro] [api] 200 mode=pro startsWith=reproz
[w8:qr:pro] [api] 200 mode=pro startsWith=reproz (621ms direct)
[w8:qr:pro] "reproz" → 0 records, 0 words
[w8:qr:pro] "reproz" branch complete
[w8:qr:pro] Saved 24,761 worker words
[w8:qr:pro] Searching "retran" | queue=24 | words=24761
[w8:qr:pro] Pacing 15s before "retran" (gap=15500ms)
[w8:qr:pro] heartbeat words=24761 queue=24 rotation=17 idle=6s
[w8:qr:pro] Turnstile token present (len=816)
[w8:qr:pro] Site Turnstile token (25870ms)
[w8:qr:pro] [api] 200 mode=pro startsWith=retran
[w8:qr:pro] [api] 200 mode=pro startsWith=retran (791ms direct)
[w8:qr:pro] "retran" → 41 records, 41 words
[w8:qr:pro] "retran" branch complete
[w8:qr:pro] Saved 24,761 worker words
[w8:qr:pro] Searching "retrao" | queue=23 | words=24761
[w8:qr:pro] Pacing 15s before "retrao" (gap=15500ms)
[w8:qr:pro] Turnstile token present (len=816)
[w8:qr:pro] Site Turnstile token (20136ms)
[w8:qr:pro] [api] 200 mode=pro startsWith=retrao
[w8:qr:pro] [api] 200 mode=pro startsWith=retrao (573ms direct)
[w8:qr:pro] "retrao" → 0 records, 0 words
[w8:qr:pro] "retrao" branch complete
[w8:qr:pro] Saved 24,761 worker words
[w8:qr:pro] Searching "retrap" | queue=22 | words=24761
[w8:qr:pro] Pacing 15s before "retrap" (gap=15500ms)
[w8:qr:pro] heartbeat words=24761 queue=22 rotation=17 idle=18s
[w8:qr:pro] Turnstile token present (len=816)
[w8:qr:pro] Site Turnstile token (20964ms)
[w8:qr:pro] [api] 200 mode=pro startsWith=retrap
[w8:qr:pro] [api] 200 mode=pro startsWith=retrap (706ms direct)
[w8:qr:pro] "retrap" → 0 records, 0 words
[w8:qr:pro] "retrap" branch complete
[w8:qr:pro] Saved 24,761 worker words
[w8:qr:pro] Searching "retraq" | queue=21 | words=24761
[w8:qr:pro] Pacing 14s before "retraq" (gap=15500ms)
[w8:qr:pro] Turnstile token present (len=816)
[w8:qr:pro] Site Turnstile token (21460ms)
[w8:qr:pro] [api] 200 mode=pro startsWith=retraq
[w8:qr:pro] [api] 200 mode=pro startsWith=retraq (658ms direct)
[w8:qr:pro] "retraq" → 0 records, 0 words
[w8:qr:pro] "retraq" branch complete
[w8:qr:pro] Saved 24,761 worker words; shared last.txt now 314,280
[w8:qr:pro] Searching "retrar" | queue=20 | words=24761
[w8:qr:pro] Pacing 10s before "retrar" (gap=15500ms)
[w8:qr:pro] Site Turnstile remint timed out (25934ms)
[w8:qr:pro] heartbeat words=24761 queue=20 rotation=17 idle=7s
[w8:qr:pro] Site Turnstile remint timed out (24644ms)
[w8:qr:pro] Managed Turnstile token (len=816, 17389ms, remount)
[w8:qr:pro] [api] 200 mode=pro startsWith=retrar
[w8:qr:pro] [api] 200 mode=pro startsWith=retrar (760ms direct)
[w8:qr:pro] "retrar" → 0 records, 0 words
[w8:qr:pro] "retrar" branch complete
[w8:qr:pro] Saved 24,761 worker words
[w8:qr:pro] Searching "retras" | queue=19 | words=24761
[w8:qr:pro] Pacing 15s before "retras" (gap=15500ms)
[w8:qr:pro] Managed Turnstile token (len=816, 10988ms, reset)
[w8:qr:pro] [api] 429 mode=pro startsWith=retras
[w8:qr:pro] [api] 429 mode=pro startsWith=retras (500ms direct)
[w8:qr:pro] Learned server gap ≈ 15500ms (wait hint 2000ms)
[w8:qr:pro] Rate limited — inline wait 2000ms then retry "retras"
[w8:qr:pro] heartbeat words=24761 queue=19 rotation=17 idle=8s
[w8:qr:pro] Managed Turnstile token (len=816, 8622ms, reset)
[w8:qr:pro] [api] 200 mode=pro startsWith=retras
[w8:qr:pro] [api] 200 mode=pro startsWith=retras (561ms direct)
[w8:qr:pro] "retras" → 0 records, 0 words
[w8:qr:pro] "retras" branch complete
[w8:qr:pro] Saved 24,761 worker words
[w8:qr:pro] Searching "retrat" | queue=18 | words=24761
[w8:qr:pro] Pacing 15s before "retrat" (gap=15500ms)
[w8:qr:pro] Managed Turnstile token (len=816, 13740ms, reset)
[w8:qr:pro] [api] 200 mode=pro startsWith=retrat
[w8:qr:pro] [api] 200 mode=pro startsWith=retrat (551ms direct)
[w8:qr:pro] "retrat" → 4 records, 4 words
[w8:qr:pro] "retrat" branch complete
[w8:qr:pro] Saved 24,765 worker words
[w8:qr:pro] Searching "retrau" | queue=17 | words=24765
[w8:qr:pro] Pacing 13s before "retrau" (gap=15500ms)
[w8:qr:pro] Managed Turnstile token (len=816, 9070ms, reset)
[w8:qr:pro] [api] 200 mode=pro startsWith=retrau
[w8:qr:pro] [api] 200 mode=pro startsWith=retrau (545ms direct)
[w8:qr:pro] "retrau" → 0 records, 0 words
[w8:qr:pro] "retrau" branch complete
[w8:qr:pro] Saved 24,765 worker words
[w8:qr:pro] Searching "retrav" | queue=16 | words=24765
[w8:qr:pro] Pacing 15s before "retrav" (gap=15500ms)
[w8:qr:pro] Managed Turnstile token (len=816, 17667ms, reset)
[w8:qr:pro] [api] 200 mode=pro startsWith=retrav
[w8:qr:pro] [api] 200 mode=pro startsWith=retrav (646ms direct)
[w8:qr:pro] "retrav" → 4 records, 4 words
[w8:qr:pro] "retrav" branch complete
[w8:qr:pro] Saved 24,769 worker words
[w8:qr:pro] Searching "retraw" | queue=15 | words=24769
[w8:qr:pro] Pacing 14s before "retraw" (gap=15500ms)
[w8:qr:pro] heartbeat words=24769 queue=15 rotation=17 idle=8s
[w8:qr:pro] Turnstile token present (len=816)
[w8:qr:pro] Site Turnstile token (22563ms)
[w8:qr:pro] [api] 200 mode=pro startsWith=retraw
[w8:qr:pro] [api] 200 mode=pro startsWith=retraw (709ms direct)
[w8:qr:pro] "retraw" → 0 records, 0 words
[w8:qr:pro] "retraw" branch complete
[w8:qr:pro] Saved 24,769 worker words
[w8:qr:pro] Searching "retrax" | queue=14 | words=24769
[w8:qr:pro] Pacing 12s before "retrax" (gap=15500ms)
[w8:qr:pro] Managed Turnstile token (len=816, 16215ms, remount)
[w8:qr:pro] [api] 200 mode=pro startsWith=retrax
[w8:qr:pro] [api] 200 mode=pro startsWith=retrax (508ms direct)
[w8:qr:pro] "retrax" → 1 records, 1 words
[w8:qr:pro] "retrax" branch complete
[w8:qr:pro] Saved 24,770 worker words
[w8:qr:pro] Searching "retray" | queue=13 | words=24770
[w8:qr:pro] Pacing 15s before "retray" (gap=15500ms)
[w8:qr:pro] Turnstile token present (len=816)
[w8:qr:pro] Site Turnstile token (27097ms)
[w8:qr:pro] heartbeat words=24770 queue=13 rotation=17 idle=0s
[w8:qr:pro] [api] 200 mode=pro startsWith=retray
[w8:qr:pro] [api] 200 mode=pro startsWith=retray (718ms direct)
[w8:qr:pro] "retray" → 0 records, 0 words
[w8:qr:pro] "retray" branch complete
[w8:qr:pro] Saved 24,770 worker words; shared last.txt now 315,218
[w8:qr:pro] Searching "retraz" | queue=12 | words=24770
[w8:qr:pro] Turnstile mint hard timeout after 28000ms
[w8:qr:pro] Site Turnstile remint timed out (45693ms)
[w8:qr:pro] heartbeat words=24770 queue=12 rotation=17 idle=13s
[w8:qr:pro] Turnstile mint hard timeout after 28000ms
[w8:qr:pro] Turnstile mint hard timeout after 28000ms
[w8:qr:pro] Site Turnstile remint timed out (33001ms)
[w8:qr:pro] Managed Turnstile token (len=816, 15865ms, remount)
[w8:qr:pro] [api] 200 mode=pro startsWith=retraz
[w8:qr:pro] [api] 200 mode=pro startsWith=retraz (548ms direct)
[w8:qr:pro] "retraz" → 0 records, 0 words
[w8:qr:pro] "retraz" branch complete
[w8:qr:pro] Saved 24,770 worker words
[w8:qr:pro] Searching "retrog" | queue=11 | words=24770
[w8:qr:pro] Pacing 15s before "retrog" (gap=15500ms)
[w8:qr:pro] Managed Turnstile token (len=816, 5537ms, reset)
[w8:qr:pro] heartbeat words=24770 queue=11 rotation=17 idle=3s
[w8:qr:pro] [api] 200 mode=pro startsWith=retrog
[w8:qr:pro] [api] 200 mode=pro startsWith=retrog (508ms direct)
[w8:qr:pro] "retrog" → 27 records, 27 words
[w8:qr:pro] "retrog" branch complete
[w8:qr:pro] Saved 24,788 worker words
[w8:qr:pro] Searching "retroh" | queue=10 | words=24788
[w8:qr:pro] Pacing 15s before "retroh" (gap=15500ms)
[w8:qr:pro] Turnstile token present (len=816)
[w8:qr:pro] Site Turnstile token (24477ms)
[w8:qr:pro] [api] 200 mode=pro startsWith=retroh
[w8:qr:pro] [api] 200 mode=pro startsWith=retroh (584ms direct)
[w8:qr:pro] "retroh" → 1 records, 1 words
[w8:qr:pro] "retroh" branch complete
[w8:qr:pro] Saved 24,789 worker words
[w8:qr:pro] Searching "retroi" | queue=9 | words=24789
[w8:qr:pro] Pacing 14s before "retroi" (gap=15500ms)
[w8:qr:pro] heartbeat words=24789 queue=9 rotation=17 idle=27s
[w8:qr:pro] Site Turnstile remint timed out (27512ms)
[w8:qr:pro] Site Turnstile remint timed out (24620ms)
[w8:qr:pro] Site Turnstile remint timed out (25077ms)
[w8:qr:pro] heartbeat words=24789 queue=9 rotation=17 idle=10s
[w8:qr:pro] Turnstile mint hard timeout after 28000ms
[w8:qr:pro] Failed "retroi" attempt 1: No Turnstile token for direct search
[w8:qr:pro] Saved 24,789 worker words
[w8:qr:pro] Turnstile miss — soft reload before rotate
[w8:qr:pro] Site Turnstile remint timed out (35317ms)
[w8:qr:pro] Site Turnstile remint timed out (1621592ms)
[w8:qr:pro] Site Turnstile remint timed out (230346ms)
[w8:qr:pro] Turnstile token present (len=816)
[w8:qr:pro] Site Turnstile token (14186ms)
[w8:qr:pro] Searching "retroi" | queue=9 | words=24789
[w8:qr:pro] [api] 200 mode=pro startsWith=retroi
[w8:qr:pro] [api] 200 mode=pro startsWith=retroi (489ms direct)
[w8:qr:pro] "retroi" → 3 records, 3 words
[w8:qr:pro] "retroi" branch complete
[w8:qr:pro] Saved 24,792 worker words
[w8:qr:pro] Searching "retroj" | queue=8 | words=24792
[w8:qr:pro] Pacing 15s before "retroj" (gap=15500ms)
[w8:qr:pro] Managed Turnstile token (len=816, 4446ms, remount)
[w8:qr:pro] [api] 200 mode=pro startsWith=retroj
[w8:qr:pro] [api] 200 mode=pro startsWith=retroj (511ms direct)
[w8:qr:pro] "retroj" → 7 records, 7 words
[w8:qr:pro] "retroj" branch complete
[w8:qr:pro] Saved 24,799 worker words
[w8:qr:pro] Searching "retrok" | queue=7 | words=24799
[w8:qr:pro] Pacing 15s before "retrok" (gap=15500ms)
[w8:qr:pro] heartbeat words=24799 queue=7 rotation=17 idle=5s
[w8:qr:pro] Turnstile token present (len=837)
[w8:qr:pro] Site Turnstile token (20278ms)
[w8:qr:pro] [api] 200 mode=pro startsWith=retrok
[w8:qr:pro] [api] 200 mode=pro startsWith=retrok (502ms direct)
[w8:qr:pro] "retrok" → 0 records, 0 words
[w8:qr:pro] "retrok" branch complete
[w8:qr:pro] Saved 24,799 worker words
[w8:qr:pro] Searching "retrol" | queue=6 | words=24799
[w8:qr:pro] Pacing 15s before "retrol" (gap=15500ms)
[w8:qr:pro] Managed Turnstile token (len=816, 8920ms, remount)
[w8:qr:pro] [api] 200 mode=pro startsWith=retrol
[w8:qr:pro] [api] 200 mode=pro startsWith=retrol (610ms direct)
[w8:qr:pro] "retrol" → 5 records, 5 words
[w8:qr:pro] "retrol" branch complete
[w8:qr:pro] Saved 24,801 worker words; shared last.txt now 316,700
[w8:qr:pro] Searching "retrox" | queue=5 | words=24801
[w8:qr:pro] Pacing 14s before "retrox" (gap=15500ms)
[w8:qr:pro] Managed Turnstile token (len=816, 8490ms, reset)
[w8:qr:pro] [api] 200 mode=pro startsWith=retrox
[w8:qr:pro] [api] 200 mode=pro startsWith=retrox (582ms direct)
[w8:qr:pro] "retrox" → 1 records, 1 words
[w8:qr:pro] "retrox" branch complete
[w8:qr:pro] Saved 24,801 worker words
[w8:qr:pro] Searching "retroy" | queue=4 | words=24801
[w8:qr:pro] Pacing 14s before "retroy" (gap=15500ms)
[w8:qr:pro] heartbeat words=24801 queue=4 rotation=17 idle=12s
[w8:qr:pro] Turnstile token present (len=816)
[w8:qr:pro] Site Turnstile token (24801ms)
[w8:qr:pro] [api] 200 mode=pro startsWith=retroy
[w8:qr:pro] [api] 200 mode=pro startsWith=retroy (606ms direct)
[w8:qr:pro] "retroy" → 0 records, 0 words
[w8:qr:pro] "retroy" branch complete
[w8:qr:pro] Saved 24,801 worker words
[w8:qr:pro] Searching "retroz" | queue=3 | words=24801
[w8:qr:pro] Pacing 14s before "retroz" (gap=15500ms)
[w8:qr:pro] Turnstile token present (len=816)
[w8:qr:pro] Site Turnstile token (25017ms)
[w8:qr:pro] [api] 200 mode=pro startsWith=retroz
[w8:qr:pro] [api] 200 mode=pro startsWith=retroz (726ms direct)
[w8:qr:pro] "retroz" → 0 records, 0 words
[w8:qr:pro] "retroz" branch complete
[w8:qr:pro] Saved 24,801 worker words
[w8:qr:pro] Searching "revery" | queue=2 | words=24801
[w8:qr:pro] Pacing 13s before "revery" (gap=15500ms)
[w8:qr:pro] heartbeat words=24801 queue=2 rotation=17 idle=19s
[w8:qr:pro] Turnstile mint hard timeout after 28000ms
[w8:qr:pro] Turnstile mint hard timeout after 28000ms
[w8:qr:pro] heartbeat words=24801 queue=2 rotation=17 idle=23s
[w8:qr:pro] Turnstile token present (len=816)
[w8:qr:pro] Site Turnstile token (23535ms)
[w8:qr:pro] [api] 200 mode=pro startsWith=revery
[w8:qr:pro] [api] 200 mode=pro startsWith=revery (517ms direct)
[w8:qr:pro] "revery" → 1 records, 1 words (incl. exact "revery")
[w8:qr:pro] "revery" branch complete
[w8:qr:pro] Saved 24,801 worker words
[w8:qr:pro] Searching "reverz" | queue=1 | words=24801
[w8:qr:pro] Pacing 15s before "reverz" (gap=15500ms)
[w8:qr:pro] Managed Turnstile token (len=816, 5034ms, remount)
[w8:qr:pro] [api] 200 mode=pro startsWith=reverz
[w8:qr:pro] [api] 200 mode=pro startsWith=reverz (523ms direct)
[w8:qr:pro] "reverz" → 0 records, 0 words
[w8:qr:pro] "reverz" branch complete
[w8:qr:pro] Saved 24,801 worker words
[w8:qr:pro] Searching "romanz" | queue=0 | words=24801
[w8:qr:pro] Pacing 15s before "romanz" (gap=15500ms)
[w8:qr:pro] Managed Turnstile token (len=816, 5055ms, reset)
[w8:qr:pro] [api] 200 mode=pro startsWith=romanz
[w8:qr:pro] [api] 200 mode=pro startsWith=romanz (537ms direct)
[w8:qr:pro] "romanz" → 2 records, 2 words
[w8:qr:pro] "romanz" branch complete
[w8:qr:pro] Saved 24,801 worker words
[w8:qr:pro] Saved 24,801 worker words
[w8:qr:pro] Worker done. prefixes=3512 words=24801
[w8:qr:pro] Tor exited code=0
[w8:qr:pro] Site Turnstile remint timed out (88306ms)
[w8:qr:pro] Site Turnstile remint timed out (4712ms)
[w8:qr:pro] Site Turnstile remint timed out (116649ms)
--- helper respawn 2026-08-05T20:57:59Z (p-queue assist for w7) ---
[w8:qr:pro] IP mode=tor
[w8:qr:pro] Cleaned 1 old rotated profile(s)
[w8:qr:pro] Starting Tor gen=1 socks=127.0.0.1:19058 (try 1)
[w8:qr:pro] tor: Aug 05 15:58:01.977 [notice] Configuration file "/opt/homebrew/etc/tor/torrc" not present, using reasonable defaults.
Aug 05 15:58:01.978 [notice] Opening Socks
[w8:qr:pro] tor: Aug 05 15:58:03.000 [notice] Bootstrapped 0% (starting): Starting
Aug 05 15:58:03.000 [notice] Starting with guard context "default"
[w8:qr:pro] tor: Aug 05 15:58:04.000 [notice] Bootstrapped 5% (conn): Connecting to a relay
Aug 05 15:58:04.000 [notice] Bootstrapped 10% (conn_done): Connected to a relay
[w8:qr:pro] tor: Aug 05 15:58:06.000 [notice] Bootstrapped 14% (handshake): Handshaking with a relay
[w8:qr:pro] tor: Aug 05 15:58:07.000 [notice] Bootstrapped 15% (handshake_done): Handshake with a relay done
Aug 05 15:58:07.000 [notice] Bootstrapped 20% (onehop_create): Estab
[w8:qr:pro] tor: Aug 05 15:58:07.000 [notice] Bootstrapped 25% (requesting_status): Asking for networkstatus consensus
[w8:qr:pro] tor: Aug 05 15:58:07.000 [notice] Bootstrapped 30% (loading_status): Loading networkstatus consensus
[w8:qr:pro] tor: Aug 05 15:58:10.000 [notice] Bootstrapped 40% (loading_keys): Loading authority key certs
[w8:qr:pro] tor: Aug 05 15:58:12.000 [notice] The current consensus has no exit nodes. Tor can only build internal paths, such as paths to onion services.
Aug 05 15:58:12.000 [n
[w8:qr:pro] tor: Aug 05 15:58:13.000 [notice] Bootstrapped 50% (loading_descriptors): Loading relay descriptors

--- p-helper start 2026-08-05T21:02:40.452Z queue=130 ---
[w8:qr:pro] IP mode=tor
[w8:qr:pro] Starting Tor gen=1 socks=127.0.0.1:19058 (try 1)
[w8:qr:pro] tor: Aug 05 16:02:41.019 [notice] Opened Socks listener connection (ready) on 127.0.0.1:19058
Aug 05 16:02:41.019 [warn] Fixing permissions on directory /tmp/lll-tor
[w8:qr:pro] tor: Aug 05 16:02:41.000 [notice] Bootstrapped 0% (starting): Starting
[w8:qr:pro] tor: Aug 05 16:02:42.000 [notice] Bootstrapped 5% (conn): Connecting to a relay
[w8:qr:pro] tor: Aug 05 16:02:42.000 [notice] Bootstrapped 10% (conn_done): Connected to a relay
[w8:qr:pro] tor: Aug 05 16:02:45.000 [notice] Bootstrapped 14% (handshake): Handshaking with a relay
[w8:qr:pro] tor: Aug 05 16:02:46.000 [notice] Bootstrapped 15% (handshake_done): Handshake with a relay done
Aug 05 16:02:46.000 [notice] Bootstrapped 20% (onehop_create): Estab
[w8:qr:pro] tor: Aug 05 16:02:46.000 [notice] Bootstrapped 25% (requesting_status): Asking for networkstatus consensus
[w8:qr:pro] tor: Aug 05 16:02:46.000 [notice] Bootstrapped 30% (loading_status): Loading networkstatus consensus
[w8:qr:pro] tor: Aug 05 16:02:48.000 [notice] Bootstrapped 40% (loading_keys): Loading authority key certs
[w8:qr:pro] tor: Aug 05 16:02:50.000 [notice] Bootstrapped 45% (requesting_descriptors): Asking for relay descriptors
Aug 05 16:02:50.000 [notice] I learned some more directory 
[w8:qr:pro] tor: Aug 05 16:02:52.000 [notice] Bootstrapped 50% (loading_descriptors): Loading relay descriptors

--- p-helper start 2026-08-05T21:05:01.022Z queue=130 ---
[w8:qr:pro] IP mode=list
[w8:qr:pro] Launching persistent Chrome profile /tmp/lll-pw-w8-r0
[w8:qr:pro] Proxy list#9 socks5://103.111.136.82:8199
[w8:qr:pro] Opening https://lastletterlibrary.com
[w8:qr:pro] page.goto failed attempt 1: page.goto: net::ERR_TIMED_OUT at https://lastletterlibrary.com/
Call log:
  - navigating to "https://lastletterlibrary.c
[w8:qr:pro] Library mode=pro
[w8:qr:pro] Search mode=direct (skip UI Wait Ns… gate)
[w8:qr:pro] Loaded 3512 prefixes, 24801 words; queue=130
[w8:qr:pro] Searching "plae" | queue=129 | words=24801
[w8:qr:pro] heartbeat words=24801 queue=129 rotation=0 idle=60s
[w8:qr:pro] heartbeat words=24801 queue=129 rotation=0 idle=120s
[w8:qr:pro] Failed "plae" attempt 1: No Turnstile token for direct search
[w8:qr:pro] Saved 24,801 worker words
[w8:qr:pro] Turnstile miss — soft reload before rotate
[w8:qr:pro] Soft reload failed: page.goto: net::ERR_TIMED_OUT at https://lastletterlibrary.com/
Call log:
  - navigating to "https://lastletterlibrary.c
[w8:qr:pro] Searching "plae" | queue=129 | words=24801

--- p-helper start 2026-08-05T21:10:21.555Z queue=130 ---
[w8:qr:pro] IP mode=list
[w8:qr:pro] Cleaned 1 old rotated profile(s)
[w8:qr:pro] Launching persistent Chrome profile /tmp/lll-pw-w8-r0
[w8:qr:pro] Proxy list#9 socks5://103.111.136.82:8199
[w8:qr:pro] Opening https://lastletterlibrary.com
[w8:qr:pro] Library mode=pro
[w8:qr:pro] Search mode=direct (skip UI Wait Ns… gate)
[w8:qr:pro] Loaded 3512 prefixes, 24801 words; queue=130
[w8:qr:pro] Searching "plae" | queue=129 | words=24801

--- p-helper daemon start 2026-08-05T21:13:47Z queue=130 ---
[w8:qr:pro] IP mode=list
[w8:qr:pro] Cleaned 1 old rotated profile(s)
[w8:qr:pro] Launching persistent Chrome profile /tmp/lll-pw-w8-r0
[w8:qr:pro] Proxy list#9 socks5://103.111.136.82:8199
[w8:qr:pro] Opening https://lastletterlibrary.com
[w8:qr:pro] page.goto failed attempt 1: page.goto: net::ERR_TIMED_OUT at https://lastletterlibrary.com/
Call log:
  - navigating to "https://lastletterlibrary.c
[w8:qr:pro] Library mode=pro
[w8:qr:pro] Managed Turnstile token (len=816, 10842ms, remount)
[w8:qr:pro] Search mode=direct (skip UI Wait Ns… gate)
[w8:qr:pro] Loaded 3512 prefixes, 24801 words; queue=130
[w8:qr:pro] Searching "plae" | queue=129 | words=24801
[w8:qr:pro] [api] 200 mode=pro startsWith=plae
[w8:qr:pro] [api] 200 mode=pro startsWith=plae (928ms direct)
[w8:qr:pro] "plae" → 0 records, 0 words
[w8:qr:pro] "plae" branch complete
[w8:qr:pro] Saved 24,801 worker words
[w8:qr:pro] Searching "plaj" | queue=128 | words=24801
[w8:qr:pro] Pacing 13s before "plaj" (gap=15500ms)
[w8:qr:pro] Managed Turnstile token (len=816, 9465ms, reset)
[w8:qr:pro] [api] 200 mode=pro startsWith=plaj
[w8:qr:pro] [api] 200 mode=pro startsWith=plaj (837ms direct)
[w8:qr:pro] "plaj" → 0 records, 0 words
[w8:qr:pro] "plaj" branch complete
[w8:qr:pro] Saved 24,801 worker words
[w8:qr:pro] Searching "plao" | queue=127 | words=24801
[w8:qr:pro] Pacing 14s before "plao" (gap=15500ms)
[w8:qr:pro] Managed Turnstile token (len=816, 10645ms, reset)
[w8:qr:pro] [api] 200 mode=pro startsWith=plao
[w8:qr:pro] [api] 200 mode=pro startsWith=plao (787ms direct)
[w8:qr:pro] "plao" → 0 records, 0 words
[w8:qr:pro] "plao" branch complete
[w8:qr:pro] Saved 24,801 worker words
[w8:qr:pro] Searching "plat" | queue=126 | words=24801
[w8:qr:pro] Pacing 13s before "plat" (gap=15500ms)
[w8:qr:pro] Managed Turnstile token (len=816, 8484ms, reset)
[w8:qr:pro] [api] 200 mode=pro startsWith=plat
[w8:qr:pro] [api] 200 mode=pro startsWith=plat (793ms direct)
[w8:qr:pro] "plat" → 100 records, 100 words (incl. exact "plat")
[w8:qr:pro] Pacing 15s before "plat" (gap=15500ms)
[w8:qr:pro] Managed Turnstile token (len=816, 5767ms, reset)
[w8:qr:pro] heartbeat words=24901 queue=126 rotation=0 idle=6s
[w8:qr:pro] [api] 200 mode=pro startsWith=plat
[w8:qr:pro] [api] 200 mode=pro startsWith=plat sort=alphabetical:desc (771ms direct)
[w8:qr:pro] "plat" full page ends at "platinamine" (next='i'); skip 10 covered groups → 18 children reverse Z→A ends at "platycephalidae" (lo='y' hi='y'); skip 0 middle + 100 new words
[w8:qr:pro] Saved 25,001 worker words
[w8:qr:pro] Searching "play" | queue=143 | words=25001
[w8:qr:pro] Pacing 15s before "play" (gap=15500ms)
[w8:qr:pro] Managed Turnstile token (len=816, 5580ms, reset)
[w8:qr:pro] [api] 200 mode=pro startsWith=play
[w8:qr:pro] [api] 200 mode=pro startsWith=play (760ms direct)
[w8:qr:pro] "play" → 100 records, 100 words (incl. exact "play")
[w8:qr:pro] Pacing 15s before "play" (gap=15500ms)
[w8:qr:pro] Managed Turnstile token (len=816, 8576ms, reset)
[w8:qr:pro] [api] 200 mode=pro startsWith=play
[w8:qr:pro] [api] 200 mode=pro startsWith=play sort=alphabetical:desc (769ms direct)
[w8:qr:pro] "play" full page ends at "playmates" (next='m'); skip 24 covered groups → 4 children reverse Z→A ends at "playfield" (lo='f' hi='w'); skip 16 middle + 58 new words
[w8:qr:pro] Saved 25,159 worker words
[w8:qr:pro] Searching "plee" | queue=146 | words=25159
[w8:qr:pro] Pacing 15s before "plee" (gap=15500ms)
[w8:qr:pro] Managed Turnstile token (len=816, 8517ms, reset)
[w8:qr:pro] [api] 200 mode=pro startsWith=plee
[w8:qr:pro] [api] 200 mode=pro startsWith=plee (790ms direct)
[w8:qr:pro] "plee" → 0 records, 0 words
[w8:qr:pro] "plee" branch complete
[w8:qr:pro] Saved 25,159 worker words
[w8:qr:pro] Searching "plej" | queue=145 | words=25159
[w8:qr:pro] Pacing 15s before "plej" (gap=15500ms)
[w8:qr:pro] Managed Turnstile token (len=816, 6369ms, remount)
[w8:qr:pro] heartbeat words=25159 queue=145 rotation=0 idle=4s
[w8:qr:pro] [api] 200 mode=pro startsWith=plej
[w8:qr:pro] [api] 200 mode=pro startsWith=plej (771ms direct)
[w8:qr:pro] "plej" → 0 records, 0 words
[w8:qr:pro] "plej" branch complete
[w8:qr:pro] Saved 25,159 worker words
[w8:qr:pro] Searching "pleo" | queue=144 | words=25159
[w8:qr:pro] Pacing 15s before "pleo" (gap=15500ms)
[w8:qr:pro] Managed Turnstile token (len=816, 6346ms, reset)
[w8:qr:pro] [api] 200 mode=pro startsWith=pleo
[w8:qr:pro] [api] 200 mode=pro startsWith=pleo (996ms direct)
[w8:qr:pro] "pleo" → 46 records, 46 words
[w8:qr:pro] "pleo" branch complete
[w8:qr:pro] Saved 25,205 worker words; shared last.txt now 359,865
[w8:qr:pro] Searching "plet" | queue=143 | words=25205
[w8:qr:pro] Pacing 14s before "plet" (gap=15500ms)
[w8:qr:pro] Managed Turnstile token (len=816, 7791ms, reset)
[w8:qr:pro] [api] 200 mode=pro startsWith=plet
[w8:qr:pro] [api] 200 mode=pro startsWith=plet (796ms direct)
[w8:qr:pro] "plet" → 22 records, 22 words
[w8:qr:pro] "plet" branch complete
[w8:qr:pro] Saved 25,227 worker words
[w8:qr:pro] Searching "pliv" | queue=142 | words=25227
[w8:qr:pro] Pacing 15s before "pliv" (gap=15500ms)
[w8:qr:pro] Managed Turnstile token (len=816, 12989ms, reset)
[w8:qr:pro] [api] 200 mode=pro startsWith=pliv
[w8:qr:pro] [api] 200 mode=pro startsWith=pliv (803ms direct)
[w8:qr:pro] "pliv" → 0 records, 0 words
[w8:qr:pro] "pliv" branch complete
[w8:qr:pro] Saved 25,227 worker words
[w8:qr:pro] Searching "plot" | queue=141 | words=25227
[w8:qr:pro] Pacing 14s before "plot" (gap=15500ms)
[w8:qr:pro] heartbeat words=25227 queue=141 rotation=0 idle=7s
[w8:qr:pro] Managed Turnstile token (len=816, 8416ms, reset)
[w8:qr:pro] [api] 200 mode=pro startsWith=plot
[w8:qr:pro] [api] 200 mode=pro startsWith=plot (779ms direct)
[w8:qr:pro] "plot" → 43 records, 43 words (incl. exact "plot")
[w8:qr:pro] "plot" branch complete
[w8:qr:pro] Saved 25,270 worker words
[w8:qr:pro] Searching "plun" | queue=140 | words=25270
[w8:qr:pro] Pacing 15s before "plun" (gap=15500ms)
[w8:qr:pro] Managed Turnstile token (len=816, 12250ms, reset)
[w8:qr:pro] [api] 200 mode=pro startsWith=plun
[w8:qr:pro] [api] 200 mode=pro startsWith=plun (777ms direct)
[w8:qr:pro] "plun" → 37 records, 37 words
[w8:qr:pro] "plun" branch complete
[w8:qr:pro] Saved 25,307 worker words
[w8:qr:pro] Searching "plus" | queue=139 | words=25307
[w8:qr:pro] Pacing 15s before "plus" (gap=15500ms)
[w8:qr:pro] Managed Turnstile token (len=816, 12731ms, reset)
[w8:qr:pro] [api] 200 mode=pro startsWith=plus
[w8:qr:pro] [api] 200 mode=pro startsWith=plus (774ms direct)
[w8:qr:pro] "plus" → 33 records, 33 words (incl. exact "plus")
[w8:qr:pro] "plus" branch complete
[w8:qr:pro] Saved 25,340 worker words
[w8:qr:pro] Searching "pluz" | queue=138 | words=25340
[w8:qr:pro] Pacing 15s before "pluz" (gap=15500ms)
[w8:qr:pro] Managed Turnstile token (len=816, 16166ms, reset)
[w8:qr:pro] [api] 200 mode=pro startsWith=pluz
[w8:qr:pro] [api] 200 mode=pro startsWith=pluz (1230ms direct)
[w8:qr:pro] "pluz" → 0 records, 0 words
[w8:qr:pro] "pluz" branch complete
[w8:qr:pro] Saved 25,340 worker words
[w8:qr:pro] Searching "pney" | queue=137 | words=25340
[w8:qr:pro] Pacing 12s before "pney" (gap=15500ms)
[w8:qr:pro] heartbeat words=25340 queue=137 rotation=0 idle=2s
[w8:qr:pro] Turnstile mint hard timeout after 28000ms
[w8:qr:pro] Site Turnstile remint timed out (32851ms)
[w8:qr:pro] Turnstile mint hard timeout after 28000ms
[w8:qr:pro] Turnstile token present (len=816)
[w8:qr:pro] Site Turnstile token (28773ms)
[w8:qr:pro] heartbeat words=25340 queue=137 rotation=0 idle=6s
[w8:qr:pro] Turnstile mint hard timeout after 28000ms
[w8:qr:pro] Site Turnstile remint timed out (47158ms)
[w8:qr:pro] Turnstile mint hard timeout after 28000ms
[w8:qr:pro] Failed "pney" attempt 1: No Turnstile token for direct search
[w8:qr:pro] Saved 25,340 worker words
[w8:qr:pro] Turnstile miss — soft reload before rotate
[w8:qr:pro] Site Turnstile remint timed out (35869ms)
[w8:qr:pro] heartbeat words=25340 queue=138 rotation=0 idle=2s
[w8:qr:pro] Site Turnstile remint timed out (9663ms)
[w8:qr:pro] Soft reload mint failed — rotating immediately
[w8:qr:pro] Rotating IP (#1, try 1) after No Turnstile token for direct search → list#10 socks5://103.121.120.242:1080
[w8:qr:pro] Launching persistent Chrome profile /tmp/lll-pw-w8-r1
[w8:qr:pro] Proxy list#10 socks5://103.121.120.242:1080
[w8:qr:pro] Opening https://lastletterlibrary.com
[w8:qr:pro] page.goto failed attempt 1: page.goto: net::ERR_TIMED_OUT at https://lastletterlibrary.com/
Call log:
  - navigating to "https://lastletterlibrary.c
[w8:qr:pro] heartbeat words=25340 queue=138 rotation=1 idle=13s
[w8:qr:pro] page.goto failed attempt 2: page.goto: net::ERR_TIMED_OUT at https://lastletterlibrary.com/
Call log:
  - navigating to "https://lastletterlibrary.c
[w8:qr:pro] page.goto failed attempt 3: page.goto: net::ERR_TIMED_OUT at https://lastletterlibrary.com/
Call log:
  - navigating to "https://lastletterlibrary.c
[w8:qr:pro] rotateIp attempt 1 failed: page.goto: net::ERR_TIMED_OUT at https://lastletterlibrary.com/
Call log:
  - navigating to "https://lastletterlibrary.com/", waiting until "domcontentloaded"

[w8:qr:pro] Rotating IP (#2, try 2) after No Turnstile token for direct search → list#11 socks5://103.134.220.49:1080
[w8:qr:pro] Launching persistent Chrome profile /tmp/lll-pw-w8-r2
[w8:qr:pro] Proxy list#11 socks5://103.134.220.49:1080
[w8:qr:pro] Opening https://lastletterlibrary.com
[w8:qr:pro] heartbeat words=25340 queue=138 rotation=2 idle=2s
[w8:qr:pro] Library mode=pro
[w8:qr:pro] Site Turnstile remint timed out (23393ms)
[w8:qr:pro] Search mode=direct (skip UI Wait Ns… gate)
[w8:qr:pro] Cleaned 2 old rotated profile(s)
[w8:qr:pro] Searching "pney" | queue=137 | words=25340
[w8:qr:pro] heartbeat words=25340 queue=137 rotation=2 idle=5s
[w8:qr:pro] Managed Turnstile token (len=816, 8391ms, remount)
[w8:qr:pro] [api] 200 mode=pro startsWith=pney
[w8:qr:pro] [api] 200 mode=pro startsWith=pney (903ms direct)
[w8:qr:pro] "pney" → 0 records, 0 words
[w8:qr:pro] "pney" branch complete
[w8:qr:pro] Saved 25,340 worker words; shared last.txt now 360,579
[w8:qr:pro] Searching "poeu" | queue=136 | words=25340
[w8:qr:pro] Turnstile token present (len=816)
[w8:qr:pro] Site Turnstile token (25931ms)
[w8:qr:pro] [api] 200 mode=pro startsWith=poeu
[w8:qr:pro] [api] 200 mode=pro startsWith=poeu (750ms direct)
[w8:qr:pro] "poeu" → 0 records, 0 words
[w8:qr:pro] "poeu" branch complete
[w8:qr:pro] Saved 25,340 worker words
[w8:qr:pro] Searching "poez" | queue=135 | words=25340
[w8:qr:pro] Pacing 15s before "poez" (gap=15500ms)
[w8:qr:pro] Managed Turnstile token (len=816, 14579ms, remount)
[w8:qr:pro] [api] 200 mode=pro startsWith=poez
[w8:qr:pro] [api] 200 mode=pro startsWith=poez (731ms direct)
[w8:qr:pro] "poez" → 0 records, 0 words
[w8:qr:pro] "poez" branch complete
[w8:qr:pro] Saved 25,340 worker words
[w8:qr:pro] Searching "poir" | queue=134 | words=25340
[w8:qr:pro] Pacing 15s before "poir" (gap=15500ms)
[w8:qr:pro] heartbeat words=25340 queue=134 rotation=2 idle=9s
[w8:qr:pro] Managed Turnstile token (len=816, 11844ms, reset)
[w8:qr:pro] [api] 200 mode=pro startsWith=poir
[w8:qr:pro] [api] 200 mode=pro startsWith=poir (556ms direct)
[w8:qr:pro] "poir" → 1 records, 1 words
[w8:qr:pro] "poir" branch complete
[w8:qr:pro] Saved 25,341 worker words
[w8:qr:pro] Searching "poiw" | queue=133 | words=25341
[w8:qr:pro] Pacing 15s before "poiw" (gap=15500ms)
[w8:qr:pro] Managed Turnstile token (len=816, 12394ms, reset)
[w8:qr:pro] [api] 200 mode=pro startsWith=poiw
[w8:qr:pro] [api] 200 mode=pro startsWith=poiw (567ms direct)
[w8:qr:pro] "poiw" → 0 records, 0 words
[w8:qr:pro] "poiw" branch complete
[w8:qr:pro] Saved 25,341 worker words
[w8:qr:pro] Searching "polf" | queue=132 | words=25341
[w8:qr:pro] Pacing 15s before "polf" (gap=15500ms)
[w8:qr:pro] Managed Turnstile token (len=816, 10978ms, reset)
[w8:qr:pro] [api] 200 mode=pro startsWith=polf
[w8:qr:pro] [api] 200 mode=pro startsWith=polf (1064ms direct)
[w8:qr:pro] "polf" → 0 records, 0 words
[w8:qr:pro] "polf" branch complete
[w8:qr:pro] Saved 25,341 worker words
[w8:qr:pro] Searching "polk" | queue=131 | words=25341
[w8:qr:pro] Pacing 15s before "polk" (gap=15500ms)
[w8:qr:pro] Turnstile token present (len=816)
[w8:qr:pro] Site Turnstile token (21852ms)
[w8:qr:pro] heartbeat words=25341 queue=131 rotation=2 idle=1s
[w8:qr:pro] [api] 200 mode=pro startsWith=polk
[w8:qr:pro] [api] 200 mode=pro startsWith=polk (737ms direct)
[w8:qr:pro] "polk" → 10 records, 10 words (incl. exact "polk")
[w8:qr:pro] "polk" branch complete
[w8:qr:pro] Saved 25,351 worker words
[w8:qr:pro] Searching "polp" | queue=130 | words=25351
[w8:qr:pro] Pacing 14s before "polp" (gap=15500ms)
[w8:qr:pro] Turnstile mint hard timeout after 28000ms
[w8:qr:pro] Site Turnstile remint timed out (33109ms)
[w8:qr:pro] Site Turnstile remint timed out (26913ms)
[w8:qr:pro] heartbeat words=25351 queue=130 rotation=2 idle=5s
[w8:qr:pro] Site Turnstile remint timed out (22931ms)
[w8:qr:pro] Managed Turnstile token (len=816, 9778ms, remount)
[w8:qr:pro] Failed "polp" attempt 1: page.evaluate: TypeError: Failed to fetch
    at eval (eval at evaluate (:311:30), <anonymous>:11:27)
    at UtilityScript.evaluate (<anonymous>:313:16)
    at UtilityScript.<anonymous> (<anonymous>:1:44)
[w8:qr:pro] Saved 25,351 worker words
[w8:qr:pro] heartbeat words=25351 queue=131 rotation=2 idle=2s
[w8:qr:pro] Searching "polp" | queue=130 | words=25351
[w8:qr:pro] Site Turnstile remint timed out (26612ms)
[w8:qr:pro] Site Turnstile remint timed out (24579ms)
[w8:qr:pro] heartbeat words=25351 queue=130 rotation=2 idle=8s
[w8:qr:pro] Managed Turnstile token (len=816, 12754ms, remount)
[w8:qr:pro] Failed "polp" attempt 2: page.evaluate: TypeError: Failed to fetch
    at eval (eval at evaluate (:311:30), <anonymous>:11:27)
    at UtilityScript.evaluate (<anonymous>:313:16)
    at UtilityScript.<anonymous> (<anonymous>:1:44)
[w8:qr:pro] Saved 25,351 worker words; shared last.txt now 361,313
[w8:qr:pro] Rotating IP (#3, try 1) after page.evaluate: TypeError: Failed to fetch
    at eval (eval at evaluate (:311:30 → list#12 socks5://103.142.255.33:69
[w8:qr:pro] Launching persistent Chrome profile /tmp/lll-pw-w8-r3
[w8:qr:pro] Proxy list#12 socks5://103.142.255.33:69
[w8:qr:pro] Opening https://lastletterlibrary.com
[w8:qr:pro] heartbeat words=25351 queue=131 rotation=3 idle=14s
[w8:qr:pro] Library mode=pro
[w8:qr:pro] Search mode=direct (skip UI Wait Ns… gate)
[w8:qr:pro] Cleaned 1 old rotated profile(s)
[w8:qr:pro] Searching "polp" | queue=130 | words=25351
[w8:qr:pro] heartbeat words=25351 queue=130 rotation=3 idle=29s
[w8:qr:pro] heartbeat words=25351 queue=130 rotation=3 idle=89s
[w8:qr:pro] Failed "polp" attempt 3: No Turnstile token for direct search
[w8:qr:pro] Deferring stuck "polp" to end of queue after 3 failures (No Turnstile token for direct search)
[w8:qr:pro] Saved 25,351 worker words
[w8:qr:pro] Rotating IP (#4, try 1) after No Turnstile token for direct search → list#13 socks5://103.153.159.217:80
[w8:qr:pro] Launching persistent Chrome profile /tmp/lll-pw-w8-r4
[w8:qr:pro] Proxy list#13 socks5://103.153.159.217:80
[w8:qr:pro] Opening https://lastletterlibrary.com
[w8:qr:pro] page.goto failed attempt 1: page.goto: net::ERR_CONNECTION_RESET at https://lastletterlibrary.com/
Call log:
  - navigating to "https://lastletterli
[w8:qr:pro] page.goto failed attempt 2: page.goto: net::ERR_CONNECTION_RESET at https://lastletterlibrary.com/
Call log:
  - navigating to "https://lastletterli
[w8:qr:pro] page.goto failed attempt 3: page.goto: net::ERR_CONNECTION_RESET at https://lastletterlibrary.com/
Call log:
  - navigating to "https://lastletterli
[w8:qr:pro] rotateIp attempt 1 failed: page.goto: net::ERR_CONNECTION_RESET at https://lastletterlibrary.com/
Call log:
  - navigating to "https://lastletterlibrary.com/", waiting until "domcontentlo
[w8:qr:pro] Rotating IP (#5, try 2) after No Turnstile token for direct search → list#14 socks5://103.155.62.130:1080
[w8:qr:pro] Launching persistent Chrome profile /tmp/lll-pw-w8-r5
[w8:qr:pro] Proxy list#14 socks5://103.155.62.130:1080
[w8:qr:pro] Opening https://lastletterlibrary.com
[w8:qr:pro] heartbeat words=25351 queue=131 rotation=5 idle=1s
[w8:qr:pro] page.goto failed attempt 1: page.goto: net::ERR_TIMED_OUT at https://lastletterlibrary.com/
Call log:
  - navigating to "https://lastletterlibrary.c
[w8:qr:pro] heartbeat words=25351 queue=131 rotation=5 idle=29s
[w8:qr:pro] page.goto failed attempt 2: page.goto: net::ERR_TIMED_OUT at https://lastletterlibrary.com/
Call log:
  - navigating to "https://lastletterlibrary.c
[w8:qr:pro] page.goto failed attempt 3: page.goto: net::ERR_TIMED_OUT at https://lastletterlibrary.com/
Call log:
  - navigating to "https://lastletterlibrary.c
[w8:qr:pro] rotateIp attempt 2 failed: page.goto: net::ERR_TIMED_OUT at https://lastletterlibrary.com/
Call log:
  - navigating to "https://lastletterlibrary.com/", waiting until "domcontentloaded"

[w8:qr:pro] Rotating IP (#6, try 3) after No Turnstile token for direct search → list#15 socks5://103.157.78.22:8199
[w8:qr:pro] Launching persistent Chrome profile /tmp/lll-pw-w8-r6
[w8:qr:pro] Proxy list#15 socks5://103.157.78.22:8199
[w8:qr:pro] Opening https://lastletterlibrary.com
[w8:qr:pro] heartbeat words=25351 queue=131 rotation=6 idle=16s
[w8:qr:pro] page.goto failed attempt 1: page.goto: net::ERR_TIMED_OUT at https://lastletterlibrary.com/
Call log:
  - navigating to "https://lastletterlibrary.c
[w8:qr:pro] Library mode=pro
[w8:qr:pro] heartbeat words=25351 queue=131 rotation=6 idle=0s
[w8:qr:pro] Search mode=direct (skip UI Wait Ns… gate)
[w8:qr:pro] Cleaned 3 old rotated profile(s)
[w8:qr:pro] Searching "polp" | queue=130 | words=25351
[w8:qr:pro] heartbeat words=25351 queue=130 rotation=6 idle=54s
[w8:qr:pro] heartbeat words=25351 queue=130 rotation=6 idle=114s
[w8:qr:pro] Failed "polp" attempt 3: No Turnstile token for direct search
[w8:qr:pro] Deferring stuck "polp" to end of queue after 3 failures (No Turnstile token for direct search)
[w8:qr:pro] Saved 25,351 worker words
[w8:qr:pro] Rotating IP (#7, try 1) after No Turnstile token for direct search → list#16 socks5://103.162.57.42:1080
[w8:qr:pro] Launching persistent Chrome profile /tmp/lll-pw-w8-r7
[w8:qr:pro] Proxy list#16 socks5://103.162.57.42:1080
[w8:qr:pro] Opening https://lastletterlibrary.com
[w8:qr:pro] page.goto failed attempt 1: page.goto: net::ERR_TIMED_OUT at https://lastletterlibrary.com/
Call log:
  - navigating to "https://lastletterlibrary.c
[w8:qr:pro] heartbeat words=25351 queue=131 rotation=7 idle=16s
[w8:qr:pro] Library mode=pro
[w8:qr:pro] Search mode=direct (skip UI Wait Ns… gate)
[w8:qr:pro] Cleaned 1 old rotated profile(s)
[w8:qr:pro] Searching "polp" | queue=130 | words=25351
[w8:qr:pro] heartbeat words=25351 queue=130 rotation=7 idle=29s
[w8:qr:pro] heartbeat words=25351 queue=130 rotation=7 idle=89s
[w8:qr:pro] Failed "polp" attempt 3: No Turnstile token for direct search
[w8:qr:pro] Deferring stuck "polp" to end of queue after 3 failures (No Turnstile token for direct search)
[w8:qr:pro] Saved 25,351 worker words
[w8:qr:pro] Rotating IP (#8, try 1) after No Turnstile token for direct search → list#17 socks5://103.165.128.75:1080
[w8:qr:pro] Launching persistent Chrome profile /tmp/lll-pw-w8-r8
[w8:qr:pro] Proxy list#17 socks5://103.165.128.75:1080
[w8:qr:pro] Opening https://lastletterlibrary.com
[w8:qr:pro] heartbeat words=25351 queue=131 rotation=8 idle=20s
[w8:qr:pro] Library mode=pro
[w8:qr:pro] Site Turnstile remint timed out (23467ms)
[w8:qr:pro] Search mode=direct (skip UI Wait Ns… gate)
[w8:qr:pro] Cleaned 1 old rotated profile(s)
[w8:qr:pro] Searching "polp" | queue=130 | words=25351
[w8:qr:pro] Managed Turnstile token (len=816, 10168ms, remount)
[w8:qr:pro] [api] 200 mode=pro startsWith=polp
[w8:qr:pro] [api] 200 mode=pro startsWith=polp (592ms direct)
[w8:qr:pro] "polp" → 0 records, 0 words
[w8:qr:pro] "polp" branch complete
[w8:qr:pro] Saved 25,351 worker words
[w8:qr:pro] Searching "polu" | queue=129 | words=25351
[w8:qr:pro] Pacing 15s before "polu" (gap=15500ms)
[w8:qr:pro] heartbeat words=25351 queue=129 rotation=8 idle=4s
[w8:qr:pro] Managed Turnstile token (len=816, 8907ms, reset)
[w8:qr:pro] [api] 200 mode=pro startsWith=polu
[w8:qr:pro] [api] 200 mode=pro startsWith=polu (608ms direct)
[w8:qr:pro] "polu" → 3 records, 3 words
[w8:qr:pro] "polu" branch complete
[w8:qr:pro] Saved 25,354 worker words
[w8:qr:pro] Searching "polz" | queue=128 | words=25354
[w8:qr:pro] Pacing 12s before "polz" (gap=15500ms)
[w8:qr:pro] Managed Turnstile token (len=816, 10311ms, reset)
[w8:qr:pro] [api] 200 mode=pro startsWith=polz
[w8:qr:pro] [api] 200 mode=pro startsWith=polz (594ms direct)
[w8:qr:pro] "polz" → 1 records, 1 words
[w8:qr:pro] "polz" branch complete
[w8:qr:pro] Saved 25,355 worker words
[w8:qr:pro] Searching "pone" | queue=127 | words=25355
[w8:qr:pro] Pacing 12s before "pone" (gap=15500ms)
[w8:qr:pro] Managed Turnstile token (len=816, 12216ms, reset)
[w8:qr:pro] [api] 429 mode=pro startsWith=pone
[w8:qr:pro] [api] 429 mode=pro startsWith=pone (718ms direct)
[w8:qr:pro] Learned server gap ≈ 15500ms (wait hint 2000ms)
[w8:qr:pro] Rate limited — inline wait 2000ms then retry "pone"
[w8:qr:pro] Managed Turnstile token (len=816, 9856ms, reset)
[w8:qr:pro] [api] 200 mode=pro startsWith=pone
[w8:qr:pro] [api] 200 mode=pro startsWith=pone (586ms direct)
[w8:qr:pro] "pone" → 16 records, 16 words (incl. exact "pone")
[w8:qr:pro] "pone" branch complete
[w8:qr:pro] Saved 25,371 worker words
[w8:qr:pro] Searching "ponj" | queue=126 | words=25371
[w8:qr:pro] Pacing 13s before "ponj" (gap=15500ms)
[w8:qr:pro] heartbeat words=25371 queue=126 rotation=8 idle=4s
[w8:qr:pro] Managed Turnstile token (len=816, 11233ms, reset)
[w8:qr:pro] [api] 200 mode=pro startsWith=ponj
[w8:qr:pro] [api] 200 mode=pro startsWith=ponj (615ms direct)
[w8:qr:pro] "ponj" → 1 records, 1 words
[w8:qr:pro] "ponj" branch complete
[w8:qr:pro] Saved 25,372 worker words; shared last.txt now 365,305
[w8:qr:pro] Searching "pono" | queue=125 | words=25372
[w8:qr:pro] Pacing 2s before "pono" (gap=15500ms)
[w8:qr:pro] Managed Turnstile token (len=816, 15446ms, reset)
[w8:qr:pro] [api] 200 mode=pro startsWith=pono
[w8:qr:pro] [api] 200 mode=pro startsWith=pono (558ms direct)
[w8:qr:pro] "pono" → 2 records, 2 words
[w8:qr:pro] "pono" branch complete
[w8:qr:pro] Saved 25,374 worker words
[w8:qr:pro] Searching "pooy" | queue=124 | words=25374
[w8:qr:pro] Pacing 13s before "pooy" (gap=15500ms)
[w8:qr:pro] Managed Turnstile token (len=816, 9557ms, reset)
[w8:qr:pro] [api] 200 mode=pro startsWith=pooy
[w8:qr:pro] [api] 200 mode=pro startsWith=pooy (572ms direct)
[w8:qr:pro] "pooy" → 0 records, 0 words
[w8:qr:pro] "pooy" branch complete
[w8:qr:pro] Saved 25,374 worker words
[w8:qr:pro] Searching "popy" | queue=123 | words=25374
[w8:qr:pro] Pacing 14s before "popy" (gap=15500ms)
[w8:qr:pro] Managed Turnstile token (len=816, 8074ms, remount)
[w8:qr:pro] [api] 200 mode=pro startsWith=popy
[w8:qr:pro] [api] 200 mode=pro startsWith=popy (602ms direct)
[w8:qr:pro] "popy" → 0 records, 0 words
[w8:qr:pro] "popy" branch complete
[w8:qr:pro] Saved 25,374 worker words
[w8:qr:pro] Searching "porl" | queue=122 | words=25374
[w8:qr:pro] Pacing 15s before "porl" (gap=15500ms)
[w8:qr:pro] heartbeat words=25374 queue=122 rotation=8 idle=2s
[w8:qr:pro] Managed Turnstile token (len=816, 12216ms, reset)
[w8:qr:pro] [api] 200 mode=pro startsWith=porl
[w8:qr:pro] [api] 200 mode=pro startsWith=porl (601ms direct)
[w8:qr:pro] "porl" → 4 records, 4 words
[w8:qr:pro] "porl" branch complete
[w8:qr:pro] Saved 25,378 worker words
[w8:qr:pro] Searching "porq" | queue=121 | words=25378
[w8:qr:pro] Pacing 14s before "porq" (gap=15500ms)
[w8:qr:pro] Managed Turnstile token (len=816, 17457ms, reset)
[w8:qr:pro] [api] 200 mode=pro startsWith=porq
[w8:qr:pro] [api] 200 mode=pro startsWith=porq (609ms direct)
[w8:qr:pro] "porq" → 0 records, 0 words
[w8:qr:pro] "porq" branch complete
[w8:qr:pro] Saved 25,378 worker words
[w8:qr:pro] Searching "poso" | queue=120 | words=25378
[w8:qr:pro] Pacing 15s before "poso" (gap=15500ms)
[w8:qr:pro] Turnstile token present (len=816)
[w8:qr:pro] Site Turnstile token (20706ms)
[w8:qr:pro] [api] 200 mode=pro startsWith=poso
[w8:qr:pro] [api] 200 mode=pro startsWith=poso (849ms direct)
[w8:qr:pro] "poso" → 9 records, 9 words
[w8:qr:pro] "poso" branch complete
[w8:qr:pro] Saved 25,387 worker words
[w8:qr:pro] Searching "post" | queue=119 | words=25387
[w8:qr:pro] Pacing 14s before "post" (gap=15500ms)
[w8:qr:pro] heartbeat words=25387 queue=119 rotation=8 idle=4s
[w8:qr:pro] Turnstile token present (len=816)
[w8:qr:pro] Site Turnstile token (20530ms)
[w8:qr:pro] [api] 200 mode=pro startsWith=post
[w8:qr:pro] [api] 200 mode=pro startsWith=post (596ms direct)
[w8:qr:pro] "post" → 100 records, 100 words (incl. exact "post")
[w8:qr:pro] Pacing 15s before "post" (gap=15500ms)
[w8:qr:pro] Managed Turnstile token (len=816, 17530ms, remount)
[w8:qr:pro] [api] 200 mode=pro startsWith=post
[w8:qr:pro] [api] 200 mode=pro startsWith=post sort=alphabetical:desc (612ms direct)
[w8:qr:pro] "post" full page ends at "post-transplant" (next='-'); skip 6 covered groups → 22 children reverse Z→A ends at "posttest" (lo='t' hi='z'); skip 5 middle + 100 new words
[w8:qr:pro] Saved 25,587 worker words
[w8:qr:pro] Searching "potg" | queue=140 | words=25587
[w8:qr:pro] Pacing 14s before "potg" (gap=15500ms)
[w8:qr:pro] Managed Turnstile token (len=816, 16965ms, reset)
[w8:qr:pro] [api] 200 mode=pro startsWith=potg
[w8:qr:pro] [api] 200 mode=pro startsWith=potg (588ms direct)
[w8:qr:pro] "potg" → 4 records, 4 words
[w8:qr:pro] "potg" branch complete
[w8:qr:pro] Saved 25,591 worker words; shared last.txt now 365,913
[w8:qr:pro] Searching "potl" | queue=139 | words=25591
[w8:qr:pro] Pacing 11s before "potl" (gap=15500ms)
[w8:qr:pro] heartbeat words=25591 queue=139 rotation=8 idle=3s
[w8:qr:pro] Managed Turnstile token (len=816, 15937ms, reset)
[w8:qr:pro] [api] 200 mode=pro startsWith=potl
[w8:qr:pro] [api] 200 mode=pro startsWith=potl (750ms direct)
[w8:qr:pro] "potl" → 17 records, 17 words
[w8:qr:pro] "potl" branch complete
[w8:qr:pro] Saved 25,608 worker words
[w8:qr:pro] Searching "poun" | queue=138 | words=25608
[w8:qr:pro] Pacing 14s before "poun" (gap=15500ms)
[w8:qr:pro] Site Turnstile remint timed out (24619ms)
[w8:qr:pro] Managed Turnstile token (len=816, 14667ms, remount)
[w8:qr:pro] [api] 200 mode=pro startsWith=poun
[w8:qr:pro] [api] 200 mode=pro startsWith=poun (648ms direct)
[w8:qr:pro] "poun" → 36 records, 36 words
[w8:qr:pro] "poun" branch complete
[w8:qr:pro] Saved 25,644 worker words
[w8:qr:pro] Searching "poux" | queue=137 | words=25644
[w8:qr:pro] Pacing 13s before "poux" (gap=15500ms)
[w8:qr:pro] heartbeat words=25644 queue=137 rotation=8 idle=7s
[w8:qr:pro] Managed Turnstile token (len=816, 18050ms, reset)
[w8:qr:pro] [api] 200 mode=pro startsWith=poux
[w8:qr:pro] [api] 200 mode=pro startsWith=poux (597ms direct)
[w8:qr:pro] "poux" → 0 records, 0 words
[w8:qr:pro] "poux" branch complete
[w8:qr:pro] Saved 25,644 worker words
[w8:qr:pro] Searching "powx" | queue=136 | words=25644
[w8:qr:pro] Pacing 14s before "powx" (gap=15500ms)
[w8:qr:pro] Turnstile mint hard timeout after 28000ms
[w8:qr:pro] Site Turnstile remint timed out (43007ms)
[w8:qr:pro] heartbeat words=25644 queue=136 rotation=8 idle=7s
[w8:qr:pro] Turnstile mint hard timeout after 28000ms
[w8:qr:pro] Site Turnstile remint timed out (33837ms)
[w8:qr:pro] Turnstile mint hard timeout after 28000ms
[w8:qr:pro] Site Turnstile remint timed out (29058ms)
[w8:qr:pro] Managed Turnstile token (len=816, 15757ms, remount)
[w8:qr:pro] heartbeat words=25644 queue=136 rotation=8 idle=10s
[w8:qr:pro] Failed "powx" attempt 1: page.evaluate: TypeError: Failed to fetch
    at eval (eval at evaluate (:311:30), <anonymous>:11:27)
    at UtilityScript.evaluate (<anonymous>:313:16)
    at UtilityScript.<anonymous> (<anonymous>:1:44)
[w8:qr:pro] Saved 25,644 worker words
[w8:qr:pro] Searching "powx" | queue=136 | words=25644
[w8:qr:pro] Managed Turnstile token (len=816, 5318ms, reset)
[w8:qr:pro] Failed "powx" attempt 2: page.evaluate: TypeError: Failed to fetch
    at eval (eval at evaluate (:311:30), <anonymous>:11:27)
    at UtilityScript.evaluate (<anonymous>:313:16)
    at UtilityScript.<anonymous> (<anonymous>:1:44)
[w8:qr:pro] Saved 25,644 worker words
[w8:qr:pro] heartbeat words=25644 queue=137 rotation=8 idle=2s
[w8:qr:pro] Rotating IP (#9, try 1) after page.evaluate: TypeError: Failed to fetch
    at eval (eval at evaluate (:311:30 → list#18 socks5://103.171.92.242:9050
[w8:qr:pro] Launching persistent Chrome profile /tmp/lll-pw-w8-r9
[w8:qr:pro] Proxy list#18 socks5://103.171.92.242:9050
[w8:qr:pro] Opening https://lastletterlibrary.com
[w8:qr:pro] page.goto failed attempt 1: page.goto: net::ERR_TIMED_OUT at https://lastletterlibrary.com/
Call log:
  - navigating to "https://lastletterlibrary.c
[w8:qr:pro] heartbeat words=25644 queue=137 rotation=9 idle=21s
[w8:qr:pro] heartbeat words=25644 queue=137 rotation=9 idle=81s
[w8:qr:pro] Library mode=pro
[w8:qr:pro] Search mode=direct (skip UI Wait Ns… gate)
[w8:qr:pro] Cleaned 1 old rotated profile(s)
[w8:qr:pro] Searching "powx" | queue=136 | words=25644
[w8:qr:pro] heartbeat words=25644 queue=136 rotation=9 idle=30s
[w8:qr:pro] Site Turnstile remint timed out (25146ms)
[w8:qr:pro] heartbeat words=25644 queue=136 rotation=9 idle=4s
[w8:qr:pro] Site Turnstile remint timed out (24387ms)
[w8:qr:pro] Failed "powx" attempt 3: No Turnstile token for direct search
[w8:qr:pro] Deferring stuck "powx" to end of queue after 3 failures (No Turnstile token for direct search)
[w8:qr:pro] Saved 25,644 worker words
[w8:qr:pro] Rotating IP (#10, try 1) after No Turnstile token for direct search → list#19 socks5://103.172.70.13:1083
[w8:qr:pro] Launching persistent Chrome profile /tmp/lll-pw-w8-r10
[w8:qr:pro] Proxy list#19 socks5://103.172.70.13:1083
[w8:qr:pro] Opening https://lastletterlibrary.com
[w8:qr:pro] heartbeat words=25644 queue=137 rotation=10 idle=29s
[w8:qr:pro] page.goto failed attempt 1: page.goto: net::ERR_TIMED_OUT at https://lastletterlibrary.com/
Call log:
  - navigating to "https://lastletterlibrary.c
[w8:qr:pro] page.goto failed attempt 2: page.goto: net::ERR_TIMED_OUT at https://lastletterlibrary.com/
Call log:
  - navigating to "https://lastletterlibrary.c
[w8:qr:pro] heartbeat words=25644 queue=137 rotation=10 idle=27s
[w8:qr:pro] page.goto failed attempt 3: page.goto: net::ERR_TIMED_OUT at https://lastletterlibrary.com/
Call log:
  - navigating to "https://lastletterlibrary.c
[w8:qr:pro] rotateIp attempt 1 failed: page.goto: net::ERR_TIMED_OUT at https://lastletterlibrary.com/
Call log:
  - navigating to "https://lastletterlibrary.com/", waiting until "domcontentloaded"

[w8:qr:pro] Rotating IP (#11, try 2) after No Turnstile token for direct search → list#20 socks5://103.174.122.197:8199
[w8:qr:pro] Launching persistent Chrome profile /tmp/lll-pw-w8-r11
[w8:qr:pro] Proxy list#20 socks5://103.174.122.197:8199
[w8:qr:pro] Opening https://lastletterlibrary.com
[w8:qr:pro] page.goto failed attempt 1: page.goto: net::ERR_TIMED_OUT at https://lastletterlibrary.com/
Call log:
  - navigating to "https://lastletterlibrary.c
[w8:qr:pro] heartbeat words=25644 queue=137 rotation=11 idle=7s
[w8:qr:pro] page.goto failed attempt 2: page.goto: net::ERR_TIMED_OUT at https://lastletterlibrary.com/
Call log:
  - navigating to "https://lastletterlibrary.c
[w8:qr:pro] page.goto failed attempt 3: page.goto: net::ERR_TIMED_OUT at https://lastletterlibrary.com/
Call log:
  - navigating to "https://lastletterlibrary.c
[w8:qr:pro] heartbeat words=25644 queue=137 rotation=11 idle=5s
[w8:qr:pro] rotateIp attempt 2 failed: page.goto: net::ERR_TIMED_OUT at https://lastletterlibrary.com/
Call log:
  - navigating to "https://lastletterlibrary.com/", waiting until "domcontentloaded"

[w8:qr:pro] Rotating IP (#12, try 3) after No Turnstile token for direct search → list#21 socks5://103.180.123.111:1080
[w8:qr:pro] Launching persistent Chrome profile /tmp/lll-pw-w8-r12
[w8:qr:pro] Proxy list#21 socks5://103.180.123.111:1080
[w8:qr:pro] Opening https://lastletterlibrary.com
[w8:qr:pro] heartbeat words=25644 queue=137 rotation=12 idle=49s
[w8:qr:pro] heartbeat words=25644 queue=137 rotation=12 idle=109s
[w8:qr:pro] heartbeat words=25644 queue=137 rotation=12 idle=169s
[w8:qr:pro] heartbeat words=25644 queue=137 rotation=12 idle=229s
[w8:qr:pro] No search progress for 180s — respawning worker
[w8:qr:pro] Saved 25,644 worker words

--- p-helper daemon start 2026-08-05T22:03:44Z queue=137 ---
[w8:qr:pro] IP mode=list
[w8:qr:pro] Cleaned 4 old rotated profile(s)
[w8:qr:pro] Launching persistent Chrome profile /tmp/lll-pw-w8-r0
[w8:qr:pro] Proxy list#9 socks5://103.111.136.82:8199
[w8:qr:pro] Opening https://lastletterlibrary.com
[w8:qr:pro] page.goto failed attempt 1: page.goto: net::ERR_TIMED_OUT at https://lastletterlibrary.com/
Call log:
  - navigating to "https://lastletterlibrary.c
[w8:qr:pro] page.goto failed attempt 2: page.goto: net::ERR_TIMED_OUT at https://lastletterlibrary.com/
Call log:
  - navigating to "https://lastletterlibrary.c
[w8:qr:pro] page.goto failed attempt 3: page.goto: net::ERR_TIMED_OUT at https://lastletterlibrary.com/
Call log:
  - navigating to "https://lastletterlibrary.c
[w8:qr:pro] Launch failed attempt 1: page.goto: net::ERR_TIMED_OUT at https://lastletterlibrary.com/
Call log:
  - navigating to "https://lastletterlibrary.com/", waiting until "domcontentloaded"

[w8:qr:pro] Rotating IP (#1, try 1) after launch: page.goto: net::ERR_TIMED_OUT at https://lastletterlibrary.c → list#10 socks5://103.121.120.242:1080
[w8:qr:pro] Launching persistent Chrome profile /tmp/lll-pw-w8-r1
[w8:qr:pro] Proxy list#10 socks5://103.121.120.242:1080
[w8:qr:pro] Opening https://lastletterlibrary.com
[w8:qr:pro] page.goto failed attempt 1: page.goto: net::ERR_SOCKS_CONNECTION_FAILED at https://lastletterlibrary.com/
Call log:
  - navigating to "https://lastl
[w8:qr:pro] page.goto failed attempt 2: page.goto: net::ERR_SOCKS_CONNECTION_FAILED at https://lastletterlibrary.com/
Call log:
  - navigating to "https://lastl
[w8:qr:pro] page.goto failed attempt 3: page.goto: net::ERR_SOCKS_CONNECTION_FAILED at https://lastletterlibrary.com/
Call log:
  - navigating to "https://lastl
[w8:qr:pro] rotateIp attempt 1 failed: page.goto: net::ERR_SOCKS_CONNECTION_FAILED at https://lastletterlibrary.com/
Call log:
  - navigating to "https://lastletterlibrary.com/", waiting until "domco
[w8:qr:pro] Rotating IP (#2, try 2) after launch: page.goto: net::ERR_TIMED_OUT at https://lastletterlibrary.c → list#11 socks5://103.134.220.49:1080
[w8:qr:pro] Launching persistent Chrome profile /tmp/lll-pw-w8-r2
[w8:qr:pro] Proxy list#11 socks5://103.134.220.49:1080
[w8:qr:pro] Opening https://lastletterlibrary.com
[w8:qr:pro] page.goto failed attempt 1: page.goto: net::ERR_SOCKS_CONNECTION_FAILED at https://lastletterlibrary.com/
Call log:
  - navigating to "https://lastl
[w8:qr:pro] page.goto failed attempt 2: page.goto: net::ERR_TIMED_OUT at https://lastletterlibrary.com/
Call log:
  - navigating to "https://lastletterlibrary.c
[w8:qr:pro] page.goto failed attempt 3: page.goto: net::ERR_SOCKS_CONNECTION_FAILED at https://lastletterlibrary.com/
Call log:
  - navigating to "https://lastl
[w8:qr:pro] rotateIp attempt 2 failed: page.goto: net::ERR_SOCKS_CONNECTION_FAILED at https://lastletterlibrary.com/
Call log:
  - navigating to "https://lastletterlibrary.com/", waiting until "domco
[w8:qr:pro] Rotating IP (#3, try 3) after launch: page.goto: net::ERR_TIMED_OUT at https://lastletterlibrary.c → list#12 socks5://103.142.255.33:69
[w8:qr:pro] Launching persistent Chrome profile /tmp/lll-pw-w8-r3
[w8:qr:pro] Proxy list#12 socks5://103.142.255.33:69
[w8:qr:pro] Opening https://lastletterlibrary.com
[w8:qr:pro] Library mode=pro
[w8:qr:pro] Search mode=direct (skip UI Wait Ns… gate)
[w8:qr:pro] Cleaned 3 old rotated profile(s)
[w8:qr:pro] Loaded 3589 prefixes, 25644 words; queue=137
[w8:qr:pro] Searching "powx" | queue=136 | words=25644
[w8:qr:pro] heartbeat words=25644 queue=136 rotation=3 idle=60s
[w8:qr:pro] heartbeat words=25644 queue=136 rotation=3 idle=120s
[w8:qr:pro] Failed "powx" attempt 1: No Turnstile token for direct search
[w8:qr:pro] Saved 25,644 worker words
[w8:qr:pro] Turnstile miss — soft reload before rotate
[w8:qr:pro] Turnstile token present (len=816)
[w8:qr:pro] Site Turnstile token (7733ms)
[w8:qr:pro] Searching "powx" | queue=136 | words=25644
[w8:qr:pro] [api] 200 mode=pro startsWith=powx
[w8:qr:pro] [api] 200 mode=pro startsWith=powx (1055ms direct)
[w8:qr:pro] "powx" → 0 records, 0 words
[w8:qr:pro] "powx" branch complete
[w8:qr:pro] Saved 25,644 worker words
[w8:qr:pro] Searching "prag" | queue=135 | words=25644
[w8:qr:pro] Pacing 14s before "prag" (gap=15500ms)
[w8:qr:pro] Managed Turnstile token (len=816, 6835ms, remount)
[w8:qr:pro] heartbeat words=25644 queue=135 rotation=3 idle=5s
[w8:qr:pro] [api] 200 mode=pro startsWith=prag
[w8:qr:pro] [api] 200 mode=pro startsWith=prag (619ms direct)
[w8:qr:pro] "prag" → 35 records, 35 words
[w8:qr:pro] "prag" branch complete
[w8:qr:pro] Saved 25,679 worker words
[w8:qr:pro] Searching "pral" | queue=134 | words=25679
[w8:qr:pro] Pacing 12s before "pral" (gap=15500ms)
[w8:qr:pro] Managed Turnstile token (len=816, 8952ms, reset)
[w8:qr:pro] [api] 200 mode=pro startsWith=pral
[w8:qr:pro] [api] 200 mode=pro startsWith=pral (791ms direct)
[w8:qr:pro] "pral" → 8 records, 8 words
[w8:qr:pro] "pral" branch complete
[w8:qr:pro] Saved 25,687 worker words
[w8:qr:pro] Searching "praq" | queue=133 | words=25687
[w8:qr:pro] Pacing 15s before "praq" (gap=15500ms)
[w8:qr:pro] Managed Turnstile token (len=816, 7390ms, reset)
[w8:qr:pro] [api] 200 mode=pro startsWith=praq
[w8:qr:pro] [api] 200 mode=pro startsWith=praq (787ms direct)
[w8:qr:pro] "praq" → 0 records, 0 words
[w8:qr:pro] "praq" branch complete
[w8:qr:pro] Saved 25,687 worker words
[w8:qr:pro] Searching "pre-" | queue=132 | words=25687
[w8:qr:pro] Pacing 15s before "pre-" (gap=15500ms)
[w8:qr:pro] Managed Turnstile token (len=816, 10759ms, reset)
[w8:qr:pro] [api] 200 mode=pro startsWith=pre-
[w8:qr:pro] [api] 200 mode=pro startsWith=pre- (799ms direct)
[w8:qr:pro] "pre-" → 100 records, 100 words
[w8:qr:pro] Pacing 15s before "pre-" (gap=15500ms)
[w8:qr:pro] Managed Turnstile token (len=816, 6775ms, reset)
[w8:qr:pro] heartbeat words=25787 queue=132 rotation=3 idle=3s
[w8:qr:pro] [api] 200 mode=pro startsWith=pre-
[w8:qr:pro] [api] 200 mode=pro startsWith=pre- sort=alphabetical:desc (764ms direct)
[w8:qr:pro] "pre-" full page ends at "pre-trials" (next='t'); skip 24 covered groups → 4 children reverse Z→A ends at "pre-arraignment" (lo='a' hi='w'); skip 21 middle + 3 new words
[w8:qr:pro] Saved 25,790 worker words
[w8:qr:pro] Searching "pree" | queue=135 | words=25790
[w8:qr:pro] Pacing 15s before "pree" (gap=15500ms)
[w8:qr:pro] Managed Turnstile token (len=816, 15463ms, reset)
[w8:qr:pro] [api] 200 mode=pro startsWith=pree
[w8:qr:pro] [api] 200 mode=pro startsWith=pree (1019ms direct)
[w8:qr:pro] "pree" → 100 records, 100 words (incl. exact "pree")
[w8:qr:pro] Pacing 14s before "pree" (gap=15500ms)
[w8:qr:pro] Managed Turnstile token (len=816, 15603ms, reset)
[w8:qr:pro] [api] 200 mode=pro startsWith=pree
[w8:qr:pro] [api] 200 mode=pro startsWith=pree sort=alphabetical:desc (822ms direct)
[w8:qr:pro] "pree" full page ends at "preenacts" (next='n'); skip 16 covered groups → 12 children reverse Z→A ends at "preexaction" (lo='x' hi='z'); skip 1 middle + 100 new words
[w8:qr:pro] Saved 25,990 worker words
[w8:qr:pro] Searching "prej" | queue=146 | words=25990
[w8:qr:pro] Pacing 13s before "prej" (gap=15500ms)
[w8:qr:pro] heartbeat words=25990 queue=146 rotation=3 idle=19s
[w8:qr:pro] Turnstile mint hard timeout after 28000ms
[w8:qr:pro] Turnstile token present (len=816)
[w8:qr:pro] Site Turnstile token (28455ms)
[w8:qr:pro] Turnstile mint hard timeout after 28000ms
[w8:qr:pro] Turnstile token present (len=816)
[w8:qr:pro] Site Turnstile token (28997ms)
[w8:qr:pro] heartbeat words=25990 queue=146 rotation=3 idle=24s
[w8:qr:pro] Turnstile mint hard timeout after 28000ms
[w8:qr:pro] Turnstile token present (len=816)
[w8:qr:pro] Site Turnstile token (29653ms)
[w8:qr:pro] Turnstile token present (len=837)
[w8:qr:pro] Site Turnstile token (20793ms)
[w8:qr:pro] Failed "prej" attempt 1: page.evaluate: TypeError: Failed to fetch
    at eval (eval at evaluate (:311:30), <anonymous>:11:27)
    at UtilityScript.evaluate (<anonymous>:313:16)
    at UtilityScript.<anonymous> (<anonymous>:1:44)
[w8:qr:pro] Saved 25,990 worker words; shared last.txt now 369,567
[w8:qr:pro] Searching "prej" | queue=146 | words=25990
[w8:qr:pro] heartbeat words=25990 queue=146 rotation=3 idle=3s
[w8:qr:pro] Managed Turnstile token (len=816, 6807ms, remount)
[w8:qr:pro] Failed "prej" attempt 2: page.evaluate: TypeError: Failed to fetch
    at eval (eval at evaluate (:311:30), <anonymous>:11:27)
    at UtilityScript.evaluate (<anonymous>:313:16)
    at UtilityScript.<anonymous> (<anonymous>:1:44)
[w8:qr:pro] Saved 25,990 worker words
[w8:qr:pro] Rotating IP (#4, try 1) after page.evaluate: TypeError: Failed to fetch
    at eval (eval at evaluate (:311:30 → list#13 socks5://103.153.159.217:80
[w8:qr:pro] Launching persistent Chrome profile /tmp/lll-pw-w8-r4
[w8:qr:pro] Proxy list#13 socks5://103.153.159.217:80
[w8:qr:pro] Opening https://lastletterlibrary.com
[w8:qr:pro] page.goto failed attempt 1: page.goto: net::ERR_CONNECTION_RESET at https://lastletterlibrary.com/
Call log:
  - navigating to "https://lastletterli
[w8:qr:pro] page.goto failed attempt 2: page.goto: net::ERR_CONNECTION_RESET at https://lastletterlibrary.com/
Call log:
  - navigating to "https://lastletterli
[w8:qr:pro] page.goto failed attempt 3: page.goto: net::ERR_CONNECTION_RESET at https://lastletterlibrary.com/
Call log:
  - navigating to "https://lastletterli
[w8:qr:pro] rotateIp attempt 1 failed: page.goto: net::ERR_CONNECTION_RESET at https://lastletterlibrary.com/
Call log:
  - navigating to "https://lastletterlibrary.com/", waiting until "domcontentlo
[w8:qr:pro] Rotating IP (#5, try 2) after page.evaluate: TypeError: Failed to fetch
    at eval (eval at evaluate (:311:30 → list#14 socks5://103.155.62.130:1080
[w8:qr:pro] Launching persistent Chrome profile /tmp/lll-pw-w8-r5
[w8:qr:pro] Proxy list#14 socks5://103.155.62.130:1080
[w8:qr:pro] Opening https://lastletterlibrary.com
[w8:qr:pro] heartbeat words=25990 queue=147 rotation=5 idle=4s
[w8:qr:pro] Library mode=pro
[w8:qr:pro] Search mode=direct (skip UI Wait Ns… gate)
[w8:qr:pro] Cleaned 2 old rotated profile(s)
[w8:qr:pro] Searching "prej" | queue=146 | words=25990
[w8:qr:pro] heartbeat words=25990 queue=146 rotation=5 idle=11s
[w8:qr:pro] heartbeat words=25990 queue=146 rotation=5 idle=71s
[w8:qr:pro] Failed "prej" attempt 3: No Turnstile token for direct search
[w8:qr:pro] Deferring stuck "prej" to end of queue after 3 failures (No Turnstile token for direct search)
[w8:qr:pro] Saved 25,990 worker words
[w8:qr:pro] Rotating IP (#6, try 1) after No Turnstile token for direct search → list#15 socks5://103.157.78.22:8199
[w8:qr:pro] Launching persistent Chrome profile /tmp/lll-pw-w8-r6
[w8:qr:pro] Proxy list#15 socks5://103.157.78.22:8199
[w8:qr:pro] Opening https://lastletterlibrary.com
[w8:qr:pro] heartbeat words=25990 queue=147 rotation=6 idle=6s
[w8:qr:pro] page.goto failed attempt 1: page.goto: net::ERR_TIMED_OUT at https://lastletterlibrary.com/
Call log:
  - navigating to "https://lastletterlibrary.c
[w8:qr:pro] heartbeat words=25990 queue=147 rotation=6 idle=36s
[w8:qr:pro] Library mode=pro
[w8:qr:pro] Search mode=direct (skip UI Wait Ns… gate)
[w8:qr:pro] Cleaned 1 old rotated profile(s)
[w8:qr:pro] Searching "prej" | queue=146 | words=25990
[w8:qr:pro] heartbeat words=25990 queue=146 rotation=6 idle=45s
[w8:qr:pro] heartbeat words=25990 queue=146 rotation=6 idle=105s
[w8:qr:pro] Failed "prej" attempt 3: No Turnstile token for direct search
[w8:qr:pro] Deferring stuck "prej" to end of queue after 3 failures (No Turnstile token for direct search)
[w8:qr:pro] Saved 25,990 worker words
[w8:qr:pro] Rotating IP (#7, try 1) after No Turnstile token for direct search → list#16 socks5://103.162.57.42:1080
[w8:qr:pro] Launching persistent Chrome profile /tmp/lll-pw-w8-r7
[w8:qr:pro] Proxy list#16 socks5://103.162.57.42:1080
[w8:qr:pro] Opening https://lastletterlibrary.com
[w8:qr:pro] Library mode=pro
[w8:qr:pro] Search mode=direct (skip UI Wait Ns… gate)
[w8:qr:pro] Cleaned 1 old rotated profile(s)
[w8:qr:pro] Searching "prej" | queue=146 | words=25990
[w8:qr:pro] heartbeat words=25990 queue=146 rotation=7 idle=19s
[w8:qr:pro] heartbeat words=25990 queue=146 rotation=7 idle=79s
[w8:qr:pro] Failed "prej" attempt 3: No Turnstile token for direct search
[w8:qr:pro] Deferring stuck "prej" to end of queue after 3 failures (No Turnstile token for direct search)
[w8:qr:pro] Saved 25,990 worker words
[w8:qr:pro] Rotating IP (#8, try 1) after No Turnstile token for direct search → list#17 socks5://103.165.128.75:1080
[w8:qr:pro] Launching persistent Chrome profile /tmp/lll-pw-w8-r8
[w8:qr:pro] Proxy list#17 socks5://103.165.128.75:1080
[w8:qr:pro] Opening https://lastletterlibrary.com
[w8:qr:pro] heartbeat words=25990 queue=147 rotation=8 idle=16s
[w8:qr:pro] page.goto failed attempt 1: page.goto: net::ERR_TIMED_OUT at https://lastletterlibrary.com/
Call log:
  - navigating to "https://lastletterlibrary.c
[w8:qr:pro] page.goto failed attempt 2: page.goto: net::ERR_TIMED_OUT at https://lastletterlibrary.com/
Call log:
  - navigating to "https://lastletterlibrary.c
[w8:qr:pro] heartbeat words=25990 queue=147 rotation=8 idle=15s
[w8:qr:pro] Library mode=pro
[w8:qr:pro] Search mode=direct (skip UI Wait Ns… gate)
[w8:qr:pro] Cleaned 1 old rotated profile(s)
[w8:qr:pro] Searching "prej" | queue=146 | words=25990
[w8:qr:pro] Managed Turnstile token (len=816, 11254ms, remount)
[w8:qr:pro] [api] 200 mode=pro startsWith=prej
[w8:qr:pro] [api] 200 mode=pro startsWith=prej (769ms direct)
[w8:qr:pro] "prej" → 44 records, 44 words
[w8:qr:pro] "prej" branch complete
[w8:qr:pro] Saved 26,034 worker words
[w8:qr:pro] Searching "preo" | queue=145 | words=26034
[w8:qr:pro] Pacing 15s before "preo" (gap=15500ms)
[w8:qr:pro] Managed Turnstile token (len=816, 5182ms, reset)
[w8:qr:pro] heartbeat words=26034 queue=145 rotation=8 idle=1s
[w8:qr:pro] [api] 200 mode=pro startsWith=preo
[w8:qr:pro] [api] 200 mode=pro startsWith=preo (819ms direct)
[w8:qr:pro] "preo" → 100 records, 100 words
[w8:qr:pro] Pacing 15s before "preo" (gap=15500ms)
[w8:qr:pro] Managed Turnstile token (len=816, 5160ms, reset)
[w8:qr:pro] [api] 200 mode=pro startsWith=preo
[w8:qr:pro] [api] 200 mode=pro startsWith=preo sort=alphabetical:desc (581ms direct)
[w8:qr:pro] "preo" full page ends at "preopinion" (next='p'); skip 24 covered groups → 4 children reverse Z→A ends at "preoccupied" (lo='c' hi='w'); skip 19 middle + 53 new words
[w8:qr:pro] Saved 26,187 worker words
[w8:qr:pro] Searching "pret" | queue=148 | words=26187
[w8:qr:pro] Pacing 15s before "pret" (gap=15500ms)
[w8:qr:pro] Managed Turnstile token (len=816, 6104ms, reset)
[w8:qr:pro] [api] 200 mode=pro startsWith=pret
[w8:qr:pro] [api] 200 mode=pro startsWith=pret (776ms direct)
[w8:qr:pro] "pret" → 100 records, 100 words
[w8:qr:pro] Pacing 15s before "pret" (gap=15500ms)
[w8:qr:pro] Managed Turnstile token (len=816, 6354ms, reset)
[w8:qr:pro] [api] 200 mode=pro startsWith=pret
[w8:qr:pro] [api] 200 mode=pro startsWith=pret sort=alphabetical:desc (793ms direct)
[w8:qr:pro] "pret" full page ends at "preterdiplomatically" (next='e'); skip 16 covered groups → 12 children reverse Z→A ends at "pretorial" (lo='o' hi='z'); skip 10 middle + 100 new words
[w8:qr:pro] Saved 26,387 worker words
[w8:qr:pro] Searching "prie" | queue=159 | words=26387
[w8:qr:pro] Pacing 15s before "prie" (gap=15500ms)
[w8:qr:pro] heartbeat words=26387 queue=159 rotation=8 idle=3s
[w8:qr:pro] Site Turnstile remint timed out (22838ms)
[w8:qr:pro] Managed Turnstile token (len=816, 10138ms, remount)
[w8:qr:pro] [api] 200 mode=pro startsWith=prie
[w8:qr:pro] [api] 200 mode=pro startsWith=prie (613ms direct)
[w8:qr:pro] "prie" → 54 records, 54 words (incl. exact "prie")
[w8:qr:pro] "prie" branch complete
[w8:qr:pro] Saved 26,441 worker words; shared last.txt now 371,427
[w8:qr:pro] Searching "prij" | queue=158 | words=26441
[w8:qr:pro] Pacing 10s before "prij" (gap=15500ms)
[w8:qr:pro] Managed Turnstile token (len=816, 11960ms, reset)
[w8:qr:pro] [api] 200 mode=pro startsWith=prij
[w8:qr:pro] [api] 200 mode=pro startsWith=prij (634ms direct)
[w8:qr:pro] "prij" → 0 records, 0 words
[w8:qr:pro] "prij" branch complete
[w8:qr:pro] Saved 26,441 worker words
[w8:qr:pro] Searching "prio" | queue=157 | words=26441
[w8:qr:pro] Pacing 15s before "prio" (gap=15500ms)
[w8:qr:pro] Managed Turnstile token (len=816, 7409ms, reset)
[w8:qr:pro] heartbeat words=26441 queue=157 rotation=8 idle=7s
[w8:qr:pro] [api] 200 mode=pro startsWith=prio
[w8:qr:pro] [api] 200 mode=pro startsWith=prio (773ms direct)
[w8:qr:pro] "prio" → 51 records, 51 words (incl. exact "prio")
[w8:qr:pro] "prio" branch complete
[w8:qr:pro] Saved 26,492 worker words
[w8:qr:pro] Searching "prit" | queue=156 | words=26492
[w8:qr:pro] Pacing 15s before "prit" (gap=15500ms)
[w8:qr:pro] Managed Turnstile token (len=816, 6177ms, reset)
[w8:qr:pro] [api] 200 mode=pro startsWith=prit
[w8:qr:pro] [api] 200 mode=pro startsWith=prit (861ms direct)
[w8:qr:pro] "prit" → 5 records, 5 words
[w8:qr:pro] "prit" branch complete
[w8:qr:pro] Saved 26,497 worker words
[w8:qr:pro] Searching "proc" | queue=155 | words=26497
[w8:qr:pro] Pacing 15s before "proc" (gap=15500ms)
[w8:qr:pro] Managed Turnstile token (len=816, 12812ms, reset)
[w8:qr:pro] [api] 200 mode=pro startsWith=proc
[w8:qr:pro] [api] 200 mode=pro startsWith=proc (623ms direct)
[w8:qr:pro] "proc" → 100 records, 100 words (incl. exact "proc")
[w8:qr:pro] Pacing 15s before "proc" (gap=15500ms)
[w8:qr:pro] Managed Turnstile token (len=816, 10277ms, reset)
[w8:qr:pro] [api] 200 mode=pro startsWith=proc
[w8:qr:pro] [api] 200 mode=pro startsWith=proc sort=alphabetical:desc (839ms direct)
[w8:qr:pro] "proc" full page ends at "processabilities" (next='e'); skip 11 covered groups → 17 children reverse Z→A ends at "proctorages" (lo='t' hi='z'); skip 5 middle + 100 new words
[w8:qr:pro] Saved 26,697 worker words
[w8:qr:pro] Searching "proh" | queue=171 | words=26697
[w8:qr:pro] Pacing 14s before "proh" (gap=15500ms)
[w8:qr:pro] heartbeat words=26697 queue=171 rotation=8 idle=11s
[w8:qr:pro] Managed Turnstile token (len=816, 17276ms, reset)
[w8:qr:pro] [api] 200 mode=pro startsWith=proh
[w8:qr:pro] [api] 200 mode=pro startsWith=proh (928ms direct)
[w8:qr:pro] "proh" → 33 records, 33 words
[w8:qr:pro] "proh" branch complete
[w8:qr:pro] Saved 26,730 worker words
[w8:qr:pro] Searching "prom" | queue=170 | words=26730
[w8:qr:pro] Pacing 13s before "prom" (gap=15500ms)
[w8:qr:pro] Site Turnstile remint timed out (24683ms)
[w8:qr:pro] Managed Turnstile token (len=816, 13703ms, remount)
[w8:qr:pro] [api] 200 mode=pro startsWith=prom
[w8:qr:pro] [api] 200 mode=pro startsWith=prom (645ms direct)
[w8:qr:pro] "prom" → 100 records, 100 words (incl. exact "prom")
[w8:qr:pro] Pacing 14s before "prom" (gap=15500ms)
[w8:qr:pro] heartbeat words=26830 queue=170 rotation=8 idle=12s
[w8:qr:pro] Managed Turnstile token (len=816, 16490ms, reset)
[w8:qr:pro] [api] 200 mode=pro startsWith=prom
[w8:qr:pro] [api] 200 mode=pro startsWith=prom sort=alphabetical:desc (612ms direct)
[w8:qr:pro] "prom" full page ends at "promnesia" (next='n'); skip 24 covered groups → 4 children reverse Z→A ends at "promoderation" (lo='o' hi='y'); skip 9 middle + 100 new words
[w8:qr:pro] Saved 26,930 worker words
[w8:qr:pro] Searching "pror" | queue=173 | words=26930
[w8:qr:pro] Pacing 13s before "pror" (gap=15500ms)
[w8:qr:pro] Managed Turnstile token (len=816, 12916ms, reset)
[w8:qr:pro] [api] 200 mode=pro startsWith=pror
[w8:qr:pro] [api] 200 mode=pro startsWith=pror (775ms direct)
[w8:qr:pro] "pror" → 78 records, 78 words
[w8:qr:pro] "pror" branch complete
[w8:qr:pro] Saved 27,008 worker words
[w8:qr:pro] Searching "proz" | queue=172 | words=27008
[w8:qr:pro] Pacing 15s before "proz" (gap=15500ms)
[w8:qr:pro] Managed Turnstile token (len=816, 6878ms, reset)
[w8:qr:pro] [api] 200 mode=pro startsWith=proz
[w8:qr:pro] [api] 200 mode=pro startsWith=proz (5065ms direct)
[w8:qr:pro] "proz" → 7 records, 7 words
[w8:qr:pro] "proz" branch complete
[w8:qr:pro] Saved 27,015 worker words; shared last.txt now 372,404
[w8:qr:pro] Searching "prux" | queue=171 | words=27015
[w8:qr:pro] Pacing 3s before "prux" (gap=15500ms)
[w8:qr:pro] Managed Turnstile token (len=816, 13213ms, reset)
[w8:qr:pro] heartbeat words=27015 queue=171 rotation=8 idle=5s
[w8:qr:pro] [api] 200 mode=pro startsWith=prux
[w8:qr:pro] [api] 200 mode=pro startsWith=prux (3611ms direct)
[w8:qr:pro] "prux" → 0 records, 0 words
[w8:qr:pro] "prux" branch complete
[w8:qr:pro] Saved 27,015 worker words
[w8:qr:pro] Searching "psew" | queue=170 | words=27015
[w8:qr:pro] Pacing 8s before "psew" (gap=15500ms)
[w8:qr:pro] Managed Turnstile token (len=816, 15710ms, reset)
[w8:qr:pro] [api] 200 mode=pro startsWith=psew
[w8:qr:pro] [api] 200 mode=pro startsWith=psew (598ms direct)
[w8:qr:pro] "psew" → 0 records, 0 words
[w8:qr:pro] "psew" branch complete
[w8:qr:pro] Saved 27,015 worker words
[w8:qr:pro] Searching "psyw" | queue=169 | words=27015
[w8:qr:pro] Pacing 11s before "psyw" (gap=15500ms)
[w8:qr:pro] Turnstile token present (len=816)
[w8:qr:pro] Site Turnstile token (21329ms)
[w8:qr:pro] [api] 200 mode=pro startsWith=psyw
[w8:qr:pro] [api] 200 mode=pro startsWith=psyw (642ms direct)
[w8:qr:pro] "psyw" → 2 records, 2 words
[w8:qr:pro] "psyw" branch complete
[w8:qr:pro] Saved 27,017 worker words
[w8:qr:pro] Searching "ptes" | queue=168 | words=27017
[w8:qr:pro] Pacing 10s before "ptes" (gap=15500ms)
[w8:qr:pro] heartbeat words=27017 queue=168 rotation=8 idle=14s
[w8:qr:pro] Turnstile token present (len=816)
[w8:qr:pro] Site Turnstile token (27956ms)
[w8:qr:pro] [api] 200 mode=pro startsWith=ptes
[w8:qr:pro] [api] 200 mode=pro startsWith=ptes (629ms direct)
[w8:qr:pro] "ptes" → 0 records, 0 words
[w8:qr:pro] "ptes" branch complete
[w8:qr:pro] Saved 27,017 worker words
[w8:qr:pro] Searching "ptex" | queue=167 | words=27017
[w8:qr:pro] Pacing 13s before "ptex" (gap=15500ms)
[w8:qr:pro] Turnstile token present (len=816)
[w8:qr:pro] Site Turnstile token (22020ms)
[w8:qr:pro] [api] 200 mode=pro startsWith=ptex
[w8:qr:pro] [api] 200 mode=pro startsWith=ptex (821ms direct)
[w8:qr:pro] "ptex" → 0 records, 0 words
[w8:qr:pro] "ptex" branch complete
[w8:qr:pro] Saved 27,017 worker words
[w8:qr:pro] Searching "puln" | queue=166 | words=27017
[w8:qr:pro] Pacing 14s before "puln" (gap=15500ms)
[w8:qr:pro] Turnstile token present (len=816)
[w8:qr:pro] Site Turnstile token (24862ms)
[w8:qr:pro] heartbeat words=27017 queue=166 rotation=8 idle=0s
[w8:qr:pro] [api] 200 mode=pro startsWith=puln
[w8:qr:pro] [api] 200 mode=pro startsWith=puln (620ms direct)
[w8:qr:pro] "puln" → 0 records, 0 words
[w8:qr:pro] "puln" branch complete
[w8:qr:pro] Saved 27,017 worker words
[w8:qr:pro] Searching "puls" | queue=165 | words=27017
[w8:qr:pro] Pacing 10s before "puls" (gap=15500ms)
[w8:qr:pro] Turnstile mint hard timeout after 28000ms
[w8:qr:pro] heartbeat words=27017 queue=165 rotation=8 idle=30s
[w8:qr:pro] Turnstile mint hard timeout after 28000ms
[w8:qr:pro] Managed Turnstile token (len=816, 27400ms, remount)
[w8:qr:pro] Turnstile token present (len=816)
[w8:qr:pro] Site Turnstile token (86311ms)
[w8:qr:pro] Turnstile token present (len=816)
[w8:qr:pro] Site Turnstile token (56933ms)
[w8:qr:pro] Failed "puls" attempt 1: page.evaluate: TypeError: Failed to fetch
    at eval (eval at evaluate (:311:30), <anonymous>:11:27)
    at UtilityScript.evaluate (<anonymous>:313:16)
    at UtilityScript.<anonymous> (<anonymous>:1:44)
[w8:qr:pro] Saved 27,017 worker words
[w8:qr:pro] heartbeat words=27017 queue=166 rotation=8 idle=2s
[w8:qr:pro] Searching "puls" | queue=165 | words=27017
[w8:qr:pro] Managed Turnstile token (len=816, 5261ms, reset)
[w8:qr:pro] Failed "puls" attempt 2: page.evaluate: TypeError: Failed to fetch
    at eval (eval at evaluate (:311:30), <anonymous>:11:27)
    at UtilityScript.evaluate (<anonymous>:313:16)
    at UtilityScript.<anonymous> (<anonymous>:1:44)
[w8:qr:pro] Saved 27,017 worker words; shared last.txt now 373,851
[w8:qr:pro] Rotating IP (#9, try 1) after page.evaluate: TypeError: Failed to fetch
    at eval (eval at evaluate (:311:30 → list#18 socks5://103.171.92.242:9050
[w8:qr:pro] Launching persistent Chrome profile /tmp/lll-pw-w8-r9
[w8:qr:pro] Proxy list#18 socks5://103.171.92.242:9050
[w8:qr:pro] Opening https://lastletterlibrary.com
[w8:qr:pro] heartbeat words=27017 queue=166 rotation=9 idle=19s
[w8:qr:pro] page.goto failed attempt 1: page.goto: net::ERR_TIMED_OUT at https://lastletterlibrary.com/
Call log:
  - navigating to "https://lastletterlibrary.c
[w8:qr:pro] heartbeat words=27017 queue=166 rotation=9 idle=49s
[w8:qr:pro] heartbeat words=27017 queue=166 rotation=9 idle=109s
[w8:qr:pro] page.goto failed attempt 2: page.goto: Timeout 120000ms exceeded.
Call log:
  - navigating to "https://lastletterlibrary.com/", waiting until "domco
[w8:qr:pro] heartbeat words=27017 queue=166 rotation=9 idle=56s
[w8:qr:pro] page.goto failed attempt 3: page.goto: net::ERR_TIMED_OUT at https://lastletterlibrary.com/
Call log:
  - navigating to "https://lastletterlibrary.c
[w8:qr:pro] rotateIp attempt 1 failed: page.goto: net::ERR_TIMED_OUT at https://lastletterlibrary.com/
Call log:
  - navigating to "https://lastletterlibrary.com/", waiting until "domcontentloaded"

[w8:qr:pro] Rotating IP (#10, try 2) after page.evaluate: TypeError: Failed to fetch
    at eval (eval at evaluate (:311:30 → list#19 socks5://103.172.70.13:1083
[w8:qr:pro] Launching persistent Chrome profile /tmp/lll-pw-w8-r10
[w8:qr:pro] Proxy list#19 socks5://103.172.70.13:1083
[w8:qr:pro] Opening https://lastletterlibrary.com
[w8:qr:pro] heartbeat words=27017 queue=166 rotation=10 idle=10s
[w8:qr:pro] page.goto failed attempt 1: page.goto: net::ERR_TIMED_OUT at https://lastletterlibrary.com/
Call log:
  - navigating to "https://lastletterlibrary.c
[w8:qr:pro] page.goto failed attempt 2: page.goto: net::ERR_TIMED_OUT at https://lastletterlibrary.com/
Call log:
  - navigating to "https://lastletterlibrary.c
[w8:qr:pro] heartbeat words=27017 queue=166 rotation=10 idle=7s
[w8:qr:pro] page.goto failed attempt 3: page.goto: net::ERR_TIMED_OUT at https://lastletterlibrary.com/
Call log:
  - navigating to "https://lastletterlibrary.c
[w8:qr:pro] rotateIp attempt 2 failed: page.goto: net::ERR_TIMED_OUT at https://lastletterlibrary.com/
Call log:
  - navigating to "https://lastletterlibrary.com/", waiting until "domcontentloaded"

[w8:qr:pro] heartbeat words=27017 queue=166 rotation=11 idle=29s
[w8:qr:pro] Rotating IP (#11, try 3) after page.evaluate: TypeError: Failed to fetch
    at eval (eval at evaluate (:311:30 → list#20 socks5://103.174.122.197:8199
[w8:qr:pro] Launching persistent Chrome profile /tmp/lll-pw-w8-r11
[w8:qr:pro] Proxy list#20 socks5://103.174.122.197:8199
[w8:qr:pro] Opening https://lastletterlibrary.com
[w8:qr:pro] page.goto failed attempt 1: page.goto: net::ERR_TIMED_OUT at https://lastletterlibrary.com/
Call log:
  - navigating to "https://lastletterlibrary.c
[w8:qr:pro] heartbeat words=27017 queue=166 rotation=11 idle=15s
[w8:qr:pro] Library mode=pro
[w8:qr:pro] Site Turnstile remint timed out (22406ms)
[w8:qr:pro] Search mode=direct (skip UI Wait Ns… gate)
[w8:qr:pro] Cleaned 3 old rotated profile(s)
[w8:qr:pro] Searching "puls" | queue=165 | words=27017
[w8:qr:pro] heartbeat words=27017 queue=165 rotation=11 idle=5s
[w8:qr:pro] Site Turnstile remint timed out (23078ms)
[w8:qr:pro] Site Turnstile remint timed out (23836ms)
[w8:qr:pro] heartbeat words=27017 queue=165 rotation=11 idle=19s
[w8:qr:pro] Site Turnstile remint timed out (25205ms)
[w8:qr:pro] Managed Turnstile token (len=816, 19251ms, remount)
[w8:qr:pro] Failed "puls" attempt 3: page.evaluate: TypeError: Failed to fetch
    at eval (eval at evaluate (:311:30), <anonymous>:11:27)
    at UtilityScript.evaluate (<anonymous>:313:16)
    at UtilityScript.<anonymous> (<anonymous>:1:44)
[w8:qr:pro] Deferring stuck "puls" to end of queue after 3 failures (page.evaluate: TypeError: Failed to fetch
    at eval (eval )
[w8:qr:pro] Saved 27,017 worker words
[w8:qr:pro] heartbeat words=27017 queue=166 rotation=11 idle=3s
[w8:qr:pro] Searching "puls" | queue=165 | words=27017
[w8:qr:pro] Managed Turnstile token (len=816, 13768ms, reset)
[w8:qr:pro] Failed "puls" attempt 4: page.evaluate: TypeError: Failed to fetch
    at eval (eval at evaluate (:311:30), <anonymous>:11:27)
    at UtilityScript.evaluate (<anonymous>:313:16)
    at UtilityScript.<anonymous> (<anonymous>:1:44)
[w8:qr:pro] Deferring stuck "puls" to end of queue after 4 failures (page.evaluate: TypeError: Failed to fetch
    at eval (eval )
[w8:qr:pro] Saved 27,017 worker words
[w8:qr:pro] heartbeat words=27017 queue=166 rotation=11 idle=9s
[w8:qr:pro] Rotating IP (#12, try 1) after page.evaluate: TypeError: Failed to fetch
    at eval (eval at evaluate (:311:30 → list#21 socks5://103.180.123.111:1080
[w8:qr:pro] Launching persistent Chrome profile /tmp/lll-pw-w8-r12
[w8:qr:pro] Proxy list#21 socks5://103.180.123.111:1080
[w8:qr:pro] Opening https://lastletterlibrary.com
[w8:qr:pro] heartbeat words=27017 queue=166 rotation=12 idle=15s
[w8:qr:pro] page.goto failed attempt 1: page.goto: net::ERR_TIMED_OUT at https://lastletterlibrary.com/
Call log:
  - navigating to "https://lastletterlibrary.c
[w8:qr:pro] heartbeat words=27017 queue=166 rotation=12 idle=44s
[w8:qr:pro] heartbeat words=27017 queue=166 rotation=12 idle=105s
[w8:qr:pro] heartbeat words=27017 queue=166 rotation=12 idle=165s
[w8:qr:pro] rotateIp attempt 1 failed: Could not enable Pro mode: locator.waitFor: Timeout 15000ms exceeded.
Call log:
  - waiting for locator('button.library-mode-option').filter({ hasT
[w8:qr:pro] heartbeat words=27017 queue=166 rotation=13 idle=3s
[w8:qr:pro] Rotating IP (#13, try 2) after page.evaluate: TypeError: Failed to fetch
    at eval (eval at evaluate (:311:30 → list#22 socks5://103.189.218.76:6969
[w8:qr:pro] Launching persistent Chrome profile /tmp/lll-pw-w8-r13
[w8:qr:pro] Proxy list#22 socks5://103.189.218.76:6969
[w8:qr:pro] Opening https://lastletterlibrary.com
[w8:qr:pro] Library mode=pro
[w8:qr:pro] Managed Turnstile token (len=816, 14344ms, remount)
[w8:qr:pro] Search mode=direct (skip UI Wait Ns… gate)
[w8:qr:pro] Cleaned 2 old rotated profile(s)
[w8:qr:pro] Searching "puls" | queue=165 | words=27017
[w8:qr:pro] [api] 200 mode=pro startsWith=puls
[w8:qr:pro] [api] 200 mode=pro startsWith=puls (722ms direct)
[w8:qr:pro] "puls" → 52 records, 52 words (incl. exact "puls")
[w8:qr:pro] "puls" branch complete
[w8:qr:pro] Saved 27,069 worker words
[w8:qr:pro] Searching "pund" | queue=164 | words=27069
[w8:qr:pro] Pacing 13s before "pund" (gap=15500ms)
[w8:qr:pro] heartbeat words=27069 queue=164 rotation=13 idle=4s
[w8:qr:pro] Managed Turnstile token (len=816, 12192ms, reset)
[w8:qr:pro] [api] 200 mode=pro startsWith=pund
[w8:qr:pro] [api] 200 mode=pro startsWith=pund (892ms direct)
[w8:qr:pro] "pund" → 12 records, 12 words
[w8:qr:pro] "pund" branch complete
[w8:qr:pro] Saved 27,081 worker words
[w8:qr:pro] Searching "puni" | queue=163 | words=27081
[w8:qr:pro] Pacing 10s before "puni" (gap=15500ms)
[w8:qr:pro] Managed Turnstile token (len=816, 12139ms, reset)
[w8:qr:pro] [api] 200 mode=pro startsWith=puni
[w8:qr:pro] [api] 200 mode=pro startsWith=puni (589ms direct)
[w8:qr:pro] "puni" → 38 records, 38 words
[w8:qr:pro] "puni" branch complete
[w8:qr:pro] Saved 27,119 worker words
[w8:qr:pro] Searching "pupw" | queue=162 | words=27119
[w8:qr:pro] Pacing 14s before "pupw" (gap=15500ms)
[w8:qr:pro] Managed Turnstile token (len=816, 10383ms, reset)
[w8:qr:pro] [api] 200 mode=pro startsWith=pupw
[w8:qr:pro] [api] 200 mode=pro startsWith=pupw (600ms direct)
[w8:qr:pro] "pupw" → 0 records, 0 words
[w8:qr:pro] "pupw" branch complete
[w8:qr:pro] Saved 27,119 worker words
[w8:qr:pro] Searching "purj" | queue=161 | words=27119
[w8:qr:pro] Pacing 15s before "purj" (gap=15500ms)
[w8:qr:pro] Managed Turnstile token (len=816, 13170ms, reset)
[w8:qr:pro] [api] 200 mode=pro startsWith=purj
[w8:qr:pro] [api] 200 mode=pro startsWith=purj (791ms direct)
[w8:qr:pro] "purj" → 0 records, 0 words
[w8:qr:pro] "purj" branch complete
[w8:qr:pro] Saved 27,119 worker words
[w8:qr:pro] Searching "puro" | queue=160 | words=27119
[w8:qr:pro] Pacing 14s before "puro" (gap=15500ms)
[w8:qr:pro] heartbeat words=27119 queue=160 rotation=13 idle=3s
[w8:qr:pro] Site Turnstile remint timed out (25856ms)
[w8:qr:pro] Managed Turnstile token (len=816, 9320ms, remount)
[w8:qr:pro] [api] 200 mode=pro startsWith=puro
[w8:qr:pro] [api] 200 mode=pro startsWith=puro (614ms direct)
[w8:qr:pro] "puro" → 6 records, 6 words
[w8:qr:pro] "puro" branch complete
[w8:qr:pro] Saved 27,125 worker words; shared last.txt now 379,990
[w8:qr:pro] Searching "purx" | queue=159 | words=27125
[w8:qr:pro] Pacing 3s before "purx" (gap=15500ms)
[w8:qr:pro] heartbeat words=27125 queue=159 rotation=13 idle=15s
[w8:qr:pro] Site Turnstile remint timed out (27384ms)
[w8:qr:pro] Turnstile mint hard timeout after 28000ms
[w8:qr:pro] Site Turnstile remint timed out (38197ms)
[w8:qr:pro] Turnstile token present (len=816)
[w8:qr:pro] Site Turnstile token (25734ms)
[w8:qr:pro] [api] 200 mode=pro startsWith=purx
[w8:qr:pro] [api] 200 mode=pro startsWith=purx (956ms direct)
[w8:qr:pro] "purx" → 0 records, 0 words
[w8:qr:pro] "purx" branch complete
[w8:qr:pro] Saved 27,125 worker words
[w8:qr:pro] Searching "pyre" | queue=158 | words=27125
[w8:qr:pro] Pacing 14s before "pyre" (gap=15500ms)
[w8:qr:pro] heartbeat words=27125 queue=158 rotation=13 idle=2s
[w8:qr:pro] Site Turnstile remint timed out (10863ms)
[w8:qr:pro] IP mode=tor
[w8:qr:pro] Cleaned 1 old rotated profile(s)
[w8:qr:pro] Starting persistent Tor socks=127.0.0.1:19058 control=127.0.0.1:29058
[w8:qr:pro] tor: Aug 05 17:58:19.082 [warn] Fixing permissions on directory /tmp/lll-tor-w8
[w8:qr:pro] tor: Aug 05 17:58:19.000 [notice] Bootstrapped 0% (starting): Starting
[w8:qr:pro] tor: Aug 05 17:58:20.000 [notice] Bootstrapped 5% (conn): Connecting to a relay
[w8:qr:pro] tor: Aug 05 17:58:20.000 [notice] Bootstrapped 10% (conn_done): Connected to a relay
[w8:qr:pro] tor: Aug 05 17:59:28.000 [notice] Bootstrapped 14% (handshake): Handshaking with a relay
[w8:qr:pro] tor: Aug 05 17:59:28.000 [notice] Bootstrapped 15% (handshake_done): Handshake with a relay done
Aug 05 17:59:28.000 [notice] Bootstrapped 20% (onehop_create): Estab
[w8:qr:pro] tor: Aug 05 17:59:29.000 [notice] Bootstrapped 25% (requesting_status): Asking for networkstatus consensus
[w8:qr:pro] tor: Aug 05 17:59:29.000 [notice] Bootstrapped 30% (loading_status): Loading networkstatus consensus
[w8:qr:pro] tor: Aug 05 17:59:31.000 [notice] Bootstrapped 40% (loading_keys): Loading authority key certs
[w8:qr:pro] tor: Aug 05 17:59:35.000 [notice] The current consensus has no exit nodes. Tor can only build internal paths, such as paths to onion services.
Aug 05 17:59:35.000 [n
[w8:qr:pro] tor: Aug 05 17:59:37.000 [notice] Bootstrapped 50% (loading_descriptors): Loading relay descriptors
[w8:qr:pro] tor: Aug 05 17:59:53.000 [notice] Bootstrapped 55% (loading_descriptors): Loading relay descriptors
[w8:qr:pro] tor: Aug 05 17:59:53.000 [notice] Bootstrapped 61% (loading_descriptors): Loading relay descriptors
[w8:qr:pro] tor: Aug 05 17:59:53.000 [notice] Bootstrapped 66% (loading_descriptors): Loading relay descriptors
[w8:qr:pro] tor: Aug 05 17:59:54.000 [notice] Bootstrapped 75% (enough_dirinfo): Loaded enough directory info to build circuits
[w8:qr:pro] tor: Aug 05 17:59:54.000 [notice] Bootstrapped 90% (ap_handshake_done): Handshake finished with a relay to build circuits
Aug 05 17:59:54.000 [notice] Bootstrapped 9
[w8:qr:pro] tor: Aug 05 17:59:55.000 [notice] Bootstrapped 100% (done): Done
[w8:qr:pro] Tor ready on 19058 exit=194.32.107.14
[w8:qr:pro] Launching persistent Chrome profile /tmp/lll-pw-w8-r0
[w8:qr:pro] Proxy tor#1 socks5://127.0.0.1:19058
[w8:qr:pro] Opening https://lastletterlibrary.com
[w8:qr:pro] Library mode=pro
[w8:qr:pro] Site Turnstile remint timed out (22818ms)
[w8:qr:pro] Search mode=direct (skip UI Wait Ns… gate)
[w8:qr:pro] Loaded 3735 prefixes, 27125 words; queue=159
[w8:qr:pro] Searching "pyre" | queue=158 | words=27125
[w8:qr:pro] Site Turnstile remint timed out (22311ms)
[w8:qr:pro] Failed "pyre" attempt 1: No Turnstile token for direct search
[w8:qr:pro] Saved 27,125 worker words
[w8:qr:pro] Turnstile miss — soft reload before rotate
[w8:qr:pro] Site Turnstile remint timed out (9556ms)
[w8:qr:pro] Soft reload mint failed — rotating immediately
[w8:qr:pro] Tor NEWNYM gen=1; waiting 8000ms
[w8:qr:pro] Tor ready on 19058 exit=192.42.116.17
[w8:qr:pro] Rotating IP (#1, try 1) after No Turnstile token for direct search → tor#2 socks5://127.0.0.1:19058
[w8:qr:pro] Launching persistent Chrome profile /tmp/lll-pw-w8-r1
[w8:qr:pro] Proxy tor#2 socks5://127.0.0.1:19058
[w8:qr:pro] Opening https://lastletterlibrary.com
[w8:qr:pro] Library mode=pro
[w8:qr:pro] Managed Turnstile token (len=816, 4509ms, remount)
[w8:qr:pro] Search mode=direct (skip UI Wait Ns… gate)
[w8:qr:pro] Cleaned 1 old rotated profile(s)
[w8:qr:pro] Searching "pyre" | queue=158 | words=27125
[w8:qr:pro] [api] 200 mode=pro startsWith=pyre
[w8:qr:pro] [api] 200 mode=pro startsWith=pyre (589ms direct)
[w8:qr:pro] "pyre" → 58 records, 58 words (incl. exact "pyre")
[w8:qr:pro] "pyre" branch complete
[w8:qr:pro] Saved 27,183 worker words
[w8:qr:pro] Searching "pyrj" | queue=157 | words=27183
[w8:qr:pro] Pacing 15s before "pyrj" (gap=15500ms)
[w8:qr:pro] heartbeat words=27183 queue=157 rotation=1 idle=6s
[w8:qr:pro] Site Turnstile remint timed out (22583ms)
[w8:qr:pro] Failed "pyrj" attempt 1: No Turnstile token for direct search
[w8:qr:pro] Saved 27,183 worker words
[w8:qr:pro] Turnstile miss — soft reload before rotate
[w8:qr:pro] Managed Turnstile token (len=794, 4007ms, remount)
[w8:qr:pro] Searching "pyrj" | queue=157 | words=27183
[w8:qr:pro] [api] 200 mode=pro startsWith=pyrj
[w8:qr:pro] [api] 200 mode=pro startsWith=pyrj (410ms direct)
[w8:qr:pro] "pyrj" → 0 records, 0 words
[w8:qr:pro] "pyrj" branch complete
[w8:qr:pro] Saved 27,183 worker words
[w8:qr:pro] Searching "pyro" | queue=156 | words=27183
[w8:qr:pro] Pacing 16s before "pyro" (gap=15500ms)
[w8:qr:pro] Site Turnstile remint timed out (22893ms)
[w8:qr:pro] Failed "pyro" attempt 1: No Turnstile token for direct search
[w8:qr:pro] Saved 27,183 worker words
[w8:qr:pro] Turnstile miss — soft reload before rotate
[w8:qr:pro] Turnstile token present (len=816)
[w8:qr:pro] Site Turnstile token (10168ms)
[w8:qr:pro] Searching "pyro" | queue=156 | words=27183
[w8:qr:pro] [api] 200 mode=pro startsWith=pyro
[w8:qr:pro] [api] 200 mode=pro startsWith=pyro (459ms direct)
[w8:qr:pro] "pyro" → 100 records, 100 words (incl. exact "pyro")
[w8:qr:pro] Pacing 15s before "pyro" (gap=15500ms)
[w8:qr:pro] heartbeat words=27283 queue=156 rotation=1 idle=38s
[w8:qr:pro] Managed Turnstile token (len=816, 5617ms, remount)
[w8:qr:pro] [api] 200 mode=pro startsWith=pyro
[w8:qr:pro] [api] 200 mode=pro startsWith=pyro sort=alphabetical:desc (402ms direct)
[w8:qr:pro] "pyro" full page ends at "pyrolatries" (next='l'); skip 20 covered groups → 8 children reverse Z→A ends at "pyrophosphate" (lo='p' hi='x'); skip 7 middle + 100 new words
[w8:qr:pro] Saved 27,383 worker words
[w8:qr:pro] Searching "palae" | queue=163 | words=27383
[w8:qr:pro] Pacing 15s before "palae" (gap=15500ms)
[w8:qr:pro] Site Turnstile remint timed out (22713ms)
[w8:qr:pro] Failed "palae" attempt 1: No Turnstile token for direct search
[w8:qr:pro] Saved 27,383 worker words
[w8:qr:pro] Turnstile miss — soft reload before rotate
[w8:qr:pro] Turnstile token present (len=816)
[w8:qr:pro] Site Turnstile token (7227ms)
[w8:qr:pro] Searching "palae" | queue=163 | words=27383
[w8:qr:pro] [api] 200 mode=pro startsWith=palae
[w8:qr:pro] [api] 200 mode=pro startsWith=palae (765ms direct)
[w8:qr:pro] "palae" → 100 records, 100 words
[w8:qr:pro] Pacing 15s before "palae" (gap=15500ms)
[w8:qr:pro] Managed Turnstile token (len=816, 8716ms, remount)
[w8:qr:pro] heartbeat words=27483 queue=163 rotation=1 idle=46s
[w8:qr:pro] [api] 200 mode=pro startsWith=palae
[w8:qr:pro] [api] 200 mode=pro startsWith=palae sort=alphabetical:desc (404ms direct)
[w8:qr:pro] "palae" full page ends at "palaeoecologist" (next='o'); skip 20 covered groups → 8 children reverse Z→A ends at "palaeoniscid" (lo='o' hi='t'); skip 4 middle + 100 new words
[w8:qr:pro] Saved 27,583 worker words; shared last.txt now 381,943
[w8:qr:pro] Searching "palaj" | queue=170 | words=27583
[w8:qr:pro] Pacing 15s before "palaj" (gap=15500ms)
[w8:qr:pro] Site Turnstile remint timed out (23097ms)
[w8:qr:pro] Failed "palaj" attempt 1: No Turnstile token for direct search
[w8:qr:pro] Saved 27,583 worker words
[w8:qr:pro] Turnstile miss — soft reload before rotate
[w8:qr:pro] Site Turnstile remint timed out (11024ms)
[w8:qr:pro] Soft reload mint failed — rotating immediately
[w8:qr:pro] Tor NEWNYM gen=2; waiting 8000ms
[w8:qr:pro] Tor ready on 19058 exit=45.84.107.128
[w8:qr:pro] Rotating IP (#2, try 1) after No Turnstile token for direct search → tor#3 socks5://127.0.0.1:19058
[w8:qr:pro] Launching persistent Chrome profile /tmp/lll-pw-w8-r2
[w8:qr:pro] Proxy tor#3 socks5://127.0.0.1:19058
[w8:qr:pro] Opening https://lastletterlibrary.com
[w8:qr:pro] heartbeat words=27583 queue=171 rotation=2 idle=54s
[w8:qr:pro] Library mode=pro
[w8:qr:pro] Graceful shutdown on SIGTERM
[w8:qr:pro] Saved 27,583 worker words
[w8:qr:pro] Tor exited code=0
[w8:qr:pro] IP mode=tor
[w8:qr:pro] Cleaned 2 old rotated profile(s)
[w8:qr:pro] Starting persistent Tor socks=127.0.0.1:19058 control=127.0.0.1:29058
[w8:qr:pro] tor: Aug 05 18:05:29.000 [notice] Bootstrapped 0% (starting): Starting
[w8:qr:pro] tor: Aug 05 18:05:31.000 [notice] Bootstrapped 5% (conn): Connecting to a relay
[w8:qr:pro] tor: Aug 05 18:05:31.000 [notice] Bootstrapped 10% (conn_done): Connected to a relay
[w8:qr:pro] tor: Aug 05 18:05:32.000 [notice] Bootstrapped 14% (handshake): Handshaking with a relay
[w8:qr:pro] tor: Aug 05 18:05:32.000 [notice] Bootstrapped 15% (handshake_done): Handshake with a relay done
Aug 05 18:05:32.000 [notice] Bootstrapped 75% (enough_dirinfo): Load
[w8:qr:pro] tor: Aug 05 18:05:33.000 [notice] Bootstrapped 100% (done): Done
[w8:qr:pro] Tor ready on 19058 exit=104.244.73.14
[w8:qr:pro] Launching persistent Chrome profile /tmp/lll-pw-w8-r0
[w8:qr:pro] Proxy tor#1 socks5://127.0.0.1:19058
[w8:qr:pro] Opening https://lastletterlibrary.com
[w8:qr:pro] Library mode=pro
[w8:qr:pro] Site Turnstile remint timed out (22344ms)
[w8:qr:pro] Search mode=direct (skip UI Wait Ns… gate)
[w8:qr:pro] Loaded 3779 prefixes, 27583 words; queue=171
[w8:qr:pro] Searching "palaj" | queue=170 | words=27583
[w8:qr:pro] Site Turnstile remint timed out (22428ms)
[w8:qr:pro] Failed "palaj" attempt 1: No Turnstile token for direct search
[w8:qr:pro] Saved 27,583 worker words
[w8:qr:pro] Turnstile miss — soft reload before rotate
[w8:qr:pro] Site Turnstile remint timed out (11064ms)
[w8:qr:pro] Soft reload mint failed — rotating immediately
[w8:qr:pro] Tor NEWNYM gen=1; waiting 8000ms
[w8:qr:pro] Tor ready on 19058 exit=5.255.115.58
[w8:qr:pro] Rotating IP (#1, try 1) after No Turnstile token for direct search → tor#2 socks5://127.0.0.1:19058
[w8:qr:pro] Launching persistent Chrome profile /tmp/lll-pw-w8-r1
[w8:qr:pro] Proxy tor#2 socks5://127.0.0.1:19058
[w8:qr:pro] Opening https://lastletterlibrary.com
[w8:qr:pro] heartbeat words=27583 queue=171 rotation=1 idle=60s
[w8:qr:pro] Library mode=pro
[w8:qr:pro] Site Turnstile remint timed out (23395ms)
[w8:qr:pro] Search mode=direct (skip UI Wait Ns… gate)
[w8:qr:pro] Cleaned 1 old rotated profile(s)
[w8:qr:pro] Searching "palaj" | queue=170 | words=27583
[w8:qr:pro] Site Turnstile remint timed out (22537ms)
[w8:qr:pro] Failed "palaj" attempt 1: No Turnstile token for direct search
[w8:qr:pro] Saved 27,583 worker words
[w8:qr:pro] Turnstile miss — soft reload before rotate
[w8:qr:pro] Site Turnstile remint timed out (9849ms)
[w8:qr:pro] Soft reload mint failed — rotating immediately
[w8:qr:pro] Tor NEWNYM gen=2; waiting 8000ms
[w8:qr:pro] heartbeat words=27583 queue=171 rotation=2 idle=120s
[w8:qr:pro] Tor ready on 19058 exit=185.244.192.175
[w8:qr:pro] Rotating IP (#2, try 1) after No Turnstile token for direct search → tor#3 socks5://127.0.0.1:19058
[w8:qr:pro] Launching persistent Chrome profile /tmp/lll-pw-w8-r2
[w8:qr:pro] Proxy tor#3 socks5://127.0.0.1:19058
[w8:qr:pro] Opening https://lastletterlibrary.com
[w8:qr:pro] Library mode=pro
[w8:qr:pro] Site Turnstile remint timed out (25716ms)
[w8:qr:pro] Search mode=direct (skip UI Wait Ns… gate)
[w8:qr:pro] Cleaned 1 old rotated profile(s)
[w8:qr:pro] Searching "palaj" | queue=170 | words=27583
[w8:qr:pro] Graceful shutdown on SIGTERM
[w8:qr:pro] Saved 27,583 worker words
[w8:qr:pro] Tor exited code=0
[w8:qr:pro] IP mode=tor
[w8:qr:pro] Cleaned 1 old rotated profile(s)
[w8:qr:pro] Starting persistent Tor socks=127.0.0.1:19058 control=127.0.0.1:29058
[w8:qr:pro] tor: Aug 05 18:10:00.000 [notice] Bootstrapped 0% (starting): Starting
[w8:qr:pro] tor: Aug 05 18:10:02.000 [notice] Bootstrapped 5% (conn): Connecting to a relay
[w8:qr:pro] tor: Aug 05 18:10:02.000 [notice] Bootstrapped 10% (conn_done): Connected to a relay
[w8:qr:pro] tor: Aug 05 18:10:02.000 [notice] Bootstrapped 14% (handshake): Handshaking with a relay
[w8:qr:pro] tor: Aug 05 18:10:02.000 [notice] Bootstrapped 15% (handshake_done): Handshake with a relay done
Aug 05 18:10:02.000 [notice] Bootstrapped 75% (enough_dirinfo): Load
[w8:qr:pro] tor: Aug 05 18:10:03.000 [notice] Bootstrapped 100% (done): Done
[w8:qr:pro] Tor ready on 19058 exit=192.42.116.64
[w8:qr:pro] Launching persistent Chrome profile /tmp/lll-pw-w8-r0
[w8:qr:pro] Proxy tor#1 socks5://127.0.0.1:19058
[w8:qr:pro] Opening https://lastletterlibrary.com
[w8:qr:pro] Library mode=pro
[w8:qr:pro] Managed Turnstile token (len=816, 5310ms, remount)
[w8:qr:pro] Search mode=direct (skip UI Wait Ns… gate)
[w8:qr:pro] Loaded 3779 prefixes, 27583 words; queue=170
[w8:qr:pro] Searching "palao" | queue=169 | words=27583
[w8:qr:pro] [api] 200 mode=pro startsWith=palao
[w8:qr:pro] [api] 200 mode=pro startsWith=palao (626ms direct)
[w8:qr:pro] "palao" → 0 records, 0 words
[w8:qr:pro] "palao" branch complete
[w8:qr:pro] Saved 27,583 worker words
[w8:qr:pro] Searching "palat" | queue=168 | words=27583
[w8:qr:pro] Pacing 15s before "palat" (gap=15500ms)
[w8:qr:pro] Managed Turnstile token (len=816, 3113ms, remount)
[w8:qr:pro] [api] 200 mode=pro startsWith=palat
[w8:qr:pro] [api] 200 mode=pro startsWith=palat (398ms direct)
[w8:qr:pro] "palat" → 81 records, 81 words
[w8:qr:pro] "palat" branch complete
[w8:qr:pro] Saved 27,664 worker words
[w8:qr:pro] Searching "paley" | queue=167 | words=27664
[w8:qr:pro] Pacing 15s before "paley" (gap=15500ms)
[w8:qr:pro] Managed Turnstile token (len=816, 5016ms, remount)
[w8:qr:pro] [api] 200 mode=pro startsWith=paley
[w8:qr:pro] [api] 200 mode=pro startsWith=paley (661ms direct)
[w8:qr:pro] "paley" → 0 records, 0 words
[w8:qr:pro] "paley" branch complete
[w8:qr:pro] Saved 27,664 worker words
[w8:qr:pro] Searching "palmz" | queue=166 | words=27664
[w8:qr:pro] Pacing 15s before "palmz" (gap=15500ms)
[w8:qr:pro] Managed Turnstile token (len=816, 3734ms, remount)
[w8:qr:pro] [api] 200 mode=pro startsWith=palmz
[w8:qr:pro] [api] 200 mode=pro startsWith=palmz (466ms direct)
[w8:qr:pro] "palmz" → 0 records, 0 words
[w8:qr:pro] "palmz" branch complete
[w8:qr:pro] Saved 27,664 worker words
[w8:qr:pro] Searching "panth" | queue=165 | words=27664
[w8:qr:pro] Pacing 15s before "panth" (gap=15500ms)
[w8:qr:pro] Managed Turnstile token (len=816, 4750ms, remount)
[w8:qr:pro] heartbeat words=27664 queue=165 rotation=0 idle=13s
[w8:qr:pro] [api] 200 mode=pro startsWith=panth
[w8:qr:pro] [api] 200 mode=pro startsWith=panth (505ms direct)
[w8:qr:pro] "panth" → 32 records, 32 words
[w8:qr:pro] "panth" branch complete
[w8:qr:pro] Saved 27,696 worker words
[w8:qr:pro] Searching "pantm" | queue=164 | words=27696
[w8:qr:pro] Pacing 10s before "pantm" (gap=15500ms)
[w8:qr:pro] Managed Turnstile token (len=816, 17998ms, remount)
[w8:qr:pro] [api] 200 mode=pro startsWith=pantm
[w8:qr:pro] [api] 200 mode=pro startsWith=pantm (646ms direct)
[w8:qr:pro] "pantm" → 0 records, 0 words
[w8:qr:pro] "pantm" branch complete
[w8:qr:pro] Saved 27,696 worker words
[w8:qr:pro] Searching "parac" | queue=163 | words=27696
[w8:qr:pro] Pacing 7s before "parac" (gap=15500ms)
[w8:qr:pro] Graceful shutdown on SIGTERM
[w8:qr:pro] Saved 27,696 worker words
[w8:qr:pro] Tor exited code=0
[w8:qr:pro] IP mode=tor
[w8:qr:pro] Cleaned 1 old rotated profile(s)
[w8:qr:pro] Starting persistent Tor socks=127.0.0.1:19058 control=127.0.0.1:29058
[w8:qr:pro] tor: Aug 05 18:12:47.000 [notice] Bootstrapped 0% (starting): Starting
[w8:qr:pro] tor: Aug 05 18:12:49.000 [notice] Bootstrapped 5% (conn): Connecting to a relay
[w8:qr:pro] tor: Aug 05 18:12:49.000 [notice] New control connection opened from 127.0.0.1.
Aug 05 18:12:49.000 [notice] Bootstrapped 10% (conn_done): Connected to a relay
[w8:qr:pro] tor: Aug 05 18:12:50.000 [notice] Bootstrapped 14% (handshake): Handshaking with a relay
[w8:qr:pro] tor: Aug 05 18:12:50.000 [notice] Bootstrapped 15% (handshake_done): Handshake with a relay done
Aug 05 18:12:50.000 [notice] Bootstrapped 75% (enough_dirinfo): Load
[w8:qr:pro] tor: Aug 05 18:12:50.000 [notice] Bootstrapped 95% (circuit_create): Establishing a Tor circuit
[w8:qr:pro] tor: Aug 05 18:12:51.000 [notice] Bootstrapped 100% (done): Done
[w8:qr:pro] Tor ready on 19058 exit=87.118.122.30
[w8:qr:pro] Launching persistent Chrome profile /tmp/lll-pw-w8-r0
[w8:qr:pro] Proxy tor#1 socks5://127.0.0.1:19058
[w8:qr:pro] Opening https://lastletterlibrary.com
[w8:qr:pro] Library mode=pro
[w8:qr:pro] Turnstile token present (len=816)
[w8:qr:pro] Site Turnstile token (19298ms)
[w8:qr:pro] Search mode=direct (skip UI Wait Ns… gate)
[w8:qr:pro] Loaded 3785 prefixes, 27696 words; queue=163
[w8:qr:pro] Searching "parah" | queue=162 | words=27696
[w8:qr:pro] [api] 200 mode=pro startsWith=parah
[w8:qr:pro] [api] 200 mode=pro startsWith=parah (539ms direct)
[w8:qr:pro] "parah" → 14 records, 14 words (incl. exact "parah")
[w8:qr:pro] "parah" branch complete
[w8:qr:pro] Saved 27,710 worker words
[w8:qr:pro] Searching "param" | queue=161 | words=27710
[w8:qr:pro] Pacing 15s before "param" (gap=15500ms)
[w8:qr:pro] Managed Turnstile miss (15094ms)
[w8:qr:pro] Failed "param" attempt 1: No Turnstile token for direct search
[w8:qr:pro] Saved 27,710 worker words
[w8:qr:pro] Turnstile miss — soft reload before rotate
[w8:qr:pro] Site Turnstile remint timed out (9445ms)
[w8:qr:pro] Soft reload mint failed — rotating immediately
[w8:qr:pro] Tor NEWNYM gen=1; waiting 8000ms
[w8:qr:pro] Tor ready on 19058 exit=154.16.116.61
[w8:qr:pro] Rotating IP (#1, try 1) after No Turnstile token for direct search → tor#2 socks5://127.0.0.1:19058
[w8:qr:pro] Launching persistent Chrome profile /tmp/lll-pw-w8-r1
[w8:qr:pro] Proxy tor#2 socks5://127.0.0.1:19058
[w8:qr:pro] Opening https://lastletterlibrary.com
[w8:qr:pro] Library mode=pro
[w8:qr:pro] Managed Turnstile token (len=816, 7249ms, remount)
[w8:qr:pro] Search mode=direct (skip UI Wait Ns… gate)
[w8:qr:pro] Cleaned 1 old rotated profile(s)
[w8:qr:pro] Searching "param" | queue=161 | words=27710
[w8:qr:pro] [api] 200 mode=pro startsWith=param
[w8:qr:pro] [api] 200 mode=pro startsWith=param (574ms direct)
[w8:qr:pro] "param" → 100 records, 100 words (incl. exact "param")
[w8:qr:pro] Pacing 15s before "param" (gap=15500ms)
[w8:qr:pro] Managed Turnstile token (len=816, 4811ms, remount)
[w8:qr:pro] heartbeat words=27810 queue=161 rotation=1 idle=59s
[w8:qr:pro] [api] 200 mode=pro startsWith=param
[w8:qr:pro] [api] 200 mode=pro startsWith=param sort=alphabetical:desc (494ms direct)
[w8:qr:pro] "param" full page ends at "paramorphism" (next='o'); skip 26 covered groups → 2 children reverse Z→A ends at "paramedics" (lo='e' hi='y'); skip 19 middle + 27 new words
[w8:qr:pro] Saved 27,837 worker words
[w8:qr:pro] Searching "parar" | queue=162 | words=27837
[w8:qr:pro] Pacing 15s before "parar" (gap=15500ms)
[w8:qr:pro] Managed Turnstile token (len=816, 4821ms, remount)
[w8:qr:pro] [api] 200 mode=pro startsWith=parar
[w8:qr:pro] [api] 200 mode=pro startsWith=parar (548ms direct)
[w8:qr:pro] "parar" → 17 records, 17 words
[w8:qr:pro] "parar" branch complete
[w8:qr:pro] Saved 27,854 worker words
[w8:qr:pro] Searching "parev" | queue=161 | words=27854
[w8:qr:pro] Pacing 15s before "parev" (gap=15500ms)
[w8:qr:pro] Managed Turnstile token (len=816, 4639ms, remount)
[w8:qr:pro] [api] 200 mode=pro startsWith=parev
[w8:qr:pro] [api] 200 mode=pro startsWith=parev (514ms direct)
[w8:qr:pro] "parev" → 2 records, 2 words (incl. exact "parev")
[w8:qr:pro] "parev" branch complete
[w8:qr:pro] Saved 27,856 worker words
[w8:qr:pro] Searching "pariv" | queue=160 | words=27856
[w8:qr:pro] Pacing 14s before "pariv" (gap=15500ms)
[w8:qr:pro] Managed Turnstile miss (15269ms)
[w8:qr:pro] Failed "pariv" attempt 1: No Turnstile token for direct search
[w8:qr:pro] Saved 27,856 worker words
[w8:qr:pro] Turnstile miss — soft reload before rotate
[w8:qr:pro] heartbeat words=27856 queue=161 rotation=1 idle=18s
[w8:qr:pro] Site Turnstile remint timed out (9794ms)
[w8:qr:pro] Soft reload mint failed — rotating immediately
[w8:qr:pro] Tor NEWNYM gen=2; waiting 8000ms
[w8:qr:pro] Tor ready on 19058 exit=192.42.116.114
[w8:qr:pro] Rotating IP (#2, try 1) after No Turnstile token for direct search → tor#3 socks5://127.0.0.1:19058
[w8:qr:pro] Launching persistent Chrome profile /tmp/lll-pw-w8-r2
[w8:qr:pro] Proxy tor#3 socks5://127.0.0.1:19058
[w8:qr:pro] Opening https://lastletterlibrary.com
[w8:qr:pro] Library mode=pro
[w8:qr:pro] Managed Turnstile token (len=816, 6889ms, remount)
[w8:qr:pro] Search mode=direct (skip UI Wait Ns… gate)
[w8:qr:pro] Cleaned 1 old rotated profile(s)
[w8:qr:pro] Searching "pariv" | queue=160 | words=27856
[w8:qr:pro] [api] 200 mode=pro startsWith=pariv
[w8:qr:pro] [api] 200 mode=pro startsWith=pariv (666ms direct)
[w8:qr:pro] "pariv" → 1 records, 1 words
[w8:qr:pro] "pariv" branch complete
[w8:qr:pro] Saved 27,857 worker words
[w8:qr:pro] Searching "parox" | queue=159 | words=27857
[w8:qr:pro] Pacing 15s before "parox" (gap=15500ms)
[w8:qr:pro] Managed Turnstile token (len=816, 5530ms, remount)
[w8:qr:pro] heartbeat words=27857 queue=159 rotation=2 idle=6s
[w8:qr:pro] [api] 200 mode=pro startsWith=parox
[w8:qr:pro] [api] 200 mode=pro startsWith=parox (396ms direct)
[w8:qr:pro] "parox" → 14 records, 14 words
[w8:qr:pro] "parox" branch complete
[w8:qr:pro] Saved 27,871 worker words; shared last.txt now 386,520
[w8:qr:pro] Searching "passi" | queue=158 | words=27871
[w8:qr:pro] Pacing 15s before "passi" (gap=15500ms)
[w8:qr:pro] Managed Turnstile token (len=816, 4448ms, remount)
[w8:qr:pro] [api] 200 mode=pro startsWith=passi
[w8:qr:pro] [api] 200 mode=pro startsWith=passi (491ms direct)
[w8:qr:pro] "passi" → 76 records, 76 words
[w8:qr:pro] "passi" branch complete
[w8:qr:pro] Saved 27,947 worker words
[w8:qr:pro] Searching "patho" | queue=157 | words=27947
[w8:qr:pro] Pacing 15s before "patho" (gap=15500ms)
[w8:qr:pro] Managed Turnstile miss (15504ms)
[w8:qr:pro] Failed "patho" attempt 1: No Turnstile token for direct search
[w8:qr:pro] Saved 27,947 worker words
[w8:qr:pro] Turnstile miss — soft reload before rotate
[w8:qr:pro] Turnstile token present (len=816)
[w8:qr:pro] Site Turnstile token (13582ms)
[w8:qr:pro] Searching "patho" | queue=157 | words=27947
[w8:qr:pro] heartbeat words=27947 queue=157 rotation=2 idle=35s
[w8:qr:pro] [api] 200 mode=pro startsWith=patho
[w8:qr:pro] [api] 200 mode=pro startsWith=patho (484ms direct)
[w8:qr:pro] "patho" → 95 records, 95 words
[w8:qr:pro] "patho" branch complete
[w8:qr:pro] Saved 28,042 worker words
[w8:qr:pro] Searching "patht" | queue=156 | words=28042
[w8:qr:pro] Pacing 14s before "patht" (gap=15500ms)
[w8:qr:pro] Managed Turnstile token (len=816, 4317ms, remount)
[w8:qr:pro] [api] 200 mode=pro startsWith=patht
[w8:qr:pro] [api] 200 mode=pro startsWith=patht (418ms direct)
[w8:qr:pro] "patht" → 0 records, 0 words
[w8:qr:pro] "patht" branch complete
[w8:qr:pro] Saved 28,042 worker words
[w8:qr:pro] Searching "pathy" | queue=155 | words=28042
[w8:qr:pro] Pacing 16s before "pathy" (gap=15500ms)
[w8:qr:pro] Managed Turnstile token (len=816, 6809ms, remount)
[w8:qr:pro] [api] 200 mode=pro startsWith=pathy
[w8:qr:pro] [api] 200 mode=pro startsWith=pathy (431ms direct)
[w8:qr:pro] "pathy" → 1 records, 1 words (incl. exact "pathy")
[w8:qr:pro] "pathy" branch complete
[w8:qr:pro] Saved 28,043 worker words
[w8:qr:pro] Searching "patrw" | queue=154 | words=28043
[w8:qr:pro] Pacing 15s before "patrw" (gap=15500ms)
[w8:qr:pro] Managed Turnstile miss (15343ms)
[w8:qr:pro] Failed "patrw" attempt 1: No Turnstile token for direct search
[w8:qr:pro] Saved 28,043 worker words
[w8:qr:pro] Turnstile miss — soft reload before rotate
[w8:qr:pro] Turnstile token present (len=816)
[w8:qr:pro] Site Turnstile token (8507ms)
[w8:qr:pro] Searching "patrw" | queue=154 | words=28043
[w8:qr:pro] [api] 200 mode=pro startsWith=patrw
[w8:qr:pro] heartbeat words=28043 queue=154 rotation=2 idle=29s
[w8:qr:pro] [api] 200 mode=pro startsWith=patrw (406ms direct)
[w8:qr:pro] "patrw" → 0 records, 0 words
[w8:qr:pro] "patrw" branch complete
[w8:qr:pro] Saved 28,043 worker words
[w8:qr:pro] Searching "pedau" | queue=153 | words=28043
[w8:qr:pro] Pacing 15s before "pedau" (gap=15500ms)
[w8:qr:pro] Managed Turnstile miss (15365ms)
[w8:qr:pro] Failed "pedau" attempt 1: No Turnstile token for direct search
[w8:qr:pro] Saved 28,043 worker words; shared last.txt now 386,996
[w8:qr:pro] Turnstile miss — soft reload before rotate
[w8:qr:pro] Turnstile token present (len=816)
[w8:qr:pro] Site Turnstile token (6722ms)
[w8:qr:pro] Searching "pedau" | queue=153 | words=28043
[w8:qr:pro] [api] 200 mode=pro startsWith=pedau
[w8:qr:pro] [api] 200 mode=pro startsWith=pedau (382ms direct)
[w8:qr:pro] "pedau" → 0 records, 0 words
[w8:qr:pro] "pedau" branch complete
[w8:qr:pro] Saved 28,043 worker words
[w8:qr:pro] Searching "pedaz" | queue=152 | words=28043
[w8:qr:pro] Pacing 16s before "pedaz" (gap=15500ms)
[w8:qr:pro] Managed Turnstile token (len=816, 3450ms, remount)
[w8:qr:pro] [api] 200 mode=pro startsWith=pedaz
[w8:qr:pro] [api] 200 mode=pro startsWith=pedaz (481ms direct)
[w8:qr:pro] "pedaz" → 0 records, 0 words
[w8:qr:pro] "pedaz" branch complete
[w8:qr:pro] Saved 28,043 worker words
[w8:qr:pro] Searching "penny" | queue=151 | words=28043
[w8:qr:pro] Pacing 15s before "penny" (gap=15500ms)
[w8:qr:pro] Managed Turnstile token (len=816, 4930ms, remount)
[w8:qr:pro] [api] 200 mode=pro startsWith=penny
[w8:qr:pro] [api] 200 mode=pro startsWith=penny (494ms direct)
[w8:qr:pro] "penny" → 33 records, 33 words (incl. exact "penny")
[w8:qr:pro] "penny" branch complete
[w8:qr:pro] Saved 28,076 worker words
[w8:qr:pro] Searching "pentd" | queue=150 | words=28076
[w8:qr:pro] Pacing 15s before "pentd" (gap=15500ms)
[w8:qr:pro] heartbeat words=28076 queue=150 rotation=2 idle=4s
[w8:qr:pro] Managed Turnstile token (len=794, 9937ms, remount)
[w8:qr:pro] [api] 200 mode=pro startsWith=pentd
[w8:qr:pro] [api] 200 mode=pro startsWith=pentd (399ms direct)
[w8:qr:pro] "pentd" → 0 records, 0 words
[w8:qr:pro] "pentd" branch complete
[w8:qr:pro] Saved 28,076 worker words
[w8:qr:pro] Searching "percz" | queue=149 | words=28076
[w8:qr:pro] Pacing 15s before "percz" (gap=15500ms)
[w8:qr:pro] Managed Turnstile miss (15446ms)
[w8:qr:pro] Failed "percz" attempt 1: No Turnstile token for direct search
[w8:qr:pro] Saved 28,076 worker words
[w8:qr:pro] Turnstile miss — soft reload before rotate
[w8:qr:pro] Turnstile token present (len=816)
[w8:qr:pro] Site Turnstile token (9804ms)
[w8:qr:pro] Searching "percz" | queue=149 | words=28076
[w8:qr:pro] [api] 200 mode=pro startsWith=percz
[w8:qr:pro] [api] 200 mode=pro startsWith=percz (478ms direct)
[w8:qr:pro] "percz" → 0 records, 0 words
[w8:qr:pro] "percz" branch complete
[w8:qr:pro] Saved 28,076 worker words
[w8:qr:pro] Searching "perfp" | queue=148 | words=28076
[w8:qr:pro] Pacing 15s before "perfp" (gap=15500ms)
[w8:qr:pro] Managed Turnstile token (len=816, 4448ms, remount)
[w8:qr:pro] [api] 200 mode=pro startsWith=perfp
[w8:qr:pro] [api] 200 mode=pro startsWith=perfp (451ms direct)
[w8:qr:pro] "perfp" → 0 records, 0 words
[w8:qr:pro] "perfp" branch complete
[w8:qr:pro] Saved 28,076 worker words
[w8:qr:pro] Searching "perfu" | queue=147 | words=28076
[w8:qr:pro] Pacing 15s before "perfu" (gap=15500ms)
[w8:qr:pro] heartbeat words=28076 queue=147 rotation=2 idle=2s
[w8:qr:pro] Managed Turnstile token (len=816, 14404ms, remount)
[w8:qr:pro] [api] 200 mode=pro startsWith=perfu
[w8:qr:pro] [api] 200 mode=pro startsWith=perfu (480ms direct)
[w8:qr:pro] "perfu" → 35 records, 35 words
[w8:qr:pro] "perfu" branch complete
[w8:qr:pro] Saved 28,111 worker words; shared last.txt now 387,615
[w8:qr:pro] Searching "perfz" | queue=146 | words=28111
[w8:qr:pro] Pacing 8s before "perfz" (gap=15500ms)
[w8:qr:pro] Managed Turnstile token (len=816, 11068ms, remount)
[w8:qr:pro] [api] 200 mode=pro startsWith=perfz
[w8:qr:pro] [api] 200 mode=pro startsWith=perfz (1949ms direct)
[w8:qr:pro] "perfz" → 0 records, 0 words
[w8:qr:pro] "perfz" branch complete
[w8:qr:pro] Saved 28,111 worker words
[w8:qr:pro] Searching "perig" | queue=145 | words=28111
[w8:qr:pro] Pacing 14s before "perig" (gap=15500ms)
[w8:qr:pro] Managed Turnstile miss (16243ms)
[w8:qr:pro] Failed "perig" attempt 1: No Turnstile token for direct search
[w8:qr:pro] Saved 28,111 worker words
[w8:qr:pro] Turnstile miss — soft reload before rotate
[w8:qr:pro] heartbeat words=28111 queue=146 rotation=2 idle=30s
[w8:qr:pro] Site Turnstile remint timed out (14278ms)
[w8:qr:pro] Soft reload mint failed — rotating immediately
[w8:qr:pro] Tor NEWNYM gen=3; waiting 8000ms
[w8:qr:pro] Tor ready on 19058 exit=185.220.101.1
[w8:qr:pro] Rotating IP (#3, try 1) after No Turnstile token for direct search → tor#4 socks5://127.0.0.1:19058
[w8:qr:pro] Launching persistent Chrome profile /tmp/lll-pw-w8-r3
[w8:qr:pro] Proxy tor#4 socks5://127.0.0.1:19058
[w8:qr:pro] Opening https://lastletterlibrary.com
[w8:qr:pro] Library mode=pro
[w8:qr:pro] Turnstile token present (len=816)
[w8:qr:pro] Site Turnstile token (25475ms)
[w8:qr:pro] Search mode=direct (skip UI Wait Ns… gate)
[w8:qr:pro] Cleaned 1 old rotated profile(s)
[w8:qr:pro] Searching "perig" | queue=145 | words=28111
[w8:qr:pro] [api] 200 mode=pro startsWith=perig
[w8:qr:pro] [api] 200 mode=pro startsWith=perig (426ms direct)
[w8:qr:pro] "perig" → 44 records, 44 words
[w8:qr:pro] "perig" branch complete
[w8:qr:pro] Saved 28,155 worker words
[w8:qr:pro] Searching "peril" | queue=144 | words=28155
[w8:qr:pro] Pacing 14s before "peril" (gap=15500ms)
[w8:qr:pro] heartbeat words=28155 queue=144 rotation=3 idle=2s
[w8:qr:pro] Managed Turnstile miss (15649ms)
[w8:qr:pro] Failed "peril" attempt 1: No Turnstile token for direct search
[w8:qr:pro] Saved 28,155 worker words
[w8:qr:pro] Turnstile miss — soft reload before rotate
[w8:qr:pro] Site Turnstile remint timed out (10037ms)
[w8:qr:pro] Soft reload mint failed — rotating immediately
[w8:qr:pro] Tor NEWNYM gen=4; waiting 8000ms
[w8:qr:pro] heartbeat words=28155 queue=145 rotation=4 idle=62s
[w8:qr:pro] Tor ready on 19058 exit=185.220.100.249
[w8:qr:pro] Rotating IP (#4, try 1) after No Turnstile token for direct search → tor#5 socks5://127.0.0.1:19058
[w8:qr:pro] Launching persistent Chrome profile /tmp/lll-pw-w8-r4
[w8:qr:pro] Proxy tor#5 socks5://127.0.0.1:19058
[w8:qr:pro] Opening https://lastletterlibrary.com
[w8:qr:pro] Library mode=pro
[w8:qr:pro] Managed Turnstile token (len=816, 4610ms, remount)
[w8:qr:pro] Search mode=direct (skip UI Wait Ns… gate)
[w8:qr:pro] Cleaned 1 old rotated profile(s)
[w8:qr:pro] Searching "peril" | queue=144 | words=28155
[w8:qr:pro] [api] 200 mode=pro startsWith=peril
[w8:qr:pro] [api] 200 mode=pro startsWith=peril (373ms direct)
[w8:qr:pro] "peril" → 28 records, 28 words (incl. exact "peril")
[w8:qr:pro] "peril" branch complete
[w8:qr:pro] Saved 28,183 worker words
[w8:qr:pro] Searching "periq" | queue=143 | words=28183
[w8:qr:pro] Pacing 16s before "periq" (gap=15500ms)
[w8:qr:pro] Managed Turnstile token (len=816, 3433ms, remount)
[w8:qr:pro] [api] 200 mode=pro startsWith=periq
[w8:qr:pro] [api] 200 mode=pro startsWith=periq (521ms direct)
[w8:qr:pro] "periq" → 2 records, 2 words
[w8:qr:pro] "periq" branch complete
[w8:qr:pro] Saved 28,185 worker words
[w8:qr:pro] Searching "permi" | queue=142 | words=28185
[w8:qr:pro] Pacing 15s before "permi" (gap=15500ms)
[w8:qr:pro] Managed Turnstile token (len=816, 6104ms, remount)
[w8:qr:pro] [api] 200 mode=pro startsWith=permi
[w8:qr:pro] [api] 200 mode=pro startsWith=permi (405ms direct)
[w8:qr:pro] "permi" → 47 records, 47 words
[w8:qr:pro] "permi" branch complete
[w8:qr:pro] Saved 28,232 worker words
[w8:qr:pro] Searching "permn" | queue=141 | words=28232
[w8:qr:pro] Pacing 15s before "permn" (gap=15500ms)
[w8:qr:pro] Managed Turnstile token (len=816, 5055ms, remount)
[w8:qr:pro] heartbeat words=28232 queue=141 rotation=4 idle=8s
[w8:qr:pro] [api] 200 mode=pro startsWith=permn
[w8:qr:pro] [api] 200 mode=pro startsWith=permn (430ms direct)
[w8:qr:pro] "permn" → 0 records, 0 words
[w8:qr:pro] "permn" branch complete
[w8:qr:pro] Saved 28,232 worker words; shared last.txt now 389,232
[w8:qr:pro] Searching "perms" | queue=140 | words=28232
[w8:qr:pro] Pacing 15s before "perms" (gap=15500ms)
[w8:qr:pro] Managed Turnstile token (len=816, 8492ms, remount)
[w8:qr:pro] [api] 200 mode=pro startsWith=perms
[w8:qr:pro] [api] 200 mode=pro startsWith=perms (898ms direct)
[w8:qr:pro] "perms" → 1 records, 1 words (incl. exact "perms")
[w8:qr:pro] "perms" branch complete
[w8:qr:pro] Saved 28,233 worker words
[w8:qr:pro] Searching "permx" | queue=139 | words=28233
[w8:qr:pro] Pacing 12s before "permx" (gap=15500ms)
[w8:qr:pro] Managed Turnstile token (len=816, 9981ms, remount)
[w8:qr:pro] [api] 429 mode=pro startsWith=permx
[w8:qr:pro] [api] 429 mode=pro startsWith=permx (396ms direct)
[w8:qr:pro] Learned server gap ≈ 15500ms (wait hint 2000ms)
[w8:qr:pro] Rate limited — inline wait 2000ms then retry "permx"
[w8:qr:pro] Managed Turnstile miss (15035ms)
[w8:qr:pro] Failed "permx" attempt 1: No Turnstile token for direct search
[w8:qr:pro] Saved 28,233 worker words
[w8:qr:pro] Turnstile miss — soft reload before rotate
[w8:qr:pro] heartbeat words=28233 queue=140 rotation=4 idle=34s
[w8:qr:pro] Turnstile token present (len=816)
[w8:qr:pro] Site Turnstile token (5620ms)
[w8:qr:pro] Searching "permx" | queue=139 | words=28233
[w8:qr:pro] [api] 200 mode=pro startsWith=permx
[w8:qr:pro] [api] 200 mode=pro startsWith=permx (550ms direct)
[w8:qr:pro] "permx" → 0 records, 0 words
[w8:qr:pro] "permx" branch complete
[w8:qr:pro] Saved 28,233 worker words
[w8:qr:pro] Searching "persj" | queue=138 | words=28233
[w8:qr:pro] Pacing 15s before "persj" (gap=15500ms)
[w8:qr:pro] Managed Turnstile token (len=816, 5847ms, remount)
[w8:qr:pro] [api] 200 mode=pro startsWith=persj
[w8:qr:pro] [api] 200 mode=pro startsWith=persj (475ms direct)
[w8:qr:pro] "persj" → 0 records, 0 words
[w8:qr:pro] "persj" branch complete
[w8:qr:pro] Saved 28,233 worker words
[w8:qr:pro] Searching "perso" | queue=137 | words=28233
[w8:qr:pro] Pacing 15s before "perso" (gap=15500ms)
[w8:qr:pro] Managed Turnstile miss (15351ms)
[w8:qr:pro] Failed "perso" attempt 1: No Turnstile token for direct search
[w8:qr:pro] Saved 28,233 worker words
[w8:qr:pro] Turnstile miss — soft reload before rotate
[w8:qr:pro] Site Turnstile remint timed out (12692ms)
[w8:qr:pro] Soft reload mint failed — rotating immediately
[w8:qr:pro] Tor NEWNYM gen=5; waiting 8000ms
[w8:qr:pro] heartbeat words=28233 queue=138 rotation=5 idle=44s
[w8:qr:pro] Tor ready on 19058 exit=171.25.193.80
[w8:qr:pro] Rotating IP (#5, try 1) after No Turnstile token for direct search → tor#6 socks5://127.0.0.1:19058
[w8:qr:pro] Launching persistent Chrome profile /tmp/lll-pw-w8-r5
[w8:qr:pro] Proxy tor#6 socks5://127.0.0.1:19058
[w8:qr:pro] Opening https://lastletterlibrary.com
[w8:qr:pro] Library mode=pro
[w8:qr:pro] Managed Turnstile token (len=816, 7731ms, remount)
[w8:qr:pro] Search mode=direct (skip UI Wait Ns… gate)
[w8:qr:pro] Cleaned 1 old rotated profile(s)
[w8:qr:pro] Searching "perso" | queue=137 | words=28233
[w8:qr:pro] [api] 200 mode=pro startsWith=perso
[w8:qr:pro] [api] 200 mode=pro startsWith=perso (560ms direct)
[w8:qr:pro] "perso" → 84 records, 84 words
[w8:qr:pro] "perso" branch complete
[w8:qr:pro] Saved 28,317 worker words
[w8:qr:pro] Searching "petru" | queue=136 | words=28317
[w8:qr:pro] Pacing 14s before "petru" (gap=15500ms)
[w8:qr:pro] Managed Turnstile token (len=816, 7966ms, remount)
[w8:qr:pro] [api] 200 mode=pro startsWith=petru
[w8:qr:pro] [api] 200 mode=pro startsWith=petru (607ms direct)
[w8:qr:pro] "petru" → 2 records, 2 words
[w8:qr:pro] "petru" branch complete
[w8:qr:pro] Saved 28,319 worker words
[w8:qr:pro] Searching "petrz" | queue=135 | words=28319
[w8:qr:pro] Pacing 11s before "petrz" (gap=15500ms)
[w8:qr:pro] Managed Turnstile token (len=816, 11017ms, remount)
[w8:qr:pro] [api] 429 mode=pro startsWith=petrz
[w8:qr:pro] [api] 429 mode=pro startsWith=petrz (499ms direct)
[w8:qr:pro] Learned server gap ≈ 15500ms (wait hint 2000ms)
[w8:qr:pro] Rate limited — inline wait 2000ms then retry "petrz"
[w8:qr:pro] Managed Turnstile token (len=816, 5733ms, remount)
[w8:qr:pro] [api] 200 mode=pro startsWith=petrz
[w8:qr:pro] [api] 200 mode=pro startsWith=petrz (651ms direct)
[w8:qr:pro] "petrz" → 0 records, 0 words
[w8:qr:pro] "petrz" branch complete
[w8:qr:pro] heartbeat words=28319 queue=135 rotation=5 idle=23s
[w8:qr:pro] Saved 28,319 worker words; shared last.txt now 390,896
[w8:qr:pro] Searching "phalp" | queue=134 | words=28319
[w8:qr:pro] Pacing 10s before "phalp" (gap=15500ms)
[w8:qr:pro] Managed Turnstile token (len=816, 8292ms, remount)
[w8:qr:pro] [api] 200 mode=pro startsWith=phalp
[w8:qr:pro] [api] 200 mode=pro startsWith=phalp (416ms direct)
[w8:qr:pro] "phalp" → 0 records, 0 words
[w8:qr:pro] "phalp" branch complete
[w8:qr:pro] Saved 28,319 worker words
[w8:qr:pro] Searching "phalu" | queue=133 | words=28319
[w8:qr:pro] Pacing 15s before "phalu" (gap=15500ms)
[w8:qr:pro] Managed Turnstile token (len=816, 6225ms, remount)
[w8:qr:pro] [api] 200 mode=pro startsWith=phalu
[w8:qr:pro] [api] 200 mode=pro startsWith=phalu (457ms direct)
[w8:qr:pro] "phalu" → 0 records, 0 words
[w8:qr:pro] "phalu" branch complete
[w8:qr:pro] Saved 28,319 worker words
[w8:qr:pro] Searching "phalz" | queue=132 | words=28319
[w8:qr:pro] Pacing 15s before "phalz" (gap=15500ms)
[w8:qr:pro] Managed Turnstile miss (15768ms)
[w8:qr:pro] Failed "phalz" attempt 1: No Turnstile token for direct search
[w8:qr:pro] Saved 28,319 worker words
[w8:qr:pro] Turnstile miss — soft reload before rotate
[w8:qr:pro] Site Turnstile remint timed out (13338ms)
[w8:qr:pro] Soft reload mint failed — rotating immediately
[w8:qr:pro] heartbeat words=28319 queue=133 rotation=6 idle=34s
[w8:qr:pro] Tor NEWNYM gen=6; waiting 8000ms
[w8:qr:pro] Tor ready on 19058 exit=192.42.116.62
[w8:qr:pro] Rotating IP (#6, try 1) after No Turnstile token for direct search → tor#7 socks5://127.0.0.1:19058
[w8:qr:pro] Launching persistent Chrome profile /tmp/lll-pw-w8-r6
[w8:qr:pro] Proxy tor#7 socks5://127.0.0.1:19058
[w8:qr:pro] Opening https://lastletterlibrary.com
[w8:qr:pro] Library mode=pro
[w8:qr:pro] Managed Turnstile token (len=816, 12175ms, remount)
[w8:qr:pro] Search mode=direct (skip UI Wait Ns… gate)
[w8:qr:pro] Cleaned 1 old rotated profile(s)
[w8:qr:pro] Searching "phalz" | queue=132 | words=28319
[w8:qr:pro] [api] 200 mode=pro startsWith=phalz
[w8:qr:pro] [api] 200 mode=pro startsWith=phalz (493ms direct)
[w8:qr:pro] "phalz" → 0 records, 0 words
[w8:qr:pro] "phalz" branch complete
[w8:qr:pro] Saved 28,319 worker words
[w8:qr:pro] Searching "phanx" | queue=131 | words=28319
[w8:qr:pro] Pacing 13s before "phanx" (gap=15500ms)
[w8:qr:pro] Managed Turnstile token (len=816, 10909ms, remount)
[w8:qr:pro] [api] 200 mode=pro startsWith=phanx
[w8:qr:pro] [api] 200 mode=pro startsWith=phanx (425ms direct)
[w8:qr:pro] "phanx" → 0 records, 0 words
[w8:qr:pro] "phanx" branch complete
[w8:qr:pro] Saved 28,319 worker words
[w8:qr:pro] Searching "pharz" | queue=130 | words=28319
[w8:qr:pro] Pacing 11s before "pharz" (gap=15500ms)
[w8:qr:pro] heartbeat words=28319 queue=130 rotation=6 idle=6s
[w8:qr:pro] Managed Turnstile token (len=816, 9330ms, remount)
[w8:qr:pro] [api] 429 mode=pro startsWith=pharz
[w8:qr:pro] [api] 429 mode=pro startsWith=pharz (475ms direct)
[w8:qr:pro] Learned server gap ≈ 15500ms (wait hint 2000ms)
[w8:qr:pro] Rate limited — inline wait 2000ms then retry "pharz"
[w8:qr:pro] Managed Turnstile token (len=816, 5289ms, remount)
[w8:qr:pro] [api] 200 mode=pro startsWith=pharz
[w8:qr:pro] [api] 200 mode=pro startsWith=pharz (466ms direct)
[w8:qr:pro] "pharz" → 0 records, 0 words
[w8:qr:pro] "pharz" branch complete
[w8:qr:pro] Saved 28,319 worker words
[w8:qr:pro] Searching "phens" | queue=129 | words=28319
[w8:qr:pro] Pacing 15s before "phens" (gap=15500ms)
[w8:qr:pro] Managed Turnstile token (len=816, 6272ms, remount)
[w8:qr:pro] [api] 200 mode=pro startsWith=phens
[w8:qr:pro] [api] 200 mode=pro startsWith=phens (437ms direct)
[w8:qr:pro] "phens" → 0 records, 0 words
[w8:qr:pro] "phens" branch complete
[w8:qr:pro] Saved 28,319 worker words
[w8:qr:pro] Searching "phenx" | queue=128 | words=28319
[w8:qr:pro] Pacing 15s before "phenx" (gap=15500ms)
[w8:qr:pro] Managed Turnstile token (len=816, 11891ms, remount)
[w8:qr:pro] [api] 200 mode=pro startsWith=phenx
[w8:qr:pro] [api] 200 mode=pro startsWith=phenx (592ms direct)
[w8:qr:pro] "phenx" → 0 records, 0 words
[w8:qr:pro] "phenx" branch complete
[w8:qr:pro] heartbeat words=28319 queue=128 rotation=6 idle=36s
[w8:qr:pro] Turnstile mint hard timeout after 20000ms
[w8:qr:pro] Saved 28,319 worker words; shared last.txt now 392,094
[w8:qr:pro] Searching "philk" | queue=127 | words=28319
[w8:qr:pro] Managed Turnstile token (len=816, 3925ms, remount)
[w8:qr:pro] [api] 200 mode=pro startsWith=philk
[w8:qr:pro] [api] 200 mode=pro startsWith=philk (398ms direct)
[w8:qr:pro] "philk" → 0 records, 0 words
[w8:qr:pro] "philk" branch complete
[w8:qr:pro] Saved 28,319 worker words
[w8:qr:pro] Searching "phily" | queue=126 | words=28319
[w8:qr:pro] Pacing 16s before "phily" (gap=15500ms)
[w8:qr:pro] Managed Turnstile token (len=816, 4003ms, remount)
[w8:qr:pro] [api] 200 mode=pro startsWith=phily
[w8:qr:pro] [api] 200 mode=pro startsWith=phily (393ms direct)
[w8:qr:pro] "phily" → 3 records, 3 words
[w8:qr:pro] "phily" branch complete
[w8:qr:pro] Saved 28,322 worker words
[w8:qr:pro] Searching "phlex" | queue=125 | words=28322
[w8:qr:pro] Pacing 15s before "phlex" (gap=15500ms)
[w8:qr:pro] Managed Turnstile token (len=816, 4970ms, remount)
[w8:qr:pro] [api] 200 mode=pro startsWith=phlex
[w8:qr:pro] [api] 200 mode=pro startsWith=phlex (599ms direct)
[w8:qr:pro] "phlex" → 0 records, 0 words
[w8:qr:pro] "phlex" branch complete
[w8:qr:pro] Saved 28,322 worker words
[w8:qr:pro] Searching "phong" | queue=124 | words=28322
[w8:qr:pro] Pacing 15s before "phong" (gap=15500ms)
[w8:qr:pro] Managed Turnstile token (len=816, 4874ms, remount)
[w8:qr:pro] [api] 200 mode=pro startsWith=phong
[w8:qr:pro] [api] 200 mode=pro startsWith=phong (682ms direct)
[w8:qr:pro] "phong" → 1 records, 1 words
[w8:qr:pro] "phong" branch complete
[w8:qr:pro] Saved 28,323 worker words
[w8:qr:pro] Searching "phonl" | queue=123 | words=28323
[w8:qr:pro] Pacing 15s before "phonl" (gap=15500ms)
[w8:qr:pro] heartbeat words=28323 queue=123 rotation=6 idle=4s
[w8:qr:pro] Managed Turnstile token (len=816, 12011ms, remount)
[w8:qr:pro] [api] 200 mode=pro startsWith=phonl
[w8:qr:pro] [api] 200 mode=pro startsWith=phonl (638ms direct)
[w8:qr:pro] "phonl" → 0 records, 0 words
[w8:qr:pro] "phonl" branch complete
[w8:qr:pro] Saved 28,323 worker words
[w8:qr:pro] Searching "phoss" | queue=122 | words=28323
[w8:qr:pro] Pacing 13s before "phoss" (gap=15500ms)
[w8:qr:pro] Managed Turnstile miss (16227ms)
[w8:qr:pro] Failed "phoss" attempt 1: No Turnstile token for direct search
[w8:qr:pro] Saved 28,323 worker words
[w8:qr:pro] Turnstile miss — soft reload before rotate
[w8:qr:pro] Site Turnstile remint timed out (13818ms)
[w8:qr:pro] Soft reload mint failed — rotating immediately
[w8:qr:pro] Tor NEWNYM gen=7; waiting 8000ms
[w8:qr:pro] heartbeat words=28323 queue=123 rotation=7 idle=47s
[w8:qr:pro] Tor ready on 19058 exit=185.220.101.15
[w8:qr:pro] Rotating IP (#7, try 1) after No Turnstile token for direct search → tor#8 socks5://127.0.0.1:19058
[w8:qr:pro] Launching persistent Chrome profile /tmp/lll-pw-w8-r7
[w8:qr:pro] Proxy tor#8 socks5://127.0.0.1:19058
[w8:qr:pro] Opening https://lastletterlibrary.com
[w8:qr:pro] Library mode=pro
[w8:qr:pro] Managed Turnstile token (len=816, 5278ms, remount)
[w8:qr:pro] Search mode=direct (skip UI Wait Ns… gate)
[w8:qr:pro] Cleaned 1 old rotated profile(s)
[w8:qr:pro] Searching "phoss" | queue=122 | words=28323
[w8:qr:pro] [api] 200 mode=pro startsWith=phoss
[w8:qr:pro] [api] 200 mode=pro startsWith=phoss (536ms direct)
[w8:qr:pro] "phoss" → 2 records, 2 words (incl. exact "phoss")
[w8:qr:pro] "phoss" branch complete
[w8:qr:pro] Saved 28,325 worker words
[w8:qr:pro] Searching "phosx" | queue=121 | words=28325
[w8:qr:pro] Pacing 15s before "phosx" (gap=15500ms)
[w8:qr:pro] Managed Turnstile token (len=816, 5273ms, remount)
[w8:qr:pro] [api] 200 mode=pro startsWith=phosx
[w8:qr:pro] [api] 200 mode=pro startsWith=phosx (405ms direct)
[w8:qr:pro] "phosx" → 0 records, 0 words
[w8:qr:pro] "phosx" branch complete
[w8:qr:pro] Saved 28,325 worker words; shared last.txt now 392,938
[w8:qr:pro] Searching "photv" | queue=120 | words=28325
[w8:qr:pro] Pacing 15s before "photv" (gap=15500ms)
[w8:qr:pro] Managed Turnstile token (len=816, 9193ms, remount)
[w8:qr:pro] [api] 200 mode=pro startsWith=photv
[w8:qr:pro] [api] 200 mode=pro startsWith=photv (784ms direct)
[w8:qr:pro] "photv" → 0 records, 0 words
[w8:qr:pro] "photv" branch complete
[w8:qr:pro] Saved 28,325 worker words
[w8:qr:pro] Searching "phyll" | queue=119 | words=28325
[w8:qr:pro] Pacing 15s before "phyll" (gap=15500ms)
[w8:qr:pro] Managed Turnstile token (len=816, 8234ms, remount)
[w8:qr:pro] heartbeat words=28325 queue=119 rotation=7 idle=15s
[w8:qr:pro] [api] 200 mode=pro startsWith=phyll
[w8:qr:pro] [api] 200 mode=pro startsWith=phyll (531ms direct)
[w8:qr:pro] "phyll" → 100 records, 100 words
[w8:qr:pro] Pacing 15s before "phyll" (gap=15500ms)
[w8:qr:pro] Managed Turnstile token (len=816, 7453ms, remount)
[w8:qr:pro] [api] 200 mode=pro startsWith=phyll
[w8:qr:pro] [api] 200 mode=pro startsWith=phyll sort=alphabetical:desc (752ms direct)
[w8:qr:pro] "phyll" full page ends at "phylloscopus" (next='o'); skip 16 covered groups → 12 children reverse Z→A ends at "phyllocyanic" (lo='o' hi='o'); skip 0 middle + 39 new words
[w8:qr:pro] Saved 28,464 worker words
[w8:qr:pro] Searching "phyly" | queue=130 | words=28464
[w8:qr:pro] Pacing 13s before "phyly" (gap=15500ms)
[w8:qr:pro] Managed Turnstile token (len=816, 11959ms, remount)
[w8:qr:pro] [api] 429 mode=pro startsWith=phyly
[w8:qr:pro] [api] 429 mode=pro startsWith=phyly (438ms direct)
[w8:qr:pro] Learned server gap ≈ 15500ms (wait hint 2000ms)
[w8:qr:pro] Rate limited — inline wait 2000ms then retry "phyly"
[w8:qr:pro] Managed Turnstile token (len=816, 6409ms, remount)
[w8:qr:pro] [api] 200 mode=pro startsWith=phyly
[w8:qr:pro] [api] 200 mode=pro startsWith=phyly (454ms direct)
[w8:qr:pro] "phyly" → 0 records, 0 words
[w8:qr:pro] "phyly" branch complete
[w8:qr:pro] Saved 28,464 worker words
[w8:qr:pro] Searching "physq" | queue=129 | words=28464
[w8:qr:pro] Pacing 15s before "physq" (gap=15500ms)
[w8:qr:pro] Managed Turnstile token (len=816, 10951ms, remount)
[w8:qr:pro] [api] 200 mode=pro startsWith=physq
[w8:qr:pro] [api] 200 mode=pro startsWith=physq (403ms direct)
[w8:qr:pro] "physq" → 0 records, 0 words
[w8:qr:pro] "physq" branch complete
[w8:qr:pro] Saved 28,464 worker words
[w8:qr:pro] Searching "physv" | queue=128 | words=28464
[w8:qr:pro] Pacing 15s before "physv" (gap=15500ms)
[w8:qr:pro] heartbeat words=28464 queue=128 rotation=7 idle=6s
[w8:qr:pro] Managed Turnstile miss (15791ms)
[w8:qr:pro] Failed "physv" attempt 1: No Turnstile token for direct search
[w8:qr:pro] Saved 28,464 worker words
[w8:qr:pro] Turnstile miss — soft reload before rotate
[w8:qr:pro] Turnstile token present (len=816)
[w8:qr:pro] Site Turnstile token (6869ms)
[w8:qr:pro] Searching "physv" | queue=128 | words=28464
[w8:qr:pro] [api] 200 mode=pro startsWith=physv
[w8:qr:pro] [api] 200 mode=pro startsWith=physv (426ms direct)
[w8:qr:pro] "physv" → 0 records, 0 words
[w8:qr:pro] "physv" branch complete
[w8:qr:pro] Saved 28,464 worker words
[w8:qr:pro] Searching "phyto" | queue=127 | words=28464
[w8:qr:pro] Pacing 15s before "phyto" (gap=15500ms)
[w8:qr:pro] Managed Turnstile token (len=816, 7125ms, remount)
[w8:qr:pro] [api] 200 mode=pro startsWith=phyto
[w8:qr:pro] [api] 200 mode=pro startsWith=phyto (478ms direct)
[w8:qr:pro] "phyto" → 100 records, 100 words
[w8:qr:pro] Pacing 14s before "phyto" (gap=15500ms)
[w8:qr:pro] Managed Turnstile token (len=816, 5769ms, remount)
[w8:qr:pro] [api] 200 mode=pro startsWith=phyto
[w8:qr:pro] [api] 200 mode=pro startsWith=phyto sort=alphabetical:desc (511ms direct)
[w8:qr:pro] "phyto" full page ends at "phytometric" (next='m'); skip 23 covered groups → 5 children reverse Z→A ends at "phytopaleontological" (lo='p' hi='z'); skip 9 middle + 100 new words
[w8:qr:pro] Saved 28,664 worker words
[w8:qr:pro] Searching "plati" | queue=131 | words=28664
[w8:qr:pro] Pacing 15s before "plati" (gap=15500ms)
[w8:qr:pro] Managed Turnstile token (len=816, 8180ms, remount)
[w8:qr:pro] heartbeat words=28664 queue=131 rotation=7 idle=9s
[w8:qr:pro] [api] 200 mode=pro startsWith=plati
[w8:qr:pro] [api] 200 mode=pro startsWith=plati (448ms direct)
[w8:qr:pro] "plati" → 80 records, 80 words
[w8:qr:pro] "plati" branch complete
[w8:qr:pro] Saved 28,734 worker words; shared last.txt now 393,982
[w8:qr:pro] Searching "platj" | queue=130 | words=28734
[w8:qr:pro] Pacing 12s before "platj" (gap=15500ms)
[w8:qr:pro] Managed Turnstile token (len=816, 9853ms, remount)
[w8:qr:pro] [api] 200 mode=pro startsWith=platj
[w8:qr:pro] [api] 200 mode=pro startsWith=platj (418ms direct)
[w8:qr:pro] "platj" → 0 records, 0 words
[w8:qr:pro] "platj" branch complete
[w8:qr:pro] Saved 28,734 worker words
[w8:qr:pro] Searching "platk" | queue=129 | words=28734
[w8:qr:pro] Pacing 15s before "platk" (gap=15500ms)
[w8:qr:pro] Managed Turnstile token (len=816, 4669ms, remount)
[w8:qr:pro] [api] 200 mode=pro startsWith=platk
[w8:qr:pro] [api] 200 mode=pro startsWith=platk (424ms direct)
[w8:qr:pro] "platk" → 0 records, 0 words
[w8:qr:pro] "platk" branch complete
[w8:qr:pro] Saved 28,734 worker words
[w8:qr:pro] Searching "platl" | queue=128 | words=28734
[w8:qr:pro] Pacing 16s before "platl" (gap=15500ms)
[w8:qr:pro] Managed Turnstile token (len=816, 5419ms, remount)
[w8:qr:pro] [api] 200 mode=pro startsWith=platl
[w8:qr:pro] [api] 200 mode=pro startsWith=platl (402ms direct)
[w8:qr:pro] "platl" → 1 records, 1 words
[w8:qr:pro] "platl" branch complete
[w8:qr:pro] Saved 28,735 worker words
[w8:qr:pro] Searching "platm" | queue=127 | words=28735
[w8:qr:pro] Pacing 15s before "platm" (gap=15500ms)
[w8:qr:pro] heartbeat words=28735 queue=127 rotation=7 idle=7s
[w8:qr:pro] Managed Turnstile token (len=816, 10101ms, remount)
[w8:qr:pro] [api] 200 mode=pro startsWith=platm
[w8:qr:pro] [api] 200 mode=pro startsWith=platm (602ms direct)
[w8:qr:pro] "platm" → 0 records, 0 words
[w8:qr:pro] "platm" branch complete
[w8:qr:pro] Saved 28,735 worker words
[w8:qr:pro] Searching "platn" | queue=126 | words=28735
[w8:qr:pro] Pacing 15s before "platn" (gap=15500ms)
[w8:qr:pro] Managed Turnstile token (len=816, 10103ms, remount)
[w8:qr:pro] [api] 200 mode=pro startsWith=platn
[w8:qr:pro] [api] 200 mode=pro startsWith=platn (434ms direct)
[w8:qr:pro] "platn" → 0 records, 0 words
[w8:qr:pro] "platn" branch complete
[w8:qr:pro] Saved 28,735 worker words
[w8:qr:pro] Searching "plato" | queue=125 | words=28735
[w8:qr:pro] Pacing 15s before "plato" (gap=15500ms)
[w8:qr:pro] Managed Turnstile token (len=816, 13113ms, remount)
[w8:qr:pro] [api] 200 mode=pro startsWith=plato
[w8:qr:pro] [api] 200 mode=pro startsWith=plato (683ms direct)
[w8:qr:pro] "plato" → 28 records, 28 words (incl. exact "plato")
[w8:qr:pro] "plato" branch complete
[w8:qr:pro] Saved 28,763 worker words
[w8:qr:pro] Searching "platp" | queue=124 | words=28763
[w8:qr:pro] Pacing 13s before "platp" (gap=15500ms)
[w8:qr:pro] Turnstile mint hard timeout after 20000ms
[w8:qr:pro] heartbeat words=28763 queue=124 rotation=7 idle=20s
[w8:qr:pro] Failed "platp" attempt 1: No Turnstile token for direct search
[w8:qr:pro] Saved 28,763 worker words
[w8:qr:pro] Turnstile miss — soft reload before rotate
[w8:qr:pro] Turnstile token present (len=816)
[w8:qr:pro] Site Turnstile token (5928ms)
[w8:qr:pro] Searching "platp" | queue=124 | words=28763
[w8:qr:pro] [api] 200 mode=pro startsWith=platp
[w8:qr:pro] [api] 200 mode=pro startsWith=platp (759ms direct)
[w8:qr:pro] "platp" → 0 records, 0 words
[w8:qr:pro] "platp" branch complete
[w8:qr:pro] Saved 28,763 worker words; shared last.txt now 394,653
[w8:qr:pro] Searching "platq" | queue=123 | words=28763
[w8:qr:pro] Pacing 12s before "platq" (gap=15500ms)
[w8:qr:pro] Managed Turnstile token (len=816, 7027ms, remount)
[w8:qr:pro] [api] 200 mode=pro startsWith=platq
[w8:qr:pro] [api] 200 mode=pro startsWith=platq (509ms direct)
[w8:qr:pro] "platq" → 0 records, 0 words
[w8:qr:pro] "platq" branch complete
[w8:qr:pro] Saved 28,763 worker words
[w8:qr:pro] Searching "platr" | queue=122 | words=28763
[w8:qr:pro] Pacing 15s before "platr" (gap=15500ms)
[w8:qr:pro] Managed Turnstile token (len=816, 5913ms, remount)
[w8:qr:pro] [api] 200 mode=pro startsWith=platr
[w8:qr:pro] [api] 200 mode=pro startsWith=platr (617ms direct)
[w8:qr:pro] "platr" → 0 records, 0 words
[w8:qr:pro] "platr" branch complete
[w8:qr:pro] Saved 28,763 worker words
[w8:qr:pro] Searching "plats" | queue=121 | words=28763
[w8:qr:pro] Pacing 14s before "plats" (gap=15500ms)
[w8:qr:pro] heartbeat words=28763 queue=121 rotation=7 idle=8s
[w8:qr:pro] Managed Turnstile token (len=816, 8490ms, remount)
[w8:qr:pro] [api] 200 mode=pro startsWith=plats
[w8:qr:pro] [api] 200 mode=pro startsWith=plats (540ms direct)
[w8:qr:pro] "plats" → 1 records, 1 words (incl. exact "plats")
[w8:qr:pro] "plats" branch complete
[w8:qr:pro] Saved 28,764 worker words
[w8:qr:pro] Searching "platt" | queue=120 | words=28764
[w8:qr:pro] Pacing 15s before "platt" (gap=15500ms)
[w8:qr:pro] Managed Turnstile token (len=816, 9846ms, remount)
[w8:qr:pro] [api] 200 mode=pro startsWith=platt
[w8:qr:pro] [api] 200 mode=pro startsWith=platt (645ms direct)
[w8:qr:pro] "platt" → 17 records, 17 words (incl. exact "platt")
[w8:qr:pro] "platt" branch complete
[w8:qr:pro] Saved 28,781 worker words
[w8:qr:pro] Searching "platu" | queue=119 | words=28781
[w8:qr:pro] Pacing 12s before "platu" (gap=15500ms)
[w8:qr:pro] Managed Turnstile token (len=816, 9748ms, remount)
[w8:qr:pro] [api] 200 mode=pro startsWith=platu
[w8:qr:pro] [api] 200 mode=pro startsWith=platu (677ms direct)
[w8:qr:pro] "platu" → 1 records, 1 words
[w8:qr:pro] "platu" branch complete
[w8:qr:pro] Saved 28,782 worker words
[w8:qr:pro] Searching "platv" | queue=118 | words=28782
[w8:qr:pro] Pacing 15s before "platv" (gap=15500ms)
[w8:qr:pro] Managed Turnstile token (len=816, 8071ms, remount)
[w8:qr:pro] [api] 200 mode=pro startsWith=platv
[w8:qr:pro] [api] 200 mode=pro startsWith=platv (604ms direct)
[w8:qr:pro] "platv" → 0 records, 0 words
[w8:qr:pro] "platv" branch complete
[w8:qr:pro] Saved 28,782 worker words
[w8:qr:pro] Searching "platw" | queue=117 | words=28782
[w8:qr:pro] Pacing 14s before "platw" (gap=15500ms)
[w8:qr:pro] heartbeat words=28782 queue=117 rotation=7 idle=5s
[w8:qr:pro] Managed Turnstile miss (15735ms)
[w8:qr:pro] Failed "platw" attempt 1: No Turnstile token for direct search
[w8:qr:pro] Saved 28,782 worker words
[w8:qr:pro] Turnstile miss — soft reload before rotate
[w8:qr:pro] Turnstile token present (len=816)
[w8:qr:pro] Site Turnstile token (8914ms)
[w8:qr:pro] Searching "platw" | queue=117 | words=28782
[w8:qr:pro] [api] 200 mode=pro startsWith=platw
[w8:qr:pro] [api] 200 mode=pro startsWith=platw (410ms direct)
[w8:qr:pro] "platw" → 0 records, 0 words
[w8:qr:pro] "platw" branch complete
[w8:qr:pro] Saved 28,782 worker words; shared last.txt now 395,398
[w8:qr:pro] Searching "platx" | queue=116 | words=28782
[w8:qr:pro] Pacing 15s before "platx" (gap=15500ms)
[w8:qr:pro] Managed Turnstile token (len=816, 4685ms, remount)
[w8:qr:pro] [api] 200 mode=pro startsWith=platx
[w8:qr:pro] [api] 200 mode=pro startsWith=platx (400ms direct)
[w8:qr:pro] "platx" → 0 records, 0 words
[w8:qr:pro] "platx" branch complete
[w8:qr:pro] Saved 28,782 worker words
[w8:qr:pro] Searching "platy" | queue=115 | words=28782
[w8:qr:pro] Pacing 16s before "platy" (gap=15500ms)
[w8:qr:pro] Managed Turnstile token (len=816, 5483ms, remount)
[w8:qr:pro] [api] 200 mode=pro startsWith=platy
[w8:qr:pro] [api] 200 mode=pro startsWith=platy (399ms direct)
[w8:qr:pro] "platy" → 100 records, 100 words (incl. exact "platy")
[w8:qr:pro] Pacing 16s before "platy" (gap=15500ms)
[w8:qr:pro] heartbeat words=28793 queue=115 rotation=7 idle=20s
[w8:qr:pro] Managed Turnstile token (len=816, 5733ms, remount)
[w8:qr:pro] [api] 200 mode=pro startsWith=platy
[w8:qr:pro] [api] 200 mode=pro startsWith=platy sort=alphabetical:desc (589ms direct)
[w8:qr:pro] "platy" full page ends at "platystaphyline" (next='s'); skip 21 covered groups → 7 children reverse Z→A ends at "platycephalidae" (lo='c' hi='t'); skip 16 middle + 0 new words
[w8:qr:pro] Saved 28,793 worker words
[w8:qr:pro] Searching "platz" | queue=121 | words=28793
[w8:qr:pro] Pacing 15s before "platz" (gap=15500ms)
[w8:qr:pro] Managed Turnstile token (len=816, 12165ms, remount)
[w8:qr:pro] [api] 200 mode=pro startsWith=platz
[w8:qr:pro] [api] 200 mode=pro startsWith=platz (473ms direct)
[w8:qr:pro] "platz" → 0 records, 0 words
[w8:qr:pro] "platz" branch complete
[w8:qr:pro] Saved 28,793 worker words
[w8:qr:pro] Searching "playw" | queue=120 | words=28793
[w8:qr:pro] Pacing 11s before "playw" (gap=15500ms)
[w8:qr:pro] Managed Turnstile token (len=816, 14050ms, remount)
[w8:qr:pro] [api] 200 mode=pro startsWith=playw
[w8:qr:pro] [api] 200 mode=pro startsWith=playw (608ms direct)
[w8:qr:pro] "playw" → 17 records, 17 words
[w8:qr:pro] "playw" branch complete
[w8:qr:pro] Saved 28,793 worker words
[w8:qr:pro] Searching "playx" | queue=119 | words=28793
[w8:qr:pro] Pacing 13s before "playx" (gap=15500ms)
[w8:qr:pro] Managed Turnstile token (len=816, 9471ms, remount)
[w8:qr:pro] [api] 200 mode=pro startsWith=playx
[w8:qr:pro] [api] 200 mode=pro startsWith=playx (405ms direct)
[w8:qr:pro] "playx" → 0 records, 0 words
[w8:qr:pro] "playx" branch complete
[w8:qr:pro] Saved 28,793 worker words
[w8:qr:pro] Searching "playy" | queue=118 | words=28793
[w8:qr:pro] Pacing 15s before "playy" (gap=15500ms)
[w8:qr:pro] heartbeat words=28793 queue=118 rotation=7 idle=2s
[w8:qr:pro] Managed Turnstile token (len=816, 4458ms, remount)
[w8:qr:pro] [api] 200 mode=pro startsWith=playy
[w8:qr:pro] [api] 200 mode=pro startsWith=playy (416ms direct)
[w8:qr:pro] "playy" → 0 records, 0 words
[w8:qr:pro] "playy" branch complete
[w8:qr:pro] Saved 28,793 worker words
[w8:qr:pro] Searching "playz" | queue=117 | words=28793
[w8:qr:pro] Pacing 15s before "playz" (gap=15500ms)
[w8:qr:pro] Managed Turnstile token (len=816, 6364ms, remount)
[w8:qr:pro] [api] 200 mode=pro startsWith=playz
[w8:qr:pro] [api] 200 mode=pro startsWith=playz (491ms direct)
[w8:qr:pro] "playz" → 0 records, 0 words
[w8:qr:pro] "playz" branch complete
[w8:qr:pro] Saved 28,793 worker words
[w8:qr:pro] Searching "post-" | queue=116 | words=28793
[w8:qr:pro] Pacing 15s before "post-" (gap=15500ms)
[w8:qr:pro] Managed Turnstile token (len=816, 7660ms, remount)
[w8:qr:pro] [api] 200 mode=pro startsWith=post-
[w8:qr:pro] [api] 200 mode=pro startsWith=post- (563ms direct)
[w8:qr:pro] "post-" → 100 records, 100 words
[w8:qr:pro] Pacing 15s before "post-" (gap=15500ms)
[w8:qr:pro] Managed Turnstile token (len=794, 10214ms, remount)
[w8:qr:pro] heartbeat words=28794 queue=116 rotation=7 idle=31s
[w8:qr:pro] [api] 200 mode=pro startsWith=post-
[w8:qr:pro] [api] 200 mode=pro startsWith=post- sort=alphabetical:desc (455ms direct)
[w8:qr:pro] "post-" full page ends at "post-transplantation" (next='t'); skip 24 covered groups → 4 children reverse Z→A ends at "post-britpop" (lo='b' hi='w'); skip 20 middle + 8 new words
[w8:qr:pro] Saved 28,802 worker words; shared last.txt now 395,944
[w8:qr:pro] Searching "posta" | queue=119 | words=28802
[w8:qr:pro] Pacing 6s before "posta" (gap=15500ms)
[w8:qr:pro] Managed Turnstile miss (16408ms)
[w8:qr:pro] Failed "posta" attempt 1: No Turnstile token for direct search
[w8:qr:pro] Saved 28,802 worker words
[w8:qr:pro] Turnstile miss — soft reload before rotate
[w8:qr:pro] Managed Turnstile token (len=816, 4939ms, remount)
[w8:qr:pro] Searching "posta" | queue=119 | words=28802
[w8:qr:pro] [api] 200 mode=pro startsWith=posta
[w8:qr:pro] [api] 200 mode=pro startsWith=posta (433ms direct)
[w8:qr:pro] "posta" → 50 records, 50 words
[w8:qr:pro] "posta" branch complete
[w8:qr:pro] Saved 28,852 worker words
[w8:qr:pro] Searching "postb" | queue=118 | words=28852
[w8:qr:pro] Pacing 16s before "postb" (gap=15500ms)
[w8:qr:pro] Managed Turnstile token (len=816, 4393ms, remount)
[w8:qr:pro] [api] 200 mode=pro startsWith=postb
[w8:qr:pro] [api] 200 mode=pro startsWith=postb (419ms direct)
[w8:qr:pro] "postb" → 27 records, 27 words
[w8:qr:pro] "postb" branch complete
[w8:qr:pro] Saved 28,879 worker words
[w8:qr:pro] Searching "postc" | queue=117 | words=28879
[w8:qr:pro] Pacing 15s before "postc" (gap=15500ms)
[w8:qr:pro] Managed Turnstile token (len=816, 5293ms, remount)
[w8:qr:pro] [api] 200 mode=pro startsWith=postc
[w8:qr:pro] [api] 200 mode=pro startsWith=postc (481ms direct)
[w8:qr:pro] "postc" → 99 records, 99 words
[w8:qr:pro] "postc" branch complete
[w8:qr:pro] Saved 28,978 worker words
[w8:qr:pro] Searching "postd" | queue=116 | words=28978
[w8:qr:pro] Pacing 14s before "postd" (gap=15500ms)
[w8:qr:pro] heartbeat words=28978 queue=116 rotation=7 idle=4s
[w8:qr:pro] Managed Turnstile miss (15269ms)
[w8:qr:pro] Failed "postd" attempt 1: No Turnstile token for direct search
[w8:qr:pro] Saved 28,978 worker words
[w8:qr:pro] Turnstile miss — soft reload before rotate
[w8:qr:pro] Turnstile token present (len=816)
[w8:qr:pro] Site Turnstile token (6746ms)
[w8:qr:pro] Searching "postd" | queue=116 | words=28978
[w8:qr:pro] [api] 200 mode=pro startsWith=postd
[w8:qr:pro] [api] 200 mode=pro startsWith=postd (492ms direct)
[w8:qr:pro] "postd" → 44 records, 44 words
[w8:qr:pro] "postd" branch complete
[w8:qr:pro] Saved 29,022 worker words
[w8:qr:pro] Searching "poste" | queue=115 | words=29022
[w8:qr:pro] Pacing 12s before "poste" (gap=15500ms)
[w8:qr:pro] Managed Turnstile token (len=816, 9202ms, remount)
[w8:qr:pro] [api] 200 mode=pro startsWith=poste
[w8:qr:pro] [api] 200 mode=pro startsWith=poste (418ms direct)
[w8:qr:pro] "poste" → 93 records, 93 words
[w8:qr:pro] "poste" branch complete
[w8:qr:pro] Saved 29,115 worker words
[w8:qr:pro] Searching "postf" | queue=114 | words=29115
[w8:qr:pro] Pacing 15s before "postf" (gap=15500ms)
[w8:qr:pro] Managed Turnstile token (len=816, 6322ms, remount)
[w8:qr:pro] [api] 200 mode=pro startsWith=postf
[w8:qr:pro] [api] 200 mode=pro startsWith=postf (419ms direct)
[w8:qr:pro] "postf" → 35 records, 35 words
[w8:qr:pro] "postf" branch complete
[w8:qr:pro] heartbeat words=29150 queue=114 rotation=7 idle=23s
[w8:qr:pro] Saved 29,150 worker words; shared last.txt now 396,987
[w8:qr:pro] Searching "postg" | queue=113 | words=29150
[w8:qr:pro] Pacing 8s before "postg" (gap=15500ms)
[w8:qr:pro] Managed Turnstile token (len=816, 10173ms, remount)
[w8:qr:pro] [api] 200 mode=pro startsWith=postg
[w8:qr:pro] [api] 200 mode=pro startsWith=postg (511ms direct)
[w8:qr:pro] "postg" → 20 records, 20 words
[w8:qr:pro] "postg" branch complete
[w8:qr:pro] Saved 29,170 worker words
[w8:qr:pro] Searching "posth" | queue=112 | words=29170
[w8:qr:pro] Pacing 15s before "posth" (gap=15500ms)
[w8:qr:pro] Managed Turnstile token (len=816, 8468ms, remount)
[w8:qr:pro] [api] 200 mode=pro startsWith=posth
[w8:qr:pro] [api] 200 mode=pro startsWith=posth (533ms direct)
[w8:qr:pro] "posth" → 45 records, 45 words
[w8:qr:pro] "posth" branch complete
[w8:qr:pro] Saved 29,215 worker words
[w8:qr:pro] Searching "posti" | queue=111 | words=29215
[w8:qr:pro] Pacing 15s before "posti" (gap=15500ms)
[w8:qr:pro] Managed Turnstile miss (15183ms)
[w8:qr:pro] Failed "posti" attempt 1: No Turnstile token for direct search
[w8:qr:pro] Saved 29,215 worker words
[w8:qr:pro] Turnstile miss — soft reload before rotate
[w8:qr:pro] Turnstile token present (len=816)
[w8:qr:pro] Site Turnstile token (6897ms)
[w8:qr:pro] Searching "posti" | queue=111 | words=29215
[w8:qr:pro] [api] 200 mode=pro startsWith=posti
[w8:qr:pro] [api] 200 mode=pro startsWith=posti (509ms direct)
[w8:qr:pro] "posti" → 63 records, 63 words
[w8:qr:pro] "posti" branch complete
[w8:qr:pro] Saved 29,278 worker words
[w8:qr:pro] Searching "postj" | queue=110 | words=29278
[w8:qr:pro] Pacing 15s before "postj" (gap=15500ms)
[w8:qr:pro] Managed Turnstile token (len=816, 7437ms, remount)
[w8:qr:pro] heartbeat words=29278 queue=110 rotation=7 idle=11s
[w8:qr:pro] [api] 200 mode=pro startsWith=postj
[w8:qr:pro] [api] 200 mode=pro startsWith=postj (493ms direct)
[w8:qr:pro] "postj" → 4 records, 4 words
[w8:qr:pro] "postj" branch complete
[w8:qr:pro] Saved 29,282 worker words
[w8:qr:pro] Searching "postk" | queue=109 | words=29282
[w8:qr:pro] Pacing 14s before "postk" (gap=15500ms)
[w8:qr:pro] Managed Turnstile token (len=816, 9896ms, remount)
[w8:qr:pro] [api] 200 mode=pro startsWith=postk
[w8:qr:pro] [api] 200 mode=pro startsWith=postk (440ms direct)
[w8:qr:pro] "postk" → 1 records, 1 words
[w8:qr:pro] "postk" branch complete
[w8:qr:pro] Saved 29,283 worker words
[w8:qr:pro] Searching "postl" | queue=108 | words=29283
[w8:qr:pro] Pacing 14s before "postl" (gap=15500ms)
[w8:qr:pro] Managed Turnstile token (len=816, 5210ms, remount)
[w8:qr:pro] [api] 200 mode=pro startsWith=postl
[w8:qr:pro] [api] 200 mode=pro startsWith=postl (414ms direct)
[w8:qr:pro] "postl" → 32 records, 32 words
[w8:qr:pro] "postl" branch complete
[w8:qr:pro] Saved 29,315 worker words
[w8:qr:pro] Searching "postm" | queue=107 | words=29315
[w8:qr:pro] Pacing 16s before "postm" (gap=15500ms)
[w8:qr:pro] Managed Turnstile token (len=816, 7270ms, remount)
[w8:qr:pro] [api] 200 mode=pro startsWith=postm
[w8:qr:pro] [api] 200 mode=pro startsWith=postm (395ms direct)
[w8:qr:pro] "postm" → 79 records, 79 words
[w8:qr:pro] "postm" branch complete
[w8:qr:pro] Saved 29,394 worker words; shared last.txt now 397,720
[w8:qr:pro] Searching "postn" | queue=106 | words=29394
[w8:qr:pro] Pacing 15s before "postn" (gap=15500ms)
[w8:qr:pro] Managed Turnstile token (len=816, 7784ms, remount)
[w8:qr:pro] heartbeat words=29394 queue=106 rotation=7 idle=9s
[w8:qr:pro] [api] 200 mode=pro startsWith=postn
[w8:qr:pro] [api] 200 mode=pro startsWith=postn (492ms direct)
[w8:qr:pro] "postn" → 25 records, 25 words
[w8:qr:pro] "postn" branch complete
[w8:qr:pro] Saved 29,419 worker words
[w8:qr:pro] Searching "posto" | queue=105 | words=29419
[w8:qr:pro] Pacing 14s before "posto" (gap=15500ms)
[w8:qr:pro] Managed Turnstile token (len=816, 9179ms, remount)
[w8:qr:pro] [api] 200 mode=pro startsWith=posto
[w8:qr:pro] [api] 200 mode=pro startsWith=posto (479ms direct)
[w8:qr:pro] "posto" → 21 records, 21 words
[w8:qr:pro] "posto" branch complete
[w8:qr:pro] Saved 29,440 worker words
[w8:qr:pro] Searching "postp" | queue=104 | words=29440
[w8:qr:pro] Pacing 14s before "postp" (gap=15500ms)
[w8:qr:pro] Managed Turnstile miss (15931ms)
[w8:qr:pro] Failed "postp" attempt 1: No Turnstile token for direct search
[w8:qr:pro] Saved 29,440 worker words
[w8:qr:pro] Turnstile miss — soft reload before rotate
[w8:qr:pro] Turnstile token present (len=816)
[w8:qr:pro] Site Turnstile token (5977ms)
[w8:qr:pro] Searching "postp" | queue=104 | words=29440
[w8:qr:pro] [api] 200 mode=pro startsWith=postp
[w8:qr:pro] [api] 200 mode=pro startsWith=postp (458ms direct)
[w8:qr:pro] "postp" → 93 records, 93 words
[w8:qr:pro] "postp" branch complete
[w8:qr:pro] Saved 29,533 worker words
[w8:qr:pro] Searching "postq" | queue=103 | words=29533
[w8:qr:pro] Pacing 15s before "postq" (gap=15500ms)
[w8:qr:pro] Managed Turnstile token (len=816, 7449ms, remount)
[w8:qr:pro] heartbeat words=29533 queue=103 rotation=7 idle=12s
[w8:qr:pro] [api] 200 mode=pro startsWith=postq
[w8:qr:pro] [api] 200 mode=pro startsWith=postq (413ms direct)
[w8:qr:pro] "postq" → 0 records, 0 words
[w8:qr:pro] "postq" branch complete
[w8:qr:pro] Saved 29,533 worker words
[w8:qr:pro] Searching "postr" | queue=102 | words=29533
[w8:qr:pro] Pacing 15s before "postr" (gap=15500ms)
[w8:qr:pro] Managed Turnstile token (len=816, 8426ms, remount)
[w8:qr:pro] [api] 200 mode=pro startsWith=postr
[w8:qr:pro] [api] 200 mode=pro startsWith=postr (653ms direct)
[w8:qr:pro] "postr" → 29 records, 29 words
[w8:qr:pro] "postr" branch complete
[w8:qr:pro] Saved 29,562 worker words
[w8:qr:pro] Searching "posts" | queue=101 | words=29562
[w8:qr:pro] Pacing 13s before "posts" (gap=15500ms)
[w8:qr:pro] Managed Turnstile token (len=816, 10853ms, remount)
[w8:qr:pro] [api] 429 mode=pro startsWith=posts
[w8:qr:pro] [api] 429 mode=pro startsWith=posts (396ms direct)
[w8:qr:pro] Learned server gap ≈ 15500ms (wait hint 2000ms)
[w8:qr:pro] Rate limited — inline wait 2000ms then retry "posts"
[w8:qr:pro] Managed Turnstile token (len=816, 5123ms, remount)
[w8:qr:pro] [api] 200 mode=pro startsWith=posts
[w8:qr:pro] [api] 200 mode=pro startsWith=posts (395ms direct)
[w8:qr:pro] "posts" → 58 records, 58 words (incl. exact "posts")
[w8:qr:pro] "posts" branch complete
[w8:qr:pro] Saved 29,620 worker words
[w8:qr:pro] Searching "postt" | queue=100 | words=29620
[w8:qr:pro] Pacing 15s before "postt" (gap=15500ms)
[w8:qr:pro] Managed Turnstile token (len=816, 5180ms, remount)
[w8:qr:pro] [api] 200 mode=pro startsWith=postt
[w8:qr:pro] [api] 200 mode=pro startsWith=postt (453ms direct)
[w8:qr:pro] "postt" → 35 records, 35 words
[w8:qr:pro] "postt" branch complete
[w8:qr:pro] heartbeat words=29630 queue=100 rotation=7 idle=20s
[w8:qr:pro] Saved 29,630 worker words; shared last.txt now 399,364
[w8:qr:pro] Searching "postz" | queue=99 | words=29630
[w8:qr:pro] Pacing 7s before "postz" (gap=15500ms)
[w8:qr:pro] Managed Turnstile miss (15472ms)
[w8:qr:pro] Failed "postz" attempt 1: No Turnstile token for direct search
[w8:qr:pro] Saved 29,630 worker words
[w8:qr:pro] Turnstile miss — soft reload before rotate
[w8:qr:pro] Turnstile token present (len=816)
[w8:qr:pro] Site Turnstile token (7337ms)
[w8:qr:pro] Searching "postz" | queue=99 | words=29630
[w8:qr:pro] [api] 200 mode=pro startsWith=postz
[w8:qr:pro] [api] 200 mode=pro startsWith=postz (773ms direct)
[w8:qr:pro] "postz" → 3 records, 3 words
[w8:qr:pro] "postz" branch complete
[w8:qr:pro] Saved 29,630 worker words
[w8:qr:pro] Searching "pre-w" | queue=98 | words=29630
[w8:qr:pro] Pacing 15s before "pre-w" (gap=15500ms)
[w8:qr:pro] Managed Turnstile token (len=816, 7776ms, remount)
[w8:qr:pro] [api] 200 mode=pro startsWith=pre-w
[w8:qr:pro] [api] 200 mode=pro startsWith=pre-w (416ms direct)
[w8:qr:pro] "pre-w" → 3 records, 3 words
[w8:qr:pro] "pre-w" branch complete
[w8:qr:pro] Saved 29,630 worker words
[w8:qr:pro] Searching "pre-x" | queue=97 | words=29630
[w8:qr:pro] Pacing 15s before "pre-x" (gap=15500ms)
[w8:qr:pro] Managed Turnstile token (len=816, 7042ms, remount)
[w8:qr:pro] [api] 200 mode=pro startsWith=pre-x
[w8:qr:pro] [api] 200 mode=pro startsWith=pre-x (501ms direct)
[w8:qr:pro] "pre-x" → 0 records, 0 words
[w8:qr:pro] "pre-x" branch complete
[w8:qr:pro] Saved 29,630 worker words
[w8:qr:pro] Searching "pre-y" | queue=96 | words=29630
[w8:qr:pro] Pacing 15s before "pre-y" (gap=15500ms)
[w8:qr:pro] heartbeat words=29630 queue=96 rotation=7 idle=4s
[w8:qr:pro] Managed Turnstile token (len=816, 8953ms, remount)
[w8:qr:pro] [api] 200 mode=pro startsWith=pre-y
[w8:qr:pro] [api] 200 mode=pro startsWith=pre-y (606ms direct)
[w8:qr:pro] "pre-y" → 0 records, 0 words
[w8:qr:pro] "pre-y" branch complete
[w8:qr:pro] Saved 29,630 worker words
[w8:qr:pro] Searching "pre-z" | queue=95 | words=29630
[w8:qr:pro] Pacing 14s before "pre-z" (gap=15500ms)
[w8:qr:pro] Managed Turnstile token (len=816, 11028ms, remount)
[w8:qr:pro] [api] 200 mode=pro startsWith=pre-z
[w8:qr:pro] [api] 200 mode=pro startsWith=pre-z (526ms direct)
[w8:qr:pro] "pre-z" → 0 records, 0 words
[w8:qr:pro] "pre-z" branch complete
[w8:qr:pro] Saved 29,630 worker words
[w8:qr:pro] Searching "preen" | queue=94 | words=29630
[w8:qr:pro] Pacing 15s before "preen" (gap=15500ms)
[w8:qr:pro] Managed Turnstile token (len=816, 5081ms, remount)
[w8:qr:pro] [api] 200 mode=pro startsWith=preen
[w8:qr:pro] [api] 200 mode=pro startsWith=preen (498ms direct)
[w8:qr:pro] "preen" → 72 records, 72 words (incl. exact "preen")
[w8:qr:pro] "preen" branch complete
[w8:qr:pro] Saved 29,693 worker words
[w8:qr:pro] Searching "preeo" | queue=93 | words=29693
[w8:qr:pro] Pacing 15s before "preeo" (gap=15500ms)
[w8:qr:pro] Managed Turnstile token (len=816, 10724ms, remount)
[w8:qr:pro] [api] 200 mode=pro startsWith=preeo
[w8:qr:pro] [api] 200 mode=pro startsWith=preeo (502ms direct)
[w8:qr:pro] "preeo" → 0 records, 0 words
[w8:qr:pro] "preeo" branch complete
[w8:qr:pro] heartbeat words=29693 queue=93 rotation=7 idle=18s
[w8:qr:pro] Saved 29,693 worker words
[w8:qr:pro] Searching "preep" | queue=92 | words=29693
[w8:qr:pro] Pacing 2s before "preep" (gap=15500ms)
[w8:qr:pro] Managed Turnstile miss (16619ms)
[w8:qr:pro] Failed "preep" attempt 1: No Turnstile token for direct search
[w8:qr:pro] Saved 29,693 worker words
[w8:qr:pro] Turnstile miss — soft reload before rotate
[w8:qr:pro] Turnstile token present (len=816)
[w8:qr:pro] Site Turnstile token (5677ms)
[w8:qr:pro] Searching "preep" | queue=92 | words=29693
[w8:qr:pro] [api] 200 mode=pro startsWith=preep
[w8:qr:pro] [api] 200 mode=pro startsWith=preep (408ms direct)
[w8:qr:pro] "preep" → 2 records, 2 words
[w8:qr:pro] "preep" branch complete
[w8:qr:pro] Saved 29,695 worker words
[w8:qr:pro] Searching "preeq" | queue=91 | words=29695
[w8:qr:pro] Pacing 16s before "preeq" (gap=15500ms)
[w8:qr:pro] Managed Turnstile token (len=816, 4711ms, remount)
[w8:qr:pro] [api] 200 mode=pro startsWith=preeq
[w8:qr:pro] [api] 200 mode=pro startsWith=preeq (679ms direct)
[w8:qr:pro] "preeq" → 6 records, 6 words
[w8:qr:pro] "preeq" branch complete
[w8:qr:pro] Saved 29,701 worker words
[w8:qr:pro] Searching "preer" | queue=90 | words=29701
[w8:qr:pro] Pacing 14s before "preer" (gap=15500ms)
[w8:qr:pro] Managed Turnstile token (len=816, 9193ms, remount)
[w8:qr:pro] [api] 200 mode=pro startsWith=preer
[w8:qr:pro] [api] 200 mode=pro startsWith=preer (495ms direct)
[w8:qr:pro] "preer" → 9 records, 9 words
[w8:qr:pro] "preer" branch complete
[w8:qr:pro] Saved 29,710 worker words
[w8:qr:pro] Searching "prees" | queue=89 | words=29710
[w8:qr:pro] Pacing 15s before "prees" (gap=15500ms)
[w8:qr:pro] heartbeat words=29710 queue=89 rotation=7 idle=4s
[w8:qr:pro] Managed Turnstile token (len=816, 7852ms, remount)
[w8:qr:pro] [api] 200 mode=pro startsWith=prees
[w8:qr:pro] [api] 200 mode=pro startsWith=prees (439ms direct)
[w8:qr:pro] "prees" → 19 records, 19 words (incl. exact "prees")
[w8:qr:pro] "prees" branch complete
[w8:qr:pro] Saved 29,729 worker words
[w8:qr:pro] Searching "preet" | queue=88 | words=29729
[w8:qr:pro] Pacing 15s before "preet" (gap=15500ms)
[w8:qr:pro] Managed Turnstile token (len=816, 5629ms, remount)
[w8:qr:pro] [api] 200 mode=pro startsWith=preet
[w8:qr:pro] [api] 200 mode=pro startsWith=preet (419ms direct)
[w8:qr:pro] "preet" → 3 records, 3 words
[w8:qr:pro] "preet" branch complete
[w8:qr:pro] Saved 29,732 worker words
[w8:qr:pro] Searching "preeu" | queue=87 | words=29732
[w8:qr:pro] Pacing 15s before "preeu" (gap=15500ms)
[w8:qr:pro] Managed Turnstile token (len=816, 11182ms, remount)
[w8:qr:pro] [api] 200 mode=pro startsWith=preeu
[w8:qr:pro] [api] 200 mode=pro startsWith=preeu (494ms direct)
[w8:qr:pro] "preeu" → 0 records, 0 words
[w8:qr:pro] "preeu" branch complete
[w8:qr:pro] Saved 29,732 worker words
[w8:qr:pro] Searching "preev" | queue=86 | words=29732
[w8:qr:pro] Pacing 10s before "preev" (gap=15500ms)
[w8:qr:pro] Managed Turnstile token (len=816, 14427ms, remount)
[w8:qr:pro] [api] 200 mode=pro startsWith=preev
[w8:qr:pro] [api] 200 mode=pro startsWith=preev (427ms direct)
[w8:qr:pro] "preev" → 19 records, 19 words
[w8:qr:pro] "preev" branch complete
[w8:qr:pro] heartbeat words=29751 queue=86 rotation=7 idle=14s
[w8:qr:pro] Saved 29,751 worker words; shared last.txt now 400,829
[w8:qr:pro] Searching "preew" | queue=85 | words=29751
[w8:qr:pro] Pacing 9s before "preew" (gap=15500ms)
[w8:qr:pro] Managed Turnstile token (len=816, 8683ms, remount)
[w8:qr:pro] [api] 200 mode=pro startsWith=preew
[w8:qr:pro] [api] 200 mode=pro startsWith=preew (424ms direct)
[w8:qr:pro] "preew" → 0 records, 0 words
[w8:qr:pro] "preew" branch complete
[w8:qr:pro] Saved 29,751 worker words
[w8:qr:pro] Searching "preex" | queue=84 | words=29751
[w8:qr:pro] Pacing 15s before "preex" (gap=15500ms)
[w8:qr:pro] Managed Turnstile token (len=816, 7366ms, remount)
[w8:qr:pro] [api] 200 mode=pro startsWith=preex
[w8:qr:pro] [api] 200 mode=pro startsWith=preex (510ms direct)
[w8:qr:pro] "preex" → 100 records, 100 words
[w8:qr:pro] Pacing 14s before "preex" (gap=15500ms)
[w8:qr:pro] Managed Turnstile miss (15280ms)
[w8:qr:pro] "preex" reverse search failed (No Turnstile token for direct search); forward-only
[w8:qr:pro] "preex" full page ends at "preextraction" (next='t'); skip 21 covered groups → 7 children from preext..
[w8:qr:pro] Saved 29,752 worker words
[w8:qr:pro] Searching "preez" | queue=90 | words=29752
[w8:qr:pro] heartbeat words=29752 queue=90 rotation=7 idle=15s
[w8:qr:pro] Managed Turnstile miss (15193ms)
[w8:qr:pro] Failed "preez" attempt 1: No Turnstile token for direct search
[w8:qr:pro] Saved 29,752 worker words
[w8:qr:pro] Turnstile miss — soft reload before rotate
[w8:qr:pro] Turnstile token present (len=816)
[w8:qr:pro] Site Turnstile token (6106ms)
[w8:qr:pro] Searching "preez" | queue=90 | words=29752
[w8:qr:pro] [api] 200 mode=pro startsWith=preez
[w8:qr:pro] [api] 200 mode=pro startsWith=preez (396ms direct)
[w8:qr:pro] "preez" → 1 records, 1 words
[w8:qr:pro] "preez" branch complete
[w8:qr:pro] Saved 29,752 worker words
[w8:qr:pro] Searching "preow" | queue=89 | words=29752
[w8:qr:pro] Pacing 16s before "preow" (gap=15500ms)
[w8:qr:pro] Managed Turnstile token (len=816, 4933ms, remount)
[w8:qr:pro] [api] 200 mode=pro startsWith=preow
[w8:qr:pro] [api] 200 mode=pro startsWith=preow (531ms direct)
[w8:qr:pro] "preow" → 1 records, 1 words
[w8:qr:pro] "preow" branch complete
[w8:qr:pro] Saved 29,752 worker words
[w8:qr:pro] Searching "preox" | queue=88 | words=29752
[w8:qr:pro] Pacing 14s before "preox" (gap=15500ms)
[w8:qr:pro] Managed Turnstile token (len=816, 6864ms, remount)
[w8:qr:pro] [api] 200 mode=pro startsWith=preox
[w8:qr:pro] [api] 200 mode=pro startsWith=preox (702ms direct)
[w8:qr:pro] "preox" → 0 records, 0 words
[w8:qr:pro] "preox" branch complete
[w8:qr:pro] Saved 29,752 worker words
[w8:qr:pro] Searching "preoy" | queue=87 | words=29752
[w8:qr:pro] Pacing 15s before "preoy" (gap=15500ms)
[w8:qr:pro] Managed Turnstile token (len=794, 6380ms, remount)
[w8:qr:pro] [api] 200 mode=pro startsWith=preoy
[w8:qr:pro] [api] 200 mode=pro startsWith=preoy (753ms direct)
[w8:qr:pro] "preoy" → 0 records, 0 words
[w8:qr:pro] "preoy" branch complete
[w8:qr:pro] Saved 29,752 worker words
[w8:qr:pro] Searching "preoz" | queue=86 | words=29752
[w8:qr:pro] Pacing 15s before "preoz" (gap=15500ms)
[w8:qr:pro] heartbeat words=29752 queue=86 rotation=7 idle=2s
[w8:qr:pro] Managed Turnstile token (len=816, 9871ms, remount)
[w8:qr:pro] [api] 200 mode=pro startsWith=preoz
[w8:qr:pro] [api] 200 mode=pro startsWith=preoz (412ms direct)
[w8:qr:pro] "preoz" → 0 records, 0 words
[w8:qr:pro] "preoz" branch complete
[w8:qr:pro] Saved 29,752 worker words; shared last.txt now 401,977
[w8:qr:pro] Searching "prete" | queue=85 | words=29752
[w8:qr:pro] Pacing 8s before "prete" (gap=15500ms)
[w8:qr:pro] Managed Turnstile token (len=816, 9331ms, remount)
[w8:qr:pro] [api] 200 mode=pro startsWith=prete
[w8:qr:pro] [api] 200 mode=pro startsWith=prete (535ms direct)
[w8:qr:pro] "prete" → 100 records, 100 words
[w8:qr:pro] Pacing 15s before "prete" (gap=15500ms)
[w8:qr:pro] Managed Turnstile token (len=816, 6140ms, remount)
[w8:qr:pro] [api] 200 mode=pro startsWith=prete
[w8:qr:pro] [api] 200 mode=pro startsWith=prete sort=alphabetical:desc (562ms direct)
[w8:qr:pro] "prete" full page ends at "pretermissions" (next='r'); skip 25 covered groups → 3 children reverse Z→A ends at "pretensioned" (lo='n' hi='x'); skip 9 middle + 49 new words
[w8:qr:pro] Saved 29,831 worker words
[w8:qr:pro] Searching "pretf" | queue=87 | words=29831
[w8:qr:pro] Pacing 15s before "pretf" (gap=15500ms)
[w8:qr:pro] heartbeat words=29831 queue=87 rotation=7 idle=15s
[w8:qr:pro] Managed Turnstile miss (15852ms)
[w8:qr:pro] Failed "pretf" attempt 1: No Turnstile token for direct search
[w8:qr:pro] Saved 29,831 worker words
[w8:qr:pro] Turnstile miss — soft reload before rotate
[w8:qr:pro] Turnstile token present (len=816)
[w8:qr:pro] Site Turnstile token (9160ms)
[w8:qr:pro] Searching "pretf" | queue=87 | words=29831
[w8:qr:pro] [api] 200 mode=pro startsWith=pretf
[w8:qr:pro] [api] 200 mode=pro startsWith=pretf (490ms direct)
[w8:qr:pro] "pretf" → 0 records, 0 words
[w8:qr:pro] "pretf" branch complete
[w8:qr:pro] Saved 29,831 worker words
[w8:qr:pro] Searching "pretg" | queue=86 | words=29831
[w8:qr:pro] Pacing 15s before "pretg" (gap=15500ms)
[w8:qr:pro] Managed Turnstile token (len=816, 5285ms, remount)
[w8:qr:pro] [api] 200 mode=pro startsWith=pretg
[w8:qr:pro] [api] 200 mode=pro startsWith=pretg (388ms direct)
[w8:qr:pro] "pretg" → 0 records, 0 words
[w8:qr:pro] "pretg" branch complete
[w8:qr:pro] Saved 29,831 worker words
[w8:qr:pro] Searching "preth" | queue=85 | words=29831
[w8:qr:pro] Pacing 15s before "preth" (gap=15500ms)
[w8:qr:pro] Managed Turnstile miss (15130ms)
[w8:qr:pro] Failed "preth" attempt 1: No Turnstile token for direct search
[w8:qr:pro] Saved 29,831 worker words
[w8:qr:pro] Turnstile miss — soft reload before rotate
[w8:qr:pro] heartbeat words=29831 queue=86 rotation=7 idle=22s
[w8:qr:pro] Turnstile token present (len=816)
[w8:qr:pro] Site Turnstile token (7305ms)
[w8:qr:pro] Searching "preth" | queue=85 | words=29831
[w8:qr:pro] [api] 200 mode=pro startsWith=preth
[w8:qr:pro] [api] 200 mode=pro startsWith=preth (511ms direct)
[w8:qr:pro] "preth" → 11 records, 11 words
[w8:qr:pro] "preth" branch complete
[w8:qr:pro] Saved 29,842 worker words
[w8:qr:pro] Searching "preti" | queue=84 | words=29842
[w8:qr:pro] Pacing 15s before "preti" (gap=15500ms)
[w8:qr:pro] Managed Turnstile token (len=816, 6552ms, remount)
[w8:qr:pro] [api] 200 mode=pro startsWith=preti
[w8:qr:pro] [api] 200 mode=pro startsWith=preti (414ms direct)
[w8:qr:pro] "preti" → 11 records, 11 words
[w8:qr:pro] "preti" branch complete
[w8:qr:pro] Saved 29,853 worker words
[w8:qr:pro] Searching "pretj" | queue=83 | words=29853
[w8:qr:pro] Pacing 15s before "pretj" (gap=15500ms)
[w8:qr:pro] Managed Turnstile token (len=816, 4613ms, remount)
[w8:qr:pro] [api] 200 mode=pro startsWith=pretj
[w8:qr:pro] [api] 200 mode=pro startsWith=pretj (400ms direct)
[w8:qr:pro] "pretj" → 0 records, 0 words
[w8:qr:pro] "pretj" branch complete
[w8:qr:pro] Saved 29,853 worker words; shared last.txt now 402,886
[w8:qr:pro] Searching "pretk" | queue=82 | words=29853
[w8:qr:pro] Pacing 15s before "pretk" (gap=15500ms)
[w8:qr:pro] Managed Turnstile token (len=816, 5743ms, remount)
[w8:qr:pro] [api] 200 mode=pro startsWith=pretk
[w8:qr:pro] [api] 200 mode=pro startsWith=pretk (430ms direct)
[w8:qr:pro] "pretk" → 0 records, 0 words
[w8:qr:pro] "pretk" branch complete
[w8:qr:pro] Saved 29,853 worker words
[w8:qr:pro] Searching "pretl" | queue=81 | words=29853
[w8:qr:pro] Pacing 15s before "pretl" (gap=15500ms)
[w8:qr:pro] Managed Turnstile token (len=816, 6112ms, remount)
[w8:qr:pro] heartbeat words=29853 queue=81 rotation=7 idle=11s
[w8:qr:pro] [api] 200 mode=pro startsWith=pretl
[w8:qr:pro] [api] 200 mode=pro startsWith=pretl (457ms direct)
[w8:qr:pro] "pretl" → 0 records, 0 words
[w8:qr:pro] "pretl" branch complete
[w8:qr:pro] Saved 29,853 worker words
[w8:qr:pro] Searching "pretm" | queue=80 | words=29853
[w8:qr:pro] Pacing 14s before "pretm" (gap=15500ms)
[w8:qr:pro] Managed Turnstile token (len=816, 11219ms, remount)
[w8:qr:pro] [api] 200 mode=pro startsWith=pretm
[w8:qr:pro] [api] 200 mode=pro startsWith=pretm (471ms direct)
[w8:qr:pro] "pretm" → 0 records, 0 words
[w8:qr:pro] "pretm" branch complete
[w8:qr:pro] Saved 29,853 worker words
[w8:qr:pro] Searching "pretn" | queue=79 | words=29853
[w8:qr:pro] Pacing 13s before "pretn" (gap=15500ms)
[w8:qr:pro] Managed Turnstile token (len=816, 6163ms, remount)
[w8:qr:pro] [api] 429 mode=pro startsWith=pretn
[w8:qr:pro] [api] 429 mode=pro startsWith=pretn (407ms direct)
[w8:qr:pro] Learned server gap ≈ 15500ms (wait hint 2000ms)
[w8:qr:pro] Rate limited — inline wait 2000ms then retry "pretn"
[w8:qr:pro] Managed Turnstile token (len=816, 7860ms, remount)
[w8:qr:pro] [api] 200 mode=pro startsWith=pretn
[w8:qr:pro] [api] 200 mode=pro startsWith=pretn (436ms direct)
[w8:qr:pro] "pretn" → 0 records, 0 words
[w8:qr:pro] "pretn" branch complete
[w8:qr:pro] Saved 29,853 worker words
[w8:qr:pro] Searching "preto" | queue=78 | words=29853
[w8:qr:pro] Pacing 14s before "preto" (gap=15500ms)
[w8:qr:pro] Managed Turnstile token (len=816, 6897ms, remount)
[w8:qr:pro] heartbeat words=29853 queue=78 rotation=7 idle=15s
[w8:qr:pro] [api] 200 mode=pro startsWith=preto
[w8:qr:pro] [api] 200 mode=pro startsWith=preto (771ms direct)
[w8:qr:pro] "preto" → 19 records, 19 words
[w8:qr:pro] "preto" branch complete
[w8:qr:pro] Saved 29,859 worker words
[w8:qr:pro] Searching "pretz" | queue=77 | words=29859
[w8:qr:pro] Pacing 12s before "pretz" (gap=15500ms)
[w8:qr:pro] Managed Turnstile token (len=816, 13678ms, remount)
[w8:qr:pro] [api] 200 mode=pro startsWith=pretz
[w8:qr:pro] [api] 200 mode=pro startsWith=pretz (440ms direct)
[w8:qr:pro] "pretz" → 4 records, 4 words
[w8:qr:pro] "pretz" branch complete
[w8:qr:pro] Saved 29,859 worker words
[w8:qr:pro] Searching "proce" | queue=76 | words=29859
[w8:qr:pro] Pacing 15s before "proce" (gap=15500ms)
[w8:qr:pro] Managed Turnstile miss (15830ms)
[w8:qr:pro] Failed "proce" attempt 1: No Turnstile token for direct search
[w8:qr:pro] Saved 29,859 worker words
[w8:qr:pro] Turnstile miss — soft reload before rotate
[w8:qr:pro] Managed Turnstile token (len=816, 4965ms, remount)
[w8:qr:pro] Searching "proce" | queue=76 | words=29859
[w8:qr:pro] [api] 200 mode=pro startsWith=proce
[w8:qr:pro] [api] 200 mode=pro startsWith=proce (410ms direct)
[w8:qr:pro] "proce" → 90 records, 90 words
[w8:qr:pro] "proce" branch complete
[w8:qr:pro] Saved 29,893 worker words; shared last.txt now 403,512
[w8:qr:pro] Searching "procf" | queue=75 | words=29893
[w8:qr:pro] Pacing 14s before "procf" (gap=15500ms)
[w8:qr:pro] Managed Turnstile token (len=816, 4757ms, remount)
[w8:qr:pro] [api] 200 mode=pro startsWith=procf
[w8:qr:pro] [api] 200 mode=pro startsWith=procf (427ms direct)
[w8:qr:pro] "procf" → 0 records, 0 words
[w8:qr:pro] "procf" branch complete
[w8:qr:pro] Saved 29,893 worker words
[w8:qr:pro] Searching "procg" | queue=74 | words=29893
[w8:qr:pro] Pacing 15s before "procg" (gap=15500ms)
[w8:qr:pro] heartbeat words=29893 queue=74 rotation=7 idle=5s
[w8:qr:pro] Managed Turnstile token (len=816, 6772ms, remount)
[w8:qr:pro] [api] 200 mode=pro startsWith=procg
[w8:qr:pro] [api] 200 mode=pro startsWith=procg (483ms direct)
[w8:qr:pro] "procg" → 0 records, 0 words
[w8:qr:pro] "procg" branch complete
[w8:qr:pro] Saved 29,893 worker words
[w8:qr:pro] Searching "proch" | queue=73 | words=29893
[w8:qr:pro] Pacing 15s before "proch" (gap=15500ms)
[w8:qr:pro] Managed Turnstile token (len=816, 6665ms, remount)
[w8:qr:pro] [api] 200 mode=pro startsWith=proch
[w8:qr:pro] [api] 200 mode=pro startsWith=proch (390ms direct)
[w8:qr:pro] "proch" → 21 records, 21 words
[w8:qr:pro] "proch" branch complete
[w8:qr:pro] Saved 29,914 worker words
[w8:qr:pro] Searching "proci" | queue=72 | words=29914
[w8:qr:pro] Pacing 15s before "proci" (gap=15500ms)
[w8:qr:pro] Managed Turnstile token (len=816, 5737ms, remount)
[w8:qr:pro] [api] 200 mode=pro startsWith=proci
[w8:qr:pro] [api] 200 mode=pro startsWith=proci (558ms direct)
[w8:qr:pro] "proci" → 10 records, 10 words
[w8:qr:pro] "proci" branch complete
[w8:qr:pro] Saved 29,924 worker words
[w8:qr:pro] Searching "procj" | queue=71 | words=29924
[w8:qr:pro] Pacing 14s before "procj" (gap=15500ms)
[w8:qr:pro] Managed Turnstile token (len=816, 13309ms, remount)
[w8:qr:pro] [api] 200 mode=pro startsWith=procj
[w8:qr:pro] [api] 200 mode=pro startsWith=procj (508ms direct)
[w8:qr:pro] "procj" → 0 records, 0 words
[w8:qr:pro] "procj" branch complete
[w8:qr:pro] Saved 29,924 worker words
[w8:qr:pro] Searching "prock" | queue=70 | words=29924
[w8:qr:pro] Pacing 14s before "prock" (gap=15500ms)
[w8:qr:pro] heartbeat words=29924 queue=70 rotation=7 idle=1s
[w8:qr:pro] Managed Turnstile token (len=816, 13452ms, remount)
[w8:qr:pro] [api] 200 mode=pro startsWith=prock
[w8:qr:pro] [api] 200 mode=pro startsWith=prock (462ms direct)
[w8:qr:pro] "prock" → 0 records, 0 words
[w8:qr:pro] "prock" branch complete
[w8:qr:pro] Saved 29,924 worker words
[w8:qr:pro] Searching "procl" | queue=69 | words=29924
[w8:qr:pro] Pacing 15s before "procl" (gap=15500ms)
[w8:qr:pro] Managed Turnstile token (len=816, 6236ms, remount)
[w8:qr:pro] [api] 200 mode=pro startsWith=procl
[w8:qr:pro] [api] 200 mode=pro startsWith=procl (415ms direct)
[w8:qr:pro] "procl" → 32 records, 32 words
[w8:qr:pro] "procl" branch complete
[w8:qr:pro] Saved 29,956 worker words
[w8:qr:pro] Searching "procm" | queue=68 | words=29956
[w8:qr:pro] Pacing 15s before "procm" (gap=15500ms)
[w8:qr:pro] Managed Turnstile token (len=816, 4616ms, remount)
[w8:qr:pro] [api] 200 mode=pro startsWith=procm
[w8:qr:pro] [api] 200 mode=pro startsWith=procm (396ms direct)
[w8:qr:pro] "procm" → 0 records, 0 words
[w8:qr:pro] "procm" branch complete
[w8:qr:pro] Saved 29,956 worker words; shared last.txt now 404,170
[w8:qr:pro] Searching "procn" | queue=67 | words=29956
[w8:qr:pro] Pacing 15s before "procn" (gap=15500ms)
[w8:qr:pro] Managed Turnstile token (len=816, 5149ms, remount)
[w8:qr:pro] [api] 200 mode=pro startsWith=procn
[w8:qr:pro] [api] 200 mode=pro startsWith=procn (417ms direct)
[w8:qr:pro] "procn" → 2 records, 2 words
[w8:qr:pro] "procn" branch complete
[w8:qr:pro] Saved 29,958 worker words
[w8:qr:pro] Searching "proco" | queue=66 | words=29958
[w8:qr:pro] Pacing 15s before "proco" (gap=15500ms)
[w8:qr:pro] heartbeat words=29958 queue=66 rotation=7 idle=0s
[w8:qr:pro] Managed Turnstile token (len=816, 6992ms, remount)
[w8:qr:pro] [api] 200 mode=pro startsWith=proco
[w8:qr:pro] [api] 200 mode=pro startsWith=proco (427ms direct)
[w8:qr:pro] "proco" → 73 records, 73 words
[w8:qr:pro] "proco" branch complete
[w8:qr:pro] Saved 30,031 worker words
[w8:qr:pro] Searching "procp" | queue=65 | words=30031
[w8:qr:pro] Pacing 15s before "procp" (gap=15500ms)
[w8:qr:pro] Managed Turnstile miss (15845ms)
[w8:qr:pro] Failed "procp" attempt 1: No Turnstile token for direct search
[w8:qr:pro] Saved 30,031 worker words
[w8:qr:pro] Turnstile miss — soft reload before rotate
[w8:qr:pro] Turnstile token present (len=816)
[w8:qr:pro] Site Turnstile token (6677ms)
[w8:qr:pro] Searching "procp" | queue=65 | words=30031
[w8:qr:pro] [api] 200 mode=pro startsWith=procp
[w8:qr:pro] [api] 200 mode=pro startsWith=procp (444ms direct)
[w8:qr:pro] "procp" → 0 records, 0 words
[w8:qr:pro] "procp" branch complete
[w8:qr:pro] Saved 30,031 worker words
[w8:qr:pro] Searching "procq" | queue=64 | words=30031
[w8:qr:pro] Pacing 15s before "procq" (gap=15500ms)
[w8:qr:pro] Managed Turnstile token (len=816, 5598ms, remount)
[w8:qr:pro] [api] 200 mode=pro startsWith=procq
[w8:qr:pro] [api] 200 mode=pro startsWith=procq (445ms direct)
[w8:qr:pro] "procq" → 0 records, 0 words
[w8:qr:pro] "procq" branch complete
[w8:qr:pro] Saved 30,031 worker words
[w8:qr:pro] Searching "procr" | queue=63 | words=30031
[w8:qr:pro] heartbeat words=30031 queue=63 rotation=7 idle=0s
[w8:qr:pro] Pacing 14s before "procr" (gap=15500ms)
[w8:qr:pro] Managed Turnstile token (len=816, 9634ms, remount)
[w8:qr:pro] [api] 200 mode=pro startsWith=procr
[w8:qr:pro] [api] 200 mode=pro startsWith=procr (604ms direct)
[w8:qr:pro] "procr" → 42 records, 42 words
[w8:qr:pro] "procr" branch complete
[w8:qr:pro] Saved 30,073 worker words
[w8:qr:pro] Searching "procs" | queue=62 | words=30073
[w8:qr:pro] Pacing 10s before "procs" (gap=15500ms)
[w8:qr:pro] Managed Turnstile token (len=794, 15125ms, remount)
[w8:qr:pro] [api] 200 mode=pro startsWith=procs
[w8:qr:pro] [api] 200 mode=pro startsWith=procs (838ms direct)
[w8:qr:pro] "procs" → 1 records, 1 words (incl. exact "procs")
[w8:qr:pro] "procs" branch complete
[w8:qr:pro] Saved 30,074 worker words
[w8:qr:pro] Searching "proct" | queue=61 | words=30074
[w8:qr:pro] Pacing 15s before "proct" (gap=15500ms)
[w8:qr:pro] Managed Turnstile token (len=816, 6165ms, remount)
[w8:qr:pro] [api] 200 mode=pro startsWith=proct
[w8:qr:pro] [api] 200 mode=pro startsWith=proct (410ms direct)
[w8:qr:pro] "proct" → 89 records, 89 words
[w8:qr:pro] "proct" branch complete
[w8:qr:pro] Saved 30,119 worker words; shared last.txt now 404,918
[w8:qr:pro] Searching "procz" | queue=60 | words=30119
[w8:qr:pro] Pacing 12s before "procz" (gap=15500ms)
[w8:qr:pro] Managed Turnstile token (len=816, 8936ms, remount)
[w8:qr:pro] heartbeat words=30119 queue=60 rotation=7 idle=10s
[w8:qr:pro] [api] 200 mode=pro startsWith=procz
[w8:qr:pro] [api] 200 mode=pro startsWith=procz (469ms direct)
[w8:qr:pro] "procz" → 1 records, 1 words
[w8:qr:pro] "procz" branch complete
[w8:qr:pro] Saved 30,119 worker words
[w8:qr:pro] Searching "promn" | queue=59 | words=30119
[w8:qr:pro] Pacing 14s before "promn" (gap=15500ms)
[w8:qr:pro] Managed Turnstile token (len=816, 8696ms, remount)
[w8:qr:pro] [api] 200 mode=pro startsWith=promn
[w8:qr:pro] [api] 200 mode=pro startsWith=promn (441ms direct)
[w8:qr:pro] "promn" → 1 records, 1 words
[w8:qr:pro] "promn" branch complete
[w8:qr:pro] Saved 30,119 worker words
[w8:qr:pro] Searching "promo" | queue=58 | words=30119
[w8:qr:pro] Pacing 15s before "promo" (gap=15500ms)
[w8:qr:pro] Managed Turnstile token (len=816, 8554ms, remount)
[w8:qr:pro] [api] 200 mode=pro startsWith=promo
[w8:qr:pro] [api] 200 mode=pro startsWith=promo (571ms direct)
[w8:qr:pro] "promo" → 52 records, 52 words (incl. exact "promo")
[w8:qr:pro] "promo" branch complete
[w8:qr:pro] Saved 30,120 worker words
[w8:qr:pro] Searching "promy" | queue=57 | words=30120
[w8:qr:pro] Pacing 15s before "promy" (gap=15500ms)
[w8:qr:pro] Managed Turnstile miss (15107ms)
[w8:qr:pro] Failed "promy" attempt 1: No Turnstile token for direct search
[w8:qr:pro] Saved 30,120 worker words
[w8:qr:pro] Turnstile miss — soft reload before rotate
[w8:qr:pro] Managed Turnstile token (len=816, 4671ms, remount)
[w8:qr:pro] Searching "promy" | queue=57 | words=30120
[w8:qr:pro] [api] 200 mode=pro startsWith=promy
[w8:qr:pro] [api] 200 mode=pro startsWith=promy (393ms direct)
[w8:qr:pro] "promy" → 6 records, 6 words
[w8:qr:pro] "promy" branch complete
[w8:qr:pro] Saved 30,120 worker words
[w8:qr:pro] Searching "promz" | queue=56 | words=30120
[w8:qr:pro] Pacing 16s before "promz" (gap=15500ms)
[w8:qr:pro] Managed Turnstile token (len=816, 4608ms, remount)
[w8:qr:pro] heartbeat words=30120 queue=56 rotation=7 idle=5s
[w8:qr:pro] [api] 200 mode=pro startsWith=promz
[w8:qr:pro] [api] 200 mode=pro startsWith=promz (405ms direct)
[w8:qr:pro] "promz" → 0 records, 0 words
[w8:qr:pro] "promz" branch complete
[w8:qr:pro] Saved 30,120 worker words
[w8:qr:pro] Searching "pyrol" | queue=55 | words=30120
[w8:qr:pro] Pacing 16s before "pyrol" (gap=15500ms)
[w8:qr:pro] Managed Turnstile token (len=816, 5422ms, remount)
[w8:qr:pro] [api] 200 mode=pro startsWith=pyrol
[w8:qr:pro] [api] 200 mode=pro startsWith=pyrol (427ms direct)
[w8:qr:pro] "pyrol" → 50 records, 50 words
[w8:qr:pro] "pyrol" branch complete
[w8:qr:pro] Saved 30,163 worker words
[w8:qr:pro] Searching "pyrom" | queue=54 | words=30163
[w8:qr:pro] Pacing 15s before "pyrom" (gap=15500ms)
[w8:qr:pro] Managed Turnstile token (len=816, 5437ms, remount)
[w8:qr:pro] [api] 200 mode=pro startsWith=pyrom
[w8:qr:pro] [api] 200 mode=pro startsWith=pyrom (402ms direct)
[w8:qr:pro] "pyrom" → 38 records, 38 words
[w8:qr:pro] "pyrom" branch complete
[w8:qr:pro] Saved 30,201 worker words; shared last.txt now 405,602
[w8:qr:pro] Searching "pyron" | queue=53 | words=30201
[w8:qr:pro] Pacing 15s before "pyron" (gap=15500ms)
[w8:qr:pro] Managed Turnstile token (len=816, 6454ms, remount)
[w8:qr:pro] [api] 200 mode=pro startsWith=pyron
[w8:qr:pro] [api] 200 mode=pro startsWith=pyron (445ms direct)
[w8:qr:pro] "pyron" → 11 records, 11 words
[w8:qr:pro] "pyron" branch complete
[w8:qr:pro] Saved 30,212 worker words
[w8:qr:pro] Searching "pyroo" | queue=52 | words=30212
[w8:qr:pro] Pacing 15s before "pyroo" (gap=15500ms)
[w8:qr:pro] heartbeat words=30212 queue=52 rotation=7 idle=3s
[w8:qr:pro] Managed Turnstile token (len=816, 8450ms, remount)
[w8:qr:pro] [api] 200 mode=pro startsWith=pyroo
[w8:qr:pro] [api] 200 mode=pro startsWith=pyroo (422ms direct)
[w8:qr:pro] "pyroo" → 0 records, 0 words
[w8:qr:pro] "pyroo" branch complete
[w8:qr:pro] Saved 30,212 worker words
[w8:qr:pro] Searching "pyrop" | queue=51 | words=30212
[w8:qr:pro] Pacing 15s before "pyrop" (gap=15500ms)
[w8:qr:pro] Managed Turnstile token (len=816, 6327ms, remount)
[w8:qr:pro] [api] 200 mode=pro startsWith=pyrop
[w8:qr:pro] [api] 200 mode=pro startsWith=pyrop (440ms direct)
[w8:qr:pro] "pyrop" → 36 records, 36 words
[w8:qr:pro] "pyrop" branch complete
[w8:qr:pro] Saved 30,231 worker words
[w8:qr:pro] Searching "pyrox" | queue=50 | words=30231
[w8:qr:pro] Pacing 15s before "pyrox" (gap=15500ms)
[w8:qr:pro] Managed Turnstile token (len=816, 7895ms, remount)
[w8:qr:pro] [api] 200 mode=pro startsWith=pyrox
[w8:qr:pro] [api] 200 mode=pro startsWith=pyrox (412ms direct)
[w8:qr:pro] "pyrox" → 22 records, 22 words
[w8:qr:pro] "pyrox" branch complete
[w8:qr:pro] Saved 30,231 worker words
[w8:qr:pro] Searching "pyroy" | queue=49 | words=30231
[w8:qr:pro] Pacing 15s before "pyroy" (gap=15500ms)
[w8:qr:pro] Managed Turnstile miss (15707ms)
[w8:qr:pro] Failed "pyroy" attempt 1: No Turnstile token for direct search
[w8:qr:pro] Saved 30,231 worker words
[w8:qr:pro] Turnstile miss — soft reload before rotate
[w8:qr:pro] heartbeat words=30231 queue=50 rotation=7 idle=17s
[w8:qr:pro] Turnstile token present (len=816)
[w8:qr:pro] Site Turnstile token (6843ms)
[w8:qr:pro] Searching "pyroy" | queue=49 | words=30231
[w8:qr:pro] [api] 200 mode=pro startsWith=pyroy
[w8:qr:pro] [api] 200 mode=pro startsWith=pyroy (530ms direct)
[w8:qr:pro] "pyroy" → 0 records, 0 words
[w8:qr:pro] "pyroy" branch complete
[w8:qr:pro] Saved 30,231 worker words
[w8:qr:pro] Searching "pyroz" | queue=48 | words=30231
[w8:qr:pro] Pacing 15s before "pyroz" (gap=15500ms)
[w8:qr:pro] Managed Turnstile token (len=816, 8058ms, remount)
[w8:qr:pro] [api] 200 mode=pro startsWith=pyroz
[w8:qr:pro] [api] 200 mode=pro startsWith=pyroz (432ms direct)
[w8:qr:pro] "pyroz" → 0 records, 0 words
[w8:qr:pro] "pyroz" branch complete
[w8:qr:pro] Saved 30,231 worker words
[w8:qr:pro] Searching "palaeo" | queue=47 | words=30231
[w8:qr:pro] Pacing 13s before "palaeo" (gap=15500ms)
[w8:qr:pro] Managed Turnstile token (len=816, 10289ms, remount)
[w8:qr:pro] [api] 200 mode=pro startsWith=palaeo
[w8:qr:pro] [api] 200 mode=pro startsWith=palaeo (420ms direct)
[w8:qr:pro] "palaeo" → 100 records, 100 words (incl. exact "palaeo")
[w8:qr:pro] Pacing 16s before "palaeo" (gap=15500ms)
[w8:qr:pro] Managed Turnstile token (len=816, 4803ms, remount)
[w8:qr:pro] [api] 200 mode=pro startsWith=palaeo
[w8:qr:pro] [api] 200 mode=pro startsWith=palaeo sort=alphabetical:desc (428ms direct)
[w8:qr:pro] "palaeo" full page ends at "palaeogene" (next='g'); skip 20 covered groups → 8 children reverse Z→A ends at "palaeomagnetist" (lo='m' hi='z'); skip 12 middle + 11 new words
[w8:qr:pro] Saved 30,266 worker words; shared last.txt now 406,820
[w8:qr:pro] Searching "palaet" | queue=54 | words=30266
[w8:qr:pro] Pacing 15s before "palaet" (gap=15500ms)
[w8:qr:pro] heartbeat words=30266 queue=54 rotation=7 idle=4s
[w8:qr:pro] Managed Turnstile token (len=816, 5443ms, remount)
[w8:qr:pro] [api] 200 mode=pro startsWith=palaet
[w8:qr:pro] [api] 200 mode=pro startsWith=palaet (402ms direct)
[w8:qr:pro] "palaet" → 3 records, 3 words
[w8:qr:pro] "palaet" branch complete
[w8:qr:pro] Saved 30,266 worker words
[w8:qr:pro] Searching "palaeu" | queue=53 | words=30266
[w8:qr:pro] Pacing 15s before "palaeu" (gap=15500ms)
[w8:qr:pro] Managed Turnstile token (len=816, 6036ms, remount)
[w8:qr:pro] [api] 200 mode=pro startsWith=palaeu
[w8:qr:pro] [api] 200 mode=pro startsWith=palaeu (435ms direct)
[w8:qr:pro] "palaeu" → 0 records, 0 words
[w8:qr:pro] "palaeu" branch complete
[w8:qr:pro] Saved 30,266 worker words
[w8:qr:pro] Searching "palaev" | queue=52 | words=30266
[w8:qr:pro] Pacing 15s before "palaev" (gap=15500ms)
[w8:qr:pro] Managed Turnstile token (len=816, 7711ms, remount)
[w8:qr:pro] [api] 200 mode=pro startsWith=palaev
[w8:qr:pro] [api] 200 mode=pro startsWith=palaev (410ms direct)
[w8:qr:pro] "palaev" → 0 records, 0 words
[w8:qr:pro] "palaev" branch complete
[w8:qr:pro] Saved 30,266 worker words
[w8:qr:pro] Searching "palaew" | queue=51 | words=30266
[w8:qr:pro] Pacing 15s before "palaew" (gap=15500ms)
[w8:qr:pro] Managed Turnstile token (len=816, 12546ms, remount)
[w8:qr:pro] [api] 200 mode=pro startsWith=palaew
[w8:qr:pro] [api] 200 mode=pro startsWith=palaew (431ms direct)
[w8:qr:pro] "palaew" → 0 records, 0 words
[w8:qr:pro] "palaew" branch complete
[w8:qr:pro] Saved 30,266 worker words
[w8:qr:pro] Searching "palaex" | queue=50 | words=30266
[w8:qr:pro] Pacing 15s before "palaex" (gap=15500ms)
[w8:qr:pro] heartbeat words=30266 queue=50 rotation=7 idle=2s
[w8:qr:pro] Managed Turnstile token (len=816, 6572ms, remount)
[w8:qr:pro] [api] 200 mode=pro startsWith=palaex
[w8:qr:pro] [api] 200 mode=pro startsWith=palaex (402ms direct)
[w8:qr:pro] "palaex" → 0 records, 0 words
[w8:qr:pro] "palaex" branch complete
[w8:qr:pro] Saved 30,266 worker words
[w8:qr:pro] Searching "palaey" | queue=49 | words=30266
[w8:qr:pro] Pacing 15s before "palaey" (gap=15500ms)
[w8:qr:pro] Managed Turnstile token (len=816, 4553ms, remount)
[w8:qr:pro] [api] 200 mode=pro startsWith=palaey
[w8:qr:pro] [api] 200 mode=pro startsWith=palaey (459ms direct)
[w8:qr:pro] "palaey" → 0 records, 0 words
[w8:qr:pro] "palaey" branch complete
[w8:qr:pro] Saved 30,266 worker words
[w8:qr:pro] Searching "palaez" | queue=48 | words=30266
[w8:qr:pro] Pacing 14s before "palaez" (gap=15500ms)
[w8:qr:pro] Managed Turnstile token (len=816, 7021ms, remount)
[w8:qr:pro] [api] 200 mode=pro startsWith=palaez
[w8:qr:pro] [api] 200 mode=pro startsWith=palaez (476ms direct)
[w8:qr:pro] "palaez" → 0 records, 0 words
[w8:qr:pro] "palaez" branch complete
[w8:qr:pro] Saved 30,266 worker words
[w8:qr:pro] Searching "paramy" | queue=47 | words=30266
[w8:qr:pro] Pacing 15s before "paramy" (gap=15500ms)
[w8:qr:pro] Managed Turnstile token (len=816, 6519ms, remount)
[w8:qr:pro] [api] 200 mode=pro startsWith=paramy
[w8:qr:pro] [api] 200 mode=pro startsWith=paramy (434ms direct)
[w8:qr:pro] "paramy" → 10 records, 10 words
[w8:qr:pro] "paramy" branch complete
[w8:qr:pro] heartbeat words=30266 queue=47 rotation=7 idle=16s
[w8:qr:pro] Saved 30,266 worker words; shared last.txt now 407,766
[w8:qr:pro] Searching "paramz" | queue=46 | words=30266
[w8:qr:pro] Pacing 12s before "paramz" (gap=15500ms)
[w8:qr:pro] Managed Turnstile miss (15334ms)
[w8:qr:pro] Failed "paramz" attempt 1: No Turnstile token for direct search
[w8:qr:pro] Saved 30,266 worker words
[w8:qr:pro] Turnstile miss — soft reload before rotate
[w8:qr:pro] Turnstile token present (len=816)
[w8:qr:pro] Site Turnstile token (5420ms)
[w8:qr:pro] Searching "paramz" | queue=46 | words=30266
[w8:qr:pro] [api] 200 mode=pro startsWith=paramz
[w8:qr:pro] [api] 200 mode=pro startsWith=paramz (406ms direct)
[w8:qr:pro] "paramz" → 0 records, 0 words
[w8:qr:pro] "paramz" branch complete
[w8:qr:pro] Saved 30,266 worker words
[w8:qr:pro] Searching "phyllo" | queue=45 | words=30266
[w8:qr:pro] Pacing 15s before "phyllo" (gap=15500ms)
[w8:qr:pro] Managed Turnstile token (len=816, 5753ms, remount)
[w8:qr:pro] [api] 200 mode=pro startsWith=phyllo
[w8:qr:pro] [api] 200 mode=pro startsWith=phyllo (494ms direct)
[w8:qr:pro] "phyllo" → 100 records, 100 words (incl. exact "phyllo")
[w8:qr:pro] Pacing 15s before "phyllo" (gap=15500ms)
[w8:qr:pro] Managed Turnstile token (len=816, 6168ms, remount)
[w8:qr:pro] [api] 200 mode=pro startsWith=phyllo
[w8:qr:pro] [api] 200 mode=pro startsWith=phyllo sort=alphabetical:desc (404ms direct)
[w8:qr:pro] "phyllo" full page ends at "phyllostominae" (next='s'); skip 27 covered groups → 1 children reverse Z→A ends at "phyllocyanic" (lo='c' hi='z'); skip 22 middle + 0 new words
[w8:qr:pro] Saved 30,266 worker words
[w8:qr:pro] Searching "phyllp" | queue=45 | words=30266
[w8:qr:pro] Pacing 15s before "phyllp" (gap=15500ms)
[w8:qr:pro] heartbeat words=30266 queue=45 rotation=7 idle=6s
[w8:qr:pro] Managed Turnstile token (len=816, 6630ms, remount)
[w8:qr:pro] [api] 200 mode=pro startsWith=phyllp
[w8:qr:pro] [api] 200 mode=pro startsWith=phyllp (498ms direct)
[w8:qr:pro] "phyllp" → 0 records, 0 words
[w8:qr:pro] "phyllp" branch complete
[w8:qr:pro] Saved 30,266 worker words
[w8:qr:pro] Searching "phyllq" | queue=44 | words=30266
[w8:qr:pro] Pacing 15s before "phyllq" (gap=15500ms)
[w8:qr:pro] Managed Turnstile token (len=816, 6256ms, remount)
[w8:qr:pro] [api] 200 mode=pro startsWith=phyllq
[w8:qr:pro] [api] 200 mode=pro startsWith=phyllq (401ms direct)
[w8:qr:pro] "phyllq" → 0 records, 0 words
[w8:qr:pro] "phyllq" branch complete
[w8:qr:pro] Saved 30,266 worker words
[w8:qr:pro] Searching "phyllr" | queue=43 | words=30266
[w8:qr:pro] Pacing 16s before "phyllr" (gap=15500ms)
[w8:qr:pro] Managed Turnstile token (len=816, 6279ms, remount)
[w8:qr:pro] [api] 200 mode=pro startsWith=phyllr
[w8:qr:pro] [api] 200 mode=pro startsWith=phyllr (451ms direct)
[w8:qr:pro] "phyllr" → 0 records, 0 words
[w8:qr:pro] "phyllr" branch complete
[w8:qr:pro] Saved 30,266 worker words
[w8:qr:pro] Searching "phylls" | queue=42 | words=30266
[w8:qr:pro] Pacing 12s before "phylls" (gap=15500ms)
[w8:qr:pro] Managed Turnstile token (len=816, 12670ms, remount)
[w8:qr:pro] [api] 200 mode=pro startsWith=phylls
[w8:qr:pro] [api] 200 mode=pro startsWith=phylls (396ms direct)
[w8:qr:pro] "phylls" → 0 records, 0 words
[w8:qr:pro] "phylls" branch complete
[w8:qr:pro] Saved 30,266 worker words
[w8:qr:pro] Searching "phyllt" | queue=41 | words=30266
[w8:qr:pro] Pacing 15s before "phyllt" (gap=15500ms)
[w8:qr:pro] heartbeat words=30266 queue=41 rotation=7 idle=3s
[w8:qr:pro] Managed Turnstile token (len=816, 5262ms, remount)
[w8:qr:pro] [api] 200 mode=pro startsWith=phyllt
[w8:qr:pro] [api] 200 mode=pro startsWith=phyllt (427ms direct)
[w8:qr:pro] "phyllt" → 0 records, 0 words
[w8:qr:pro] "phyllt" branch complete
[w8:qr:pro] Saved 30,266 worker words; shared last.txt now 408,495
[w8:qr:pro] Searching "phyllu" | queue=40 | words=30266
[w8:qr:pro] Pacing 15s before "phyllu" (gap=15500ms)
[w8:qr:pro] Managed Turnstile token (len=816, 5088ms, remount)
[w8:qr:pro] [api] 200 mode=pro startsWith=phyllu
[w8:qr:pro] [api] 200 mode=pro startsWith=phyllu (398ms direct)
[w8:qr:pro] "phyllu" → 0 records, 0 words
[w8:qr:pro] "phyllu" branch complete
[w8:qr:pro] Saved 30,266 worker words
[w8:qr:pro] Searching "phyllv" | queue=39 | words=30266
[w8:qr:pro] Pacing 16s before "phyllv" (gap=15500ms)
[w8:qr:pro] Managed Turnstile token (len=816, 14021ms, remount)
[w8:qr:pro] [api] 200 mode=pro startsWith=phyllv
[w8:qr:pro] [api] 200 mode=pro startsWith=phyllv (499ms direct)
[w8:qr:pro] "phyllv" → 0 records, 0 words
[w8:qr:pro] "phyllv" branch complete
[w8:qr:pro] Saved 30,266 worker words
[w8:qr:pro] Searching "phyllw" | queue=38 | words=30266
[w8:qr:pro] Pacing 15s before "phyllw" (gap=15500ms)
[w8:qr:pro] Managed Turnstile miss (15613ms)
[w8:qr:pro] Failed "phyllw" attempt 1: No Turnstile token for direct search
[w8:qr:pro] heartbeat words=30266 queue=39 rotation=7 idle=17s
[w8:qr:pro] Saved 30,266 worker words
[w8:qr:pro] Turnstile miss — soft reload before rotate
[w8:qr:pro] Turnstile token present (len=816)
[w8:qr:pro] Site Turnstile token (7074ms)
[w8:qr:pro] Searching "phyllw" | queue=38 | words=30266
[w8:qr:pro] [api] 200 mode=pro startsWith=phyllw
[w8:qr:pro] [api] 200 mode=pro startsWith=phyllw (434ms direct)
[w8:qr:pro] "phyllw" → 0 records, 0 words
[w8:qr:pro] "phyllw" branch complete
[w8:qr:pro] Saved 30,266 worker words
[w8:qr:pro] Searching "phyllx" | queue=37 | words=30266
[w8:qr:pro] Pacing 15s before "phyllx" (gap=15500ms)
[w8:qr:pro] Managed Turnstile token (len=816, 5466ms, remount)
[w8:qr:pro] [api] 200 mode=pro startsWith=phyllx
[w8:qr:pro] [api] 200 mode=pro startsWith=phyllx (476ms direct)
[w8:qr:pro] "phyllx" → 0 records, 0 words
[w8:qr:pro] "phyllx" branch complete
[w8:qr:pro] Saved 30,266 worker words
[w8:qr:pro] Searching "phylly" | queue=36 | words=30266
[w8:qr:pro] Pacing 15s before "phylly" (gap=15500ms)
[w8:qr:pro] Managed Turnstile token (len=816, 7541ms, remount)
[w8:qr:pro] [api] 200 mode=pro startsWith=phylly
[w8:qr:pro] [api] 200 mode=pro startsWith=phylly (648ms direct)
[w8:qr:pro] "phylly" → 0 records, 0 words
[w8:qr:pro] "phylly" branch complete
[w8:qr:pro] Saved 30,266 worker words
[w8:qr:pro] Searching "phyllz" | queue=35 | words=30266
[w8:qr:pro] Pacing 15s before "phyllz" (gap=15500ms)
[w8:qr:pro] Managed Turnstile token (len=816, 8159ms, remount)
[w8:qr:pro] [api] 200 mode=pro startsWith=phyllz
[w8:qr:pro] [api] 200 mode=pro startsWith=phyllz (430ms direct)
[w8:qr:pro] "phyllz" → 0 records, 0 words
[w8:qr:pro] "phyllz" branch complete
[w8:qr:pro] Saved 30,266 worker words
[w8:qr:pro] Searching "phytom" | queue=34 | words=30266
[w8:qr:pro] Pacing 15s before "phytom" (gap=15500ms)
[w8:qr:pro] heartbeat words=30266 queue=34 rotation=7 idle=3s
[w8:qr:pro] Managed Turnstile token (len=816, 6055ms, remount)
[w8:qr:pro] [api] 200 mode=pro startsWith=phytom
[w8:qr:pro] [api] 200 mode=pro startsWith=phytom (471ms direct)
[w8:qr:pro] "phytom" → 16 records, 16 words
[w8:qr:pro] "phytom" branch complete
[w8:qr:pro] Saved 30,274 worker words; shared last.txt now 408,979
[w8:qr:pro] Searching "phyton" | queue=33 | words=30274
[w8:qr:pro] Pacing 12s before "phyton" (gap=15500ms)
[w8:qr:pro] Managed Turnstile token (len=816, 9698ms, remount)
[w8:qr:pro] [api] 200 mode=pro startsWith=phyton
[w8:qr:pro] [api] 200 mode=pro startsWith=phyton (404ms direct)
[w8:qr:pro] "phyton" → 10 records, 10 words (incl. exact "phyton")
[w8:qr:pro] "phyton" branch complete
[w8:qr:pro] Saved 30,284 worker words
[w8:qr:pro] Searching "phytoo" | queue=32 | words=30284
[w8:qr:pro] Pacing 15s before "phytoo" (gap=15500ms)
[w8:qr:pro] Managed Turnstile token (len=816, 8088ms, remount)
[w8:qr:pro] [api] 200 mode=pro startsWith=phytoo
[w8:qr:pro] [api] 200 mode=pro startsWith=phytoo (728ms direct)
[w8:qr:pro] "phytoo" → 1 records, 1 words
[w8:qr:pro] "phytoo" branch complete
[w8:qr:pro] Saved 30,285 worker words
[w8:qr:pro] Searching "phytop" | queue=31 | words=30285
[w8:qr:pro] Pacing 12s before "phytop" (gap=15500ms)
[w8:qr:pro] Managed Turnstile token (len=816, 11144ms, remount)
[w8:qr:pro] [api] 200 mode=pro startsWith=phytop
[w8:qr:pro] [api] 200 mode=pro startsWith=phytop (414ms direct)
[w8:qr:pro] "phytop" → 46 records, 46 words
[w8:qr:pro] "phytop" branch complete
[w8:qr:pro] Saved 30,286 worker words
[w8:qr:pro] Searching "phytoz" | queue=30 | words=30286
[w8:qr:pro] Pacing 15s before "phytoz" (gap=15500ms)
[w8:qr:pro] heartbeat words=30286 queue=30 rotation=7 idle=1s
[w8:qr:pro] Managed Turnstile token (len=816, 12581ms, remount)
[w8:qr:pro] [api] 200 mode=pro startsWith=phytoz
[w8:qr:pro] [api] 200 mode=pro startsWith=phytoz (477ms direct)
[w8:qr:pro] "phytoz" → 4 records, 4 words
[w8:qr:pro] "phytoz" branch complete
[w8:qr:pro] Saved 30,286 worker words
[w8:qr:pro] Searching "platyt" | queue=29 | words=30286
[w8:qr:pro] Pacing 15s before "platyt" (gap=15500ms)
[w8:qr:pro] Managed Turnstile token (len=816, 8773ms, remount)
[w8:qr:pro] [api] 200 mode=pro startsWith=platyt
[w8:qr:pro] [api] 200 mode=pro startsWith=platyt (405ms direct)
[w8:qr:pro] "platyt" → 2 records, 2 words
[w8:qr:pro] "platyt" branch complete
[w8:qr:pro] Saved 30,286 worker words
[w8:qr:pro] Searching "platyu" | queue=28 | words=30286
[w8:qr:pro] Pacing 15s before "platyu" (gap=15500ms)
[w8:qr:pro] Managed Turnstile token (len=816, 7655ms, remount)
[w8:qr:pro] [api] 200 mode=pro startsWith=platyu
[w8:qr:pro] [api] 200 mode=pro startsWith=platyu (616ms direct)
[w8:qr:pro] "platyu" → 0 records, 0 words
[w8:qr:pro] "platyu" branch complete
[w8:qr:pro] Saved 30,286 worker words
[w8:qr:pro] Searching "platyv" | queue=27 | words=30286
[w8:qr:pro] Pacing 15s before "platyv" (gap=15500ms)
[w8:qr:pro] Managed Turnstile token (len=816, 14015ms, remount)
[w8:qr:pro] heartbeat words=30286 queue=27 rotation=7 idle=15s
[w8:qr:pro] [api] 200 mode=pro startsWith=platyv
[w8:qr:pro] [api] 200 mode=pro startsWith=platyv (678ms direct)
[w8:qr:pro] "platyv" → 0 records, 0 words
[w8:qr:pro] "platyv" branch complete
[w8:qr:pro] Saved 30,286 worker words
[w8:qr:pro] Searching "platyw" | queue=26 | words=30286
[w8:qr:pro] Pacing 14s before "platyw" (gap=15500ms)
[w8:qr:pro] Managed Turnstile miss (16446ms)
[w8:qr:pro] Failed "platyw" attempt 1: No Turnstile token for direct search
[w8:qr:pro] Saved 30,286 worker words; shared last.txt now 409,291
[w8:qr:pro] Turnstile miss — soft reload before rotate
[w8:qr:pro] Managed Turnstile token (len=816, 4587ms, remount)
[w8:qr:pro] Searching "platyw" | queue=26 | words=30286
[w8:qr:pro] [api] 200 mode=pro startsWith=platyw
[w8:qr:pro] [api] 200 mode=pro startsWith=platyw (418ms direct)
[w8:qr:pro] "platyw" → 0 records, 0 words
[w8:qr:pro] "platyw" branch complete
[w8:qr:pro] Saved 30,286 worker words
[w8:qr:pro] Searching "platyx" | queue=25 | words=30286
[w8:qr:pro] Pacing 16s before "platyx" (gap=15500ms)
[w8:qr:pro] Managed Turnstile token (len=816, 4403ms, remount)
[w8:qr:pro] [api] 200 mode=pro startsWith=platyx
[w8:qr:pro] [api] 200 mode=pro startsWith=platyx (409ms direct)
[w8:qr:pro] "platyx" → 0 records, 0 words
[w8:qr:pro] "platyx" branch complete
[w8:qr:pro] Saved 30,286 worker words
[w8:qr:pro] Searching "platyy" | queue=24 | words=30286
[w8:qr:pro] Pacing 15s before "platyy" (gap=15500ms)
[w8:qr:pro] Managed Turnstile token (len=816, 4716ms, remount)
[w8:qr:pro] heartbeat words=30286 queue=24 rotation=7 idle=8s
[w8:qr:pro] [api] 200 mode=pro startsWith=platyy
[w8:qr:pro] [api] 200 mode=pro startsWith=platyy (414ms direct)
[w8:qr:pro] "platyy" → 0 records, 0 words
[w8:qr:pro] "platyy" branch complete
[w8:qr:pro] Saved 30,286 worker words
[w8:qr:pro] Searching "platyz" | queue=23 | words=30286
[w8:qr:pro] Pacing 15s before "platyz" (gap=15500ms)
[w8:qr:pro] Managed Turnstile miss (15125ms)
[w8:qr:pro] Failed "platyz" attempt 1: No Turnstile token for direct search
[w8:qr:pro] Saved 30,286 worker words
[w8:qr:pro] Turnstile miss — soft reload before rotate
[w8:qr:pro] Site Turnstile remint timed out (9457ms)
[w8:qr:pro] Soft reload mint failed — rotating immediately
[w8:qr:pro] Tor NEWNYM gen=8; waiting 8000ms
[w8:qr:pro] Tor ready on 19058 exit=192.42.116.108
[w8:qr:pro] Rotating IP (#8, try 1) after No Turnstile token for direct search → tor#9 socks5://127.0.0.1:19058
[w8:qr:pro] Launching persistent Chrome profile /tmp/lll-pw-w8-r8
[w8:qr:pro] Proxy tor#9 socks5://127.0.0.1:19058
[w8:qr:pro] Opening https://lastletterlibrary.com
[w8:qr:pro] Library mode=pro
[w8:qr:pro] Managed Turnstile token (len=816, 7227ms, remount)
[w8:qr:pro] Search mode=direct (skip UI Wait Ns… gate)
[w8:qr:pro] Cleaned 1 old rotated profile(s)
[w8:qr:pro] Searching "platyz" | queue=23 | words=30286
[w8:qr:pro] [api] 200 mode=pro startsWith=platyz
[w8:qr:pro] [api] 200 mode=pro startsWith=platyz (474ms direct)
[w8:qr:pro] "platyz" → 0 records, 0 words
[w8:qr:pro] "platyz" branch complete
[w8:qr:pro] Saved 30,286 worker words
[w8:qr:pro] Searching "post-w" | queue=22 | words=30286
[w8:qr:pro] Pacing 15s before "post-w" (gap=15500ms)
[w8:qr:pro] heartbeat words=30286 queue=22 rotation=8 idle=3s
[w8:qr:pro] Managed Turnstile token (len=816, 4030ms, remount)
[w8:qr:pro] [api] 200 mode=pro startsWith=post-w
[w8:qr:pro] [api] 200 mode=pro startsWith=post-w (471ms direct)
[w8:qr:pro] "post-w" → 3 records, 3 words
[w8:qr:pro] "post-w" branch complete
[w8:qr:pro] Saved 30,286 worker words
[w8:qr:pro] Searching "post-x" | queue=21 | words=30286
[w8:qr:pro] Pacing 15s before "post-x" (gap=15500ms)
[w8:qr:pro] Managed Turnstile miss (15614ms)
[w8:qr:pro] Failed "post-x" attempt 1: No Turnstile token for direct search
[w8:qr:pro] Saved 30,286 worker words
[w8:qr:pro] Turnstile miss — soft reload before rotate
[w8:qr:pro] Turnstile token present (len=816)
[w8:qr:pro] Site Turnstile token (7346ms)
[w8:qr:pro] Searching "post-x" | queue=21 | words=30286
[w8:qr:pro] [api] 200 mode=pro startsWith=post-x
[w8:qr:pro] [api] 200 mode=pro startsWith=post-x (445ms direct)
[w8:qr:pro] "post-x" → 0 records, 0 words
[w8:qr:pro] "post-x" branch complete
[w8:qr:pro] Saved 30,286 worker words; shared last.txt now 409,688
[w8:qr:pro] Searching "post-y" | queue=20 | words=30286
[w8:qr:pro] Pacing 13s before "post-y" (gap=15500ms)
[w8:qr:pro] Managed Turnstile token (len=816, 7580ms, remount)
[w8:qr:pro] [api] 200 mode=pro startsWith=post-y
[w8:qr:pro] [api] 200 mode=pro startsWith=post-y (413ms direct)
[w8:qr:pro] "post-y" → 0 records, 0 words
[w8:qr:pro] "post-y" branch complete
[w8:qr:pro] Saved 30,286 worker words
[w8:qr:pro] Searching "post-z" | queue=19 | words=30286
[w8:qr:pro] Pacing 16s before "post-z" (gap=15500ms)
[w8:qr:pro] Managed Turnstile token (len=816, 3408ms, remount)
[w8:qr:pro] heartbeat words=30286 queue=19 rotation=8 idle=6s
[w8:qr:pro] [api] 200 mode=pro startsWith=post-z
[w8:qr:pro] [api] 200 mode=pro startsWith=post-z (1805ms direct)
[w8:qr:pro] "post-z" → 0 records, 0 words
[w8:qr:pro] "post-z" branch complete
[w8:qr:pro] Saved 30,286 worker words
[w8:qr:pro] Searching "preext" | queue=18 | words=30286
[w8:qr:pro] Pacing 14s before "preext" (gap=15500ms)
[w8:qr:pro] Managed Turnstile token (len=816, 5067ms, remount)
[w8:qr:pro] [api] 429 mode=pro startsWith=preext
[w8:qr:pro] [api] 429 mode=pro startsWith=preext (418ms direct)
[w8:qr:pro] Learned server gap ≈ 15500ms (wait hint 2000ms)
[w8:qr:pro] Rate limited — inline wait 2000ms then retry "preext"
[w8:qr:pro] Managed Turnstile token (len=816, 5430ms, remount)
[w8:qr:pro] [api] 200 mode=pro startsWith=preext
[w8:qr:pro] [api] 200 mode=pro startsWith=preext (497ms direct)
[w8:qr:pro] "preext" → 9 records, 9 words
[w8:qr:pro] "preext" branch complete
[w8:qr:pro] Saved 30,286 worker words
[w8:qr:pro] Searching "preexu" | queue=17 | words=30286
[w8:qr:pro] Pacing 15s before "preexu" (gap=15500ms)
[w8:qr:pro] Managed Turnstile token (len=816, 3857ms, remount)
[w8:qr:pro] [api] 200 mode=pro startsWith=preexu
[w8:qr:pro] [api] 200 mode=pro startsWith=preexu (455ms direct)
[w8:qr:pro] "preexu" → 0 records, 0 words
[w8:qr:pro] "preexu" branch complete
[w8:qr:pro] Saved 30,286 worker words
[w8:qr:pro] Searching "preexv" | queue=16 | words=30286
[w8:qr:pro] Pacing 15s before "preexv" (gap=15500ms)
[w8:qr:pro] Managed Turnstile token (len=816, 6579ms, remount)
[w8:qr:pro] heartbeat words=30286 queue=16 rotation=8 idle=13s
[w8:qr:pro] [api] 200 mode=pro startsWith=preexv
[w8:qr:pro] [api] 200 mode=pro startsWith=preexv (401ms direct)
[w8:qr:pro] "preexv" → 0 records, 0 words
[w8:qr:pro] "preexv" branch complete
[w8:qr:pro] Saved 30,286 worker words
[w8:qr:pro] Searching "preexw" | queue=15 | words=30286
[w8:qr:pro] Pacing 16s before "preexw" (gap=15500ms)
[w8:qr:pro] Managed Turnstile token (len=816, 3372ms, remount)
[w8:qr:pro] [api] 200 mode=pro startsWith=preexw
[w8:qr:pro] [api] 200 mode=pro startsWith=preexw (560ms direct)
[w8:qr:pro] "preexw" → 0 records, 0 words
[w8:qr:pro] "preexw" branch complete
[w8:qr:pro] Saved 30,286 worker words
[w8:qr:pro] Searching "preexx" | queue=14 | words=30286
[w8:qr:pro] Pacing 15s before "preexx" (gap=15500ms)
[w8:qr:pro] Managed Turnstile token (len=816, 4460ms, remount)
[w8:qr:pro] [api] 200 mode=pro startsWith=preexx
[w8:qr:pro] [api] 200 mode=pro startsWith=preexx (684ms direct)
[w8:qr:pro] "preexx" → 0 records, 0 words
[w8:qr:pro] "preexx" branch complete
[w8:qr:pro] Saved 30,286 worker words
[w8:qr:pro] Searching "preexy" | queue=13 | words=30286
[w8:qr:pro] Pacing 15s before "preexy" (gap=15500ms)
[w8:qr:pro] Managed Turnstile token (len=816, 3728ms, remount)
[w8:qr:pro] [api] 200 mode=pro startsWith=preexy
[w8:qr:pro] [api] 200 mode=pro startsWith=preexy (575ms direct)
[w8:qr:pro] "preexy" → 0 records, 0 words
[w8:qr:pro] "preexy" branch complete
[w8:qr:pro] Saved 30,286 worker words; shared last.txt now 409,690
[w8:qr:pro] Searching "preexz" | queue=12 | words=30286
[w8:qr:pro] Pacing 15s before "preexz" (gap=15500ms)
[w8:qr:pro] Managed Turnstile token (len=816, 4984ms, remount)
[w8:qr:pro] heartbeat words=30286 queue=12 rotation=8 idle=10s
[w8:qr:pro] [api] 200 mode=pro startsWith=preexz
[w8:qr:pro] [api] 200 mode=pro startsWith=preexz (478ms direct)
[w8:qr:pro] "preexz" → 0 records, 0 words
[w8:qr:pro] "preexz" branch complete
[w8:qr:pro] Saved 30,286 worker words
[w8:qr:pro] Searching "pretex" | queue=11 | words=30286
[w8:qr:pro] Pacing 15s before "pretex" (gap=15500ms)
[w8:qr:pro] Managed Turnstile token (len=816, 5106ms, remount)
[w8:qr:pro] [api] 200 mode=pro startsWith=pretex
[w8:qr:pro] [api] 200 mode=pro startsWith=pretex (438ms direct)
[w8:qr:pro] "pretex" → 8 records, 8 words
[w8:qr:pro] "pretex" branch complete
[w8:qr:pro] Saved 30,286 worker words
[w8:qr:pro] Searching "pretey" | queue=10 | words=30286
[w8:qr:pro] Pacing 15s before "pretey" (gap=15500ms)
[w8:qr:pro] Managed Turnstile miss (15464ms)
[w8:qr:pro] Failed "pretey" attempt 1: No Turnstile token for direct search
[w8:qr:pro] Saved 30,286 worker words
[w8:qr:pro] Turnstile miss — soft reload before rotate
[w8:qr:pro] Site Turnstile remint timed out (9755ms)
[w8:qr:pro] Soft reload mint failed — rotating immediately
[w8:qr:pro] Tor NEWNYM gen=9; waiting 8000ms
[w8:qr:pro] Tor ready on 19058 exit=23.95.117.249
[w8:qr:pro] Rotating IP (#9, try 1) after No Turnstile token for direct search → tor#10 socks5://127.0.0.1:19058
[w8:qr:pro] Launching persistent Chrome profile /tmp/lll-pw-w8-r9
[w8:qr:pro] Proxy tor#10 socks5://127.0.0.1:19058
[w8:qr:pro] heartbeat words=30286 queue=11 rotation=9 idle=40s
[w8:qr:pro] Opening https://lastletterlibrary.com
[w8:qr:pro] Library mode=pro
[w8:qr:pro] Site Turnstile remint timed out (22984ms)
[w8:qr:pro] Search mode=direct (skip UI Wait Ns… gate)
[w8:qr:pro] Cleaned 1 old rotated profile(s)
[w8:qr:pro] Searching "pretey" | queue=10 | words=30286
[w8:qr:pro] Managed Turnstile miss (15496ms)
[w8:qr:pro] Failed "pretey" attempt 1: No Turnstile token for direct search
[w8:qr:pro] Saved 30,286 worker words
[w8:qr:pro] Turnstile miss — soft reload before rotate
[w8:qr:pro] Site Turnstile remint timed out (9622ms)
[w8:qr:pro] Soft reload mint failed — rotating immediately
[w8:qr:pro] Tor NEWNYM gen=10; waiting 8000ms
[w8:qr:pro] heartbeat words=30286 queue=11 rotation=10 idle=100s
[w8:qr:pro] Tor ready on 19058 exit=107.189.31.187
[w8:qr:pro] Rotating IP (#10, try 1) after No Turnstile token for direct search → tor#11 socks5://127.0.0.1:19058
[w8:qr:pro] Launching persistent Chrome profile /tmp/lll-pw-w8-r10
[w8:qr:pro] Proxy tor#11 socks5://127.0.0.1:19058
[w8:qr:pro] Opening https://lastletterlibrary.com
[w8:qr:pro] Library mode=pro
[w8:qr:pro] heartbeat words=30286 queue=11 rotation=10 idle=160s
[w8:qr:pro] Site Turnstile remint timed out (22434ms)
[w8:qr:pro] Search mode=direct (skip UI Wait Ns… gate)
[w8:qr:pro] Cleaned 1 old rotated profile(s)
[w8:qr:pro] Searching "pretey" | queue=10 | words=30286
[w8:qr:pro] Managed Turnstile miss (15111ms)
[w8:qr:pro] Failed "pretey" attempt 1: No Turnstile token for direct search
[w8:qr:pro] Saved 30,286 worker words
[w8:qr:pro] Turnstile miss — soft reload before rotate
[w8:qr:pro] Site Turnstile remint timed out (10003ms)
[w8:qr:pro] Soft reload mint failed — rotating immediately
[w8:qr:pro] Tor NEWNYM gen=11; waiting 8000ms
[w8:qr:pro] Tor ready on 19058 exit=192.42.116.66
[w8:qr:pro] Rotating IP (#11, try 1) after No Turnstile token for direct search → tor#12 socks5://127.0.0.1:19058
[w8:qr:pro] Launching persistent Chrome profile /tmp/lll-pw-w8-r11
[w8:qr:pro] Proxy tor#12 socks5://127.0.0.1:19058
[w8:qr:pro] Opening https://lastletterlibrary.com
[w8:qr:pro] Library mode=pro
[w8:qr:pro] heartbeat words=30286 queue=11 rotation=11 idle=220s
[w8:qr:pro] No successful search for 180s — respawning worker
[w8:qr:pro] Graceful shutdown on watchdog
[w8:qr:pro] Saved 30,286 worker words
[w8:qr:pro] Tor exited code=0

--- respawn 2026-08-06T00:24:43.241Z ---
[w8:qr:pro] IP mode=tor
[w8:qr:pro] Cleaned 2 old rotated profile(s)
[w8:qr:pro] Starting persistent Tor socks=127.0.0.1:19058 control=127.0.0.1:29058
[w8:qr:pro] tor: Aug 05 19:24:44.000 [notice] Bootstrapped 0% (starting): Starting
[w8:qr:pro] tor: Aug 05 19:24:46.000 [notice] Bootstrapped 5% (conn): Connecting to a relay
[w8:qr:pro] tor: Aug 05 19:24:46.000 [notice] Bootstrapped 10% (conn_done): Connected to a relay
[w8:qr:pro] tor: Aug 05 19:24:46.000 [notice] Bootstrapped 14% (handshake): Handshaking with a relay
[w8:qr:pro] tor: Aug 05 19:24:46.000 [notice] Bootstrapped 15% (handshake_done): Handshake with a relay done
Aug 05 19:24:46.000 [notice] Bootstrapped 75% (enough_dirinfo): Load
[w8:qr:pro] tor: Aug 05 19:24:46.000 [notice] Bootstrapped 95% (circuit_create): Establishing a Tor circuit
[w8:qr:pro] tor: Aug 05 19:24:47.000 [notice] Bootstrapped 100% (done): Done
[w8:qr:pro] Tor ready on 19058 exit=45.66.35.22
[w8:qr:pro] Launching persistent Chrome profile /tmp/lll-pw-w8-r0
[w8:qr:pro] Proxy tor#1 socks5://127.0.0.1:19058
[w8:qr:pro] Opening https://lastletterlibrary.com
[w8:qr:pro] Library mode=pro
[w8:qr:pro] Managed Turnstile token (len=816, 7387ms, remount)
[w8:qr:pro] Search mode=direct (skip UI Wait Ns… gate)
[w8:qr:pro] Loaded 4189 prefixes, 30286 words; queue=11
[w8:qr:pro] Searching "pretey" | queue=10 | words=30286
[w8:qr:pro] [api] 200 mode=pro startsWith=pretey
[w8:qr:pro] [api] 200 mode=pro startsWith=pretey (485ms direct)
[w8:qr:pro] "pretey" → 0 records, 0 words
[w8:qr:pro] "pretey" branch complete
[w8:qr:pro] Saved 30,286 worker words
[w8:qr:pro] Searching "pretez" | queue=9 | words=30286
[w8:qr:pro] Pacing 15s before "pretez" (gap=15500ms)
[w8:qr:pro] Managed Turnstile token (len=816, 5544ms, remount)
[w8:qr:pro] [api] 200 mode=pro startsWith=pretez
[w8:qr:pro] [api] 200 mode=pro startsWith=pretez (441ms direct)
[w8:qr:pro] "pretez" → 0 records, 0 words
[w8:qr:pro] "pretez" branch complete
[w8:qr:pro] Saved 30,286 worker words
[w8:qr:pro] Searching "palaeog" | queue=8 | words=30286
[w8:qr:pro] Pacing 15s before "palaeog" (gap=15500ms)
[w8:qr:pro] Managed Turnstile token (len=816, 4166ms, remount)
[w8:qr:pro] [api] 200 mode=pro startsWith=palaeog
[w8:qr:pro] [api] 200 mode=pro startsWith=palaeog (425ms direct)
[w8:qr:pro] "palaeog" → 26 records, 26 words
[w8:qr:pro] "palaeog" branch complete
[w8:qr:pro] Saved 30,308 worker words
[w8:qr:pro] Searching "palaeoh" | queue=7 | words=30308
[w8:qr:pro] Pacing 16s before "palaeoh" (gap=15500ms)
[w8:qr:pro] Managed Turnstile token (len=816, 3645ms, remount)
[w8:qr:pro] [api] 200 mode=pro startsWith=palaeoh
[w8:qr:pro] [api] 200 mode=pro startsWith=palaeoh (512ms direct)
[w8:qr:pro] "palaeoh" → 9 records, 9 words
[w8:qr:pro] "palaeoh" branch complete
[w8:qr:pro] Saved 30,317 worker words
[w8:qr:pro] Searching "palaeoi" | queue=6 | words=30317
[w8:qr:pro] Pacing 15s before "palaeoi" (gap=15500ms)
[w8:qr:pro] Managed Turnstile token (len=816, 3541ms, remount)
[w8:qr:pro] heartbeat words=30317 queue=6 rotation=0 idle=13s
[w8:qr:pro] [api] 200 mode=pro startsWith=palaeoi
[w8:qr:pro] [api] 200 mode=pro startsWith=palaeoi (435ms direct)
[w8:qr:pro] "palaeoi" → 2 records, 2 words
[w8:qr:pro] "palaeoi" branch complete
[w8:qr:pro] Saved 30,319 worker words
[w8:qr:pro] Searching "palaeoj" | queue=5 | words=30319
[w8:qr:pro] Pacing 16s before "palaeoj" (gap=15500ms)
[w8:qr:pro] Managed Turnstile token (len=816, 4252ms, remount)
[w8:qr:pro] [api] 200 mode=pro startsWith=palaeoj
[w8:qr:pro] [api] 200 mode=pro startsWith=palaeoj (426ms direct)
[w8:qr:pro] "palaeoj" → 0 records, 0 words
[w8:qr:pro] "palaeoj" branch complete
[w8:qr:pro] Saved 30,319 worker words
[w8:qr:pro] Searching "palaeok" | queue=4 | words=30319
[w8:qr:pro] Pacing 15s before "palaeok" (gap=15500ms)
[w8:qr:pro] Managed Turnstile token (len=816, 5842ms, remount)
[w8:qr:pro] [api] 200 mode=pro startsWith=palaeok
[w8:qr:pro] [api] 200 mode=pro startsWith=palaeok (438ms direct)
[w8:qr:pro] "palaeok" → 0 records, 0 words
[w8:qr:pro] "palaeok" branch complete
[w8:qr:pro] Saved 30,319 worker words
[w8:qr:pro] Searching "palaeol" | queue=3 | words=30319
[w8:qr:pro] Pacing 15s before "palaeol" (gap=15500ms)
[w8:qr:pro] Managed Turnstile token (len=816, 7170ms, remount)
[w8:qr:pro] [api] 200 mode=pro startsWith=palaeol
[w8:qr:pro] [api] 200 mode=pro startsWith=palaeol (433ms direct)
[w8:qr:pro] "palaeol" → 13 records, 13 words
[w8:qr:pro] "palaeol" branch complete
[w8:qr:pro] Saved 30,332 worker words; shared last.txt now 410,838
[w8:qr:pro] Searching "palaeom" | queue=2 | words=30332
[w8:qr:pro] Pacing 15s before "palaeom" (gap=15500ms)
[w8:qr:pro] Managed Turnstile token (len=816, 6942ms, remount)
[w8:qr:pro] heartbeat words=30332 queue=2 rotation=0 idle=10s
[w8:qr:pro] [api] 200 mode=pro startsWith=palaeom
[w8:qr:pro] [api] 200 mode=pro startsWith=palaeom (422ms direct)
[w8:qr:pro] "palaeom" → 9 records, 9 words
[w8:qr:pro] "palaeom" branch complete
[w8:qr:pro] Saved 30,335 worker words
[w8:qr:pro] Searching "palaeoz" | queue=1 | words=30335
[w8:qr:pro] Pacing 15s before "palaeoz" (gap=15500ms)
[w8:qr:pro] Managed Turnstile token (len=816, 6444ms, remount)
[w8:qr:pro] [api] 200 mode=pro startsWith=palaeoz
[w8:qr:pro] [api] 200 mode=pro startsWith=palaeoz (453ms direct)
[w8:qr:pro] "palaeoz" → 9 records, 9 words
[w8:qr:pro] "palaeoz" branch complete
[w8:qr:pro] Saved 30,335 worker words
[w8:qr:pro] Searching "phylloz" | queue=0 | words=30335
[w8:qr:pro] Pacing 15s before "phylloz" (gap=15500ms)
[w8:qr:pro] Managed Turnstile token (len=816, 6183ms, remount)
[w8:qr:pro] [api] 200 mode=pro startsWith=phylloz
[w8:qr:pro] [api] 200 mode=pro startsWith=phylloz (632ms direct)
[w8:qr:pro] "phylloz" → 1 records, 1 words
[w8:qr:pro] "phylloz" branch complete
[w8:qr:pro] Saved 30,335 worker words
[w8:qr:pro] Saved 30,335 worker words
[w8:qr:pro] Worker done. prefixes=4200 words=30335
[w8:qr:pro] Managed Turnstile miss (608ms)
[w8:qr:pro] Tor exited code=0
